schema_version,run_id,dataset,requested_average_firing_partition,actual_average_firing_partition,requested_firing_rate_hz,actual_firing_rate_hz,n_active_per_step,spike_seed,repeat,timestep,update_phase_elapsed_us,current_phase_elapsed_us
5,20260825T093704Z,mice_column_v1,0.01,0.009961593855016803,10.0,9.961593855016803,83,42,0,0,297.91998863220215,54.336000233888626
5,20260825T093704Z,mice_column_v1,0.01,0.009961593855016803,10.0,9.961593855016803,83,42,0,1,139.90400731563568,26.944000273942947
5,20260825T093704Z,mice_column_v1,0.01,0.009961593855016803,10.0,9.961593855016803,83,42,0,2,126.94400548934937,24.768000468611717
5,20260825T093704Z,mice_column_v1,0.01,0.009961593855016803,10.0,9.961593855016803,83,42,0,3,124.51200187206268,24.351999163627625
5,20260825T093704Z,mice_column_v1,0.01,0.009961593855016803,10.0,9.961593855016803,83,42,0,4,124.51200187206268,24.992000311613083
5,20260825T093704Z,mice_column_v1,0.01,0.009961593855016803,10.0,9.961593855016803,83,42,0,5,122.17599898576736,24.064000695943832
5,20260825T093704Z,mice_column_v1,0.01,0.009961593855016803,10.0,9.961593855016803,83,42,0,6,123.64800274372101,24.159999564290047
5,20260825T093704Z,mice_column_v1,0.01,0.009961593855016803,10.0,9.961593855016803,83,42,0,7,120.25599926710129,23.744000121951103
5,20260825T093704Z,mice_column_v1,0.01,0.009961593855016803,10.0,9.961593855016803,83,42,0,8,119.10399794578552,23.520000278949738
5,20260825T093704Z,mice_column_v1,0.01,0.009961593855016803,10.0,9.961593855016803,83,42,0,9,119.07199770212173,24.224000051617622
5,20260825T093704Z,mice_column_v1,0.01,0.009961593855016803,10.0,9.961593855016803,83,42,0,10,120.44800072908401,24.992000311613083
5,20260825T093704Z,mice_column_v1,0.01,0.009961593855016803,10.0,9.961593855016803,83,42,0,11,121.88799679279327,24.288000538945198
5,20260825T093704Z,mice_column_v1,0.01,0.009961593855016803,10.0,9.961593855016803,83,42,0,12,119.55200135707855,34.20799970626831
5,20260825T093704Z,mice_column_v1,0.01,0.009961593855016803,10.0,9.961593855016803,83,42,0,13,121.40800058841705,23.296000435948372
5,20260825T093704Z,mice_column_v1,0.01,0.009961593855016803,10.0,9.961593855016803,83,42,0,14,119.19999867677689,23.16799946129322
5,20260825T093704Z,mice_column_v1,0.01,0.009961593855016803,10.0,9.961593855016803,83,42,0,15,119.64800208806992,23.296000435948372
5,20260825T093704Z,mice_column_v1,0.01,0.009961593855016803,10.0,9.961593855016803,83,42,0,16,118.65600198507309,22.655999287962914
5,20260825T093704Z,mice_column_v1,0.01,0.009961593855016803,10.0,9.961593855016803,83,42,0,17,122.6240023970604,23.455999791622162
5,20260825T093704Z,mice_column_v1,0.01,0.009961593855016803,10.0,9.961593855016803,83,42,0,18,118.65600198507309,25.82399919629097
5,20260825T093704Z,mice_column_v1,0.01,0.009961593855016803,10.0,9.961593855016803,83,42,0,19,119.13599818944931,23.135999217629433
5,20260825T093704Z,mice_column_v1,0.01,0.009961593855016803,10.0,9.961593855016803,83,42,0,20,119.00799721479416,22.71999977529049
5,20260825T093704Z,mice_column_v1,0.01,0.009961593855016803,10.0,9.961593855016803,83,42,0,21,118.40000003576279,23.104000836610794
5,20260825T093704Z,mice_column_v1,0.01,0.009961593855016803,10.0,9.961593855016803,83,42,0,22,118.46400052309036,22.36800082027912
5,20260825T093704Z,mice_column_v1,0.01,0.009961593855016803,10.0,9.961593855016803,83,42,0,23,118.72000247240067,22.655999287962914
5,20260825T093704Z,mice_column_v1,0.01,0.009961593855016803,10.0,9.961593855016803,83,42,0,24,117.37599968910217,23.296000435948372
5,20260825T093704Z,mice_column_v1,0.01,0.009961593855016803,10.0,9.961593855016803,83,42,0,25,122.20799922943115,22.84800074994564
5,20260825T093704Z,mice_column_v1,0.01,0.009961593855016803,10.0,9.961593855016803,83,42,0,26,119.10399794578552,22.36800082027912
5,20260825T093704Z,mice_column_v1,0.01,0.009961593855016803,10.0,9.961593855016803,83,42,0,27,123.26399981975555,23.19999970495701
5,20260825T093704Z,mice_column_v1,0.01,0.009961593855016803,10.0,9.961593855016803,83,42,0,28,119.03999745845795,22.975999861955643
5,20260825T093704Z,mice_column_v1,0.01,0.009961593855016803,10.0,9.961593855016803,83,42,0,29,118.75200271606445,22.08000048995018
5,20260825T093704Z,mice_column_v1,0.01,0.009961593855016803,10.0,9.961593855016803,83,42,0,30,118.04799735546112,22.784000262618065
5,20260825T093704Z,mice_column_v1,0.01,0.009961593855016803,10.0,9.961593855016803,83,42,0,31,123.83999675512314,23.16799946129322
5,20260825T093704Z,mice_column_v1,0.01,0.009961593855016803,10.0,9.961593855016803,83,42,0,32,118.367999792099,23.00800010561943
5,20260825T093704Z,mice_column_v1,0.01,0.009961593855016803,10.0,9.961593855016803,83,42,0,33,117.85600334405899,22.624000906944275
5,20260825T093704Z,mice_column_v1,0.01,0.009961593855016803,10.0,9.961593855016803,83,42,0,34,118.49600076675415,22.175999358296394
5,20260825T093704Z,mice_column_v1,0.01,0.009961593855016803,10.0,9.961593855016803,83,42,0,35,117.95199662446976,22.6879995316267
5,20260825T093704Z,mice_column_v1,0.01,0.009961593855016803,10.0,9.961593855016803,83,42,0,36,119.10399794578552,23.00800010561943
5,20260825T093704Z,mice_column_v1,0.01,0.009961593855016803,10.0,9.961593855016803,83,42,0,37,122.04799801111221,23.584000766277313
5,20260825T093704Z,mice_column_v1,0.01,0.009961593855016803,10.0,9.961593855016803,83,42,0,38,119.1679984331131,22.752000018954277
5,20260825T093704Z,mice_column_v1,0.01,0.009961593855016803,10.0,9.961593855016803,83,42,0,39,118.1119978427887,22.752000018954277
5,20260825T093704Z,mice_column_v1,0.01,0.009961593855016803,10.0,9.961593855016803,83,42,0,40,118.367999792099,22.463999688625336
5,20260825T093704Z,mice_column_v1,0.01,0.009961593855016803,10.0,9.961593855016803,83,42,0,41,118.56000125408173,22.207999601960182
5,20260825T093704Z,mice_column_v1,0.01,0.009961593855016803,10.0,9.961593855016803,83,42,0,42,117.37599968910217,22.624000906944275
5,20260825T093704Z,mice_column_v1,0.01,0.009961593855016803,10.0,9.961593855016803,83,42,0,43,117.5680011510849,28.9280004799366
5,20260825T093704Z,mice_column_v1,0.01,0.009961593855016803,10.0,9.961593855016803,83,42,0,44,119.35999989509583,22.87999913096428
5,20260825T093704Z,mice_column_v1,0.01,0.009961593855016803,10.0,9.961593855016803,83,42,0,45,118.78400295972824,22.39999920129776
5,20260825T093704Z,mice_column_v1,0.01,0.009961593855016803,10.0,9.961593855016803,83,42,0,46,118.04799735546112,22.752000018954277
5,20260825T093704Z,mice_column_v1,0.01,0.009961593855016803,10.0,9.961593855016803,83,42,0,47,118.52800101041794,23.16799946129322
5,20260825T093704Z,mice_column_v1,0.01,0.009961593855016803,10.0,9.961593855016803,83,42,0,48,117.72800236940384,22.23999984562397
5,20260825T093704Z,mice_column_v1,0.01,0.009961593855016803,10.0,9.961593855016803,83,42,0,49,118.17599833011627,22.624000906944275
5,20260825T093704Z,mice_column_v1,0.01,0.009961593855016803,10.0,9.961593855016803,83,42,0,50,121.95199728012085,23.00800010561943
5,20260825T093704Z,mice_column_v1,0.01,0.009961593855016803,10.0,9.961593855016803,83,42,0,51,119.00799721479416,22.495999932289124
5,20260825T093704Z,mice_column_v1,0.01,0.009961593855016803,10.0,9.961593855016803,83,42,0,52,118.07999759912491,22.816000506281853
5,20260825T093704Z,mice_column_v1,0.01,0.009961593855016803,10.0,9.961593855016803,83,42,0,53,118.1119978427887,22.84800074994564
5,20260825T093704Z,mice_column_v1,0.01,0.009961593855016803,10.0,9.961593855016803,83,42,0,54,117.47200042009354,23.391999304294586
5,20260825T093704Z,mice_column_v1,0.01,0.009961593855016803,10.0,9.961593855016803,83,42,0,55,118.43200027942657,22.655999287962914
5,20260825T093704Z,mice_column_v1,0.01,0.009961593855016803,10.0,9.961593855016803,83,42,0,56,148.60799908638,23.615999147295952
5,20260825T093704Z,mice_column_v1,0.01,0.009961593855016803,10.0,9.961593855016803,83,42,0,57,120.06399780511856,23.584000766277313
5,20260825T093704Z,mice_column_v1,0.01,0.009961593855016803,10.0,9.961593855016803,83,42,0,58,118.6240017414093,22.84800074994564
5,20260825T093704Z,mice_column_v1,0.01,0.009961593855016803,10.0,9.961593855016803,83,42,0,59,117.85600334405899,23.16799946129322
5,20260825T093704Z,mice_column_v1,0.01,0.009961593855016803,10.0,9.961593855016803,83,42,0,60,118.40000003576279,22.943999618291855
5,20260825T093704Z,mice_column_v1,0.01,0.009961593855016803,10.0,9.961593855016803,83,42,0,61,116.92799627780914,23.16799946129322
5,20260825T093704Z,mice_column_v1,0.01,0.009961593855016803,10.0,9.961593855016803,83,42,0,62,121.66400253772736,22.975999861955643
5,20260825T093704Z,mice_column_v1,0.01,0.009961593855016803,10.0,9.961593855016803,83,42,0,63,117.91999638080597,22.943999618291855
5,20260825T093704Z,mice_column_v1,0.01,0.009961593855016803,10.0,9.961593855016803,83,42,0,64,118.72000247240067,22.87999913096428
5,20260825T093704Z,mice_column_v1,0.01,0.009961593855016803,10.0,9.961593855016803,83,42,0,65,118.94399672746658,22.592000663280487
5,20260825T093704Z,mice_column_v1,0.01,0.009961593855016803,10.0,9.961593855016803,83,42,0,66,118.07999759912491,23.19999970495701
5,20260825T093704Z,mice_column_v1,0.01,0.009961593855016803,10.0,9.961593855016803,83,42,0,67,117.66400188207626,22.975999861955643
5,20260825T093704Z,mice_column_v1,0.01,0.009961593855016803,10.0,9.961593855016803,83,42,0,68,121.37600034475327,22.463999688625336
5,20260825T093704Z,mice_column_v1,0.01,0.009961593855016803,10.0,9.961593855016803,83,42,0,69,117.85600334405899,23.264000192284584
5,20260825T093704Z,mice_column_v1,0.01,0.009961593855016803,10.0,9.961593855016803,83,42,0,70,117.5680011510849,22.016000002622604
5,20260825T093704Z,mice_column_v1,0.01,0.009961593855016803,10.0,9.961593855016803,83,42,0,71,116.7680025100708,22.943999618291855
5,20260825T093704Z,mice_column_v1,0.01,0.009961593855016803,10.0,9.961593855016803,83,42,0,72,117.50400066375732,22.431999444961548
5,20260825T093704Z,mice_column_v1,0.01,0.009961593855016803,10.0,9.961593855016803,83,42,0,73,117.53600090742111,23.231999948620796
5,20260825T093704Z,mice_column_v1,0.01,0.009961593855016803,10.0,9.961593855016803,83,42,0,74,117.24799871444702,24.800000712275505
5,20260825T093704Z,mice_column_v1,0.01,0.009961593855016803,10.0,9.961593855016803,83,42,0,75,118.20799857378006,22.6879995316267
5,20260825T093704Z,mice_column_v1,0.01,0.009961593855016803,10.0,9.961593855016803,83,42,0,76,117.3119992017746,22.592000663280487
5,20260825T093704Z,mice_column_v1,0.01,0.009961593855016803,10.0,9.961593855016803,83,42,0,77,117.34399944543839,22.048000246286392
5,20260825T093704Z,mice_column_v1,0.01,0.009961593855016803,10.0,9.961593855016803,83,42,0,78,117.08799749612808,22.592000663280487
5,20260825T093704Z,mice_column_v1,0.01,0.009961593855016803,10.0,9.961593855016803,83,42,0,79,116.95999652147293,22.911999374628067
5,20260825T093704Z,mice_column_v1,0.01,0.009961593855016803,10.0,9.961593855016803,83,42,0,80,117.50400066375732,22.495999932289124
5,20260825T093704Z,mice_column_v1,0.01,0.009961593855016803,10.0,9.961593855016803,83,42,0,81,123.16799908876419,22.784000262618065
5,20260825T093704Z,mice_column_v1,0.01,0.009961593855016803,10.0,9.961593855016803,83,42,0,82,120.09599804878235,22.784000262618065
5,20260825T093704Z,mice_column_v1,0.01,0.009961593855016803,10.0,9.961593855016803,83,42,0,83,118.56000125408173,22.304000332951546
5,20260825T093704Z,mice_column_v1,0.01,0.009961593855016803,10.0,9.961593855016803,83,42,0,84,117.37599968910217,22.87999913096428
5,20260825T093704Z,mice_column_v1,0.01,0.009961593855016803,10.0,9.961593855016803,83,42,0,85,124.28800016641617,23.04000034928322
5,20260825T093704Z,mice_column_v1,0.01,0.009961593855016803,10.0,9.961593855016803,83,42,0,86,118.01599711179733,22.84800074994564
5,20260825T093704Z,mice_column_v1,0.01,0.009961593855016803,10.0,9.961593855016803,83,42,0,87,122.27199971675873,22.495999932289124
5,20260825T093704Z,mice_column_v1,0.01,0.009961593855016803,10.0,9.961593855016803,83,42,0,88,117.8240031003952,22.655999287962914
5,20260825T093704Z,mice_column_v1,0.01,0.009961593855016803,10.0,9.961593855016803,83,42,0,89,117.24799871444702,22.624000906944275
5,20260825T093704Z,mice_column_v1,0.01,0.009961593855016803,10.0,9.961593855016803,83,42,0,90,118.14399808645248,22.304000332951546
5,20260825T093704Z,mice_column_v1,0.01,0.009961593855016803,10.0,9.961593855016803,83,42,0,91,117.47200042009354,22.816000506281853
5,20260825T093704Z,mice_column_v1,0.01,0.009961593855016803,10.0,9.961593855016803,83,42,0,92,117.50400066375732,22.87999913096428
5,20260825T093704Z,mice_column_v1,0.01,0.009961593855016803,10.0,9.961593855016803,83,42,0,93,121.11999839544296,22.752000018954277
5,20260825T093704Z,mice_column_v1,0.01,0.009961593855016803,10.0,9.961593855016803,83,42,0,94,117.27999895811081,22.36800082027912
5,20260825T093704Z,mice_column_v1,0.01,0.009961593855016803,10.0,9.961593855016803,83,42,0,95,117.72800236940384,22.52800017595291
5,20260825T093704Z,mice_column_v1,0.01,0.009961593855016803,10.0,9.961593855016803,83,42,0,96,117.15199798345566,22.71999977529049
5,20260825T093704Z,mice_column_v1,0.01,0.009961593855016803,10.0,9.961593855016803,83,42,0,97,117.76000261306763,22.592000663280487
5,20260825T093704Z,mice_column_v1,0.01,0.009961593855016803,10.0,9.961593855016803,83,42,0,98,117.0559972524643,23.04000034928322
5,20260825T093704Z,mice_column_v1,0.01,0.009961593855016803,10.0,9.961593855016803,83,42,0,99,118.33599954843521,24.831999093294144
5,20260825T093704Z,mice_column_v1,0.01,0.009961593855016803,10.0,9.961593855016803,83,42,0,100,117.79200285673141,22.752000018954277
5,20260825T093704Z,mice_column_v1,0.01,0.009961593855016803,10.0,9.961593855016803,83,42,0,101,117.98399686813354,22.592000663280487
5,20260825T093704Z,mice_column_v1,0.01,0.009961593855016803,10.0,9.961593855016803,83,42,0,102,117.0559972524643,21.888000890612602
5,20260825T093704Z,mice_column_v1,0.01,0.009961593855016803,10.0,9.961593855016803,83,42,0,103,117.47200042009354,22.816000506281853
5,20260825T093704Z,mice_column_v1,0.01,0.009961593855016803,10.0,9.961593855016803,83,42,0,104,117.34399944543839,22.336000576615334
5,20260825T093704Z,mice_column_v1,0.01,0.009961593855016803,10.0,9.961593855016803,83,42,0,105,118.46400052309036,22.6879995316267
5,20260825T093704Z,mice_column_v1,0.01,0.009961593855016803,10.0,9.961593855016803,83,42,0,106,120.89599668979645,22.784000262618065
5,20260825T093704Z,mice_column_v1,0.01,0.009961593855016803,10.0,9.961593855016803,83,42,0,107,117.15199798345566,22.655999287962914
5,20260825T093704Z,mice_column_v1,0.01,0.009961593855016803,10.0,9.961593855016803,83,42,0,108,117.76000261306763,23.104000836610794
5,20260825T093704Z,mice_column_v1,0.01,0.009961593855016803,10.0,9.961593855016803,83,42,0,109,117.72800236940384,22.816000506281853
5,20260825T093704Z,mice_column_v1,0.01,0.009961593855016803,10.0,9.961593855016803,83,42,0,110,117.72800236940384,22.495999932289124
5,20260825T093704Z,mice_column_v1,0.01,0.009961593855016803,10.0,9.961593855016803,83,42,0,111,117.24799871444702,22.6879995316267
5,20260825T093704Z,mice_column_v1,0.01,0.009961593855016803,10.0,9.961593855016803,83,42,0,112,121.69600278139114,22.6879995316267
5,20260825T093704Z,mice_column_v1,0.01,0.009961593855016803,10.0,9.961593855016803,83,42,0,113,118.40000003576279,22.304000332951546
5,20260825T093704Z,mice_column_v1,0.01,0.009961593855016803,10.0,9.961593855016803,83,42,0,114,117.47200042009354,28.16000021994114
5,20260825T093704Z,mice_column_v1,0.01,0.009961593855016803,10.0,9.961593855016803,83,42,0,115,117.60000139474869,23.744000121951103
5,20260825T093704Z,mice_column_v1,0.01,0.009961593855016803,10.0,9.961593855016803,83,42,0,116,118.56000125408173,22.592000663280487
5,20260825T093704Z,mice_column_v1,0.01,0.009961593855016803,10.0,9.961593855016803,83,42,0,117,118.14399808645248,22.975999861955643
5,20260825T093704Z,mice_column_v1,0.01,0.009961593855016803,10.0,9.961593855016803,83,42,0,118,122.43200093507767,22.52800017595291
5,20260825T093704Z,mice_column_v1,0.01,0.009961593855016803,10.0,9.961593855016803,83,42,0,119,117.69600212574005,23.00800010561943
5,20260825T093704Z,mice_column_v1,0.01,0.009961593855016803,10.0,9.961593855016803,83,42,0,120,118.14399808645248,23.072000592947006
5,20260825T093704Z,mice_column_v1,0.01,0.009961593855016803,10.0,9.961593855016803,83,42,0,121,118.01599711179733,23.360000923275948
5,20260825T093704Z,mice_column_v1,0.01,0.009961593855016803,10.0,9.961593855016803,83,42,0,122,117.47200042009354,23.231999948620796
5,20260825T093704Z,mice_column_v1,0.01,0.009961593855016803,10.0,9.961593855016803,83,42,0,123,117.34399944543839,23.231999948620796
5,20260825T093704Z,mice_column_v1,0.01,0.009961593855016803,10.0,9.961593855016803,83,42,0,124,117.27999895811081,22.911999374628067
5,20260825T093704Z,mice_column_v1,0.01,0.009961593855016803,10.0,9.961593855016803,83,42,0,125,119.19999867677689,22.624000906944275
5,20260825T093704Z,mice_column_v1,0.01,0.009961593855016803,10.0,9.961593855016803,83,42,0,126,118.59200149774551,22.592000663280487
5,20260825T093704Z,mice_column_v1,0.01,0.009961593855016803,10.0,9.961593855016803,83,42,0,127,117.95199662446976,22.272000089287758
5,20260825T093704Z,mice_column_v1,0.01,0.009961593855016803,10.0,9.961593855016803,83,42,1,0,299.8400032520294,69.34399902820587
5,20260825T093704Z,mice_column_v1,0.01,0.009961593855016803,10.0,9.961593855016803,83,42,1,1,136.99199259281158,26.87999978661537
5,20260825T093704Z,mice_column_v1,0.01,0.009961593855016803,10.0,9.961593855016803,83,42,1,2,128.76799702644348,29.440000653266907
5,20260825T093704Z,mice_column_v1,0.01,0.009961593855016803,10.0,9.961593855016803,83,42,1,3,124.4800016283989,23.903999477624893
5,20260825T093704Z,mice_column_v1,0.01,0.009961593855016803,10.0,9.961593855016803,83,42,1,4,123.55200201272964,24.25600029528141
5,20260825T093704Z,mice_column_v1,0.01,0.009961593855016803,10.0,9.961593855016803,83,42,1,5,129.2160004377365,25.536000728607178
5,20260825T093704Z,mice_column_v1,0.01,0.009961593855016803,10.0,9.961593855016803,83,42,1,6,121.0239976644516,23.520000278949738
5,20260825T093704Z,mice_column_v1,0.01,0.009961593855016803,10.0,9.961593855016803,83,42,1,7,120.31999975442886,23.455999791622162
5,20260825T093704Z,mice_column_v1,0.01,0.009961593855016803,10.0,9.961593855016803,83,42,1,8,119.29599940776825,23.072000592947006
5,20260825T093704Z,mice_column_v1,0.01,0.009961593855016803,10.0,9.961593855016803,83,42,1,9,119.80800330638885,23.16799946129322
5,20260825T093704Z,mice_column_v1,0.01,0.009961593855016803,10.0,9.961593855016803,83,42,1,10,121.18399888277054,23.231999948620796
5,20260825T093704Z,mice_column_v1,0.01,0.009961593855016803,10.0,9.961593855016803,83,42,1,11,124.60800260305405,23.296000435948372
5,20260825T093704Z,mice_column_v1,0.01,0.009961593855016803,10.0,9.961593855016803,83,42,1,12,121.76000326871872,24.191999807953835
5,20260825T093704Z,mice_column_v1,0.01,0.009961593855016803,10.0,9.961593855016803,83,42,1,13,120.60800194740295,23.615999147295952
5,20260825T093704Z,mice_column_v1,0.01,0.009961593855016803,10.0,9.961593855016803,83,42,1,14,119.71200257539749,22.784000262618065
5,20260825T093704Z,mice_column_v1,0.01,0.009961593855016803,10.0,9.961593855016803,83,42,1,15,117.85600334405899,22.87999913096428
5,20260825T093704Z,mice_column_v1,0.01,0.009961593855016803,10.0,9.961593855016803,83,42,1,16,118.56000125408173,22.71999977529049
5,20260825T093704Z,mice_column_v1,0.01,0.009961593855016803,10.0,9.961593855016803,83,42,1,17,123.64800274372101,22.752000018954277
5,20260825T093704Z,mice_column_v1,0.01,0.009961593855016803,10.0,9.961593855016803,83,42,1,18,121.08799815177917,24.639999493956566
5,20260825T093704Z,mice_column_v1,0.01,0.009961593855016803,10.0,9.961593855016803,83,42,1,19,119.74400281906128,22.52800017595291
5,20260825T093704Z,mice_column_v1,0.01,0.009961593855016803,10.0,9.961593855016803,83,42,1,20,117.88800358772278,22.71999977529049
5,20260825T093704Z,mice_column_v1,0.01,0.009961593855016803,10.0,9.961593855016803,83,42,1,21,118.56000125408173,22.84800074994564
5,20260825T093704Z,mice_column_v1,0.01,0.009961593855016803,10.0,9.961593855016803,83,42,1,22,118.46400052309036,28.12799997627735
5,20260825T093704Z,mice_column_v1,0.01,0.009961593855016803,10.0,9.961593855016803,83,42,1,23,138.62399756908417,23.32800067961216
5,20260825T093704Z,mice_column_v1,0.01,0.009961593855016803,10.0,9.961593855016803,83,42,1,24,121.47200107574463,24.480000138282776
5,20260825T093704Z,mice_column_v1,0.01,0.009961593855016803,10.0,9.961593855016803,83,42,1,25,120.38400024175644,22.784000262618065
5,20260825T093704Z,mice_column_v1,0.01,0.009961593855016803,10.0,9.961593855016803,83,42,1,26,118.43200027942657,22.5600004196167
5,20260825T093704Z,mice_column_v1,0.01,0.009961593855016803,10.0,9.961593855016803,83,42,1,27,119.58400160074234,22.23999984562397
5,20260825T093704Z,mice_column_v1,0.01,0.009961593855016803,10.0,9.961593855016803,83,42,1,28,118.30399930477142,22.592000663280487
5,20260825T093704Z,mice_column_v1,0.01,0.009961593855016803,10.0,9.961593855016803,83,42,1,29,123.90399724245071,22.71999977529049
5,20260825T093704Z,mice_column_v1,0.01,0.009961593855016803,10.0,9.961593855016803,83,42,1,30,118.59200149774551,22.23999984562397
5,20260825T093704Z,mice_column_v1,0.01,0.009961593855016803,10.0,9.961593855016803,83,42,1,31,120.09599804878235,23.93599972128868
5,20260825T093704Z,mice_column_v1,0.01,0.009961593855016803,10.0,9.961593855016803,83,42,1,32,118.65600198507309,22.655999287962914
5,20260825T093704Z,mice_column_v1,0.01,0.009961593855016803,10.0,9.961593855016803,83,42,1,33,117.76000261306763,22.592000663280487
5,20260825T093704Z,mice_column_v1,0.01,0.009961593855016803,10.0,9.961593855016803,83,42,1,34,117.72800236940384,22.911999374628067
5,20260825T093704Z,mice_column_v1,0.01,0.009961593855016803,10.0,9.961593855016803,83,42,1,35,121.79200351238251,22.784000262618065
5,20260825T093704Z,mice_column_v1,0.01,0.009961593855016803,10.0,9.961593855016803,83,42,1,36,117.88800358772278,23.16799946129322
5,20260825T093704Z,mice_column_v1,0.01,0.009961593855016803,10.0,9.961593855016803,83,42,1,37,122.01599776744843,23.77600036561489
5,20260825T093704Z,mice_column_v1,0.01,0.009961593855016803,10.0,9.961593855016803,83,42,1,38,118.46400052309036,22.911999374628067
5,20260825T093704Z,mice_column_v1,0.01,0.009961593855016803,10.0,9.961593855016803,83,42,1,39,118.97599697113037,22.336000576615334
5,20260825T093704Z,mice_column_v1,0.01,0.009961593855016803,10.0,9.961593855016803,83,42,1,40,117.76000261306763,22.943999618291855
5,20260825T093704Z,mice_column_v1,0.01,0.009961593855016803,10.0,9.961593855016803,83,42,1,41,118.43200027942657,25.50400048494339
5,20260825T093704Z,mice_column_v1,0.01,0.009961593855016803,10.0,9.961593855016803,83,42,1,42,119.1679984331131,22.463999688625336
5,20260825T093704Z,mice_column_v1,0.01,0.009961593855016803,10.0,9.961593855016803,83,42,1,43,118.94399672746658,22.87999913096428
5,20260825T093704Z,mice_column_v1,0.01,0.009961593855016803,10.0,9.961593855016803,83,42,1,44,120.09599804878235,24.383999407291412
5,20260825T093704Z,mice_column_v1,0.01,0.009961593855016803,10.0,9.961593855016803,83,42,1,45,119.00799721479416,22.463999688625336
5,20260825T093704Z,mice_column_v1,0.01,0.009961593855016803,10.0,9.961593855016803,83,42,1,46,118.52800101041794,22.463999688625336
5,20260825T093704Z,mice_column_v1,0.01,0.009961593855016803,10.0,9.961593855016803,83,42,1,47,117.72800236940384,22.816000506281853
5,20260825T093704Z,mice_column_v1,0.01,0.009961593855016803,10.0,9.961593855016803,83,42,1,48,119.4240003824234,23.264000192284584
5,20260825T093704Z,mice_column_v1,0.01,0.009961593855016803,10.0,9.961593855016803,83,42,1,49,118.367999792099,23.552000522613525
5,20260825T093704Z,mice_column_v1,0.01,0.009961593855016803,10.0,9.961593855016803,83,42,1,50,120.28799951076508,24.000000208616257
5,20260825T093704Z,mice_column_v1,0.01,0.009961593855016803,10.0,9.961593855016803,83,42,1,51,123.77600371837616,22.6879995316267
5,20260825T093704Z,mice_column_v1,0.01,0.009961593855016803,10.0,9.961593855016803,83,42,1,52,118.01599711179733,22.463999688625336
5,20260825T093704Z,mice_column_v1,0.01,0.009961593855016803,10.0,9.961593855016803,83,42,1,53,119.55200135707855,24.831999093294144
5,20260825T093704Z,mice_column_v1,0.01,0.009961593855016803,10.0,9.961593855016803,83,42,1,54,123.36000055074692,23.16799946129322
5,20260825T093704Z,mice_column_v1,0.01,0.009961593855016803,10.0,9.961593855016803,83,42,1,55,119.13599818944931,22.6879995316267
5,20260825T093704Z,mice_column_v1,0.01,0.009961593855016803,10.0,9.961593855016803,83,42,1,56,120.25599926710129,24.000000208616257
5,20260825T093704Z,mice_column_v1,0.01,0.009961593855016803,10.0,9.961593855016803,83,42,1,57,118.40000003576279,22.816000506281853
5,20260825T093704Z,mice_column_v1,0.01,0.009961593855016803,10.0,9.961593855016803,83,42,1,58,118.33599954843521,22.784000262618065
5,20260825T093704Z,mice_column_v1,0.01,0.009961593855016803,10.0,9.961593855016803,83,42,1,59,119.10399794578552,22.6879995316267
5,20260825T093704Z,mice_column_v1,0.01,0.009961593855016803,10.0,9.961593855016803,83,42,1,60,124.15999919176102,23.264000192284584
5,20260825T093704Z,mice_column_v1,0.01,0.009961593855016803,10.0,9.961593855016803,83,42,1,61,118.65600198507309,22.52800017595291
5,20260825T093704Z,mice_column_v1,0.01,0.009961593855016803,10.0,9.961593855016803,83,42,1,62,117.18399822711945,22.52800017595291
5,20260825T093704Z,mice_column_v1,0.01,0.009961593855016803,10.0,9.961593855016803,83,42,1,63,119.99999731779099,24.383999407291412
5,20260825T093704Z,mice_column_v1,0.01,0.009961593855016803,10.0,9.961593855016803,83,42,1,64,118.07999759912491,23.04000034928322
5,20260825T093704Z,mice_column_v1,0.01,0.009961593855016803,10.0,9.961593855016803,83,42,1,65,118.52800101041794,22.816000506281853
5,20260825T093704Z,mice_column_v1,0.01,0.009961593855016803,10.0,9.961593855016803,83,42,1,66,123.6800029873848,22.624000906944275
5,20260825T093704Z,mice_column_v1,0.01,0.009961593855016803,10.0,9.961593855016803,83,42,1,67,119.03999745845795,22.84800074994564
5,20260825T093704Z,mice_column_v1,0.01,0.009961593855016803,10.0,9.961593855016803,83,42,1,68,118.49600076675415,22.36800082027912
5,20260825T093704Z,mice_column_v1,0.01,0.009961593855016803,10.0,9.961593855016803,83,42,1,69,120.09599804878235,24.224000051617622
5,20260825T093704Z,mice_column_v1,0.01,0.009961593855016803,10.0,9.961593855016803,83,42,1,70,118.43200027942657,22.816000506281853
5,20260825T093704Z,mice_column_v1,0.01,0.009961593855016803,10.0,9.961593855016803,83,42,1,71,118.46400052309036,23.264000192284584
5,20260825T093704Z,mice_column_v1,0.01,0.009961593855016803,10.0,9.961593855016803,83,42,1,72,118.78400295972824,22.84800074994564
5,20260825T093704Z,mice_column_v1,0.01,0.009961593855016803,10.0,9.961593855016803,83,42,1,73,119.39200013875961,22.752000018954277
5,20260825T093704Z,mice_column_v1,0.01,0.009961593855016803,10.0,9.961593855016803,83,42,1,74,117.95199662446976,22.6879995316267
5,20260825T093704Z,mice_column_v1,0.01,0.009961593855016803,10.0,9.961593855016803,83,42,1,75,117.53600090742111,22.08000048995018
5,20260825T093704Z,mice_column_v1,0.01,0.009961593855016803,10.0,9.961593855016803,83,42,1,76,118.8800036907196,23.744000121951103
5,20260825T093704Z,mice_column_v1,0.01,0.009961593855016803,10.0,9.961593855016803,83,42,1,77,118.52800101041794,23.231999948620796
5,20260825T093704Z,mice_column_v1,0.01,0.009961593855016803,10.0,9.961593855016803,83,42,1,78,117.24799871444702,22.463999688625336
5,20260825T093704Z,mice_column_v1,0.01,0.009961593855016803,10.0,9.961593855016803,83,42,1,79,118.65600198507309,22.431999444961548
5,20260825T093704Z,mice_column_v1,0.01,0.009961593855016803,10.0,9.961593855016803,83,42,1,80,124.12799894809723,22.463999688625336
5,20260825T093704Z,mice_column_v1,0.01,0.009961593855016803,10.0,9.961593855016803,83,42,1,81,117.98399686813354,22.975999861955643
5,20260825T093704Z,mice_column_v1,0.01,0.009961593855016803,10.0,9.961593855016803,83,42,1,82,119.77600306272507,23.840000852942467
5,20260825T093704Z,mice_column_v1,0.01,0.009961593855016803,10.0,9.961593855016803,83,42,1,83,118.33599954843521,22.207999601960182
5,20260825T093704Z,mice_column_v1,0.01,0.009961593855016803,10.0,9.961593855016803,83,42,1,84,117.34399944543839,22.272000089287758
5,20260825T093704Z,mice_column_v1,0.01,0.009961593855016803,10.0,9.961593855016803,83,42,1,85,120.4800009727478,22.336000576615334
5,20260825T093704Z,mice_column_v1,0.01,0.009961593855016803,10.0,9.961593855016803,83,42,1,86,118.07999759912491,22.752000018954277
5,20260825T093704Z,mice_column_v1,0.01,0.009961593855016803,10.0,9.961593855016803,83,42,1,87,118.01599711179733,22.752000018954277
5,20260825T093704Z,mice_column_v1,0.01,0.009961593855016803,10.0,9.961593855016803,83,42,1,88,118.84800344705582,24.09599907696247
5,20260825T093704Z,mice_column_v1,0.01,0.009961593855016803,10.0,9.961593855016803,83,42,1,89,118.56000125408173,23.19999970495701
5,20260825T093704Z,mice_column_v1,0.01,0.009961593855016803,10.0,9.961593855016803,83,42,1,90,117.66400188207626,22.84800074994564
5,20260825T093704Z,mice_column_v1,0.01,0.009961593855016803,10.0,9.961593855016803,83,42,1,91,119.77600306272507,22.624000906944275
5,20260825T093704Z,mice_column_v1,0.01,0.009961593855016803,10.0,9.961593855016803,83,42,1,92,117.5680011510849,22.592000663280487
5,20260825T093704Z,mice_column_v1,0.01,0.009961593855016803,10.0,9.961593855016803,83,42,1,93,117.63200163841248,22.495999932289124
5,20260825T093704Z,mice_column_v1,0.01,0.009961593855016803,10.0,9.961593855016803,83,42,1,94,118.52800101041794,22.463999688625336
5,20260825T093704Z,mice_column_v1,0.01,0.009961593855016803,10.0,9.961593855016803,83,42,1,95,122.43200093507767,23.679999634623528
5,20260825T093704Z,mice_column_v1,0.01,0.009961593855016803,10.0,9.961593855016803,83,42,1,96,117.0559972524643,22.911999374628067
5,20260825T093704Z,mice_column_v1,0.01,0.009961593855016803,10.0,9.961593855016803,83,42,1,97,121.37600034475327,22.655999287962914
5,20260825T093704Z,mice_column_v1,0.01,0.009961593855016803,10.0,9.961593855016803,83,42,1,98,118.07999759912491,22.592000663280487
5,20260825T093704Z,mice_column_v1,0.01,0.009961593855016803,10.0,9.961593855016803,83,42,1,99,118.40000003576279,23.391999304294586
5,20260825T093704Z,mice_column_v1,0.01,0.009961593855016803,10.0,9.961593855016803,83,42,1,100,118.97599697113037,22.752000018954277
5,20260825T093704Z,mice_column_v1,0.01,0.009961593855016803,10.0,9.961593855016803,83,42,1,101,120.19199877977371,23.48800003528595
5,20260825T093704Z,mice_column_v1,0.01,0.009961593855016803,10.0,9.961593855016803,83,42,1,102,118.78400295972824,22.6879995316267
5,20260825T093704Z,mice_column_v1,0.01,0.009961593855016803,10.0,9.961593855016803,83,42,1,103,117.85600334405899,25.18399991095066
5,20260825T093704Z,mice_column_v1,0.01,0.009961593855016803,10.0,9.961593855016803,83,42,1,104,118.40000003576279,24.25600029528141
5,20260825T093704Z,mice_column_v1,0.01,0.009961593855016803,10.0,9.961593855016803,83,42,1,105,118.94399672746658,22.943999618291855
5,20260825T093704Z,mice_column_v1,0.01,0.009961593855016803,10.0,9.961593855016803,83,42,1,106,117.24799871444702,22.943999618291855
5,20260825T093704Z,mice_column_v1,0.01,0.009961593855016803,10.0,9.961593855016803,83,42,1,107,117.98399686813354,23.231999948620796
5,20260825T093704Z,mice_column_v1,0.01,0.009961593855016803,10.0,9.961593855016803,83,42,1,108,119.4240003824234,24.032000452280045
5,20260825T093704Z,mice_column_v1,0.01,0.009961593855016803,10.0,9.961593855016803,83,42,1,109,117.50400066375732,23.00800010561943
5,20260825T093704Z,mice_column_v1,0.01,0.009961593855016803,10.0,9.961593855016803,83,42,1,110,121.08799815177917,22.6879995316267
5,20260825T093704Z,mice_column_v1,0.01,0.009961593855016803,10.0,9.961593855016803,83,42,1,111,118.14399808645248,22.112000733613968
5,20260825T093704Z,mice_column_v1,0.01,0.009961593855016803,10.0,9.961593855016803,83,42,1,112,117.79200285673141,22.431999444961548
5,20260825T093704Z,mice_column_v1,0.01,0.009961593855016803,10.0,9.961593855016803,83,42,1,113,117.18399822711945,22.911999374628067
5,20260825T093704Z,mice_column_v1,0.01,0.009961593855016803,10.0,9.961593855016803,83,42,1,114,118.56000125408173,24.320000782608986
5,20260825T093704Z,mice_column_v1,0.01,0.009961593855016803,10.0,9.961593855016803,83,42,1,115,117.60000139474869,23.16799946129322
5,20260825T093704Z,mice_column_v1,0.01,0.009961593855016803,10.0,9.961593855016803,83,42,1,116,120.44800072908401,22.752000018954277
5,20260825T093704Z,mice_column_v1,0.01,0.009961593855016803,10.0,9.961593855016803,83,42,1,117,117.50400066375732,22.943999618291855
5,20260825T093704Z,mice_column_v1,0.01,0.009961593855016803,10.0,9.961593855016803,83,42,1,118,116.89600348472595,22.304000332951546
5,20260825T093704Z,mice_column_v1,0.01,0.009961593855016803,10.0,9.961593855016803,83,42,1,119,117.53600090742111,23.296000435948372
5,20260825T093704Z,mice_column_v1,0.01,0.009961593855016803,10.0,9.961593855016803,83,42,1,120,119.03999745845795,24.4159996509552
5,20260825T093704Z,mice_column_v1,0.01,0.009961593855016803,10.0,9.961593855016803,83,42,1,121,117.5680011510849,22.911999374628067
5,20260825T093704Z,mice_column_v1,0.01,0.009961593855016803,10.0,9.961593855016803,83,42,1,122,122.78400361537933,22.23999984562397
5,20260825T093704Z,mice_column_v1,0.01,0.009961593855016803,10.0,9.961593855016803,83,42,1,123,118.33599954843521,22.84800074994564
5,20260825T093704Z,mice_column_v1,0.01,0.009961593855016803,10.0,9.961593855016803,83,42,1,124,124.25599992275238,22.943999618291855
5,20260825T093704Z,mice_column_v1,0.01,0.009961593855016803,10.0,9.961593855016803,83,42,1,125,117.72800236940384,23.072000592947006
5,20260825T093704Z,mice_column_v1,0.01,0.009961593855016803,10.0,9.961593855016803,83,42,1,126,118.23999881744385,22.752000018954277
5,20260825T093704Z,mice_column_v1,0.01,0.009961593855016803,10.0,9.961593855016803,83,42,1,127,118.56000125408173,22.975999861955643
5,20260825T093704Z,mice_column_v1,0.01,0.009961593855016803,10.0,9.961593855016803,83,42,2,0,276.6079902648926,46.39999940991402
5,20260825T093704Z,mice_column_v1,0.01,0.009961593855016803,10.0,9.961593855016803,83,42,2,1,134.0479999780655,25.599999353289604
5,20260825T093704Z,mice_column_v1,0.01,0.009961593855016803,10.0,9.961593855016803,83,42,2,2,126.91199779510498,24.191999807953835
5,20260825T093704Z,mice_column_v1,0.01,0.009961593855016803,10.0,9.961593855016803,83,42,2,3,123.58400225639343,23.64799939095974
5,20260825T093704Z,mice_column_v1,0.01,0.009961593855016803,10.0,9.961593855016803,83,42,2,4,129.43999469280243,24.032000452280045
5,20260825T093704Z,mice_column_v1,0.01,0.009961593855016803,10.0,9.961593855016803,83,42,2,5,122.3360002040863,23.903999477624893
5,20260825T093704Z,mice_column_v1,0.01,0.009961593855016803,10.0,9.961593855016803,83,42,2,6,121.50400131940842,23.423999547958374
5,20260825T093704Z,mice_column_v1,0.01,0.009961593855016803,10.0,9.961593855016803,83,42,2,7,121.24799937009811,23.296000435948372
5,20260825T093704Z,mice_column_v1,0.01,0.009961593855016803,10.0,9.961593855016803,83,42,2,8,121.76000326871872,23.80800060927868
5,20260825T093704Z,mice_column_v1,0.01,0.009961593855016803,10.0,9.961593855016803,83,42,2,9,119.77600306272507,23.615999147295952
5,20260825T093704Z,mice_column_v1,0.01,0.009961593855016803,10.0,9.961593855016803,83,42,2,10,131.77600502967834,23.296000435948372
5,20260825T093704Z,mice_column_v1,0.01,0.009961593855016803,10.0,9.961593855016803,83,42,2,11,119.93599683046341,23.391999304294586
5,20260825T093704Z,mice_column_v1,0.01,0.009961593855016803,10.0,9.961593855016803,83,42,2,12,117.40799993276596,23.80800060927868
5,20260825T093704Z,mice_column_v1,0.01,0.009961593855016803,10.0,9.961593855016803,83,42,2,13,119.93599683046341,22.911999374628067
5,20260825T093704Z,mice_column_v1,0.01,0.009961593855016803,10.0,9.961593855016803,83,42,2,14,119.29599940776825,22.52800017595291
5,20260825T093704Z,mice_column_v1,0.01,0.009961593855016803,10.0,9.961593855016803,83,42,2,15,118.04799735546112,22.336000576615334
5,20260825T093704Z,mice_column_v1,0.01,0.009961593855016803,10.0,9.961593855016803,83,42,2,16,121.72800302505493,26.847999542951584
5,20260825T093704Z,mice_column_v1,0.01,0.009961593855016803,10.0,9.961593855016803,83,42,2,17,120.2239990234375,22.87999913096428
5,20260825T093704Z,mice_column_v1,0.01,0.009961593855016803,10.0,9.961593855016803,83,42,2,18,119.29599940776825,23.072000592947006
5,20260825T093704Z,mice_column_v1,0.01,0.009961593855016803,10.0,9.961593855016803,83,42,2,19,118.72000247240067,22.84800074994564
5,20260825T093704Z,mice_column_v1,0.01,0.009961593855016803,10.0,9.961593855016803,83,42,2,20,119.10399794578552,22.71999977529049
5,20260825T093704Z,mice_column_v1,0.01,0.009961593855016803,10.0,9.961593855016803,83,42,2,21,118.17599833011627,22.431999444961548
5,20260825T093704Z,mice_column_v1,0.01,0.009961593855016803,10.0,9.961593855016803,83,42,2,22,118.68800222873688,22.624000906944275
5,20260825T093704Z,mice_column_v1,0.01,0.009961593855016803,10.0,9.961593855016803,83,42,2,23,125.91999769210815,22.592000663280487
5,20260825T093704Z,mice_column_v1,0.01,0.009961593855016803,10.0,9.961593855016803,83,42,2,24,119.99999731779099,23.264000192284584
5,20260825T093704Z,mice_column_v1,0.01,0.009961593855016803,10.0,9.961593855016803,83,42,2,25,119.39200013875961,22.592000663280487
5,20260825T093704Z,mice_column_v1,0.01,0.009961593855016803,10.0,9.961593855016803,83,42,2,26,118.75200271606445,22.495999932289124
5,20260825T093704Z,mice_column_v1,0.01,0.009961593855016803,10.0,9.961593855016803,83,42,2,27,119.29599940776825,22.655999287962914
5,20260825T093704Z,mice_column_v1,0.01,0.009961593855016803,10.0,9.961593855016803,83,42,2,28,118.78400295972824,22.943999618291855
5,20260825T093704Z,mice_column_v1,0.01,0.009961593855016803,10.0,9.961593855016803,83,42,2,29,121.63200229406357,22.71999977529049
5,20260825T093704Z,mice_column_v1,0.01,0.009961593855016803,10.0,9.961593855016803,83,42,2,30,119.48800086975098,22.816000506281853
5,20260825T093704Z,mice_column_v1,0.01,0.009961593855016803,10.0,9.961593855016803,83,42,2,31,118.84800344705582,23.264000192284584
5,20260825T093704Z,mice_column_v1,0.01,0.009961593855016803,10.0,9.961593855016803,83,42,2,32,119.03999745845795,23.104000836610794
5,20260825T093704Z,mice_column_v1,0.01,0.009961593855016803,10.0,9.961593855016803,83,42,2,33,118.23999881744385,22.816000506281853
5,20260825T093704Z,mice_column_v1,0.01,0.009961593855016803,10.0,9.961593855016803,83,42,2,34,118.30399930477142,22.336000576615334
5,20260825T093704Z,mice_column_v1,0.01,0.009961593855016803,10.0,9.961593855016803,83,42,2,35,121.40800058841705,22.6879995316267
5,20260825T093704Z,mice_column_v1,0.01,0.009961593855016803,10.0,9.961593855016803,83,42,2,36,118.46400052309036,22.752000018954277
5,20260825T093704Z,mice_column_v1,0.01,0.009961593855016803,10.0,9.961593855016803,83,42,2,37,118.59200149774551,23.584000766277313
5,20260825T093704Z,mice_column_v1,0.01,0.009961593855016803,10.0,9.961593855016803,83,42,2,38,117.88800358772278,22.431999444961548
5,20260825T093704Z,mice_column_v1,0.01,0.009961593855016803,10.0,9.961593855016803,83,42,2,39,120.60800194740295,22.84800074994564
5,20260825T093704Z,mice_column_v1,0.01,0.009961593855016803,10.0,9.961593855016803,83,42,2,40,117.50400066375732,22.784000262618065
5,20260825T093704Z,mice_column_v1,0.01,0.009961593855016803,10.0,9.961593855016803,83,42,2,41,117.60000139474869,22.943999618291855
5,20260825T093704Z,mice_column_v1,0.01,0.009961593855016803,10.0,9.961593855016803,83,42,2,42,119.19999867677689,22.84800074994564
5,20260825T093704Z,mice_column_v1,0.01,0.009961593855016803,10.0,9.961593855016803,83,42,2,43,117.37599968910217,22.5600004196167
5,20260825T093704Z,mice_column_v1,0.01,0.009961593855016803,10.0,9.961593855016803,83,42,2,44,118.17599833011627,22.336000576615334
5,20260825T093704Z,mice_column_v1,0.01,0.009961593855016803,10.0,9.961593855016803,83,42,2,45,117.95199662446976,22.23999984562397
5,20260825T093704Z,mice_column_v1,0.01,0.009961593855016803,10.0,9.961593855016803,83,42,2,46,118.04799735546112,22.36800082027912
5,20260825T093704Z,mice_column_v1,0.01,0.009961593855016803,10.0,9.961593855016803,83,42,2,47,119.45600062608719,22.39999920129776
5,20260825T093704Z,mice_column_v1,0.01,0.009961593855016803,10.0,9.961593855016803,83,42,2,48,118.27199906110764,22.336000576615334
5,20260825T093704Z,mice_column_v1,0.01,0.009961593855016803,10.0,9.961593855016803,83,42,2,49,117.40799993276596,22.592000663280487
5,20260825T093704Z,mice_column_v1,0.01,0.009961593855016803,10.0,9.961593855016803,83,42,2,50,118.46400052309036,22.5600004196167
5,20260825T093704Z,mice_column_v1,0.01,0.009961593855016803,10.0,9.961593855016803,83,42,2,51,118.17599833011627,22.495999932289124
5,20260825T093704Z,mice_column_v1,0.01,0.009961593855016803,10.0,9.961593855016803,83,42,2,52,118.04799735546112,22.84800074994564
5,20260825T093704Z,mice_column_v1,0.01,0.009961593855016803,10.0,9.961593855016803,83,42,2,53,118.59200149774551,22.592000663280487
5,20260825T093704Z,mice_column_v1,0.01,0.009961593855016803,10.0,9.961593855016803,83,42,2,54,127.29600071907043,22.39999920129776
5,20260825T093704Z,mice_column_v1,0.01,0.009961593855016803,10.0,9.961593855016803,83,42,2,55,118.33599954843521,22.5600004196167
5,20260825T093704Z,mice_column_v1,0.01,0.009961593855016803,10.0,9.961593855016803,83,42,2,56,117.37599968910217,22.495999932289124
5,20260825T093704Z,mice_column_v1,0.01,0.009961593855016803,10.0,9.961593855016803,83,42,2,57,119.74400281906128,23.135999217629433
5,20260825T093704Z,mice_column_v1,0.01,0.009961593855016803,10.0,9.961593855016803,83,42,2,58,118.52800101041794,22.52800017595291
5,20260825T093704Z,mice_column_v1,0.01,0.009961593855016803,10.0,9.961593855016803,83,42,2,59,118.23999881744385,22.784000262618065
5,20260825T093704Z,mice_column_v1,0.01,0.009961593855016803,10.0,9.961593855016803,83,42,2,60,122.52800166606903,22.5600004196167
5,20260825T093704Z,mice_column_v1,0.01,0.009961593855016803,10.0,9.961593855016803,83,42,2,61,118.6240017414093,22.336000576615334
5,20260825T093704Z,mice_column_v1,0.01,0.009961593855016803,10.0,9.961593855016803,83,42,2,62,118.33599954843521,22.71999977529049
5,20260825T093704Z,mice_column_v1,0.01,0.009961593855016803,10.0,9.961593855016803,83,42,2,63,118.27199906110764,22.752000018954277
5,20260825T093704Z,mice_column_v1,0.01,0.009961593855016803,10.0,9.961593855016803,83,42,2,64,117.60000139474869,22.816000506281853
5,20260825T093704Z,mice_column_v1,0.01,0.009961593855016803,10.0,9.961593855016803,83,42,2,65,117.27999895811081,22.52800017595291
5,20260825T093704Z,mice_column_v1,0.01,0.009961593855016803,10.0,9.961593855016803,83,42,2,66,123.6800029873848,22.431999444961548
5,20260825T093704Z,mice_column_v1,0.01,0.009961593855016803,10.0,9.961593855016803,83,42,2,67,119.10399794578552,22.816000506281853
5,20260825T093704Z,mice_column_v1,0.01,0.009961593855016803,10.0,9.961593855016803,83,42,2,68,118.40000003576279,22.52800017595291
5,20260825T093704Z,mice_column_v1,0.01,0.009961593855016803,10.0,9.961593855016803,83,42,2,69,119.80800330638885,23.264000192284584
5,20260825T093704Z,mice_column_v1,0.01,0.009961593855016803,10.0,9.961593855016803,83,42,2,70,119.61600184440613,23.00800010561943
5,20260825T093704Z,mice_column_v1,0.01,0.009961593855016803,10.0,9.961593855016803,83,42,2,71,118.78400295972824,23.584000766277313
5,20260825T093704Z,mice_column_v1,0.01,0.009961593855016803,10.0,9.961593855016803,83,42,2,72,118.20799857378006,24.831999093294144
5,20260825T093704Z,mice_column_v1,0.01,0.009961593855016803,10.0,9.961593855016803,83,42,2,73,118.8800036907196,22.943999618291855
5,20260825T093704Z,mice_column_v1,0.01,0.009961593855016803,10.0,9.961593855016803,83,42,2,74,118.01599711179733,22.336000576615334
5,20260825T093704Z,mice_column_v1,0.01,0.009961593855016803,10.0,9.961593855016803,83,42,2,75,118.23999881744385,22.52800017595291
5,20260825T093704Z,mice_column_v1,0.01,0.009961593855016803,10.0,9.961593855016803,83,42,2,76,118.78400295972824,22.016000002622604
5,20260825T093704Z,mice_column_v1,0.01,0.009961593855016803,10.0,9.961593855016803,83,42,2,77,118.14399808645248,22.71999977529049
5,20260825T093704Z,mice_column_v1,0.01,0.009961593855016803,10.0,9.961593855016803,83,42,2,78,118.68800222873688,22.6879995316267
5,20260825T093704Z,mice_column_v1,0.01,0.009961593855016803,10.0,9.961593855016803,83,42,2,79,121.56800180673599,23.32800067961216
5,20260825T093704Z,mice_column_v1,0.01,0.009961593855016803,10.0,9.961593855016803,83,42,2,80,118.9119964838028,22.463999688625336
5,20260825T093704Z,mice_column_v1,0.01,0.009961593855016803,10.0,9.961593855016803,83,42,2,81,118.72000247240067,22.975999861955643
5,20260825T093704Z,mice_column_v1,0.01,0.009961593855016803,10.0,9.961593855016803,83,42,2,82,118.01599711179733,22.752000018954277
5,20260825T093704Z,mice_column_v1,0.01,0.009961593855016803,10.0,9.961593855016803,83,42,2,83,122.65600264072418,23.19999970495701
5,20260825T093704Z,mice_column_v1,0.01,0.009961593855016803,10.0,9.961593855016803,83,42,2,84,119.4240003824234,22.336000576615334
5,20260825T093704Z,mice_column_v1,0.01,0.009961593855016803,10.0,9.961593855016803,83,42,2,85,125.95200538635254,22.495999932289124
5,20260825T093704Z,mice_column_v1,0.01,0.009961593855016803,10.0,9.961593855016803,83,42,2,86,118.43200027942657,22.975999861955643
5,20260825T093704Z,mice_column_v1,0.01,0.009961593855016803,10.0,9.961593855016803,83,42,2,87,118.49600076675415,22.87999913096428
5,20260825T093704Z,mice_column_v1,0.01,0.009961593855016803,10.0,9.961593855016803,83,42,2,88,118.46400052309036,22.304000332951546
5,20260825T093704Z,mice_column_v1,0.01,0.009961593855016803,10.0,9.961593855016803,83,42,2,89,116.89600348472595,22.52800017595291
5,20260825T093704Z,mice_column_v1,0.01,0.009961593855016803,10.0,9.961593855016803,83,42,2,90,117.95199662446976,22.23999984562397
5,20260825T093704Z,mice_column_v1,0.01,0.009961593855016803,10.0,9.961593855016803,83,42,2,91,120.25599926710129,23.104000836610794
5,20260825T093704Z,mice_column_v1,0.01,0.009961593855016803,10.0,9.961593855016803,83,42,2,92,117.66400188207626,22.495999932289124
5,20260825T093704Z,mice_column_v1,0.01,0.009961593855016803,10.0,9.961593855016803,83,42,2,93,117.0239970088005,23.00800010561943
5,20260825T093704Z,mice_column_v1,0.01,0.009961593855016803,10.0,9.961593855016803,83,42,2,94,118.01599711179733,22.52800017595291
5,20260825T093704Z,mice_column_v1,0.01,0.009961593855016803,10.0,9.961593855016803,83,42,2,95,117.53600090742111,22.84800074994564
5,20260825T093704Z,mice_column_v1,0.01,0.009961593855016803,10.0,9.961593855016803,83,42,2,96,118.8800036907196,22.84800074994564
5,20260825T093704Z,mice_column_v1,0.01,0.009961593855016803,10.0,9.961593855016803,83,42,2,97,117.50400066375732,24.57600086927414
5,20260825T093704Z,mice_column_v1,0.01,0.009961593855016803,10.0,9.961593855016803,83,42,2,98,118.27199906110764,22.71999977529049
5,20260825T093704Z,mice_column_v1,0.01,0.009961593855016803,10.0,9.961593855016803,83,42,2,99,117.08799749612808,22.52800017595291
5,20260825T093704Z,mice_column_v1,0.01,0.009961593855016803,10.0,9.961593855016803,83,42,2,100,119.10399794578552,23.360000923275948
5,20260825T093704Z,mice_column_v1,0.01,0.009961593855016803,10.0,9.961593855016803,83,42,2,101,119.35999989509583,23.264000192284584
5,20260825T093704Z,mice_column_v1,0.01,0.009961593855016803,10.0,9.961593855016803,83,42,2,102,118.33599954843521,23.391999304294586
5,20260825T093704Z,mice_column_v1,0.01,0.009961593855016803,10.0,9.961593855016803,83,42,2,103,118.46400052309036,22.655999287962914
5,20260825T093704Z,mice_column_v1,0.01,0.009961593855016803,10.0,9.961593855016803,83,42,2,104,123.23199957609177,22.71999977529049
5,20260825T093704Z,mice_column_v1,0.01,0.009961593855016803,10.0,9.961593855016803,83,42,2,105,117.85600334405899,23.360000923275948
5,20260825T093704Z,mice_column_v1,0.01,0.009961593855016803,10.0,9.961593855016803,83,42,2,106,118.52800101041794,22.431999444961548
5,20260825T093704Z,mice_column_v1,0.01,0.009961593855016803,10.0,9.961593855016803,83,42,2,107,118.17599833011627,23.072000592947006
5,20260825T093704Z,mice_column_v1,0.01,0.009961593855016803,10.0,9.961593855016803,83,42,2,108,118.367999792099,23.072000592947006
5,20260825T093704Z,mice_column_v1,0.01,0.009961593855016803,10.0,9.961593855016803,83,42,2,109,119.55200135707855,22.463999688625336
5,20260825T093704Z,mice_column_v1,0.01,0.009961593855016803,10.0,9.961593855016803,83,42,2,110,120.80000340938568,23.32800067961216
5,20260825T093704Z,mice_column_v1,0.01,0.009961593855016803,10.0,9.961593855016803,83,42,2,111,117.53600090742111,22.784000262618065
5,20260825T093704Z,mice_column_v1,0.01,0.009961593855016803,10.0,9.961593855016803,83,42,2,112,118.367999792099,23.072000592947006
5,20260825T093704Z,mice_column_v1,0.01,0.009961593855016803,10.0,9.961593855016803,83,42,2,113,118.8800036907196,22.816000506281853
5,20260825T093704Z,mice_column_v1,0.01,0.009961593855016803,10.0,9.961593855016803,83,42,2,114,118.1119978427887,22.143999114632607
5,20260825T093704Z,mice_column_v1,0.01,0.009961593855016803,10.0,9.961593855016803,83,42,2,115,117.98399686813354,22.943999618291855
5,20260825T093704Z,mice_column_v1,0.01,0.009961593855016803,10.0,9.961593855016803,83,42,2,116,125.15200674533844,22.655999287962914
5,20260825T093704Z,mice_column_v1,0.01,0.009961593855016803,10.0,9.961593855016803,83,42,2,117,119.61600184440613,22.87999913096428
5,20260825T093704Z,mice_column_v1,0.01,0.009961593855016803,10.0,9.961593855016803,83,42,2,118,118.40000003576279,22.655999287962914
5,20260825T093704Z,mice_column_v1,0.01,0.009961593855016803,10.0,9.961593855016803,83,42,2,119,117.5680011510849,23.072000592947006
5,20260825T093704Z,mice_column_v1,0.01,0.009961593855016803,10.0,9.961593855016803,83,42,2,120,117.08799749612808,22.784000262618065
5,20260825T093704Z,mice_column_v1,0.01,0.009961593855016803,10.0,9.961593855016803,83,42,2,121,117.8240031003952,22.911999374628067
5,20260825T093704Z,mice_column_v1,0.01,0.009961593855016803,10.0,9.961593855016803,83,42,2,122,117.11999773979187,26.72000043094158
5,20260825T093704Z,mice_column_v1,0.01,0.009961593855016803,10.0,9.961593855016803,83,42,2,123,118.33599954843521,23.04000034928322
5,20260825T093704Z,mice_column_v1,0.01,0.009961593855016803,10.0,9.961593855016803,83,42,2,124,118.6240017414093,22.943999618291855
5,20260825T093704Z,mice_column_v1,0.01,0.009961593855016803,10.0,9.961593855016803,83,42,2,125,118.14399808645248,22.5600004196167
5,20260825T093704Z,mice_column_v1,0.01,0.009961593855016803,10.0,9.961593855016803,83,42,2,126,118.84800344705582,22.655999287962914
5,20260825T093704Z,mice_column_v1,0.01,0.009961593855016803,10.0,9.961593855016803,83,42,2,127,123.29600006341934,22.87999913096428
5,20260825T093704Z,mice_column_v1,0.01,0.009961593855016803,10.0,9.961593855016803,83,42,3,0,224.67200458049774,36.70400008559227
5,20260825T093704Z,mice_column_v1,0.01,0.009961593855016803,10.0,9.961593855016803,83,42,3,1,134.68800485134125,25.79200081527233
5,20260825T093704Z,mice_column_v1,0.01,0.009961593855016803,10.0,9.961593855016803,83,42,3,2,127.93600559234619,24.57600086927414
5,20260825T093704Z,mice_column_v1,0.01,0.009961593855016803,10.0,9.961593855016803,83,42,3,3,124.92799758911133,23.871999233961105
5,20260825T093704Z,mice_column_v1,0.01,0.009961593855016803,10.0,9.961593855016803,83,42,3,4,123.58400225639343,23.360000923275948
5,20260825T093704Z,mice_column_v1,0.01,0.009961593855016803,10.0,9.961593855016803,83,42,3,5,123.07199835777283,28.095999732613564
5,20260825T093704Z,mice_column_v1,0.01,0.009961593855016803,10.0,9.961593855016803,83,42,3,6,122.49600142240524,23.48800003528595
5,20260825T093704Z,mice_column_v1,0.01,0.009961593855016803,10.0,9.961593855016803,83,42,3,7,122.52800166606903,23.231999948620796
5,20260825T093704Z,mice_column_v1,0.01,0.009961593855016803,10.0,9.961593855016803,83,42,3,8,121.85599654912949,23.00800010561943
5,20260825T093704Z,mice_column_v1,0.01,0.009961593855016803,10.0,9.961593855016803,83,42,3,9,122.17599898576736,23.520000278949738
5,20260825T093704Z,mice_column_v1,0.01,0.009961593855016803,10.0,9.961593855016803,83,42,3,10,120.38400024175644,23.04000034928322
5,20260825T093704Z,mice_column_v1,0.01,0.009961593855016803,10.0,9.961593855016803,83,42,3,11,119.71200257539749,26.208000257611275
5,20260825T093704Z,mice_column_v1,0.01,0.009961593855016803,10.0,9.961593855016803,83,42,3,12,119.58400160074234,23.04000034928322
5,20260825T093704Z,mice_column_v1,0.01,0.009961593855016803,10.0,9.961593855016803,83,42,3,13,120.12799829244614,23.296000435948372
5,20260825T093704Z,mice_column_v1,0.01,0.009961593855016803,10.0,9.961593855016803,83,42,3,14,119.29599940776825,23.16799946129322
5,20260825T093704Z,mice_column_v1,0.01,0.009961593855016803,10.0,9.961593855016803,83,42,3,15,119.23199892044067,23.48800003528595
5,20260825T093704Z,mice_column_v1,0.01,0.009961593855016803,10.0,9.961593855016803,83,42,3,16,119.23199892044067,23.77600036561489
5,20260825T093704Z,mice_column_v1,0.01,0.009961593855016803,10.0,9.961593855016803,83,42,3,17,119.10399794578552,23.135999217629433
5,20260825T093704Z,mice_column_v1,0.01,0.009961593855016803,10.0,9.961593855016803,83,42,3,18,122.17599898576736,22.6879995316267
5,20260825T093704Z,mice_column_v1,0.01,0.009961593855016803,10.0,9.961593855016803,83,42,3,19,119.03999745845795,22.655999287962914
5,20260825T093704Z,mice_column_v1,0.01,0.009961593855016803,10.0,9.961593855016803,83,42,3,20,119.19999867677689,22.624000906944275
5,20260825T093704Z,mice_column_v1,0.01,0.009961593855016803,10.0,9.961593855016803,83,42,3,21,123.74400347471237,22.943999618291855
5,20260825T093704Z,mice_column_v1,0.01,0.009961593855016803,10.0,9.961593855016803,83,42,3,22,118.75200271606445,23.231999948620796
5,20260825T093704Z,mice_column_v1,0.01,0.009961593855016803,10.0,9.961593855016803,83,42,3,23,119.03999745845795,22.52800017595291
5,20260825T093704Z,mice_column_v1,0.01,0.009961593855016803,10.0,9.961593855016803,83,42,3,24,122.68800288438797,23.264000192284584
5,20260825T093704Z,mice_column_v1,0.01,0.009961593855016803,10.0,9.961593855016803,83,42,3,25,119.13599818944931,22.6879995316267
5,20260825T093704Z,mice_column_v1,0.01,0.009961593855016803,10.0,9.961593855016803,83,42,3,26,119.13599818944931,22.624000906944275
5,20260825T093704Z,mice_column_v1,0.01,0.009961593855016803,10.0,9.961593855016803,83,42,3,27,118.97599697113037,22.943999618291855
5,20260825T093704Z,mice_column_v1,0.01,0.009961593855016803,10.0,9.961593855016803,83,42,3,28,119.03999745845795,22.52800017595291
5,20260825T093704Z,mice_column_v1,0.01,0.009961593855016803,10.0,9.961593855016803,83,42,3,29,117.66400188207626,22.495999932289124
5,20260825T093704Z,mice_column_v1,0.01,0.009961593855016803,10.0,9.961593855016803,83,42,3,30,121.8239963054657,22.624000906944275
5,20260825T093704Z,mice_column_v1,0.01,0.009961593855016803,10.0,9.961593855016803,83,42,3,31,119.10399794578552,22.52800017595291
5,20260825T093704Z,mice_column_v1,0.01,0.009961593855016803,10.0,9.961593855016803,83,42,3,32,119.07199770212173,23.360000923275948
5,20260825T093704Z,mice_column_v1,0.01,0.009961593855016803,10.0,9.961593855016803,83,42,3,33,119.29599940776825,23.296000435948372
5,20260825T093704Z,mice_column_v1,0.01,0.009961593855016803,10.0,9.961593855016803,83,42,3,34,119.26399916410446,22.592000663280487
5,20260825T093704Z,mice_column_v1,0.01,0.009961593855016803,10.0,9.961593855016803,83,42,3,35,117.72800236940384,22.816000506281853
5,20260825T093704Z,mice_column_v1,0.01,0.009961593855016803,10.0,9.961593855016803,83,42,3,36,123.4240010380745,23.264000192284584
5,20260825T093704Z,mice_column_v1,0.01,0.009961593855016803,10.0,9.961593855016803,83,42,3,37,119.52000111341476,23.104000836610794
5,20260825T093704Z,mice_column_v1,0.01,0.009961593855016803,10.0,9.961593855016803,83,42,3,38,119.07199770212173,22.52800017595291
5,20260825T093704Z,mice_column_v1,0.01,0.009961593855016803,10.0,9.961593855016803,83,42,3,39,118.07999759912491,22.272000089287758
5,20260825T093704Z,mice_column_v1,0.01,0.009961593855016803,10.0,9.961593855016803,83,42,3,40,119.45600062608719,23.04000034928322
5,20260825T093704Z,mice_column_v1,0.01,0.009961593855016803,10.0,9.961593855016803,83,42,3,41,119.1679984331131,22.655999287962914
5,20260825T093704Z,mice_column_v1,0.01,0.009961593855016803,10.0,9.961593855016803,83,42,3,42,119.52000111341476,25.312000885605812
5,20260825T093704Z,mice_column_v1,0.01,0.009961593855016803,10.0,9.961593855016803,83,42,3,43,118.94399672746658,22.816000506281853
5,20260825T093704Z,mice_column_v1,0.01,0.009961593855016803,10.0,9.961593855016803,83,42,3,44,119.07199770212173,22.71999977529049
5,20260825T093704Z,mice_column_v1,0.01,0.009961593855016803,10.0,9.961593855016803,83,42,3,45,118.6240017414093,23.16799946129322
5,20260825T093704Z,mice_column_v1,0.01,0.009961593855016803,10.0,9.961593855016803,83,42,3,46,118.01599711179733,22.816000506281853
5,20260825T093704Z,mice_column_v1,0.01,0.009961593855016803,10.0,9.961593855016803,83,42,3,47,118.84800344705582,22.431999444961548
5,20260825T093704Z,mice_column_v1,0.01,0.009961593855016803,10.0,9.961593855016803,83,42,3,48,118.9119964838028,22.71999977529049
5,20260825T093704Z,mice_column_v1,0.01,0.009961593855016803,10.0,9.961593855016803,83,42,3,49,124.15999919176102,22.52800017595291
5,20260825T093704Z,mice_column_v1,0.01,0.009961593855016803,10.0,9.961593855016803,83,42,3,50,121.95199728012085,23.552000522613525
5,20260825T093704Z,mice_column_v1,0.01,0.009961593855016803,10.0,9.961593855016803,83,42,3,51,119.55200135707855,23.135999217629433
5,20260825T093704Z,mice_column_v1,0.01,0.009961593855016803,10.0,9.961593855016803,83,42,3,52,119.93599683046341,23.423999547958374
5,20260825T093704Z,mice_column_v1,0.01,0.009961593855016803,10.0,9.961593855016803,83,42,3,53,119.19999867677689,22.87999913096428
5,20260825T093704Z,mice_column_v1,0.01,0.009961593855016803,10.0,9.961593855016803,83,42,3,54,119.29599940776825,22.87999913096428
5,20260825T093704Z,mice_column_v1,0.01,0.009961593855016803,10.0,9.961593855016803,83,42,3,55,123.07199835777283,23.64799939095974
5,20260825T093704Z,mice_column_v1,0.01,0.009961593855016803,10.0,9.961593855016803,83,42,3,56,120.09599804878235,23.455999791622162
5,20260825T093704Z,mice_column_v1,0.01,0.009961593855016803,10.0,9.961593855016803,83,42,3,57,119.29599940776825,22.943999618291855
5,20260825T093704Z,mice_column_v1,0.01,0.009961593855016803,10.0,9.961593855016803,83,42,3,58,118.68800222873688,22.5600004196167
5,20260825T093704Z,mice_column_v1,0.01,0.009961593855016803,10.0,9.961593855016803,83,42,3,59,119.35999989509583,22.655999287962914
5,20260825T093704Z,mice_column_v1,0.01,0.009961593855016803,10.0,9.961593855016803,83,42,3,60,118.97599697113037,22.624000906944275
5,20260825T093704Z,mice_column_v1,0.01,0.009961593855016803,10.0,9.961593855016803,83,42,3,61,126.14400684833527,22.655999287962914
5,20260825T093704Z,mice_column_v1,0.01,0.009961593855016803,10.0,9.961593855016803,83,42,3,62,118.8800036907196,23.104000836610794
5,20260825T093704Z,mice_column_v1,0.01,0.009961593855016803,10.0,9.961593855016803,83,42,3,63,118.52800101041794,22.304000332951546
5,20260825T093704Z,mice_column_v1,0.01,0.009961593855016803,10.0,9.961593855016803,83,42,3,64,118.8800036907196,22.336000576615334
5,20260825T093704Z,mice_column_v1,0.01,0.009961593855016803,10.0,9.961593855016803,83,42,3,65,118.1119978427887,22.655999287962914
5,20260825T093704Z,mice_column_v1,0.01,0.009961593855016803,10.0,9.961593855016803,83,42,3,66,118.65600198507309,23.00800010561943
5,20260825T093704Z,mice_column_v1,0.01,0.009961593855016803,10.0,9.961593855016803,83,42,3,67,119.10399794578552,22.431999444961548
5,20260825T093704Z,mice_column_v1,0.01,0.009961593855016803,10.0,9.961593855016803,83,42,3,68,119.93599683046341,22.975999861955643
5,20260825T093704Z,mice_column_v1,0.01,0.009961593855016803,10.0,9.961593855016803,83,42,3,69,119.39200013875961,23.135999217629433
5,20260825T093704Z,mice_column_v1,0.01,0.009961593855016803,10.0,9.961593855016803,83,42,3,70,118.49600076675415,22.784000262618065
5,20260825T093704Z,mice_column_v1,0.01,0.009961593855016803,10.0,9.961593855016803,83,42,3,71,117.91999638080597,22.207999601960182
5,20260825T093704Z,mice_column_v1,0.01,0.009961593855016803,10.0,9.961593855016803,83,42,3,72,119.10399794578552,22.23999984562397
5,20260825T093704Z,mice_column_v1,0.01,0.009961593855016803,10.0,9.961593855016803,83,42,3,73,119.35999989509583,22.5600004196167
5,20260825T093704Z,mice_column_v1,0.01,0.009961593855016803,10.0,9.961593855016803,83,42,3,74,118.46400052309036,22.592000663280487
5,20260825T093704Z,mice_column_v1,0.01,0.009961593855016803,10.0,9.961593855016803,83,42,3,75,118.04799735546112,22.36800082027912
5,20260825T093704Z,mice_column_v1,0.01,0.009961593855016803,10.0,9.961593855016803,83,42,3,76,118.52800101041794,22.592000663280487
5,20260825T093704Z,mice_column_v1,0.01,0.009961593855016803,10.0,9.961593855016803,83,42,3,77,117.95199662446976,22.624000906944275
5,20260825T093704Z,mice_column_v1,0.01,0.009961593855016803,10.0,9.961593855016803,83,42,3,78,118.04799735546112,22.39999920129776
5,20260825T093704Z,mice_column_v1,0.01,0.009961593855016803,10.0,9.961593855016803,83,42,3,79,118.23999881744385,23.00800010561943
5,20260825T093704Z,mice_column_v1,0.01,0.009961593855016803,10.0,9.961593855016803,83,42,3,80,122.23999947309494,22.71999977529049
5,20260825T093704Z,mice_column_v1,0.01,0.009961593855016803,10.0,9.961593855016803,83,42,3,81,118.33599954843521,22.175999358296394
5,20260825T093704Z,mice_column_v1,0.01,0.009961593855016803,10.0,9.961593855016803,83,42,3,82,118.30399930477142,22.143999114632607
5,20260825T093704Z,mice_column_v1,0.01,0.009961593855016803,10.0,9.961593855016803,83,42,3,83,118.07999759912491,22.5600004196167
5,20260825T093704Z,mice_column_v1,0.01,0.009961593855016803,10.0,9.961593855016803,83,42,3,84,119.19999867677689,22.816000506281853
5,20260825T093704Z,mice_column_v1,0.01,0.009961593855016803,10.0,9.961593855016803,83,42,3,85,118.46400052309036,22.463999688625336
5,20260825T093704Z,mice_column_v1,0.01,0.009961593855016803,10.0,9.961593855016803,83,42,3,86,122.46400117874146,22.71999977529049
5,20260825T093704Z,mice_column_v1,0.01,0.009961593855016803,10.0,9.961593855016803,83,42,3,87,118.01599711179733,22.624000906944275
5,20260825T093704Z,mice_column_v1,0.01,0.009961593855016803,10.0,9.961593855016803,83,42,3,88,118.94399672746658,22.975999861955643
5,20260825T093704Z,mice_column_v1,0.01,0.009961593855016803,10.0,9.961593855016803,83,42,3,89,119.10399794578552,22.23999984562397
5,20260825T093704Z,mice_column_v1,0.01,0.009961593855016803,10.0,9.961593855016803,83,42,3,90,118.23999881744385,22.431999444961548
5,20260825T093704Z,mice_column_v1,0.01,0.009961593855016803,10.0,9.961593855016803,83,42,3,91,118.56000125408173,22.752000018954277
5,20260825T093704Z,mice_column_v1,0.01,0.009961593855016803,10.0,9.961593855016803,83,42,3,92,117.95199662446976,22.87999913096428
5,20260825T093704Z,mice_column_v1,0.01,0.009961593855016803,10.0,9.961593855016803,83,42,3,93,119.32799965143204,22.431999444961548
5,20260825T093704Z,mice_column_v1,0.01,0.009961593855016803,10.0,9.961593855016803,83,42,3,94,118.46400052309036,23.16799946129322
5,20260825T093704Z,mice_column_v1,0.01,0.009961593855016803,10.0,9.961593855016803,83,42,3,95,116.92799627780914,22.36800082027912
5,20260825T093704Z,mice_column_v1,0.01,0.009961593855016803,10.0,9.961593855016803,83,42,3,96,118.46400052309036,22.52800017595291
5,20260825T093704Z,mice_column_v1,0.01,0.009961593855016803,10.0,9.961593855016803,83,42,3,97,118.1119978427887,22.752000018954277
5,20260825T093704Z,mice_column_v1,0.01,0.009961593855016803,10.0,9.961593855016803,83,42,3,98,118.17599833011627,22.304000332951546
5,20260825T093704Z,mice_column_v1,0.01,0.009961593855016803,10.0,9.961593855016803,83,42,3,99,120.7360029220581,23.391999304294586
5,20260825T093704Z,mice_column_v1,0.01,0.009961593855016803,10.0,9.961593855016803,83,42,3,100,118.72000247240067,22.752000018954277
5,20260825T093704Z,mice_column_v1,0.01,0.009961593855016803,10.0,9.961593855016803,83,42,3,101,117.88800358772278,23.072000592947006
5,20260825T093704Z,mice_column_v1,0.01,0.009961593855016803,10.0,9.961593855016803,83,42,3,102,118.49600076675415,22.752000018954277
5,20260825T093704Z,mice_column_v1,0.01,0.009961593855016803,10.0,9.961593855016803,83,42,3,103,117.44000017642975,23.04000034928322
5,20260825T093704Z,mice_column_v1,0.01,0.009961593855016803,10.0,9.961593855016803,83,42,3,104,117.50400066375732,22.975999861955643
5,20260825T093704Z,mice_column_v1,0.01,0.009961593855016803,10.0,9.961593855016803,83,42,3,105,121.91999703645706,22.975999861955643
5,20260825T093704Z,mice_column_v1,0.01,0.009961593855016803,10.0,9.961593855016803,83,42,3,106,118.43200027942657,22.87999913096428
5,20260825T093704Z,mice_column_v1,0.01,0.009961593855016803,10.0,9.961593855016803,83,42,3,107,118.52800101041794,22.5600004196167
5,20260825T093704Z,mice_column_v1,0.01,0.009961593855016803,10.0,9.961593855016803,83,42,3,108,118.33599954843521,23.072000592947006
5,20260825T093704Z,mice_column_v1,0.01,0.009961593855016803,10.0,9.961593855016803,83,42,3,109,118.46400052309036,22.6879995316267
5,20260825T093704Z,mice_column_v1,0.01,0.009961593855016803,10.0,9.961593855016803,83,42,3,110,118.40000003576279,22.6879995316267
5,20260825T093704Z,mice_column_v1,0.01,0.009961593855016803,10.0,9.961593855016803,83,42,3,111,123.03999811410904,22.784000262618065
5,20260825T093704Z,mice_column_v1,0.01,0.009961593855016803,10.0,9.961593855016803,83,42,3,112,119.07199770212173,22.624000906944275
5,20260825T093704Z,mice_column_v1,0.01,0.009961593855016803,10.0,9.961593855016803,83,42,3,113,118.52800101041794,23.072000592947006
5,20260825T093704Z,mice_column_v1,0.01,0.009961593855016803,10.0,9.961593855016803,83,42,3,114,118.52800101041794,22.304000332951546
5,20260825T093704Z,mice_column_v1,0.01,0.009961593855016803,10.0,9.961593855016803,83,42,3,115,120.03199756145477,22.943999618291855
5,20260825T093704Z,mice_column_v1,0.01,0.009961593855016803,10.0,9.961593855016803,83,42,3,116,118.78400295972824,22.943999618291855
5,20260825T093704Z,mice_column_v1,0.01,0.009961593855016803,10.0,9.961593855016803,83,42,3,117,121.95199728012085,23.00800010561943
5,20260825T093704Z,mice_column_v1,0.01,0.009961593855016803,10.0,9.961593855016803,83,42,3,118,119.64800208806992,23.80800060927868
5,20260825T093704Z,mice_column_v1,0.01,0.009961593855016803,10.0,9.961593855016803,83,42,3,119,119.03999745845795,23.16799946129322
5,20260825T093704Z,mice_column_v1,0.01,0.009961593855016803,10.0,9.961593855016803,83,42,3,120,119.58400160074234,23.104000836610794
5,20260825T093704Z,mice_column_v1,0.01,0.009961593855016803,10.0,9.961593855016803,83,42,3,121,118.52800101041794,22.592000663280487
5,20260825T093704Z,mice_column_v1,0.01,0.009961593855016803,10.0,9.961593855016803,83,42,3,122,119.77600306272507,23.264000192284584
5,20260825T093704Z,mice_column_v1,0.01,0.009961593855016803,10.0,9.961593855016803,83,42,3,123,120.99199742078781,25.855999439954758
5,20260825T093704Z,mice_column_v1,0.01,0.009961593855016803,10.0,9.961593855016803,83,42,3,124,118.9119964838028,22.84800074994564
5,20260825T093704Z,mice_column_v1,0.01,0.009961593855016803,10.0,9.961593855016803,83,42,3,125,117.40799993276596,23.296000435948372
5,20260825T093704Z,mice_column_v1,0.01,0.009961593855016803,10.0,9.961593855016803,83,42,3,126,118.49600076675415,23.296000435948372
5,20260825T093704Z,mice_column_v1,0.01,0.009961593855016803,10.0,9.961593855016803,83,42,3,127,119.23199892044067,22.943999618291855
5,20260825T093704Z,mice_column_v1,0.01,0.009961593855016803,10.0,9.961593855016803,83,42,4,0,290.75199365615845,47.71199822425842
5,20260825T093704Z,mice_column_v1,0.01,0.009961593855016803,10.0,9.961593855016803,83,42,4,1,136.1600011587143,25.728000327944756
5,20260825T093704Z,mice_column_v1,0.01,0.009961593855016803,10.0,9.961593855016803,83,42,4,2,128.60800325870514,24.54400062561035
5,20260825T093704Z,mice_column_v1,0.01,0.009961593855016803,10.0,9.961593855016803,83,42,4,3,126.56000256538391,23.520000278949738
5,20260825T093704Z,mice_column_v1,0.01,0.009961593855016803,10.0,9.961593855016803,83,42,4,4,123.87199699878693,23.80800060927868
5,20260825T093704Z,mice_column_v1,0.01,0.009961593855016803,10.0,9.961593855016803,83,42,4,5,121.60000205039978,23.744000121951103
5,20260825T093704Z,mice_column_v1,0.01,0.009961593855016803,10.0,9.961593855016803,83,42,4,6,123.90399724245071,23.64799939095974
5,20260825T093704Z,mice_column_v1,0.01,0.009961593855016803,10.0,9.961593855016803,83,42,4,7,121.50400131940842,23.104000836610794
5,20260825T093704Z,mice_column_v1,0.01,0.009961593855016803,10.0,9.961593855016803,83,42,4,8,120.25599926710129,22.784000262618065
5,20260825T093704Z,mice_column_v1,0.01,0.009961593855016803,10.0,9.961593855016803,83,42,4,9,119.35999989509583,22.943999618291855
5,20260825T093704Z,mice_column_v1,0.01,0.009961593855016803,10.0,9.961593855016803,83,42,4,10,117.88800358772278,22.624000906944275
5,20260825T093704Z,mice_column_v1,0.01,0.009961593855016803,10.0,9.961593855016803,83,42,4,11,118.23999881744385,26.815999299287796
5,20260825T093704Z,mice_column_v1,0.01,0.009961593855016803,10.0,9.961593855016803,83,42,4,12,119.00799721479416,23.423999547958374
5,20260825T093704Z,mice_column_v1,0.01,0.009961593855016803,10.0,9.961593855016803,83,42,4,13,118.17599833011627,23.360000923275948
5,20260825T093704Z,mice_column_v1,0.01,0.009961593855016803,10.0,9.961593855016803,83,42,4,14,118.78400295972824,22.655999287962914
5,20260825T093704Z,mice_column_v1,0.01,0.009961593855016803,10.0,9.961593855016803,83,42,4,15,118.23999881744385,23.19999970495701
5,20260825T093704Z,mice_column_v1,0.01,0.009961593855016803,10.0,9.961593855016803,83,42,4,16,119.45600062608719,23.072000592947006
5,20260825T093704Z,mice_column_v1,0.01,0.009961593855016803,10.0,9.961593855016803,83,42,4,17,118.49600076675415,22.784000262618065
5,20260825T093704Z,mice_column_v1,0.01,0.009961593855016803,10.0,9.961593855016803,83,42,4,18,125.95200538635254,23.04000034928322
5,20260825T093704Z,mice_column_v1,0.01,0.009961593855016803,10.0,9.961593855016803,83,42,4,19,117.53600090742111,22.624000906944275
5,20260825T093704Z,mice_column_v1,0.01,0.009961593855016803,10.0,9.961593855016803,83,42,4,20,118.33599954843521,22.816000506281853
5,20260825T093704Z,mice_column_v1,0.01,0.009961593855016803,10.0,9.961593855016803,83,42,4,21,118.78400295972824,23.072000592947006
5,20260825T093704Z,mice_column_v1,0.01,0.009961593855016803,10.0,9.961593855016803,83,42,4,22,117.53600090742111,22.975999861955643
5,20260825T093704Z,mice_column_v1,0.01,0.009961593855016803,10.0,9.961593855016803,83,42,4,23,118.04799735546112,22.5600004196167
5,20260825T093704Z,mice_column_v1,0.01,0.009961593855016803,10.0,9.961593855016803,83,42,4,24,123.45600128173828,23.104000836610794
5,20260825T093704Z,mice_column_v1,0.01,0.009961593855016803,10.0,9.961593855016803,83,42,4,25,120.03199756145477,22.431999444961548
5,20260825T093704Z,mice_column_v1,0.01,0.009961593855016803,10.0,9.961593855016803,83,42,4,26,118.81600320339203,22.431999444961548
5,20260825T093704Z,mice_column_v1,0.01,0.009961593855016803,10.0,9.961593855016803,83,42,4,27,118.04799735546112,22.463999688625336
5,20260825T093704Z,mice_column_v1,0.01,0.009961593855016803,10.0,9.961593855016803,83,42,4,28,118.75200271606445,23.104000836610794
5,20260825T093704Z,mice_column_v1,0.01,0.009961593855016803,10.0,9.961593855016803,83,42,4,29,119.39200013875961,22.655999287962914
5,20260825T093704Z,mice_column_v1,0.01,0.009961593855016803,10.0,9.961593855016803,83,42,4,30,123.48800152540207,22.624000906944275
5,20260825T093704Z,mice_column_v1,0.01,0.009961593855016803,10.0,9.961593855016803,83,42,4,31,119.13599818944931,22.975999861955643
5,20260825T093704Z,mice_column_v1,0.01,0.009961593855016803,10.0,9.961593855016803,83,42,4,32,118.46400052309036,22.84800074994564
5,20260825T093704Z,mice_column_v1,0.01,0.009961593855016803,10.0,9.961593855016803,83,42,4,33,120.35199999809265,23.00800010561943
5,20260825T093704Z,mice_column_v1,0.01,0.009961593855016803,10.0,9.961593855016803,83,42,4,34,118.40000003576279,23.04000034928322
5,20260825T093704Z,mice_column_v1,0.01,0.009961593855016803,10.0,9.961593855016803,83,42,4,35,119.03999745845795,22.71999977529049
5,20260825T093704Z,mice_column_v1,0.01,0.009961593855016803,10.0,9.961593855016803,83,42,4,36,118.27199906110764,25.05600079894066
5,20260825T093704Z,mice_column_v1,0.01,0.009961593855016803,10.0,9.961593855016803,83,42,4,37,118.81600320339203,23.80800060927868
5,20260825T093704Z,mice_column_v1,0.01,0.009961593855016803,10.0,9.961593855016803,83,42,4,38,118.43200027942657,22.655999287962914
5,20260825T093704Z,mice_column_v1,0.01,0.009961593855016803,10.0,9.961593855016803,83,42,4,39,117.63200163841248,22.624000906944275
5,20260825T093704Z,mice_column_v1,0.01,0.009961593855016803,10.0,9.961593855016803,83,42,4,40,118.81600320339203,22.655999287962914
5,20260825T093704Z,mice_column_v1,0.01,0.009961593855016803,10.0,9.961593855016803,83,42,4,41,117.91999638080597,22.431999444961548
5,20260825T093704Z,mice_column_v1,0.01,0.009961593855016803,10.0,9.961593855016803,83,42,4,42,118.6240017414093,22.71999977529049
5,20260825T093704Z,mice_column_v1,0.01,0.009961593855016803,10.0,9.961593855016803,83,42,4,43,124.1919994354248,22.84800074994564
5,20260825T093704Z,mice_column_v1,0.01,0.009961593855016803,10.0,9.961593855016803,83,42,4,44,118.367999792099,22.431999444961548
5,20260825T093704Z,mice_column_v1,0.01,0.009961593855016803,10.0,9.961593855016803,83,42,4,45,117.8240031003952,23.072000592947006
5,20260825T093704Z,mice_column_v1,0.01,0.009961593855016803,10.0,9.961593855016803,83,42,4,46,118.9119964838028,22.112000733613968
5,20260825T093704Z,mice_column_v1,0.01,0.009961593855016803,10.0,9.961593855016803,83,42,4,47,122.17599898576736,22.495999932289124
5,20260825T093704Z,mice_column_v1,0.01,0.009961593855016803,10.0,9.961593855016803,83,42,4,48,117.95199662446976,22.52800017595291
5,20260825T093704Z,mice_column_v1,0.01,0.009961593855016803,10.0,9.961593855016803,83,42,4,49,124.9919980764389,23.16799946129322
5,20260825T093704Z,mice_column_v1,0.01,0.009961593855016803,10.0,9.961593855016803,83,42,4,50,118.17599833011627,22.39999920129776
5,20260825T093704Z,mice_column_v1,0.01,0.009961593855016803,10.0,9.961593855016803,83,42,4,51,120.31999975442886,23.072000592947006
5,20260825T093704Z,mice_column_v1,0.01,0.009961593855016803,10.0,9.961593855016803,83,42,4,52,119.87199634313583,22.911999374628067
5,20260825T093704Z,mice_column_v1,0.01,0.009961593855016803,10.0,9.961593855016803,83,42,4,53,118.6240017414093,22.175999358296394
5,20260825T093704Z,mice_column_v1,0.01,0.009961593855016803,10.0,9.961593855016803,83,42,4,54,119.23199892044067,22.52800017595291
5,20260825T093704Z,mice_column_v1,0.01,0.009961593855016803,10.0,9.961593855016803,83,42,4,55,121.76000326871872,22.911999374628067
5,20260825T093704Z,mice_column_v1,0.01,0.009961593855016803,10.0,9.961593855016803,83,42,4,56,118.9119964838028,22.624000906944275
5,20260825T093704Z,mice_column_v1,0.01,0.009961593855016803,10.0,9.961593855016803,83,42,4,57,119.10399794578552,23.072000592947006
5,20260825T093704Z,mice_column_v1,0.01,0.009961593855016803,10.0,9.961593855016803,83,42,4,58,118.27199906110764,23.072000592947006
5,20260825T093704Z,mice_column_v1,0.01,0.009961593855016803,10.0,9.961593855016803,83,42,4,59,118.20799857378006,22.84800074994564
5,20260825T093704Z,mice_column_v1,0.01,0.009961593855016803,10.0,9.961593855016803,83,42,4,60,118.17599833011627,23.231999948620796
5,20260825T093704Z,mice_column_v1,0.01,0.009961593855016803,10.0,9.961593855016803,83,42,4,61,121.91999703645706,22.655999287962914
5,20260825T093704Z,mice_column_v1,0.01,0.009961593855016803,10.0,9.961593855016803,83,42,4,62,121.56800180673599,22.048000246286392
5,20260825T093704Z,mice_column_v1,0.01,0.009961593855016803,10.0,9.961593855016803,83,42,4,63,117.79200285673141,22.84800074994564
5,20260825T093704Z,mice_column_v1,0.01,0.009961593855016803,10.0,9.961593855016803,83,42,4,64,117.85600334405899,22.592000663280487
5,20260825T093704Z,mice_column_v1,0.01,0.009961593855016803,10.0,9.961593855016803,83,42,4,65,117.53600090742111,23.135999217629433
5,20260825T093704Z,mice_column_v1,0.01,0.009961593855016803,10.0,9.961593855016803,83,42,4,66,118.07999759912491,22.624000906944275
5,20260825T093704Z,mice_column_v1,0.01,0.009961593855016803,10.0,9.961593855016803,83,42,4,67,118.43200027942657,22.592000663280487
5,20260825T093704Z,mice_column_v1,0.01,0.009961593855016803,10.0,9.961593855016803,83,42,4,68,118.23999881744385,23.00800010561943
5,20260825T093704Z,mice_column_v1,0.01,0.009961593855016803,10.0,9.961593855016803,83,42,4,69,118.17599833011627,23.104000836610794
5,20260825T093704Z,mice_column_v1,0.01,0.009961593855016803,10.0,9.961593855016803,83,42,4,70,118.23999881744385,22.911999374628067
5,20260825T093704Z,mice_column_v1,0.01,0.009961593855016803,10.0,9.961593855016803,83,42,4,71,118.84800344705582,22.304000332951546
5,20260825T093704Z,mice_column_v1,0.01,0.009961593855016803,10.0,9.961593855016803,83,42,4,72,118.17599833011627,23.00800010561943
5,20260825T093704Z,mice_column_v1,0.01,0.009961593855016803,10.0,9.961593855016803,83,42,4,73,118.84800344705582,22.52800017595291
5,20260825T093704Z,mice_column_v1,0.01,0.009961593855016803,10.0,9.961593855016803,83,42,4,74,126.56000256538391,23.19999970495701
5,20260825T093704Z,mice_column_v1,0.01,0.009961593855016803,10.0,9.961593855016803,83,42,4,75,118.04799735546112,22.655999287962914
5,20260825T093704Z,mice_column_v1,0.01,0.009961593855016803,10.0,9.961593855016803,83,42,4,76,118.17599833011627,22.463999688625336
5,20260825T093704Z,mice_column_v1,0.01,0.009961593855016803,10.0,9.961593855016803,83,42,4,77,118.33599954843521,23.32800067961216
5,20260825T093704Z,mice_column_v1,0.01,0.009961593855016803,10.0,9.961593855016803,83,42,4,78,118.23999881744385,22.5600004196167
5,20260825T093704Z,mice_column_v1,0.01,0.009961593855016803,10.0,9.961593855016803,83,42,4,79,117.72800236940384,22.463999688625336
5,20260825T093704Z,mice_column_v1,0.01,0.009961593855016803,10.0,9.961593855016803,83,42,4,80,122.11199849843979,22.52800017595291
5,20260825T093704Z,mice_column_v1,0.01,0.009961593855016803,10.0,9.961593855016803,83,42,4,81,118.78400295972824,22.6879995316267
5,20260825T093704Z,mice_column_v1,0.01,0.009961593855016803,10.0,9.961593855016803,83,42,4,82,117.60000139474869,22.816000506281853
5,20260825T093704Z,mice_column_v1,0.01,0.009961593855016803,10.0,9.961593855016803,83,42,4,83,117.60000139474869,23.19999970495701
5,20260825T093704Z,mice_column_v1,0.01,0.009961593855016803,10.0,9.961593855016803,83,42,4,84,118.6240017414093,22.304000332951546
5,20260825T093704Z,mice_column_v1,0.01,0.009961593855016803,10.0,9.961593855016803,83,42,4,85,118.30399930477142,22.87999913096428
5,20260825T093704Z,mice_column_v1,0.01,0.009961593855016803,10.0,9.961593855016803,83,42,4,86,122.40000069141388,22.655999287962914
5,20260825T093704Z,mice_column_v1,0.01,0.009961593855016803,10.0,9.961593855016803,83,42,4,87,118.14399808645248,22.816000506281853
5,20260825T093704Z,mice_column_v1,0.01,0.009961593855016803,10.0,9.961593855016803,83,42,4,88,118.33599954843521,22.5600004196167
5,20260825T093704Z,mice_column_v1,0.01,0.009961593855016803,10.0,9.961593855016803,83,42,4,89,118.14399808645248,23.264000192284584
5,20260825T093704Z,mice_column_v1,0.01,0.009961593855016803,10.0,9.961593855016803,83,42,4,90,118.65600198507309,22.624000906944275
5,20260825T093704Z,mice_column_v1,0.01,0.009961593855016803,10.0,9.961593855016803,83,42,4,91,124.25599992275238,22.975999861955643
5,20260825T093704Z,mice_column_v1,0.01,0.009961593855016803,10.0,9.961593855016803,83,42,4,92,118.27199906110764,26.048000901937485
5,20260825T093704Z,mice_column_v1,0.01,0.009961593855016803,10.0,9.961593855016803,83,42,4,93,118.43200027942657,22.655999287962914
5,20260825T093704Z,mice_column_v1,0.01,0.009961593855016803,10.0,9.961593855016803,83,42,4,94,117.40799993276596,22.655999287962914
5,20260825T093704Z,mice_column_v1,0.01,0.009961593855016803,10.0,9.961593855016803,83,42,4,95,118.6240017414093,22.52800017595291
5,20260825T093704Z,mice_column_v1,0.01,0.009961593855016803,10.0,9.961593855016803,83,42,4,96,117.47200042009354,22.336000576615334
5,20260825T093704Z,mice_column_v1,0.01,0.009961593855016803,10.0,9.961593855016803,83,42,4,97,118.20799857378006,22.5600004196167
5,20260825T093704Z,mice_column_v1,0.01,0.009961593855016803,10.0,9.961593855016803,83,42,4,98,117.98399686813354,22.6879995316267
5,20260825T093704Z,mice_column_v1,0.01,0.009961593855016803,10.0,9.961593855016803,83,42,4,99,122.27199971675873,22.84800074994564
5,20260825T093704Z,mice_column_v1,0.01,0.009961593855016803,10.0,9.961593855016803,83,42,4,100,117.15199798345566,22.39999920129776
5,20260825T093704Z,mice_column_v1,0.01,0.009961593855016803,10.0,9.961593855016803,83,42,4,101,118.17599833011627,23.104000836610794
5,20260825T093704Z,mice_column_v1,0.01,0.009961593855016803,10.0,9.961593855016803,83,42,4,102,117.95199662446976,22.624000906944275
5,20260825T093704Z,mice_column_v1,0.01,0.009961593855016803,10.0,9.961593855016803,83,42,4,103,118.40000003576279,22.592000663280487
5,20260825T093704Z,mice_column_v1,0.01,0.009961593855016803,10.0,9.961593855016803,83,42,4,104,118.23999881744385,22.52800017595291
5,20260825T093704Z,mice_column_v1,0.01,0.009961593855016803,10.0,9.961593855016803,83,42,4,105,120.60800194740295,26.399999856948853
5,20260825T093704Z,mice_column_v1,0.01,0.009961593855016803,10.0,9.961593855016803,83,42,4,106,118.97599697113037,22.784000262618065
5,20260825T093704Z,mice_column_v1,0.01,0.009961593855016803,10.0,9.961593855016803,83,42,4,107,117.88800358772278,22.431999444961548
5,20260825T093704Z,mice_column_v1,0.01,0.009961593855016803,10.0,9.961593855016803,83,42,4,108,118.1119978427887,22.431999444961548
5,20260825T093704Z,mice_column_v1,0.01,0.009961593855016803,10.0,9.961593855016803,83,42,4,109,118.81600320339203,23.135999217629433
5,20260825T093704Z,mice_column_v1,0.01,0.009961593855016803,10.0,9.961593855016803,83,42,4,110,117.91999638080597,22.592000663280487
5,20260825T093704Z,mice_column_v1,0.01,0.009961593855016803,10.0,9.961593855016803,83,42,4,111,122.20799922943115,22.624000906944275
5,20260825T093704Z,mice_column_v1,0.01,0.009961593855016803,10.0,9.961593855016803,83,42,4,112,118.97599697113037,23.00800010561943
5,20260825T093704Z,mice_column_v1,0.01,0.009961593855016803,10.0,9.961593855016803,83,42,4,113,118.1119978427887,22.592000663280487
5,20260825T093704Z,mice_column_v1,0.01,0.009961593855016803,10.0,9.961593855016803,83,42,4,114,118.1119978427887,22.52800017595291
5,20260825T093704Z,mice_column_v1,0.01,0.009961593855016803,10.0,9.961593855016803,83,42,4,115,117.72800236940384,22.655999287962914
5,20260825T093704Z,mice_column_v1,0.01,0.009961593855016803,10.0,9.961593855016803,83,42,4,116,117.8240031003952,22.6879995316267
5,20260825T093704Z,mice_column_v1,0.01,0.009961593855016803,10.0,9.961593855016803,83,42,4,117,118.27199906110764,22.463999688625336
5,20260825T093704Z,mice_column_v1,0.01,0.009961593855016803,10.0,9.961593855016803,83,42,4,118,118.52800101041794,23.04000034928322
5,20260825T093704Z,mice_column_v1,0.01,0.009961593855016803,10.0,9.961593855016803,83,42,4,119,117.98399686813354,22.784000262618065
5,20260825T093704Z,mice_column_v1,0.01,0.009961593855016803,10.0,9.961593855016803,83,42,4,120,121.5360015630722,23.135999217629433
5,20260825T093704Z,mice_column_v1,0.01,0.009961593855016803,10.0,9.961593855016803,83,42,4,121,117.08799749612808,22.87999913096428
5,20260825T093704Z,mice_column_v1,0.01,0.009961593855016803,10.0,9.961593855016803,83,42,4,122,117.79200285673141,22.52800017595291
5,20260825T093704Z,mice_column_v1,0.01,0.009961593855016803,10.0,9.961593855016803,83,42,4,123,118.07999759912491,22.207999601960182
5,20260825T093704Z,mice_column_v1,0.01,0.009961593855016803,10.0,9.961593855016803,83,42,4,124,121.50400131940842,22.943999618291855
5,20260825T093704Z,mice_column_v1,0.01,0.009961593855016803,10.0,9.961593855016803,83,42,4,125,117.69600212574005,22.71999977529049
5,20260825T093704Z,mice_column_v1,0.01,0.009961593855016803,10.0,9.961593855016803,83,42,4,126,118.30399930477142,22.975999861955643
5,20260825T093704Z,mice_column_v1,0.01,0.009961593855016803,10.0,9.961593855016803,83,42,4,127,118.75200271606445,22.52800017595291
5,20260825T093704Z,mice_column_v1,0.03,0.0300048007681229,30.0,30.0048007681229,250,43,0,0,257.4400007724762,45.951999723911285
5,20260825T093704Z,mice_column_v1,0.03,0.0300048007681229,30.0,30.0048007681229,250,43,0,1,122.20799922943115,23.16799946129322
5,20260825T093704Z,mice_column_v1,0.03,0.0300048007681229,30.0,30.0048007681229,250,43,0,2,114.04799669981003,21.75999991595745
5,20260825T093704Z,mice_column_v1,0.03,0.0300048007681229,30.0,30.0048007681229,250,43,0,3,111.58400028944016,21.27999998629093
5,20260825T093704Z,mice_column_v1,0.03,0.0300048007681229,30.0,30.0048007681229,250,43,0,4,108.22399705648422,25.119999423623085
5,20260825T093704Z,mice_column_v1,0.03,0.0300048007681229,30.0,30.0048007681229,250,43,0,5,109.11999642848969,20.608000457286835
5,20260825T093704Z,mice_column_v1,0.03,0.0300048007681229,30.0,30.0048007681229,250,43,0,6,109.8560020327568,21.12000063061714
5,20260825T093704Z,mice_column_v1,0.03,0.0300048007681229,30.0,30.0048007681229,250,43,0,7,107.61599987745285,21.31200022995472
5,20260825T093704Z,mice_column_v1,0.03,0.0300048007681229,30.0,30.0048007681229,250,43,0,8,108.35199803113937,21.247999742627144
5,20260825T093704Z,mice_column_v1,0.03,0.0300048007681229,30.0,30.0048007681229,250,43,0,9,106.08000308275223,20.38400061428547
5,20260825T093704Z,mice_column_v1,0.03,0.0300048007681229,30.0,30.0048007681229,250,43,0,10,110.07999628782272,20.22399939596653
5,20260825T093704Z,mice_column_v1,0.03,0.0300048007681229,30.0,30.0048007681229,250,43,0,11,106.88000172376633,20.287999883294106
5,20260825T093704Z,mice_column_v1,0.03,0.0300048007681229,30.0,30.0048007681229,250,43,0,12,106.91200196743011,20.320000126957893
5,20260825T093704Z,mice_column_v1,0.03,0.0300048007681229,30.0,30.0048007681229,250,43,0,13,106.27199709415436,20.255999639630318
5,20260825T093704Z,mice_column_v1,0.03,0.0300048007681229,30.0,30.0048007681229,250,43,0,14,106.175996363163,20.767999812960625
5,20260825T093704Z,mice_column_v1,0.03,0.0300048007681229,30.0,30.0048007681229,250,43,0,15,106.11200332641602,20.320000126957893
5,20260825T093704Z,mice_column_v1,0.03,0.0300048007681229,30.0,30.0048007681229,250,43,0,16,106.08000308275223,20.54399996995926
5,20260825T093704Z,mice_column_v1,0.03,0.0300048007681229,30.0,30.0048007681229,250,43,0,17,105.3759977221489,20.51199972629547
5,20260825T093704Z,mice_column_v1,0.03,0.0300048007681229,30.0,30.0048007681229,250,43,0,18,105.12000322341919,20.735999569296837
5,20260825T093704Z,mice_column_v1,0.03,0.0300048007681229,30.0,30.0048007681229,250,43,0,19,107.00800269842148,20.864000543951988
5,20260825T093704Z,mice_column_v1,0.03,0.0300048007681229,30.0,30.0048007681229,250,43,0,20,106.36799782514572,20.70399932563305
5,20260825T093704Z,mice_column_v1,0.03,0.0300048007681229,30.0,30.0048007681229,250,43,0,21,106.88000172376633,20.447999238967896
5,20260825T093704Z,mice_column_v1,0.03,0.0300048007681229,30.0,30.0048007681229,250,43,0,22,106.81600123643875,20.99199965596199
5,20260825T093704Z,mice_column_v1,0.03,0.0300048007681229,30.0,30.0048007681229,250,43,0,23,106.62399977445602,20.608000457286835
5,20260825T093704Z,mice_column_v1,0.03,0.0300048007681229,30.0,30.0048007681229,250,43,0,24,106.1440035700798,20.416000857949257
5,20260825T093704Z,mice_column_v1,0.03,0.0300048007681229,30.0,30.0048007681229,250,43,0,25,107.55199939012527,20.576000213623047
5,20260825T093704Z,mice_column_v1,0.03,0.0300048007681229,30.0,30.0048007681229,250,43,0,26,112.22399771213531,20.864000543951988
5,20260825T093704Z,mice_column_v1,0.03,0.0300048007681229,30.0,30.0048007681229,250,43,0,27,106.65600001811981,20.70399932563305
5,20260825T093704Z,mice_column_v1,0.03,0.0300048007681229,30.0,30.0048007681229,250,43,0,28,106.75200074911118,20.608000457286835
5,20260825T093704Z,mice_column_v1,0.03,0.0300048007681229,30.0,30.0048007681229,250,43,0,29,106.9440022110939,20.51199972629547
5,20260825T093704Z,mice_column_v1,0.03,0.0300048007681229,30.0,30.0048007681229,250,43,0,30,107.00800269842148,20.608000457286835
5,20260825T093704Z,mice_column_v1,0.03,0.0300048007681229,30.0,30.0048007681229,250,43,0,31,105.6319996714592,20.35200037062168
5,20260825T093704Z,mice_column_v1,0.03,0.0300048007681229,30.0,30.0048007681229,250,43,0,32,115.52000045776367,20.864000543951988
5,20260825T093704Z,mice_column_v1,0.03,0.0300048007681229,30.0,30.0048007681229,250,43,0,33,106.78400099277496,20.255999639630318
5,20260825T093704Z,mice_column_v1,0.03,0.0300048007681229,30.0,30.0048007681229,250,43,0,34,106.91200196743011,20.896000787615776
5,20260825T093704Z,mice_column_v1,0.03,0.0300048007681229,30.0,30.0048007681229,250,43,0,35,107.10400342941284,21.663999184966087
5,20260825T093704Z,mice_column_v1,0.03,0.0300048007681229,30.0,30.0048007681229,250,43,0,36,106.30399733781815,20.38400061428547
5,20260825T093704Z,mice_column_v1,0.03,0.0300048007681229,30.0,30.0048007681229,250,43,0,37,106.49599879980087,20.70399932563305
5,20260825T093704Z,mice_column_v1,0.03,0.0300048007681229,30.0,30.0048007681229,250,43,0,38,106.04800283908844,20.67199908196926
5,20260825T093704Z,mice_column_v1,0.03,0.0300048007681229,30.0,30.0048007681229,250,43,0,39,112.0000034570694,20.447999238967896
5,20260825T093704Z,mice_column_v1,0.03,0.0300048007681229,30.0,30.0048007681229,250,43,0,40,106.72000050544739,20.67199908196926
5,20260825T093704Z,mice_column_v1,0.03,0.0300048007681229,30.0,30.0048007681229,250,43,0,41,106.78400099277496,20.447999238967896
5,20260825T093704Z,mice_column_v1,0.03,0.0300048007681229,30.0,30.0048007681229,250,43,0,42,110.43199896812439,20.576000213623047
5,20260825T093704Z,mice_column_v1,0.03,0.0300048007681229,30.0,30.0048007681229,250,43,0,43,107.04000294208527,20.38400061428547
5,20260825T093704Z,mice_column_v1,0.03,0.0300048007681229,30.0,30.0048007681229,250,43,0,44,106.01600259542465,20.51199972629547
5,20260825T093704Z,mice_column_v1,0.03,0.0300048007681229,30.0,30.0048007681229,250,43,0,45,106.08000308275223,20.70399932563305
5,20260825T093704Z,mice_column_v1,0.03,0.0300048007681229,30.0,30.0048007681229,250,43,0,46,111.16799712181091,20.70399932563305
5,20260825T093704Z,mice_column_v1,0.03,0.0300048007681229,30.0,30.0048007681229,250,43,0,47,106.62399977445602,20.608000457286835
5,20260825T093704Z,mice_column_v1,0.03,0.0300048007681229,30.0,30.0048007681229,250,43,0,48,106.27199709415436,20.800000056624413
5,20260825T093704Z,mice_column_v1,0.03,0.0300048007681229,30.0,30.0048007681229,250,43,0,49,105.98400235176086,20.800000056624413
5,20260825T093704Z,mice_column_v1,0.03,0.0300048007681229,30.0,30.0048007681229,250,43,0,50,106.49599879980087,21.344000473618507
5,20260825T093704Z,mice_column_v1,0.03,0.0300048007681229,30.0,30.0048007681229,250,43,0,51,105.8880016207695,20.255999639630318
5,20260825T093704Z,mice_column_v1,0.03,0.0300048007681229,30.0,30.0048007681229,250,43,0,52,105.3759977221489,20.67199908196926
5,20260825T093704Z,mice_column_v1,0.03,0.0300048007681229,30.0,30.0048007681229,250,43,0,53,108.19199681282043,20.608000457286835
5,20260825T093704Z,mice_column_v1,0.03,0.0300048007681229,30.0,30.0048007681229,250,43,0,54,106.27199709415436,20.51199972629547
5,20260825T093704Z,mice_column_v1,0.03,0.0300048007681229,30.0,30.0048007681229,250,43,0,55,104.8320010304451,20.191999152302742
5,20260825T093704Z,mice_column_v1,0.03,0.0300048007681229,30.0,30.0048007681229,250,43,0,56,105.18400371074677,20.35200037062168
5,20260825T093704Z,mice_column_v1,0.03,0.0300048007681229,30.0,30.0048007681229,250,43,0,57,105.76000064611435,20.576000213623047
5,20260825T093704Z,mice_column_v1,0.03,0.0300048007681229,30.0,30.0048007681229,250,43,0,58,106.04800283908844,20.479999482631683
5,20260825T093704Z,mice_column_v1,0.03,0.0300048007681229,30.0,30.0048007681229,250,43,0,59,106.72000050544739,20.416000857949257
5,20260825T093704Z,mice_column_v1,0.03,0.0300048007681229,30.0,30.0048007681229,250,43,0,60,108.22399705648422,20.800000056624413
5,20260825T093704Z,mice_column_v1,0.03,0.0300048007681229,30.0,30.0048007681229,250,43,0,61,106.39999806880951,20.67199908196926
5,20260825T093704Z,mice_column_v1,0.03,0.0300048007681229,30.0,30.0048007681229,250,43,0,62,106.55999928712845,20.608000457286835
5,20260825T093704Z,mice_column_v1,0.03,0.0300048007681229,30.0,30.0048007681229,250,43,0,63,105.43999820947647,20.70399932563305
5,20260825T093704Z,mice_column_v1,0.03,0.0300048007681229,30.0,30.0048007681229,250,43,0,64,106.30399733781815,20.896000787615776
5,20260825T093704Z,mice_column_v1,0.03,0.0300048007681229,30.0,30.0048007681229,250,43,0,65,106.78400099277496,20.320000126957893
5,20260825T093704Z,mice_column_v1,0.03,0.0300048007681229,30.0,30.0048007681229,250,43,0,66,106.6880002617836,20.51199972629547
5,20260825T093704Z,mice_column_v1,0.03,0.0300048007681229,30.0,30.0048007681229,250,43,0,67,124.09599870443344,20.767999812960625
5,20260825T093704Z,mice_column_v1,0.03,0.0300048007681229,30.0,30.0048007681229,250,43,0,68,107.744000852108,20.99199965596199
5,20260825T093704Z,mice_column_v1,0.03,0.0300048007681229,30.0,30.0048007681229,250,43,0,69,106.75200074911118,20.8320003002882
5,20260825T093704Z,mice_column_v1,0.03,0.0300048007681229,30.0,30.0048007681229,250,43,0,70,106.49599879980087,21.183999255299568
5,20260825T093704Z,mice_column_v1,0.03,0.0300048007681229,30.0,30.0048007681229,250,43,0,71,107.19999670982361,20.800000056624413
5,20260825T093704Z,mice_column_v1,0.03,0.0300048007681229,30.0,30.0048007681229,250,43,0,72,106.81600123643875,20.576000213623047
5,20260825T093704Z,mice_column_v1,0.03,0.0300048007681229,30.0,30.0048007681229,250,43,0,73,105.76000064611435,20.06400004029274
5,20260825T093704Z,mice_column_v1,0.03,0.0300048007681229,30.0,30.0048007681229,250,43,0,74,108.67200046777725,21.056000143289566
5,20260825T093704Z,mice_column_v1,0.03,0.0300048007681229,30.0,30.0048007681229,250,43,0,75,111.55200004577637,20.608000457286835
5,20260825T093704Z,mice_column_v1,0.03,0.0300048007681229,30.0,30.0048007681229,250,43,0,76,107.58399963378906,20.608000457286835
5,20260825T093704Z,mice_column_v1,0.03,0.0300048007681229,30.0,30.0048007681229,250,43,0,77,106.01600259542465,20.576000213623047
5,20260825T093704Z,mice_column_v1,0.03,0.0300048007681229,30.0,30.0048007681229,250,43,0,78,106.175996363163,20.22399939596653
5,20260825T093704Z,mice_column_v1,0.03,0.0300048007681229,30.0,30.0048007681229,250,43,0,79,106.78400099277496,21.088000386953354
5,20260825T093704Z,mice_column_v1,0.03,0.0300048007681229,30.0,30.0048007681229,250,43,0,80,106.59199953079224,20.640000700950623
5,20260825T093704Z,mice_column_v1,0.03,0.0300048007681229,30.0,30.0048007681229,250,43,0,81,109.56799983978271,20.735999569296837
5,20260825T093704Z,mice_column_v1,0.03,0.0300048007681229,30.0,30.0048007681229,250,43,0,82,106.30399733781815,20.767999812960625
5,20260825T093704Z,mice_column_v1,0.03,0.0300048007681229,30.0,30.0048007681229,250,43,0,83,105.15200346708298,20.160000771284103
5,20260825T093704Z,mice_column_v1,0.03,0.0300048007681229,30.0,30.0048007681229,250,43,0,84,105.79200088977814,20.479999482631683
5,20260825T093704Z,mice_column_v1,0.03,0.0300048007681229,30.0,30.0048007681229,250,43,0,85,105.31199723482132,20.38400061428547
5,20260825T093704Z,mice_column_v1,0.03,0.0300048007681229,30.0,30.0048007681229,250,43,0,86,106.1440035700798,20.640000700950623
5,20260825T093704Z,mice_column_v1,0.03,0.0300048007681229,30.0,30.0048007681229,250,43,0,87,106.97600245475769,20.800000056624413
5,20260825T093704Z,mice_column_v1,0.03,0.0300048007681229,30.0,30.0048007681229,250,43,0,88,108.70400071144104,21.088000386953354
5,20260825T093704Z,mice_column_v1,0.03,0.0300048007681229,30.0,30.0048007681229,250,43,0,89,106.23999685049057,20.191999152302742
5,20260825T093704Z,mice_column_v1,0.03,0.0300048007681229,30.0,30.0048007681229,250,43,0,90,105.98400235176086,20.864000543951988
5,20260825T093704Z,mice_column_v1,0.03,0.0300048007681229,30.0,30.0048007681229,250,43,0,91,109.0880036354065,20.38400061428547
5,20260825T093704Z,mice_column_v1,0.03,0.0300048007681229,30.0,30.0048007681229,250,43,0,92,105.85600137710571,20.447999238967896
5,20260825T093704Z,mice_column_v1,0.03,0.0300048007681229,30.0,30.0048007681229,250,43,0,93,106.1440035700798,20.447999238967896
5,20260825T093704Z,mice_column_v1,0.03,0.0300048007681229,30.0,30.0048007681229,250,43,0,94,105.47199845314026,20.255999639630318
5,20260825T093704Z,mice_column_v1,0.03,0.0300048007681229,30.0,30.0048007681229,250,43,0,95,110.49599945545197,20.38400061428547
5,20260825T093704Z,mice_column_v1,0.03,0.0300048007681229,30.0,30.0048007681229,250,43,0,96,105.66399991512299,20.160000771284103
5,20260825T093704Z,mice_column_v1,0.03,0.0300048007681229,30.0,30.0048007681229,250,43,0,97,106.20799660682678,20.479999482631683
5,20260825T093704Z,mice_column_v1,0.03,0.0300048007681229,30.0,30.0048007681229,250,43,0,98,105.66399991512299,20.06400004029274
5,20260825T093704Z,mice_column_v1,0.03,0.0300048007681229,30.0,30.0048007681229,250,43,0,99,105.59999942779541,20.54399996995926
5,20260825T093704Z,mice_column_v1,0.03,0.0300048007681229,30.0,30.0048007681229,250,43,0,100,104.51199859380722,20.416000857949257
5,20260825T093704Z,mice_column_v1,0.03,0.0300048007681229,30.0,30.0048007681229,250,43,0,101,105.15200346708298,20.447999238967896
5,20260825T093704Z,mice_column_v1,0.03,0.0300048007681229,30.0,30.0048007681229,250,43,0,102,110.04800349473953,20.447999238967896
5,20260825T093704Z,mice_column_v1,0.03,0.0300048007681229,30.0,30.0048007681229,250,43,0,103,105.27999699115753,20.255999639630318
5,20260825T093704Z,mice_column_v1,0.03,0.0300048007681229,30.0,30.0048007681229,250,43,0,104,106.11200332641602,20.8320003002882
5,20260825T093704Z,mice_column_v1,0.03,0.0300048007681229,30.0,30.0048007681229,250,43,0,105,105.47199845314026,20.416000857949257
5,20260825T093704Z,mice_column_v1,0.03,0.0300048007681229,30.0,30.0048007681229,250,43,0,106,105.0880029797554,20.8320003002882
5,20260825T093704Z,mice_column_v1,0.03,0.0300048007681229,30.0,30.0048007681229,250,43,0,107,111.64800077676773,20.287999883294106
5,20260825T093704Z,mice_column_v1,0.03,0.0300048007681229,30.0,30.0048007681229,250,43,0,108,106.49599879980087,20.255999639630318
5,20260825T093704Z,mice_column_v1,0.03,0.0300048007681229,30.0,30.0048007681229,250,43,0,109,106.55999928712845,20.608000457286835
5,20260825T093704Z,mice_column_v1,0.03,0.0300048007681229,30.0,30.0048007681229,250,43,0,110,105.98400235176086,21.088000386953354
5,20260825T093704Z,mice_column_v1,0.03,0.0300048007681229,30.0,30.0048007681229,250,43,0,111,105.79200088977814,20.22399939596653
5,20260825T093704Z,mice_column_v1,0.03,0.0300048007681229,30.0,30.0048007681229,250,43,0,112,104.8320010304451,20.54399996995926
5,20260825T093704Z,mice_column_v1,0.03,0.0300048007681229,30.0,30.0048007681229,250,43,0,113,105.76000064611435,21.215999498963356
5,20260825T093704Z,mice_column_v1,0.03,0.0300048007681229,30.0,30.0048007681229,250,43,0,114,105.79200088977814,20.160000771284103
5,20260825T093704Z,mice_column_v1,0.03,0.0300048007681229,30.0,30.0048007681229,250,43,0,115,106.01600259542465,20.70399932563305
5,20260825T093704Z,mice_column_v1,0.03,0.0300048007681229,30.0,30.0048007681229,250,43,0,116,107.13600367307663,20.255999639630318
5,20260825T093704Z,mice_column_v1,0.03,0.0300048007681229,30.0,30.0048007681229,250,43,0,117,105.69600015878677,20.896000787615776
5,20260825T093704Z,mice_column_v1,0.03,0.0300048007681229,30.0,30.0048007681229,250,43,0,118,106.27199709415436,20.51199972629547
5,20260825T093704Z,mice_column_v1,0.03,0.0300048007681229,30.0,30.0048007681229,250,43,0,119,106.11200332641602,20.54399996995926
5,20260825T093704Z,mice_column_v1,0.03,0.0300048007681229,30.0,30.0048007681229,250,43,0,120,106.11200332641602,20.416000857949257
5,20260825T093704Z,mice_column_v1,0.03,0.0300048007681229,30.0,30.0048007681229,250,43,0,121,105.98400235176086,20.255999639630318
5,20260825T093704Z,mice_column_v1,0.03,0.0300048007681229,30.0,30.0048007681229,250,43,0,122,106.1440035700798,22.048000246286392
5,20260825T093704Z,mice_column_v1,0.03,0.0300048007681229,30.0,30.0048007681229,250,43,0,123,105.72800040245056,20.479999482631683
5,20260825T093704Z,mice_column_v1,0.03,0.0300048007681229,30.0,30.0048007681229,250,43,0,124,107.93600231409073,19.936000928282738
5,20260825T093704Z,mice_column_v1,0.03,0.0300048007681229,30.0,30.0048007681229,250,43,0,125,106.23999685049057,20.128000527620316
5,20260825T093704Z,mice_column_v1,0.03,0.0300048007681229,30.0,30.0048007681229,250,43,0,126,106.08000308275223,20.447999238967896
5,20260825T093704Z,mice_column_v1,0.03,0.0300048007681229,30.0,30.0048007681229,250,43,0,127,107.04000294208527,20.38400061428547
5,20260825T093704Z,mice_column_v1,0.03,0.0300048007681229,30.0,30.0048007681229,250,43,1,0,236.60799860954285,42.399998754262924
5,20260825T093704Z,mice_column_v1,0.03,0.0300048007681229,30.0,30.0048007681229,250,43,1,1,126.17599964141846,23.423999547958374
5,20260825T093704Z,mice_column_v1,0.03,0.0300048007681229,30.0,30.0048007681229,250,43,1,2,114.30399864912033,21.215999498963356
5,20260825T093704Z,mice_column_v1,0.03,0.0300048007681229,30.0,30.0048007681229,250,43,1,3,110.88000237941742,21.43999934196472
5,20260825T093704Z,mice_column_v1,0.03,0.0300048007681229,30.0,30.0048007681229,250,43,1,4,112.67200112342834,21.088000386953354
5,20260825T093704Z,mice_column_v1,0.03,0.0300048007681229,30.0,30.0048007681229,250,43,1,5,109.24799740314484,20.959999412298203
5,20260825T093704Z,mice_column_v1,0.03,0.0300048007681229,30.0,30.0048007681229,250,43,1,6,115.23199826478958,21.215999498963356
5,20260825T093704Z,mice_column_v1,0.03,0.0300048007681229,30.0,30.0048007681229,250,43,1,7,109.18399691581726,20.54399996995926
5,20260825T093704Z,mice_column_v1,0.03,0.0300048007681229,30.0,30.0048007681229,250,43,1,8,112.06399649381638,21.056000143289566
5,20260825T093704Z,mice_column_v1,0.03,0.0300048007681229,30.0,30.0048007681229,250,43,1,9,108.47999900579453,20.864000543951988
5,20260825T093704Z,mice_column_v1,0.03,0.0300048007681229,30.0,30.0048007681229,250,43,1,10,107.39199817180634,20.38400061428547
5,20260825T093704Z,mice_column_v1,0.03,0.0300048007681229,30.0,30.0048007681229,250,43,1,11,107.16799646615982,20.54399996995926
5,20260825T093704Z,mice_column_v1,0.03,0.0300048007681229,30.0,30.0048007681229,250,43,1,12,106.88000172376633,20.54399996995926
5,20260825T093704Z,mice_column_v1,0.03,0.0300048007681229,30.0,30.0048007681229,250,43,1,13,107.13600367307663,20.864000543951988
5,20260825T093704Z,mice_column_v1,0.03,0.0300048007681229,30.0,30.0048007681229,250,43,1,14,106.49599879980087,20.22399939596653
5,20260825T093704Z,mice_column_v1,0.03,0.0300048007681229,30.0,30.0048007681229,250,43,1,15,109.47199910879135,20.800000056624413
5,20260825T093704Z,mice_column_v1,0.03,0.0300048007681229,30.0,30.0048007681229,250,43,1,16,106.27199709415436,20.416000857949257
5,20260825T093704Z,mice_column_v1,0.03,0.0300048007681229,30.0,30.0048007681229,250,43,1,17,105.98400235176086,20.447999238967896
5,20260825T093704Z,mice_column_v1,0.03,0.0300048007681229,30.0,30.0048007681229,250,43,1,18,106.88000172376633,20.51199972629547
5,20260825T093704Z,mice_column_v1,0.03,0.0300048007681229,30.0,30.0048007681229,250,43,1,19,106.59199953079224,20.927999168634415
5,20260825T093704Z,mice_column_v1,0.03,0.0300048007681229,30.0,30.0048007681229,250,43,1,20,106.46399855613708,20.479999482631683
5,20260825T093704Z,mice_column_v1,0.03,0.0300048007681229,30.0,30.0048007681229,250,43,1,21,107.35999792814255,20.67199908196926
5,20260825T093704Z,mice_column_v1,0.03,0.0300048007681229,30.0,30.0048007681229,250,43,1,22,109.6000000834465,25.631999596953392
5,20260825T093704Z,mice_column_v1,0.03,0.0300048007681229,30.0,30.0048007681229,250,43,1,23,106.46399855613708,20.479999482631683
5,20260825T093704Z,mice_column_v1,0.03,0.0300048007681229,30.0,30.0048007681229,250,43,1,24,106.46399855613708,20.320000126957893
5,20260825T093704Z,mice_column_v1,0.03,0.0300048007681229,30.0,30.0048007681229,250,43,1,25,106.36799782514572,20.735999569296837
5,20260825T093704Z,mice_column_v1,0.03,0.0300048007681229,30.0,30.0048007681229,250,43,1,26,106.20799660682678,20.255999639630318
5,20260825T093704Z,mice_column_v1,0.03,0.0300048007681229,30.0,30.0048007681229,250,43,1,27,106.59199953079224,20.22399939596653
5,20260825T093704Z,mice_column_v1,0.03,0.0300048007681229,30.0,30.0048007681229,250,43,1,28,107.19999670982361,20.864000543951988
5,20260825T093704Z,mice_column_v1,0.03,0.0300048007681229,30.0,30.0048007681229,250,43,1,29,107.2319969534874,20.67199908196926
5,20260825T093704Z,mice_column_v1,0.03,0.0300048007681229,30.0,30.0048007681229,250,43,1,30,107.07200318574905,20.191999152302742
5,20260825T093704Z,mice_column_v1,0.03,0.0300048007681229,30.0,30.0048007681229,250,43,1,31,107.45599865913391,20.447999238967896
5,20260825T093704Z,mice_column_v1,0.03,0.0300048007681229,30.0,30.0048007681229,250,43,1,32,107.42399841547012,20.096000283956528
5,20260825T093704Z,mice_column_v1,0.03,0.0300048007681229,30.0,30.0048007681229,250,43,1,33,107.42399841547012,20.54399996995926
5,20260825T093704Z,mice_column_v1,0.03,0.0300048007681229,30.0,30.0048007681229,250,43,1,34,107.10400342941284,20.767999812960625
5,20260825T093704Z,mice_column_v1,0.03,0.0300048007681229,30.0,30.0048007681229,250,43,1,35,107.10400342941284,24.000000208616257
5,20260825T093704Z,mice_column_v1,0.03,0.0300048007681229,30.0,30.0048007681229,250,43,1,36,106.78400099277496,20.416000857949257
5,20260825T093704Z,mice_column_v1,0.03,0.0300048007681229,30.0,30.0048007681229,250,43,1,37,106.97600245475769,20.287999883294106
5,20260825T093704Z,mice_column_v1,0.03,0.0300048007681229,30.0,30.0048007681229,250,43,1,38,106.175996363163,20.896000787615776
5,20260825T093704Z,mice_column_v1,0.03,0.0300048007681229,30.0,30.0048007681229,250,43,1,39,109.31199789047241,21.088000386953354
5,20260825T093704Z,mice_column_v1,0.03,0.0300048007681229,30.0,30.0048007681229,250,43,1,40,106.04800283908844,20.800000056624413
5,20260825T093704Z,mice_column_v1,0.03,0.0300048007681229,30.0,30.0048007681229,250,43,1,41,107.744000852108,20.479999482631683
5,20260825T093704Z,mice_column_v1,0.03,0.0300048007681229,30.0,30.0048007681229,250,43,1,42,106.72000050544739,22.463999688625336
5,20260825T093704Z,mice_column_v1,0.03,0.0300048007681229,30.0,30.0048007681229,250,43,1,43,106.62399977445602,20.255999639630318
5,20260825T093704Z,mice_column_v1,0.03,0.0300048007681229,30.0,30.0048007681229,250,43,1,44,105.53599894046783,20.479999482631683
5,20260825T093704Z,mice_column_v1,0.03,0.0300048007681229,30.0,30.0048007681229,250,43,1,45,106.20799660682678,20.416000857949257
5,20260825T093704Z,mice_column_v1,0.03,0.0300048007681229,30.0,30.0048007681229,250,43,1,46,106.30399733781815,20.416000857949257
5,20260825T093704Z,mice_column_v1,0.03,0.0300048007681229,30.0,30.0048007681229,250,43,1,47,105.66399991512299,20.320000126957893
5,20260825T093704Z,mice_column_v1,0.03,0.0300048007681229,30.0,30.0048007681229,250,43,1,48,105.59999942779541,20.38400061428547
5,20260825T093704Z,mice_column_v1,0.03,0.0300048007681229,30.0,30.0048007681229,250,43,1,49,106.4319983124733,22.112000733613968
5,20260825T093704Z,mice_column_v1,0.03,0.0300048007681229,30.0,30.0048007681229,250,43,1,50,106.59199953079224,20.51199972629547
5,20260825T093704Z,mice_column_v1,0.03,0.0300048007681229,30.0,30.0048007681229,250,43,1,51,106.6880002617836,20.160000771284103
5,20260825T093704Z,mice_column_v1,0.03,0.0300048007681229,30.0,30.0048007681229,250,43,1,52,105.92000186443329,20.287999883294106
5,20260825T093704Z,mice_column_v1,0.03,0.0300048007681229,30.0,30.0048007681229,250,43,1,53,106.97600245475769,20.800000056624413
5,20260825T093704Z,mice_column_v1,0.03,0.0300048007681229,30.0,30.0048007681229,250,43,1,54,105.47199845314026,20.608000457286835
5,20260825T093704Z,mice_column_v1,0.03,0.0300048007681229,30.0,30.0048007681229,250,43,1,55,108.89600217342377,20.479999482631683
5,20260825T093704Z,mice_column_v1,0.03,0.0300048007681229,30.0,30.0048007681229,250,43,1,56,106.49599879980087,23.711999878287315
5,20260825T093704Z,mice_column_v1,0.03,0.0300048007681229,30.0,30.0048007681229,250,43,1,57,107.42399841547012,20.576000213623047
5,20260825T093704Z,mice_column_v1,0.03,0.0300048007681229,30.0,30.0048007681229,250,43,1,58,106.36799782514572,19.936000928282738
5,20260825T093704Z,mice_column_v1,0.03,0.0300048007681229,30.0,30.0048007681229,250,43,1,59,105.72800040245056,20.35200037062168
5,20260825T093704Z,mice_column_v1,0.03,0.0300048007681229,30.0,30.0048007681229,250,43,1,60,104.92800176143646,20.287999883294106
5,20260825T093704Z,mice_column_v1,0.03,0.0300048007681229,30.0,30.0048007681229,250,43,1,61,104.44799810647964,20.255999639630318
5,20260825T093704Z,mice_column_v1,0.03,0.0300048007681229,30.0,30.0048007681229,250,43,1,62,106.1440035700798,20.160000771284103
5,20260825T093704Z,mice_column_v1,0.03,0.0300048007681229,30.0,30.0048007681229,250,43,1,63,105.18400371074677,22.23999984562397
5,20260825T093704Z,mice_column_v1,0.03,0.0300048007681229,30.0,30.0048007681229,250,43,1,64,105.0880029797554,20.35200037062168
5,20260825T093704Z,mice_column_v1,0.03,0.0300048007681229,30.0,30.0048007681229,250,43,1,65,106.08000308275223,20.096000283956528
5,20260825T093704Z,mice_column_v1,0.03,0.0300048007681229,30.0,30.0048007681229,250,43,1,66,105.92000186443329,20.191999152302742
5,20260825T093704Z,mice_column_v1,0.03,0.0300048007681229,30.0,30.0048007681229,250,43,1,67,107.04000294208527,20.35200037062168
5,20260825T093704Z,mice_column_v1,0.03,0.0300048007681229,30.0,30.0048007681229,250,43,1,68,105.27999699115753,19.967999309301376
5,20260825T093704Z,mice_column_v1,0.03,0.0300048007681229,30.0,30.0048007681229,250,43,1,69,105.24799674749374,20.54399996995926
5,20260825T093704Z,mice_column_v1,0.03,0.0300048007681229,30.0,30.0048007681229,250,43,1,70,107.19999670982361,22.463999688625336
5,20260825T093704Z,mice_column_v1,0.03,0.0300048007681229,30.0,30.0048007681229,250,43,1,71,109.0560033917427,20.35200037062168
5,20260825T093704Z,mice_column_v1,0.03,0.0300048007681229,30.0,30.0048007681229,250,43,1,72,105.59999942779541,20.38400061428547
5,20260825T093704Z,mice_column_v1,0.03,0.0300048007681229,30.0,30.0048007681229,250,43,1,73,105.31199723482132,20.479999482631683
5,20260825T093704Z,mice_column_v1,0.03,0.0300048007681229,30.0,30.0048007681229,250,43,1,74,105.40799796581268,20.416000857949257
5,20260825T093704Z,mice_column_v1,0.03,0.0300048007681229,30.0,30.0048007681229,250,43,1,75,105.72800040245056,20.927999168634415
5,20260825T093704Z,mice_column_v1,0.03,0.0300048007681229,30.0,30.0048007681229,250,43,1,76,105.8880016207695,20.576000213623047
5,20260825T093704Z,mice_column_v1,0.03,0.0300048007681229,30.0,30.0048007681229,250,43,1,77,105.66399991512299,20.735999569296837
5,20260825T093704Z,mice_column_v1,0.03,0.0300048007681229,30.0,30.0048007681229,250,43,1,78,106.97600245475769,20.479999482631683
5,20260825T093704Z,mice_column_v1,0.03,0.0300048007681229,30.0,30.0048007681229,250,43,1,79,106.36799782514572,20.54399996995926
5,20260825T093704Z,mice_column_v1,0.03,0.0300048007681229,30.0,30.0048007681229,250,43,1,80,106.6880002617836,20.128000527620316
5,20260825T093704Z,mice_column_v1,0.03,0.0300048007681229,30.0,30.0048007681229,250,43,1,81,105.76000064611435,20.576000213623047
5,20260825T093704Z,mice_column_v1,0.03,0.0300048007681229,30.0,30.0048007681229,250,43,1,82,106.72000050544739,20.287999883294106
5,20260825T093704Z,mice_column_v1,0.03,0.0300048007681229,30.0,30.0048007681229,250,43,1,83,105.92000186443329,20.640000700950623
5,20260825T093704Z,mice_column_v1,0.03,0.0300048007681229,30.0,30.0048007681229,250,43,1,84,109.82400178909302,20.479999482631683
5,20260825T093704Z,mice_column_v1,0.03,0.0300048007681229,30.0,30.0048007681229,250,43,1,85,106.59199953079224,20.35200037062168
5,20260825T093704Z,mice_column_v1,0.03,0.0300048007681229,30.0,30.0048007681229,250,43,1,86,106.55999928712845,20.608000457286835
5,20260825T093704Z,mice_column_v1,0.03,0.0300048007681229,30.0,30.0048007681229,250,43,1,87,106.27199709415436,20.479999482631683
5,20260825T093704Z,mice_column_v1,0.03,0.0300048007681229,30.0,30.0048007681229,250,43,1,88,106.9440022110939,20.8320003002882
5,20260825T093704Z,mice_column_v1,0.03,0.0300048007681229,30.0,30.0048007681229,250,43,1,89,105.98400235176086,20.735999569296837
5,20260825T093704Z,mice_column_v1,0.03,0.0300048007681229,30.0,30.0048007681229,250,43,1,90,105.92000186443329,20.160000771284103
5,20260825T093704Z,mice_column_v1,0.03,0.0300048007681229,30.0,30.0048007681229,250,43,1,91,110.78400164842606,20.51199972629547
5,20260825T093704Z,mice_column_v1,0.03,0.0300048007681229,30.0,30.0048007681229,250,43,1,92,107.29599744081497,20.287999883294106
5,20260825T093704Z,mice_column_v1,0.03,0.0300048007681229,30.0,30.0048007681229,250,43,1,93,107.07200318574905,20.640000700950623
5,20260825T093704Z,mice_column_v1,0.03,0.0300048007681229,30.0,30.0048007681229,250,43,1,94,106.62399977445602,20.70399932563305
5,20260825T093704Z,mice_column_v1,0.03,0.0300048007681229,30.0,30.0048007681229,250,43,1,95,106.4319983124733,20.640000700950623
5,20260825T093704Z,mice_column_v1,0.03,0.0300048007681229,30.0,30.0048007681229,250,43,1,96,106.20799660682678,20.35200037062168
5,20260825T093704Z,mice_column_v1,0.03,0.0300048007681229,30.0,30.0048007681229,250,43,1,97,106.39999806880951,20.67199908196926
5,20260825T093704Z,mice_column_v1,0.03,0.0300048007681229,30.0,30.0048007681229,250,43,1,98,110.97600311040878,20.255999639630318
5,20260825T093704Z,mice_column_v1,0.03,0.0300048007681229,30.0,30.0048007681229,250,43,1,99,106.6880002617836,20.54399996995926
5,20260825T093704Z,mice_column_v1,0.03,0.0300048007681229,30.0,30.0048007681229,250,43,1,100,105.82400113344193,20.031999796628952
5,20260825T093704Z,mice_column_v1,0.03,0.0300048007681229,30.0,30.0048007681229,250,43,1,101,106.23999685049057,20.35200037062168
5,20260825T093704Z,mice_column_v1,0.03,0.0300048007681229,30.0,30.0048007681229,250,43,1,102,105.6319996714592,20.191999152302742
5,20260825T093704Z,mice_column_v1,0.03,0.0300048007681229,30.0,30.0048007681229,250,43,1,103,106.04800283908844,20.479999482631683
5,20260825T093704Z,mice_column_v1,0.03,0.0300048007681229,30.0,30.0048007681229,250,43,1,104,110.88000237941742,20.767999812960625
5,20260825T093704Z,mice_column_v1,0.03,0.0300048007681229,30.0,30.0048007681229,250,43,1,105,109.18399691581726,20.35200037062168
5,20260825T093704Z,mice_column_v1,0.03,0.0300048007681229,30.0,30.0048007681229,250,43,1,106,106.55999928712845,20.576000213623047
5,20260825T093704Z,mice_column_v1,0.03,0.0300048007681229,30.0,30.0048007681229,250,43,1,107,105.6319996714592,20.38400061428547
5,20260825T093704Z,mice_column_v1,0.03,0.0300048007681229,30.0,30.0048007681229,250,43,1,108,106.36799782514572,20.70399932563305
5,20260825T093704Z,mice_column_v1,0.03,0.0300048007681229,30.0,30.0048007681229,250,43,1,109,106.55999928712845,20.54399996995926
5,20260825T093704Z,mice_column_v1,0.03,0.0300048007681229,30.0,30.0048007681229,250,43,1,110,105.31199723482132,20.447999238967896
5,20260825T093704Z,mice_column_v1,0.03,0.0300048007681229,30.0,30.0048007681229,250,43,1,111,105.34399747848511,20.320000126957893
5,20260825T093704Z,mice_column_v1,0.03,0.0300048007681229,30.0,30.0048007681229,250,43,1,112,109.37599837779999,19.936000928282738
5,20260825T093704Z,mice_column_v1,0.03,0.0300048007681229,30.0,30.0048007681229,250,43,1,113,106.30399733781815,19.999999552965164
5,20260825T093704Z,mice_column_v1,0.03,0.0300048007681229,30.0,30.0048007681229,250,43,1,114,106.23999685049057,20.576000213623047
5,20260825T093704Z,mice_column_v1,0.03,0.0300048007681229,30.0,30.0048007681229,250,43,1,115,105.85600137710571,20.864000543951988
5,20260825T093704Z,mice_column_v1,0.03,0.0300048007681229,30.0,30.0048007681229,250,43,1,116,105.76000064611435,20.160000771284103
5,20260825T093704Z,mice_column_v1,0.03,0.0300048007681229,30.0,30.0048007681229,250,43,1,117,106.01600259542465,20.416000857949257
5,20260825T093704Z,mice_column_v1,0.03,0.0300048007681229,30.0,30.0048007681229,250,43,1,118,105.12000322341919,20.255999639630318
5,20260825T093704Z,mice_column_v1,0.03,0.0300048007681229,30.0,30.0048007681229,250,43,1,119,111.58400028944016,20.35200037062168
5,20260825T093704Z,mice_column_v1,0.03,0.0300048007681229,30.0,30.0048007681229,250,43,1,120,106.39999806880951,20.51199972629547
5,20260825T093704Z,mice_column_v1,0.03,0.0300048007681229,30.0,30.0048007681229,250,43,1,121,106.49599879980087,20.255999639630318
5,20260825T093704Z,mice_column_v1,0.03,0.0300048007681229,30.0,30.0048007681229,250,43,1,122,105.95200210809708,20.67199908196926
5,20260825T093704Z,mice_column_v1,0.03,0.0300048007681229,30.0,30.0048007681229,250,43,1,123,105.47199845314026,20.54399996995926
5,20260825T093704Z,mice_column_v1,0.03,0.0300048007681229,30.0,30.0048007681229,250,43,1,124,104.89600151777267,20.128000527620316
5,20260825T093704Z,mice_column_v1,0.03,0.0300048007681229,30.0,30.0048007681229,250,43,1,125,105.3759977221489,20.864000543951988
5,20260825T093704Z,mice_column_v1,0.03,0.0300048007681229,30.0,30.0048007681229,250,43,1,126,108.12799632549286,20.255999639630318
5,20260825T093704Z,mice_column_v1,0.03,0.0300048007681229,30.0,30.0048007681229,250,43,1,127,105.59999942779541,20.287999883294106
5,20260825T093704Z,mice_column_v1,0.03,0.0300048007681229,30.0,30.0048007681229,250,43,2,0,316.6080117225647,45.27999833226204
5,20260825T093704Z,mice_column_v1,0.03,0.0300048007681229,30.0,30.0048007681229,250,43,2,1,129.95199859142303,23.296000435948372
5,20260825T093704Z,mice_column_v1,0.03,0.0300048007681229,30.0,30.0048007681229,250,43,2,2,112.5119999051094,21.503999829292297
5,20260825T093704Z,mice_column_v1,0.03,0.0300048007681229,30.0,30.0048007681229,250,43,2,3,111.26399785280228,21.568000316619873
5,20260825T093704Z,mice_column_v1,0.03,0.0300048007681229,30.0,30.0048007681229,250,43,2,4,109.72800105810165,21.088000386953354
5,20260825T093704Z,mice_column_v1,0.03,0.0300048007681229,30.0,30.0048007681229,250,43,2,5,108.51199924945831,20.959999412298203
5,20260825T093704Z,mice_column_v1,0.03,0.0300048007681229,30.0,30.0048007681229,250,43,2,6,108.83200168609619,21.15200087428093
5,20260825T093704Z,mice_column_v1,0.03,0.0300048007681229,30.0,30.0048007681229,250,43,2,7,109.24799740314484,20.8320003002882
5,20260825T093704Z,mice_column_v1,0.03,0.0300048007681229,30.0,30.0048007681229,250,43,2,8,110.944002866745,21.727999672293663
5,20260825T093704Z,mice_column_v1,0.03,0.0300048007681229,30.0,30.0048007681229,250,43,2,9,109.69600081443787,21.43999934196472
5,20260825T093704Z,mice_column_v1,0.03,0.0300048007681229,30.0,30.0048007681229,250,43,2,10,106.91200196743011,21.023999899625778
5,20260825T093704Z,mice_column_v1,0.03,0.0300048007681229,30.0,30.0048007681229,250,43,2,11,111.10399663448334,20.8320003002882
5,20260825T093704Z,mice_column_v1,0.03,0.0300048007681229,30.0,30.0048007681229,250,43,2,12,107.16799646615982,20.767999812960625
5,20260825T093704Z,mice_column_v1,0.03,0.0300048007681229,30.0,30.0048007681229,250,43,2,13,106.91200196743011,20.927999168634415
5,20260825T093704Z,mice_column_v1,0.03,0.0300048007681229,30.0,30.0048007681229,250,43,2,14,110.17599701881409,20.576000213623047
5,20260825T093704Z,mice_column_v1,0.03,0.0300048007681229,30.0,30.0048007681229,250,43,2,15,106.97600245475769,20.927999168634415
5,20260825T093704Z,mice_column_v1,0.03,0.0300048007681229,30.0,30.0048007681229,250,43,2,16,107.13600367307663,20.54399996995926
5,20260825T093704Z,mice_column_v1,0.03,0.0300048007681229,30.0,30.0048007681229,250,43,2,17,106.01600259542465,20.67199908196926
5,20260825T093704Z,mice_column_v1,0.03,0.0300048007681229,30.0,30.0048007681229,250,43,2,18,107.13600367307663,21.023999899625778
5,20260825T093704Z,mice_column_v1,0.03,0.0300048007681229,30.0,30.0048007681229,250,43,2,19,107.35999792814255,21.31200022995472
5,20260825T093704Z,mice_column_v1,0.03,0.0300048007681229,30.0,30.0048007681229,250,43,2,20,106.175996363163,20.864000543951988
5,20260825T093704Z,mice_column_v1,0.03,0.0300048007681229,30.0,30.0048007681229,250,43,2,21,109.63200032711029,20.800000056624413
5,20260825T093704Z,mice_column_v1,0.03,0.0300048007681229,30.0,30.0048007681229,250,43,2,22,106.84800148010254,21.247999742627144
5,20260825T093704Z,mice_column_v1,0.03,0.0300048007681229,30.0,30.0048007681229,250,43,2,23,106.4319983124733,20.447999238967896
5,20260825T093704Z,mice_column_v1,0.03,0.0300048007681229,30.0,30.0048007681229,250,43,2,24,107.2319969534874,20.959999412298203
5,20260825T093704Z,mice_column_v1,0.03,0.0300048007681229,30.0,30.0048007681229,250,43,2,25,106.39999806880951,20.320000126957893
5,20260825T093704Z,mice_column_v1,0.03,0.0300048007681229,30.0,30.0048007681229,250,43,2,26,106.72000050544739,20.479999482631683
5,20260825T093704Z,mice_column_v1,0.03,0.0300048007681229,30.0,30.0048007681229,250,43,2,27,111.7120012640953,20.800000056624413
5,20260825T093704Z,mice_column_v1,0.03,0.0300048007681229,30.0,30.0048007681229,250,43,2,28,109.21599715948105,20.640000700950623
5,20260825T093704Z,mice_column_v1,0.03,0.0300048007681229,30.0,30.0048007681229,250,43,2,29,106.49599879980087,20.287999883294106
5,20260825T093704Z,mice_column_v1,0.03,0.0300048007681229,30.0,30.0048007681229,250,43,2,30,105.92000186443329,20.767999812960625
5,20260825T093704Z,mice_column_v1,0.03,0.0300048007681229,30.0,30.0048007681229,250,43,2,31,106.55999928712845,20.54399996995926
5,20260825T093704Z,mice_column_v1,0.03,0.0300048007681229,30.0,30.0048007681229,250,43,2,32,107.13600367307663,20.320000126957893
5,20260825T093704Z,mice_column_v1,0.03,0.0300048007681229,30.0,30.0048007681229,250,43,2,33,105.82400113344193,20.35200037062168
5,20260825T093704Z,mice_column_v1,0.03,0.0300048007681229,30.0,30.0048007681229,250,43,2,34,106.75200074911118,20.927999168634415
5,20260825T093704Z,mice_column_v1,0.03,0.0300048007681229,30.0,30.0048007681229,250,43,2,35,111.96800321340561,20.608000457286835
5,20260825T093704Z,mice_column_v1,0.03,0.0300048007681229,30.0,30.0048007681229,250,43,2,36,106.81600123643875,20.864000543951988
5,20260825T093704Z,mice_column_v1,0.03,0.0300048007681229,30.0,30.0048007681229,250,43,2,37,105.3759977221489,20.320000126957893
5,20260825T093704Z,mice_column_v1,0.03,0.0300048007681229,30.0,30.0048007681229,250,43,2,38,107.2319969534874,20.99199965596199
5,20260825T093704Z,mice_column_v1,0.03,0.0300048007681229,30.0,30.0048007681229,250,43,2,39,106.75200074911118,20.67199908196926
5,20260825T093704Z,mice_column_v1,0.03,0.0300048007681229,30.0,30.0048007681229,250,43,2,40,106.46399855613708,20.576000213623047
5,20260825T093704Z,mice_column_v1,0.03,0.0300048007681229,30.0,30.0048007681229,250,43,2,41,106.81600123643875,20.320000126957893
5,20260825T093704Z,mice_column_v1,0.03,0.0300048007681229,30.0,30.0048007681229,250,43,2,42,112.67200112342834,21.407999098300934
5,20260825T093704Z,mice_column_v1,0.03,0.0300048007681229,30.0,30.0048007681229,250,43,2,43,108.70400071144104,21.183999255299568
5,20260825T093704Z,mice_column_v1,0.03,0.0300048007681229,30.0,30.0048007681229,250,43,2,44,106.91200196743011,20.576000213623047
5,20260825T093704Z,mice_column_v1,0.03,0.0300048007681229,30.0,30.0048007681229,250,43,2,45,106.91200196743011,20.576000213623047
5,20260825T093704Z,mice_column_v1,0.03,0.0300048007681229,30.0,30.0048007681229,250,43,2,46,106.52799904346466,20.800000056624413
5,20260825T093704Z,mice_column_v1,0.03,0.0300048007681229,30.0,30.0048007681229,250,43,2,47,106.72000050544739,20.51199972629547
5,20260825T093704Z,mice_column_v1,0.03,0.0300048007681229,30.0,30.0048007681229,250,43,2,48,106.30399733781815,19.74399946630001
5,20260825T093704Z,mice_column_v1,0.03,0.0300048007681229,30.0,30.0048007681229,250,43,2,49,110.23999750614166,21.15200087428093
5,20260825T093704Z,mice_column_v1,0.03,0.0300048007681229,30.0,30.0048007681229,250,43,2,50,106.4319983124733,20.735999569296837
5,20260825T093704Z,mice_column_v1,0.03,0.0300048007681229,30.0,30.0048007681229,250,43,2,51,107.45599865913391,20.800000056624413
5,20260825T093704Z,mice_column_v1,0.03,0.0300048007681229,30.0,30.0048007681229,250,43,2,52,105.79200088977814,19.999999552965164
5,20260825T093704Z,mice_column_v1,0.03,0.0300048007681229,30.0,30.0048007681229,250,43,2,53,107.16799646615982,20.67199908196926
5,20260825T093704Z,mice_column_v1,0.03,0.0300048007681229,30.0,30.0048007681229,250,43,2,54,106.97600245475769,20.38400061428547
5,20260825T093704Z,mice_column_v1,0.03,0.0300048007681229,30.0,30.0048007681229,250,43,2,55,106.39999806880951,20.608000457286835
5,20260825T093704Z,mice_column_v1,0.03,0.0300048007681229,30.0,30.0048007681229,250,43,2,56,109.66400057077408,20.447999238967896
5,20260825T093704Z,mice_column_v1,0.03,0.0300048007681229,30.0,30.0048007681229,250,43,2,57,106.36799782514572,20.479999482631683
5,20260825T093704Z,mice_column_v1,0.03,0.0300048007681229,30.0,30.0048007681229,250,43,2,58,106.36799782514572,20.447999238967896
5,20260825T093704Z,mice_column_v1,0.03,0.0300048007681229,30.0,30.0048007681229,250,43,2,59,106.39999806880951,20.640000700950623
5,20260825T093704Z,mice_column_v1,0.03,0.0300048007681229,30.0,30.0048007681229,250,43,2,60,105.72800040245056,20.70399932563305
5,20260825T093704Z,mice_column_v1,0.03,0.0300048007681229,30.0,30.0048007681229,250,43,2,61,106.175996363163,20.06400004029274
5,20260825T093704Z,mice_column_v1,0.03,0.0300048007681229,30.0,30.0048007681229,250,43,2,62,105.56799918413162,20.447999238967896
5,20260825T093704Z,mice_column_v1,0.03,0.0300048007681229,30.0,30.0048007681229,250,43,2,63,111.13599687814713,20.70399932563305
5,20260825T093704Z,mice_column_v1,0.03,0.0300048007681229,30.0,30.0048007681229,250,43,2,64,105.76000064611435,20.54399996995926
5,20260825T093704Z,mice_column_v1,0.03,0.0300048007681229,30.0,30.0048007681229,250,43,2,65,106.175996363163,20.191999152302742
5,20260825T093704Z,mice_column_v1,0.03,0.0300048007681229,30.0,30.0048007681229,250,43,2,66,105.31199723482132,20.608000457286835
5,20260825T093704Z,mice_column_v1,0.03,0.0300048007681229,30.0,30.0048007681229,250,43,2,67,105.6319996714592,19.936000928282738
5,20260825T093704Z,mice_column_v1,0.03,0.0300048007681229,30.0,30.0048007681229,250,43,2,68,105.85600137710571,20.416000857949257
5,20260825T093704Z,mice_column_v1,0.03,0.0300048007681229,30.0,30.0048007681229,250,43,2,69,106.4319983124733,20.51199972629547
5,20260825T093704Z,mice_column_v1,0.03,0.0300048007681229,30.0,30.0048007681229,250,43,2,70,109.24799740314484,20.70399932563305
5,20260825T093704Z,mice_column_v1,0.03,0.0300048007681229,30.0,30.0048007681229,250,43,2,71,105.6319996714592,20.640000700950623
5,20260825T093704Z,mice_column_v1,0.03,0.0300048007681229,30.0,30.0048007681229,250,43,2,72,106.20799660682678,20.640000700950623
5,20260825T093704Z,mice_column_v1,0.03,0.0300048007681229,30.0,30.0048007681229,250,43,2,73,105.12000322341919,20.096000283956528
5,20260825T093704Z,mice_column_v1,0.03,0.0300048007681229,30.0,30.0048007681229,250,43,2,74,104.80000078678131,20.54399996995926
5,20260825T093704Z,mice_column_v1,0.03,0.0300048007681229,30.0,30.0048007681229,250,43,2,75,106.27199709415436,20.67199908196926
5,20260825T093704Z,mice_column_v1,0.03,0.0300048007681229,30.0,30.0048007681229,250,43,2,76,111.55200004577637,20.51199972629547
5,20260825T093704Z,mice_column_v1,0.03,0.0300048007681229,30.0,30.0048007681229,250,43,2,77,107.26399719715118,20.38400061428547
5,20260825T093704Z,mice_column_v1,0.03,0.0300048007681229,30.0,30.0048007681229,250,43,2,78,105.92000186443329,20.447999238967896
5,20260825T093704Z,mice_column_v1,0.03,0.0300048007681229,30.0,30.0048007681229,250,43,2,79,107.13600367307663,20.479999482631683
5,20260825T093704Z,mice_column_v1,0.03,0.0300048007681229,30.0,30.0048007681229,250,43,2,80,106.04800283908844,20.38400061428547
5,20260825T093704Z,mice_column_v1,0.03,0.0300048007681229,30.0,30.0048007681229,250,43,2,81,106.20799660682678,20.160000771284103
5,20260825T093704Z,mice_column_v1,0.03,0.0300048007681229,30.0,30.0048007681229,250,43,2,82,105.3759977221489,20.767999812960625
5,20260825T093704Z,mice_column_v1,0.03,0.0300048007681229,30.0,30.0048007681229,250,43,2,83,106.88000172376633,20.479999482631683
5,20260825T093704Z,mice_column_v1,0.03,0.0300048007681229,30.0,30.0048007681229,250,43,2,84,107.00800269842148,20.896000787615776
5,20260825T093704Z,mice_column_v1,0.03,0.0300048007681229,30.0,30.0048007681229,250,43,2,85,106.81600123643875,20.447999238967896
5,20260825T093704Z,mice_column_v1,0.03,0.0300048007681229,30.0,30.0048007681229,250,43,2,86,106.30399733781815,20.320000126957893
5,20260825T093704Z,mice_column_v1,0.03,0.0300048007681229,30.0,30.0048007681229,250,43,2,87,107.07200318574905,20.735999569296837
5,20260825T093704Z,mice_column_v1,0.03,0.0300048007681229,30.0,30.0048007681229,250,43,2,88,106.04800283908844,20.640000700950623
5,20260825T093704Z,mice_column_v1,0.03,0.0300048007681229,30.0,30.0048007681229,250,43,2,89,106.72000050544739,20.38400061428547
5,20260825T093704Z,mice_column_v1,0.03,0.0300048007681229,30.0,30.0048007681229,250,43,2,90,107.00800269842148,25.05600079894066
5,20260825T093704Z,mice_column_v1,0.03,0.0300048007681229,30.0,30.0048007681229,250,43,2,91,107.4879989027977,20.864000543951988
5,20260825T093704Z,mice_column_v1,0.03,0.0300048007681229,30.0,30.0048007681229,250,43,2,92,109.92000252008438,20.800000056624413
5,20260825T093704Z,mice_column_v1,0.03,0.0300048007681229,30.0,30.0048007681229,250,43,2,93,106.6880002617836,20.416000857949257
5,20260825T093704Z,mice_column_v1,0.03,0.0300048007681229,30.0,30.0048007681229,250,43,2,94,106.33599758148193,20.767999812960625
5,20260825T093704Z,mice_column_v1,0.03,0.0300048007681229,30.0,30.0048007681229,250,43,2,95,105.59999942779541,20.479999482631683
5,20260825T093704Z,mice_column_v1,0.03,0.0300048007681229,30.0,30.0048007681229,250,43,2,96,106.27199709415436,20.38400061428547
5,20260825T093704Z,mice_column_v1,0.03,0.0300048007681229,30.0,30.0048007681229,250,43,2,97,105.21599650382996,23.391999304294586
5,20260825T093704Z,mice_column_v1,0.03,0.0300048007681229,30.0,30.0048007681229,250,43,2,98,106.39999806880951,20.735999569296837
5,20260825T093704Z,mice_column_v1,0.03,0.0300048007681229,30.0,30.0048007681229,250,43,2,99,105.95200210809708,20.8320003002882
5,20260825T093704Z,mice_column_v1,0.03,0.0300048007681229,30.0,30.0048007681229,250,43,2,100,105.3759977221489,20.54399996995926
5,20260825T093704Z,mice_column_v1,0.03,0.0300048007681229,30.0,30.0048007681229,250,43,2,101,106.11200332641602,20.959999412298203
5,20260825T093704Z,mice_column_v1,0.03,0.0300048007681229,30.0,30.0048007681229,250,43,2,102,105.98400235176086,20.416000857949257
5,20260825T093704Z,mice_column_v1,0.03,0.0300048007681229,30.0,30.0048007681229,250,43,2,103,105.34399747848511,20.320000126957893
5,20260825T093704Z,mice_column_v1,0.03,0.0300048007681229,30.0,30.0048007681229,250,43,2,104,105.92000186443329,23.80800060927868
5,20260825T093704Z,mice_column_v1,0.03,0.0300048007681229,30.0,30.0048007681229,250,43,2,105,107.55199939012527,20.896000787615776
5,20260825T093704Z,mice_column_v1,0.03,0.0300048007681229,30.0,30.0048007681229,250,43,2,106,106.36799782514572,20.8320003002882
5,20260825T093704Z,mice_column_v1,0.03,0.0300048007681229,30.0,30.0048007681229,250,43,2,107,105.43999820947647,20.608000457286835
5,20260825T093704Z,mice_column_v1,0.03,0.0300048007681229,30.0,30.0048007681229,250,43,2,108,106.36799782514572,20.608000457286835
5,20260825T093704Z,mice_column_v1,0.03,0.0300048007681229,30.0,30.0048007681229,250,43,2,109,106.39999806880951,20.416000857949257
5,20260825T093704Z,mice_column_v1,0.03,0.0300048007681229,30.0,30.0048007681229,250,43,2,110,105.50399869680405,19.872000440955162
5,20260825T093704Z,mice_column_v1,0.03,0.0300048007681229,30.0,30.0048007681229,250,43,2,111,105.53599894046783,20.51199972629547
5,20260825T093704Z,mice_column_v1,0.03,0.0300048007681229,30.0,30.0048007681229,250,43,2,112,106.175996363163,20.608000457286835
5,20260825T093704Z,mice_column_v1,0.03,0.0300048007681229,30.0,30.0048007681229,250,43,2,113,105.8880016207695,20.70399932563305
5,20260825T093704Z,mice_column_v1,0.03,0.0300048007681229,30.0,30.0048007681229,250,43,2,114,105.72800040245056,20.54399996995926
5,20260825T093704Z,mice_column_v1,0.03,0.0300048007681229,30.0,30.0048007681229,250,43,2,115,106.27199709415436,20.70399932563305
5,20260825T093704Z,mice_column_v1,0.03,0.0300048007681229,30.0,30.0048007681229,250,43,2,116,105.82400113344193,20.447999238967896
5,20260825T093704Z,mice_column_v1,0.03,0.0300048007681229,30.0,30.0048007681229,250,43,2,117,106.27199709415436,20.640000700950623
5,20260825T093704Z,mice_column_v1,0.03,0.0300048007681229,30.0,30.0048007681229,250,43,2,118,106.1440035700798,20.67199908196926
5,20260825T093704Z,mice_column_v1,0.03,0.0300048007681229,30.0,30.0048007681229,250,43,2,119,107.26399719715118,20.255999639630318
5,20260825T093704Z,mice_column_v1,0.03,0.0300048007681229,30.0,30.0048007681229,250,43,2,120,107.45599865913391,20.8320003002882
5,20260825T093704Z,mice_column_v1,0.03,0.0300048007681229,30.0,30.0048007681229,250,43,2,121,106.62399977445602,20.191999152302742
5,20260825T093704Z,mice_column_v1,0.03,0.0300048007681229,30.0,30.0048007681229,250,43,2,122,106.49599879980087,20.576000213623047
5,20260825T093704Z,mice_column_v1,0.03,0.0300048007681229,30.0,30.0048007681229,250,43,2,123,106.75200074911118,20.896000787615776
5,20260825T093704Z,mice_column_v1,0.03,0.0300048007681229,30.0,30.0048007681229,250,43,2,124,105.6319996714592,20.51199972629547
5,20260825T093704Z,mice_column_v1,0.03,0.0300048007681229,30.0,30.0048007681229,250,43,2,125,108.44799876213074,20.800000056624413
5,20260825T093704Z,mice_column_v1,0.03,0.0300048007681229,30.0,30.0048007681229,250,43,2,126,106.88000172376633,20.287999883294106
5,20260825T093704Z,mice_column_v1,0.03,0.0300048007681229,30.0,30.0048007681229,250,43,2,127,106.52799904346466,20.160000771284103
5,20260825T093704Z,mice_column_v1,0.03,0.0300048007681229,30.0,30.0048007681229,250,43,3,0,258.14399123191833,46.39999940991402
5,20260825T093704Z,mice_column_v1,0.03,0.0300048007681229,30.0,30.0048007681229,250,43,3,1,120.03199756145477,22.975999861955643
5,20260825T093704Z,mice_column_v1,0.03,0.0300048007681229,30.0,30.0048007681229,250,43,3,2,112.96000331640244,21.983999758958817
5,20260825T093704Z,mice_column_v1,0.03,0.0300048007681229,30.0,30.0048007681229,250,43,3,3,111.42399907112122,20.99199965596199
5,20260825T093704Z,mice_column_v1,0.03,0.0300048007681229,30.0,30.0048007681229,250,43,3,4,118.1119978427887,22.175999358296394
5,20260825T093704Z,mice_column_v1,0.03,0.0300048007681229,30.0,30.0048007681229,250,43,3,5,109.79200154542923,21.63200080394745
5,20260825T093704Z,mice_column_v1,0.03,0.0300048007681229,30.0,30.0048007681229,250,43,3,6,109.15199667215347,20.927999168634415
5,20260825T093704Z,mice_column_v1,0.03,0.0300048007681229,30.0,30.0048007681229,250,43,3,7,107.93600231409073,25.631999596953392
5,20260825T093704Z,mice_column_v1,0.03,0.0300048007681229,30.0,30.0048007681229,250,43,3,8,107.58399963378906,20.640000700950623
5,20260825T093704Z,mice_column_v1,0.03,0.0300048007681229,30.0,30.0048007681229,250,43,3,9,106.04800283908844,20.447999238967896
5,20260825T093704Z,mice_column_v1,0.03,0.0300048007681229,30.0,30.0048007681229,250,43,3,10,106.9440022110939,25.66399984061718
5,20260825T093704Z,mice_column_v1,0.03,0.0300048007681229,30.0,30.0048007681229,250,43,3,11,107.19999670982361,21.15200087428093
5,20260825T093704Z,mice_column_v1,0.03,0.0300048007681229,30.0,30.0048007681229,250,43,3,12,106.59199953079224,20.767999812960625
5,20260825T093704Z,mice_column_v1,0.03,0.0300048007681229,30.0,30.0048007681229,250,43,3,13,107.29599744081497,20.767999812960625
5,20260825T093704Z,mice_column_v1,0.03,0.0300048007681229,30.0,30.0048007681229,250,43,3,14,106.91200196743011,20.447999238967896
5,20260825T093704Z,mice_column_v1,0.03,0.0300048007681229,30.0,30.0048007681229,250,43,3,15,105.98400235176086,20.608000457286835
5,20260825T093704Z,mice_column_v1,0.03,0.0300048007681229,30.0,30.0048007681229,250,43,3,16,105.69600015878677,20.447999238967896
5,20260825T093704Z,mice_column_v1,0.03,0.0300048007681229,30.0,30.0048007681229,250,43,3,17,105.8880016207695,23.264000192284584
5,20260825T093704Z,mice_column_v1,0.03,0.0300048007681229,30.0,30.0048007681229,250,43,3,18,106.46399855613708,20.99199965596199
5,20260825T093704Z,mice_column_v1,0.03,0.0300048007681229,30.0,30.0048007681229,250,43,3,19,106.23999685049057,20.767999812960625
5,20260825T093704Z,mice_column_v1,0.03,0.0300048007681229,30.0,30.0048007681229,250,43,3,20,105.98400235176086,20.479999482631683
5,20260825T093704Z,mice_column_v1,0.03,0.0300048007681229,30.0,30.0048007681229,250,43,3,21,105.98400235176086,20.38400061428547
5,20260825T093704Z,mice_column_v1,0.03,0.0300048007681229,30.0,30.0048007681229,250,43,3,22,105.50399869680405,20.479999482631683
5,20260825T093704Z,mice_column_v1,0.03,0.0300048007681229,30.0,30.0048007681229,250,43,3,23,105.98400235176086,20.416000857949257
5,20260825T093704Z,mice_column_v1,0.03,0.0300048007681229,30.0,30.0048007681229,250,43,3,24,110.27199774980545,25.66399984061718
5,20260825T093704Z,mice_column_v1,0.03,0.0300048007681229,30.0,30.0048007681229,250,43,3,25,106.23999685049057,20.416000857949257
5,20260825T093704Z,mice_column_v1,0.03,0.0300048007681229,30.0,30.0048007681229,250,43,3,26,105.82400113344193,20.640000700950623
5,20260825T093704Z,mice_column_v1,0.03,0.0300048007681229,30.0,30.0048007681229,250,43,3,27,106.30399733781815,19.807999953627586
5,20260825T093704Z,mice_column_v1,0.03,0.0300048007681229,30.0,30.0048007681229,250,43,3,28,105.50399869680405,20.255999639630318
5,20260825T093704Z,mice_column_v1,0.03,0.0300048007681229,30.0,30.0048007681229,250,43,3,29,106.33599758148193,20.35200037062168
5,20260825T093704Z,mice_column_v1,0.03,0.0300048007681229,30.0,30.0048007681229,250,43,3,30,106.33599758148193,20.22399939596653
5,20260825T093704Z,mice_column_v1,0.03,0.0300048007681229,30.0,30.0048007681229,250,43,3,31,105.50399869680405,20.927999168634415
5,20260825T093704Z,mice_column_v1,0.03,0.0300048007681229,30.0,30.0048007681229,250,43,3,32,106.72000050544739,20.416000857949257
5,20260825T093704Z,mice_column_v1,0.03,0.0300048007681229,30.0,30.0048007681229,250,43,3,33,105.95200210809708,20.416000857949257
5,20260825T093704Z,mice_column_v1,0.03,0.0300048007681229,30.0,30.0048007681229,250,43,3,34,105.53599894046783,20.608000457286835
5,20260825T093704Z,mice_column_v1,0.03,0.0300048007681229,30.0,30.0048007681229,250,43,3,35,105.98400235176086,20.8320003002882
5,20260825T093704Z,mice_column_v1,0.03,0.0300048007681229,30.0,30.0048007681229,250,43,3,36,105.31199723482132,21.27999998629093
5,20260825T093704Z,mice_column_v1,0.03,0.0300048007681229,30.0,30.0048007681229,250,43,3,37,105.8880016207695,20.287999883294106
5,20260825T093704Z,mice_column_v1,0.03,0.0300048007681229,30.0,30.0048007681229,250,43,3,38,106.62399977445602,20.608000457286835
5,20260825T093704Z,mice_column_v1,0.03,0.0300048007681229,30.0,30.0048007681229,250,43,3,39,107.29599744081497,20.70399932563305
5,20260825T093704Z,mice_column_v1,0.03,0.0300048007681229,30.0,30.0048007681229,250,43,3,40,109.47199910879135,20.35200037062168
5,20260825T093704Z,mice_column_v1,0.03,0.0300048007681229,30.0,30.0048007681229,250,43,3,41,105.69600015878677,20.447999238967896
5,20260825T093704Z,mice_column_v1,0.03,0.0300048007681229,30.0,30.0048007681229,250,43,3,42,105.34399747848511,20.54399996995926
5,20260825T093704Z,mice_column_v1,0.03,0.0300048007681229,30.0,30.0048007681229,250,43,3,43,105.76000064611435,20.287999883294106
5,20260825T093704Z,mice_column_v1,0.03,0.0300048007681229,30.0,30.0048007681229,250,43,3,44,106.30399733781815,20.287999883294106
5,20260825T093704Z,mice_column_v1,0.03,0.0300048007681229,30.0,30.0048007681229,250,43,3,45,109.82400178909302,20.35200037062168
5,20260825T093704Z,mice_column_v1,0.03,0.0300048007681229,30.0,30.0048007681229,250,43,3,46,106.46399855613708,20.767999812960625
5,20260825T093704Z,mice_column_v1,0.03,0.0300048007681229,30.0,30.0048007681229,250,43,3,47,107.00800269842148,20.735999569296837
5,20260825T093704Z,mice_column_v1,0.03,0.0300048007681229,30.0,30.0048007681229,250,43,3,48,106.4319983124733,20.99199965596199
5,20260825T093704Z,mice_column_v1,0.03,0.0300048007681229,30.0,30.0048007681229,250,43,3,49,106.72000050544739,20.70399932563305
5,20260825T093704Z,mice_column_v1,0.03,0.0300048007681229,30.0,30.0048007681229,250,43,3,50,106.08000308275223,20.096000283956528
5,20260825T093704Z,mice_column_v1,0.03,0.0300048007681229,30.0,30.0048007681229,250,43,3,51,105.43999820947647,21.12000063061714
5,20260825T093704Z,mice_column_v1,0.03,0.0300048007681229,30.0,30.0048007681229,250,43,3,52,110.07999628782272,20.35200037062168
5,20260825T093704Z,mice_column_v1,0.03,0.0300048007681229,30.0,30.0048007681229,250,43,3,53,106.33599758148193,20.160000771284103
5,20260825T093704Z,mice_column_v1,0.03,0.0300048007681229,30.0,30.0048007681229,250,43,3,54,106.72000050544739,20.640000700950623
5,20260825T093704Z,mice_column_v1,0.03,0.0300048007681229,30.0,30.0048007681229,250,43,3,55,106.72000050544739,20.54399996995926
5,20260825T093704Z,mice_column_v1,0.03,0.0300048007681229,30.0,30.0048007681229,250,43,3,56,109.92000252008438,20.51199972629547
5,20260825T093704Z,mice_column_v1,0.03,0.0300048007681229,30.0,30.0048007681229,250,43,3,57,105.56799918413162,20.67199908196926
5,20260825T093704Z,mice_column_v1,0.03,0.0300048007681229,30.0,30.0048007681229,250,43,3,58,105.15200346708298,20.447999238967896
5,20260825T093704Z,mice_column_v1,0.03,0.0300048007681229,30.0,30.0048007681229,250,43,3,59,109.92000252008438,20.576000213623047
5,20260825T093704Z,mice_column_v1,0.03,0.0300048007681229,30.0,30.0048007681229,250,43,3,60,106.08000308275223,20.608000457286835
5,20260825T093704Z,mice_column_v1,0.03,0.0300048007681229,30.0,30.0048007681229,250,43,3,61,106.20799660682678,20.447999238967896
5,20260825T093704Z,mice_column_v1,0.03,0.0300048007681229,30.0,30.0048007681229,250,43,3,62,105.56799918413162,20.608000457286835
5,20260825T093704Z,mice_column_v1,0.03,0.0300048007681229,30.0,30.0048007681229,250,43,3,63,105.95200210809708,20.447999238967896
5,20260825T093704Z,mice_column_v1,0.03,0.0300048007681229,30.0,30.0048007681229,250,43,3,64,104.35199737548828,19.936000928282738
5,20260825T093704Z,mice_column_v1,0.03,0.0300048007681229,30.0,30.0048007681229,250,43,3,65,105.43999820947647,20.447999238967896
5,20260825T093704Z,mice_column_v1,0.03,0.0300048007681229,30.0,30.0048007681229,250,43,3,66,108.67200046777725,20.735999569296837
5,20260825T093704Z,mice_column_v1,0.03,0.0300048007681229,30.0,30.0048007681229,250,43,3,67,105.72800040245056,20.35200037062168
5,20260825T093704Z,mice_column_v1,0.03,0.0300048007681229,30.0,30.0048007681229,250,43,3,68,104.99200224876404,20.800000056624413
5,20260825T093704Z,mice_column_v1,0.03,0.0300048007681229,30.0,30.0048007681229,250,43,3,69,105.40799796581268,20.70399932563305
5,20260825T093704Z,mice_column_v1,0.03,0.0300048007681229,30.0,30.0048007681229,250,43,3,70,106.27199709415436,20.54399996995926
5,20260825T093704Z,mice_column_v1,0.03,0.0300048007681229,30.0,30.0048007681229,250,43,3,71,105.21599650382996,20.479999482631683
5,20260825T093704Z,mice_column_v1,0.03,0.0300048007681229,30.0,30.0048007681229,250,43,3,72,104.89600151777267,22.08000048995018
5,20260825T093704Z,mice_column_v1,0.03,0.0300048007681229,30.0,30.0048007681229,250,43,3,73,109.53599959611893,21.247999742627144
5,20260825T093704Z,mice_column_v1,0.03,0.0300048007681229,30.0,30.0048007681229,250,43,3,74,104.99200224876404,20.67199908196926
5,20260825T093704Z,mice_column_v1,0.03,0.0300048007681229,30.0,30.0048007681229,250,43,3,75,105.27999699115753,20.54399996995926
5,20260825T093704Z,mice_column_v1,0.03,0.0300048007681229,30.0,30.0048007681229,250,43,3,76,105.05600273609161,20.128000527620316
5,20260825T093704Z,mice_column_v1,0.03,0.0300048007681229,30.0,30.0048007681229,250,43,3,77,104.89600151777267,20.416000857949257
5,20260825T093704Z,mice_column_v1,0.03,0.0300048007681229,30.0,30.0048007681229,250,43,3,78,104.76800054311752,20.160000771284103
5,20260825T093704Z,mice_column_v1,0.03,0.0300048007681229,30.0,30.0048007681229,250,43,3,79,105.15200346708298,20.447999238967896
5,20260825T093704Z,mice_column_v1,0.03,0.0300048007681229,30.0,30.0048007681229,250,43,3,80,109.53599959611893,20.735999569296837
5,20260825T093704Z,mice_column_v1,0.03,0.0300048007681229,30.0,30.0048007681229,250,43,3,81,106.75200074911118,20.54399996995926
5,20260825T093704Z,mice_column_v1,0.03,0.0300048007681229,30.0,30.0048007681229,250,43,3,82,105.05600273609161,20.38400061428547
5,20260825T093704Z,mice_column_v1,0.03,0.0300048007681229,30.0,30.0048007681229,250,43,3,83,105.6319996714592,20.35200037062168
5,20260825T093704Z,mice_column_v1,0.03,0.0300048007681229,30.0,30.0048007681229,250,43,3,84,105.6319996714592,20.160000771284103
5,20260825T093704Z,mice_column_v1,0.03,0.0300048007681229,30.0,30.0048007681229,250,43,3,85,105.6319996714592,20.096000283956528
5,20260825T093704Z,mice_column_v1,0.03,0.0300048007681229,30.0,30.0048007681229,250,43,3,86,105.15200346708298,20.51199972629547
5,20260825T093704Z,mice_column_v1,0.03,0.0300048007681229,30.0,30.0048007681229,250,43,3,87,108.64000022411346,20.735999569296837
5,20260825T093704Z,mice_column_v1,0.03,0.0300048007681229,30.0,30.0048007681229,250,43,3,88,106.36799782514572,20.67199908196926
5,20260825T093704Z,mice_column_v1,0.03,0.0300048007681229,30.0,30.0048007681229,250,43,3,89,110.68800091743469,20.287999883294106
5,20260825T093704Z,mice_column_v1,0.03,0.0300048007681229,30.0,30.0048007681229,250,43,3,90,105.66399991512299,20.640000700950623
5,20260825T093704Z,mice_column_v1,0.03,0.0300048007681229,30.0,30.0048007681229,250,43,3,91,105.12000322341919,20.416000857949257
5,20260825T093704Z,mice_column_v1,0.03,0.0300048007681229,30.0,30.0048007681229,250,43,3,92,105.59999942779541,20.320000126957893
5,20260825T093704Z,mice_column_v1,0.03,0.0300048007681229,30.0,30.0048007681229,250,43,3,93,105.43999820947647,20.67199908196926
5,20260825T093704Z,mice_column_v1,0.03,0.0300048007681229,30.0,30.0048007681229,250,43,3,94,109.31199789047241,20.576000213623047
5,20260825T093704Z,mice_column_v1,0.03,0.0300048007681229,30.0,30.0048007681229,250,43,3,95,105.31199723482132,20.640000700950623
5,20260825T093704Z,mice_column_v1,0.03,0.0300048007681229,30.0,30.0048007681229,250,43,3,96,106.175996363163,20.35200037062168
5,20260825T093704Z,mice_column_v1,0.03,0.0300048007681229,30.0,30.0048007681229,250,43,3,97,104.67199981212616,20.287999883294106
5,20260825T093704Z,mice_column_v1,0.03,0.0300048007681229,30.0,30.0048007681229,250,43,3,98,104.44799810647964,20.191999152302742
5,20260825T093704Z,mice_column_v1,0.03,0.0300048007681229,30.0,30.0048007681229,250,43,3,99,105.76000064611435,20.479999482631683
5,20260825T093704Z,mice_column_v1,0.03,0.0300048007681229,30.0,30.0048007681229,250,43,3,100,105.69600015878677,20.287999883294106
5,20260825T093704Z,mice_column_v1,0.03,0.0300048007681229,30.0,30.0048007681229,250,43,3,101,110.07999628782272,20.479999482631683
5,20260825T093704Z,mice_column_v1,0.03,0.0300048007681229,30.0,30.0048007681229,250,43,3,102,106.11200332641602,20.35200037062168
5,20260825T093704Z,mice_column_v1,0.03,0.0300048007681229,30.0,30.0048007681229,250,43,3,103,104.47999835014343,20.896000787615776
5,20260825T093704Z,mice_column_v1,0.03,0.0300048007681229,30.0,30.0048007681229,250,43,3,104,105.82400113344193,20.8320003002882
5,20260825T093704Z,mice_column_v1,0.03,0.0300048007681229,30.0,30.0048007681229,250,43,3,105,107.42399841547012,20.767999812960625
5,20260825T093704Z,mice_column_v1,0.03,0.0300048007681229,30.0,30.0048007681229,250,43,3,106,106.55999928712845,20.54399996995926
5,20260825T093704Z,mice_column_v1,0.03,0.0300048007681229,30.0,30.0048007681229,250,43,3,107,107.29599744081497,20.767999812960625
5,20260825T093704Z,mice_column_v1,0.03,0.0300048007681229,30.0,30.0048007681229,250,43,3,108,110.55999994277954,20.70399932563305
5,20260825T093704Z,mice_column_v1,0.03,0.0300048007681229,30.0,30.0048007681229,250,43,3,109,105.59999942779541,20.416000857949257
5,20260825T093704Z,mice_column_v1,0.03,0.0300048007681229,30.0,30.0048007681229,250,43,3,110,106.65600001811981,22.143999114632607
5,20260825T093704Z,mice_column_v1,0.03,0.0300048007681229,30.0,30.0048007681229,250,43,3,111,106.08000308275223,20.447999238967896
5,20260825T093704Z,mice_column_v1,0.03,0.0300048007681229,30.0,30.0048007681229,250,43,3,112,106.20799660682678,20.51199972629547
5,20260825T093704Z,mice_column_v1,0.03,0.0300048007681229,30.0,30.0048007681229,250,43,3,113,106.11200332641602,20.287999883294106
5,20260825T093704Z,mice_column_v1,0.03,0.0300048007681229,30.0,30.0048007681229,250,43,3,114,105.59999942779541,20.67199908196926
5,20260825T093704Z,mice_column_v1,0.03,0.0300048007681229,30.0,30.0048007681229,250,43,3,115,108.57599973678589,20.735999569296837
5,20260825T093704Z,mice_column_v1,0.03,0.0300048007681229,30.0,30.0048007681229,250,43,3,116,105.66399991512299,20.128000527620316
5,20260825T093704Z,mice_column_v1,0.03,0.0300048007681229,30.0,30.0048007681229,250,43,3,117,105.43999820947647,20.99199965596199
5,20260825T093704Z,mice_column_v1,0.03,0.0300048007681229,30.0,30.0048007681229,250,43,3,118,104.89600151777267,20.576000213623047
5,20260825T093704Z,mice_column_v1,0.03,0.0300048007681229,30.0,30.0048007681229,250,43,3,119,106.04800283908844,20.255999639630318
5,20260825T093704Z,mice_column_v1,0.03,0.0300048007681229,30.0,30.0048007681229,250,43,3,120,105.72800040245056,20.735999569296837
5,20260825T093704Z,mice_column_v1,0.03,0.0300048007681229,30.0,30.0048007681229,250,43,3,121,107.04000294208527,20.287999883294106
5,20260825T093704Z,mice_column_v1,0.03,0.0300048007681229,30.0,30.0048007681229,250,43,3,122,110.11199653148651,20.67199908196926
5,20260825T093704Z,mice_column_v1,0.03,0.0300048007681229,30.0,30.0048007681229,250,43,3,123,105.92000186443329,20.416000857949257
5,20260825T093704Z,mice_column_v1,0.03,0.0300048007681229,30.0,30.0048007681229,250,43,3,124,105.24799674749374,21.088000386953354
5,20260825T093704Z,mice_column_v1,0.03,0.0300048007681229,30.0,30.0048007681229,250,43,3,125,105.12000322341919,20.479999482631683
5,20260825T093704Z,mice_column_v1,0.03,0.0300048007681229,30.0,30.0048007681229,250,43,3,126,104.92800176143646,20.096000283956528
5,20260825T093704Z,mice_column_v1,0.03,0.0300048007681229,30.0,30.0048007681229,250,43,3,127,104.76800054311752,20.416000857949257
5,20260825T093704Z,mice_column_v1,0.03,0.0300048007681229,30.0,30.0048007681229,250,43,4,0,304.25599217414856,49.0880012512207
5,20260825T093704Z,mice_column_v1,0.03,0.0300048007681229,30.0,30.0048007681229,250,43,4,1,123.52000176906586,23.32800067961216
5,20260825T093704Z,mice_column_v1,0.03,0.0300048007681229,30.0,30.0048007681229,250,43,4,2,116.54400080442429,21.568000316619873
5,20260825T093704Z,mice_column_v1,0.03,0.0300048007681229,30.0,30.0048007681229,250,43,4,3,111.04000359773636,25.855999439954758
5,20260825T093704Z,mice_column_v1,0.03,0.0300048007681229,30.0,30.0048007681229,250,43,4,4,110.43199896812439,21.15200087428093
5,20260825T093704Z,mice_column_v1,0.03,0.0300048007681229,30.0,30.0048007681229,250,43,4,5,108.76800119876862,20.8320003002882
5,20260825T093704Z,mice_column_v1,0.03,0.0300048007681229,30.0,30.0048007681229,250,43,4,6,110.78400164842606,21.15200087428093
5,20260825T093704Z,mice_column_v1,0.03,0.0300048007681229,30.0,30.0048007681229,250,43,4,7,113.02399635314941,20.608000457286835
5,20260825T093704Z,mice_column_v1,0.03,0.0300048007681229,30.0,30.0048007681229,250,43,4,8,107.77600109577179,21.344000473618507
5,20260825T093704Z,mice_column_v1,0.03,0.0300048007681229,30.0,30.0048007681229,250,43,4,9,107.77600109577179,22.431999444961548
5,20260825T093704Z,mice_column_v1,0.03,0.0300048007681229,30.0,30.0048007681229,250,43,4,10,112.15999722480774,20.51199972629547
5,20260825T093704Z,mice_column_v1,0.03,0.0300048007681229,30.0,30.0048007681229,250,43,4,11,107.71200060844421,20.767999812960625
5,20260825T093704Z,mice_column_v1,0.03,0.0300048007681229,30.0,30.0048007681229,250,43,4,12,106.36799782514572,20.70399932563305
5,20260825T093704Z,mice_column_v1,0.03,0.0300048007681229,30.0,30.0048007681229,250,43,4,13,108.0000028014183,21.023999899625778
5,20260825T093704Z,mice_column_v1,0.03,0.0300048007681229,30.0,30.0048007681229,250,43,4,14,106.27199709415436,20.54399996995926
5,20260825T093704Z,mice_column_v1,0.03,0.0300048007681229,30.0,30.0048007681229,250,43,4,15,105.47199845314026,20.416000857949257
5,20260825T093704Z,mice_column_v1,0.03,0.0300048007681229,30.0,30.0048007681229,250,43,4,16,105.21599650382996,20.67199908196926
5,20260825T093704Z,mice_column_v1,0.03,0.0300048007681229,30.0,30.0048007681229,250,43,4,17,112.73600161075592,20.927999168634415
5,20260825T093704Z,mice_column_v1,0.03,0.0300048007681229,30.0,30.0048007681229,250,43,4,18,106.01600259542465,20.767999812960625
5,20260825T093704Z,mice_column_v1,0.03,0.0300048007681229,30.0,30.0048007681229,250,43,4,19,106.72000050544739,20.67199908196926
5,20260825T093704Z,mice_column_v1,0.03,0.0300048007681229,30.0,30.0048007681229,250,43,4,20,105.85600137710571,21.856000646948814
5,20260825T093704Z,mice_column_v1,0.03,0.0300048007681229,30.0,30.0048007681229,250,43,4,21,107.19999670982361,20.67199908196926
5,20260825T093704Z,mice_column_v1,0.03,0.0300048007681229,30.0,30.0048007681229,250,43,4,22,104.96000200510025,20.287999883294106
5,20260825T093704Z,mice_column_v1,0.03,0.0300048007681229,30.0,30.0048007681229,250,43,4,23,105.18400371074677,20.51199972629547
5,20260825T093704Z,mice_column_v1,0.03,0.0300048007681229,30.0,30.0048007681229,250,43,4,24,115.1999980211258,20.640000700950623
5,20260825T093704Z,mice_column_v1,0.03,0.0300048007681229,30.0,30.0048007681229,250,43,4,25,106.39999806880951,20.70399932563305
5,20260825T093704Z,mice_column_v1,0.03,0.0300048007681229,30.0,30.0048007681229,250,43,4,26,105.59999942779541,20.22399939596653
5,20260825T093704Z,mice_column_v1,0.03,0.0300048007681229,30.0,30.0048007681229,250,43,4,27,106.08000308275223,20.67199908196926
5,20260825T093704Z,mice_column_v1,0.03,0.0300048007681229,30.0,30.0048007681229,250,43,4,28,107.42399841547012,20.255999639630318
5,20260825T093704Z,mice_column_v1,0.03,0.0300048007681229,30.0,30.0048007681229,250,43,4,29,105.95200210809708,20.287999883294106
5,20260825T093704Z,mice_column_v1,0.03,0.0300048007681229,30.0,30.0048007681229,250,43,4,30,106.04800283908844,20.22399939596653
5,20260825T093704Z,mice_column_v1,0.03,0.0300048007681229,30.0,30.0048007681229,250,43,4,31,110.27199774980545,22.272000089287758
5,20260825T093704Z,mice_column_v1,0.03,0.0300048007681229,30.0,30.0048007681229,250,43,4,32,106.52799904346466,20.67199908196926
5,20260825T093704Z,mice_column_v1,0.03,0.0300048007681229,30.0,30.0048007681229,250,43,4,33,105.6319996714592,20.54399996995926
5,20260825T093704Z,mice_column_v1,0.03,0.0300048007681229,30.0,30.0048007681229,250,43,4,34,105.92000186443329,20.608000457286835
5,20260825T093704Z,mice_column_v1,0.03,0.0300048007681229,30.0,30.0048007681229,250,43,4,35,107.45599865913391,20.447999238967896
5,20260825T093704Z,mice_column_v1,0.03,0.0300048007681229,30.0,30.0048007681229,250,43,4,36,105.95200210809708,20.99199965596199
5,20260825T093704Z,mice_column_v1,0.03,0.0300048007681229,30.0,30.0048007681229,250,43,4,37,106.49599879980087,20.35200037062168
5,20260825T093704Z,mice_column_v1,0.03,0.0300048007681229,30.0,30.0048007681229,250,43,4,38,111.35999858379364,20.735999569296837
5,20260825T093704Z,mice_column_v1,0.03,0.0300048007681229,30.0,30.0048007681229,250,43,4,39,108.67200046777725,20.640000700950623
5,20260825T093704Z,mice_column_v1,0.03,0.0300048007681229,30.0,30.0048007681229,250,43,4,40,105.34399747848511,20.927999168634415
5,20260825T093704Z,mice_column_v1,0.03,0.0300048007681229,30.0,30.0048007681229,250,43,4,41,105.34399747848511,20.255999639630318
5,20260825T093704Z,mice_column_v1,0.03,0.0300048007681229,30.0,30.0048007681229,250,43,4,42,106.30399733781815,22.175999358296394
5,20260825T093704Z,mice_column_v1,0.03,0.0300048007681229,30.0,30.0048007681229,250,43,4,43,105.50399869680405,20.640000700950623
5,20260825T093704Z,mice_column_v1,0.03,0.0300048007681229,30.0,30.0048007681229,250,43,4,44,106.20799660682678,20.70399932563305
5,20260825T093704Z,mice_column_v1,0.03,0.0300048007681229,30.0,30.0048007681229,250,43,4,45,109.0560033917427,20.54399996995926
5,20260825T093704Z,mice_column_v1,0.03,0.0300048007681229,30.0,30.0048007681229,250,43,4,46,106.36799782514572,20.320000126957893
5,20260825T093704Z,mice_column_v1,0.03,0.0300048007681229,30.0,30.0048007681229,250,43,4,47,105.8880016207695,20.06400004029274
5,20260825T093704Z,mice_column_v1,0.03,0.0300048007681229,30.0,30.0048007681229,250,43,4,48,105.0880029797554,20.320000126957893
5,20260825T093704Z,mice_column_v1,0.03,0.0300048007681229,30.0,30.0048007681229,250,43,4,49,106.84800148010254,20.447999238967896
5,20260825T093704Z,mice_column_v1,0.03,0.0300048007681229,30.0,30.0048007681229,250,43,4,50,104.89600151777267,20.320000126957893
5,20260825T093704Z,mice_column_v1,0.03,0.0300048007681229,30.0,30.0048007681229,250,43,4,51,105.02400249242783,20.479999482631683
5,20260825T093704Z,mice_column_v1,0.03,0.0300048007681229,30.0,30.0048007681229,250,43,4,52,109.40799862146378,20.22399939596653
5,20260825T093704Z,mice_column_v1,0.03,0.0300048007681229,30.0,30.0048007681229,250,43,4,53,105.24799674749374,20.608000457286835
5,20260825T093704Z,mice_column_v1,0.03,0.0300048007681229,30.0,30.0048007681229,250,43,4,54,104.76800054311752,20.479999482631683
5,20260825T093704Z,mice_column_v1,0.03,0.0300048007681229,30.0,30.0048007681229,250,43,4,55,104.99200224876404,20.287999883294106
5,20260825T093704Z,mice_column_v1,0.03,0.0300048007681229,30.0,30.0048007681229,250,43,4,56,105.15200346708298,20.479999482631683
5,20260825T093704Z,mice_column_v1,0.03,0.0300048007681229,30.0,30.0048007681229,250,43,4,57,106.39999806880951,20.320000126957893
5,20260825T093704Z,mice_column_v1,0.03,0.0300048007681229,30.0,30.0048007681229,250,43,4,58,105.66399991512299,20.287999883294106
5,20260825T093704Z,mice_column_v1,0.03,0.0300048007681229,30.0,30.0048007681229,250,43,4,59,113.24799805879593,20.54399996995926
5,20260825T093704Z,mice_column_v1,0.03,0.0300048007681229,30.0,30.0048007681229,250,43,4,60,104.99200224876404,20.54399996995926
5,20260825T093704Z,mice_column_v1,0.03,0.0300048007681229,30.0,30.0048007681229,250,43,4,61,104.51199859380722,20.287999883294106
5,20260825T093704Z,mice_column_v1,0.03,0.0300048007681229,30.0,30.0048007681229,250,43,4,62,105.59999942779541,20.640000700950623
5,20260825T093704Z,mice_column_v1,0.03,0.0300048007681229,30.0,30.0048007681229,250,43,4,63,106.52799904346466,20.640000700950623
5,20260825T093704Z,mice_column_v1,0.03,0.0300048007681229,30.0,30.0048007681229,250,43,4,64,105.34399747848511,20.38400061428547
5,20260825T093704Z,mice_column_v1,0.03,0.0300048007681229,30.0,30.0048007681229,250,43,4,65,106.6880002617836,20.255999639630318
5,20260825T093704Z,mice_column_v1,0.03,0.0300048007681229,30.0,30.0048007681229,250,43,4,66,110.07999628782272,21.056000143289566
5,20260825T093704Z,mice_column_v1,0.03,0.0300048007681229,30.0,30.0048007681229,250,43,4,67,105.82400113344193,20.160000771284103
5,20260825T093704Z,mice_column_v1,0.03,0.0300048007681229,30.0,30.0048007681229,250,43,4,68,104.89600151777267,20.54399996995926
5,20260825T093704Z,mice_column_v1,0.03,0.0300048007681229,30.0,30.0048007681229,250,43,4,69,105.72800040245056,20.447999238967896
5,20260825T093704Z,mice_column_v1,0.03,0.0300048007681229,30.0,30.0048007681229,250,43,4,70,105.3759977221489,21.27999998629093
5,20260825T093704Z,mice_column_v1,0.03,0.0300048007681229,30.0,30.0048007681229,250,43,4,71,106.6880002617836,20.416000857949257
5,20260825T093704Z,mice_column_v1,0.03,0.0300048007681229,30.0,30.0048007681229,250,43,4,72,108.2879975438118,20.70399932563305
5,20260825T093704Z,mice_column_v1,0.03,0.0300048007681229,30.0,30.0048007681229,250,43,4,73,109.53599959611893,20.51199972629547
5,20260825T093704Z,mice_column_v1,0.03,0.0300048007681229,30.0,30.0048007681229,250,43,4,74,104.73600029945374,20.447999238967896
5,20260825T093704Z,mice_column_v1,0.03,0.0300048007681229,30.0,30.0048007681229,250,43,4,75,105.8880016207695,20.800000056624413
5,20260825T093704Z,mice_column_v1,0.03,0.0300048007681229,30.0,30.0048007681229,250,43,4,76,105.0880029797554,20.99199965596199
5,20260825T093704Z,mice_column_v1,0.03,0.0300048007681229,30.0,30.0048007681229,250,43,4,77,106.23999685049057,20.67199908196926
5,20260825T093704Z,mice_column_v1,0.03,0.0300048007681229,30.0,30.0048007681229,250,43,4,78,105.05600273609161,20.447999238967896
5,20260825T093704Z,mice_column_v1,0.03,0.0300048007681229,30.0,30.0048007681229,250,43,4,79,105.31199723482132,20.35200037062168
5,20260825T093704Z,mice_column_v1,0.03,0.0300048007681229,30.0,30.0048007681229,250,43,4,80,111.96800321340561,20.35200037062168
5,20260825T093704Z,mice_column_v1,0.03,0.0300048007681229,30.0,30.0048007681229,250,43,4,81,105.6319996714592,20.99199965596199
5,20260825T093704Z,mice_column_v1,0.03,0.0300048007681229,30.0,30.0048007681229,250,43,4,82,104.99200224876404,20.06400004029274
5,20260825T093704Z,mice_column_v1,0.03,0.0300048007681229,30.0,30.0048007681229,250,43,4,83,105.79200088977814,20.287999883294106
5,20260825T093704Z,mice_column_v1,0.03,0.0300048007681229,30.0,30.0048007681229,250,43,4,84,104.92800176143646,20.447999238967896
5,20260825T093704Z,mice_column_v1,0.03,0.0300048007681229,30.0,30.0048007681229,250,43,4,85,105.56799918413162,20.67199908196926
5,20260825T093704Z,mice_column_v1,0.03,0.0300048007681229,30.0,30.0048007681229,250,43,4,86,105.95200210809708,20.22399939596653
5,20260825T093704Z,mice_column_v1,0.03,0.0300048007681229,30.0,30.0048007681229,250,43,4,87,108.12799632549286,20.479999482631683
5,20260825T093704Z,mice_column_v1,0.03,0.0300048007681229,30.0,30.0048007681229,250,43,4,88,110.49599945545197,20.67199908196926
5,20260825T093704Z,mice_column_v1,0.03,0.0300048007681229,30.0,30.0048007681229,250,43,4,89,106.30399733781815,20.128000527620316
5,20260825T093704Z,mice_column_v1,0.03,0.0300048007681229,30.0,30.0048007681229,250,43,4,90,105.18400371074677,20.608000457286835
5,20260825T093704Z,mice_column_v1,0.03,0.0300048007681229,30.0,30.0048007681229,250,43,4,91,105.69600015878677,20.06400004029274
5,20260825T093704Z,mice_column_v1,0.03,0.0300048007681229,30.0,30.0048007681229,250,43,4,92,105.59999942779541,20.22399939596653
5,20260825T093704Z,mice_column_v1,0.03,0.0300048007681229,30.0,30.0048007681229,250,43,4,93,105.34399747848511,20.160000771284103
5,20260825T093704Z,mice_column_v1,0.03,0.0300048007681229,30.0,30.0048007681229,250,43,4,94,110.04800349473953,20.54399996995926
5,20260825T093704Z,mice_column_v1,0.03,0.0300048007681229,30.0,30.0048007681229,250,43,4,95,105.53599894046783,20.416000857949257
5,20260825T093704Z,mice_column_v1,0.03,0.0300048007681229,30.0,30.0048007681229,250,43,4,96,105.15200346708298,20.479999482631683
5,20260825T093704Z,mice_column_v1,0.03,0.0300048007681229,30.0,30.0048007681229,250,43,4,97,105.02400249242783,20.416000857949257
5,20260825T093704Z,mice_column_v1,0.03,0.0300048007681229,30.0,30.0048007681229,250,43,4,98,103.96800190210342,20.22399939596653
5,20260825T093704Z,mice_column_v1,0.03,0.0300048007681229,30.0,30.0048007681229,250,43,4,99,105.6319996714592,20.160000771284103
5,20260825T093704Z,mice_column_v1,0.03,0.0300048007681229,30.0,30.0048007681229,250,43,4,100,105.15200346708298,20.479999482631683
5,20260825T093704Z,mice_column_v1,0.03,0.0300048007681229,30.0,30.0048007681229,250,43,4,101,110.1439967751503,20.38400061428547
5,20260825T093704Z,mice_column_v1,0.03,0.0300048007681229,30.0,30.0048007681229,250,43,4,102,104.99200224876404,20.51199972629547
5,20260825T093704Z,mice_column_v1,0.03,0.0300048007681229,30.0,30.0048007681229,250,43,4,103,105.15200346708298,20.38400061428547
5,20260825T093704Z,mice_column_v1,0.03,0.0300048007681229,30.0,30.0048007681229,250,43,4,104,105.34399747848511,20.255999639630318
5,20260825T093704Z,mice_column_v1,0.03,0.0300048007681229,30.0,30.0048007681229,250,43,4,105,110.6560006737709,20.767999812960625
5,20260825T093704Z,mice_column_v1,0.03,0.0300048007681229,30.0,30.0048007681229,250,43,4,106,103.7760004401207,20.22399939596653
5,20260825T093704Z,mice_column_v1,0.03,0.0300048007681229,30.0,30.0048007681229,250,43,4,107,105.34399747848511,19.936000928282738
5,20260825T093704Z,mice_column_v1,0.03,0.0300048007681229,30.0,30.0048007681229,250,43,4,108,109.69600081443787,20.51199972629547
5,20260825T093704Z,mice_column_v1,0.03,0.0300048007681229,30.0,30.0048007681229,250,43,4,109,105.79200088977814,20.416000857949257
5,20260825T093704Z,mice_column_v1,0.03,0.0300048007681229,30.0,30.0048007681229,250,43,4,110,104.99200224876404,20.416000857949257
5,20260825T093704Z,mice_column_v1,0.03,0.0300048007681229,30.0,30.0048007681229,250,43,4,111,105.50399869680405,20.128000527620316
5,20260825T093704Z,mice_column_v1,0.03,0.0300048007681229,30.0,30.0048007681229,250,43,4,112,104.92800176143646,20.640000700950623
5,20260825T093704Z,mice_column_v1,0.03,0.0300048007681229,30.0,30.0048007681229,250,43,4,113,104.60799932479858,20.35200037062168
5,20260825T093704Z,mice_column_v1,0.03,0.0300048007681229,30.0,30.0048007681229,250,43,4,114,105.21599650382996,20.54399996995926
5,20260825T093704Z,mice_column_v1,0.03,0.0300048007681229,30.0,30.0048007681229,250,43,4,115,109.43999886512756,20.640000700950623
5,20260825T093704Z,mice_column_v1,0.03,0.0300048007681229,30.0,30.0048007681229,250,43,4,116,105.8880016207695,20.479999482631683
5,20260825T093704Z,mice_column_v1,0.03,0.0300048007681229,30.0,30.0048007681229,250,43,4,117,104.92800176143646,20.51199972629547
5,20260825T093704Z,mice_column_v1,0.03,0.0300048007681229,30.0,30.0048007681229,250,43,4,118,105.21599650382996,19.936000928282738
5,20260825T093704Z,mice_column_v1,0.03,0.0300048007681229,30.0,30.0048007681229,250,43,4,119,105.21599650382996,20.287999883294106
5,20260825T093704Z,mice_column_v1,0.03,0.0300048007681229,30.0,30.0048007681229,250,43,4,120,105.02400249242783,20.51199972629547
5,20260825T093704Z,mice_column_v1,0.03,0.0300048007681229,30.0,30.0048007681229,250,43,4,121,105.53599894046783,19.872000440955162
5,20260825T093704Z,mice_column_v1,0.03,0.0300048007681229,30.0,30.0048007681229,250,43,4,122,108.92800241708755,20.576000213623047
5,20260825T093704Z,mice_column_v1,0.03,0.0300048007681229,30.0,30.0048007681229,250,43,4,123,106.01600259542465,20.320000126957893
5,20260825T093704Z,mice_column_v1,0.03,0.0300048007681229,30.0,30.0048007681229,250,43,4,124,105.15200346708298,20.576000213623047
5,20260825T093704Z,mice_column_v1,0.03,0.0300048007681229,30.0,30.0048007681229,250,43,4,125,105.40799796581268,20.255999639630318
5,20260825T093704Z,mice_column_v1,0.03,0.0300048007681229,30.0,30.0048007681229,250,43,4,126,105.50399869680405,20.22399939596653
5,20260825T093704Z,mice_column_v1,0.03,0.0300048007681229,30.0,30.0048007681229,250,43,4,127,105.53599894046783,20.320000126957893
5,20260825T093704Z,mice_column_v1,0.05,0.050048007681228995,50.0,50.048007681228995,417,44,0,0,201.24800503253937,32.80000016093254
5,20260825T093704Z,mice_column_v1,0.05,0.050048007681228995,50.0,50.048007681228995,417,44,0,1,121.37600034475327,22.36800082027912
5,20260825T093704Z,mice_column_v1,0.05,0.050048007681228995,50.0,50.048007681228995,417,44,0,2,113.79200220108032,20.959999412298203
5,20260825T093704Z,mice_column_v1,0.05,0.050048007681228995,50.0,50.048007681228995,417,44,0,3,110.68800091743469,21.15200087428093
5,20260825T093704Z,mice_column_v1,0.05,0.050048007681228995,50.0,50.048007681228995,417,44,0,4,111.10399663448334,20.255999639630318
5,20260825T093704Z,mice_column_v1,0.05,0.050048007681228995,50.0,50.048007681228995,417,44,0,5,114.84800279140472,21.183999255299568
5,20260825T093704Z,mice_column_v1,0.05,0.050048007681228995,50.0,50.048007681228995,417,44,0,6,110.30399799346924,21.056000143289566
5,20260825T093704Z,mice_column_v1,0.05,0.050048007681228995,50.0,50.048007681228995,417,44,0,7,108.15999656915665,21.47199958562851
5,20260825T093704Z,mice_column_v1,0.05,0.050048007681228995,50.0,50.048007681228995,417,44,0,8,108.51199924945831,20.8320003002882
5,20260825T093704Z,mice_column_v1,0.05,0.050048007681228995,50.0,50.048007681228995,417,44,0,9,108.06400328874588,20.70399932563305
5,20260825T093704Z,mice_column_v1,0.05,0.050048007681228995,50.0,50.048007681228995,417,44,0,10,107.35999792814255,20.70399932563305
5,20260825T093704Z,mice_column_v1,0.05,0.050048007681228995,50.0,50.048007681228995,417,44,0,11,107.4879989027977,20.864000543951988
5,20260825T093704Z,mice_column_v1,0.05,0.050048007681228995,50.0,50.048007681228995,417,44,0,12,116.48000031709671,21.15200087428093
5,20260825T093704Z,mice_column_v1,0.05,0.050048007681228995,50.0,50.048007681228995,417,44,0,13,107.00800269842148,21.056000143289566
5,20260825T093704Z,mice_column_v1,0.05,0.050048007681228995,50.0,50.048007681228995,417,44,0,14,108.06400328874588,21.183999255299568
5,20260825T093704Z,mice_column_v1,0.05,0.050048007681228995,50.0,50.048007681228995,417,44,0,15,108.09600353240967,20.54399996995926
5,20260825T093704Z,mice_column_v1,0.05,0.050048007681228995,50.0,50.048007681228995,417,44,0,16,106.97600245475769,20.51199972629547
5,20260825T093704Z,mice_column_v1,0.05,0.050048007681228995,50.0,50.048007681228995,417,44,0,17,107.87200182676315,20.959999412298203
5,20260825T093704Z,mice_column_v1,0.05,0.050048007681228995,50.0,50.048007681228995,417,44,0,18,107.35999792814255,20.927999168634415
5,20260825T093704Z,mice_column_v1,0.05,0.050048007681228995,50.0,50.048007681228995,417,44,0,19,111.1999973654747,20.8320003002882
5,20260825T093704Z,mice_column_v1,0.05,0.050048007681228995,50.0,50.048007681228995,417,44,0,20,106.84800148010254,20.896000787615776
5,20260825T093704Z,mice_column_v1,0.05,0.050048007681228995,50.0,50.048007681228995,417,44,0,21,106.62399977445602,20.67199908196926
5,20260825T093704Z,mice_column_v1,0.05,0.050048007681228995,50.0,50.048007681228995,417,44,0,22,106.75200074911118,20.896000787615776
5,20260825T093704Z,mice_column_v1,0.05,0.050048007681228995,50.0,50.048007681228995,417,44,0,23,106.55999928712845,20.70399932563305
5,20260825T093704Z,mice_column_v1,0.05,0.050048007681228995,50.0,50.048007681228995,417,44,0,24,107.2319969534874,21.023999899625778
5,20260825T093704Z,mice_column_v1,0.05,0.050048007681228995,50.0,50.048007681228995,417,44,0,25,107.42399841547012,20.191999152302742
5,20260825T093704Z,mice_column_v1,0.05,0.050048007681228995,50.0,50.048007681228995,417,44,0,26,110.88000237941742,20.896000787615776
5,20260825T093704Z,mice_column_v1,0.05,0.050048007681228995,50.0,50.048007681228995,417,44,0,27,107.00800269842148,20.896000787615776
5,20260825T093704Z,mice_column_v1,0.05,0.050048007681228995,50.0,50.048007681228995,417,44,0,28,106.30399733781815,20.767999812960625
5,20260825T093704Z,mice_column_v1,0.05,0.050048007681228995,50.0,50.048007681228995,417,44,0,29,106.46399855613708,21.536000072956085
5,20260825T093704Z,mice_column_v1,0.05,0.050048007681228995,50.0,50.048007681228995,417,44,0,30,106.88000172376633,20.576000213623047
5,20260825T093704Z,mice_column_v1,0.05,0.050048007681228995,50.0,50.048007681228995,417,44,0,31,106.1440035700798,20.767999812960625
5,20260825T093704Z,mice_column_v1,0.05,0.050048007681228995,50.0,50.048007681228995,417,44,0,32,107.4879989027977,20.576000213623047
5,20260825T093704Z,mice_column_v1,0.05,0.050048007681228995,50.0,50.048007681228995,417,44,0,33,111.7440015077591,20.416000857949257
5,20260825T093704Z,mice_column_v1,0.05,0.050048007681228995,50.0,50.048007681228995,417,44,0,34,106.97600245475769,20.800000056624413
5,20260825T093704Z,mice_column_v1,0.05,0.050048007681228995,50.0,50.048007681228995,417,44,0,35,106.1440035700798,20.160000771284103
5,20260825T093704Z,mice_column_v1,0.05,0.050048007681228995,50.0,50.048007681228995,417,44,0,36,109.6000000834465,20.67199908196926
5,20260825T093704Z,mice_column_v1,0.05,0.050048007681228995,50.0,50.048007681228995,417,44,0,37,107.07200318574905,20.06400004029274
5,20260825T093704Z,mice_column_v1,0.05,0.050048007681228995,50.0,50.048007681228995,417,44,0,38,107.29599744081497,20.38400061428547
5,20260825T093704Z,mice_column_v1,0.05,0.050048007681228995,50.0,50.048007681228995,417,44,0,39,107.55199939012527,20.22399939596653
5,20260825T093704Z,mice_column_v1,0.05,0.050048007681228995,50.0,50.048007681228995,417,44,0,40,131.6159963607788,21.215999498963356
5,20260825T093704Z,mice_column_v1,0.05,0.050048007681228995,50.0,50.048007681228995,417,44,0,41,108.38399827480316,20.479999482631683
5,20260825T093704Z,mice_column_v1,0.05,0.050048007681228995,50.0,50.048007681228995,417,44,0,42,107.4879989027977,20.51199972629547
5,20260825T093704Z,mice_column_v1,0.05,0.050048007681228995,50.0,50.048007681228995,417,44,0,43,107.04000294208527,20.735999569296837
5,20260825T093704Z,mice_column_v1,0.05,0.050048007681228995,50.0,50.048007681228995,417,44,0,44,106.9440022110939,20.160000771284103
5,20260825T093704Z,mice_column_v1,0.05,0.050048007681228995,50.0,50.048007681228995,417,44,0,45,107.45599865913391,20.927999168634415
5,20260825T093704Z,mice_column_v1,0.05,0.050048007681228995,50.0,50.048007681228995,417,44,0,46,108.47999900579453,24.383999407291412
5,20260825T093704Z,mice_column_v1,0.05,0.050048007681228995,50.0,50.048007681228995,417,44,0,47,107.45599865913391,20.54399996995926
5,20260825T093704Z,mice_column_v1,0.05,0.050048007681228995,50.0,50.048007681228995,417,44,0,48,106.30399733781815,21.088000386953354
5,20260825T093704Z,mice_column_v1,0.05,0.050048007681228995,50.0,50.048007681228995,417,44,0,49,106.88000172376633,20.54399996995926
5,20260825T093704Z,mice_column_v1,0.05,0.050048007681228995,50.0,50.048007681228995,417,44,0,50,106.4319983124733,20.608000457286835
5,20260825T093704Z,mice_column_v1,0.05,0.050048007681228995,50.0,50.048007681228995,417,44,0,51,106.27199709415436,20.800000056624413
5,20260825T093704Z,mice_column_v1,0.05,0.050048007681228995,50.0,50.048007681228995,417,44,0,52,108.25599730014801,20.416000857949257
5,20260825T093704Z,mice_column_v1,0.05,0.050048007681228995,50.0,50.048007681228995,417,44,0,53,111.64800077676773,20.640000700950623
5,20260825T093704Z,mice_column_v1,0.05,0.050048007681228995,50.0,50.048007681228995,417,44,0,54,106.59199953079224,20.896000787615776
5,20260825T093704Z,mice_column_v1,0.05,0.050048007681228995,50.0,50.048007681228995,417,44,0,55,107.13600367307663,20.479999482631683
5,20260825T093704Z,mice_column_v1,0.05,0.050048007681228995,50.0,50.048007681228995,417,44,0,56,107.2319969534874,20.735999569296837
5,20260825T093704Z,mice_column_v1,0.05,0.050048007681228995,50.0,50.048007681228995,417,44,0,57,107.71200060844421,20.608000457286835
5,20260825T093704Z,mice_column_v1,0.05,0.050048007681228995,50.0,50.048007681228995,417,44,0,58,107.71200060844421,20.767999812960625
5,20260825T093704Z,mice_column_v1,0.05,0.050048007681228995,50.0,50.048007681228995,417,44,0,59,107.00800269842148,20.70399932563305
5,20260825T093704Z,mice_column_v1,0.05,0.050048007681228995,50.0,50.048007681228995,417,44,0,60,110.97600311040878,21.376000717282295
5,20260825T093704Z,mice_column_v1,0.05,0.050048007681228995,50.0,50.048007681228995,417,44,0,61,107.80800133943558,20.864000543951988
5,20260825T093704Z,mice_column_v1,0.05,0.050048007681228995,50.0,50.048007681228995,417,44,0,62,107.00800269842148,20.447999238967896
5,20260825T093704Z,mice_column_v1,0.05,0.050048007681228995,50.0,50.048007681228995,417,44,0,63,105.8880016207695,20.608000457286835
5,20260825T093704Z,mice_column_v1,0.05,0.050048007681228995,50.0,50.048007681228995,417,44,0,64,105.66399991512299,20.479999482631683
5,20260825T093704Z,mice_column_v1,0.05,0.050048007681228995,50.0,50.048007681228995,417,44,0,65,107.19999670982361,20.38400061428547
5,20260825T093704Z,mice_column_v1,0.05,0.050048007681228995,50.0,50.048007681228995,417,44,0,66,106.65600001811981,20.54399996995926
5,20260825T093704Z,mice_column_v1,0.05,0.050048007681228995,50.0,50.048007681228995,417,44,0,67,114.75200206041336,21.056000143289566
5,20260825T093704Z,mice_column_v1,0.05,0.050048007681228995,50.0,50.048007681228995,417,44,0,68,108.57599973678589,20.70399932563305
5,20260825T093704Z,mice_column_v1,0.05,0.050048007681228995,50.0,50.048007681228995,417,44,0,69,106.6880002617836,20.576000213623047
5,20260825T093704Z,mice_column_v1,0.05,0.050048007681228995,50.0,50.048007681228995,417,44,0,70,105.95200210809708,20.287999883294106
5,20260825T093704Z,mice_column_v1,0.05,0.050048007681228995,50.0,50.048007681228995,417,44,0,71,106.33599758148193,20.576000213623047
5,20260825T093704Z,mice_column_v1,0.05,0.050048007681228995,50.0,50.048007681228995,417,44,0,72,107.55199939012527,20.67199908196926
5,20260825T093704Z,mice_column_v1,0.05,0.050048007681228995,50.0,50.048007681228995,417,44,0,73,106.46399855613708,20.416000857949257
5,20260825T093704Z,mice_column_v1,0.05,0.050048007681228995,50.0,50.048007681228995,417,44,0,74,110.33599823713303,20.959999412298203
5,20260825T093704Z,mice_column_v1,0.05,0.050048007681228995,50.0,50.048007681228995,417,44,0,75,107.55199939012527,20.70399932563305
5,20260825T093704Z,mice_column_v1,0.05,0.050048007681228995,50.0,50.048007681228995,417,44,0,76,106.4319983124733,21.31200022995472
5,20260825T093704Z,mice_column_v1,0.05,0.050048007681228995,50.0,50.048007681228995,417,44,0,77,106.88000172376633,20.800000056624413
5,20260825T093704Z,mice_column_v1,0.05,0.050048007681228995,50.0,50.048007681228995,417,44,0,78,106.91200196743011,20.255999639630318
5,20260825T093704Z,mice_column_v1,0.05,0.050048007681228995,50.0,50.048007681228995,417,44,0,79,106.49599879980087,20.416000857949257
5,20260825T093704Z,mice_column_v1,0.05,0.050048007681228995,50.0,50.048007681228995,417,44,0,80,106.75200074911118,20.35200037062168
5,20260825T093704Z,mice_column_v1,0.05,0.050048007681228995,50.0,50.048007681228995,417,44,0,81,111.1999973654747,20.8320003002882
5,20260825T093704Z,mice_column_v1,0.05,0.050048007681228995,50.0,50.048007681228995,417,44,0,82,107.00800269842148,20.416000857949257
5,20260825T093704Z,mice_column_v1,0.05,0.050048007681228995,50.0,50.048007681228995,417,44,0,83,107.64800012111664,20.896000787615776
5,20260825T093704Z,mice_column_v1,0.05,0.050048007681228995,50.0,50.048007681228995,417,44,0,84,110.23999750614166,20.608000457286835
5,20260825T093704Z,mice_column_v1,0.05,0.050048007681228995,50.0,50.048007681228995,417,44,0,85,106.59199953079224,20.096000283956528
5,20260825T093704Z,mice_column_v1,0.05,0.050048007681228995,50.0,50.048007681228995,417,44,0,86,105.21599650382996,20.096000283956528
5,20260825T093704Z,mice_column_v1,0.05,0.050048007681228995,50.0,50.048007681228995,417,44,0,87,105.76000064611435,20.70399932563305
5,20260825T093704Z,mice_column_v1,0.05,0.050048007681228995,50.0,50.048007681228995,417,44,0,88,110.75200140476227,20.959999412298203
5,20260825T093704Z,mice_column_v1,0.05,0.050048007681228995,50.0,50.048007681228995,417,44,0,89,106.49599879980087,20.320000126957893
5,20260825T093704Z,mice_column_v1,0.05,0.050048007681228995,50.0,50.048007681228995,417,44,0,90,106.6880002617836,20.191999152302742
5,20260825T093704Z,mice_column_v1,0.05,0.050048007681228995,50.0,50.048007681228995,417,44,0,91,106.46399855613708,20.096000283956528
5,20260825T093704Z,mice_column_v1,0.05,0.050048007681228995,50.0,50.048007681228995,417,44,0,92,106.49599879980087,20.320000126957893
5,20260825T093704Z,mice_column_v1,0.05,0.050048007681228995,50.0,50.048007681228995,417,44,0,93,107.29599744081497,20.767999812960625
5,20260825T093704Z,mice_column_v1,0.05,0.050048007681228995,50.0,50.048007681228995,417,44,0,94,106.46399855613708,20.479999482631683
5,20260825T093704Z,mice_column_v1,0.05,0.050048007681228995,50.0,50.048007681228995,417,44,0,95,113.02399635314941,20.416000857949257
5,20260825T093704Z,mice_column_v1,0.05,0.050048007681228995,50.0,50.048007681228995,417,44,0,96,106.88000172376633,20.479999482631683
5,20260825T093704Z,mice_column_v1,0.05,0.050048007681228995,50.0,50.048007681228995,417,44,0,97,106.30399733781815,20.927999168634415
5,20260825T093704Z,mice_column_v1,0.05,0.050048007681228995,50.0,50.048007681228995,417,44,0,98,106.11200332641602,20.576000213623047
5,20260825T093704Z,mice_column_v1,0.05,0.050048007681228995,50.0,50.048007681228995,417,44,0,99,106.46399855613708,20.576000213623047
5,20260825T093704Z,mice_column_v1,0.05,0.050048007681228995,50.0,50.048007681228995,417,44,0,100,106.04800283908844,20.320000126957893
5,20260825T093704Z,mice_column_v1,0.05,0.050048007681228995,50.0,50.048007681228995,417,44,0,101,106.33599758148193,20.54399996995926
5,20260825T093704Z,mice_column_v1,0.05,0.050048007681228995,50.0,50.048007681228995,417,44,0,102,111.55200004577637,20.67199908196926
5,20260825T093704Z,mice_column_v1,0.05,0.050048007681228995,50.0,50.048007681228995,417,44,0,103,105.72800040245056,20.287999883294106
5,20260825T093704Z,mice_column_v1,0.05,0.050048007681228995,50.0,50.048007681228995,417,44,0,104,107.07200318574905,20.255999639630318
5,20260825T093704Z,mice_column_v1,0.05,0.050048007681228995,50.0,50.048007681228995,417,44,0,105,106.55999928712845,20.67199908196926
5,20260825T093704Z,mice_column_v1,0.05,0.050048007681228995,50.0,50.048007681228995,417,44,0,106,105.6319996714592,20.479999482631683
5,20260825T093704Z,mice_column_v1,0.05,0.050048007681228995,50.0,50.048007681228995,417,44,0,107,106.84800148010254,20.54399996995926
5,20260825T093704Z,mice_column_v1,0.05,0.050048007681228995,50.0,50.048007681228995,417,44,0,108,107.4879989027977,20.51199972629547
5,20260825T093704Z,mice_column_v1,0.05,0.050048007681228995,50.0,50.048007681228995,417,44,0,109,110.59200018644333,20.70399932563305
5,20260825T093704Z,mice_column_v1,0.05,0.050048007681228995,50.0,50.048007681228995,417,44,0,110,106.81600123643875,19.840000197291374
5,20260825T093704Z,mice_column_v1,0.05,0.050048007681228995,50.0,50.048007681228995,417,44,0,111,106.55999928712845,20.06400004029274
5,20260825T093704Z,mice_column_v1,0.05,0.050048007681228995,50.0,50.048007681228995,417,44,0,112,105.98400235176086,20.959999412298203
5,20260825T093704Z,mice_column_v1,0.05,0.050048007681228995,50.0,50.048007681228995,417,44,0,113,106.52799904346466,21.088000386953354
5,20260825T093704Z,mice_column_v1,0.05,0.050048007681228995,50.0,50.048007681228995,417,44,0,114,105.79200088977814,20.927999168634415
5,20260825T093704Z,mice_column_v1,0.05,0.050048007681228995,50.0,50.048007681228995,417,44,0,115,106.175996363163,20.38400061428547
5,20260825T093704Z,mice_column_v1,0.05,0.050048007681228995,50.0,50.048007681228995,417,44,0,116,110.72000116109848,20.608000457286835
5,20260825T093704Z,mice_column_v1,0.05,0.050048007681228995,50.0,50.048007681228995,417,44,0,117,106.01600259542465,20.479999482631683
5,20260825T093704Z,mice_column_v1,0.05,0.050048007681228995,50.0,50.048007681228995,417,44,0,118,105.95200210809708,20.54399996995926
5,20260825T093704Z,mice_column_v1,0.05,0.050048007681228995,50.0,50.048007681228995,417,44,0,119,106.11200332641602,20.22399939596653
5,20260825T093704Z,mice_column_v1,0.05,0.050048007681228995,50.0,50.048007681228995,417,44,0,120,106.62399977445602,20.38400061428547
5,20260825T093704Z,mice_column_v1,0.05,0.050048007681228995,50.0,50.048007681228995,417,44,0,121,107.00800269842148,20.640000700950623
5,20260825T093704Z,mice_column_v1,0.05,0.050048007681228995,50.0,50.048007681228995,417,44,0,122,106.30399733781815,20.255999639630318
5,20260825T093704Z,mice_column_v1,0.05,0.050048007681228995,50.0,50.048007681228995,417,44,0,123,106.72000050544739,20.479999482631683
5,20260825T093704Z,mice_column_v1,0.05,0.050048007681228995,50.0,50.048007681228995,417,44,0,124,106.91200196743011,20.51199972629547
5,20260825T093704Z,mice_column_v1,0.05,0.050048007681228995,50.0,50.048007681228995,417,44,0,125,105.79200088977814,20.735999569296837
5,20260825T093704Z,mice_column_v1,0.05,0.050048007681228995,50.0,50.048007681228995,417,44,0,126,105.69600015878677,21.344000473618507
5,20260825T093704Z,mice_column_v1,0.05,0.050048007681228995,50.0,50.048007681228995,417,44,0,127,106.11200332641602,21.056000143289566
5,20260825T093704Z,mice_column_v1,0.05,0.050048007681228995,50.0,50.048007681228995,417,44,1,0,249.82400238513947,44.47999969124794
5,20260825T093704Z,mice_column_v1,0.05,0.050048007681228995,50.0,50.048007681228995,417,44,1,1,124.57600235939026,22.463999688625336
5,20260825T093704Z,mice_column_v1,0.05,0.050048007681228995,50.0,50.048007681228995,417,44,1,2,113.3119985461235,21.60000056028366
5,20260825T093704Z,mice_column_v1,0.05,0.050048007681228995,50.0,50.048007681228995,417,44,1,3,117.11999773979187,20.800000056624413
5,20260825T093704Z,mice_column_v1,0.05,0.050048007681228995,50.0,50.048007681228995,417,44,1,4,117.18399822711945,24.383999407291412
5,20260825T093704Z,mice_column_v1,0.05,0.050048007681228995,50.0,50.048007681228995,417,44,1,5,111.23199760913849,21.407999098300934
5,20260825T093704Z,mice_column_v1,0.05,0.050048007681228995,50.0,50.048007681228995,417,44,1,6,109.18399691581726,21.183999255299568
5,20260825T093704Z,mice_column_v1,0.05,0.050048007681228995,50.0,50.048007681228995,417,44,1,7,108.44799876213074,21.215999498963356
5,20260825T093704Z,mice_column_v1,0.05,0.050048007681228995,50.0,50.048007681228995,417,44,1,8,107.55199939012527,21.376000717282295
5,20260825T093704Z,mice_column_v1,0.05,0.050048007681228995,50.0,50.048007681228995,417,44,1,9,107.77600109577179,20.767999812960625
5,20260825T093704Z,mice_column_v1,0.05,0.050048007681228995,50.0,50.048007681228995,417,44,1,10,111.61600053310394,20.99199965596199
5,20260825T093704Z,mice_column_v1,0.05,0.050048007681228995,50.0,50.048007681228995,417,44,1,11,107.61599987745285,20.51199972629547
5,20260825T093704Z,mice_column_v1,0.05,0.050048007681228995,50.0,50.048007681228995,417,44,1,12,108.25599730014801,20.927999168634415
5,20260825T093704Z,mice_column_v1,0.05,0.050048007681228995,50.0,50.048007681228995,417,44,1,13,106.97600245475769,20.51199972629547
5,20260825T093704Z,mice_column_v1,0.05,0.050048007681228995,50.0,50.048007681228995,417,44,1,14,106.49599879980087,20.416000857949257
5,20260825T093704Z,mice_column_v1,0.05,0.050048007681228995,50.0,50.048007681228995,417,44,1,15,107.04000294208527,20.255999639630318
5,20260825T093704Z,mice_column_v1,0.05,0.050048007681228995,50.0,50.048007681228995,417,44,1,16,107.96800255775452,25.887999683618546
5,20260825T093704Z,mice_column_v1,0.05,0.050048007681228995,50.0,50.048007681228995,417,44,1,17,108.19199681282043,20.864000543951988
5,20260825T093704Z,mice_column_v1,0.05,0.050048007681228995,50.0,50.048007681228995,417,44,1,18,107.93600231409073,21.088000386953354
5,20260825T093704Z,mice_column_v1,0.05,0.050048007681228995,50.0,50.048007681228995,417,44,1,19,107.4879989027977,21.536000072956085
5,20260825T093704Z,mice_column_v1,0.05,0.050048007681228995,50.0,50.048007681228995,417,44,1,20,107.35999792814255,20.800000056624413
5,20260825T093704Z,mice_column_v1,0.05,0.050048007681228995,50.0,50.048007681228995,417,44,1,21,106.78400099277496,20.51199972629547
5,20260825T093704Z,mice_column_v1,0.05,0.050048007681228995,50.0,50.048007681228995,417,44,1,22,106.39999806880951,20.479999482631683
5,20260825T093704Z,mice_column_v1,0.05,0.050048007681228995,50.0,50.048007681228995,417,44,1,23,106.59199953079224,20.576000213623047
5,20260825T093704Z,mice_column_v1,0.05,0.050048007681228995,50.0,50.048007681228995,417,44,1,24,107.87200182676315,20.800000056624413
5,20260825T093704Z,mice_column_v1,0.05,0.050048007681228995,50.0,50.048007681228995,417,44,1,25,106.72000050544739,20.735999569296837
5,20260825T093704Z,mice_column_v1,0.05,0.050048007681228995,50.0,50.048007681228995,417,44,1,26,107.13600367307663,21.023999899625778
5,20260825T093704Z,mice_column_v1,0.05,0.050048007681228995,50.0,50.048007681228995,417,44,1,27,106.52799904346466,20.608000457286835
5,20260825T093704Z,mice_column_v1,0.05,0.050048007681228995,50.0,50.048007681228995,417,44,1,28,107.26399719715118,20.800000056624413
5,20260825T093704Z,mice_column_v1,0.05,0.050048007681228995,50.0,50.048007681228995,417,44,1,29,108.03200304508209,21.183999255299568
5,20260825T093704Z,mice_column_v1,0.05,0.050048007681228995,50.0,50.048007681228995,417,44,1,30,113.95200341939926,20.22399939596653
5,20260825T093704Z,mice_column_v1,0.05,0.050048007681228995,50.0,50.048007681228995,417,44,1,31,107.55199939012527,20.416000857949257
5,20260825T093704Z,mice_column_v1,0.05,0.050048007681228995,50.0,50.048007681228995,417,44,1,32,106.78400099277496,20.767999812960625
5,20260825T093704Z,mice_column_v1,0.05,0.050048007681228995,50.0,50.048007681228995,417,44,1,33,107.29599744081497,20.479999482631683
5,20260825T093704Z,mice_column_v1,0.05,0.050048007681228995,50.0,50.048007681228995,417,44,1,34,107.10400342941284,20.70399932563305
5,20260825T093704Z,mice_column_v1,0.05,0.050048007681228995,50.0,50.048007681228995,417,44,1,35,105.82400113344193,20.287999883294106
5,20260825T093704Z,mice_column_v1,0.05,0.050048007681228995,50.0,50.048007681228995,417,44,1,36,110.81600189208984,20.640000700950623
5,20260825T093704Z,mice_column_v1,0.05,0.050048007681228995,50.0,50.048007681228995,417,44,1,37,110.20799726247787,20.608000457286835
5,20260825T093704Z,mice_column_v1,0.05,0.050048007681228995,50.0,50.048007681228995,417,44,1,38,105.66399991512299,20.959999412298203
5,20260825T093704Z,mice_column_v1,0.05,0.050048007681228995,50.0,50.048007681228995,417,44,1,39,105.6319996714592,20.70399932563305
5,20260825T093704Z,mice_column_v1,0.05,0.050048007681228995,50.0,50.048007681228995,417,44,1,40,106.175996363163,20.67199908196926
5,20260825T093704Z,mice_column_v1,0.05,0.050048007681228995,50.0,50.048007681228995,417,44,1,41,105.3759977221489,20.800000056624413
5,20260825T093704Z,mice_column_v1,0.05,0.050048007681228995,50.0,50.048007681228995,417,44,1,42,106.6880002617836,20.031999796628952
5,20260825T093704Z,mice_column_v1,0.05,0.050048007681228995,50.0,50.048007681228995,417,44,1,43,106.08000308275223,20.54399996995926
5,20260825T093704Z,mice_column_v1,0.05,0.050048007681228995,50.0,50.048007681228995,417,44,1,44,112.89600282907486,20.54399996995926
5,20260825T093704Z,mice_column_v1,0.05,0.050048007681228995,50.0,50.048007681228995,417,44,1,45,106.55999928712845,20.416000857949257
5,20260825T093704Z,mice_column_v1,0.05,0.050048007681228995,50.0,50.048007681228995,417,44,1,46,106.65600001811981,20.576000213623047
5,20260825T093704Z,mice_column_v1,0.05,0.050048007681228995,50.0,50.048007681228995,417,44,1,47,107.13600367307663,21.088000386953354
5,20260825T093704Z,mice_column_v1,0.05,0.050048007681228995,50.0,50.048007681228995,417,44,1,48,107.42399841547012,20.51199972629547
5,20260825T093704Z,mice_column_v1,0.05,0.050048007681228995,50.0,50.048007681228995,417,44,1,49,107.26399719715118,21.12000063061714
5,20260825T093704Z,mice_column_v1,0.05,0.050048007681228995,50.0,50.048007681228995,417,44,1,50,107.04000294208527,20.576000213623047
5,20260825T093704Z,mice_column_v1,0.05,0.050048007681228995,50.0,50.048007681228995,417,44,1,51,111.48799955844879,20.70399932563305
5,20260825T093704Z,mice_column_v1,0.05,0.050048007681228995,50.0,50.048007681228995,417,44,1,52,111.42399907112122,20.640000700950623
5,20260825T093704Z,mice_column_v1,0.05,0.050048007681228995,50.0,50.048007681228995,417,44,1,53,105.98400235176086,20.67199908196926
5,20260825T093704Z,mice_column_v1,0.05,0.050048007681228995,50.0,50.048007681228995,417,44,1,54,106.46399855613708,20.640000700950623
5,20260825T093704Z,mice_column_v1,0.05,0.050048007681228995,50.0,50.048007681228995,417,44,1,55,107.39199817180634,20.959999412298203
5,20260825T093704Z,mice_column_v1,0.05,0.050048007681228995,50.0,50.048007681228995,417,44,1,56,106.65600001811981,20.767999812960625
5,20260825T093704Z,mice_column_v1,0.05,0.050048007681228995,50.0,50.048007681228995,417,44,1,57,106.49599879980087,20.959999412298203
5,20260825T093704Z,mice_column_v1,0.05,0.050048007681228995,50.0,50.048007681228995,417,44,1,58,110.97600311040878,20.54399996995926
5,20260825T093704Z,mice_column_v1,0.05,0.050048007681228995,50.0,50.048007681228995,417,44,1,59,106.52799904346466,21.824000403285027
5,20260825T093704Z,mice_column_v1,0.05,0.050048007681228995,50.0,50.048007681228995,417,44,1,60,106.88000172376633,20.735999569296837
5,20260825T093704Z,mice_column_v1,0.05,0.050048007681228995,50.0,50.048007681228995,417,44,1,61,106.33599758148193,20.479999482631683
5,20260825T093704Z,mice_column_v1,0.05,0.050048007681228995,50.0,50.048007681228995,417,44,1,62,105.8880016207695,20.767999812960625
5,20260825T093704Z,mice_column_v1,0.05,0.050048007681228995,50.0,50.048007681228995,417,44,1,63,104.63999956846237,20.255999639630318
5,20260825T093704Z,mice_column_v1,0.05,0.050048007681228995,50.0,50.048007681228995,417,44,1,64,106.62399977445602,20.608000457286835
5,20260825T093704Z,mice_column_v1,0.05,0.050048007681228995,50.0,50.048007681228995,417,44,1,65,109.82400178909302,21.088000386953354
5,20260825T093704Z,mice_column_v1,0.05,0.050048007681228995,50.0,50.048007681228995,417,44,1,66,107.4879989027977,20.416000857949257
5,20260825T093704Z,mice_column_v1,0.05,0.050048007681228995,50.0,50.048007681228995,417,44,1,67,105.8880016207695,19.999999552965164
5,20260825T093704Z,mice_column_v1,0.05,0.050048007681228995,50.0,50.048007681228995,417,44,1,68,112.47999966144562,20.447999238967896
5,20260825T093704Z,mice_column_v1,0.05,0.050048007681228995,50.0,50.048007681228995,417,44,1,69,106.175996363163,20.608000457286835
5,20260825T093704Z,mice_column_v1,0.05,0.050048007681228995,50.0,50.048007681228995,417,44,1,70,107.13600367307663,20.54399996995926
5,20260825T093704Z,mice_column_v1,0.05,0.050048007681228995,50.0,50.048007681228995,417,44,1,71,106.39999806880951,20.54399996995926
5,20260825T093704Z,mice_column_v1,0.05,0.050048007681228995,50.0,50.048007681228995,417,44,1,72,164.09599781036377,21.088000386953354
5,20260825T093704Z,mice_column_v1,0.05,0.050048007681228995,50.0,50.048007681228995,417,44,1,73,105.98400235176086,20.640000700950623
5,20260825T093704Z,mice_column_v1,0.05,0.050048007681228995,50.0,50.048007681228995,417,44,1,74,107.26399719715118,20.99199965596199
5,20260825T093704Z,mice_column_v1,0.05,0.050048007681228995,50.0,50.048007681228995,417,44,1,75,106.9440022110939,21.27999998629093
5,20260825T093704Z,mice_column_v1,0.05,0.050048007681228995,50.0,50.048007681228995,417,44,1,76,107.45599865913391,20.959999412298203
5,20260825T093704Z,mice_column_v1,0.05,0.050048007681228995,50.0,50.048007681228995,417,44,1,77,107.16799646615982,20.031999796628952
5,20260825T093704Z,mice_column_v1,0.05,0.050048007681228995,50.0,50.048007681228995,417,44,1,78,110.33599823713303,20.608000457286835
5,20260825T093704Z,mice_column_v1,0.05,0.050048007681228995,50.0,50.048007681228995,417,44,1,79,107.51999914646149,20.479999482631683
5,20260825T093704Z,mice_column_v1,0.05,0.050048007681228995,50.0,50.048007681228995,417,44,1,80,106.6880002617836,20.67199908196926
5,20260825T093704Z,mice_column_v1,0.05,0.050048007681228995,50.0,50.048007681228995,417,44,1,81,106.49599879980087,21.088000386953354
5,20260825T093704Z,mice_column_v1,0.05,0.050048007681228995,50.0,50.048007681228995,417,44,1,82,108.19199681282043,20.767999812960625
5,20260825T093704Z,mice_column_v1,0.05,0.050048007681228995,50.0,50.048007681228995,417,44,1,83,106.84800148010254,20.54399996995926
5,20260825T093704Z,mice_column_v1,0.05,0.050048007681228995,50.0,50.048007681228995,417,44,1,84,106.81600123643875,20.255999639630318
5,20260825T093704Z,mice_column_v1,0.05,0.050048007681228995,50.0,50.048007681228995,417,44,1,85,109.76000130176544,20.608000457286835
5,20260825T093704Z,mice_column_v1,0.05,0.050048007681228995,50.0,50.048007681228995,417,44,1,86,106.39999806880951,20.67199908196926
5,20260825T093704Z,mice_column_v1,0.05,0.050048007681228995,50.0,50.048007681228995,417,44,1,87,105.24799674749374,19.840000197291374
5,20260825T093704Z,mice_column_v1,0.05,0.050048007681228995,50.0,50.048007681228995,417,44,1,88,107.42399841547012,21.15200087428093
5,20260825T093704Z,mice_column_v1,0.05,0.050048007681228995,50.0,50.048007681228995,417,44,1,89,106.62399977445602,20.35200037062168
5,20260825T093704Z,mice_column_v1,0.05,0.050048007681228995,50.0,50.048007681228995,417,44,1,90,106.04800283908844,20.640000700950623
5,20260825T093704Z,mice_column_v1,0.05,0.050048007681228995,50.0,50.048007681228995,417,44,1,91,106.39999806880951,20.255999639630318
5,20260825T093704Z,mice_column_v1,0.05,0.050048007681228995,50.0,50.048007681228995,417,44,1,92,110.81600189208984,19.999999552965164
5,20260825T093704Z,mice_column_v1,0.05,0.050048007681228995,50.0,50.048007681228995,417,44,1,93,106.36799782514572,20.06400004029274
5,20260825T093704Z,mice_column_v1,0.05,0.050048007681228995,50.0,50.048007681228995,417,44,1,94,106.08000308275223,20.51199972629547
5,20260825T093704Z,mice_column_v1,0.05,0.050048007681228995,50.0,50.048007681228995,417,44,1,95,105.21599650382996,20.35200037062168
5,20260825T093704Z,mice_column_v1,0.05,0.050048007681228995,50.0,50.048007681228995,417,44,1,96,106.36799782514572,20.096000283956528
5,20260825T093704Z,mice_column_v1,0.05,0.050048007681228995,50.0,50.048007681228995,417,44,1,97,105.98400235176086,20.06400004029274
5,20260825T093704Z,mice_column_v1,0.05,0.050048007681228995,50.0,50.048007681228995,417,44,1,98,105.79200088977814,20.06400004029274
5,20260825T093704Z,mice_column_v1,0.05,0.050048007681228995,50.0,50.048007681228995,417,44,1,99,112.09599673748016,20.927999168634415
5,20260825T093704Z,mice_column_v1,0.05,0.050048007681228995,50.0,50.048007681228995,417,44,1,100,112.38399893045425,20.38400061428547
5,20260825T093704Z,mice_column_v1,0.05,0.050048007681228995,50.0,50.048007681228995,417,44,1,101,106.49599879980087,20.06400004029274
5,20260825T093704Z,mice_column_v1,0.05,0.050048007681228995,50.0,50.048007681228995,417,44,1,102,106.01600259542465,20.031999796628952
5,20260825T093704Z,mice_column_v1,0.05,0.050048007681228995,50.0,50.048007681228995,417,44,1,103,106.4319983124733,20.35200037062168
5,20260825T093704Z,mice_column_v1,0.05,0.050048007681228995,50.0,50.048007681228995,417,44,1,104,106.08000308275223,20.640000700950623
5,20260825T093704Z,mice_column_v1,0.05,0.050048007681228995,50.0,50.048007681228995,417,44,1,105,106.62399977445602,20.35200037062168
5,20260825T093704Z,mice_column_v1,0.05,0.050048007681228995,50.0,50.048007681228995,417,44,1,106,110.23999750614166,20.416000857949257
5,20260825T093704Z,mice_column_v1,0.05,0.050048007681228995,50.0,50.048007681228995,417,44,1,107,105.3759977221489,20.67199908196926
5,20260825T093704Z,mice_column_v1,0.05,0.050048007681228995,50.0,50.048007681228995,417,44,1,108,106.27199709415436,20.959999412298203
5,20260825T093704Z,mice_column_v1,0.05,0.050048007681228995,50.0,50.048007681228995,417,44,1,109,105.8880016207695,20.54399996995926
5,20260825T093704Z,mice_column_v1,0.05,0.050048007681228995,50.0,50.048007681228995,417,44,1,110,105.53599894046783,19.936000928282738
5,20260825T093704Z,mice_column_v1,0.05,0.050048007681228995,50.0,50.048007681228995,417,44,1,111,105.27999699115753,20.255999639630318
5,20260825T093704Z,mice_column_v1,0.05,0.050048007681228995,50.0,50.048007681228995,417,44,1,112,104.67199981212616,21.12000063061714
5,20260825T093704Z,mice_column_v1,0.05,0.050048007681228995,50.0,50.048007681228995,417,44,1,113,109.98400300741196,20.99199965596199
5,20260825T093704Z,mice_column_v1,0.05,0.050048007681228995,50.0,50.048007681228995,417,44,1,114,105.95200210809708,20.447999238967896
5,20260825T093704Z,mice_column_v1,0.05,0.050048007681228995,50.0,50.048007681228995,417,44,1,115,106.33599758148193,19.999999552965164
5,20260825T093704Z,mice_column_v1,0.05,0.050048007681228995,50.0,50.048007681228995,417,44,1,116,105.21599650382996,20.70399932563305
5,20260825T093704Z,mice_column_v1,0.05,0.050048007681228995,50.0,50.048007681228995,417,44,1,117,106.1440035700798,20.576000213623047
5,20260825T093704Z,mice_column_v1,0.05,0.050048007681228995,50.0,50.048007681228995,417,44,1,118,105.47199845314026,20.191999152302742
5,20260825T093704Z,mice_column_v1,0.05,0.050048007681228995,50.0,50.048007681228995,417,44,1,119,104.80000078678131,20.800000056624413
5,20260825T093704Z,mice_column_v1,0.05,0.050048007681228995,50.0,50.048007681228995,417,44,1,120,126.3359934091568,21.31200022995472
5,20260825T093704Z,mice_column_v1,0.05,0.050048007681228995,50.0,50.048007681228995,417,44,1,121,108.06400328874588,21.536000072956085
5,20260825T093704Z,mice_column_v1,0.05,0.050048007681228995,50.0,50.048007681228995,417,44,1,122,107.71200060844421,20.959999412298203
5,20260825T093704Z,mice_column_v1,0.05,0.050048007681228995,50.0,50.048007681228995,417,44,1,123,106.4319983124733,20.51199972629547
5,20260825T093704Z,mice_column_v1,0.05,0.050048007681228995,50.0,50.048007681228995,417,44,1,124,105.79200088977814,20.479999482631683
5,20260825T093704Z,mice_column_v1,0.05,0.050048007681228995,50.0,50.048007681228995,417,44,1,125,106.01600259542465,21.536000072956085
5,20260825T093704Z,mice_column_v1,0.05,0.050048007681228995,50.0,50.048007681228995,417,44,1,126,105.72800040245056,20.927999168634415
5,20260825T093704Z,mice_column_v1,0.05,0.050048007681228995,50.0,50.048007681228995,417,44,1,127,111.1999973654747,20.959999412298203
5,20260825T093704Z,mice_column_v1,0.05,0.050048007681228995,50.0,50.048007681228995,417,44,2,0,234.75199937820435,40.44799879193306
5,20260825T093704Z,mice_column_v1,0.05,0.050048007681228995,50.0,50.048007681228995,417,44,2,1,121.98399752378464,23.135999217629433
5,20260825T093704Z,mice_column_v1,0.05,0.050048007681228995,50.0,50.048007681228995,417,44,2,2,112.41599917411804,21.60000056028366
5,20260825T093704Z,mice_column_v1,0.05,0.050048007681228995,50.0,50.048007681228995,417,44,2,3,118.49600076675415,21.47199958562851
5,20260825T093704Z,mice_column_v1,0.05,0.050048007681228995,50.0,50.048007681228995,417,44,2,4,110.20799726247787,21.215999498963356
5,20260825T093704Z,mice_column_v1,0.05,0.050048007681228995,50.0,50.048007681228995,417,44,2,5,109.40799862146378,20.800000056624413
5,20260825T093704Z,mice_column_v1,0.05,0.050048007681228995,50.0,50.048007681228995,417,44,2,6,108.64000022411346,21.183999255299568
5,20260825T093704Z,mice_column_v1,0.05,0.050048007681228995,50.0,50.048007681228995,417,44,2,7,108.31999778747559,20.51199972629547
5,20260825T093704Z,mice_column_v1,0.05,0.050048007681228995,50.0,50.048007681228995,417,44,2,8,107.87200182676315,20.896000787615776
5,20260825T093704Z,mice_column_v1,0.05,0.050048007681228995,50.0,50.048007681228995,417,44,2,9,108.12799632549286,20.927999168634415
5,20260825T093704Z,mice_column_v1,0.05,0.050048007681228995,50.0,50.048007681228995,417,44,2,10,110.81600189208984,20.800000056624413
5,20260825T093704Z,mice_column_v1,0.05,0.050048007681228995,50.0,50.048007681228995,417,44,2,11,107.77600109577179,20.416000857949257
5,20260825T093704Z,mice_column_v1,0.05,0.050048007681228995,50.0,50.048007681228995,417,44,2,12,107.55199939012527,20.51199972629547
5,20260825T093704Z,mice_column_v1,0.05,0.050048007681228995,50.0,50.048007681228995,417,44,2,13,107.29599744081497,20.70399932563305
5,20260825T093704Z,mice_column_v1,0.05,0.050048007681228995,50.0,50.048007681228995,417,44,2,14,106.9440022110939,20.51199972629547
5,20260825T093704Z,mice_column_v1,0.05,0.050048007681228995,50.0,50.048007681228995,417,44,2,15,106.84800148010254,20.767999812960625
5,20260825T093704Z,mice_column_v1,0.05,0.050048007681228995,50.0,50.048007681228995,417,44,2,16,106.75200074911118,25.631999596953392
5,20260825T093704Z,mice_column_v1,0.05,0.050048007681228995,50.0,50.048007681228995,417,44,2,17,107.4879989027977,20.576000213623047
5,20260825T093704Z,mice_column_v1,0.05,0.050048007681228995,50.0,50.048007681228995,417,44,2,18,106.75200074911118,21.088000386953354
5,20260825T093704Z,mice_column_v1,0.05,0.050048007681228995,50.0,50.048007681228995,417,44,2,19,107.90400207042694,21.183999255299568
5,20260825T093704Z,mice_column_v1,0.05,0.050048007681228995,50.0,50.048007681228995,417,44,2,20,106.84800148010254,20.927999168634415
5,20260825T093704Z,mice_column_v1,0.05,0.050048007681228995,50.0,50.048007681228995,417,44,2,21,107.71200060844421,20.576000213623047
5,20260825T093704Z,mice_column_v1,0.05,0.050048007681228995,50.0,50.048007681228995,417,44,2,22,107.45599865913391,20.864000543951988
5,20260825T093704Z,mice_column_v1,0.05,0.050048007681228995,50.0,50.048007681228995,417,44,2,23,110.88000237941742,20.8320003002882
5,20260825T093704Z,mice_column_v1,0.05,0.050048007681228995,50.0,50.048007681228995,417,44,2,24,107.16799646615982,20.896000787615776
5,20260825T093704Z,mice_column_v1,0.05,0.050048007681228995,50.0,50.048007681228995,417,44,2,25,106.4319983124733,21.088000386953354
5,20260825T093704Z,mice_column_v1,0.05,0.050048007681228995,50.0,50.048007681228995,417,44,2,26,106.27199709415436,20.255999639630318
5,20260825T093704Z,mice_column_v1,0.05,0.050048007681228995,50.0,50.048007681228995,417,44,2,27,106.36799782514572,20.255999639630318
5,20260825T093704Z,mice_column_v1,0.05,0.050048007681228995,50.0,50.048007681228995,417,44,2,28,106.9440022110939,21.183999255299568
5,20260825T093704Z,mice_column_v1,0.05,0.050048007681228995,50.0,50.048007681228995,417,44,2,29,105.98400235176086,20.67199908196926
5,20260825T093704Z,mice_column_v1,0.05,0.050048007681228995,50.0,50.048007681228995,417,44,2,30,110.84800213575363,20.54399996995926
5,20260825T093704Z,mice_column_v1,0.05,0.050048007681228995,50.0,50.048007681228995,417,44,2,31,106.55999928712845,20.608000457286835
5,20260825T093704Z,mice_column_v1,0.05,0.050048007681228995,50.0,50.048007681228995,417,44,2,32,107.10400342941284,20.800000056624413
5,20260825T093704Z,mice_column_v1,0.05,0.050048007681228995,50.0,50.048007681228995,417,44,2,33,106.59199953079224,20.959999412298203
5,20260825T093704Z,mice_column_v1,0.05,0.050048007681228995,50.0,50.048007681228995,417,44,2,34,106.01600259542465,20.640000700950623
5,20260825T093704Z,mice_column_v1,0.05,0.050048007681228995,50.0,50.048007681228995,417,44,2,35,106.20799660682678,20.22399939596653
5,20260825T093704Z,mice_column_v1,0.05,0.050048007681228995,50.0,50.048007681228995,417,44,2,36,107.04000294208527,21.215999498963356
5,20260825T093704Z,mice_column_v1,0.05,0.050048007681228995,50.0,50.048007681228995,417,44,2,37,112.12799698114395,20.800000056624413
5,20260825T093704Z,mice_column_v1,0.05,0.050048007681228995,50.0,50.048007681228995,417,44,2,38,107.2319969534874,20.320000126957893
5,20260825T093704Z,mice_column_v1,0.05,0.050048007681228995,50.0,50.048007681228995,417,44,2,39,106.62399977445602,20.767999812960625
5,20260825T093704Z,mice_column_v1,0.05,0.050048007681228995,50.0,50.048007681228995,417,44,2,40,106.46399855613708,20.8320003002882
5,20260825T093704Z,mice_column_v1,0.05,0.050048007681228995,50.0,50.048007681228995,417,44,2,41,106.23999685049057,20.416000857949257
5,20260825T093704Z,mice_column_v1,0.05,0.050048007681228995,50.0,50.048007681228995,417,44,2,42,106.55999928712845,20.767999812960625
5,20260825T093704Z,mice_column_v1,0.05,0.050048007681228995,50.0,50.048007681228995,417,44,2,43,106.08000308275223,20.416000857949257
5,20260825T093704Z,mice_column_v1,0.05,0.050048007681228995,50.0,50.048007681228995,417,44,2,44,109.69600081443787,21.056000143289566
5,20260825T093704Z,mice_column_v1,0.05,0.050048007681228995,50.0,50.048007681228995,417,44,2,45,106.30399733781815,20.864000543951988
5,20260825T093704Z,mice_column_v1,0.05,0.050048007681228995,50.0,50.048007681228995,417,44,2,46,106.62399977445602,20.640000700950623
5,20260825T093704Z,mice_column_v1,0.05,0.050048007681228995,50.0,50.048007681228995,417,44,2,47,108.41599851846695,21.056000143289566
5,20260825T093704Z,mice_column_v1,0.05,0.050048007681228995,50.0,50.048007681228995,417,44,2,48,106.65600001811981,20.447999238967896
5,20260825T093704Z,mice_column_v1,0.05,0.050048007681228995,50.0,50.048007681228995,417,44,2,49,108.09600353240967,21.12000063061714
5,20260825T093704Z,mice_column_v1,0.05,0.050048007681228995,50.0,50.048007681228995,417,44,2,50,106.6880002617836,20.767999812960625
5,20260825T093704Z,mice_column_v1,0.05,0.050048007681228995,50.0,50.048007681228995,417,44,2,51,110.88000237941742,20.800000056624413
5,20260825T093704Z,mice_column_v1,0.05,0.050048007681228995,50.0,50.048007681228995,417,44,2,52,105.92000186443329,20.447999238967896
5,20260825T093704Z,mice_column_v1,0.05,0.050048007681228995,50.0,50.048007681228995,417,44,2,53,106.46399855613708,20.447999238967896
5,20260825T093704Z,mice_column_v1,0.05,0.050048007681228995,50.0,50.048007681228995,417,44,2,54,106.04800283908844,21.31200022995472
5,20260825T093704Z,mice_column_v1,0.05,0.050048007681228995,50.0,50.048007681228995,417,44,2,55,106.6880002617836,20.735999569296837
5,20260825T093704Z,mice_column_v1,0.05,0.050048007681228995,50.0,50.048007681228995,417,44,2,56,106.23999685049057,20.06400004029274
5,20260825T093704Z,mice_column_v1,0.05,0.050048007681228995,50.0,50.048007681228995,417,44,2,57,106.39999806880951,21.088000386953354
5,20260825T093704Z,mice_column_v1,0.05,0.050048007681228995,50.0,50.048007681228995,417,44,2,58,113.37599903345108,20.416000857949257
5,20260825T093704Z,mice_column_v1,0.05,0.050048007681228995,50.0,50.048007681228995,417,44,2,59,107.26399719715118,20.70399932563305
5,20260825T093704Z,mice_column_v1,0.05,0.050048007681228995,50.0,50.048007681228995,417,44,2,60,105.76000064611435,20.51199972629547
5,20260825T093704Z,mice_column_v1,0.05,0.050048007681228995,50.0,50.048007681228995,417,44,2,61,105.79200088977814,20.38400061428547
5,20260825T093704Z,mice_column_v1,0.05,0.050048007681228995,50.0,50.048007681228995,417,44,2,62,106.81600123643875,20.864000543951988
5,20260825T093704Z,mice_column_v1,0.05,0.050048007681228995,50.0,50.048007681228995,417,44,2,63,107.90400207042694,20.54399996995926
5,20260825T093704Z,mice_column_v1,0.05,0.050048007681228995,50.0,50.048007681228995,417,44,2,64,105.85600137710571,20.959999412298203
5,20260825T093704Z,mice_column_v1,0.05,0.050048007681228995,50.0,50.048007681228995,417,44,2,65,112.0000034570694,20.8320003002882
5,20260825T093704Z,mice_column_v1,0.05,0.050048007681228995,50.0,50.048007681228995,417,44,2,66,106.08000308275223,20.447999238967896
5,20260825T093704Z,mice_column_v1,0.05,0.050048007681228995,50.0,50.048007681228995,417,44,2,67,105.12000322341919,20.70399932563305
5,20260825T093704Z,mice_column_v1,0.05,0.050048007681228995,50.0,50.048007681228995,417,44,2,68,106.4319983124733,20.416000857949257
5,20260825T093704Z,mice_column_v1,0.05,0.050048007681228995,50.0,50.048007681228995,417,44,2,69,106.33599758148193,20.927999168634415
5,20260825T093704Z,mice_column_v1,0.05,0.050048007681228995,50.0,50.048007681228995,417,44,2,70,107.39199817180634,19.648000597953796
5,20260825T093704Z,mice_column_v1,0.05,0.050048007681228995,50.0,50.048007681228995,417,44,2,71,105.56799918413162,20.447999238967896
5,20260825T093704Z,mice_column_v1,0.05,0.050048007681228995,50.0,50.048007681228995,417,44,2,72,109.0880036354065,20.38400061428547
5,20260825T093704Z,mice_column_v1,0.05,0.050048007681228995,50.0,50.048007681228995,417,44,2,73,106.27199709415436,20.255999639630318
5,20260825T093704Z,mice_column_v1,0.05,0.050048007681228995,50.0,50.048007681228995,417,44,2,74,105.53599894046783,20.128000527620316
5,20260825T093704Z,mice_column_v1,0.05,0.050048007681228995,50.0,50.048007681228995,417,44,2,75,107.35999792814255,20.416000857949257
5,20260825T093704Z,mice_column_v1,0.05,0.050048007681228995,50.0,50.048007681228995,417,44,2,76,106.01600259542465,20.640000700950623
5,20260825T093704Z,mice_column_v1,0.05,0.050048007681228995,50.0,50.048007681228995,417,44,2,77,105.79200088977814,20.54399996995926
5,20260825T093704Z,mice_column_v1,0.05,0.050048007681228995,50.0,50.048007681228995,417,44,2,78,105.76000064611435,20.416000857949257
5,20260825T093704Z,mice_column_v1,0.05,0.050048007681228995,50.0,50.048007681228995,417,44,2,79,116.5120005607605,20.255999639630318
5,20260825T093704Z,mice_column_v1,0.05,0.050048007681228995,50.0,50.048007681228995,417,44,2,80,106.36799782514572,20.320000126957893
5,20260825T093704Z,mice_column_v1,0.05,0.050048007681228995,50.0,50.048007681228995,417,44,2,81,106.36799782514572,20.735999569296837
5,20260825T093704Z,mice_column_v1,0.05,0.050048007681228995,50.0,50.048007681228995,417,44,2,82,105.72800040245056,20.735999569296837
5,20260825T093704Z,mice_column_v1,0.05,0.050048007681228995,50.0,50.048007681228995,417,44,2,83,105.98400235176086,20.479999482631683
5,20260825T093704Z,mice_column_v1,0.05,0.050048007681228995,50.0,50.048007681228995,417,44,2,84,106.30399733781815,20.640000700950623
5,20260825T093704Z,mice_column_v1,0.05,0.050048007681228995,50.0,50.048007681228995,417,44,2,85,106.36799782514572,20.800000056624413
5,20260825T093704Z,mice_column_v1,0.05,0.050048007681228995,50.0,50.048007681228995,417,44,2,86,107.35999792814255,20.640000700950623
5,20260825T093704Z,mice_column_v1,0.05,0.050048007681228995,50.0,50.048007681228995,417,44,2,87,106.36799782514572,20.959999412298203
5,20260825T093704Z,mice_column_v1,0.05,0.050048007681228995,50.0,50.048007681228995,417,44,2,88,105.34399747848511,20.51199972629547
5,20260825T093704Z,mice_column_v1,0.05,0.050048007681228995,50.0,50.048007681228995,417,44,2,89,107.13600367307663,20.51199972629547
5,20260825T093704Z,mice_column_v1,0.05,0.050048007681228995,50.0,50.048007681228995,417,44,2,90,106.27199709415436,20.191999152302742
5,20260825T093704Z,mice_column_v1,0.05,0.050048007681228995,50.0,50.048007681228995,417,44,2,91,105.53599894046783,20.576000213623047
5,20260825T093704Z,mice_column_v1,0.05,0.050048007681228995,50.0,50.048007681228995,417,44,2,92,106.175996363163,24.800000712275505
5,20260825T093704Z,mice_column_v1,0.05,0.050048007681228995,50.0,50.048007681228995,417,44,2,93,106.52799904346466,20.767999812960625
5,20260825T093704Z,mice_column_v1,0.05,0.050048007681228995,50.0,50.048007681228995,417,44,2,94,107.26399719715118,20.896000787615776
5,20260825T093704Z,mice_column_v1,0.05,0.050048007681228995,50.0,50.048007681228995,417,44,2,95,105.53599894046783,20.767999812960625
5,20260825T093704Z,mice_column_v1,0.05,0.050048007681228995,50.0,50.048007681228995,417,44,2,96,105.72800040245056,20.320000126957893
5,20260825T093704Z,mice_column_v1,0.05,0.050048007681228995,50.0,50.048007681228995,417,44,2,97,105.69600015878677,20.255999639630318
5,20260825T093704Z,mice_column_v1,0.05,0.050048007681228995,50.0,50.048007681228995,417,44,2,98,105.95200210809708,20.70399932563305
5,20260825T093704Z,mice_column_v1,0.05,0.050048007681228995,50.0,50.048007681228995,417,44,2,99,107.19999670982361,41.280001401901245
5,20260825T093704Z,mice_column_v1,0.05,0.050048007681228995,50.0,50.048007681228995,417,44,2,100,108.51199924945831,21.407999098300934
5,20260825T093704Z,mice_column_v1,0.05,0.050048007681228995,50.0,50.048007681228995,417,44,2,101,107.4879989027977,20.608000457286835
5,20260825T093704Z,mice_column_v1,0.05,0.050048007681228995,50.0,50.048007681228995,417,44,2,102,106.30399733781815,20.479999482631683
5,20260825T093704Z,mice_column_v1,0.05,0.050048007681228995,50.0,50.048007681228995,417,44,2,103,106.36799782514572,20.320000126957893
5,20260825T093704Z,mice_column_v1,0.05,0.050048007681228995,50.0,50.048007681228995,417,44,2,104,106.55999928712845,20.38400061428547
5,20260825T093704Z,mice_column_v1,0.05,0.050048007681228995,50.0,50.048007681228995,417,44,2,105,106.20799660682678,20.576000213623047
5,20260825T093704Z,mice_column_v1,0.05,0.050048007681228995,50.0,50.048007681228995,417,44,2,106,111.64800077676773,20.576000213623047
5,20260825T093704Z,mice_column_v1,0.05,0.050048007681228995,50.0,50.048007681228995,417,44,2,107,106.6880002617836,20.800000056624413
5,20260825T093704Z,mice_column_v1,0.05,0.050048007681228995,50.0,50.048007681228995,417,44,2,108,105.72800040245056,20.51199972629547
5,20260825T093704Z,mice_column_v1,0.05,0.050048007681228995,50.0,50.048007681228995,417,44,2,109,106.20799660682678,20.51199972629547
5,20260825T093704Z,mice_column_v1,0.05,0.050048007681228995,50.0,50.048007681228995,417,44,2,110,106.1440035700798,20.640000700950623
5,20260825T093704Z,mice_column_v1,0.05,0.050048007681228995,50.0,50.048007681228995,417,44,2,111,105.66399991512299,24.960000067949295
5,20260825T093704Z,mice_column_v1,0.05,0.050048007681228995,50.0,50.048007681228995,417,44,2,112,106.65600001811981,20.35200037062168
5,20260825T093704Z,mice_column_v1,0.05,0.050048007681228995,50.0,50.048007681228995,417,44,2,113,111.455999314785,20.640000700950623
5,20260825T093704Z,mice_column_v1,0.05,0.050048007681228995,50.0,50.048007681228995,417,44,2,114,105.98400235176086,20.128000527620316
5,20260825T093704Z,mice_column_v1,0.05,0.050048007681228995,50.0,50.048007681228995,417,44,2,115,106.78400099277496,20.38400061428547
5,20260825T093704Z,mice_column_v1,0.05,0.050048007681228995,50.0,50.048007681228995,417,44,2,116,107.29599744081497,20.67199908196926
5,20260825T093704Z,mice_column_v1,0.05,0.050048007681228995,50.0,50.048007681228995,417,44,2,117,106.65600001811981,20.447999238967896
5,20260825T093704Z,mice_column_v1,0.05,0.050048007681228995,50.0,50.048007681228995,417,44,2,118,106.84800148010254,20.70399932563305
5,20260825T093704Z,mice_column_v1,0.05,0.050048007681228995,50.0,50.048007681228995,417,44,2,119,105.95200210809708,20.320000126957893
5,20260825T093704Z,mice_column_v1,0.05,0.050048007681228995,50.0,50.048007681228995,417,44,2,120,110.84800213575363,20.479999482631683
5,20260825T093704Z,mice_column_v1,0.05,0.050048007681228995,50.0,50.048007681228995,417,44,2,121,105.98400235176086,20.096000283956528
5,20260825T093704Z,mice_column_v1,0.05,0.050048007681228995,50.0,50.048007681228995,417,44,2,122,105.79200088977814,20.287999883294106
5,20260825T093704Z,mice_column_v1,0.05,0.050048007681228995,50.0,50.048007681228995,417,44,2,123,106.23999685049057,20.447999238967896
5,20260825T093704Z,mice_column_v1,0.05,0.050048007681228995,50.0,50.048007681228995,417,44,2,124,106.08000308275223,20.287999883294106
5,20260825T093704Z,mice_column_v1,0.05,0.050048007681228995,50.0,50.048007681228995,417,44,2,125,105.24799674749374,20.191999152302742
5,20260825T093704Z,mice_column_v1,0.05,0.050048007681228995,50.0,50.048007681228995,417,44,2,126,105.6319996714592,20.608000457286835
5,20260825T093704Z,mice_column_v1,0.05,0.050048007681228995,50.0,50.048007681228995,417,44,2,127,110.17599701881409,20.38400061428547
5,20260825T093704Z,mice_column_v1,0.05,0.050048007681228995,50.0,50.048007681228995,417,44,3,0,242.43199825286865,42.75200143456459
5,20260825T093704Z,mice_column_v1,0.05,0.050048007681228995,50.0,50.048007681228995,417,44,3,1,119.90399658679962,23.04000034928322
5,20260825T093704Z,mice_column_v1,0.05,0.050048007681228995,50.0,50.048007681228995,417,44,3,2,112.44799941778183,21.023999899625778
5,20260825T093704Z,mice_column_v1,0.05,0.050048007681228995,50.0,50.048007681228995,417,44,3,3,110.01600325107574,21.27999998629093
5,20260825T093704Z,mice_column_v1,0.05,0.050048007681228995,50.0,50.048007681228995,417,44,3,4,114.3999993801117,20.927999168634415
5,20260825T093704Z,mice_column_v1,0.05,0.050048007681228995,50.0,50.048007681228995,417,44,3,5,111.07199639081955,21.663999184966087
5,20260825T093704Z,mice_column_v1,0.05,0.050048007681228995,50.0,50.048007681228995,417,44,3,6,114.9120032787323,21.79200015962124
5,20260825T093704Z,mice_column_v1,0.05,0.050048007681228995,50.0,50.048007681228995,417,44,3,7,109.56799983978271,20.608000457286835
5,20260825T093704Z,mice_column_v1,0.05,0.050048007681228995,50.0,50.048007681228995,417,44,3,8,108.35199803113937,20.864000543951988
5,20260825T093704Z,mice_column_v1,0.05,0.050048007681228995,50.0,50.048007681228995,417,44,3,9,107.93600231409073,21.056000143289566
5,20260825T093704Z,mice_column_v1,0.05,0.050048007681228995,50.0,50.048007681228995,417,44,3,10,106.6880002617836,20.8320003002882
5,20260825T093704Z,mice_column_v1,0.05,0.050048007681228995,50.0,50.048007681228995,417,44,3,11,106.59199953079224,20.735999569296837
5,20260825T093704Z,mice_column_v1,0.05,0.050048007681228995,50.0,50.048007681228995,417,44,3,12,106.36799782514572,19.999999552965164
5,20260825T093704Z,mice_column_v1,0.05,0.050048007681228995,50.0,50.048007681228995,417,44,3,13,110.97600311040878,20.99199965596199
5,20260825T093704Z,mice_column_v1,0.05,0.050048007681228995,50.0,50.048007681228995,417,44,3,14,105.8880016207695,20.576000213623047
5,20260825T093704Z,mice_column_v1,0.05,0.050048007681228995,50.0,50.048007681228995,417,44,3,15,106.4319983124733,20.031999796628952
5,20260825T093704Z,mice_column_v1,0.05,0.050048007681228995,50.0,50.048007681228995,417,44,3,16,106.75200074911118,20.70399932563305
5,20260825T093704Z,mice_column_v1,0.05,0.050048007681228995,50.0,50.048007681228995,417,44,3,17,105.85600137710571,20.67199908196926
5,20260825T093704Z,mice_column_v1,0.05,0.050048007681228995,50.0,50.048007681228995,417,44,3,18,107.39199817180634,20.640000700950623
5,20260825T093704Z,mice_column_v1,0.05,0.050048007681228995,50.0,50.048007681228995,417,44,3,19,106.23999685049057,20.608000457286835
5,20260825T093704Z,mice_column_v1,0.05,0.050048007681228995,50.0,50.048007681228995,417,44,3,20,114.20799791812897,20.479999482631683
5,20260825T093704Z,mice_column_v1,0.05,0.050048007681228995,50.0,50.048007681228995,417,44,3,21,105.95200210809708,19.999999552965164
5,20260825T093704Z,mice_column_v1,0.05,0.050048007681228995,50.0,50.048007681228995,417,44,3,22,105.72800040245056,20.735999569296837
5,20260825T093704Z,mice_column_v1,0.05,0.050048007681228995,50.0,50.048007681228995,417,44,3,23,107.96800255775452,20.735999569296837
5,20260825T093704Z,mice_column_v1,0.05,0.050048007681228995,50.0,50.048007681228995,417,44,3,24,107.2319969534874,21.215999498963356
5,20260825T093704Z,mice_column_v1,0.05,0.050048007681228995,50.0,50.048007681228995,417,44,3,25,107.2319969534874,21.056000143289566
5,20260825T093704Z,mice_column_v1,0.05,0.050048007681228995,50.0,50.048007681228995,417,44,3,26,107.19999670982361,23.64799939095974
5,20260825T093704Z,mice_column_v1,0.05,0.050048007681228995,50.0,50.048007681228995,417,44,3,27,106.6880002617836,21.183999255299568
5,20260825T093704Z,mice_column_v1,0.05,0.050048007681228995,50.0,50.048007681228995,417,44,3,28,108.0000028014183,20.864000543951988
5,20260825T093704Z,mice_column_v1,0.05,0.050048007681228995,50.0,50.048007681228995,417,44,3,29,106.08000308275223,20.51199972629547
5,20260825T093704Z,mice_column_v1,0.05,0.050048007681228995,50.0,50.048007681228995,417,44,3,30,106.20799660682678,20.320000126957893
5,20260825T093704Z,mice_column_v1,0.05,0.050048007681228995,50.0,50.048007681228995,417,44,3,31,107.42399841547012,20.70399932563305
5,20260825T093704Z,mice_column_v1,0.05,0.050048007681228995,50.0,50.048007681228995,417,44,3,32,106.04800283908844,20.608000457286835
5,20260825T093704Z,mice_column_v1,0.05,0.050048007681228995,50.0,50.048007681228995,417,44,3,33,106.1440035700798,24.70399998128414
5,20260825T093704Z,mice_column_v1,0.05,0.050048007681228995,50.0,50.048007681228995,417,44,3,34,108.06400328874588,20.896000787615776
5,20260825T093704Z,mice_column_v1,0.05,0.050048007681228995,50.0,50.048007681228995,417,44,3,35,107.61599987745285,20.927999168634415
5,20260825T093704Z,mice_column_v1,0.05,0.050048007681228995,50.0,50.048007681228995,417,44,3,36,111.68000102043152,20.800000056624413
5,20260825T093704Z,mice_column_v1,0.05,0.050048007681228995,50.0,50.048007681228995,417,44,3,37,107.68000036478043,20.416000857949257
5,20260825T093704Z,mice_column_v1,0.05,0.050048007681228995,50.0,50.048007681228995,417,44,3,38,108.51199924945831,20.35200037062168
5,20260825T093704Z,mice_column_v1,0.05,0.050048007681228995,50.0,50.048007681228995,417,44,3,39,106.91200196743011,20.800000056624413
5,20260825T093704Z,mice_column_v1,0.05,0.050048007681228995,50.0,50.048007681228995,417,44,3,40,108.64000022411346,20.800000056624413
5,20260825T093704Z,mice_column_v1,0.05,0.050048007681228995,50.0,50.048007681228995,417,44,3,41,106.91200196743011,20.287999883294106
5,20260825T093704Z,mice_column_v1,0.05,0.050048007681228995,50.0,50.048007681228995,417,44,3,42,107.744000852108,20.320000126957893
5,20260825T093704Z,mice_column_v1,0.05,0.050048007681228995,50.0,50.048007681228995,417,44,3,43,106.78400099277496,20.735999569296837
5,20260825T093704Z,mice_column_v1,0.05,0.050048007681228995,50.0,50.048007681228995,417,44,3,44,107.19999670982361,20.22399939596653
5,20260825T093704Z,mice_column_v1,0.05,0.050048007681228995,50.0,50.048007681228995,417,44,3,45,106.55999928712845,20.51199972629547
5,20260825T093704Z,mice_column_v1,0.05,0.050048007681228995,50.0,50.048007681228995,417,44,3,46,106.97600245475769,20.35200037062168
5,20260825T093704Z,mice_column_v1,0.05,0.050048007681228995,50.0,50.048007681228995,417,44,3,47,110.43199896812439,20.70399932563305
5,20260825T093704Z,mice_column_v1,0.05,0.050048007681228995,50.0,50.048007681228995,417,44,3,48,107.51999914646149,20.99199965596199
5,20260825T093704Z,mice_column_v1,0.05,0.050048007681228995,50.0,50.048007681228995,417,44,3,49,106.20799660682678,20.640000700950623
5,20260825T093704Z,mice_column_v1,0.05,0.050048007681228995,50.0,50.048007681228995,417,44,3,50,106.52799904346466,20.35200037062168
5,20260825T093704Z,mice_column_v1,0.05,0.050048007681228995,50.0,50.048007681228995,417,44,3,51,106.11200332641602,20.51199972629547
5,20260825T093704Z,mice_column_v1,0.05,0.050048007681228995,50.0,50.048007681228995,417,44,3,52,110.1439967751503,20.51199972629547
5,20260825T093704Z,mice_column_v1,0.05,0.050048007681228995,50.0,50.048007681228995,417,44,3,53,106.78400099277496,20.864000543951988
5,20260825T093704Z,mice_column_v1,0.05,0.050048007681228995,50.0,50.048007681228995,417,44,3,54,110.07999628782272,20.70399932563305
5,20260825T093704Z,mice_column_v1,0.05,0.050048007681228995,50.0,50.048007681228995,417,44,3,55,106.81600123643875,20.959999412298203
5,20260825T093704Z,mice_column_v1,0.05,0.050048007681228995,50.0,50.048007681228995,417,44,3,56,105.92000186443329,20.640000700950623
5,20260825T093704Z,mice_column_v1,0.05,0.050048007681228995,50.0,50.048007681228995,417,44,3,57,105.98400235176086,20.416000857949257
5,20260825T093704Z,mice_column_v1,0.05,0.050048007681228995,50.0,50.048007681228995,417,44,3,58,106.01600259542465,20.06400004029274
5,20260825T093704Z,mice_column_v1,0.05,0.050048007681228995,50.0,50.048007681228995,417,44,3,59,106.1440035700798,20.735999569296837
5,20260825T093704Z,mice_column_v1,0.05,0.050048007681228995,50.0,50.048007681228995,417,44,3,60,106.4319983124733,20.8320003002882
5,20260825T093704Z,mice_column_v1,0.05,0.050048007681228995,50.0,50.048007681228995,417,44,3,61,109.8880022764206,20.51199972629547
5,20260825T093704Z,mice_column_v1,0.05,0.050048007681228995,50.0,50.048007681228995,417,44,3,62,107.64800012111664,20.8320003002882
5,20260825T093704Z,mice_column_v1,0.05,0.050048007681228995,50.0,50.048007681228995,417,44,3,63,105.59999942779541,20.479999482631683
5,20260825T093704Z,mice_column_v1,0.05,0.050048007681228995,50.0,50.048007681228995,417,44,3,64,105.76000064611435,20.38400061428547
5,20260825T093704Z,mice_column_v1,0.05,0.050048007681228995,50.0,50.048007681228995,417,44,3,65,106.1440035700798,20.896000787615776
5,20260825T093704Z,mice_column_v1,0.05,0.050048007681228995,50.0,50.048007681228995,417,44,3,66,107.04000294208527,20.096000283956528
5,20260825T093704Z,mice_column_v1,0.05,0.050048007681228995,50.0,50.048007681228995,417,44,3,67,106.175996363163,20.608000457286835
5,20260825T093704Z,mice_column_v1,0.05,0.050048007681228995,50.0,50.048007681228995,417,44,3,68,111.87200248241425,20.67199908196926
5,20260825T093704Z,mice_column_v1,0.05,0.050048007681228995,50.0,50.048007681228995,417,44,3,69,105.95200210809708,21.023999899625778
5,20260825T093704Z,mice_column_v1,0.05,0.050048007681228995,50.0,50.048007681228995,417,44,3,70,106.49599879980087,20.287999883294106
5,20260825T093704Z,mice_column_v1,0.05,0.050048007681228995,50.0,50.048007681228995,417,44,3,71,106.75200074911118,21.15200087428093
5,20260825T093704Z,mice_column_v1,0.05,0.050048007681228995,50.0,50.048007681228995,417,44,3,72,104.89600151777267,20.35200037062168
5,20260825T093704Z,mice_column_v1,0.05,0.050048007681228995,50.0,50.048007681228995,417,44,3,73,106.01600259542465,20.608000457286835
5,20260825T093704Z,mice_column_v1,0.05,0.050048007681228995,50.0,50.048007681228995,417,44,3,74,105.56799918413162,20.67199908196926
5,20260825T093704Z,mice_column_v1,0.05,0.050048007681228995,50.0,50.048007681228995,417,44,3,75,192.51200556755066,21.856000646948814
5,20260825T093704Z,mice_column_v1,0.05,0.050048007681228995,50.0,50.048007681228995,417,44,3,76,109.0880036354065,21.215999498963356
5,20260825T093704Z,mice_column_v1,0.05,0.050048007681228995,50.0,50.048007681228995,417,44,3,77,108.64000022411346,20.735999569296837
5,20260825T093704Z,mice_column_v1,0.05,0.050048007681228995,50.0,50.048007681228995,417,44,3,78,106.81600123643875,20.896000787615776
5,20260825T093704Z,mice_column_v1,0.05,0.050048007681228995,50.0,50.048007681228995,417,44,3,79,107.07200318574905,20.70399932563305
5,20260825T093704Z,mice_column_v1,0.05,0.050048007681228995,50.0,50.048007681228995,417,44,3,80,108.0000028014183,20.447999238967896
5,20260825T093704Z,mice_column_v1,0.05,0.050048007681228995,50.0,50.048007681228995,417,44,3,81,110.81600189208984,20.8320003002882
5,20260825T093704Z,mice_column_v1,0.05,0.050048007681228995,50.0,50.048007681228995,417,44,3,82,107.77600109577179,20.608000457286835
5,20260825T093704Z,mice_column_v1,0.05,0.050048007681228995,50.0,50.048007681228995,417,44,3,83,105.98400235176086,20.096000283956528
5,20260825T093704Z,mice_column_v1,0.05,0.050048007681228995,50.0,50.048007681228995,417,44,3,84,112.70400136709213,21.247999742627144
5,20260825T093704Z,mice_column_v1,0.05,0.050048007681228995,50.0,50.048007681228995,417,44,3,85,107.32799768447876,20.800000056624413
5,20260825T093704Z,mice_column_v1,0.05,0.050048007681228995,50.0,50.048007681228995,417,44,3,86,105.85600137710571,20.70399932563305
5,20260825T093704Z,mice_column_v1,0.05,0.050048007681228995,50.0,50.048007681228995,417,44,3,87,106.30399733781815,20.031999796628952
5,20260825T093704Z,mice_column_v1,0.05,0.050048007681228995,50.0,50.048007681228995,417,44,3,88,110.01600325107574,20.67199908196926
5,20260825T093704Z,mice_column_v1,0.05,0.050048007681228995,50.0,50.048007681228995,417,44,3,89,106.1440035700798,20.38400061428547
5,20260825T093704Z,mice_column_v1,0.05,0.050048007681228995,50.0,50.048007681228995,417,44,3,90,106.23999685049057,20.70399932563305
5,20260825T093704Z,mice_column_v1,0.05,0.050048007681228995,50.0,50.048007681228995,417,44,3,91,105.85600137710571,20.22399939596653
5,20260825T093704Z,mice_column_v1,0.05,0.050048007681228995,50.0,50.048007681228995,417,44,3,92,106.49599879980087,20.608000457286835
5,20260825T093704Z,mice_column_v1,0.05,0.050048007681228995,50.0,50.048007681228995,417,44,3,93,107.07200318574905,19.936000928282738
5,20260825T093704Z,mice_column_v1,0.05,0.050048007681228995,50.0,50.048007681228995,417,44,3,94,107.29599744081497,20.640000700950623
5,20260825T093704Z,mice_column_v1,0.05,0.050048007681228995,50.0,50.048007681228995,417,44,3,95,110.59200018644333,21.183999255299568
5,20260825T093704Z,mice_column_v1,0.05,0.050048007681228995,50.0,50.048007681228995,417,44,3,96,106.72000050544739,20.608000457286835
5,20260825T093704Z,mice_column_v1,0.05,0.050048007681228995,50.0,50.048007681228995,417,44,3,97,107.4879989027977,20.800000056624413
5,20260825T093704Z,mice_column_v1,0.05,0.050048007681228995,50.0,50.048007681228995,417,44,3,98,107.26399719715118,20.54399996995926
5,20260825T093704Z,mice_column_v1,0.05,0.050048007681228995,50.0,50.048007681228995,417,44,3,99,106.46399855613708,20.99199965596199
5,20260825T093704Z,mice_column_v1,0.05,0.050048007681228995,50.0,50.048007681228995,417,44,3,100,109.11999642848969,20.608000457286835
5,20260825T093704Z,mice_column_v1,0.05,0.050048007681228995,50.0,50.048007681228995,417,44,3,101,105.24799674749374,20.67199908196926
5,20260825T093704Z,mice_column_v1,0.05,0.050048007681228995,50.0,50.048007681228995,417,44,3,102,110.944002866745,20.35200037062168
5,20260825T093704Z,mice_column_v1,0.05,0.050048007681228995,50.0,50.048007681228995,417,44,3,103,106.6880002617836,21.056000143289566
5,20260825T093704Z,mice_column_v1,0.05,0.050048007681228995,50.0,50.048007681228995,417,44,3,104,105.98400235176086,20.255999639630318
5,20260825T093704Z,mice_column_v1,0.05,0.050048007681228995,50.0,50.048007681228995,417,44,3,105,105.6319996714592,20.447999238967896
5,20260825T093704Z,mice_column_v1,0.05,0.050048007681228995,50.0,50.048007681228995,417,44,3,106,106.27199709415436,20.479999482631683
5,20260825T093704Z,mice_column_v1,0.05,0.050048007681228995,50.0,50.048007681228995,417,44,3,107,105.47199845314026,20.735999569296837
5,20260825T093704Z,mice_column_v1,0.05,0.050048007681228995,50.0,50.048007681228995,417,44,3,108,105.59999942779541,20.576000213623047
5,20260825T093704Z,mice_column_v1,0.05,0.050048007681228995,50.0,50.048007681228995,417,44,3,109,109.79200154542923,20.735999569296837
5,20260825T093704Z,mice_column_v1,0.05,0.050048007681228995,50.0,50.048007681228995,417,44,3,110,105.8880016207695,19.967999309301376
5,20260825T093704Z,mice_column_v1,0.05,0.050048007681228995,50.0,50.048007681228995,417,44,3,111,107.07200318574905,20.287999883294106
5,20260825T093704Z,mice_column_v1,0.05,0.050048007681228995,50.0,50.048007681228995,417,44,3,112,106.23999685049057,20.99199965596199
5,20260825T093704Z,mice_column_v1,0.05,0.050048007681228995,50.0,50.048007681228995,417,44,3,113,106.6880002617836,20.767999812960625
5,20260825T093704Z,mice_column_v1,0.05,0.050048007681228995,50.0,50.048007681228995,417,44,3,114,106.11200332641602,19.967999309301376
5,20260825T093704Z,mice_column_v1,0.05,0.050048007681228995,50.0,50.048007681228995,417,44,3,115,106.1440035700798,20.51199972629547
5,20260825T093704Z,mice_column_v1,0.05,0.050048007681228995,50.0,50.048007681228995,417,44,3,116,113.40799927711487,20.767999812960625
5,20260825T093704Z,mice_column_v1,0.05,0.050048007681228995,50.0,50.048007681228995,417,44,3,117,106.97600245475769,20.35200037062168
5,20260825T093704Z,mice_column_v1,0.05,0.050048007681228995,50.0,50.048007681228995,417,44,3,118,107.744000852108,20.22399939596653
5,20260825T093704Z,mice_column_v1,0.05,0.050048007681228995,50.0,50.048007681228995,417,44,3,119,106.39999806880951,20.22399939596653
5,20260825T093704Z,mice_column_v1,0.05,0.050048007681228995,50.0,50.048007681228995,417,44,3,120,107.13600367307663,20.99199965596199
5,20260825T093704Z,mice_column_v1,0.05,0.050048007681228995,50.0,50.048007681228995,417,44,3,121,107.51999914646149,20.54399996995926
5,20260825T093704Z,mice_column_v1,0.05,0.050048007681228995,50.0,50.048007681228995,417,44,3,122,106.59199953079224,20.479999482631683
5,20260825T093704Z,mice_column_v1,0.05,0.050048007681228995,50.0,50.048007681228995,417,44,3,123,111.80800199508667,21.056000143289566
5,20260825T093704Z,mice_column_v1,0.05,0.050048007681228995,50.0,50.048007681228995,417,44,3,124,106.91200196743011,20.608000457286835
5,20260825T093704Z,mice_column_v1,0.05,0.050048007681228995,50.0,50.048007681228995,417,44,3,125,107.13600367307663,20.864000543951988
5,20260825T093704Z,mice_column_v1,0.05,0.050048007681228995,50.0,50.048007681228995,417,44,3,126,106.59199953079224,20.416000857949257
5,20260825T093704Z,mice_column_v1,0.05,0.050048007681228995,50.0,50.048007681228995,417,44,3,127,106.78400099277496,20.447999238967896
5,20260825T093704Z,mice_column_v1,0.05,0.050048007681228995,50.0,50.048007681228995,417,44,4,0,225.11999309062958,36.607999354600906
5,20260825T093704Z,mice_column_v1,0.05,0.050048007681228995,50.0,50.048007681228995,417,44,4,1,138.047993183136,26.399999856948853
5,20260825T093704Z,mice_column_v1,0.05,0.050048007681228995,50.0,50.048007681228995,417,44,4,2,133.53599607944489,25.05600079894066
5,20260825T093704Z,mice_column_v1,0.05,0.050048007681228995,50.0,50.048007681228995,417,44,4,3,126.30400061607361,24.12799932062626
5,20260825T093704Z,mice_column_v1,0.05,0.050048007681228995,50.0,50.048007681228995,417,44,4,4,124.9919980764389,24.159999564290047
5,20260825T093704Z,mice_column_v1,0.05,0.050048007681228995,50.0,50.048007681228995,417,44,4,5,122.30399996042252,23.19999970495701
5,20260825T093704Z,mice_column_v1,0.05,0.050048007681228995,50.0,50.048007681228995,417,44,4,6,125.05599856376648,24.383999407291412
5,20260825T093704Z,mice_column_v1,0.05,0.050048007681228995,50.0,50.048007681228995,417,44,4,7,123.48800152540207,23.64799939095974
5,20260825T093704Z,mice_column_v1,0.05,0.050048007681228995,50.0,50.048007681228995,417,44,4,8,125.15200674533844,23.04000034928322
5,20260825T093704Z,mice_column_v1,0.05,0.050048007681228995,50.0,50.048007681228995,417,44,4,9,120.38400024175644,23.16799946129322
5,20260825T093704Z,mice_column_v1,0.05,0.050048007681228995,50.0,50.048007681228995,417,44,4,10,121.31199985742569,23.04000034928322
5,20260825T093704Z,mice_column_v1,0.05,0.050048007681228995,50.0,50.048007681228995,417,44,4,11,120.54400146007538,22.943999618291855
5,20260825T093704Z,mice_column_v1,0.05,0.050048007681228995,50.0,50.048007681228995,417,44,4,12,119.10399794578552,23.19999970495701
5,20260825T093704Z,mice_column_v1,0.05,0.050048007681228995,50.0,50.048007681228995,417,44,4,13,120.92799693346024,23.455999791622162
5,20260825T093704Z,mice_column_v1,0.05,0.050048007681228995,50.0,50.048007681228995,417,44,4,14,121.37600034475327,23.64799939095974
5,20260825T093704Z,mice_column_v1,0.05,0.050048007681228995,50.0,50.048007681228995,417,44,4,15,121.5360015630722,23.264000192284584
5,20260825T093704Z,mice_column_v1,0.05,0.050048007681228995,50.0,50.048007681228995,417,44,4,16,119.39200013875961,22.624000906944275
5,20260825T093704Z,mice_column_v1,0.05,0.050048007681228995,50.0,50.048007681228995,417,44,4,17,120.35199999809265,23.104000836610794
5,20260825T093704Z,mice_column_v1,0.05,0.050048007681228995,50.0,50.048007681228995,417,44,4,18,119.26399916410446,23.391999304294586
5,20260825T093704Z,mice_column_v1,0.05,0.050048007681228995,50.0,50.048007681228995,417,44,4,19,119.61600184440613,24.09599907696247
5,20260825T093704Z,mice_column_v1,0.05,0.050048007681228995,50.0,50.048007681228995,417,44,4,20,119.99999731779099,27.168000116944313
5,20260825T093704Z,mice_column_v1,0.05,0.050048007681228995,50.0,50.048007681228995,417,44,4,21,119.80800330638885,22.71999977529049
5,20260825T093704Z,mice_column_v1,0.05,0.050048007681228995,50.0,50.048007681228995,417,44,4,22,121.05599790811539,23.135999217629433
5,20260825T093704Z,mice_column_v1,0.05,0.050048007681228995,50.0,50.048007681228995,417,44,4,23,119.90399658679962,23.104000836610794
5,20260825T093704Z,mice_column_v1,0.05,0.050048007681228995,50.0,50.048007681228995,417,44,4,24,119.64800208806992,23.48800003528595
5,20260825T093704Z,mice_column_v1,0.05,0.050048007681228995,50.0,50.048007681228995,417,44,4,25,120.80000340938568,23.32800067961216
5,20260825T093704Z,mice_column_v1,0.05,0.050048007681228995,50.0,50.048007681228995,417,44,4,26,120.06399780511856,23.072000592947006
5,20260825T093704Z,mice_column_v1,0.05,0.050048007681228995,50.0,50.048007681228995,417,44,4,27,123.10399860143661,23.296000435948372
5,20260825T093704Z,mice_column_v1,0.05,0.050048007681228995,50.0,50.048007681228995,417,44,4,28,121.11999839544296,22.943999618291855
5,20260825T093704Z,mice_column_v1,0.05,0.050048007681228995,50.0,50.048007681228995,417,44,4,29,120.38400024175644,22.975999861955643
5,20260825T093704Z,mice_column_v1,0.05,0.050048007681228995,50.0,50.048007681228995,417,44,4,30,119.90399658679962,22.6879995316267
5,20260825T093704Z,mice_column_v1,0.05,0.050048007681228995,50.0,50.048007681228995,417,44,4,31,119.45600062608719,23.19999970495701
5,20260825T093704Z,mice_column_v1,0.05,0.050048007681228995,50.0,50.048007681228995,417,44,4,32,121.18399888277054,23.16799946129322
5,20260825T093704Z,mice_column_v1,0.05,0.050048007681228995,50.0,50.048007681228995,417,44,4,33,123.3920007944107,23.16799946129322
5,20260825T093704Z,mice_column_v1,0.05,0.050048007681228995,50.0,50.048007681228995,417,44,4,34,120.92799693346024,23.19999970495701
5,20260825T093704Z,mice_column_v1,0.05,0.050048007681228995,50.0,50.048007681228995,417,44,4,35,119.4240003824234,22.943999618291855
5,20260825T093704Z,mice_column_v1,0.05,0.050048007681228995,50.0,50.048007681228995,417,44,4,36,121.60000205039978,23.104000836610794
5,20260825T093704Z,mice_column_v1,0.05,0.050048007681228995,50.0,50.048007681228995,417,44,4,37,119.07199770212173,22.911999374628067
5,20260825T093704Z,mice_column_v1,0.05,0.050048007681228995,50.0,50.048007681228995,417,44,4,38,119.45600062608719,23.96799996495247
5,20260825T093704Z,mice_column_v1,0.05,0.050048007681228995,50.0,50.048007681228995,417,44,4,39,124.83199685811996,23.296000435948372
5,20260825T093704Z,mice_column_v1,0.05,0.050048007681228995,50.0,50.048007681228995,417,44,4,40,120.31999975442886,22.84800074994564
5,20260825T093704Z,mice_column_v1,0.05,0.050048007681228995,50.0,50.048007681228995,417,44,4,41,120.38400024175644,22.87999913096428
5,20260825T093704Z,mice_column_v1,0.05,0.050048007681228995,50.0,50.048007681228995,417,44,4,42,120.12799829244614,22.431999444961548
5,20260825T093704Z,mice_column_v1,0.05,0.050048007681228995,50.0,50.048007681228995,417,44,4,43,119.03999745845795,22.5600004196167
5,20260825T093704Z,mice_column_v1,0.05,0.050048007681228995,50.0,50.048007681228995,417,44,4,44,119.00799721479416,22.943999618291855
5,20260825T093704Z,mice_column_v1,0.05,0.050048007681228995,50.0,50.048007681228995,417,44,4,45,123.52000176906586,23.00800010561943
5,20260825T093704Z,mice_column_v1,0.05,0.050048007681228995,50.0,50.048007681228995,417,44,4,46,120.41600048542023,22.752000018954277
5,20260825T093704Z,mice_column_v1,0.05,0.050048007681228995,50.0,50.048007681228995,417,44,4,47,119.55200135707855,22.752000018954277
5,20260825T093704Z,mice_column_v1,0.05,0.050048007681228995,50.0,50.048007681228995,417,44,4,48,120.64000219106674,23.32800067961216
5,20260825T093704Z,mice_column_v1,0.05,0.050048007681228995,50.0,50.048007681228995,417,44,4,49,119.80800330638885,23.00800010561943
5,20260825T093704Z,mice_column_v1,0.05,0.050048007681228995,50.0,50.048007681228995,417,44,4,50,119.19999867677689,23.840000852942467
5,20260825T093704Z,mice_column_v1,0.05,0.050048007681228995,50.0,50.048007681228995,417,44,4,51,119.4240003824234,27.07199938595295
5,20260825T093704Z,mice_column_v1,0.05,0.050048007681228995,50.0,50.048007681228995,417,44,4,52,120.41600048542023,23.104000836610794
5,20260825T093704Z,mice_column_v1,0.05,0.050048007681228995,50.0,50.048007681228995,417,44,4,53,120.03199756145477,22.752000018954277
5,20260825T093704Z,mice_column_v1,0.05,0.050048007681228995,50.0,50.048007681228995,417,44,4,54,119.13599818944931,22.6879995316267
5,20260825T093704Z,mice_column_v1,0.05,0.050048007681228995,50.0,50.048007681228995,417,44,4,55,118.20799857378006,22.39999920129776
5,20260825T093704Z,mice_column_v1,0.05,0.050048007681228995,50.0,50.048007681228995,417,44,4,56,119.52000111341476,23.231999948620796
5,20260825T093704Z,mice_column_v1,0.05,0.050048007681228995,50.0,50.048007681228995,417,44,4,57,120.19199877977371,22.943999618291855
5,20260825T093704Z,mice_column_v1,0.05,0.050048007681228995,50.0,50.048007681228995,417,44,4,58,121.69600278139114,23.32800067961216
5,20260825T093704Z,mice_column_v1,0.05,0.050048007681228995,50.0,50.048007681228995,417,44,4,59,119.84000355005264,22.752000018954277
5,20260825T093704Z,mice_column_v1,0.05,0.050048007681228995,50.0,50.048007681228995,417,44,4,60,120.09599804878235,22.52800017595291
5,20260825T093704Z,mice_column_v1,0.05,0.050048007681228995,50.0,50.048007681228995,417,44,4,61,119.4240003824234,22.6879995316267
5,20260825T093704Z,mice_column_v1,0.05,0.050048007681228995,50.0,50.048007681228995,417,44,4,62,119.61600184440613,22.943999618291855
5,20260825T093704Z,mice_column_v1,0.05,0.050048007681228995,50.0,50.048007681228995,417,44,4,63,118.43200027942657,23.19999970495701
5,20260825T093704Z,mice_column_v1,0.05,0.050048007681228995,50.0,50.048007681228995,417,44,4,64,123.36000055074692,23.00800010561943
5,20260825T093704Z,mice_column_v1,0.05,0.050048007681228995,50.0,50.048007681228995,417,44,4,65,124.25599992275238,22.975999861955643
5,20260825T093704Z,mice_column_v1,0.05,0.050048007681228995,50.0,50.048007681228995,417,44,4,66,119.39200013875961,22.752000018954277
5,20260825T093704Z,mice_column_v1,0.05,0.050048007681228995,50.0,50.048007681228995,417,44,4,67,119.1679984331131,22.495999932289124
5,20260825T093704Z,mice_column_v1,0.05,0.050048007681228995,50.0,50.048007681228995,417,44,4,68,119.90399658679962,22.752000018954277
5,20260825T093704Z,mice_column_v1,0.05,0.050048007681228995,50.0,50.048007681228995,417,44,4,69,119.10399794578552,22.784000262618065
5,20260825T093704Z,mice_column_v1,0.05,0.050048007681228995,50.0,50.048007681228995,417,44,4,70,127.45599448680878,22.816000506281853
5,20260825T093704Z,mice_column_v1,0.05,0.050048007681228995,50.0,50.048007681228995,417,44,4,71,119.64800208806992,23.00800010561943
5,20260825T093704Z,mice_column_v1,0.05,0.050048007681228995,50.0,50.048007681228995,417,44,4,72,119.71200257539749,22.784000262618065
5,20260825T093704Z,mice_column_v1,0.05,0.050048007681228995,50.0,50.048007681228995,417,44,4,73,119.45600062608719,22.52800017595291
5,20260825T093704Z,mice_column_v1,0.05,0.050048007681228995,50.0,50.048007681228995,417,44,4,74,119.23199892044067,23.19999970495701
5,20260825T093704Z,mice_column_v1,0.05,0.050048007681228995,50.0,50.048007681228995,417,44,4,75,119.07199770212173,22.52800017595291
5,20260825T093704Z,mice_column_v1,0.05,0.050048007681228995,50.0,50.048007681228995,417,44,4,76,123.10399860143661,22.87999913096428
5,20260825T093704Z,mice_column_v1,0.05,0.050048007681228995,50.0,50.048007681228995,417,44,4,77,119.87199634313583,23.552000522613525
5,20260825T093704Z,mice_column_v1,0.05,0.050048007681228995,50.0,50.048007681228995,417,44,4,78,120.64000219106674,22.463999688625336
5,20260825T093704Z,mice_column_v1,0.05,0.050048007681228995,50.0,50.048007681228995,417,44,4,79,119.23199892044067,26.688000187277794
5,20260825T093704Z,mice_column_v1,0.05,0.050048007681228995,50.0,50.048007681228995,417,44,4,80,120.03199756145477,22.943999618291855
5,20260825T093704Z,mice_column_v1,0.05,0.050048007681228995,50.0,50.048007681228995,417,44,4,81,119.87199634313583,23.135999217629433
5,20260825T093704Z,mice_column_v1,0.05,0.050048007681228995,50.0,50.048007681228995,417,44,4,82,123.52000176906586,22.784000262618065
5,20260825T093704Z,mice_column_v1,0.05,0.050048007681228995,50.0,50.048007681228995,417,44,4,83,120.25599926710129,23.455999791622162
5,20260825T093704Z,mice_column_v1,0.05,0.050048007681228995,50.0,50.048007681228995,417,44,4,84,119.35999989509583,22.655999287962914
5,20260825T093704Z,mice_column_v1,0.05,0.050048007681228995,50.0,50.048007681228995,417,44,4,85,119.9679970741272,22.655999287962914
5,20260825T093704Z,mice_column_v1,0.05,0.050048007681228995,50.0,50.048007681228995,417,44,4,86,119.55200135707855,22.655999287962914
5,20260825T093704Z,mice_column_v1,0.05,0.050048007681228995,50.0,50.048007681228995,417,44,4,87,119.10399794578552,22.784000262618065
5,20260825T093704Z,mice_column_v1,0.05,0.050048007681228995,50.0,50.048007681228995,417,44,4,88,119.58400160074234,26.72000043094158
5,20260825T093704Z,mice_column_v1,0.05,0.050048007681228995,50.0,50.048007681228995,417,44,4,89,120.06399780511856,22.975999861955643
5,20260825T093704Z,mice_column_v1,0.05,0.050048007681228995,50.0,50.048007681228995,417,44,4,90,120.06399780511856,22.87999913096428
5,20260825T093704Z,mice_column_v1,0.05,0.050048007681228995,50.0,50.048007681228995,417,44,4,91,119.58400160074234,22.624000906944275
5,20260825T093704Z,mice_column_v1,0.05,0.050048007681228995,50.0,50.048007681228995,417,44,4,92,120.06399780511856,22.431999444961548
5,20260825T093704Z,mice_column_v1,0.05,0.050048007681228995,50.0,50.048007681228995,417,44,4,93,119.90399658679962,22.624000906944275
5,20260825T093704Z,mice_column_v1,0.05,0.050048007681228995,50.0,50.048007681228995,417,44,4,94,122.46400117874146,22.943999618291855
5,20260825T093704Z,mice_column_v1,0.05,0.050048007681228995,50.0,50.048007681228995,417,44,4,95,122.65600264072418,22.975999861955643
5,20260825T093704Z,mice_column_v1,0.05,0.050048007681228995,50.0,50.048007681228995,417,44,4,96,119.39200013875961,23.264000192284584
5,20260825T093704Z,mice_column_v1,0.05,0.050048007681228995,50.0,50.048007681228995,417,44,4,97,119.35999989509583,22.431999444961548
5,20260825T093704Z,mice_column_v1,0.05,0.050048007681228995,50.0,50.048007681228995,417,44,4,98,119.87199634313583,22.84800074994564
5,20260825T093704Z,mice_column_v1,0.05,0.050048007681228995,50.0,50.048007681228995,417,44,4,99,119.4240003824234,23.00800010561943
5,20260825T093704Z,mice_column_v1,0.05,0.050048007681228995,50.0,50.048007681228995,417,44,4,100,119.77600306272507,23.04000034928322
5,20260825T093704Z,mice_column_v1,0.05,0.050048007681228995,50.0,50.048007681228995,417,44,4,101,124.64000284671783,23.072000592947006
5,20260825T093704Z,mice_column_v1,0.05,0.050048007681228995,50.0,50.048007681228995,417,44,4,102,118.97599697113037,23.231999948620796
5,20260825T093704Z,mice_column_v1,0.05,0.050048007681228995,50.0,50.048007681228995,417,44,4,103,120.19199877977371,22.84800074994564
5,20260825T093704Z,mice_column_v1,0.05,0.050048007681228995,50.0,50.048007681228995,417,44,4,104,119.10399794578552,23.552000522613525
5,20260825T093704Z,mice_column_v1,0.05,0.050048007681228995,50.0,50.048007681228995,417,44,4,105,118.9119964838028,22.84800074994564
5,20260825T093704Z,mice_column_v1,0.05,0.050048007681228995,50.0,50.048007681228995,417,44,4,106,119.45600062608719,23.19999970495701
5,20260825T093704Z,mice_column_v1,0.05,0.050048007681228995,50.0,50.048007681228995,417,44,4,107,124.1919994354248,23.48800003528595
5,20260825T093704Z,mice_column_v1,0.05,0.050048007681228995,50.0,50.048007681228995,417,44,4,108,119.61600184440613,22.911999374628067
5,20260825T093704Z,mice_column_v1,0.05,0.050048007681228995,50.0,50.048007681228995,417,44,4,109,119.64800208806992,22.84800074994564
5,20260825T093704Z,mice_column_v1,0.05,0.050048007681228995,50.0,50.048007681228995,417,44,4,110,120.12799829244614,22.752000018954277
5,20260825T093704Z,mice_column_v1,0.05,0.050048007681228995,50.0,50.048007681228995,417,44,4,111,119.77600306272507,22.6879995316267
5,20260825T093704Z,mice_column_v1,0.05,0.050048007681228995,50.0,50.048007681228995,417,44,4,112,119.61600184440613,24.12799932062626
5,20260825T093704Z,mice_column_v1,0.05,0.050048007681228995,50.0,50.048007681228995,417,44,4,113,123.19999933242798,23.296000435948372
5,20260825T093704Z,mice_column_v1,0.05,0.050048007681228995,50.0,50.048007681228995,417,44,4,114,119.32799965143204,22.752000018954277
5,20260825T093704Z,mice_column_v1,0.05,0.050048007681228995,50.0,50.048007681228995,417,44,4,115,118.59200149774551,22.911999374628067
5,20260825T093704Z,mice_column_v1,0.05,0.050048007681228995,50.0,50.048007681228995,417,44,4,116,119.13599818944931,22.36800082027912
5,20260825T093704Z,mice_column_v1,0.05,0.050048007681228995,50.0,50.048007681228995,417,44,4,117,119.03999745845795,22.5600004196167
5,20260825T093704Z,mice_column_v1,0.05,0.050048007681228995,50.0,50.048007681228995,417,44,4,118,119.58400160074234,22.6879995316267
5,20260825T093704Z,mice_column_v1,0.05,0.050048007681228995,50.0,50.048007681228995,417,44,4,119,119.00799721479416,27.135999873280525
5,20260825T093704Z,mice_column_v1,0.05,0.050048007681228995,50.0,50.048007681228995,417,44,4,120,120.28799951076508,23.072000592947006
5,20260825T093704Z,mice_column_v1,0.05,0.050048007681228995,50.0,50.048007681228995,417,44,4,121,120.03199756145477,22.816000506281853
5,20260825T093704Z,mice_column_v1,0.05,0.050048007681228995,50.0,50.048007681228995,417,44,4,122,119.13599818944931,23.679999634623528
5,20260825T093704Z,mice_column_v1,0.05,0.050048007681228995,50.0,50.048007681228995,417,44,4,123,120.15999853610992,24.4159996509552
5,20260825T093704Z,mice_column_v1,0.05,0.050048007681228995,50.0,50.048007681228995,417,44,4,124,119.10399794578552,23.072000592947006
5,20260825T093704Z,mice_column_v1,0.05,0.050048007681228995,50.0,50.048007681228995,417,44,4,125,119.03999745845795,22.84800074994564
5,20260825T093704Z,mice_column_v1,0.05,0.050048007681228995,50.0,50.048007681228995,417,44,4,126,124.06399846076965,23.360000923275948
5,20260825T093704Z,mice_column_v1,0.05,0.050048007681228995,50.0,50.048007681228995,417,44,4,127,118.84800344705582,22.23999984562397
