schema_version,run_id,dataset,requested_average_firing_partition,actual_average_firing_partition,requested_firing_rate_hz,actual_firing_rate_hz,n_active_per_step,spike_seed,repeat,timestep,update_phase_elapsed_us,current_phase_elapsed_us
4,20260825T082827Z,flybrain,0.0,0.0,0.0,0.0,0,42,0,0,381.8880021572113,167.58400201797485
4,20260825T082827Z,flybrain,0.0,0.0,0.0,0.0,0,42,0,1,16.063999384641647,162.91199624538422
4,20260825T082827Z,flybrain,0.0,0.0,0.0,0.0,0,42,0,2,15.584000386297703,162.9759967327118
4,20260825T082827Z,flybrain,0.0,0.0,0.0,0.0,0,42,0,3,13.887999579310417,160.5439931154251
4,20260825T082827Z,flybrain,0.0,0.0,0.0,0.0,0,42,0,4,14.399999752640724,162.81600296497345
4,20260825T082827Z,flybrain,0.0,0.0,0.0,0.0,0,42,0,5,14.08000010997057,158.59200060367584
4,20260825T082827Z,flybrain,0.0,0.0,0.0,0.0,0,42,0,6,14.431999996304512,164.89599645137787
4,20260825T082827Z,flybrain,0.0,0.0,0.0,0.0,0,42,0,7,13.567999936640263,160.7999950647354
4,20260825T082827Z,flybrain,0.0,0.0,0.0,0.0,0,42,0,8,13.663999736309052,163.4880006313324
4,20260825T082827Z,flybrain,0.0,0.0,0.0,0.0,0,42,0,9,14.047999866306782,162.6880019903183
4,20260825T082827Z,flybrain,0.0,0.0,0.0,0.0,0,42,0,10,14.879999682307243,166.9439971446991
4,20260825T082827Z,flybrain,0.0,0.0,0.0,0.0,0,42,0,11,16.00000075995922,591.2960171699524
4,20260825T082827Z,flybrain,0.0,0.0,0.0,0.0,0,42,0,12,19.26399953663349,167.4560010433197
4,20260825T082827Z,flybrain,0.0,0.0,0.0,0.0,0,42,0,13,14.399999752640724,162.432000041008
4,20260825T082827Z,flybrain,0.0,0.0,0.0,0.0,0,42,0,14,14.368000440299511,163.42400014400482
4,20260825T082827Z,flybrain,0.0,0.0,0.0,0.0,0,42,0,15,14.336000196635723,162.08000481128693
4,20260825T082827Z,flybrain,0.0,0.0,0.0,0.0,0,42,0,16,15.552000142633915,161.43999993801117
4,20260825T082827Z,flybrain,0.0,0.0,0.0,0.0,0,42,0,17,14.14399966597557,160.35200655460358
4,20260825T082827Z,flybrain,0.0,0.0,0.0,0.0,0,42,0,18,16.127999871969223,165.50399363040924
4,20260825T082827Z,flybrain,0.0,0.0,0.0,0.0,0,42,0,19,14.240000396966934,162.20800578594208
4,20260825T082827Z,flybrain,0.0,0.0,0.0,0.0,0,42,0,20,14.368000440299511,163.58399391174316
4,20260825T082827Z,flybrain,0.0,0.0,0.0,0.0,0,42,0,21,14.399999752640724,164.48000073432922
4,20260825T082827Z,flybrain,0.0,0.0,0.0,0.0,0,42,0,22,14.399999752640724,161.43999993801117
4,20260825T082827Z,flybrain,0.0,0.0,0.0,0.0,0,42,0,23,310.5280101299286,165.98400473594666
4,20260825T082827Z,flybrain,0.0,0.0,0.0,0.0,0,42,0,24,16.127999871969223,161.18399798870087
4,20260825T082827Z,flybrain,0.0,0.0,0.0,0.0,0,42,0,25,14.047999866306782,162.4639928340912
4,20260825T082827Z,flybrain,0.0,0.0,0.0,0.0,0,42,0,26,15.456000342965126,163.58399391174316
4,20260825T082827Z,flybrain,0.0,0.0,0.0,0.0,0,42,0,27,14.14399966597557,162.30399906635284
4,20260825T082827Z,flybrain,0.0,0.0,0.0,0.0,0,42,0,28,14.047999866306782,163.35999965667725
4,20260825T082827Z,flybrain,0.0,0.0,0.0,0.0,0,42,0,29,14.271999709308147,160.35200655460358
4,20260825T082827Z,flybrain,0.0,0.0,0.0,0.0,0,42,0,30,16.095999628305435,161.21600568294525
4,20260825T082827Z,flybrain,0.0,0.0,0.0,0.0,0,42,0,31,14.175999909639359,160.44799983501434
4,20260825T082827Z,flybrain,0.0,0.0,0.0,0.0,0,42,0,32,14.879999682307243,159.2639982700348
4,20260825T082827Z,flybrain,0.0,0.0,0.0,0.0,0,42,0,33,14.271999709308147,162.4000072479248
4,20260825T082827Z,flybrain,0.0,0.0,0.0,0.0,0,42,0,34,16.127999871969223,597.6319909095764
4,20260825T082827Z,flybrain,0.0,0.0,0.0,0.0,0,42,0,35,19.519999623298645,164.38399255275726
4,20260825T082827Z,flybrain,0.0,0.0,0.0,0.0,0,42,0,36,15.519999898970127,167.52000153064728
4,20260825T082827Z,flybrain,0.0,0.0,0.0,0.0,0,42,0,37,14.271999709308147,160.288006067276
4,20260825T082827Z,flybrain,0.0,0.0,0.0,0.0,0,42,0,38,15.552000142633915,163.32800686359406
4,20260825T082827Z,flybrain,0.0,0.0,0.0,0.0,0,42,0,39,14.047999866306782,158.2079976797104
4,20260825T082827Z,flybrain,0.0,0.0,0.0,0.0,0,42,0,40,16.03199914097786,165.47200083732605
4,20260825T082827Z,flybrain,0.0,0.0,0.0,0.0,0,42,0,41,14.271999709308147,162.36799955368042
4,20260825T082827Z,flybrain,0.0,0.0,0.0,0.0,0,42,0,42,14.431999996304512,163.4880006313324
4,20260825T082827Z,flybrain,0.0,0.0,0.0,0.0,0,42,0,43,14.592000283300877,164.22399878501892
4,20260825T082827Z,flybrain,0.0,0.0,0.0,0.0,0,42,0,44,15.552000142633915,163.42400014400482
4,20260825T082827Z,flybrain,0.0,0.0,0.0,0.0,0,42,0,45,14.208000153303146,166.52800142765045
4,20260825T082827Z,flybrain,0.0,0.0,0.0,0.0,0,42,0,46,337.47199177742004,167.4560010433197
4,20260825T082827Z,flybrain,0.0,0.0,0.0,0.0,0,42,0,47,16.256000846624374,162.20800578594208
4,20260825T082827Z,flybrain,0.0,0.0,0.0,0.0,0,42,0,48,15.552000142633915,163.4880006313324
4,20260825T082827Z,flybrain,0.0,0.0,0.0,0.0,0,42,0,49,14.14399966597557,160.41600704193115
4,20260825T082827Z,flybrain,0.0,0.0,0.0,0.0,0,42,0,50,15.552000142633915,161.3759994506836
4,20260825T082827Z,flybrain,0.0,0.0,0.0,0.0,0,42,0,51,14.14399966597557,164.35199975967407
4,20260825T082827Z,flybrain,0.0,0.0,0.0,0.0,0,42,0,52,14.015999622642994,163.455992937088
4,20260825T082827Z,flybrain,0.0,0.0,0.0,0.0,0,42,0,53,14.240000396966934,164.41600024700165
4,20260825T082827Z,flybrain,0.0,0.0,0.0,0.0,0,42,0,54,14.047999866306782,161.56800091266632
4,20260825T082827Z,flybrain,0.0,0.0,0.0,0.0,0,42,0,55,14.240000396966934,168.60799491405487
4,20260825T082827Z,flybrain,0.0,0.0,0.0,0.0,0,42,0,56,16.1920003592968,161.24799847602844
4,20260825T082827Z,flybrain,0.0,0.0,0.0,0.0,0,42,0,57,14.14399966597557,590.4960036277771
4,20260825T082827Z,flybrain,0.0,0.0,0.0,0.0,0,42,0,58,19.42400075495243,163.455992937088
4,20260825T082827Z,flybrain,0.0,0.0,0.0,0.0,0,42,0,59,14.240000396966934,157.95199573040009
4,20260825T082827Z,flybrain,0.0,0.0,0.0,0.0,0,42,0,60,15.552000142633915,161.43999993801117
4,20260825T082827Z,flybrain,0.0,0.0,0.0,0.0,0,42,0,61,14.175999909639359,160.47999262809753
4,20260825T082827Z,flybrain,0.0,0.0,0.0,0.0,0,42,0,62,16.1920003592968,165.3439998626709
4,20260825T082827Z,flybrain,0.0,0.0,0.0,0.0,0,42,0,63,14.208000153303146,160.47999262809753
4,20260825T082827Z,flybrain,0.0,0.0,0.0,0.0,0,42,0,64,14.336000196635723,165.6319946050644
4,20260825T082827Z,flybrain,0.0,0.0,0.0,0.0,0,42,0,65,14.4640002399683,160.19199788570404
4,20260825T082827Z,flybrain,0.0,0.0,0.0,0.0,0,42,0,66,15.48799965530634,159.42400693893433
4,20260825T082827Z,flybrain,0.0,0.0,0.0,0.0,0,42,0,67,14.368000440299511,164.32000696659088
4,20260825T082827Z,flybrain,0.0,0.0,0.0,0.0,0,42,0,68,15.584000386297703,161.53599321842194
4,20260825T082827Z,flybrain,0.0,0.0,0.0,0.0,0,42,0,69,311.19999289512634,162.52799332141876
4,20260825T082827Z,flybrain,0.0,0.0,0.0,0.0,0,42,0,70,15.552000142633915,161.31199896335602
4,20260825T082827Z,flybrain,0.0,0.0,0.0,0.0,0,42,0,71,14.271999709308147,164.22399878501892
4,20260825T082827Z,flybrain,0.0,0.0,0.0,0.0,0,42,0,72,15.48799965530634,163.35999965667725
4,20260825T082827Z,flybrain,0.0,0.0,0.0,0.0,0,42,0,73,14.240000396966934,166.49599373340607
4,20260825T082827Z,flybrain,0.0,0.0,0.0,0.0,0,42,0,74,14.047999866306782,165.3759926557541
4,20260825T082827Z,flybrain,0.0,0.0,0.0,0.0,0,42,0,75,14.495999552309513,160.19199788570404
4,20260825T082827Z,flybrain,0.0,0.0,0.0,0.0,0,42,0,76,14.336000196635723,159.45599973201752
4,20260825T082827Z,flybrain,0.0,0.0,0.0,0.0,0,42,0,77,14.303999952971935,162.4000072479248
4,20260825T082827Z,flybrain,0.0,0.0,0.0,0.0,0,42,0,78,15.48799965530634,163.4880006313324
4,20260825T082827Z,flybrain,0.0,0.0,0.0,0.0,0,42,0,79,14.336000196635723,162.27200627326965
4,20260825T082827Z,flybrain,0.0,0.0,0.0,0.0,0,42,0,80,14.08000010997057,594.5280194282532
4,20260825T082827Z,flybrain,0.0,0.0,0.0,0.0,0,42,0,81,19.551999866962433,166.49599373340607
4,20260825T082827Z,flybrain,0.0,0.0,0.0,0.0,0,42,0,82,14.944000169634819,159.45599973201752
4,20260825T082827Z,flybrain,0.0,0.0,0.0,0.0,0,42,0,83,14.208000153303146,162.11199760437012
4,20260825T082827Z,flybrain,0.0,0.0,0.0,0.0,0,42,0,84,14.208000153303146,165.56799411773682
4,20260825T082827Z,flybrain,0.0,0.0,0.0,0.0,0,42,0,85,14.047999866306782,156.2879979610443
4,20260825T082827Z,flybrain,0.0,0.0,0.0,0.0,0,42,0,86,15.584000386297703,167.64800250530243
4,20260825T082827Z,flybrain,0.0,0.0,0.0,0.0,0,42,0,87,14.271999709308147,160.16000509262085
4,20260825T082827Z,flybrain,0.0,0.0,0.0,0.0,0,42,0,88,15.00799972563982,161.31199896335602
4,20260825T082827Z,flybrain,0.0,0.0,0.0,0.0,0,42,0,89,14.271999709308147,160.22400557994843
4,20260825T082827Z,flybrain,0.0,0.0,0.0,0.0,0,42,0,90,15.00799972563982,163.35999965667725
4,20260825T082827Z,flybrain,0.0,0.0,0.0,0.0,0,42,0,91,14.336000196635723,164.2879992723465
4,20260825T082827Z,flybrain,0.0,0.0,0.0,0.0,0,42,0,92,15.00799972563982,592.5120115280151
4,20260825T082827Z,flybrain,0.0,0.0,0.0,0.0,0,42,0,93,19.200000911951065,168.5120016336441
4,20260825T082827Z,flybrain,0.0,0.0,0.0,0.0,0,42,0,94,16.095999628305435,161.3759994506836
4,20260825T082827Z,flybrain,0.0,0.0,0.0,0.0,0,42,0,95,14.336000196635723,168.44800114631653
4,20260825T082827Z,flybrain,0.0,0.0,0.0,0.0,0,42,0,96,16.127999871969223,161.31199896335602
4,20260825T082827Z,flybrain,0.0,0.0,0.0,0.0,0,42,0,97,14.112000353634357,164.41600024700165
4,20260825T082827Z,flybrain,0.0,0.0,0.0,0.0,0,42,0,98,14.368000440299511,159.39199924468994
4,20260825T082827Z,flybrain,0.0,0.0,0.0,0.0,0,42,0,99,14.303999952971935,158.1760048866272
4,20260825T082827Z,flybrain,0.0,0.0,0.0,0.0,0,42,0,100,16.3199994713068,159.10400450229645
4,20260825T082827Z,flybrain,0.0,0.0,0.0,0.0,0,42,0,101,14.14399966597557,164.44799304008484
4,20260825T082827Z,flybrain,0.0,0.0,0.0,0.0,0,42,0,102,16.127999871969223,163.35999965667725
4,20260825T082827Z,flybrain,0.0,0.0,0.0,0.0,0,42,0,103,14.240000396966934,588.5120034217834
4,20260825T082827Z,flybrain,0.0,0.0,0.0,0.0,0,42,0,104,19.1040001809597,169.53599452972412
4,20260825T082827Z,flybrain,0.0,0.0,0.0,0.0,0,42,0,105,14.495999552309513,162.27200627326965
4,20260825T082827Z,flybrain,0.0,0.0,0.0,0.0,0,42,0,106,15.552000142633915,161.31199896335602
4,20260825T082827Z,flybrain,0.0,0.0,0.0,0.0,0,42,0,107,14.112000353634357,164.57599401474
4,20260825T082827Z,flybrain,0.0,0.0,0.0,0.0,0,42,0,108,15.552000142633915,161.43999993801117
4,20260825T082827Z,flybrain,0.0,0.0,0.0,0.0,0,42,0,109,14.175999909639359,160.3199988603592
4,20260825T082827Z,flybrain,0.0,0.0,0.0,0.0,0,42,0,110,14.336000196635723,163.35999965667725
4,20260825T082827Z,flybrain,0.0,0.0,0.0,0.0,0,42,0,111,14.336000196635723,158.2079976797104
4,20260825T082827Z,flybrain,0.0,0.0,0.0,0.0,0,42,0,112,16.16000011563301,159.2639982700348
4,20260825T082827Z,flybrain,0.0,0.0,0.0,0.0,0,42,0,113,14.399999752640724,162.36799955368042
4,20260825T082827Z,flybrain,0.0,0.0,0.0,0.0,0,42,0,114,15.039999969303608,597.6319909095764
4,20260825T082827Z,flybrain,0.0,0.0,0.0,0.0,0,42,0,115,19.071999937295914,162.27200627326965
4,20260825T082827Z,flybrain,0.0,0.0,0.0,0.0,0,42,0,116,15.519999898970127,165.72800278663635
4,20260825T082827Z,flybrain,0.0,0.0,0.0,0.0,0,42,0,117,14.208000153303146,162.30399906635284
4,20260825T082827Z,flybrain,0.0,0.0,0.0,0.0,0,42,0,118,14.431999996304512,163.455992937088
4,20260825T082827Z,flybrain,0.0,0.0,0.0,0.0,0,42,0,119,14.527999795973301,162.52799332141876
4,20260825T082827Z,flybrain,0.0,0.0,0.0,0.0,0,42,0,120,14.976000413298607,165.43999314308167
4,20260825T082827Z,flybrain,0.0,0.0,0.0,0.0,0,42,0,121,14.208000153303146,160.288006067276
4,20260825T082827Z,flybrain,0.0,0.0,0.0,0.0,0,42,0,122,15.00799972563982,165.40800034999847
4,20260825T082827Z,flybrain,0.0,0.0,0.0,0.0,0,42,0,123,14.62399959564209,162.11199760437012
4,20260825T082827Z,flybrain,0.0,0.0,0.0,0.0,0,42,0,124,14.976000413298607,161.24799847602844
4,20260825T082827Z,flybrain,0.0,0.0,0.0,0.0,0,42,0,125,14.208000153303146,158.1439971923828
4,20260825T082827Z,flybrain,0.0,0.0,0.0,0.0,0,42,0,126,14.399999752640724,595.6159830093384
4,20260825T082827Z,flybrain,0.0,0.0,0.0,0.0,0,42,0,127,17.023999243974686,167.58400201797485
4,20260825T082827Z,flybrain,0.0,0.0,0.0,0.0,0,42,1,0,607.4240207672119,168.38400065898895
4,20260825T082827Z,flybrain,0.0,0.0,0.0,0.0,0,42,1,1,14.368000440299511,163.32800686359406
4,20260825T082827Z,flybrain,0.0,0.0,0.0,0.0,0,42,1,2,16.224000602960587,164.5440012216568
4,20260825T082827Z,flybrain,0.0,0.0,0.0,0.0,0,42,1,3,14.047999866306782,163.58399391174316
4,20260825T082827Z,flybrain,0.0,0.0,0.0,0.0,0,42,1,4,14.240000396966934,162.4000072479248
4,20260825T082827Z,flybrain,0.0,0.0,0.0,0.0,0,42,1,5,13.504000380635262,159.2320054769516
4,20260825T082827Z,flybrain,0.0,0.0,0.0,0.0,0,42,1,6,14.240000396966934,166.46400094032288
4,20260825T082827Z,flybrain,0.0,0.0,0.0,0.0,0,42,1,7,14.368000440299511,161.40800714492798
4,20260825T082827Z,flybrain,0.0,0.0,0.0,0.0,0,42,1,8,14.399999752640724,164.32000696659088
4,20260825T082827Z,flybrain,0.0,0.0,0.0,0.0,0,42,1,9,14.368000440299511,163.55200111865997
4,20260825T082827Z,flybrain,0.0,0.0,0.0,0.0,0,42,1,10,16.256000846624374,168.5120016336441
4,20260825T082827Z,flybrain,0.0,0.0,0.0,0.0,0,42,1,11,13.439999893307686,429.02401089668274
4,20260825T082827Z,flybrain,0.0,0.0,0.0,0.0,0,42,1,12,15.904000028967857,164.2560064792633
4,20260825T082827Z,flybrain,0.0,0.0,0.0,0.0,0,42,1,13,14.08000010997057,163.5199934244156
4,20260825T082827Z,flybrain,0.0,0.0,0.0,0.0,0,42,1,14,14.336000196635723,164.35199975967407
4,20260825T082827Z,flybrain,0.0,0.0,0.0,0.0,0,42,1,15,13.439999893307686,163.39200735092163
4,20260825T082827Z,flybrain,0.0,0.0,0.0,0.0,0,42,1,16,14.271999709308147,160.3199988603592
4,20260825T082827Z,flybrain,0.0,0.0,0.0,0.0,0,42,1,17,14.495999552309513,161.3440066576004
4,20260825T082827Z,flybrain,0.0,0.0,0.0,0.0,0,42,1,18,14.240000396966934,166.55999422073364
4,20260825T082827Z,flybrain,0.0,0.0,0.0,0.0,0,42,1,19,13.504000380635262,165.56799411773682
4,20260825T082827Z,flybrain,0.0,0.0,0.0,0.0,0,42,1,20,14.368000440299511,162.33600676059723
4,20260825T082827Z,flybrain,0.0,0.0,0.0,0.0,0,42,1,21,13.98400031030178,165.3759926557541
4,20260825T082827Z,flybrain,0.0,0.0,0.0,0.0,0,42,1,22,14.14399966597557,427.10399627685547
4,20260825T082827Z,flybrain,0.0,0.0,0.0,0.0,0,42,1,23,19.711999222636223,167.4560010433197
4,20260825T082827Z,flybrain,0.0,0.0,0.0,0.0,0,42,1,24,14.62399959564209,164.32000696659088
4,20260825T082827Z,flybrain,0.0,0.0,0.0,0.0,0,42,1,25,14.047999866306782,163.39200735092163
4,20260825T082827Z,flybrain,0.0,0.0,0.0,0.0,0,42,1,26,16.256000846624374,162.432000041008
4,20260825T082827Z,flybrain,0.0,0.0,0.0,0.0,0,42,1,27,15.48799965530634,163.64799439907074
4,20260825T082827Z,flybrain,0.0,0.0,0.0,0.0,0,42,1,28,16.095999628305435,162.432000041008
4,20260825T082827Z,flybrain,0.0,0.0,0.0,0.0,0,42,1,29,13.504000380635262,161.47199273109436
4,20260825T082827Z,flybrain,0.0,0.0,0.0,0.0,0,42,1,30,14.240000396966934,160.47999262809753
4,20260825T082827Z,flybrain,0.0,0.0,0.0,0.0,0,42,1,31,13.504000380635262,161.43999993801117
4,20260825T082827Z,flybrain,0.0,0.0,0.0,0.0,0,42,1,32,14.368000440299511,160.25599837303162
4,20260825T082827Z,flybrain,0.0,0.0,0.0,0.0,0,42,1,33,14.240000396966934,161.50400042533875
4,20260825T082827Z,flybrain,0.0,0.0,0.0,0.0,0,42,1,34,16.224000602960587,432.70400166511536
4,20260825T082827Z,flybrain,0.0,0.0,0.0,0.0,0,42,1,35,15.968000516295433,165.43999314308167
4,20260825T082827Z,flybrain,0.0,0.0,0.0,0.0,0,42,1,36,14.527999795973301,166.52800142765045
4,20260825T082827Z,flybrain,0.0,0.0,0.0,0.0,0,42,1,37,13.504000380635262,161.3440066576004
4,20260825T082827Z,flybrain,0.0,0.0,0.0,0.0,0,42,1,38,16.35199971497059,162.23999857902527
4,20260825T082827Z,flybrain,0.0,0.0,0.0,0.0,0,42,1,39,14.4640002399683,161.21600568294525
4,20260825T082827Z,flybrain,0.0,0.0,0.0,0.0,0,42,1,40,14.431999996304512,166.27199947834015
4,20260825T082827Z,flybrain,0.0,0.0,0.0,0.0,0,42,1,41,14.368000440299511,163.35999965667725
4,20260825T082827Z,flybrain,0.0,0.0,0.0,0.0,0,42,1,42,14.431999996304512,162.432000041008
4,20260825T082827Z,flybrain,0.0,0.0,0.0,0.0,0,42,1,43,13.407999649643898,165.75999557971954
4,20260825T082827Z,flybrain,0.0,0.0,0.0,0.0,0,42,1,44,16.095999628305435,162.30399906635284
4,20260825T082827Z,flybrain,0.0,0.0,0.0,0.0,0,42,1,45,15.072000212967396,689.5359754562378
4,20260825T082827Z,flybrain,0.0,0.0,0.0,0.0,0,42,1,46,19.360000267624855,168.5439944267273
4,20260825T082827Z,flybrain,0.0,0.0,0.0,0.0,0,42,1,47,14.944000169634819,163.35999965667725
4,20260825T082827Z,flybrain,0.0,0.0,0.0,0.0,0,42,1,48,14.720000326633453,162.1440052986145
4,20260825T082827Z,flybrain,0.0,0.0,0.0,0.0,0,42,1,49,14.112000353634357,163.455992937088
4,20260825T082827Z,flybrain,0.0,0.0,0.0,0.0,0,42,1,50,14.271999709308147,162.52799332141876
4,20260825T082827Z,flybrain,0.0,0.0,0.0,0.0,0,42,1,51,15.104000456631184,165.3120070695877
4,20260825T082827Z,flybrain,0.0,0.0,0.0,0.0,0,42,1,52,14.399999752640724,164.38399255275726
4,20260825T082827Z,flybrain,0.0,0.0,0.0,0.0,0,42,1,53,14.112000353634357,165.47200083732605
4,20260825T082827Z,flybrain,0.0,0.0,0.0,0.0,0,42,1,54,14.271999709308147,162.432000041008
4,20260825T082827Z,flybrain,0.0,0.0,0.0,0.0,0,42,1,55,13.535999692976475,167.42399334907532
4,20260825T082827Z,flybrain,0.0,0.0,0.0,0.0,0,42,1,56,14.4640002399683,160.35200655460358
4,20260825T082827Z,flybrain,0.0,0.0,0.0,0.0,0,42,1,57,15.039999969303608,464.5119905471802
4,20260825T082827Z,flybrain,0.0,0.0,0.0,0.0,0,42,1,58,19.551999866962433,164.15999829769135
4,20260825T082827Z,flybrain,0.0,0.0,0.0,0.0,0,42,1,59,14.431999996304512,159.39199924468994
4,20260825T082827Z,flybrain,0.0,0.0,0.0,0.0,0,42,1,60,16.256000846624374,160.3199988603592
4,20260825T082827Z,flybrain,0.0,0.0,0.0,0.0,0,42,1,61,16.3199994713068,163.16799819469452
4,20260825T082827Z,flybrain,0.0,0.0,0.0,0.0,0,42,1,62,14.271999709308147,166.30400717258453
4,20260825T082827Z,flybrain,0.0,0.0,0.0,0.0,0,42,1,63,13.504000380635262,163.4880006313324
4,20260825T082827Z,flybrain,0.0,0.0,0.0,0.0,0,42,1,64,14.495999552309513,164.2879992723465
4,20260825T082827Z,flybrain,0.0,0.0,0.0,0.0,0,42,1,65,13.439999893307686,161.47199273109436
4,20260825T082827Z,flybrain,0.0,0.0,0.0,0.0,0,42,1,66,14.303999952971935,158.24000537395477
4,20260825T082827Z,flybrain,0.0,0.0,0.0,0.0,0,42,1,67,14.240000396966934,167.35999286174774
4,20260825T082827Z,flybrain,0.0,0.0,0.0,0.0,0,42,1,68,16.16000011563301,928.3199906349182
4,20260825T082827Z,flybrain,0.0,0.0,0.0,0.0,0,42,1,69,17.920000478625298,163.5199934244156
4,20260825T082827Z,flybrain,0.0,0.0,0.0,0.0,0,42,1,70,16.383999958634377,162.36799955368042
4,20260825T082827Z,flybrain,0.0,0.0,0.0,0.0,0,42,1,71,15.00799972563982,165.50399363040924
4,20260825T082827Z,flybrain,0.0,0.0,0.0,0.0,0,42,1,72,14.336000196635723,162.91199624538422
4,20260825T082827Z,flybrain,0.0,0.0,0.0,0.0,0,42,1,73,14.944000169634819,169.50400173664093
4,20260825T082827Z,flybrain,0.0,0.0,0.0,0.0,0,42,1,74,14.527999795973301,164.2879992723465
4,20260825T082827Z,flybrain,0.0,0.0,0.0,0.0,0,42,1,75,13.439999893307686,161.43999993801117
4,20260825T082827Z,flybrain,0.0,0.0,0.0,0.0,0,42,1,76,14.112000353634357,160.3199988603592
4,20260825T082827Z,flybrain,0.0,0.0,0.0,0.0,0,42,1,77,14.944000169634819,163.39200735092163
4,20260825T082827Z,flybrain,0.0,0.0,0.0,0.0,0,42,1,78,14.560000039637089,164.44799304008484
4,20260825T082827Z,flybrain,0.0,0.0,0.0,0.0,0,42,1,79,14.047999866306782,161.47199273109436
4,20260825T082827Z,flybrain,0.0,0.0,0.0,0.0,0,42,1,80,145.24799585342407,164.2879992723465
4,20260825T082827Z,flybrain,0.0,0.0,0.0,0.0,0,42,1,81,14.015999622642994,163.58399391174316
4,20260825T082827Z,flybrain,0.0,0.0,0.0,0.0,0,42,1,82,16.095999628305435,160.12799739837646
4,20260825T082827Z,flybrain,0.0,0.0,0.0,0.0,0,42,1,83,15.104000456631184,163.32800686359406
4,20260825T082827Z,flybrain,0.0,0.0,0.0,0.0,0,42,1,84,14.527999795973301,166.36799275875092
4,20260825T082827Z,flybrain,0.0,0.0,0.0,0.0,0,42,1,85,14.208000153303146,159.19999778270721
4,20260825T082827Z,flybrain,0.0,0.0,0.0,0.0,0,42,1,86,14.4640002399683,168.47999393939972
4,20260825T082827Z,flybrain,0.0,0.0,0.0,0.0,0,42,1,87,14.112000353634357,163.29599916934967
4,20260825T082827Z,flybrain,0.0,0.0,0.0,0.0,0,42,1,88,14.14399966597557,160.288006067276
4,20260825T082827Z,flybrain,0.0,0.0,0.0,0.0,0,42,1,89,14.399999752640724,161.40800714492798
4,20260825T082827Z,flybrain,0.0,0.0,0.0,0.0,0,42,1,90,16.095999628305435,164.44799304008484
4,20260825T082827Z,flybrain,0.0,0.0,0.0,0.0,0,42,1,91,14.368000440299511,571.23202085495
4,20260825T082827Z,flybrain,0.0,0.0,0.0,0.0,0,42,1,92,19.29599978029728,164.38399255275726
4,20260825T082827Z,flybrain,0.0,0.0,0.0,0.0,0,42,1,93,16.224000602960587,167.4560010433197
4,20260825T082827Z,flybrain,0.0,0.0,0.0,0.0,0,42,1,94,16.095999628305435,162.36799955368042
4,20260825T082827Z,flybrain,0.0,0.0,0.0,0.0,0,42,1,95,13.472000136971474,167.32800006866455
4,20260825T082827Z,flybrain,0.0,0.0,0.0,0.0,0,42,1,96,14.560000039637089,162.33600676059723
4,20260825T082827Z,flybrain,0.0,0.0,0.0,0.0,0,42,1,97,14.944000169634819,165.50399363040924
4,20260825T082827Z,flybrain,0.0,0.0,0.0,0.0,0,42,1,98,14.175999909639359,160.38399934768677
4,20260825T082827Z,flybrain,0.0,0.0,0.0,0.0,0,42,1,99,13.472000136971474,161.43999993801117
4,20260825T082827Z,flybrain,0.0,0.0,0.0,0.0,0,42,1,100,14.271999709308147,160.38399934768677
4,20260825T082827Z,flybrain,0.0,0.0,0.0,0.0,0,42,1,101,13.504000380635262,163.42400014400482
4,20260825T082827Z,flybrain,0.0,0.0,0.0,0.0,0,42,1,102,14.240000396966934,162.36799955368042
4,20260825T082827Z,flybrain,0.0,0.0,0.0,0.0,0,42,1,103,155.4879993200302,161.21600568294525
4,20260825T082827Z,flybrain,0.0,0.0,0.0,0.0,0,42,1,104,16.224000602960587,164.48000073432922
4,20260825T082827Z,flybrain,0.0,0.0,0.0,0.0,0,42,1,105,14.368000440299511,163.58399391174316
4,20260825T082827Z,flybrain,0.0,0.0,0.0,0.0,0,42,1,106,16.16000011563301,162.36799955368042
4,20260825T082827Z,flybrain,0.0,0.0,0.0,0.0,0,42,1,107,15.552000142633915,165.53600132465363
4,20260825T082827Z,flybrain,0.0,0.0,0.0,0.0,0,42,1,108,14.208000153303146,162.4000072479248
4,20260825T082827Z,flybrain,0.0,0.0,0.0,0.0,0,42,1,109,14.431999996304512,159.2320054769516
4,20260825T082827Z,flybrain,0.0,0.0,0.0,0.0,0,42,1,110,14.560000039637089,162.30399906635284
4,20260825T082827Z,flybrain,0.0,0.0,0.0,0.0,0,42,1,111,14.015999622642994,159.2639982700348
4,20260825T082827Z,flybrain,0.0,0.0,0.0,0.0,0,42,1,112,14.592000283300877,158.1439971923828
4,20260825T082827Z,flybrain,0.0,0.0,0.0,0.0,0,42,1,113,13.504000380635262,163.39200735092163
4,20260825T082827Z,flybrain,0.0,0.0,0.0,0.0,0,42,1,114,16.416000202298164,770.5600261688232
4,20260825T082827Z,flybrain,0.0,0.0,0.0,0.0,0,42,1,115,20.096000283956528,163.39200735092163
4,20260825T082827Z,flybrain,0.0,0.0,0.0,0.0,0,42,1,116,16.224000602960587,164.44799304008484
4,20260825T082827Z,flybrain,0.0,0.0,0.0,0.0,0,42,1,117,13.504000380635262,161.47199273109436
4,20260825T082827Z,flybrain,0.0,0.0,0.0,0.0,0,42,1,118,16.256000846624374,162.432000041008
4,20260825T082827Z,flybrain,0.0,0.0,0.0,0.0,0,42,1,119,15.00799972563982,163.26400637626648
4,20260825T082827Z,flybrain,0.0,0.0,0.0,0.0,0,42,1,120,14.399999752640724,166.36799275875092
4,20260825T082827Z,flybrain,0.0,0.0,0.0,0.0,0,42,1,121,14.399999752640724,161.43999993801117
4,20260825T082827Z,flybrain,0.0,0.0,0.0,0.0,0,42,1,122,14.208000153303146,166.46400094032288
4,20260825T082827Z,flybrain,0.0,0.0,0.0,0.0,0,42,1,123,14.431999996304512,163.4880006313324
4,20260825T082827Z,flybrain,0.0,0.0,0.0,0.0,0,42,1,124,14.271999709308147,160.288006067276
4,20260825T082827Z,flybrain,0.0,0.0,0.0,0.0,0,42,1,125,13.472000136971474,159.5200002193451
4,20260825T082827Z,flybrain,0.0,0.0,0.0,0.0,0,42,1,126,179.36000227928162,166.6560024023056
4,20260825T082827Z,flybrain,0.0,0.0,0.0,0.0,0,42,1,127,13.98400031030178,167.58400201797485
4,20260825T082827Z,flybrain,0.0,0.0,0.0,0.0,0,42,2,0,156.8640023469925,167.55199432373047
4,20260825T082827Z,flybrain,0.0,0.0,0.0,0.0,0,42,2,1,13.952000066637993,162.6880019903183
4,20260825T082827Z,flybrain,0.0,0.0,0.0,0.0,0,42,2,2,15.904000028967857,162.6880019903183
4,20260825T082827Z,flybrain,0.0,0.0,0.0,0.0,0,42,2,3,13.535999692976475,160.5439931154251
4,20260825T082827Z,flybrain,0.0,0.0,0.0,0.0,0,42,2,4,14.911999925971031,162.6880019903183
4,20260825T082827Z,flybrain,0.0,0.0,0.0,0.0,0,42,2,5,13.504000380635262,156.67200088500977
4,20260825T082827Z,flybrain,0.0,0.0,0.0,0.0,0,42,2,6,16.16000011563301,164.8319959640503
4,20260825T082827Z,flybrain,0.0,0.0,0.0,0.0,0,42,2,7,13.535999692976475,162.7199947834015
4,20260825T082827Z,flybrain,0.0,0.0,0.0,0.0,0,42,2,8,13.728000223636627,164.73600268363953
4,20260825T082827Z,flybrain,0.0,0.0,0.0,0.0,0,42,2,9,13.69599997997284,162.62400150299072
4,20260825T082827Z,flybrain,0.0,0.0,0.0,0.0,0,42,2,10,14.175999909639359,166.9120043516159
4,20260825T082827Z,flybrain,0.0,0.0,0.0,0.0,0,42,2,11,14.751999638974667,785.9519720077515
4,20260825T082827Z,flybrain,0.0,0.0,0.0,0.0,0,42,2,12,19.1040001809597,166.36799275875092
4,20260825T082827Z,flybrain,0.0,0.0,0.0,0.0,0,42,2,13,15.552000142633915,163.4880006313324
4,20260825T082827Z,flybrain,0.0,0.0,0.0,0.0,0,42,2,14,16.383999958634377,164.32000696659088
4,20260825T082827Z,flybrain,0.0,0.0,0.0,0.0,0,42,2,15,13.439999893307686,161.3759994506836
4,20260825T082827Z,flybrain,0.0,0.0,0.0,0.0,0,42,2,16,14.4640002399683,160.288006067276
4,20260825T082827Z,flybrain,0.0,0.0,0.0,0.0,0,42,2,17,15.00799972563982,161.24799847602844
4,20260825T082827Z,flybrain,0.0,0.0,0.0,0.0,0,42,2,18,14.14399966597557,166.46400094032288
4,20260825T082827Z,flybrain,0.0,0.0,0.0,0.0,0,42,2,19,14.112000353634357,163.4880006313324
4,20260825T082827Z,flybrain,0.0,0.0,0.0,0.0,0,42,2,20,14.303999952971935,162.4000072479248
4,20260825T082827Z,flybrain,0.0,0.0,0.0,0.0,0,42,2,21,14.112000353634357,165.3439998626709
4,20260825T082827Z,flybrain,0.0,0.0,0.0,0.0,0,42,2,22,16.127999871969223,327.4880051612854
4,20260825T082827Z,flybrain,0.0,0.0,0.0,0.0,0,42,2,23,14.175999909639359,163.455992937088
4,20260825T082827Z,flybrain,0.0,0.0,0.0,0.0,0,42,2,24,16.287999227643013,162.432000041008
4,20260825T082827Z,flybrain,0.0,0.0,0.0,0.0,0,42,2,25,13.439999893307686,163.5199934244156
4,20260825T082827Z,flybrain,0.0,0.0,0.0,0.0,0,42,2,26,14.271999709308147,163.00800442695618
4,20260825T082827Z,flybrain,0.0,0.0,0.0,0.0,0,42,2,27,15.072000212967396,163.29599916934967
4,20260825T082827Z,flybrain,0.0,0.0,0.0,0.0,0,42,2,28,14.399999752640724,164.44799304008484
4,20260825T082827Z,flybrain,0.0,0.0,0.0,0.0,0,42,2,29,14.336000196635723,161.40800714492798
4,20260825T082827Z,flybrain,0.0,0.0,0.0,0.0,0,42,2,30,14.303999952971935,160.288006067276
4,20260825T082827Z,flybrain,0.0,0.0,0.0,0.0,0,42,2,31,14.911999925971031,161.31199896335602
4,20260825T082827Z,flybrain,0.0,0.0,0.0,0.0,0,42,2,32,14.08000010997057,158.4639996290207
4,20260825T082827Z,flybrain,0.0,0.0,0.0,0.0,0,42,2,33,13.504000380635262,161.69600188732147
4,20260825T082827Z,flybrain,0.0,0.0,0.0,0.0,0,42,2,34,14.208000153303146,935.4559779167175
4,20260825T082827Z,flybrain,0.0,0.0,0.0,0.0,0,42,2,35,17.503999173641205,163.39200735092163
4,20260825T082827Z,flybrain,0.0,0.0,0.0,0.0,0,42,2,36,16.224000602960587,166.49599373340607
4,20260825T082827Z,flybrain,0.0,0.0,0.0,0.0,0,42,2,37,14.4640002399683,159.36000645160675
4,20260825T082827Z,flybrain,0.0,0.0,0.0,0.0,0,42,2,38,16.224000602960587,162.36799955368042
4,20260825T082827Z,flybrain,0.0,0.0,0.0,0.0,0,42,2,39,14.047999866306782,159.2639982700348
4,20260825T082827Z,flybrain,0.0,0.0,0.0,0.0,0,42,2,40,14.303999952971935,164.38399255275726
4,20260825T082827Z,flybrain,0.0,0.0,0.0,0.0,0,42,2,41,14.911999925971031,163.5199934244156
4,20260825T082827Z,flybrain,0.0,0.0,0.0,0.0,0,42,2,42,14.112000353634357,162.33600676059723
4,20260825T082827Z,flybrain,0.0,0.0,0.0,0.0,0,42,2,43,14.399999752640724,163.55200111865997
4,20260825T082827Z,flybrain,0.0,0.0,0.0,0.0,0,42,2,44,14.208000153303146,162.20800578594208
4,20260825T082827Z,flybrain,0.0,0.0,0.0,0.0,0,42,2,45,13.472000136971474,167.58400201797485
4,20260825T082827Z,flybrain,0.0,0.0,0.0,0.0,0,42,2,46,142.36800372600555,164.2560064792633
4,20260825T082827Z,flybrain,0.0,0.0,0.0,0.0,0,42,2,47,13.472000136971474,163.32800686359406
4,20260825T082827Z,flybrain,0.0,0.0,0.0,0.0,0,42,2,48,14.240000396966934,162.432000041008
4,20260825T082827Z,flybrain,0.0,0.0,0.0,0.0,0,42,2,49,14.879999682307243,163.29599916934967
4,20260825T082827Z,flybrain,0.0,0.0,0.0,0.0,0,42,2,50,14.303999952971935,160.3199988603592
4,20260825T082827Z,flybrain,0.0,0.0,0.0,0.0,0,42,2,51,13.504000380635262,167.71200299263
4,20260825T082827Z,flybrain,0.0,0.0,0.0,0.0,0,42,2,52,14.240000396966934,164.41600024700165
4,20260825T082827Z,flybrain,0.0,0.0,0.0,0.0,0,42,2,53,14.431999996304512,165.56799411773682
4,20260825T082827Z,flybrain,0.0,0.0,0.0,0.0,0,42,2,54,14.399999752640724,162.4639928340912
4,20260825T082827Z,flybrain,0.0,0.0,0.0,0.0,0,42,2,55,15.039999969303608,169.44000124931335
4,20260825T082827Z,flybrain,0.0,0.0,0.0,0.0,0,42,2,56,14.495999552309513,160.8320027589798
4,20260825T082827Z,flybrain,0.0,0.0,0.0,0.0,0,42,2,57,14.944000169634819,572.0000267028809
4,20260825T082827Z,flybrain,0.0,0.0,0.0,0.0,0,42,2,58,20.479999482631683,164.44799304008484
4,20260825T082827Z,flybrain,0.0,0.0,0.0,0.0,0,42,2,59,15.072000212967396,159.19999778270721
4,20260825T082827Z,flybrain,0.0,0.0,0.0,0.0,0,42,2,60,14.527999795973301,160.22400557994843
4,20260825T082827Z,flybrain,0.0,0.0,0.0,0.0,0,42,2,61,13.535999692976475,161.43999993801117
4,20260825T082827Z,flybrain,0.0,0.0,0.0,0.0,0,42,2,62,14.431999996304512,166.46400094032288
4,20260825T082827Z,flybrain,0.0,0.0,0.0,0.0,0,42,2,63,13.439999893307686,163.35999965667725
4,20260825T082827Z,flybrain,0.0,0.0,0.0,0.0,0,42,2,64,14.4640002399683,164.38399255275726
4,20260825T082827Z,flybrain,0.0,0.0,0.0,0.0,0,42,2,65,16.127999871969223,161.31199896335602
4,20260825T082827Z,flybrain,0.0,0.0,0.0,0.0,0,42,2,66,14.14399966597557,160.41600704193115
4,20260825T082827Z,flybrain,0.0,0.0,0.0,0.0,0,42,2,67,14.047999866306782,165.47200083732605
4,20260825T082827Z,flybrain,0.0,0.0,0.0,0.0,0,42,2,68,14.240000396966934,162.4000072479248
4,20260825T082827Z,flybrain,0.0,0.0,0.0,0.0,0,42,2,69,150.751993060112,160.7999950647354
4,20260825T082827Z,flybrain,0.0,0.0,0.0,0.0,0,42,2,70,16.1920003592968,160.38399934768677
4,20260825T082827Z,flybrain,0.0,0.0,0.0,0.0,0,42,2,71,13.504000380635262,163.455992937088
4,20260825T082827Z,flybrain,0.0,0.0,0.0,0.0,0,42,2,72,14.336000196635723,162.33600676059723
4,20260825T082827Z,flybrain,0.0,0.0,0.0,0.0,0,42,2,73,14.944000169634819,169.66399550437927
4,20260825T082827Z,flybrain,0.0,0.0,0.0,0.0,0,42,2,74,16.256000846624374,164.35199975967407
4,20260825T082827Z,flybrain,0.0,0.0,0.0,0.0,0,42,2,75,16.063999384641647,159.2639982700348
4,20260825T082827Z,flybrain,0.0,0.0,0.0,0.0,0,42,2,76,14.431999996304512,160.22400557994843
4,20260825T082827Z,flybrain,0.0,0.0,0.0,0.0,0,42,2,77,14.944000169634819,163.35999965667725
4,20260825T082827Z,flybrain,0.0,0.0,0.0,0.0,0,42,2,78,14.62399959564209,164.32000696659088
4,20260825T082827Z,flybrain,0.0,0.0,0.0,0.0,0,42,2,79,14.208000153303146,163.2319986820221
4,20260825T082827Z,flybrain,0.0,0.0,0.0,0.0,0,42,2,80,14.336000196635723,771.6799974441528
4,20260825T082827Z,flybrain,0.0,0.0,0.0,0.0,0,42,2,81,19.90400068461895,165.3759926557541
4,20260825T082827Z,flybrain,0.0,0.0,0.0,0.0,0,42,2,82,16.575999557971954,158.24000537395477
4,20260825T082827Z,flybrain,0.0,0.0,0.0,0.0,0,42,2,83,14.08000010997057,161.3759994506836
4,20260825T082827Z,flybrain,0.0,0.0,0.0,0.0,0,42,2,84,16.287999227643013,164.2879992723465
4,20260825T082827Z,flybrain,0.0,0.0,0.0,0.0,0,42,2,85,13.472000136971474,159.2320054769516
4,20260825T082827Z,flybrain,0.0,0.0,0.0,0.0,0,42,2,86,14.208000153303146,166.4319932460785
4,20260825T082827Z,flybrain,0.0,0.0,0.0,0.0,0,42,2,87,15.00799972563982,161.3440066576004
4,20260825T082827Z,flybrain,0.0,0.0,0.0,0.0,0,42,2,88,14.560000039637089,160.0639969110489
4,20260825T082827Z,flybrain,0.0,0.0,0.0,0.0,0,42,2,89,16.16000011563301,161.24799847602844
4,20260825T082827Z,flybrain,0.0,0.0,0.0,0.0,0,42,2,90,14.208000153303146,164.48000073432922
4,20260825T082827Z,flybrain,0.0,0.0,0.0,0.0,0,42,2,91,13.472000136971474,165.43999314308167
4,20260825T082827Z,flybrain,0.0,0.0,0.0,0.0,0,42,2,92,14.431999996304512,330.3680121898651
4,20260825T082827Z,flybrain,0.0,0.0,0.0,0.0,0,42,2,93,14.303999952971935,167.61599481105804
4,20260825T082827Z,flybrain,0.0,0.0,0.0,0.0,0,42,2,94,14.399999752640724,162.27200627326965
4,20260825T082827Z,flybrain,0.0,0.0,0.0,0.0,0,42,2,95,14.047999866306782,169.50400173664093
4,20260825T082827Z,flybrain,0.0,0.0,0.0,0.0,0,42,2,96,14.4640002399683,162.36799955368042
4,20260825T082827Z,flybrain,0.0,0.0,0.0,0.0,0,42,2,97,14.976000413298607,165.3120070695877
4,20260825T082827Z,flybrain,0.0,0.0,0.0,0.0,0,42,2,98,14.495999552309513,158.2079976797104
4,20260825T082827Z,flybrain,0.0,0.0,0.0,0.0,0,42,2,99,14.944000169634819,161.3759994506836
4,20260825T082827Z,flybrain,0.0,0.0,0.0,0.0,0,42,2,100,14.431999996304512,158.33599865436554
4,20260825T082827Z,flybrain,0.0,0.0,0.0,0.0,0,42,2,101,15.039999969303608,163.32800686359406
4,20260825T082827Z,flybrain,0.0,0.0,0.0,0.0,0,42,2,102,16.224000602960587,162.432000041008
4,20260825T082827Z,flybrain,0.0,0.0,0.0,0.0,0,42,2,103,14.14399966597557,934.5920085906982
4,20260825T082827Z,flybrain,0.0,0.0,0.0,0.0,0,42,2,104,20.287999883294106,168.47999393939972
4,20260825T082827Z,flybrain,0.0,0.0,0.0,0.0,0,42,2,105,16.095999628305435,163.42400014400482
4,20260825T082827Z,flybrain,0.0,0.0,0.0,0.0,0,42,2,106,16.543999314308167,162.01600432395935
4,20260825T082827Z,flybrain,0.0,0.0,0.0,0.0,0,42,2,107,14.175999909639359,165.69599509239197
4,20260825T082827Z,flybrain,0.0,0.0,0.0,0.0,0,42,2,108,14.08000010997057,160.3199988603592
4,20260825T082827Z,flybrain,0.0,0.0,0.0,0.0,0,42,2,109,14.047999866306782,159.29600596427917
4,20260825T082827Z,flybrain,0.0,0.0,0.0,0.0,0,42,2,110,14.303999952971935,162.20800578594208
4,20260825T082827Z,flybrain,0.0,0.0,0.0,0.0,0,42,2,111,14.047999866306782,159.29600596427917
4,20260825T082827Z,flybrain,0.0,0.0,0.0,0.0,0,42,2,112,14.208000153303146,160.41600704193115
4,20260825T082827Z,flybrain,0.0,0.0,0.0,0.0,0,42,2,113,14.431999996304512,161.43999993801117
4,20260825T082827Z,flybrain,0.0,0.0,0.0,0.0,0,42,2,114,14.336000196635723,166.49599373340607
4,20260825T082827Z,flybrain,0.0,0.0,0.0,0.0,0,42,2,115,13.504000380635262,412.3519957065582
4,20260825T082827Z,flybrain,0.0,0.0,0.0,0.0,0,42,2,116,16.416000202298164,166.4000004529953
4,20260825T082827Z,flybrain,0.0,0.0,0.0,0.0,0,42,2,117,15.00799972563982,161.31199896335602
4,20260825T082827Z,flybrain,0.0,0.0,0.0,0.0,0,42,2,118,14.208000153303146,162.432000041008
4,20260825T082827Z,flybrain,0.0,0.0,0.0,0.0,0,42,2,119,14.08000010997057,163.29599916934967
4,20260825T082827Z,flybrain,0.0,0.0,0.0,0.0,0,42,2,120,14.14399966597557,164.48000073432922
4,20260825T082827Z,flybrain,0.0,0.0,0.0,0.0,0,42,2,121,15.104000456631184,161.15200519561768
4,20260825T082827Z,flybrain,0.0,0.0,0.0,0.0,0,42,2,122,16.287999227643013,166.30400717258453
4,20260825T082827Z,flybrain,0.0,0.0,0.0,0.0,0,42,2,123,14.4640002399683,163.32800686359406
4,20260825T082827Z,flybrain,0.0,0.0,0.0,0.0,0,42,2,124,14.240000396966934,160.16000509262085
4,20260825T082827Z,flybrain,0.0,0.0,0.0,0.0,0,42,2,125,14.047999866306782,159.29600596427917
4,20260825T082827Z,flybrain,0.0,0.0,0.0,0.0,0,42,2,126,13.98400031030178,571.0399746894836
4,20260825T082827Z,flybrain,0.0,0.0,0.0,0.0,0,42,2,127,19.071999937295914,171.6800034046173
4,20260825T082827Z,flybrain,0.0,0.0,0.0,0.0,0,42,3,0,211.16800606250763,187.83999979496002
4,20260825T082827Z,flybrain,0.0,0.0,0.0,0.0,0,42,3,1,15.584000386297703,161.53599321842194
4,20260825T082827Z,flybrain,0.0,0.0,0.0,0.0,0,42,3,2,14.240000396966934,164.8000031709671
4,20260825T082827Z,flybrain,0.0,0.0,0.0,0.0,0,42,3,3,14.336000196635723,160.60799360275269
4,20260825T082827Z,flybrain,0.0,0.0,0.0,0.0,0,42,3,4,14.4640002399683,162.84799575805664
4,20260825T082827Z,flybrain,0.0,0.0,0.0,0.0,0,42,3,5,14.336000196635723,158.59200060367584
4,20260825T082827Z,flybrain,0.0,0.0,0.0,0.0,0,42,3,6,14.399999752640724,166.9120043516159
4,20260825T082827Z,flybrain,0.0,0.0,0.0,0.0,0,42,3,7,14.431999996304512,162.6559942960739
4,20260825T082827Z,flybrain,0.0,0.0,0.0,0.0,0,42,3,8,14.944000169634819,164.76799547672272
4,20260825T082827Z,flybrain,0.0,0.0,0.0,0.0,0,42,3,9,14.08000010997057,162.59199380874634
4,20260825T082827Z,flybrain,0.0,0.0,0.0,0.0,0,42,3,10,14.399999752640724,166.9120043516159
4,20260825T082827Z,flybrain,0.0,0.0,0.0,0.0,0,42,3,11,13.75999953597784,162.6880019903183
4,20260825T082827Z,flybrain,0.0,0.0,0.0,0.0,0,42,3,12,14.655999839305878,162.75200247764587
4,20260825T082827Z,flybrain,0.0,0.0,0.0,0.0,0,42,3,13,14.047999866306782,162.11199760437012
4,20260825T082827Z,flybrain,0.0,0.0,0.0,0.0,0,42,3,14,14.015999622642994,165.43999314308167
4,20260825T082827Z,flybrain,0.0,0.0,0.0,0.0,0,42,3,15,14.592000283300877,162.11199760437012
4,20260825T082827Z,flybrain,0.0,0.0,0.0,0.0,0,42,3,16,13.472000136971474,161.3440066576004
4,20260825T082827Z,flybrain,0.0,0.0,0.0,0.0,0,42,3,17,14.495999552309513,160.22400557994843
4,20260825T082827Z,flybrain,0.0,0.0,0.0,0.0,0,42,3,18,14.4640002399683,165.50399363040924
4,20260825T082827Z,flybrain,0.0,0.0,0.0,0.0,0,42,3,19,14.14399966597557,164.06400501728058
4,20260825T082827Z,flybrain,0.0,0.0,0.0,0.0,0,42,3,20,14.976000413298607,163.35999965667725
4,20260825T082827Z,flybrain,0.0,0.0,0.0,0.0,0,42,3,21,14.14399966597557,164.57599401474
4,20260825T082827Z,flybrain,0.0,0.0,0.0,0.0,0,42,3,22,14.047999866306782,161.3440066576004
4,20260825T082827Z,flybrain,0.0,0.0,0.0,0.0,0,42,3,23,14.271999709308147,162.11199760437012
4,20260825T082827Z,flybrain,0.0,0.0,0.0,0.0,0,42,3,24,14.431999996304512,163.5199934244156
4,20260825T082827Z,flybrain,0.0,0.0,0.0,0.0,0,42,3,25,14.175999909639359,162.432000041008
4,20260825T082827Z,flybrain,0.0,0.0,0.0,0.0,0,42,3,26,14.879999682307243,163.55200111865997
4,20260825T082827Z,flybrain,0.0,0.0,0.0,0.0,0,42,3,27,14.303999952971935,162.08000481128693
4,20260825T082827Z,flybrain,0.0,0.0,0.0,0.0,0,42,3,28,14.431999996304512,165.50399363040924
4,20260825T082827Z,flybrain,0.0,0.0,0.0,0.0,0,42,3,29,14.14399966597557,162.49600052833557
4,20260825T082827Z,flybrain,0.0,0.0,0.0,0.0,0,42,3,30,13.504000380635262,161.43999993801117
4,20260825T082827Z,flybrain,0.0,0.0,0.0,0.0,0,42,3,31,14.047999866306782,160.22400557994843
4,20260825T082827Z,flybrain,0.0,0.0,0.0,0.0,0,42,3,32,15.072000212967396,159.19999778270721
4,20260825T082827Z,flybrain,0.0,0.0,0.0,0.0,0,42,3,33,14.527999795973301,162.52799332141876
4,20260825T082827Z,flybrain,0.0,0.0,0.0,0.0,0,42,3,34,14.015999622642994,165.43999314308167
4,20260825T082827Z,flybrain,0.0,0.0,0.0,0.0,0,42,3,35,14.336000196635723,162.11199760437012
4,20260825T082827Z,flybrain,0.0,0.0,0.0,0.0,0,42,3,36,14.976000413298607,168.57600212097168
4,20260825T082827Z,flybrain,0.0,0.0,0.0,0.0,0,42,3,37,14.112000353634357,160.35200655460358
4,20260825T082827Z,flybrain,0.0,0.0,0.0,0.0,0,42,3,38,14.944000169634819,163.32800686359406
4,20260825T082827Z,flybrain,0.0,0.0,0.0,0.0,0,42,3,39,14.175999909639359,160.22400557994843
4,20260825T082827Z,flybrain,0.0,0.0,0.0,0.0,0,42,3,40,13.472000136971474,167.61599481105804
4,20260825T082827Z,flybrain,0.0,0.0,0.0,0.0,0,42,3,41,14.08000010997057,162.33600676059723
4,20260825T082827Z,flybrain,0.0,0.0,0.0,0.0,0,42,3,42,13.472000136971474,163.4880006313324
4,20260825T082827Z,flybrain,0.0,0.0,0.0,0.0,0,42,3,43,14.4640002399683,164.12800550460815
4,20260825T082827Z,flybrain,0.0,0.0,0.0,0.0,0,42,3,44,15.039999969303608,163.455992937088
4,20260825T082827Z,flybrain,0.0,0.0,0.0,0.0,0,42,3,45,14.112000353634357,168.47999393939972
4,20260825T082827Z,flybrain,0.0,0.0,0.0,0.0,0,42,3,46,14.047999866306782,165.66400229930878
4,20260825T082827Z,flybrain,0.0,0.0,0.0,0.0,0,42,3,47,13.98400031030178,161.15200519561768
4,20260825T082827Z,flybrain,0.0,0.0,0.0,0.0,0,42,3,48,13.504000380635262,163.39200735092163
4,20260825T082827Z,flybrain,0.0,0.0,0.0,0.0,0,42,3,49,14.240000396966934,162.432000041008
4,20260825T082827Z,flybrain,0.0,0.0,0.0,0.0,0,42,3,50,14.976000413298607,161.31199896335602
4,20260825T082827Z,flybrain,0.0,0.0,0.0,0.0,0,42,3,51,14.14399966597557,166.36799275875092
4,20260825T082827Z,flybrain,0.0,0.0,0.0,0.0,0,42,3,52,14.911999925971031,165.3759926557541
4,20260825T082827Z,flybrain,0.0,0.0,0.0,0.0,0,42,3,53,14.62399959564209,164.41600024700165
4,20260825T082827Z,flybrain,0.0,0.0,0.0,0.0,0,42,3,54,14.368000440299511,163.39200735092163
4,20260825T082827Z,flybrain,0.0,0.0,0.0,0.0,0,42,3,55,14.495999552309513,168.67199540138245
4,20260825T082827Z,flybrain,0.0,0.0,0.0,0.0,0,42,3,56,14.303999952971935,161.40800714492798
4,20260825T082827Z,flybrain,0.0,0.0,0.0,0.0,0,42,3,57,14.175999909639359,160.35200655460358
4,20260825T082827Z,flybrain,0.0,0.0,0.0,0.0,0,42,3,58,14.368000440299511,161.43999993801117
4,20260825T082827Z,flybrain,0.0,0.0,0.0,0.0,0,42,3,59,14.14399966597557,160.16000509262085
4,20260825T082827Z,flybrain,0.0,0.0,0.0,0.0,0,42,3,60,14.208000153303146,161.18399798870087
4,20260825T082827Z,flybrain,0.0,0.0,0.0,0.0,0,42,3,61,14.271999709308147,162.20800578594208
4,20260825T082827Z,flybrain,0.0,0.0,0.0,0.0,0,42,3,62,14.08000010997057,165.43999314308167
4,20260825T082827Z,flybrain,0.0,0.0,0.0,0.0,0,42,3,63,14.08000010997057,162.23999857902527
4,20260825T082827Z,flybrain,0.0,0.0,0.0,0.0,0,42,3,64,14.944000169634819,167.4560010433197
4,20260825T082827Z,flybrain,0.0,0.0,0.0,0.0,0,42,3,65,14.431999996304512,160.16000509262085
4,20260825T082827Z,flybrain,0.0,0.0,0.0,0.0,0,42,3,66,14.336000196635723,159.39199924468994
4,20260825T082827Z,flybrain,0.0,0.0,0.0,0.0,0,42,3,67,14.208000153303146,164.2879992723465
4,20260825T082827Z,flybrain,0.0,0.0,0.0,0.0,0,42,3,68,14.08000010997057,163.455992937088
4,20260825T082827Z,flybrain,0.0,0.0,0.0,0.0,0,42,3,69,14.047999866306782,160.38399934768677
4,20260825T082827Z,flybrain,0.0,0.0,0.0,0.0,0,42,3,70,13.439999893307686,161.50400042533875
4,20260825T082827Z,flybrain,0.0,0.0,0.0,0.0,0,42,3,71,14.336000196635723,163.26400637626648
4,20260825T082827Z,flybrain,0.0,0.0,0.0,0.0,0,42,3,72,14.08000010997057,163.4880006313324
4,20260825T082827Z,flybrain,0.0,0.0,0.0,0.0,0,42,3,73,14.112000353634357,168.64000260829926
4,20260825T082827Z,flybrain,0.0,0.0,0.0,0.0,0,42,3,74,14.976000413298607,165.69599509239197
4,20260825T082827Z,flybrain,0.0,0.0,0.0,0.0,0,42,3,75,14.08000010997057,160.0639969110489
4,20260825T082827Z,flybrain,0.0,0.0,0.0,0.0,0,42,3,76,15.072000212967396,161.21600568294525
4,20260825T082827Z,flybrain,0.0,0.0,0.0,0.0,0,42,3,77,14.175999909639359,162.4000072479248
4,20260825T082827Z,flybrain,0.0,0.0,0.0,0.0,0,42,3,78,14.431999996304512,165.53600132465363
4,20260825T082827Z,flybrain,0.0,0.0,0.0,0.0,0,42,3,79,14.271999709308147,162.20800578594208
4,20260825T082827Z,flybrain,0.0,0.0,0.0,0.0,0,42,3,80,13.535999692976475,165.47200083732605
4,20260825T082827Z,flybrain,0.0,0.0,0.0,0.0,0,42,3,81,14.303999952971935,164.51199352741241
4,20260825T082827Z,flybrain,0.0,0.0,0.0,0.0,0,42,3,82,14.816000126302242,159.32799875736237
4,20260825T082827Z,flybrain,0.0,0.0,0.0,0.0,0,42,3,83,14.495999552309513,164.32000696659088
4,20260825T082827Z,flybrain,0.0,0.0,0.0,0.0,0,42,3,84,14.047999866306782,165.47200083732605
4,20260825T082827Z,flybrain,0.0,0.0,0.0,0.0,0,42,3,85,14.399999752640724,158.39999914169312
4,20260825T082827Z,flybrain,0.0,0.0,0.0,0.0,0,42,3,86,14.08000010997057,167.58400201797485
4,20260825T082827Z,flybrain,0.0,0.0,0.0,0.0,0,42,3,87,14.14399966597557,160.09600460529327
4,20260825T082827Z,flybrain,0.0,0.0,0.0,0.0,0,42,3,88,14.399999752640724,161.28000617027283
4,20260825T082827Z,flybrain,0.0,0.0,0.0,0.0,0,42,3,89,14.175999909639359,160.35200655460358
4,20260825T082827Z,flybrain,0.0,0.0,0.0,0.0,0,42,3,90,14.399999752640724,163.39200735092163
4,20260825T082827Z,flybrain,0.0,0.0,0.0,0.0,0,42,3,91,13.98400031030178,164.32000696659088
4,20260825T082827Z,flybrain,0.0,0.0,0.0,0.0,0,42,3,92,14.208000153303146,161.24799847602844
4,20260825T082827Z,flybrain,0.0,0.0,0.0,0.0,0,42,3,93,14.240000396966934,166.55999422073364
4,20260825T082827Z,flybrain,0.0,0.0,0.0,0.0,0,42,3,94,14.944000169634819,163.39200735092163
4,20260825T082827Z,flybrain,0.0,0.0,0.0,0.0,0,42,3,95,14.240000396966934,168.41599345207214
4,20260825T082827Z,flybrain,0.0,0.0,0.0,0.0,0,42,3,96,13.98400031030178,161.40800714492798
4,20260825T082827Z,flybrain,0.0,0.0,0.0,0.0,0,42,3,97,14.240000396966934,164.44799304008484
4,20260825T082827Z,flybrain,0.0,0.0,0.0,0.0,0,42,3,98,14.047999866306782,159.29600596427917
4,20260825T082827Z,flybrain,0.0,0.0,0.0,0.0,0,42,3,99,14.271999709308147,160.3199988603592
4,20260825T082827Z,flybrain,0.0,0.0,0.0,0.0,0,42,3,100,13.535999692976475,159.32799875736237
4,20260825T082827Z,flybrain,0.0,0.0,0.0,0.0,0,42,3,101,14.271999709308147,164.22399878501892
4,20260825T082827Z,flybrain,0.0,0.0,0.0,0.0,0,42,3,102,14.303999952971935,165.53600132465363
4,20260825T082827Z,flybrain,0.0,0.0,0.0,0.0,0,42,3,103,14.112000353634357,160.22400557994843
4,20260825T082827Z,flybrain,0.0,0.0,0.0,0.0,0,42,3,104,14.112000353634357,165.50399363040924
4,20260825T082827Z,flybrain,0.0,0.0,0.0,0.0,0,42,3,105,14.495999552309513,162.27200627326965
4,20260825T082827Z,flybrain,0.0,0.0,0.0,0.0,0,42,3,106,14.08000010997057,163.64799439907074
4,20260825T082827Z,flybrain,0.0,0.0,0.0,0.0,0,42,3,107,14.175999909639359,164.86400365829468
4,20260825T082827Z,flybrain,0.0,0.0,0.0,0.0,0,42,3,108,14.303999952971935,161.47199273109436
4,20260825T082827Z,flybrain,0.0,0.0,0.0,0.0,0,42,3,109,14.399999752640724,160.47999262809753
4,20260825T082827Z,flybrain,0.0,0.0,0.0,0.0,0,42,3,110,13.472000136971474,163.4880006313324
4,20260825T082827Z,flybrain,0.0,0.0,0.0,0.0,0,42,3,111,14.303999952971935,158.04800391197205
4,20260825T082827Z,flybrain,0.0,0.0,0.0,0.0,0,42,3,112,13.504000380635262,159.32799875736237
4,20260825T082827Z,flybrain,0.0,0.0,0.0,0.0,0,42,3,113,14.208000153303146,162.49600052833557
4,20260825T082827Z,flybrain,0.0,0.0,0.0,0.0,0,42,3,114,14.944000169634819,167.52000153064728
4,20260825T082827Z,flybrain,0.0,0.0,0.0,0.0,0,42,3,115,14.4640002399683,158.39999914169312
4,20260825T082827Z,flybrain,0.0,0.0,0.0,0.0,0,42,3,116,13.472000136971474,165.6000018119812
4,20260825T082827Z,flybrain,0.0,0.0,0.0,0.0,0,42,3,117,14.208000153303146,160.35200655460358
4,20260825T082827Z,flybrain,0.0,0.0,0.0,0.0,0,42,3,118,14.112000353634357,164.38399255275726
4,20260825T082827Z,flybrain,0.0,0.0,0.0,0.0,0,42,3,119,14.208000153303146,162.11199760437012
4,20260825T082827Z,flybrain,0.0,0.0,0.0,0.0,0,42,3,120,14.911999925971031,165.40800034999847
4,20260825T082827Z,flybrain,0.0,0.0,0.0,0.0,0,42,3,121,14.112000353634357,160.25599837303162
4,20260825T082827Z,flybrain,0.0,0.0,0.0,0.0,0,42,3,122,14.399999752640724,167.58400201797485
4,20260825T082827Z,flybrain,0.0,0.0,0.0,0.0,0,42,3,123,14.047999866306782,162.27200627326965
4,20260825T082827Z,flybrain,0.0,0.0,0.0,0.0,0,42,3,124,14.303999952971935,163.07200491428375
4,20260825T082827Z,flybrain,0.0,0.0,0.0,0.0,0,42,3,125,14.271999709308147,158.27199816703796
4,20260825T082827Z,flybrain,0.0,0.0,0.0,0.0,0,42,3,126,13.504000380635262,167.58400201797485
4,20260825T082827Z,flybrain,0.0,0.0,0.0,0.0,0,42,3,127,13.952000066637993,167.58400201797485
4,20260825T082827Z,flybrain,0.0,0.0,0.0,0.0,0,42,4,0,266.2079930305481,199.45600628852844
4,20260825T082827Z,flybrain,0.0,0.0,0.0,0.0,0,42,4,1,13.535999692976475,165.66400229930878
4,20260825T082827Z,flybrain,0.0,0.0,0.0,0.0,0,42,4,2,13.75999953597784,162.6559942960739
4,20260825T082827Z,flybrain,0.0,0.0,0.0,0.0,0,42,4,3,14.431999996304512,160.76800227165222
4,20260825T082827Z,flybrain,0.0,0.0,0.0,0.0,0,42,4,4,14.4640002399683,163.35999965667725
4,20260825T082827Z,flybrain,0.0,0.0,0.0,0.0,0,42,4,5,14.399999752640724,158.55999290943146
4,20260825T082827Z,flybrain,0.0,0.0,0.0,0.0,0,42,4,6,14.399999752640724,164.73600268363953
4,20260825T082827Z,flybrain,0.0,0.0,0.0,0.0,0,42,4,7,14.368000440299511,162.6880019903183
4,20260825T082827Z,flybrain,0.0,0.0,0.0,0.0,0,42,4,8,14.399999752640724,164.67200219631195
4,20260825T082827Z,flybrain,0.0,0.0,0.0,0.0,0,42,4,9,14.911999925971031,164.44799304008484
4,20260825T082827Z,flybrain,0.0,0.0,0.0,0.0,0,42,4,10,14.336000196635723,166.87999665737152
4,20260825T082827Z,flybrain,0.0,0.0,0.0,0.0,0,42,4,11,14.431999996304512,160.5760008096695
4,20260825T082827Z,flybrain,0.0,0.0,0.0,0.0,0,42,4,12,13.75999953597784,162.6880019903183
4,20260825T082827Z,flybrain,0.0,0.0,0.0,0.0,0,42,4,13,15.00799972563982,162.6880019903183
4,20260825T082827Z,flybrain,0.0,0.0,0.0,0.0,0,42,4,14,14.944000169634819,164.86400365829468
4,20260825T082827Z,flybrain,0.0,0.0,0.0,0.0,0,42,4,15,13.98400031030178,162.27200627326965
4,20260825T082827Z,flybrain,0.0,0.0,0.0,0.0,0,42,4,16,14.015999622642994,161.3440066576004
4,20260825T082827Z,flybrain,0.0,0.0,0.0,0.0,0,42,4,17,14.495999552309513,160.35200655460358
4,20260825T082827Z,flybrain,0.0,0.0,0.0,0.0,0,42,4,18,14.336000196635723,165.6319946050644
4,20260825T082827Z,flybrain,0.0,0.0,0.0,0.0,0,42,4,19,14.14399966597557,164.32000696659088
4,20260825T082827Z,flybrain,0.0,0.0,0.0,0.0,0,42,4,20,14.047999866306782,163.39200735092163
4,20260825T082827Z,flybrain,0.0,0.0,0.0,0.0,0,42,4,21,14.208000153303146,164.38399255275726
4,20260825T082827Z,flybrain,0.0,0.0,0.0,0.0,0,42,4,22,14.911999925971031,161.3440066576004
4,20260825T082827Z,flybrain,0.0,0.0,0.0,0.0,0,42,4,23,14.14399966597557,162.01600432395935
4,20260825T082827Z,flybrain,0.0,0.0,0.0,0.0,0,42,4,24,13.504000380635262,163.5199934244156
4,20260825T082827Z,flybrain,0.0,0.0,0.0,0.0,0,42,4,25,14.208000153303146,162.432000041008
4,20260825T082827Z,flybrain,0.0,0.0,0.0,0.0,0,42,4,26,13.504000380635262,165.3759926557541
4,20260825T082827Z,flybrain,0.0,0.0,0.0,0.0,0,42,4,27,14.08000010997057,162.23999857902527
4,20260825T082827Z,flybrain,0.0,0.0,0.0,0.0,0,42,4,28,13.439999893307686,163.4880006313324
4,20260825T082827Z,flybrain,0.0,0.0,0.0,0.0,0,42,4,29,14.495999552309513,160.38399934768677
4,20260825T082827Z,flybrain,0.0,0.0,0.0,0.0,0,42,4,30,14.399999752640724,161.40800714492798
4,20260825T082827Z,flybrain,0.0,0.0,0.0,0.0,0,42,4,31,14.271999709308147,160.16000509262085
4,20260825T082827Z,flybrain,0.0,0.0,0.0,0.0,0,42,4,32,13.504000380635262,161.40800714492798
4,20260825T082827Z,flybrain,0.0,0.0,0.0,0.0,0,42,4,33,14.431999996304512,162.36799955368042
4,20260825T082827Z,flybrain,0.0,0.0,0.0,0.0,0,42,4,34,14.431999996304512,165.3759926557541
4,20260825T082827Z,flybrain,0.0,0.0,0.0,0.0,0,42,4,35,14.14399966597557,162.1759980916977
4,20260825T082827Z,flybrain,0.0,0.0,0.0,0.0,0,42,4,36,14.368000440299511,165.53600132465363
4,20260825T082827Z,flybrain,0.0,0.0,0.0,0.0,0,42,4,37,14.240000396966934,162.4000072479248
4,20260825T082827Z,flybrain,0.0,0.0,0.0,0.0,0,42,4,38,13.472000136971474,163.35999965667725
4,20260825T082827Z,flybrain,0.0,0.0,0.0,0.0,0,42,4,39,14.240000396966934,160.22400557994843
4,20260825T082827Z,flybrain,0.0,0.0,0.0,0.0,0,42,4,40,14.399999752640724,165.56799411773682
4,20260825T082827Z,flybrain,0.0,0.0,0.0,0.0,0,42,4,41,14.08000010997057,162.36799955368042
4,20260825T082827Z,flybrain,0.0,0.0,0.0,0.0,0,42,4,42,14.944000169634819,165.6000018119812
4,20260825T082827Z,flybrain,0.0,0.0,0.0,0.0,0,42,4,43,14.240000396966934,162.52799332141876
4,20260825T082827Z,flybrain,0.0,0.0,0.0,0.0,0,42,4,44,13.535999692976475,163.29599916934967
4,20260825T082827Z,flybrain,0.0,0.0,0.0,0.0,0,42,4,45,14.240000396966934,166.49599373340607
4,20260825T082827Z,flybrain,0.0,0.0,0.0,0.0,0,42,4,46,13.407999649643898,165.3759926557541
4,20260825T082827Z,flybrain,0.0,0.0,0.0,0.0,0,42,4,47,14.14399966597557,162.27200627326965
4,20260825T082827Z,flybrain,0.0,0.0,0.0,0.0,0,42,4,48,13.439999893307686,161.6639941930771
4,20260825T082827Z,flybrain,0.0,0.0,0.0,0.0,0,42,4,49,14.208000153303146,162.432000041008
4,20260825T082827Z,flybrain,0.0,0.0,0.0,0.0,0,42,4,50,14.047999866306782,161.3440066576004
4,20260825T082827Z,flybrain,0.0,0.0,0.0,0.0,0,42,4,51,14.592000283300877,166.20799899101257
4,20260825T082827Z,flybrain,0.0,0.0,0.0,0.0,0,42,4,52,14.336000196635723,165.3439998626709
4,20260825T082827Z,flybrain,0.0,0.0,0.0,0.0,0,42,4,53,13.98400031030178,164.57599401474
4,20260825T082827Z,flybrain,0.0,0.0,0.0,0.0,0,42,4,54,14.431999996304512,161.47199273109436
4,20260825T082827Z,flybrain,0.0,0.0,0.0,0.0,0,42,4,55,14.175999909639359,166.33599996566772
4,20260825T082827Z,flybrain,0.0,0.0,0.0,0.0,0,42,4,56,13.472000136971474,161.40800714492798
4,20260825T082827Z,flybrain,0.0,0.0,0.0,0.0,0,42,4,57,14.175999909639359,160.3199988603592
4,20260825T082827Z,flybrain,0.0,0.0,0.0,0.0,0,42,4,58,13.472000136971474,161.43999993801117
4,20260825T082827Z,flybrain,0.0,0.0,0.0,0.0,0,42,4,59,14.047999866306782,158.07999670505524
4,20260825T082827Z,flybrain,0.0,0.0,0.0,0.0,0,42,4,60,14.14399966597557,160.22400557994843
4,20260825T082827Z,flybrain,0.0,0.0,0.0,0.0,0,42,4,61,14.08000010997057,162.36799955368042
4,20260825T082827Z,flybrain,0.0,0.0,0.0,0.0,0,42,4,62,13.504000380635262,167.58400201797485
4,20260825T082827Z,flybrain,0.0,0.0,0.0,0.0,0,42,4,63,14.368000440299511,162.1440052986145
4,20260825T082827Z,flybrain,0.0,0.0,0.0,0.0,0,42,4,64,14.047999866306782,165.43999314308167
4,20260825T082827Z,flybrain,0.0,0.0,0.0,0.0,0,42,4,65,14.4640002399683,160.35200655460358
4,20260825T082827Z,flybrain,0.0,0.0,0.0,0.0,0,42,4,66,14.399999752640724,159.5200002193451
4,20260825T082827Z,flybrain,0.0,0.0,0.0,0.0,0,42,4,67,14.208000153303146,164.19200599193573
4,20260825T082827Z,flybrain,0.0,0.0,0.0,0.0,0,42,4,68,13.472000136971474,163.5199934244156
4,20260825T082827Z,flybrain,0.0,0.0,0.0,0.0,0,42,4,69,14.112000353634357,160.38399934768677
4,20260825T082827Z,flybrain,0.0,0.0,0.0,0.0,0,42,4,70,13.504000380635262,161.40800714492798
4,20260825T082827Z,flybrain,0.0,0.0,0.0,0.0,0,42,4,71,14.112000353634357,162.432000041008
4,20260825T082827Z,flybrain,0.0,0.0,0.0,0.0,0,42,4,72,14.816000126302242,162.33600676059723
4,20260825T082827Z,flybrain,0.0,0.0,0.0,0.0,0,42,4,73,14.112000353634357,168.41599345207214
4,20260825T082827Z,flybrain,0.0,0.0,0.0,0.0,0,42,4,74,14.208000153303146,163.16799819469452
4,20260825T082827Z,flybrain,0.0,0.0,0.0,0.0,0,42,4,75,14.592000283300877,160.19199788570404
4,20260825T082827Z,flybrain,0.0,0.0,0.0,0.0,0,42,4,76,13.504000380635262,159.2320054769516
4,20260825T082827Z,flybrain,0.0,0.0,0.0,0.0,0,42,4,77,14.368000440299511,162.36799955368042
4,20260825T082827Z,flybrain,0.0,0.0,0.0,0.0,0,42,4,78,13.472000136971474,163.39200735092163
4,20260825T082827Z,flybrain,0.0,0.0,0.0,0.0,0,42,4,79,14.175999909639359,162.23999857902527
4,20260825T082827Z,flybrain,0.0,0.0,0.0,0.0,0,42,4,80,13.439999893307686,165.47200083732605
4,20260825T082827Z,flybrain,0.0,0.0,0.0,0.0,0,42,4,81,14.368000440299511,162.1759980916977
4,20260825T082827Z,flybrain,0.0,0.0,0.0,0.0,0,42,4,82,15.104000456631184,159.42400693893433
4,20260825T082827Z,flybrain,0.0,0.0,0.0,0.0,0,42,4,83,14.399999752640724,162.49600052833557
4,20260825T082827Z,flybrain,0.0,0.0,0.0,0.0,0,42,4,84,14.431999996304512,164.60800170898438
4,20260825T082827Z,flybrain,0.0,0.0,0.0,0.0,0,42,4,85,14.4640002399683,158.27199816703796
4,20260825T082827Z,flybrain,0.0,0.0,0.0,0.0,0,42,4,86,14.911999925971031,165.3759926557541
4,20260825T082827Z,flybrain,0.0,0.0,0.0,0.0,0,42,4,87,14.208000153303146,160.22400557994843
4,20260825T082827Z,flybrain,0.0,0.0,0.0,0.0,0,42,4,88,14.368000440299511,161.50400042533875
4,20260825T082827Z,flybrain,0.0,0.0,0.0,0.0,0,42,4,89,14.240000396966934,162.4000072479248
4,20260825T082827Z,flybrain,0.0,0.0,0.0,0.0,0,42,4,90,13.504000380635262,163.4880006313324
4,20260825T082827Z,flybrain,0.0,0.0,0.0,0.0,0,42,4,91,14.112000353634357,164.2879992723465
4,20260825T082827Z,flybrain,0.0,0.0,0.0,0.0,0,42,4,92,15.039999969303608,161.31199896335602
4,20260825T082827Z,flybrain,0.0,0.0,0.0,0.0,0,42,4,93,14.527999795973301,166.33599996566772
4,20260825T082827Z,flybrain,0.0,0.0,0.0,0.0,0,42,4,94,14.08000010997057,161.3759994506836
4,20260825T082827Z,flybrain,0.0,0.0,0.0,0.0,0,42,4,95,14.495999552309513,168.2559996843338
4,20260825T082827Z,flybrain,0.0,0.0,0.0,0.0,0,42,4,96,13.98400031030178,161.3440066576004
4,20260825T082827Z,flybrain,0.0,0.0,0.0,0.0,0,42,4,97,14.495999552309513,162.4000072479248
4,20260825T082827Z,flybrain,0.0,0.0,0.0,0.0,0,42,4,98,14.336000196635723,159.39199924468994
4,20260825T082827Z,flybrain,0.0,0.0,0.0,0.0,0,42,4,99,13.98400031030178,160.22400557994843
4,20260825T082827Z,flybrain,0.0,0.0,0.0,0.0,0,42,4,100,14.368000440299511,159.55199301242828
4,20260825T082827Z,flybrain,0.0,0.0,0.0,0.0,0,42,4,101,14.175999909639359,164.38399255275726
4,20260825T082827Z,flybrain,0.0,0.0,0.0,0.0,0,42,4,102,14.431999996304512,163.42400014400482
4,20260825T082827Z,flybrain,0.0,0.0,0.0,0.0,0,42,4,103,14.208000153303146,160.19199788570404
4,20260825T082827Z,flybrain,0.0,0.0,0.0,0.0,0,42,4,104,15.039999969303608,165.43999314308167
4,20260825T082827Z,flybrain,0.0,0.0,0.0,0.0,0,42,4,105,14.08000010997057,162.30399906635284
4,20260825T082827Z,flybrain,0.0,0.0,0.0,0.0,0,42,4,106,14.047999866306782,163.39200735092163
4,20260825T082827Z,flybrain,0.0,0.0,0.0,0.0,0,42,4,107,14.368000440299511,165.12000560760498
4,20260825T082827Z,flybrain,0.0,0.0,0.0,0.0,0,42,4,108,14.976000413298607,161.28000617027283
4,20260825T082827Z,flybrain,0.0,0.0,0.0,0.0,0,42,4,109,14.399999752640724,160.3199988603592
4,20260825T082827Z,flybrain,0.0,0.0,0.0,0.0,0,42,4,110,14.015999622642994,163.42400014400482
4,20260825T082827Z,flybrain,0.0,0.0,0.0,0.0,0,42,4,111,14.208000153303146,158.1439971923828
4,20260825T082827Z,flybrain,0.0,0.0,0.0,0.0,0,42,4,112,14.944000169634819,159.29600596427917
4,20260825T082827Z,flybrain,0.0,0.0,0.0,0.0,0,42,4,113,14.175999909639359,162.4000072479248
4,20260825T082827Z,flybrain,0.0,0.0,0.0,0.0,0,42,4,114,13.504000380635262,165.53600132465363
4,20260825T082827Z,flybrain,0.0,0.0,0.0,0.0,0,42,4,115,14.368000440299511,160.22400557994843
4,20260825T082827Z,flybrain,0.0,0.0,0.0,0.0,0,42,4,116,13.472000136971474,165.50399363040924
4,20260825T082827Z,flybrain,0.0,0.0,0.0,0.0,0,42,4,117,14.047999866306782,160.35200655460358
4,20260825T082827Z,flybrain,0.0,0.0,0.0,0.0,0,42,4,118,14.431999996304512,163.58399391174316
4,20260825T082827Z,flybrain,0.0,0.0,0.0,0.0,0,42,4,119,14.271999709308147,162.23999857902527
4,20260825T082827Z,flybrain,0.0,0.0,0.0,0.0,0,42,4,120,14.08000010997057,165.40800034999847
4,20260825T082827Z,flybrain,0.0,0.0,0.0,0.0,0,42,4,121,14.527999795973301,160.25599837303162
4,20260825T082827Z,flybrain,0.0,0.0,0.0,0.0,0,42,4,122,14.112000353634357,165.50399363040924
4,20260825T082827Z,flybrain,0.0,0.0,0.0,0.0,0,42,4,123,14.431999996304512,162.1440052986145
4,20260825T082827Z,flybrain,0.0,0.0,0.0,0.0,0,42,4,124,14.783999882638454,161.24799847602844
4,20260825T082827Z,flybrain,0.0,0.0,0.0,0.0,0,42,4,125,14.560000039637089,158.27199816703796
4,20260825T082827Z,flybrain,0.0,0.0,0.0,0.0,0,42,4,126,13.504000380635262,165.53600132465363
4,20260825T082827Z,flybrain,0.0,0.0,0.0,0.0,0,42,4,127,13.98400031030178,167.58400201797485
4,20260825T082827Z,flybrain,0.0,0.0,0.0,0.0,0,42,5,0,414.71999883651733,216.86400473117828
4,20260825T082827Z,flybrain,0.0,0.0,0.0,0.0,0,42,5,1,98.11200201511383,179.36000227928162
4,20260825T082827Z,flybrain,0.0,0.0,0.0,0.0,0,42,5,2,71.1359977722168,181.43999576568604
4,20260825T082827Z,flybrain,0.0,0.0,0.0,0.0,0,42,5,3,308.0959916114807,181.31199479103088
4,20260825T082827Z,flybrain,0.0,0.0,0.0,0.0,0,42,5,4,75.96799731254578,179.3919950723648
4,20260825T082827Z,flybrain,0.0,0.0,0.0,0.0,0,42,5,5,49.66399818658829,172.63999581336975
4,20260825T082827Z,flybrain,0.0,0.0,0.0,0.0,0,42,5,6,62.52799928188324,179.967999458313
4,20260825T082827Z,flybrain,0.0,0.0,0.0,0.0,0,42,5,7,61.3120011985302,177.3120015859604
4,20260825T082827Z,flybrain,0.0,0.0,0.0,0.0,0,42,5,8,51.93600058555603,179.74400520324707
4,20260825T082827Z,flybrain,0.0,0.0,0.0,0.0,0,42,5,9,59.967998415231705,178.71999740600586
4,20260825T082827Z,flybrain,0.0,0.0,0.0,0.0,0,42,5,10,63.48799914121628,182.5920045375824
4,20260825T082827Z,flybrain,0.0,0.0,0.0,0.0,0,42,5,11,54.9440011382103,177.05599963665009
4,20260825T082827Z,flybrain,0.0,0.0,0.0,0.0,0,42,5,12,60.99199876189232,178.1120002269745
4,20260825T082827Z,flybrain,0.0,0.0,0.0,0.0,0,42,5,13,56.703999638557434,179.19999361038208
4,20260825T082827Z,flybrain,0.0,0.0,0.0,0.0,0,42,5,14,64.44799900054932,179.9360066652298
4,20260825T082827Z,flybrain,0.0,0.0,0.0,0.0,0,42,5,15,57.5999990105629,175.58400332927704
4,20260825T082827Z,flybrain,0.0,0.0,0.0,0.0,0,42,5,16,60.095999389886856,177.5680035352707
4,20260825T082827Z,flybrain,0.0,0.0,0.0,0.0,0,42,5,17,56.41600117087364,175.07199943065643
4,20260825T082827Z,flybrain,0.0,0.0,0.0,0.0,0,42,5,18,66.56000018119812,173.18400740623474
4,20260825T082827Z,flybrain,0.0,0.0,0.0,0.0,0,42,5,19,13.60000018030405,178.46399545669556
4,20260825T082827Z,flybrain,0.0,0.0,0.0,0.0,0,42,5,20,53.98400127887726,178.9119988679886
4,20260825T082827Z,flybrain,0.0,0.0,0.0,0.0,0,42,5,21,55.10399863123894,179.61600422859192
4,20260825T082827Z,flybrain,0.0,0.0,0.0,0.0,0,42,5,22,58.14399942755699,175.87199807167053
4,20260825T082827Z,flybrain,0.0,0.0,0.0,0.0,0,42,5,23,62.591999769210815,179.03999984264374
4,20260825T082827Z,flybrain,0.0,0.0,0.0,0.0,0,42,5,24,51.32799968123436,178.75200510025024
4,20260825T082827Z,flybrain,0.0,0.0,0.0,0.0,0,42,5,25,57.56799876689911,177.05599963665009
4,20260825T082827Z,flybrain,0.0,0.0,0.0,0.0,0,42,5,26,57.95200169086456,181.0240000486374
4,20260825T082827Z,flybrain,0.0,0.0,0.0,0.0,0,42,5,27,54.496001452207565,177.5680035352707
4,20260825T082827Z,flybrain,0.0,0.0,0.0,0.0,0,42,5,28,49.247998744249344,177.05599963665009
4,20260825T082827Z,flybrain,0.0,0.0,0.0,0.0,0,42,5,29,52.032001316547394,176.89600586891174
4,20260825T082827Z,flybrain,0.0,0.0,0.0,0.0,0,42,5,30,65.76000154018402,176.2239933013916
4,20260825T082827Z,flybrain,0.0,0.0,0.0,0.0,0,42,5,31,60.99199876189232,177.44000256061554
4,20260825T082827Z,flybrain,0.0,0.0,0.0,0.0,0,42,5,32,52.83199995756149,174.75199699401855
4,20260825T082827Z,flybrain,0.0,0.0,0.0,0.0,0,42,5,33,61.344001442193985,177.40799486637115
4,20260825T082827Z,flybrain,0.0,0.0,0.0,0.0,0,42,5,34,70.3359991312027,180.95999956130981
4,20260825T082827Z,flybrain,0.0,0.0,0.0,0.0,0,42,5,35,49.984000623226166,179.23200130462646
4,20260825T082827Z,flybrain,0.0,0.0,0.0,0.0,0,42,5,36,56.223999708890915,181.47200345993042
4,20260825T082827Z,flybrain,0.0,0.0,0.0,0.0,0,42,5,37,50.464000552892685,175.87199807167053
4,20260825T082827Z,flybrain,0.0,0.0,0.0,0.0,0,42,5,38,61.02399900555611,177.85599827766418
4,20260825T082827Z,flybrain,0.0,0.0,0.0,0.0,0,42,5,39,48.06400090456009,173.24799299240112
4,20260825T082827Z,flybrain,0.0,0.0,0.0,0.0,0,42,5,40,67.03999638557434,180.35200238227844
4,20260825T082827Z,flybrain,0.0,0.0,0.0,0.0,0,42,5,41,55.135998874902725,177.44000256061554
4,20260825T082827Z,flybrain,0.0,0.0,0.0,0.0,0,42,5,42,63.29599767923355,178.5919964313507
4,20260825T082827Z,flybrain,0.0,0.0,0.0,0.0,0,42,5,43,55.776000022888184,179.1359931230545
4,20260825T082827Z,flybrain,0.0,0.0,0.0,0.0,0,42,5,44,52.86400020122528,177.7919977903366
4,20260825T082827Z,flybrain,0.0,0.0,0.0,0.0,0,42,5,45,56.41600117087364,182.68799781799316
4,20260825T082827Z,flybrain,0.0,0.0,0.0,0.0,0,42,5,46,55.23199960589409,178.68800461292267
4,20260825T082827Z,flybrain,0.0,0.0,0.0,0.0,0,42,5,47,60.575999319553375,179.1680008172989
4,20260825T082827Z,flybrain,0.0,0.0,0.0,0.0,0,42,5,48,58.94400179386139,177.34399437904358
4,20260825T082827Z,flybrain,0.0,0.0,0.0,0.0,0,42,5,49,61.59999966621399,179.26399409770966
4,20260825T082827Z,flybrain,0.0,0.0,0.0,0.0,0,42,5,50,63.680000603199005,177.2480010986328
4,20260825T082827Z,flybrain,0.0,0.0,0.0,0.0,0,42,5,51,61.88800185918808,181.92000687122345
4,20260825T082827Z,flybrain,0.0,0.0,0.0,0.0,0,42,5,52,55.07199838757515,179.71199750900269
4,20260825T082827Z,flybrain,0.0,0.0,0.0,0.0,0,42,5,53,58.30400064587593,179.80800569057465
4,20260825T082827Z,flybrain,0.0,0.0,0.0,0.0,0,42,5,54,65.05600363016129,176.4799952507019
4,20260825T082827Z,flybrain,0.0,0.0,0.0,0.0,0,42,5,55,63.551999628543854,185.66399812698364
4,20260825T082827Z,flybrain,0.0,0.0,0.0,0.0,0,42,5,56,56.19199946522713,176.28799378871918
4,20260825T082827Z,flybrain,0.0,0.0,0.0,0.0,0,42,5,57,64.70400094985962,176.89600586891174
4,20260825T082827Z,flybrain,0.0,0.0,0.0,0.0,0,42,5,58,64.19199705123901,176.28799378871918
4,20260825T082827Z,flybrain,0.0,0.0,0.0,0.0,0,42,5,59,56.44800141453743,174.97600615024567
4,20260825T082827Z,flybrain,0.0,0.0,0.0,0.0,0,42,5,60,62.78400123119354,178.1120002269745
4,20260825T082827Z,flybrain,0.0,0.0,0.0,0.0,0,42,5,61,61.95199862122536,178.17600071430206
4,20260825T082827Z,flybrain,0.0,0.0,0.0,0.0,0,42,5,62,59.87200140953064,179.45599555969238
4,20260825T082827Z,flybrain,0.0,0.0,0.0,0.0,0,42,5,63,51.29599943757057,176.54399573802948
4,20260825T082827Z,flybrain,0.0,0.0,0.0,0.0,0,42,5,64,56.57599866390228,178.97599935531616
4,20260825T082827Z,flybrain,0.0,0.0,0.0,0.0,0,42,5,65,55.84000051021576,175.77600479125977
4,20260825T082827Z,flybrain,0.0,0.0,0.0,0.0,0,42,5,66,66.81600213050842,175.3920018672943
4,20260825T082827Z,flybrain,0.0,0.0,0.0,0.0,0,42,5,67,58.17599967122078,183.61599743366241
4,20260825T082827Z,flybrain,0.0,0.0,0.0,0.0,0,42,5,68,53.47200110554695,178.1120002269745
4,20260825T082827Z,flybrain,0.0,0.0,0.0,0.0,0,42,5,69,62.3680017888546,175.77600479125977
4,20260825T082827Z,flybrain,0.0,0.0,0.0,0.0,0,42,5,70,37.53599897027016,170.49600183963776
4,20260825T082827Z,flybrain,0.0,0.0,0.0,0.0,0,42,5,71,13.504000380635262,162.78399527072906
4,20260825T082827Z,flybrain,0.0,0.0,0.0,0.0,0,42,5,72,14.431999996304512,165.66400229930878
4,20260825T082827Z,flybrain,0.0,0.0,0.0,0.0,0,42,5,73,13.439999893307686,168.70400309562683
4,20260825T082827Z,flybrain,0.0,0.0,0.0,0.0,0,42,5,74,27.327999472618103,181.0240000486374
4,20260825T082827Z,flybrain,0.0,0.0,0.0,0.0,0,42,5,75,59.55199897289276,175.10400712490082
4,20260825T082827Z,flybrain,0.0,0.0,0.0,0.0,0,42,5,76,66.30399823188782,175.20000040531158
4,20260825T082827Z,flybrain,0.0,0.0,0.0,0.0,0,42,5,77,66.49599969387054,178.6240041255951
4,20260825T082827Z,flybrain,0.0,0.0,0.0,0.0,0,42,5,78,58.43200162053108,178.46399545669556
4,20260825T082827Z,flybrain,0.0,0.0,0.0,0.0,0,42,5,79,52.319999784231186,176.256000995636
4,20260825T082827Z,flybrain,0.0,0.0,0.0,0.0,0,42,5,80,48.31999912858009,179.9039989709854
4,20260825T082827Z,flybrain,0.0,0.0,0.0,0.0,0,42,5,81,46.751998364925385,178.9119988679886
4,20260825T082827Z,flybrain,0.0,0.0,0.0,0.0,0,42,5,82,63.1679967045784,175.20000040531158
4,20260825T082827Z,flybrain,0.0,0.0,0.0,0.0,0,42,5,83,64.7360011935234,176.32000148296356
4,20260825T082827Z,flybrain,0.0,0.0,0.0,0.0,0,42,5,84,56.992001831531525,180.7360053062439
4,20260825T082827Z,flybrain,0.0,0.0,0.0,0.0,0,42,5,85,52.70399898290634,174.78400468826294
4,20260825T082827Z,flybrain,0.0,0.0,0.0,0.0,0,42,5,86,68.4799998998642,181.66400492191315
4,20260825T082827Z,flybrain,0.0,0.0,0.0,0.0,0,42,5,87,53.69599908590317,177.21599340438843
4,20260825T082827Z,flybrain,0.0,0.0,0.0,0.0,0,42,5,88,59.58399921655655,174.5920032262802
4,20260825T082827Z,flybrain,0.0,0.0,0.0,0.0,0,42,5,89,59.4559982419014,178.0479997396469
4,20260825T082827Z,flybrain,0.0,0.0,0.0,0.0,0,42,5,90,64.35199826955795,178.8800060749054
4,20260825T082827Z,flybrain,0.0,0.0,0.0,0.0,0,42,5,91,52.99200117588043,181.66400492191315
4,20260825T082827Z,flybrain,0.0,0.0,0.0,0.0,0,42,5,92,49.34399947524071,176.1920005083084
4,20260825T082827Z,flybrain,0.0,0.0,0.0,0.0,0,42,5,93,60.06399914622307,182.68799781799316
4,20260825T082827Z,flybrain,0.0,0.0,0.0,0.0,0,42,5,94,45.343998819589615,177.98399925231934
4,20260825T082827Z,flybrain,0.0,0.0,0.0,0.0,0,42,5,95,62.39999830722809,184.00000035762787
4,20260825T082827Z,flybrain,0.0,0.0,0.0,0.0,0,42,5,96,53.82400006055832,178.1120002269745
4,20260825T082827Z,flybrain,0.0,0.0,0.0,0.0,0,42,5,97,54.016001522541046,178.30400168895721
4,20260825T082827Z,flybrain,0.0,0.0,0.0,0.0,0,42,5,98,60.99199876189232,174.43199455738068
4,20260825T082827Z,flybrain,0.0,0.0,0.0,0.0,0,42,5,99,61.88800185918808,177.05599963665009
4,20260825T082827Z,flybrain,0.0,0.0,0.0,0.0,0,42,5,100,60.03199890255928,175.26400089263916
4,20260825T082827Z,flybrain,0.0,0.0,0.0,0.0,0,42,5,101,63.040003180503845,178.68800461292267
4,20260825T082827Z,flybrain,0.0,0.0,0.0,0.0,0,42,5,102,64.70400094985962,179.26399409770966
4,20260825T082827Z,flybrain,0.0,0.0,0.0,0.0,0,42,5,103,59.808000922203064,174.55999553203583
4,20260825T082827Z,flybrain,0.0,0.0,0.0,0.0,0,42,5,104,60.83200126886368,180.80000579357147
4,20260825T082827Z,flybrain,0.0,0.0,0.0,0.0,0,42,5,105,55.00800162553787,176.9919991493225
4,20260825T082827Z,flybrain,0.0,0.0,0.0,0.0,0,42,5,106,66.0799965262413,178.24000120162964
4,20260825T082827Z,flybrain,0.0,0.0,0.0,0.0,0,42,5,107,58.240000158548355,181.72800540924072
4,20260825T082827Z,flybrain,0.0,0.0,0.0,0.0,0,42,5,108,56.03199824690819,179.1680008172989
4,20260825T082827Z,flybrain,0.0,0.0,0.0,0.0,0,42,5,109,61.11999973654747,174.40000176429749
4,20260825T082827Z,flybrain,0.0,0.0,0.0,0.0,0,42,5,110,67.03999638557434,178.6240041255951
4,20260825T082827Z,flybrain,0.0,0.0,0.0,0.0,0,42,5,111,58.43200162053108,173.98400604724884
4,20260825T082827Z,flybrain,0.0,0.0,0.0,0.0,0,42,5,112,66.04799628257751,175.07199943065643
4,20260825T082827Z,flybrain,0.0,0.0,0.0,0.0,0,42,5,113,64.35199826955795,178.5919964313507
4,20260825T082827Z,flybrain,0.0,0.0,0.0,0.0,0,42,5,114,19.967999309301376,177.279993891716
4,20260825T082827Z,flybrain,0.0,0.0,0.0,0.0,0,42,5,115,52.38400027155876,173.50399494171143
4,20260825T082827Z,flybrain,0.0,0.0,0.0,0.0,0,42,5,116,67.16799736022949,181.2479943037033
4,20260825T082827Z,flybrain,0.0,0.0,0.0,0.0,0,42,5,117,64.19199705123901,177.08800733089447
4,20260825T082827Z,flybrain,0.0,0.0,0.0,0.0,0,42,5,118,60.83200126886368,179.32799458503723
4,20260825T082827Z,flybrain,0.0,0.0,0.0,0.0,0,42,5,119,56.12799897789955,176.7359972000122
4,20260825T082827Z,flybrain,0.0,0.0,0.0,0.0,0,42,5,120,61.184000223875046,181.2479943037033
4,20260825T082827Z,flybrain,0.0,0.0,0.0,0.0,0,42,5,121,61.11999973654747,176.5120029449463
4,20260825T082827Z,flybrain,0.0,0.0,0.0,0.0,0,42,5,122,61.85600161552429,182.559996843338
4,20260825T082827Z,flybrain,0.0,0.0,0.0,0.0,0,42,5,123,55.67999929189682,177.7919977903366
4,20260825T082827Z,flybrain,0.0,0.0,0.0,0.0,0,42,5,124,57.312000542879105,175.77600479125977
4,20260825T082827Z,flybrain,0.0,0.0,0.0,0.0,0,42,5,125,59.26400050520897,172.31999337673187
4,20260825T082827Z,flybrain,0.0,0.0,0.0,0.0,0,42,5,126,68.96000355482101,185.69600582122803
4,20260825T082827Z,flybrain,0.0,0.0,0.0,0.0,0,42,5,127,54.55999821424484,184.4159960746765
4,20260825T082827Z,flybrain,0.0,0.0,0.0,0.0,0,42,6,0,236.83199286460876,192.54399836063385
4,20260825T082827Z,flybrain,0.0,0.0,0.0,0.0,0,42,6,1,14.495999552309513,163.64799439907074
4,20260825T082827Z,flybrain,0.0,0.0,0.0,0.0,0,42,6,2,14.560000039637089,162.81600296497345
4,20260825T082827Z,flybrain,0.0,0.0,0.0,0.0,0,42,6,3,14.336000196635723,160.44799983501434
4,20260825T082827Z,flybrain,0.0,0.0,0.0,0.0,0,42,6,4,13.824000023305416,162.78399527072906
4,20260825T082827Z,flybrain,0.0,0.0,0.0,0.0,0,42,6,5,14.399999752640724,158.62399339675903
4,20260825T082827Z,flybrain,0.0,0.0,0.0,0.0,0,42,6,6,13.439999893307686,165.53600132465363
4,20260825T082827Z,flybrain,0.0,0.0,0.0,0.0,0,42,6,7,14.4640002399683,160.89600324630737
4,20260825T082827Z,flybrain,0.0,0.0,0.0,0.0,0,42,6,8,13.472000136971474,164.86400365829468
4,20260825T082827Z,flybrain,0.0,0.0,0.0,0.0,0,42,6,9,13.567999936640263,163.16799819469452
4,20260825T082827Z,flybrain,0.0,0.0,0.0,0.0,0,42,6,10,13.663999736309052,166.78400337696075
4,20260825T082827Z,flybrain,0.0,0.0,0.0,0.0,0,42,6,11,13.919999822974205,162.52799332141876
4,20260825T082827Z,flybrain,0.0,0.0,0.0,0.0,0,42,6,12,14.112000353634357,163.455992937088
4,20260825T082827Z,flybrain,0.0,0.0,0.0,0.0,0,42,6,13,13.919999822974205,162.75200247764587
4,20260825T082827Z,flybrain,0.0,0.0,0.0,0.0,0,42,6,14,14.112000353634357,164.48000073432922
4,20260825T082827Z,flybrain,0.0,0.0,0.0,0.0,0,42,6,15,14.399999752640724,161.56800091266632
4,20260825T082827Z,flybrain,0.0,0.0,0.0,0.0,0,42,6,16,14.271999709308147,160.0320041179657
4,20260825T082827Z,flybrain,0.0,0.0,0.0,0.0,0,42,6,17,14.368000440299511,161.53599321842194
4,20260825T082827Z,flybrain,0.0,0.0,0.0,0.0,0,42,6,18,14.240000396966934,166.52800142765045
4,20260825T082827Z,flybrain,0.0,0.0,0.0,0.0,0,42,6,19,13.504000380635262,163.29599916934967
4,20260825T082827Z,flybrain,0.0,0.0,0.0,0.0,0,42,6,20,14.240000396966934,162.30399906635284
4,20260825T082827Z,flybrain,0.0,0.0,0.0,0.0,0,42,6,21,14.879999682307243,165.53600132465363
4,20260825T082827Z,flybrain,0.0,0.0,0.0,0.0,0,42,6,22,14.175999909639359,162.4000072479248
4,20260825T082827Z,flybrain,0.0,0.0,0.0,0.0,0,42,6,23,14.368000440299511,163.68000209331512
4,20260825T082827Z,flybrain,0.0,0.0,0.0,0.0,0,42,6,24,14.240000396966934,162.33600676059723
4,20260825T082827Z,flybrain,0.0,0.0,0.0,0.0,0,42,6,25,14.175999909639359,163.29599916934967
4,20260825T082827Z,flybrain,0.0,0.0,0.0,0.0,0,42,6,26,14.560000039637089,164.44799304008484
4,20260825T082827Z,flybrain,0.0,0.0,0.0,0.0,0,42,6,27,14.08000010997057,161.24799847602844
4,20260825T082827Z,flybrain,0.0,0.0,0.0,0.0,0,42,6,28,14.4640002399683,164.48000073432922
4,20260825T082827Z,flybrain,0.0,0.0,0.0,0.0,0,42,6,29,13.439999893307686,161.43999993801117
4,20260825T082827Z,flybrain,0.0,0.0,0.0,0.0,0,42,6,30,14.175999909639359,160.288006067276
4,20260825T082827Z,flybrain,0.0,0.0,0.0,0.0,0,42,6,31,14.431999996304512,161.40800714492798
4,20260825T082827Z,flybrain,0.0,0.0,0.0,0.0,0,42,6,32,14.175999909639359,161.1199975013733
4,20260825T082827Z,flybrain,0.0,0.0,0.0,0.0,0,42,6,33,14.271999709308147,161.3759994506836
4,20260825T082827Z,flybrain,0.0,0.0,0.0,0.0,0,42,6,34,14.240000396966934,164.51199352741241
4,20260825T082827Z,flybrain,0.0,0.0,0.0,0.0,0,42,6,35,14.399999752640724,161.40800714492798
4,20260825T082827Z,flybrain,0.0,0.0,0.0,0.0,0,42,6,36,14.495999552309513,166.49599373340607
4,20260825T082827Z,flybrain,0.0,0.0,0.0,0.0,0,42,6,37,14.14399966597557,161.43999993801117
4,20260825T082827Z,flybrain,0.0,0.0,0.0,0.0,0,42,6,38,14.368000440299511,162.30399906635284
4,20260825T082827Z,flybrain,0.0,0.0,0.0,0.0,0,42,6,39,14.399999752640724,159.36000645160675
4,20260825T082827Z,flybrain,0.0,0.0,0.0,0.0,0,42,6,40,14.368000440299511,164.48000073432922
4,20260825T082827Z,flybrain,0.0,0.0,0.0,0.0,0,42,6,41,15.072000212967396,163.39200735092163
4,20260825T082827Z,flybrain,0.0,0.0,0.0,0.0,0,42,6,42,14.208000153303146,162.4000072479248
4,20260825T082827Z,flybrain,0.0,0.0,0.0,0.0,0,42,6,43,14.047999866306782,163.35999965667725
4,20260825T082827Z,flybrain,0.0,0.0,0.0,0.0,0,42,6,44,14.303999952971935,162.20800578594208
4,20260825T082827Z,flybrain,0.0,0.0,0.0,0.0,0,42,6,45,13.439999893307686,167.55199432373047
4,20260825T082827Z,flybrain,0.0,0.0,0.0,0.0,0,42,6,46,14.112000353634357,162.49600052833557
4,20260825T082827Z,flybrain,0.0,0.0,0.0,0.0,0,42,6,47,14.015999622642994,161.43999993801117
4,20260825T082827Z,flybrain,0.0,0.0,0.0,0.0,0,42,6,48,14.175999909639359,162.432000041008
4,20260825T082827Z,flybrain,0.0,0.0,0.0,0.0,0,42,6,49,14.112000353634357,163.35999965667725
4,20260825T082827Z,flybrain,0.0,0.0,0.0,0.0,0,42,6,50,14.688000082969666,162.23999857902527
4,20260825T082827Z,flybrain,0.0,0.0,0.0,0.0,0,42,6,51,14.431999996304512,165.6319946050644
4,20260825T082827Z,flybrain,0.0,0.0,0.0,0.0,0,42,6,52,14.14399966597557,164.51199352741241
4,20260825T082827Z,flybrain,0.0,0.0,0.0,0.0,0,42,6,53,14.399999752640724,163.4880006313324
4,20260825T082827Z,flybrain,0.0,0.0,0.0,0.0,0,42,6,54,14.240000396966934,160.99199652671814
4,20260825T082827Z,flybrain,0.0,0.0,0.0,0.0,0,42,6,55,14.399999752640724,169.63200271129608
4,20260825T082827Z,flybrain,0.0,0.0,0.0,0.0,0,42,6,56,14.271999709308147,160.25599837303162
4,20260825T082827Z,flybrain,0.0,0.0,0.0,0.0,0,42,6,57,15.039999969303608,161.18399798870087
4,20260825T082827Z,flybrain,0.0,0.0,0.0,0.0,0,42,6,58,14.4640002399683,160.35200655460358
4,20260825T082827Z,flybrain,0.0,0.0,0.0,0.0,0,42,6,59,14.112000353634357,160.44799983501434
4,20260825T082827Z,flybrain,0.0,0.0,0.0,0.0,0,42,6,60,14.303999952971935,160.3199988603592
4,20260825T082827Z,flybrain,0.0,0.0,0.0,0.0,0,42,6,61,15.168000012636185,161.0880047082901
4,20260825T082827Z,flybrain,0.0,0.0,0.0,0.0,0,42,6,62,14.527999795973301,164.48000073432922
4,20260825T082827Z,flybrain,0.0,0.0,0.0,0.0,0,42,6,63,14.368000440299511,161.47199273109436
4,20260825T082827Z,flybrain,0.0,0.0,0.0,0.0,0,42,6,64,14.271999709308147,164.48000073432922
4,20260825T082827Z,flybrain,0.0,0.0,0.0,0.0,0,42,6,65,14.14399966597557,161.21600568294525
4,20260825T082827Z,flybrain,0.0,0.0,0.0,0.0,0,42,6,66,14.208000153303146,160.44799983501434
4,20260825T082827Z,flybrain,0.0,0.0,0.0,0.0,0,42,6,67,13.439999893307686,165.53600132465363
4,20260825T082827Z,flybrain,0.0,0.0,0.0,0.0,0,42,6,68,14.303999952971935,162.33600676059723
4,20260825T082827Z,flybrain,0.0,0.0,0.0,0.0,0,42,6,69,14.14399966597557,161.28000617027283
4,20260825T082827Z,flybrain,0.0,0.0,0.0,0.0,0,42,6,70,14.175999909639359,160.38399934768677
4,20260825T082827Z,flybrain,0.0,0.0,0.0,0.0,0,42,6,71,15.039999969303608,163.42400014400482
4,20260825T082827Z,flybrain,0.0,0.0,0.0,0.0,0,42,6,72,14.08000010997057,162.4000072479248
4,20260825T082827Z,flybrain,0.0,0.0,0.0,0.0,0,42,6,73,15.00799972563982,169.53599452972412
4,20260825T082827Z,flybrain,0.0,0.0,0.0,0.0,0,42,6,74,14.112000353634357,164.38399255275726
4,20260825T082827Z,flybrain,0.0,0.0,0.0,0.0,0,42,6,75,13.472000136971474,161.40800714492798
4,20260825T082827Z,flybrain,0.0,0.0,0.0,0.0,0,42,6,76,14.303999952971935,160.25599837303162
4,20260825T082827Z,flybrain,0.0,0.0,0.0,0.0,0,42,6,77,14.368000440299511,163.5199934244156
4,20260825T082827Z,flybrain,0.0,0.0,0.0,0.0,0,42,6,78,14.112000353634357,162.432000041008
4,20260825T082827Z,flybrain,0.0,0.0,0.0,0.0,0,42,6,79,15.00799972563982,163.42400014400482
4,20260825T082827Z,flybrain,0.0,0.0,0.0,0.0,0,42,6,80,14.4640002399683,164.5440012216568
4,20260825T082827Z,flybrain,0.0,0.0,0.0,0.0,0,42,6,81,14.08000010997057,163.39200735092163
4,20260825T082827Z,flybrain,0.0,0.0,0.0,0.0,0,42,6,82,14.303999952971935,158.27199816703796
4,20260825T082827Z,flybrain,0.0,0.0,0.0,0.0,0,42,6,83,14.976000413298607,162.30399906635284
4,20260825T082827Z,flybrain,0.0,0.0,0.0,0.0,0,42,6,84,14.271999709308147,165.02399742603302
4,20260825T082827Z,flybrain,0.0,0.0,0.0,0.0,0,42,6,85,14.271999709308147,157.31200575828552
4,20260825T082827Z,flybrain,0.0,0.0,0.0,0.0,0,42,6,86,14.240000396966934,166.49599373340607
4,20260825T082827Z,flybrain,0.0,0.0,0.0,0.0,0,42,6,87,14.303999952971935,159.5200002193451
4,20260825T082827Z,flybrain,0.0,0.0,0.0,0.0,0,42,6,88,14.015999622642994,160.38399934768677
4,20260825T082827Z,flybrain,0.0,0.0,0.0,0.0,0,42,6,89,14.303999952971935,161.18399798870087
4,20260825T082827Z,flybrain,0.0,0.0,0.0,0.0,0,42,6,90,14.431999996304512,162.81600296497345
4,20260825T082827Z,flybrain,0.0,0.0,0.0,0.0,0,42,6,91,14.944000169634819,163.39200735092163
4,20260825T082827Z,flybrain,0.0,0.0,0.0,0.0,0,42,6,92,14.271999709308147,160.3199988603592
4,20260825T082827Z,flybrain,0.0,0.0,0.0,0.0,0,42,6,93,14.944000169634819,167.52000153064728
4,20260825T082827Z,flybrain,0.0,0.0,0.0,0.0,0,42,6,94,14.368000440299511,161.40800714492798
4,20260825T082827Z,flybrain,0.0,0.0,0.0,0.0,0,42,6,95,14.08000010997057,167.4879938364029
4,20260825T082827Z,flybrain,0.0,0.0,0.0,0.0,0,42,6,96,14.14399966597557,160.47999262809753
4,20260825T082827Z,flybrain,0.0,0.0,0.0,0.0,0,42,6,97,14.399999752640724,163.42400014400482
4,20260825T082827Z,flybrain,0.0,0.0,0.0,0.0,0,42,6,98,13.952000066637993,158.30400586128235
4,20260825T082827Z,flybrain,0.0,0.0,0.0,0.0,0,42,6,99,14.303999952971935,159.2639982700348
4,20260825T082827Z,flybrain,0.0,0.0,0.0,0.0,0,42,6,100,14.399999752640724,158.81599485874176
4,20260825T082827Z,flybrain,0.0,0.0,0.0,0.0,0,42,6,101,15.00799972563982,163.5199934244156
4,20260825T082827Z,flybrain,0.0,0.0,0.0,0.0,0,42,6,102,14.240000396966934,162.432000041008
4,20260825T082827Z,flybrain,0.0,0.0,0.0,0.0,0,42,6,103,14.911999925971031,161.43999993801117
4,20260825T082827Z,flybrain,0.0,0.0,0.0,0.0,0,42,6,104,14.495999552309513,164.22399878501892
4,20260825T082827Z,flybrain,0.0,0.0,0.0,0.0,0,42,6,105,15.00799972563982,163.29599916934967
4,20260825T082827Z,flybrain,0.0,0.0,0.0,0.0,0,42,6,106,14.303999952971935,162.23999857902527
4,20260825T082827Z,flybrain,0.0,0.0,0.0,0.0,0,42,6,107,15.00799972563982,165.43999314308167
4,20260825T082827Z,flybrain,0.0,0.0,0.0,0.0,0,42,6,108,14.4640002399683,162.4000072479248
4,20260825T082827Z,flybrain,0.0,0.0,0.0,0.0,0,42,6,109,13.98400031030178,159.19999778270721
4,20260825T082827Z,flybrain,0.0,0.0,0.0,0.0,0,42,6,110,14.495999552309513,162.4000072479248
4,20260825T082827Z,flybrain,0.0,0.0,0.0,0.0,0,42,6,111,14.399999752640724,159.39199924468994
4,20260825T082827Z,flybrain,0.0,0.0,0.0,0.0,0,42,6,112,14.240000396966934,158.1439971923828
4,20260825T082827Z,flybrain,0.0,0.0,0.0,0.0,0,42,6,113,14.08000010997057,163.35999965667725
4,20260825T082827Z,flybrain,0.0,0.0,0.0,0.0,0,42,6,114,14.560000039637089,166.4319932460785
4,20260825T082827Z,flybrain,0.0,0.0,0.0,0.0,0,42,6,115,13.472000136971474,159.07199680805206
4,20260825T082827Z,flybrain,0.0,0.0,0.0,0.0,0,42,6,116,14.431999996304512,165.24800658226013
4,20260825T082827Z,flybrain,0.0,0.0,0.0,0.0,0,42,6,117,14.303999952971935,161.40800714492798
4,20260825T082827Z,flybrain,0.0,0.0,0.0,0.0,0,42,6,118,14.399999752640724,162.4000072479248
4,20260825T082827Z,flybrain,0.0,0.0,0.0,0.0,0,42,6,119,13.98400031030178,163.42400014400482
4,20260825T082827Z,flybrain,0.0,0.0,0.0,0.0,0,42,6,120,14.368000440299511,164.44799304008484
4,20260825T082827Z,flybrain,0.0,0.0,0.0,0.0,0,42,6,121,14.399999752640724,161.24799847602844
4,20260825T082827Z,flybrain,0.0,0.0,0.0,0.0,0,42,6,122,14.4640002399683,164.48000073432922
4,20260825T082827Z,flybrain,0.0,0.0,0.0,0.0,0,42,6,123,13.504000380635262,163.35999965667725
4,20260825T082827Z,flybrain,0.0,0.0,0.0,0.0,0,42,6,124,14.208000153303146,160.19199788570404
4,20260825T082827Z,flybrain,0.0,0.0,0.0,0.0,0,42,6,125,13.439999893307686,159.39199924468994
4,20260825T082827Z,flybrain,0.0,0.0,0.0,0.0,0,42,6,126,13.728000223636627,167.58400201797485
4,20260825T082827Z,flybrain,0.0,0.0,0.0,0.0,0,42,6,127,13.952000066637993,167.58400201797485
4,20260825T082827Z,flybrain,0.0,0.0,0.0,0.0,0,42,7,0,268.44799518585205,200.44800639152527
4,20260825T082827Z,flybrain,0.0,0.0,0.0,0.0,0,42,7,1,13.439999893307686,161.72799468040466
4,20260825T082827Z,flybrain,0.0,0.0,0.0,0.0,0,42,7,2,13.504000380635262,162.78399527072906
4,20260825T082827Z,flybrain,0.0,0.0,0.0,0.0,0,42,7,3,14.368000440299511,160.76800227165222
4,20260825T082827Z,flybrain,0.0,0.0,0.0,0.0,0,42,7,4,13.504000380635262,164.76799547672272
4,20260825T082827Z,flybrain,0.0,0.0,0.0,0.0,0,42,7,5,13.75999953597784,158.49600732326508
4,20260825T082827Z,flybrain,0.0,0.0,0.0,0.0,0,42,7,6,14.240000396966934,164.70399498939514
4,20260825T082827Z,flybrain,0.0,0.0,0.0,0.0,0,42,7,7,13.504000380635262,160.5439931154251
4,20260825T082827Z,flybrain,0.0,0.0,0.0,0.0,0,42,7,8,13.535999692976475,164.8000031709671
4,20260825T082827Z,flybrain,0.0,0.0,0.0,0.0,0,42,7,9,14.336000196635723,162.6559942960739
4,20260825T082827Z,flybrain,0.0,0.0,0.0,0.0,0,42,7,10,14.368000440299511,166.9439971446991
4,20260825T082827Z,flybrain,0.0,0.0,0.0,0.0,0,42,7,11,13.98400031030178,160.41600704193115
4,20260825T082827Z,flybrain,0.0,0.0,0.0,0.0,0,42,7,12,13.663999736309052,164.51199352741241
4,20260825T082827Z,flybrain,0.0,0.0,0.0,0.0,0,42,7,13,14.495999552309513,162.23999857902527
4,20260825T082827Z,flybrain,0.0,0.0,0.0,0.0,0,42,7,14,14.14399966597557,163.58399391174316
4,20260825T082827Z,flybrain,0.0,0.0,0.0,0.0,0,42,7,15,14.303999952971935,160.5439931154251
4,20260825T082827Z,flybrain,0.0,0.0,0.0,0.0,0,42,7,16,14.944000169634819,161.43999993801117
4,20260825T082827Z,flybrain,0.0,0.0,0.0,0.0,0,42,7,17,14.271999709308147,160.44799983501434
4,20260825T082827Z,flybrain,0.0,0.0,0.0,0.0,0,42,7,18,14.015999622642994,165.53600132465363
4,20260825T082827Z,flybrain,0.0,0.0,0.0,0.0,0,42,7,19,14.399999752640724,164.32000696659088
4,20260825T082827Z,flybrain,0.0,0.0,0.0,0.0,0,42,7,20,14.399999752640724,163.35999965667725
4,20260825T082827Z,flybrain,0.0,0.0,0.0,0.0,0,42,7,21,14.208000153303146,164.48000073432922
4,20260825T082827Z,flybrain,0.0,0.0,0.0,0.0,0,42,7,22,13.504000380635262,161.53599321842194
4,20260825T082827Z,flybrain,0.0,0.0,0.0,0.0,0,42,7,23,14.303999952971935,162.01600432395935
4,20260825T082827Z,flybrain,0.0,0.0,0.0,0.0,0,42,7,24,14.368000440299511,162.49600052833557
4,20260825T082827Z,flybrain,0.0,0.0,0.0,0.0,0,42,7,25,14.271999709308147,162.20800578594208
4,20260825T082827Z,flybrain,0.0,0.0,0.0,0.0,0,42,7,26,14.783999882638454,163.35999965667725
4,20260825T082827Z,flybrain,0.0,0.0,0.0,0.0,0,42,7,27,14.303999952971935,162.23999857902527
4,20260825T082827Z,flybrain,0.0,0.0,0.0,0.0,0,42,7,28,14.047999866306782,163.39200735092163
4,20260825T082827Z,flybrain,0.0,0.0,0.0,0.0,0,42,7,29,14.4640002399683,160.41600704193115
4,20260825T082827Z,flybrain,0.0,0.0,0.0,0.0,0,42,7,30,15.072000212967396,159.19999778270721
4,20260825T082827Z,flybrain,0.0,0.0,0.0,0.0,0,42,7,31,14.527999795973301,160.25599837303162
4,20260825T082827Z,flybrain,0.0,0.0,0.0,0.0,0,42,7,32,14.271999709308147,159.4880074262619
4,20260825T082827Z,flybrain,0.0,0.0,0.0,0.0,0,42,7,33,14.112000353634357,160.38399934768677
4,20260825T082827Z,flybrain,0.0,0.0,0.0,0.0,0,42,7,34,13.952000066637993,165.53600132465363
4,20260825T082827Z,flybrain,0.0,0.0,0.0,0.0,0,42,7,35,14.208000153303146,160.12799739837646
4,20260825T082827Z,flybrain,0.0,0.0,0.0,0.0,0,42,7,36,14.047999866306782,167.35999286174774
4,20260825T082827Z,flybrain,0.0,0.0,0.0,0.0,0,42,7,37,14.431999996304512,160.35200655460358
4,20260825T082827Z,flybrain,0.0,0.0,0.0,0.0,0,42,7,38,14.08000010997057,163.35999965667725
4,20260825T082827Z,flybrain,0.0,0.0,0.0,0.0,0,42,7,39,14.208000153303146,160.25599837303162
4,20260825T082827Z,flybrain,0.0,0.0,0.0,0.0,0,42,7,40,14.047999866306782,165.43999314308167
4,20260825T082827Z,flybrain,0.0,0.0,0.0,0.0,0,42,7,41,14.368000440299511,162.52799332141876
4,20260825T082827Z,flybrain,0.0,0.0,0.0,0.0,0,42,7,42,13.472000136971474,163.58399391174316
4,20260825T082827Z,flybrain,0.0,0.0,0.0,0.0,0,42,7,43,14.14399966597557,164.32000696659088
4,20260825T082827Z,flybrain,0.0,0.0,0.0,0.0,0,42,7,44,13.504000380635262,161.31199896335602
4,20260825T082827Z,flybrain,0.0,0.0,0.0,0.0,0,42,7,45,14.4640002399683,167.00799763202667
4,20260825T082827Z,flybrain,0.0,0.0,0.0,0.0,0,42,7,46,14.303999952971935,163.32800686359406
4,20260825T082827Z,flybrain,0.0,0.0,0.0,0.0,0,42,7,47,14.368000440299511,160.16000509262085
4,20260825T082827Z,flybrain,0.0,0.0,0.0,0.0,0,42,7,48,14.08000010997057,162.30399906635284
4,20260825T082827Z,flybrain,0.0,0.0,0.0,0.0,0,42,7,49,14.015999622642994,162.4000072479248
4,20260825T082827Z,flybrain,0.0,0.0,0.0,0.0,0,42,7,50,14.112000353634357,161.31199896335602
4,20260825T082827Z,flybrain,0.0,0.0,0.0,0.0,0,42,7,51,14.303999952971935,166.24000668525696
4,20260825T082827Z,flybrain,0.0,0.0,0.0,0.0,0,42,7,52,14.112000353634357,165.40800034999847
4,20260825T082827Z,flybrain,0.0,0.0,0.0,0.0,0,42,7,53,14.495999552309513,163.03999722003937
4,20260825T082827Z,flybrain,0.0,0.0,0.0,0.0,0,42,7,54,15.072000212967396,161.28000617027283
4,20260825T082827Z,flybrain,0.0,0.0,0.0,0.0,0,42,7,55,14.560000039637089,168.32000017166138
4,20260825T082827Z,flybrain,0.0,0.0,0.0,0.0,0,42,7,56,14.399999752640724,161.31199896335602
4,20260825T082827Z,flybrain,0.0,0.0,0.0,0.0,0,42,7,57,14.560000039637089,160.35200655460358
4,20260825T082827Z,flybrain,0.0,0.0,0.0,0.0,0,42,7,58,14.431999996304512,161.40800714492798
4,20260825T082827Z,flybrain,0.0,0.0,0.0,0.0,0,42,7,59,14.240000396966934,159.19999778270721
4,20260825T082827Z,flybrain,0.0,0.0,0.0,0.0,0,42,7,60,14.399999752640724,161.31199896335602
4,20260825T082827Z,flybrain,0.0,0.0,0.0,0.0,0,42,7,61,14.431999996304512,162.27200627326965
4,20260825T082827Z,flybrain,0.0,0.0,0.0,0.0,0,42,7,62,13.439999893307686,165.40800034999847
4,20260825T082827Z,flybrain,0.0,0.0,0.0,0.0,0,42,7,63,14.14399966597557,162.23999857902527
4,20260825T082827Z,flybrain,0.0,0.0,0.0,0.0,0,42,7,64,14.911999925971031,165.3759926557541
4,20260825T082827Z,flybrain,0.0,0.0,0.0,0.0,0,42,7,65,14.240000396966934,160.38399934768677
4,20260825T082827Z,flybrain,0.0,0.0,0.0,0.0,0,42,7,66,14.015999622642994,161.40800714492798
4,20260825T082827Z,flybrain,0.0,0.0,0.0,0.0,0,42,7,67,14.336000196635723,164.60800170898438
4,20260825T082827Z,flybrain,0.0,0.0,0.0,0.0,0,42,7,68,13.504000380635262,163.39200735092163
4,20260825T082827Z,flybrain,0.0,0.0,0.0,0.0,0,42,7,69,14.303999952971935,160.38399934768677
4,20260825T082827Z,flybrain,0.0,0.0,0.0,0.0,0,42,7,70,13.504000380635262,161.50400042533875
4,20260825T082827Z,flybrain,0.0,0.0,0.0,0.0,0,42,7,71,14.240000396966934,163.13600540161133
4,20260825T082827Z,flybrain,0.0,0.0,0.0,0.0,0,42,7,72,13.472000136971474,163.4880006313324
4,20260825T082827Z,flybrain,0.0,0.0,0.0,0.0,0,42,7,73,14.14399966597557,168.47999393939972
4,20260825T082827Z,flybrain,0.0,0.0,0.0,0.0,0,42,7,74,13.472000136971474,165.53600132465363
4,20260825T082827Z,flybrain,0.0,0.0,0.0,0.0,0,42,7,75,14.271999709308147,160.19199788570404
4,20260825T082827Z,flybrain,0.0,0.0,0.0,0.0,0,42,7,76,15.168000012636185,159.16800498962402
4,20260825T082827Z,flybrain,0.0,0.0,0.0,0.0,0,42,7,77,14.399999752640724,162.23999857902527
4,20260825T082827Z,flybrain,0.0,0.0,0.0,0.0,0,42,7,78,14.751999638974667,163.29599916934967
4,20260825T082827Z,flybrain,0.0,0.0,0.0,0.0,0,42,7,79,14.14399966597557,162.27200627326965
4,20260825T082827Z,flybrain,0.0,0.0,0.0,0.0,0,42,7,80,13.504000380635262,165.56799411773682
4,20260825T082827Z,flybrain,0.0,0.0,0.0,0.0,0,42,7,81,14.112000353634357,162.4000072479248
4,20260825T082827Z,flybrain,0.0,0.0,0.0,0.0,0,42,7,82,13.504000380635262,159.45599973201752
4,20260825T082827Z,flybrain,0.0,0.0,0.0,0.0,0,42,7,83,14.431999996304512,163.29599916934967
4,20260825T082827Z,flybrain,0.0,0.0,0.0,0.0,0,42,7,84,15.00799972563982,165.53600132465363
4,20260825T082827Z,flybrain,0.0,0.0,0.0,0.0,0,42,7,85,14.14399966597557,156.2879979610443
4,20260825T082827Z,flybrain,0.0,0.0,0.0,0.0,0,42,7,86,15.039999969303608,165.47200083732605
4,20260825T082827Z,flybrain,0.0,0.0,0.0,0.0,0,42,7,87,14.240000396966934,160.12799739837646
4,20260825T082827Z,flybrain,0.0,0.0,0.0,0.0,0,42,7,88,14.944000169634819,161.18399798870087
4,20260825T082827Z,flybrain,0.0,0.0,0.0,0.0,0,42,7,89,14.112000353634357,160.38399934768677
4,20260825T082827Z,flybrain,0.0,0.0,0.0,0.0,0,42,7,90,14.431999996304512,163.4880006313324
4,20260825T082827Z,flybrain,0.0,0.0,0.0,0.0,0,42,7,91,14.175999909639359,164.32000696659088
4,20260825T082827Z,flybrain,0.0,0.0,0.0,0.0,0,42,7,92,13.439999893307686,161.28000617027283
4,20260825T082827Z,flybrain,0.0,0.0,0.0,0.0,0,42,7,93,14.336000196635723,166.4319932460785
4,20260825T082827Z,flybrain,0.0,0.0,0.0,0.0,0,42,7,94,13.504000380635262,163.39200735092163
4,20260825T082827Z,flybrain,0.0,0.0,0.0,0.0,0,42,7,95,15.48799965530634,168.35199296474457
4,20260825T082827Z,flybrain,0.0,0.0,0.0,0.0,0,42,7,96,13.472000136971474,161.56800091266632
4,20260825T082827Z,flybrain,0.0,0.0,0.0,0.0,0,42,7,97,14.112000353634357,164.48000073432922
4,20260825T082827Z,flybrain,0.0,0.0,0.0,0.0,0,42,7,98,14.08000010997057,159.29600596427917
4,20260825T082827Z,flybrain,0.0,0.0,0.0,0.0,0,42,7,99,14.208000153303146,160.47999262809753
4,20260825T082827Z,flybrain,0.0,0.0,0.0,0.0,0,42,7,100,14.431999996304512,159.29600596427917
4,20260825T082827Z,flybrain,0.0,0.0,0.0,0.0,0,42,7,101,14.175999909639359,162.432000041008
4,20260825T082827Z,flybrain,0.0,0.0,0.0,0.0,0,42,7,102,13.535999692976475,163.455992937088
4,20260825T082827Z,flybrain,0.0,0.0,0.0,0.0,0,42,7,103,14.240000396966934,160.0639969110489
4,20260825T082827Z,flybrain,0.0,0.0,0.0,0.0,0,42,7,104,14.783999882638454,165.3759926557541
4,20260825T082827Z,flybrain,0.0,0.0,0.0,0.0,0,42,7,105,14.431999996304512,162.33600676059723
4,20260825T082827Z,flybrain,0.0,0.0,0.0,0.0,0,42,7,106,13.472000136971474,163.5199934244156
4,20260825T082827Z,flybrain,0.0,0.0,0.0,0.0,0,42,7,107,14.112000353634357,165.0560051202774
4,20260825T082827Z,flybrain,0.0,0.0,0.0,0.0,0,42,7,108,14.783999882638454,162.30399906635284
4,20260825T082827Z,flybrain,0.0,0.0,0.0,0.0,0,42,7,109,14.112000353634357,158.30400586128235
4,20260825T082827Z,flybrain,0.0,0.0,0.0,0.0,0,42,7,110,14.944000169634819,165.43999314308167
4,20260825T082827Z,flybrain,0.0,0.0,0.0,0.0,0,42,7,111,14.208000153303146,158.1760048866272
4,20260825T082827Z,flybrain,0.0,0.0,0.0,0.0,0,42,7,112,13.472000136971474,159.42400693893433
4,20260825T082827Z,flybrain,0.0,0.0,0.0,0.0,0,42,7,113,14.240000396966934,162.23999857902527
4,20260825T082827Z,flybrain,0.0,0.0,0.0,0.0,0,42,7,114,13.504000380635262,167.55199432373047
4,20260825T082827Z,flybrain,0.0,0.0,0.0,0.0,0,42,7,115,14.303999952971935,160.09600460529327
4,20260825T082827Z,flybrain,0.0,0.0,0.0,0.0,0,42,7,116,14.976000413298607,165.40800034999847
4,20260825T082827Z,flybrain,0.0,0.0,0.0,0.0,0,42,7,117,14.271999709308147,162.23999857902527
4,20260825T082827Z,flybrain,0.0,0.0,0.0,0.0,0,42,7,118,14.399999752640724,162.4000072479248
4,20260825T082827Z,flybrain,0.0,0.0,0.0,0.0,0,42,7,119,14.527999795973301,162.1759980916977
4,20260825T082827Z,flybrain,0.0,0.0,0.0,0.0,0,42,7,120,15.039999969303608,165.3120070695877
4,20260825T082827Z,flybrain,0.0,0.0,0.0,0.0,0,42,7,121,14.495999552309513,160.38399934768677
4,20260825T082827Z,flybrain,0.0,0.0,0.0,0.0,0,42,7,122,13.407999649643898,165.56799411773682
4,20260825T082827Z,flybrain,0.0,0.0,0.0,0.0,0,42,7,123,14.112000353634357,162.1440052986145
4,20260825T082827Z,flybrain,0.0,0.0,0.0,0.0,0,42,7,124,14.368000440299511,159.2639982700348
4,20260825T082827Z,flybrain,0.0,0.0,0.0,0.0,0,42,7,125,14.431999996304512,157.95199573040009
4,20260825T082827Z,flybrain,0.0,0.0,0.0,0.0,0,42,7,126,13.439999893307686,167.58400201797485
4,20260825T082827Z,flybrain,0.0,0.0,0.0,0.0,0,42,7,127,13.952000066637993,167.58400201797485
4,20260825T082827Z,flybrain,0.0,0.0,0.0,0.0,0,42,8,0,260.6079876422882,199.20000433921814
4,20260825T082827Z,flybrain,0.0,0.0,0.0,0.0,0,42,8,1,13.728000223636627,163.55200111865997
4,20260825T082827Z,flybrain,0.0,0.0,0.0,0.0,0,42,8,2,13.439999893307686,162.6880019903183
4,20260825T082827Z,flybrain,0.0,0.0,0.0,0.0,0,42,8,3,14.336000196635723,160.73599457740784
4,20260825T082827Z,flybrain,0.0,0.0,0.0,0.0,0,42,8,4,14.431999996304512,162.91199624538422
4,20260825T082827Z,flybrain,0.0,0.0,0.0,0.0,0,42,8,5,14.303999952971935,158.55999290943146
4,20260825T082827Z,flybrain,0.0,0.0,0.0,0.0,0,42,8,6,13.98400031030178,164.57599401474
4,20260825T082827Z,flybrain,0.0,0.0,0.0,0.0,0,42,8,7,13.663999736309052,160.5439931154251
4,20260825T082827Z,flybrain,0.0,0.0,0.0,0.0,0,42,8,8,14.431999996304512,164.57599401474
4,20260825T082827Z,flybrain,0.0,0.0,0.0,0.0,0,42,8,9,14.303999952971935,162.81600296497345
4,20260825T082827Z,flybrain,0.0,0.0,0.0,0.0,0,42,8,10,14.944000169634819,166.9439971446991
4,20260825T082827Z,flybrain,0.0,0.0,0.0,0.0,0,42,8,11,13.856000266969204,160.44799983501434
4,20260825T082827Z,flybrain,0.0,0.0,0.0,0.0,0,42,8,12,13.472000136971474,163.16799819469452
4,20260825T082827Z,flybrain,0.0,0.0,0.0,0.0,0,42,8,13,14.240000396966934,162.6559942960739
4,20260825T082827Z,flybrain,0.0,0.0,0.0,0.0,0,42,8,14,14.14399966597557,164.86400365829468
4,20260825T082827Z,flybrain,0.0,0.0,0.0,0.0,0,42,8,15,14.84800036996603,162.11199760437012
4,20260825T082827Z,flybrain,0.0,0.0,0.0,0.0,0,42,8,16,14.336000196635723,161.50400042533875
4,20260825T082827Z,flybrain,0.0,0.0,0.0,0.0,0,42,8,17,14.336000196635723,160.19199788570404
4,20260825T082827Z,flybrain,0.0,0.0,0.0,0.0,0,42,8,18,14.047999866306782,165.43999314308167
4,20260825T082827Z,flybrain,0.0,0.0,0.0,0.0,0,42,8,19,14.112000353634357,164.2879992723465
4,20260825T082827Z,flybrain,0.0,0.0,0.0,0.0,0,42,8,20,14.14399966597557,163.42400014400482
4,20260825T082827Z,flybrain,0.0,0.0,0.0,0.0,0,42,8,21,14.303999952971935,164.48000073432922
4,20260825T082827Z,flybrain,0.0,0.0,0.0,0.0,0,42,8,22,13.439999893307686,161.40800714492798
4,20260825T082827Z,flybrain,0.0,0.0,0.0,0.0,0,42,8,23,14.336000196635723,162.11199760437012
4,20260825T082827Z,flybrain,0.0,0.0,0.0,0.0,0,42,8,24,14.879999682307243,163.35999965667725
4,20260825T082827Z,flybrain,0.0,0.0,0.0,0.0,0,42,8,25,14.303999952971935,162.432000041008
4,20260825T082827Z,flybrain,0.0,0.0,0.0,0.0,0,42,8,26,15.00799972563982,163.29599916934967
4,20260825T082827Z,flybrain,0.0,0.0,0.0,0.0,0,42,8,27,14.175999909639359,162.1759980916977
4,20260825T082827Z,flybrain,0.0,0.0,0.0,0.0,0,42,8,28,14.015999622642994,163.2000058889389
4,20260825T082827Z,flybrain,0.0,0.0,0.0,0.0,0,42,8,29,14.208000153303146,160.35200655460358
4,20260825T082827Z,flybrain,0.0,0.0,0.0,0.0,0,42,8,30,13.439999893307686,161.40800714492798
4,20260825T082827Z,flybrain,0.0,0.0,0.0,0.0,0,42,8,31,14.175999909639359,162.52799332141876
4,20260825T082827Z,flybrain,0.0,0.0,0.0,0.0,0,42,8,32,14.368000440299511,159.42400693893433
4,20260825T082827Z,flybrain,0.0,0.0,0.0,0.0,0,42,8,33,14.208000153303146,162.4000072479248
4,20260825T082827Z,flybrain,0.0,0.0,0.0,0.0,0,42,8,34,13.472000136971474,165.27999937534332
4,20260825T082827Z,flybrain,0.0,0.0,0.0,0.0,0,42,8,35,14.271999709308147,160.12799739837646
4,20260825T082827Z,flybrain,0.0,0.0,0.0,0.0,0,42,8,36,14.08000010997057,167.4879938364029
4,20260825T082827Z,flybrain,0.0,0.0,0.0,0.0,0,42,8,37,14.175999909639359,159.36000645160675
4,20260825T082827Z,flybrain,0.0,0.0,0.0,0.0,0,42,8,38,14.911999925971031,163.455992937088
4,20260825T082827Z,flybrain,0.0,0.0,0.0,0.0,0,42,8,39,14.4640002399683,160.22400557994843
4,20260825T082827Z,flybrain,0.0,0.0,0.0,0.0,0,42,8,40,14.431999996304512,165.50399363040924
4,20260825T082827Z,flybrain,0.0,0.0,0.0,0.0,0,42,8,41,14.271999709308147,162.33600676059723
4,20260825T082827Z,flybrain,0.0,0.0,0.0,0.0,0,42,8,42,14.368000440299511,163.39200735092163
4,20260825T082827Z,flybrain,0.0,0.0,0.0,0.0,0,42,8,43,14.303999952971935,164.2560064792633
4,20260825T082827Z,flybrain,0.0,0.0,0.0,0.0,0,42,8,44,13.407999649643898,163.455992937088
4,20260825T082827Z,flybrain,0.0,0.0,0.0,0.0,0,42,8,45,14.368000440299511,166.36799275875092
4,20260825T082827Z,flybrain,0.0,0.0,0.0,0.0,0,42,8,46,14.08000010997057,163.42400014400482
4,20260825T082827Z,flybrain,0.0,0.0,0.0,0.0,0,42,8,47,14.4640002399683,162.20800578594208
4,20260825T082827Z,flybrain,0.0,0.0,0.0,0.0,0,42,8,48,14.047999866306782,162.4639928340912
4,20260825T082827Z,flybrain,0.0,0.0,0.0,0.0,0,42,8,49,14.303999952971935,162.23999857902527
4,20260825T082827Z,flybrain,0.0,0.0,0.0,0.0,0,42,8,50,14.399999752640724,161.43999993801117
4,20260825T082827Z,flybrain,0.0,0.0,0.0,0.0,0,42,8,51,14.4640002399683,164.09599781036377
4,20260825T082827Z,flybrain,0.0,0.0,0.0,0.0,0,42,8,52,14.047999866306782,163.42400014400482
4,20260825T082827Z,flybrain,0.0,0.0,0.0,0.0,0,42,8,53,14.560000039637089,164.19200599193573
4,20260825T082827Z,flybrain,0.0,0.0,0.0,0.0,0,42,8,54,13.472000136971474,163.03999722003937
4,20260825T082827Z,flybrain,0.0,0.0,0.0,0.0,0,42,8,55,14.14399966597557,168.2559996843338
4,20260825T082827Z,flybrain,0.0,0.0,0.0,0.0,0,42,8,56,13.407999649643898,161.47199273109436
4,20260825T082827Z,flybrain,0.0,0.0,0.0,0.0,0,42,8,57,14.240000396966934,160.35200655460358
4,20260825T082827Z,flybrain,0.0,0.0,0.0,0.0,0,42,8,58,14.944000169634819,161.43999993801117
4,20260825T082827Z,flybrain,0.0,0.0,0.0,0.0,0,42,8,59,14.271999709308147,158.2079976797104
4,20260825T082827Z,flybrain,0.0,0.0,0.0,0.0,0,42,8,60,14.14399966597557,160.16000509262085
4,20260825T082827Z,flybrain,0.0,0.0,0.0,0.0,0,42,8,61,14.175999909639359,162.432000041008
4,20260825T082827Z,flybrain,0.0,0.0,0.0,0.0,0,42,8,62,13.504000380635262,165.6319946050644
4,20260825T082827Z,flybrain,0.0,0.0,0.0,0.0,0,42,8,63,14.336000196635723,162.1440052986145
4,20260825T082827Z,flybrain,0.0,0.0,0.0,0.0,0,42,8,64,13.504000380635262,165.6000018119812
4,20260825T082827Z,flybrain,0.0,0.0,0.0,0.0,0,42,8,65,14.14399966597557,160.3199988603592
4,20260825T082827Z,flybrain,0.0,0.0,0.0,0.0,0,42,8,66,14.175999909639359,159.19999778270721
4,20260825T082827Z,flybrain,0.0,0.0,0.0,0.0,0,42,8,67,14.560000039637089,164.19200599193573
4,20260825T082827Z,flybrain,0.0,0.0,0.0,0.0,0,42,8,68,14.175999909639359,163.29599916934967
4,20260825T082827Z,flybrain,0.0,0.0,0.0,0.0,0,42,8,69,14.527999795973301,160.35200655460358
4,20260825T082827Z,flybrain,0.0,0.0,0.0,0.0,0,42,8,70,14.047999866306782,159.42400693893433
4,20260825T082827Z,flybrain,0.0,0.0,0.0,0.0,0,42,8,71,14.368000440299511,164.19200599193573
4,20260825T082827Z,flybrain,0.0,0.0,0.0,0.0,0,42,8,72,13.472000136971474,162.52799332141876
4,20260825T082827Z,flybrain,0.0,0.0,0.0,0.0,0,42,8,73,14.303999952971935,168.41599345207214
4,20260825T082827Z,flybrain,0.0,0.0,0.0,0.0,0,42,8,74,15.039999969303608,165.40800034999847
4,20260825T082827Z,flybrain,0.0,0.0,0.0,0.0,0,42,8,75,14.4640002399683,160.0639969110489
4,20260825T082827Z,flybrain,0.0,0.0,0.0,0.0,0,42,8,76,13.407999649643898,161.47199273109436
4,20260825T082827Z,flybrain,0.0,0.0,0.0,0.0,0,42,8,77,14.4640002399683,162.30399906635284
4,20260825T082827Z,flybrain,0.0,0.0,0.0,0.0,0,42,8,78,14.08000010997057,163.42400014400482
4,20260825T082827Z,flybrain,0.0,0.0,0.0,0.0,0,42,8,79,14.240000396966934,162.52799332141876
4,20260825T082827Z,flybrain,0.0,0.0,0.0,0.0,0,42,8,80,14.047999866306782,165.43999314308167
4,20260825T082827Z,flybrain,0.0,0.0,0.0,0.0,0,42,8,81,14.240000396966934,162.23999857902527
4,20260825T082827Z,flybrain,0.0,0.0,0.0,0.0,0,42,8,82,13.407999649643898,159.42400693893433
4,20260825T082827Z,flybrain,0.0,0.0,0.0,0.0,0,42,8,83,14.112000353634357,162.23999857902527
4,20260825T082827Z,flybrain,0.0,0.0,0.0,0.0,0,42,8,84,13.504000380635262,165.69599509239197
4,20260825T082827Z,flybrain,0.0,0.0,0.0,0.0,0,42,8,85,14.271999709308147,158.33599865436554
4,20260825T082827Z,flybrain,0.0,0.0,0.0,0.0,0,42,8,86,14.431999996304512,167.4879938364029
4,20260825T082827Z,flybrain,0.0,0.0,0.0,0.0,0,42,8,87,14.175999909639359,160.19199788570404
4,20260825T082827Z,flybrain,0.0,0.0,0.0,0.0,0,42,8,88,13.98400031030178,161.31199896335602
4,20260825T082827Z,flybrain,0.0,0.0,0.0,0.0,0,42,8,89,14.175999909639359,160.38399934768677
4,20260825T082827Z,flybrain,0.0,0.0,0.0,0.0,0,42,8,90,14.911999925971031,163.39200735092163
4,20260825T082827Z,flybrain,0.0,0.0,0.0,0.0,0,42,8,91,14.399999752640724,164.32000696659088
4,20260825T082827Z,flybrain,0.0,0.0,0.0,0.0,0,42,8,92,14.08000010997057,161.15200519561768
4,20260825T082827Z,flybrain,0.0,0.0,0.0,0.0,0,42,8,93,14.175999909639359,166.46400094032288
4,20260825T082827Z,flybrain,0.0,0.0,0.0,0.0,0,42,8,94,14.399999752640724,161.47199273109436
4,20260825T082827Z,flybrain,0.0,0.0,0.0,0.0,0,42,8,95,14.336000196635723,168.38400065898895
4,20260825T082827Z,flybrain,0.0,0.0,0.0,0.0,0,42,8,96,13.952000066637993,161.3759994506836
4,20260825T082827Z,flybrain,0.0,0.0,0.0,0.0,0,42,8,97,14.527999795973301,164.38399255275726
4,20260825T082827Z,flybrain,0.0,0.0,0.0,0.0,0,42,8,98,14.240000396966934,159.10400450229645
4,20260825T082827Z,flybrain,0.0,0.0,0.0,0.0,0,42,8,99,14.208000153303146,160.16000509262085
4,20260825T082827Z,flybrain,0.0,0.0,0.0,0.0,0,42,8,100,14.015999622642994,159.42400693893433
4,20260825T082827Z,flybrain,0.0,0.0,0.0,0.0,0,42,8,101,14.303999952971935,162.36799955368042
4,20260825T082827Z,flybrain,0.0,0.0,0.0,0.0,0,42,8,102,14.944000169634819,163.29599916934967
4,20260825T082827Z,flybrain,0.0,0.0,0.0,0.0,0,42,8,103,14.4640002399683,160.19199788570404
4,20260825T082827Z,flybrain,0.0,0.0,0.0,0.0,0,42,8,104,14.047999866306782,165.47200083732605
4,20260825T082827Z,flybrain,0.0,0.0,0.0,0.0,0,42,8,105,14.14399966597557,162.4000072479248
4,20260825T082827Z,flybrain,0.0,0.0,0.0,0.0,0,42,8,106,13.504000380635262,163.61600160598755
4,20260825T082827Z,flybrain,0.0,0.0,0.0,0.0,0,42,8,107,14.303999952971935,164.2879992723465
4,20260825T082827Z,flybrain,0.0,0.0,0.0,0.0,0,42,8,108,13.472000136971474,161.28000617027283
4,20260825T082827Z,flybrain,0.0,0.0,0.0,0.0,0,42,8,109,14.271999709308147,158.1760048866272
4,20260825T082827Z,flybrain,0.0,0.0,0.0,0.0,0,42,8,110,13.472000136971474,163.5199934244156
4,20260825T082827Z,flybrain,0.0,0.0,0.0,0.0,0,42,8,111,14.112000353634357,158.2079976797104
4,20260825T082827Z,flybrain,0.0,0.0,0.0,0.0,0,42,8,112,13.472000136971474,161.47199273109436
4,20260825T082827Z,flybrain,0.0,0.0,0.0,0.0,0,42,8,113,13.98400031030178,162.27200627326965
4,20260825T082827Z,flybrain,0.0,0.0,0.0,0.0,0,42,8,114,14.84800036996603,167.61599481105804
4,20260825T082827Z,flybrain,0.0,0.0,0.0,0.0,0,42,8,115,14.112000353634357,160.22400557994843
4,20260825T082827Z,flybrain,0.0,0.0,0.0,0.0,0,42,8,116,14.08000010997057,165.50399363040924
4,20260825T082827Z,flybrain,0.0,0.0,0.0,0.0,0,42,8,117,14.688000082969666,161.98399662971497
4,20260825T082827Z,flybrain,0.0,0.0,0.0,0.0,0,42,8,118,13.504000380635262,163.39200735092163
4,20260825T082827Z,flybrain,0.0,0.0,0.0,0.0,0,42,8,119,14.271999709308147,162.20800578594208
4,20260825T082827Z,flybrain,0.0,0.0,0.0,0.0,0,42,8,120,13.407999649643898,165.53600132465363
4,20260825T082827Z,flybrain,0.0,0.0,0.0,0.0,0,42,8,121,14.208000153303146,160.22400557994843
4,20260825T082827Z,flybrain,0.0,0.0,0.0,0.0,0,42,8,122,13.504000380635262,165.53600132465363
4,20260825T082827Z,flybrain,0.0,0.0,0.0,0.0,0,42,8,123,14.047999866306782,162.30399906635284
4,20260825T082827Z,flybrain,0.0,0.0,0.0,0.0,0,42,8,124,14.368000440299511,161.21600568294525
4,20260825T082827Z,flybrain,0.0,0.0,0.0,0.0,0,42,8,125,14.431999996304512,158.4639996290207
4,20260825T082827Z,flybrain,0.0,0.0,0.0,0.0,0,42,8,126,13.887999579310417,165.53600132465363
4,20260825T082827Z,flybrain,0.0,0.0,0.0,0.0,0,42,8,127,13.98400031030178,167.58400201797485
4,20260825T082827Z,flybrain,0.0,0.0,0.0,0.0,0,42,9,0,257.6639950275421,197.24799692630768
4,20260825T082827Z,flybrain,0.0,0.0,0.0,0.0,0,42,9,1,14.592000283300877,161.72799468040466
4,20260825T082827Z,flybrain,0.0,0.0,0.0,0.0,0,42,9,2,13.472000136971474,163.83999586105347
4,20260825T082827Z,flybrain,0.0,0.0,0.0,0.0,0,42,9,3,14.208000153303146,160.76800227165222
4,20260825T082827Z,flybrain,0.0,0.0,0.0,0.0,0,42,9,4,13.504000380635262,162.59199380874634
4,20260825T082827Z,flybrain,0.0,0.0,0.0,0.0,0,42,9,5,14.879999682307243,158.81599485874176
4,20260825T082827Z,flybrain,0.0,0.0,0.0,0.0,0,42,9,6,14.368000440299511,164.73600268363953
4,20260825T082827Z,flybrain,0.0,0.0,0.0,0.0,0,42,9,7,13.472000136971474,160.60799360275269
4,20260825T082827Z,flybrain,0.0,0.0,0.0,0.0,0,42,9,8,14.240000396966934,164.8319959640503
4,20260825T082827Z,flybrain,0.0,0.0,0.0,0.0,0,42,9,9,14.271999709308147,162.6880019903183
4,20260825T082827Z,flybrain,0.0,0.0,0.0,0.0,0,42,9,10,14.175999909639359,166.9120043516159
4,20260825T082827Z,flybrain,0.0,0.0,0.0,0.0,0,42,9,11,13.919999822974205,162.432000041008
4,20260825T082827Z,flybrain,0.0,0.0,0.0,0.0,0,42,9,12,13.791999779641628,162.6559942960739
4,20260825T082827Z,flybrain,0.0,0.0,0.0,0.0,0,42,9,13,14.879999682307243,163.2319986820221
4,20260825T082827Z,flybrain,0.0,0.0,0.0,0.0,0,42,9,14,14.240000396966934,165.69599509239197
4,20260825T082827Z,flybrain,0.0,0.0,0.0,0.0,0,42,9,15,14.303999952971935,162.04799711704254
4,20260825T082827Z,flybrain,0.0,0.0,0.0,0.0,0,42,9,16,14.14399966597557,161.24799847602844
4,20260825T082827Z,flybrain,0.0,0.0,0.0,0.0,0,42,9,17,14.527999795973301,160.44799983501434
4,20260825T082827Z,flybrain,0.0,0.0,0.0,0.0,0,42,9,18,14.14399966597557,165.53600132465363
4,20260825T082827Z,flybrain,0.0,0.0,0.0,0.0,0,42,9,19,14.368000440299511,164.19200599193573
4,20260825T082827Z,flybrain,0.0,0.0,0.0,0.0,0,42,9,20,13.407999649643898,163.5199934244156
4,20260825T082827Z,flybrain,0.0,0.0,0.0,0.0,0,42,9,21,14.271999709308147,164.2879992723465
4,20260825T082827Z,flybrain,0.0,0.0,0.0,0.0,0,42,9,22,13.472000136971474,161.43999993801117
4,20260825T082827Z,flybrain,0.0,0.0,0.0,0.0,0,42,9,23,14.527999795973301,162.01600432395935
4,20260825T082827Z,flybrain,0.0,0.0,0.0,0.0,0,42,9,24,13.504000380635262,163.39200735092163
4,20260825T082827Z,flybrain,0.0,0.0,0.0,0.0,0,42,9,25,14.240000396966934,162.4000072479248
4,20260825T082827Z,flybrain,0.0,0.0,0.0,0.0,0,42,9,26,14.879999682307243,163.39200735092163
4,20260825T082827Z,flybrain,0.0,0.0,0.0,0.0,0,42,9,27,14.175999909639359,162.23999857902527
4,20260825T082827Z,flybrain,0.0,0.0,0.0,0.0,0,42,9,28,14.08000010997057,163.39200735092163
4,20260825T082827Z,flybrain,0.0,0.0,0.0,0.0,0,42,9,29,14.431999996304512,162.432000041008
4,20260825T082827Z,flybrain,0.0,0.0,0.0,0.0,0,42,9,30,14.976000413298607,159.29600596427917
4,20260825T082827Z,flybrain,0.0,0.0,0.0,0.0,0,42,9,31,14.655999839305878,162.1759980916977
4,20260825T082827Z,flybrain,0.0,0.0,0.0,0.0,0,42,9,32,14.303999952971935,159.42400693893433
4,20260825T082827Z,flybrain,0.0,0.0,0.0,0.0,0,42,9,33,14.336000196635723,160.288006067276
4,20260825T082827Z,flybrain,0.0,0.0,0.0,0.0,0,42,9,34,14.944000169634819,165.43999314308167
4,20260825T082827Z,flybrain,0.0,0.0,0.0,0.0,0,42,9,35,14.175999909639359,160.22400557994843
4,20260825T082827Z,flybrain,0.0,0.0,0.0,0.0,0,42,9,36,14.175999909639359,167.39200055599213
4,20260825T082827Z,flybrain,0.0,0.0,0.0,0.0,0,42,9,37,14.688000082969666,159.2320054769516
4,20260825T082827Z,flybrain,0.0,0.0,0.0,0.0,0,42,9,38,14.08000010997057,163.35999965667725
4,20260825T082827Z,flybrain,0.0,0.0,0.0,0.0,0,42,9,39,14.208000153303146,158.2079976797104
4,20260825T082827Z,flybrain,0.0,0.0,0.0,0.0,0,42,9,40,14.976000413298607,165.40800034999847
4,20260825T082827Z,flybrain,0.0,0.0,0.0,0.0,0,42,9,41,14.4640002399683,162.36799955368042
4,20260825T082827Z,flybrain,0.0,0.0,0.0,0.0,0,42,9,42,13.472000136971474,163.4880006313324
4,20260825T082827Z,flybrain,0.0,0.0,0.0,0.0,0,42,9,43,14.271999709308147,164.2879992723465
4,20260825T082827Z,flybrain,0.0,0.0,0.0,0.0,0,42,9,44,13.504000380635262,163.455992937088
4,20260825T082827Z,flybrain,0.0,0.0,0.0,0.0,0,42,9,45,14.14399966597557,168.41599345207214
4,20260825T082827Z,flybrain,0.0,0.0,0.0,0.0,0,42,9,46,14.336000196635723,163.5199934244156
4,20260825T082827Z,flybrain,0.0,0.0,0.0,0.0,0,42,9,47,14.368000440299511,162.23999857902527
4,20260825T082827Z,flybrain,0.0,0.0,0.0,0.0,0,42,9,48,14.175999909639359,161.3440066576004
4,20260825T082827Z,flybrain,0.0,0.0,0.0,0.0,0,42,9,49,14.271999709308147,162.33600676059723
4,20260825T082827Z,flybrain,0.0,0.0,0.0,0.0,0,42,9,50,14.911999925971031,161.3440066576004
4,20260825T082827Z,flybrain,0.0,0.0,0.0,0.0,0,42,9,51,14.368000440299511,164.32000696659088
4,20260825T082827Z,flybrain,0.0,0.0,0.0,0.0,0,42,9,52,14.08000010997057,165.47200083732605
4,20260825T082827Z,flybrain,0.0,0.0,0.0,0.0,0,42,9,53,14.4640002399683,164.41600024700165
4,20260825T082827Z,flybrain,0.0,0.0,0.0,0.0,0,42,9,54,14.08000010997057,163.35999965667725
4,20260825T082827Z,flybrain,0.0,0.0,0.0,0.0,0,42,9,55,14.688000082969666,168.16000640392303
4,20260825T082827Z,flybrain,0.0,0.0,0.0,0.0,0,42,9,56,13.439999893307686,161.43999993801117
4,20260825T082827Z,flybrain,0.0,0.0,0.0,0.0,0,42,9,57,14.495999552309513,160.288006067276
4,20260825T082827Z,flybrain,0.0,0.0,0.0,0.0,0,42,9,58,14.431999996304512,161.47199273109436
4,20260825T082827Z,flybrain,0.0,0.0,0.0,0.0,0,42,9,59,13.98400031030178,160.25599837303162
4,20260825T082827Z,flybrain,0.0,0.0,0.0,0.0,0,42,9,60,13.472000136971474,160.44799983501434
4,20260825T082827Z,flybrain,0.0,0.0,0.0,0.0,0,42,9,61,14.112000353634357,160.38399934768677
4,20260825T082827Z,flybrain,0.0,0.0,0.0,0.0,0,42,9,62,13.439999893307686,165.3120070695877
4,20260825T082827Z,flybrain,0.0,0.0,0.0,0.0,0,42,9,63,14.303999952971935,162.23999857902527
4,20260825T082827Z,flybrain,0.0,0.0,0.0,0.0,0,42,9,64,15.00799972563982,165.43999314308167
4,20260825T082827Z,flybrain,0.0,0.0,0.0,0.0,0,42,9,65,14.208000153303146,160.35200655460358
4,20260825T082827Z,flybrain,0.0,0.0,0.0,0.0,0,42,9,66,15.072000212967396,159.2320054769516
4,20260825T082827Z,flybrain,0.0,0.0,0.0,0.0,0,42,9,67,14.527999795973301,164.19200599193573
4,20260825T082827Z,flybrain,0.0,0.0,0.0,0.0,0,42,9,68,13.535999692976475,163.5199934244156
4,20260825T082827Z,flybrain,0.0,0.0,0.0,0.0,0,42,9,69,14.175999909639359,160.44799983501434
4,20260825T082827Z,flybrain,0.0,0.0,0.0,0.0,0,42,9,70,13.472000136971474,161.43999993801117
4,20260825T082827Z,flybrain,0.0,0.0,0.0,0.0,0,42,9,71,14.240000396966934,164.12800550460815
4,20260825T082827Z,flybrain,0.0,0.0,0.0,0.0,0,42,9,72,14.431999996304512,163.5199934244156
4,20260825T082827Z,flybrain,0.0,0.0,0.0,0.0,0,42,9,73,14.271999709308147,168.5439944267273
4,20260825T082827Z,flybrain,0.0,0.0,0.0,0.0,0,42,9,74,13.504000380635262,165.6000018119812
4,20260825T082827Z,flybrain,0.0,0.0,0.0,0.0,0,42,9,75,14.208000153303146,160.22400557994843
4,20260825T082827Z,flybrain,0.0,0.0,0.0,0.0,0,42,9,76,14.08000010997057,159.32799875736237
4,20260825T082827Z,flybrain,0.0,0.0,0.0,0.0,0,42,9,77,14.047999866306782,162.4639928340912
4,20260825T082827Z,flybrain,0.0,0.0,0.0,0.0,0,42,9,78,15.072000212967396,165.3439998626709
4,20260825T082827Z,flybrain,0.0,0.0,0.0,0.0,0,42,9,79,14.271999709308147,162.20800578594208
4,20260825T082827Z,flybrain,0.0,0.0,0.0,0.0,0,42,9,80,13.472000136971474,165.43999314308167
4,20260825T082827Z,flybrain,0.0,0.0,0.0,0.0,0,42,9,81,14.303999952971935,162.23999857902527
4,20260825T082827Z,flybrain,0.0,0.0,0.0,0.0,0,42,9,82,13.504000380635262,159.39199924468994
4,20260825T082827Z,flybrain,0.0,0.0,0.0,0.0,0,42,9,83,14.303999952971935,164.22399878501892
4,20260825T082827Z,flybrain,0.0,0.0,0.0,0.0,0,42,9,84,15.00799972563982,164.35199975967407
4,20260825T082827Z,flybrain,0.0,0.0,0.0,0.0,0,42,9,85,14.175999909639359,156.25600516796112
4,20260825T082827Z,flybrain,0.0,0.0,0.0,0.0,0,42,9,86,14.047999866306782,167.4879938364029
4,20260825T082827Z,flybrain,0.0,0.0,0.0,0.0,0,42,9,87,14.175999909639359,160.12799739837646
4,20260825T082827Z,flybrain,0.0,0.0,0.0,0.0,0,42,9,88,14.14399966597557,161.21600568294525
4,20260825T082827Z,flybrain,0.0,0.0,0.0,0.0,0,42,9,89,14.368000440299511,160.16000509262085
4,20260825T082827Z,flybrain,0.0,0.0,0.0,0.0,0,42,9,90,14.271999709308147,163.32800686359406
4,20260825T082827Z,flybrain,0.0,0.0,0.0,0.0,0,42,9,91,14.240000396966934,164.2879992723465
4,20260825T082827Z,flybrain,0.0,0.0,0.0,0.0,0,42,9,92,13.472000136971474,161.40800714492798
4,20260825T082827Z,flybrain,0.0,0.0,0.0,0.0,0,42,9,93,14.08000010997057,166.52800142765045
4,20260825T082827Z,flybrain,0.0,0.0,0.0,0.0,0,42,9,94,14.368000440299511,161.3759994506836
4,20260825T082827Z,flybrain,0.0,0.0,0.0,0.0,0,42,9,95,14.655999839305878,167.1680063009262
4,20260825T082827Z,flybrain,0.0,0.0,0.0,0.0,0,42,9,96,13.535999692976475,161.43999993801117
4,20260825T082827Z,flybrain,0.0,0.0,0.0,0.0,0,42,9,97,14.303999952971935,164.38399255275726
4,20260825T082827Z,flybrain,0.0,0.0,0.0,0.0,0,42,9,98,14.015999622642994,159.29600596427917
4,20260825T082827Z,flybrain,0.0,0.0,0.0,0.0,0,42,9,99,14.112000353634357,160.51200032234192
4,20260825T082827Z,flybrain,0.0,0.0,0.0,0.0,0,42,9,100,13.504000380635262,159.39199924468994
4,20260825T082827Z,flybrain,0.0,0.0,0.0,0.0,0,42,9,101,14.08000010997057,164.51199352741241
4,20260825T082827Z,flybrain,0.0,0.0,0.0,0.0,0,42,9,102,13.504000380635262,163.55200111865997
4,20260825T082827Z,flybrain,0.0,0.0,0.0,0.0,0,42,9,103,14.08000010997057,160.25599837303162
4,20260825T082827Z,flybrain,0.0,0.0,0.0,0.0,0,42,9,104,14.368000440299511,165.53600132465363
4,20260825T082827Z,flybrain,0.0,0.0,0.0,0.0,0,42,9,105,14.495999552309513,162.30399906635284
4,20260825T082827Z,flybrain,0.0,0.0,0.0,0.0,0,42,9,106,14.368000440299511,163.4880006313324
4,20260825T082827Z,flybrain,0.0,0.0,0.0,0.0,0,42,9,107,14.271999709308147,165.3439998626709
4,20260825T082827Z,flybrain,0.0,0.0,0.0,0.0,0,42,9,108,14.944000169634819,161.3440066576004
4,20260825T082827Z,flybrain,0.0,0.0,0.0,0.0,0,42,9,109,14.175999909639359,160.35200655460358
4,20260825T082827Z,flybrain,0.0,0.0,0.0,0.0,0,42,9,110,15.00799972563982,163.42400014400482
4,20260825T082827Z,flybrain,0.0,0.0,0.0,0.0,0,42,9,111,14.271999709308147,158.07999670505524
4,20260825T082827Z,flybrain,0.0,0.0,0.0,0.0,0,42,9,112,13.504000380635262,159.39199924468994
4,20260825T082827Z,flybrain,0.0,0.0,0.0,0.0,0,42,9,113,14.431999996304512,162.4000072479248
4,20260825T082827Z,flybrain,0.0,0.0,0.0,0.0,0,42,9,114,13.472000136971474,167.7439957857132
4,20260825T082827Z,flybrain,0.0,0.0,0.0,0.0,0,42,9,115,14.240000396966934,160.22400557994843
4,20260825T082827Z,flybrain,0.0,0.0,0.0,0.0,0,42,9,116,13.98400031030178,165.47200083732605
4,20260825T082827Z,flybrain,0.0,0.0,0.0,0.0,0,42,9,117,14.303999952971935,160.35200655460358
4,20260825T082827Z,flybrain,0.0,0.0,0.0,0.0,0,42,9,118,13.504000380635262,163.64799439907074
4,20260825T082827Z,flybrain,0.0,0.0,0.0,0.0,0,42,9,119,14.112000353634357,161.28000617027283
4,20260825T082827Z,flybrain,0.0,0.0,0.0,0.0,0,42,9,120,14.240000396966934,167.32800006866455
4,20260825T082827Z,flybrain,0.0,0.0,0.0,0.0,0,42,9,121,14.175999909639359,160.35200655460358
4,20260825T082827Z,flybrain,0.0,0.0,0.0,0.0,0,42,9,122,13.439999893307686,165.56799411773682
4,20260825T082827Z,flybrain,0.0,0.0,0.0,0.0,0,42,9,123,14.240000396966934,162.1759980916977
4,20260825T082827Z,flybrain,0.0,0.0,0.0,0.0,0,42,9,124,13.504000380635262,161.40800714492798
4,20260825T082827Z,flybrain,0.0,0.0,0.0,0.0,0,42,9,125,14.271999709308147,158.27199816703796
4,20260825T082827Z,flybrain,0.0,0.0,0.0,0.0,0,42,9,126,14.399999752640724,167.58400201797485
4,20260825T082827Z,flybrain,0.0,0.0,0.0,0.0,0,42,9,127,13.952000066637993,167.58400201797485
4,20260825T082827Z,flybrain,0.01,0.009997186938740181,10.0,9.997186938740182,1386,43,0,0,350.43200850486755,209.05600488185883
4,20260825T082827Z,flybrain,0.01,0.009997186938740181,10.0,9.997186938740182,1386,43,0,1,16.543999314308167,172.60800302028656
4,20260825T082827Z,flybrain,0.01,0.009997186938740181,10.0,9.997186938740182,1386,43,0,2,17.75999926030636,165.6000018119812
4,20260825T082827Z,flybrain,0.01,0.009997186938740181,10.0,9.997186938740182,1386,43,0,3,17.184000462293625,161.76000237464905
4,20260825T082827Z,flybrain,0.01,0.009997186938740181,10.0,9.997186938740182,1386,43,0,4,16.287999227643013,162.78399527072906
4,20260825T082827Z,flybrain,0.01,0.009997186938740181,10.0,9.997186938740182,1386,43,0,5,16.48000068962574,158.720001578331
4,20260825T082827Z,flybrain,0.01,0.009997186938740181,10.0,9.997186938740182,1386,43,0,6,18.239999189972878,167.52000153064728
4,20260825T082827Z,flybrain,0.01,0.009997186938740181,10.0,9.997186938740182,1386,43,0,7,16.3199994713068,162.432000041008
4,20260825T082827Z,flybrain,0.01,0.009997186938740181,10.0,9.997186938740182,1386,43,0,8,17.664000391960144,165.53600132465363
4,20260825T082827Z,flybrain,0.01,0.009997186938740181,10.0,9.997186938740182,1386,43,0,9,17.632000148296356,164.51199352741241
4,20260825T082827Z,flybrain,0.01,0.009997186938740181,10.0,9.997186938740182,1386,43,0,10,16.3199994713068,166.97600483894348
4,20260825T082827Z,flybrain,0.01,0.009997186938740181,10.0,9.997186938740182,1386,43,0,11,16.383999958634377,160.64000129699707
4,20260825T082827Z,flybrain,0.01,0.009997186938740181,10.0,9.997186938740182,1386,43,0,12,18.49599927663803,162.78399527072906
4,20260825T082827Z,flybrain,0.01,0.009997186938740181,10.0,9.997186938740182,1386,43,0,13,16.896000131964684,162.52799332141876
4,20260825T082827Z,flybrain,0.01,0.009997186938740181,10.0,9.997186938740182,1386,43,0,14,16.672000288963318,164.8319959640503
4,20260825T082827Z,flybrain,0.01,0.009997186938740181,10.0,9.997186938740182,1386,43,0,15,19.13600042462349,160.76800227165222
4,20260825T082827Z,flybrain,0.01,0.009997186938740181,10.0,9.997186938740182,1386,43,0,16,18.65600049495697,160.76800227165222
4,20260825T082827Z,flybrain,0.01,0.009997186938740181,10.0,9.997186938740182,1386,43,0,17,17.152000218629837,160.5760008096695
4,20260825T082827Z,flybrain,0.01,0.009997186938740181,10.0,9.997186938740182,1386,43,0,18,17.11999997496605,165.0560051202774
4,20260825T082827Z,flybrain,0.01,0.009997186938740181,10.0,9.997186938740182,1386,43,0,19,18.33599992096424,165.0560051202774
4,20260825T082827Z,flybrain,0.01,0.009997186938740181,10.0,9.997186938740182,1386,43,0,20,18.624000251293182,163.64799439907074
4,20260825T082827Z,flybrain,0.01,0.009997186938740181,10.0,9.997186938740182,1386,43,0,21,18.49599927663803,164.8000031709671
4,20260825T082827Z,flybrain,0.01,0.009997186938740181,10.0,9.997186938740182,1386,43,0,22,18.624000251293182,160.96000373363495
4,20260825T082827Z,flybrain,0.01,0.009997186938740181,10.0,9.997186938740182,1386,43,0,23,18.49599927663803,162.88000345230103
4,20260825T082827Z,flybrain,0.01,0.009997186938740181,10.0,9.997186938740182,1386,43,0,24,18.624000251293182,163.58399391174316
4,20260825T082827Z,flybrain,0.01,0.009997186938740181,10.0,9.997186938740182,1386,43,0,25,18.49599927663803,160.863995552063
4,20260825T082827Z,flybrain,0.01,0.009997186938740181,10.0,9.997186938740182,1386,43,0,26,17.632000148296356,162.84799575805664
4,20260825T082827Z,flybrain,0.01,0.009997186938740181,10.0,9.997186938740182,1386,43,0,27,18.559999763965607,163.03999722003937
4,20260825T082827Z,flybrain,0.01,0.009997186938740181,10.0,9.997186938740182,1386,43,0,28,18.49599927663803,162.9440039396286
4,20260825T082827Z,flybrain,0.01,0.009997186938740181,10.0,9.997186938740182,1386,43,0,29,18.624000251293182,161.47199273109436
4,20260825T082827Z,flybrain,0.01,0.009997186938740181,10.0,9.997186938740182,1386,43,0,30,18.49599927663803,160.7999950647354
4,20260825T082827Z,flybrain,0.01,0.009997186938740181,10.0,9.997186938740182,1386,43,0,31,18.559999763965607,162.91199624538422
4,20260825T082827Z,flybrain,0.01,0.009997186938740181,10.0,9.997186938740182,1386,43,0,32,18.49599927663803,158.84800255298615
4,20260825T082827Z,flybrain,0.01,0.009997186938740181,10.0,9.997186938740182,1386,43,0,33,18.592000007629395,161.3759994506836
4,20260825T082827Z,flybrain,0.01,0.009997186938740181,10.0,9.997186938740182,1386,43,0,34,18.432000651955605,165.02399742603302
4,20260825T082827Z,flybrain,0.01,0.009997186938740181,10.0,9.997186938740182,1386,43,0,35,18.49599927663803,160.89600324630737
4,20260825T082827Z,flybrain,0.01,0.009997186938740181,10.0,9.997186938740182,1386,43,0,36,18.624000251293182,167.77600347995758
4,20260825T082827Z,flybrain,0.01,0.009997186938740181,10.0,9.997186938740182,1386,43,0,37,18.400000408291817,161.40800714492798
4,20260825T082827Z,flybrain,0.01,0.009997186938740181,10.0,9.997186938740182,1386,43,0,38,18.52799952030182,162.9759967327118
4,20260825T082827Z,flybrain,0.01,0.009997186938740181,10.0,9.997186938740182,1386,43,0,39,18.559999763965607,158.78400206565857
4,20260825T082827Z,flybrain,0.01,0.009997186938740181,10.0,9.997186938740182,1386,43,0,40,18.624000251293182,167.10400581359863
4,20260825T082827Z,flybrain,0.01,0.009997186938740181,10.0,9.997186938740182,1386,43,0,41,18.33599992096424,163.4880006313324
4,20260825T082827Z,flybrain,0.01,0.009997186938740181,10.0,9.997186938740182,1386,43,0,42,18.52799952030182,163.4880006313324
4,20260825T082827Z,flybrain,0.01,0.009997186938740181,10.0,9.997186938740182,1386,43,0,43,18.52799952030182,163.00800442695618
4,20260825T082827Z,flybrain,0.01,0.009997186938740181,10.0,9.997186938740182,1386,43,0,44,18.624000251293182,163.61600160598755
4,20260825T082827Z,flybrain,0.01,0.009997186938740181,10.0,9.997186938740182,1386,43,0,45,18.464000895619392,167.58400201797485
4,20260825T082827Z,flybrain,0.01,0.009997186938740181,10.0,9.997186938740182,1386,43,0,46,18.464000895619392,162.91199624538422
4,20260825T082827Z,flybrain,0.01,0.009997186938740181,10.0,9.997186938740182,1386,43,0,47,18.49599927663803,163.00800442695618
4,20260825T082827Z,flybrain,0.01,0.009997186938740181,10.0,9.997186938740182,1386,43,0,48,18.49599927663803,161.47199273109436
4,20260825T082827Z,flybrain,0.01,0.009997186938740181,10.0,9.997186938740182,1386,43,0,49,18.52799952030182,163.5199934244156
4,20260825T082827Z,flybrain,0.01,0.009997186938740181,10.0,9.997186938740182,1386,43,0,50,18.49599927663803,161.47199273109436
4,20260825T082827Z,flybrain,0.01,0.009997186938740181,10.0,9.997186938740182,1386,43,0,51,18.464000895619392,165.69599509239197
4,20260825T082827Z,flybrain,0.01,0.009997186938740181,10.0,9.997186938740182,1386,43,0,52,18.432000651955605,165.50399363040924
4,20260825T082827Z,flybrain,0.01,0.009997186938740181,10.0,9.997186938740182,1386,43,0,53,18.49599927663803,165.50399363040924
4,20260825T082827Z,flybrain,0.01,0.009997186938740181,10.0,9.997186938740182,1386,43,0,54,18.464000895619392,161.47199273109436
4,20260825T082827Z,flybrain,0.01,0.009997186938740181,10.0,9.997186938740182,1386,43,0,55,18.400000408291817,167.10400581359863
4,20260825T082827Z,flybrain,0.01,0.009997186938740181,10.0,9.997186938740182,1386,43,0,56,18.432000651955605,161.53599321842194
4,20260825T082827Z,flybrain,0.01,0.009997186938740181,10.0,9.997186938740182,1386,43,0,57,18.52799952030182,160.863995552063
4,20260825T082827Z,flybrain,0.01,0.009997186938740181,10.0,9.997186938740182,1386,43,0,58,18.65600049495697,160.89600324630737
4,20260825T082827Z,flybrain,0.01,0.009997186938740181,10.0,9.997186938740182,1386,43,0,59,18.592000007629395,159.42400693893433
4,20260825T082827Z,flybrain,0.01,0.009997186938740181,10.0,9.997186938740182,1386,43,0,60,18.49599927663803,160.51200032234192
4,20260825T082827Z,flybrain,0.01,0.009997186938740181,10.0,9.997186938740182,1386,43,0,61,18.49599927663803,162.78399527072906
4,20260825T082827Z,flybrain,0.01,0.009997186938740181,10.0,9.997186938740182,1386,43,0,62,18.592000007629395,165.0560051202774
4,20260825T082827Z,flybrain,0.01,0.009997186938740181,10.0,9.997186938740182,1386,43,0,63,18.52799952030182,160.863995552063
4,20260825T082827Z,flybrain,0.01,0.009997186938740181,10.0,9.997186938740182,1386,43,0,64,18.432000651955605,165.0560051202774
4,20260825T082827Z,flybrain,0.01,0.009997186938740181,10.0,9.997186938740182,1386,43,0,65,18.65600049495697,160.863995552063
4,20260825T082827Z,flybrain,0.01,0.009997186938740181,10.0,9.997186938740182,1386,43,0,66,18.624000251293182,161.5999937057495
4,20260825T082827Z,flybrain,0.01,0.009997186938740181,10.0,9.997186938740182,1386,43,0,67,18.432000651955605,165.0560051202774
4,20260825T082827Z,flybrain,0.01,0.009997186938740181,10.0,9.997186938740182,1386,43,0,68,18.624000251293182,163.58399391174316
4,20260825T082827Z,flybrain,0.01,0.009997186938740181,10.0,9.997186938740182,1386,43,0,69,18.49599927663803,160.8320027589798
4,20260825T082827Z,flybrain,0.01,0.009997186938740181,10.0,9.997186938740182,1386,43,0,70,18.624000251293182,159.5200002193451
4,20260825T082827Z,flybrain,0.01,0.009997186938740181,10.0,9.997186938740182,1386,43,0,71,18.464000895619392,163.00800442695618
4,20260825T082827Z,flybrain,0.01,0.009997186938740181,10.0,9.997186938740182,1386,43,0,72,18.624000251293182,163.00800442695618
4,20260825T082827Z,flybrain,0.01,0.009997186938740181,10.0,9.997186938740182,1386,43,0,73,18.464000895619392,169.0559983253479
4,20260825T082827Z,flybrain,0.01,0.009997186938740181,10.0,9.997186938740182,1386,43,0,74,18.624000251293182,165.0560051202774
4,20260825T082827Z,flybrain,0.01,0.009997186938740181,10.0,9.997186938740182,1386,43,0,75,18.559999763965607,160.7999950647354
4,20260825T082827Z,flybrain,0.01,0.009997186938740181,10.0,9.997186938740182,1386,43,0,76,18.464000895619392,160.863995552063
4,20260825T082827Z,flybrain,0.01,0.009997186938740181,10.0,9.997186938740182,1386,43,0,77,18.65600049495697,163.61600160598755
4,20260825T082827Z,flybrain,0.01,0.009997186938740181,10.0,9.997186938740182,1386,43,0,78,18.400000408291817,163.55200111865997
4,20260825T082827Z,flybrain,0.01,0.009997186938740181,10.0,9.997186938740182,1386,43,0,79,18.52799952030182,160.96000373363495
4,20260825T082827Z,flybrain,0.01,0.009997186938740181,10.0,9.997186938740182,1386,43,0,80,18.592000007629395,164.95999693870544
4,20260825T082827Z,flybrain,0.01,0.009997186938740181,10.0,9.997186938740182,1386,43,0,81,18.624000251293182,163.455992937088
4,20260825T082827Z,flybrain,0.01,0.009997186938740181,10.0,9.997186938740182,1386,43,0,82,18.52799952030182,158.87999534606934
4,20260825T082827Z,flybrain,0.01,0.009997186938740181,10.0,9.997186938740182,1386,43,0,83,19.200000911951065,161.82400286197662
4,20260825T082827Z,flybrain,0.01,0.009997186938740181,10.0,9.997186938740182,1386,43,0,84,18.52799952030182,165.6319946050644
4,20260825T082827Z,flybrain,0.01,0.009997186938740181,10.0,9.997186938740182,1386,43,0,85,18.49599927663803,158.75199437141418
4,20260825T082827Z,flybrain,0.01,0.009997186938740181,10.0,9.997186938740182,1386,43,0,86,18.65600049495697,167.07199811935425
4,20260825T082827Z,flybrain,0.01,0.009997186938740181,10.0,9.997186938740182,1386,43,0,87,18.464000895619392,159.32799875736237
4,20260825T082827Z,flybrain,0.01,0.009997186938740181,10.0,9.997186938740182,1386,43,0,88,18.464000895619392,160.96000373363495
4,20260825T082827Z,flybrain,0.01,0.009997186938740181,10.0,9.997186938740182,1386,43,0,89,18.624000251293182,160.76800227165222
4,20260825T082827Z,flybrain,0.01,0.009997186938740181,10.0,9.997186938740182,1386,43,0,90,18.624000251293182,163.58399391174316
4,20260825T082827Z,flybrain,0.01,0.009997186938740181,10.0,9.997186938740182,1386,43,0,91,18.464000895619392,163.5199934244156
4,20260825T082827Z,flybrain,0.01,0.009997186938740181,10.0,9.997186938740182,1386,43,0,92,18.49599927663803,161.6320013999939
4,20260825T082827Z,flybrain,0.01,0.009997186938740181,10.0,9.997186938740182,1386,43,0,93,18.432000651955605,166.97600483894348
4,20260825T082827Z,flybrain,0.01,0.009997186938740181,10.0,9.997186938740182,1386,43,0,94,18.688000738620758,161.53599321842194
4,20260825T082827Z,flybrain,0.01,0.009997186938740181,10.0,9.997186938740182,1386,43,0,95,18.52799952030182,169.08800601959229
4,20260825T082827Z,flybrain,0.01,0.009997186938740181,10.0,9.997186938740182,1386,43,0,96,18.624000251293182,160.92799603939056
4,20260825T082827Z,flybrain,0.01,0.009997186938740181,10.0,9.997186938740182,1386,43,0,97,18.624000251293182,165.56799411773682
4,20260825T082827Z,flybrain,0.01,0.009997186938740181,10.0,9.997186938740182,1386,43,0,98,18.49599927663803,159.4880074262619
4,20260825T082827Z,flybrain,0.01,0.009997186938740181,10.0,9.997186938740182,1386,43,0,99,18.49599927663803,158.6879938840866
4,20260825T082827Z,flybrain,0.01,0.009997186938740181,10.0,9.997186938740182,1386,43,0,100,18.592000007629395,158.81599485874176
4,20260825T082827Z,flybrain,0.01,0.009997186938740181,10.0,9.997186938740182,1386,43,0,101,18.65600049495697,162.88000345230103
4,20260825T082827Z,flybrain,0.01,0.009997186938740181,10.0,9.997186938740182,1386,43,0,102,18.624000251293182,163.455992937088
4,20260825T082827Z,flybrain,0.01,0.009997186938740181,10.0,9.997186938740182,1386,43,0,103,18.49599927663803,161.69600188732147
4,20260825T082827Z,flybrain,0.01,0.009997186938740181,10.0,9.997186938740182,1386,43,0,104,18.33599992096424,163.68000209331512
4,20260825T082827Z,flybrain,0.01,0.009997186938740181,10.0,9.997186938740182,1386,43,0,105,18.400000408291817,163.4880006313324
4,20260825T082827Z,flybrain,0.01,0.009997186938740181,10.0,9.997186938740182,1386,43,0,106,18.49599927663803,162.56000101566315
4,20260825T082827Z,flybrain,0.01,0.009997186938740181,10.0,9.997186938740182,1386,43,0,107,18.464000895619392,165.02399742603302
4,20260825T082827Z,flybrain,0.01,0.009997186938740181,10.0,9.997186938740182,1386,43,0,108,18.49599927663803,160.89600324630737
4,20260825T082827Z,flybrain,0.01,0.009997186938740181,10.0,9.997186938740182,1386,43,0,109,18.624000251293182,158.84800255298615
4,20260825T082827Z,flybrain,0.01,0.009997186938740181,10.0,9.997186938740182,1386,43,0,110,18.624000251293182,163.61600160598755
4,20260825T082827Z,flybrain,0.01,0.009997186938740181,10.0,9.997186938740182,1386,43,0,111,18.52799952030182,158.84800255298615
4,20260825T082827Z,flybrain,0.01,0.009997186938740181,10.0,9.997186938740182,1386,43,0,112,18.464000895619392,158.91200304031372
4,20260825T082827Z,flybrain,0.01,0.009997186938740181,10.0,9.997186938740182,1386,43,0,113,18.624000251293182,162.9440039396286
4,20260825T082827Z,flybrain,0.01,0.009997186938740181,10.0,9.997186938740182,1386,43,0,114,18.624000251293182,165.0560051202774
4,20260825T082827Z,flybrain,0.01,0.009997186938740181,10.0,9.997186938740182,1386,43,0,115,18.52799952030182,159.4880074262619
4,20260825T082827Z,flybrain,0.01,0.009997186938740181,10.0,9.997186938740182,1386,43,0,116,18.49599927663803,165.47200083732605
4,20260825T082827Z,flybrain,0.01,0.009997186938740181,10.0,9.997186938740182,1386,43,0,117,18.49599927663803,160.60799360275269
4,20260825T082827Z,flybrain,0.01,0.009997186938740181,10.0,9.997186938740182,1386,43,0,118,18.624000251293182,162.84799575805664
4,20260825T082827Z,flybrain,0.01,0.009997186938740181,10.0,9.997186938740182,1386,43,0,119,18.49599927663803,163.58399391174316
4,20260825T082827Z,flybrain,0.01,0.009997186938740181,10.0,9.997186938740182,1386,43,0,120,18.49599927663803,164.95999693870544
4,20260825T082827Z,flybrain,0.01,0.009997186938740181,10.0,9.997186938740182,1386,43,0,121,18.559999763965607,161.56800091266632
4,20260825T082827Z,flybrain,0.01,0.009997186938740181,10.0,9.997186938740182,1386,43,0,122,18.432000651955605,164.99200463294983
4,20260825T082827Z,flybrain,0.01,0.009997186938740181,10.0,9.997186938740182,1386,43,0,123,18.432000651955605,163.00800442695618
4,20260825T082827Z,flybrain,0.01,0.009997186938740181,10.0,9.997186938740182,1386,43,0,124,18.624000251293182,160.863995552063
4,20260825T082827Z,flybrain,0.01,0.009997186938740181,10.0,9.997186938740182,1386,43,0,125,18.624000251293182,156.8640023469925
4,20260825T082827Z,flybrain,0.01,0.009997186938740181,10.0,9.997186938740182,1386,43,0,126,18.559999763965607,167.58400201797485
4,20260825T082827Z,flybrain,0.01,0.009997186938740181,10.0,9.997186938740182,1386,43,0,127,18.079999834299088,167.55199432373047
4,20260825T082827Z,flybrain,0.01,0.009997186938740181,10.0,9.997186938740182,1386,43,1,0,303.71201038360596,199.64799284934998
4,20260825T082827Z,flybrain,0.01,0.009997186938740181,10.0,9.997186938740182,1386,43,1,1,16.543999314308167,168.03200542926788
4,20260825T082827Z,flybrain,0.01,0.009997186938740181,10.0,9.997186938740182,1386,43,1,2,16.575999557971954,164.67200219631195
4,20260825T082827Z,flybrain,0.01,0.009997186938740181,10.0,9.997186938740182,1386,43,1,3,16.543999314308167,160.73599457740784
4,20260825T082827Z,flybrain,0.01,0.009997186938740181,10.0,9.997186938740182,1386,43,1,4,16.543999314308167,162.81600296497345
4,20260825T082827Z,flybrain,0.01,0.009997186938740181,10.0,9.997186938740182,1386,43,1,5,16.48000068962574,158.36800634860992
4,20260825T082827Z,flybrain,0.01,0.009997186938740181,10.0,9.997186938740182,1386,43,1,6,16.543999314308167,165.53600132465363
4,20260825T082827Z,flybrain,0.01,0.009997186938740181,10.0,9.997186938740182,1386,43,1,7,18.624000251293182,160.5760008096695
4,20260825T082827Z,flybrain,0.01,0.009997186938740181,10.0,9.997186938740182,1386,43,1,8,17.023999243974686,164.92800414562225
4,20260825T082827Z,flybrain,0.01,0.009997186938740181,10.0,9.997186938740182,1386,43,1,9,17.08799973130226,162.6880019903183
4,20260825T082827Z,flybrain,0.01,0.009997186938740181,10.0,9.997186938740182,1386,43,1,10,16.416000202298164,166.9120043516159
4,20260825T082827Z,flybrain,0.01,0.009997186938740181,10.0,9.997186938740182,1386,43,1,11,16.48000068962574,160.76800227165222
4,20260825T082827Z,flybrain,0.01,0.009997186938740181,10.0,9.997186938740182,1386,43,1,12,17.72800087928772,162.62400150299072
4,20260825T082827Z,flybrain,0.01,0.009997186938740181,10.0,9.997186938740182,1386,43,1,13,16.607999801635742,163.68000209331512
4,20260825T082827Z,flybrain,0.01,0.009997186938740181,10.0,9.997186938740182,1386,43,1,14,18.0479995906353,164.60800170898438
4,20260825T082827Z,flybrain,0.01,0.009997186938740181,10.0,9.997186938740182,1386,43,1,15,18.52799952030182,162.30399906635284
4,20260825T082827Z,flybrain,0.01,0.009997186938740181,10.0,9.997186938740182,1386,43,1,16,16.92800037562847,160.73599457740784
4,20260825T082827Z,flybrain,0.01,0.009997186938740181,10.0,9.997186938740182,1386,43,1,17,16.96000061929226,162.7199947834015
4,20260825T082827Z,flybrain,0.01,0.009997186938740181,10.0,9.997186938740182,1386,43,1,18,16.992000862956047,166.6560024023056
4,20260825T082827Z,flybrain,0.01,0.009997186938740181,10.0,9.997186938740182,1386,43,1,19,16.992000862956047,164.67200219631195
4,20260825T082827Z,flybrain,0.01,0.009997186938740181,10.0,9.997186938740182,1386,43,1,20,17.11999997496605,162.91199624538422
4,20260825T082827Z,flybrain,0.01,0.009997186938740181,10.0,9.997186938740182,1386,43,1,21,17.023999243974686,165.12000560760498
4,20260825T082827Z,flybrain,0.01,0.009997186938740181,10.0,9.997186938740182,1386,43,1,22,16.896000131964684,161.02400422096252
4,20260825T082827Z,flybrain,0.01,0.009997186938740181,10.0,9.997186938740182,1386,43,1,23,17.023999243974686,162.78399527072906
4,20260825T082827Z,flybrain,0.01,0.009997186938740181,10.0,9.997186938740182,1386,43,1,24,17.08799973130226,162.9440039396286
4,20260825T082827Z,flybrain,0.01,0.009997186938740181,10.0,9.997186938740182,1386,43,1,25,16.992000862956047,163.87200355529785
4,20260825T082827Z,flybrain,0.01,0.009997186938740181,10.0,9.997186938740182,1386,43,1,26,17.055999487638474,162.62400150299072
4,20260825T082827Z,flybrain,0.01,0.009997186938740181,10.0,9.997186938740182,1386,43,1,27,16.96000061929226,162.78399527072906
4,20260825T082827Z,flybrain,0.01,0.009997186938740181,10.0,9.997186938740182,1386,43,1,28,17.535999417304993,164.48000073432922
4,20260825T082827Z,flybrain,0.01,0.009997186938740181,10.0,9.997186938740182,1386,43,1,29,16.96000061929226,161.0880047082901
4,20260825T082827Z,flybrain,0.01,0.009997186938740181,10.0,9.997186938740182,1386,43,1,30,16.79999940097332,160.8320027589798
4,20260825T082827Z,flybrain,0.01,0.009997186938740181,10.0,9.997186938740182,1386,43,1,31,17.023999243974686,162.91199624538422
4,20260825T082827Z,flybrain,0.01,0.009997186938740181,10.0,9.997186938740182,1386,43,1,32,17.184000462293625,162.75200247764587
4,20260825T082827Z,flybrain,0.01,0.009997186938740181,10.0,9.997186938740182,1386,43,1,33,17.023999243974686,160.863995552063
4,20260825T082827Z,flybrain,0.01,0.009997186938740181,10.0,9.997186938740182,1386,43,1,34,16.992000862956047,165.02399742603302
4,20260825T082827Z,flybrain,0.01,0.009997186938740181,10.0,9.997186938740182,1386,43,1,35,16.896000131964684,160.7999950647354
4,20260825T082827Z,flybrain,0.01,0.009997186938740181,10.0,9.997186938740182,1386,43,1,36,17.27999933063984,166.84800386428833
4,20260825T082827Z,flybrain,0.01,0.009997186938740181,10.0,9.997186938740182,1386,43,1,37,17.055999487638474,160.92799603939056
4,20260825T082827Z,flybrain,0.01,0.009997186938740181,10.0,9.997186938740182,1386,43,1,38,17.055999487638474,162.6559942960739
4,20260825T082827Z,flybrain,0.01,0.009997186938740181,10.0,9.997186938740182,1386,43,1,39,17.023999243974686,158.9760035276413
4,20260825T082827Z,flybrain,0.01,0.009997186938740181,10.0,9.997186938740182,1386,43,1,40,17.055999487638474,166.81599617004395
4,20260825T082827Z,flybrain,0.01,0.009997186938740181,10.0,9.997186938740182,1386,43,1,41,16.896000131964684,162.81600296497345
4,20260825T082827Z,flybrain,0.01,0.009997186938740181,10.0,9.997186938740182,1386,43,1,42,16.992000862956047,162.78399527072906
4,20260825T082827Z,flybrain,0.01,0.009997186938740181,10.0,9.997186938740182,1386,43,1,43,16.831999644637108,163.00800442695618
4,20260825T082827Z,flybrain,0.01,0.009997186938740181,10.0,9.997186938740182,1386,43,1,44,16.92800037562847,162.81600296497345
4,20260825T082827Z,flybrain,0.01,0.009997186938740181,10.0,9.997186938740182,1386,43,1,45,17.216000705957413,167.13599860668182
4,20260825T082827Z,flybrain,0.01,0.009997186938740181,10.0,9.997186938740182,1386,43,1,46,16.767999157309532,165.18400609493256
4,20260825T082827Z,flybrain,0.01,0.009997186938740181,10.0,9.997186938740182,1386,43,1,47,16.863999888300896,162.81600296497345
4,20260825T082827Z,flybrain,0.01,0.009997186938740181,10.0,9.997186938740182,1386,43,1,48,17.08799973130226,163.80800306797028
4,20260825T082827Z,flybrain,0.01,0.009997186938740181,10.0,9.997186938740182,1386,43,1,49,17.152000218629837,162.81600296497345
4,20260825T082827Z,flybrain,0.01,0.009997186938740181,10.0,9.997186938740182,1386,43,1,50,16.92800037562847,160.8320027589798
4,20260825T082827Z,flybrain,0.01,0.009997186938740181,10.0,9.997186938740182,1386,43,1,51,16.92800037562847,165.3120070695877
4,20260825T082827Z,flybrain,0.01,0.009997186938740181,10.0,9.997186938740182,1386,43,1,52,16.96000061929226,164.8000031709671
4,20260825T082827Z,flybrain,0.01,0.009997186938740181,10.0,9.997186938740182,1386,43,1,53,16.96000061929226,165.0560051202774
4,20260825T082827Z,flybrain,0.01,0.009997186938740181,10.0,9.997186938740182,1386,43,1,54,16.992000862956047,162.88000345230103
4,20260825T082827Z,flybrain,0.01,0.009997186938740181,10.0,9.997186938740182,1386,43,1,55,16.96000061929226,168.7680035829544
4,20260825T082827Z,flybrain,0.01,0.009997186938740181,10.0,9.997186938740182,1386,43,1,56,17.08799973130226,160.5760008096695
4,20260825T082827Z,flybrain,0.01,0.009997186938740181,10.0,9.997186938740182,1386,43,1,57,16.92800037562847,160.92799603939056
4,20260825T082827Z,flybrain,0.01,0.009997186938740181,10.0,9.997186938740182,1386,43,1,58,17.023999243974686,162.9759967327118
4,20260825T082827Z,flybrain,0.01,0.009997186938740181,10.0,9.997186938740182,1386,43,1,59,17.023999243974686,158.720001578331
4,20260825T082827Z,flybrain,0.01,0.009997186938740181,10.0,9.997186938740182,1386,43,1,60,17.24799908697605,160.60799360275269
4,20260825T082827Z,flybrain,0.01,0.009997186938740181,10.0,9.997186938740182,1386,43,1,61,16.831999644637108,163.00800442695618
4,20260825T082827Z,flybrain,0.01,0.009997186938740181,10.0,9.997186938740182,1386,43,1,62,16.863999888300896,165.02399742603302
4,20260825T082827Z,flybrain,0.01,0.009997186938740181,10.0,9.997186938740182,1386,43,1,63,17.11999997496605,162.56000101566315
4,20260825T082827Z,flybrain,0.01,0.009997186938740181,10.0,9.997186938740182,1386,43,1,64,17.023999243974686,164.8319959640503
4,20260825T082827Z,flybrain,0.01,0.009997186938740181,10.0,9.997186938740182,1386,43,1,65,16.992000862956047,160.5439931154251
4,20260825T082827Z,flybrain,0.01,0.009997186938740181,10.0,9.997186938740182,1386,43,1,66,17.023999243974686,158.81599485874176
4,20260825T082827Z,flybrain,0.01,0.009997186938740181,10.0,9.997186938740182,1386,43,1,67,16.992000862956047,164.89599645137787
4,20260825T082827Z,flybrain,0.01,0.009997186938740181,10.0,9.997186938740182,1386,43,1,68,17.184000462293625,162.78399527072906
4,20260825T082827Z,flybrain,0.01,0.009997186938740181,10.0,9.997186938740182,1386,43,1,69,17.055999487638474,160.73599457740784
4,20260825T082827Z,flybrain,0.01,0.009997186938740181,10.0,9.997186938740182,1386,43,1,70,17.023999243974686,160.60799360275269
4,20260825T082827Z,flybrain,0.01,0.009997186938740181,10.0,9.997186938740182,1386,43,1,71,16.896000131964684,164.06400501728058
4,20260825T082827Z,flybrain,0.01,0.009997186938740181,10.0,9.997186938740182,1386,43,1,72,17.023999243974686,162.84799575805664
4,20260825T082827Z,flybrain,0.01,0.009997186938740181,10.0,9.997186938740182,1386,43,1,73,17.023999243974686,169.0559983253479
4,20260825T082827Z,flybrain,0.01,0.009997186938740181,10.0,9.997186938740182,1386,43,1,74,16.992000862956047,164.89599645137787
4,20260825T082827Z,flybrain,0.01,0.009997186938740181,10.0,9.997186938740182,1386,43,1,75,16.96000061929226,158.91200304031372
4,20260825T082827Z,flybrain,0.01,0.009997186938740181,10.0,9.997186938740182,1386,43,1,76,16.992000862956047,160.5760008096695
4,20260825T082827Z,flybrain,0.01,0.009997186938740181,10.0,9.997186938740182,1386,43,1,77,17.055999487638474,162.84799575805664
4,20260825T082827Z,flybrain,0.01,0.009997186938740181,10.0,9.997186938740182,1386,43,1,78,16.992000862956047,162.9759967327118
4,20260825T082827Z,flybrain,0.01,0.009997186938740181,10.0,9.997186938740182,1386,43,1,79,16.92800037562847,162.84799575805664
4,20260825T082827Z,flybrain,0.01,0.009997186938740181,10.0,9.997186938740182,1386,43,1,80,17.27999933063984,164.76799547672272
4,20260825T082827Z,flybrain,0.01,0.009997186938740181,10.0,9.997186938740182,1386,43,1,81,16.863999888300896,162.9759967327118
4,20260825T082827Z,flybrain,0.01,0.009997186938740181,10.0,9.997186938740182,1386,43,1,82,16.96000061929226,158.78400206565857
4,20260825T082827Z,flybrain,0.01,0.009997186938740181,10.0,9.997186938740182,1386,43,1,83,18.0479995906353,160.76800227165222
4,20260825T082827Z,flybrain,0.01,0.009997186938740181,10.0,9.997186938740182,1386,43,1,84,17.11999997496605,164.70399498939514
4,20260825T082827Z,flybrain,0.01,0.009997186938740181,10.0,9.997186938740182,1386,43,1,85,17.055999487638474,158.78400206565857
4,20260825T082827Z,flybrain,0.01,0.009997186938740181,10.0,9.997186938740182,1386,43,1,86,16.831999644637108,167.1680063009262
4,20260825T082827Z,flybrain,0.01,0.009997186938740181,10.0,9.997186938740182,1386,43,1,87,17.11999997496605,160.89600324630737
4,20260825T082827Z,flybrain,0.01,0.009997186938740181,10.0,9.997186938740182,1386,43,1,88,17.023999243974686,160.863995552063
4,20260825T082827Z,flybrain,0.01,0.009997186938740181,10.0,9.997186938740182,1386,43,1,89,17.023999243974686,160.67199409008026
4,20260825T082827Z,flybrain,0.01,0.009997186938740181,10.0,9.997186938740182,1386,43,1,90,16.96000061929226,163.07200491428375
4,20260825T082827Z,flybrain,0.01,0.009997186938740181,10.0,9.997186938740182,1386,43,1,91,16.92800037562847,164.8000031709671
4,20260825T082827Z,flybrain,0.01,0.009997186938740181,10.0,9.997186938740182,1386,43,1,92,17.216000705957413,160.51200032234192
4,20260825T082827Z,flybrain,0.01,0.009997186938740181,10.0,9.997186938740182,1386,43,1,93,16.896000131964684,167.23200678825378
4,20260825T082827Z,flybrain,0.01,0.009997186938740181,10.0,9.997186938740182,1386,43,1,94,16.767999157309532,160.863995552063
4,20260825T082827Z,flybrain,0.01,0.009997186938740181,10.0,9.997186938740182,1386,43,1,95,16.992000862956047,169.15200650691986
4,20260825T082827Z,flybrain,0.01,0.009997186938740181,10.0,9.997186938740182,1386,43,1,96,17.11999997496605,162.81600296497345
4,20260825T082827Z,flybrain,0.01,0.009997186938740181,10.0,9.997186938740182,1386,43,1,97,17.055999487638474,165.0879979133606
4,20260825T082827Z,flybrain,0.01,0.009997186938740181,10.0,9.997186938740182,1386,43,1,98,16.767999157309532,158.6879938840866
4,20260825T082827Z,flybrain,0.01,0.009997186938740181,10.0,9.997186938740182,1386,43,1,99,17.023999243974686,160.863995552063
4,20260825T082827Z,flybrain,0.01,0.009997186938740181,10.0,9.997186938740182,1386,43,1,100,17.055999487638474,158.55999290943146
4,20260825T082827Z,flybrain,0.01,0.009997186938740181,10.0,9.997186938740182,1386,43,1,101,16.992000862956047,163.16799819469452
4,20260825T082827Z,flybrain,0.01,0.009997186938740181,10.0,9.997186938740182,1386,43,1,102,16.736000776290894,162.9440039396286
4,20260825T082827Z,flybrain,0.01,0.009997186938740181,10.0,9.997186938740182,1386,43,1,103,17.055999487638474,160.863995552063
4,20260825T082827Z,flybrain,0.01,0.009997186938740181,10.0,9.997186938740182,1386,43,1,104,17.152000218629837,164.70399498939514
4,20260825T082827Z,flybrain,0.01,0.009997186938740181,10.0,9.997186938740182,1386,43,1,105,17.055999487638474,162.6880019903183
4,20260825T082827Z,flybrain,0.01,0.009997186938740181,10.0,9.997186938740182,1386,43,1,106,16.96000061929226,162.08000481128693
4,20260825T082827Z,flybrain,0.01,0.009997186938740181,10.0,9.997186938740182,1386,43,1,107,16.992000862956047,165.12000560760498
4,20260825T082827Z,flybrain,0.01,0.009997186938740181,10.0,9.997186938740182,1386,43,1,108,17.184000462293625,162.6559942960739
4,20260825T082827Z,flybrain,0.01,0.009997186938740181,10.0,9.997186938740182,1386,43,1,109,17.023999243974686,160.92799603939056
4,20260825T082827Z,flybrain,0.01,0.009997186938740181,10.0,9.997186938740182,1386,43,1,110,16.96000061929226,164.73600268363953
4,20260825T082827Z,flybrain,0.01,0.009997186938740181,10.0,9.997186938740182,1386,43,1,111,16.992000862956047,158.75199437141418
4,20260825T082827Z,flybrain,0.01,0.009997186938740181,10.0,9.997186938740182,1386,43,1,112,17.11999997496605,160.64000129699707
4,20260825T082827Z,flybrain,0.01,0.009997186938740181,10.0,9.997186938740182,1386,43,1,113,17.055999487638474,162.9759967327118
4,20260825T082827Z,flybrain,0.01,0.009997186938740181,10.0,9.997186938740182,1386,43,1,114,16.92800037562847,166.9120043516159
4,20260825T082827Z,flybrain,0.01,0.009997186938740181,10.0,9.997186938740182,1386,43,1,115,17.055999487638474,160.51200032234192
4,20260825T082827Z,flybrain,0.01,0.009997186938740181,10.0,9.997186938740182,1386,43,1,116,17.216000705957413,166.81599617004395
4,20260825T082827Z,flybrain,0.01,0.009997186938740181,10.0,9.997186938740182,1386,43,1,117,16.96000061929226,160.8320027589798
4,20260825T082827Z,flybrain,0.01,0.009997186938740181,10.0,9.997186938740182,1386,43,1,118,16.96000061929226,162.59199380874634
4,20260825T082827Z,flybrain,0.01,0.009997186938740181,10.0,9.997186938740182,1386,43,1,119,16.992000862956047,164.8000031709671
4,20260825T082827Z,flybrain,0.01,0.009997186938740181,10.0,9.997186938740182,1386,43,1,120,17.11999997496605,164.5440012216568
4,20260825T082827Z,flybrain,0.01,0.009997186938740181,10.0,9.997186938740182,1386,43,1,121,17.08799973130226,160.99199652671814
4,20260825T082827Z,flybrain,0.01,0.009997186938740181,10.0,9.997186938740182,1386,43,1,122,16.863999888300896,166.87999665737152
4,20260825T082827Z,flybrain,0.01,0.009997186938740181,10.0,9.997186938740182,1386,43,1,123,17.023999243974686,162.6880019903183
4,20260825T082827Z,flybrain,0.01,0.009997186938740181,10.0,9.997186938740182,1386,43,1,124,17.27999933063984,160.3199988603592
4,20260825T082827Z,flybrain,0.01,0.009997186938740181,10.0,9.997186938740182,1386,43,1,125,16.92800037562847,159.10400450229645
4,20260825T082827Z,flybrain,0.01,0.009997186938740181,10.0,9.997186938740182,1386,43,1,126,16.287999227643013,167.58400201797485
4,20260825T082827Z,flybrain,0.01,0.009997186938740181,10.0,9.997186938740182,1386,43,1,127,18.0479995906353,167.58400201797485
4,20260825T082827Z,flybrain,0.01,0.009997186938740181,10.0,9.997186938740182,1386,43,2,0,281.15200996398926,194.7840005159378
4,20260825T082827Z,flybrain,0.01,0.009997186938740181,10.0,9.997186938740182,1386,43,2,1,16.51199907064438,169.0240055322647
4,20260825T082827Z,flybrain,0.01,0.009997186938740181,10.0,9.997186938740182,1386,43,2,2,17.632000148296356,164.51199352741241
4,20260825T082827Z,flybrain,0.01,0.009997186938740181,10.0,9.997186938740182,1386,43,2,3,16.48000068962574,160.73599457740784
4,20260825T082827Z,flybrain,0.01,0.009997186938740181,10.0,9.997186938740182,1386,43,2,4,16.448000445961952,162.78399527072906
4,20260825T082827Z,flybrain,0.01,0.009997186938740181,10.0,9.997186938740182,1386,43,2,5,17.72800087928772,158.6879938840866
4,20260825T082827Z,flybrain,0.01,0.009997186938740181,10.0,9.997186938740182,1386,43,2,6,16.416000202298164,164.67200219631195
4,20260825T082827Z,flybrain,0.01,0.009997186938740181,10.0,9.997186938740182,1386,43,2,7,16.51199907064438,160.70400178432465
4,20260825T082827Z,flybrain,0.01,0.009997186938740181,10.0,9.997186938740182,1386,43,2,8,16.48000068962574,164.67200219631195
4,20260825T082827Z,flybrain,0.01,0.009997186938740181,10.0,9.997186938740182,1386,43,2,9,17.023999243974686,162.88000345230103
4,20260825T082827Z,flybrain,0.01,0.009997186938740181,10.0,9.997186938740182,1386,43,2,10,16.383999958634377,166.81599617004395
4,20260825T082827Z,flybrain,0.01,0.009997186938740181,10.0,9.997186938740182,1386,43,2,11,16.575999557971954,160.5760008096695
4,20260825T082827Z,flybrain,0.01,0.009997186938740181,10.0,9.997186938740182,1386,43,2,12,16.575999557971954,164.99200463294983
4,20260825T082827Z,flybrain,0.01,0.009997186938740181,10.0,9.997186938740182,1386,43,2,13,16.543999314308167,161.72799468040466
4,20260825T082827Z,flybrain,0.01,0.009997186938740181,10.0,9.997186938740182,1386,43,2,14,17.75999926030636,164.57599401474
4,20260825T082827Z,flybrain,0.01,0.009997186938740181,10.0,9.997186938740182,1386,43,2,15,17.75999926030636,162.56000101566315
4,20260825T082827Z,flybrain,0.01,0.009997186938740181,10.0,9.997186938740182,1386,43,2,16,18.432000651955605,160.25599837303162
4,20260825T082827Z,flybrain,0.01,0.009997186938740181,10.0,9.997186938740182,1386,43,2,17,16.767999157309532,160.96000373363495
4,20260825T082827Z,flybrain,0.01,0.009997186938740181,10.0,9.997186938740182,1386,43,2,18,17.055999487638474,166.84800386428833
4,20260825T082827Z,flybrain,0.01,0.009997186938740181,10.0,9.997186938740182,1386,43,2,19,16.992000862956047,163.2319986820221
4,20260825T082827Z,flybrain,0.01,0.009997186938740181,10.0,9.997186938740182,1386,43,2,20,16.92800037562847,162.81600296497345
4,20260825T082827Z,flybrain,0.01,0.009997186938740181,10.0,9.997186938740182,1386,43,2,21,17.184000462293625,166.72000288963318
4,20260825T082827Z,flybrain,0.01,0.009997186938740181,10.0,9.997186938740182,1386,43,2,22,16.992000862956047,160.8320027589798
4,20260825T082827Z,flybrain,0.01,0.009997186938740181,10.0,9.997186938740182,1386,43,2,23,18.912000581622124,162.91199624538422
4,20260825T082827Z,flybrain,0.01,0.009997186938740181,10.0,9.997186938740182,1386,43,2,24,19.13600042462349,162.78399527072906
4,20260825T082827Z,flybrain,0.01,0.009997186938740181,10.0,9.997186938740182,1386,43,2,25,19.007999449968338,161.85599565505981
4,20260825T082827Z,flybrain,0.01,0.009997186938740181,10.0,9.997186938740182,1386,43,2,26,16.92800037562847,163.03999722003937
4,20260825T082827Z,flybrain,0.01,0.009997186938740181,10.0,9.997186938740182,1386,43,2,27,18.912000581622124,162.59199380874634
4,20260825T082827Z,flybrain,0.01,0.009997186938740181,10.0,9.997186938740182,1386,43,2,28,16.831999644637108,162.9440039396286
4,20260825T082827Z,flybrain,0.01,0.009997186938740181,10.0,9.997186938740182,1386,43,2,29,17.08799973130226,162.7199947834015
4,20260825T082827Z,flybrain,0.01,0.009997186938740181,10.0,9.997186938740182,1386,43,2,30,16.992000862956047,160.67199409008026
4,20260825T082827Z,flybrain,0.01,0.009997186938740181,10.0,9.997186938740182,1386,43,2,31,18.97599920630455,160.8320027589798
4,20260825T082827Z,flybrain,0.01,0.009997186938740181,10.0,9.997186938740182,1386,43,2,32,17.023999243974686,158.78400206565857
4,20260825T082827Z,flybrain,0.01,0.009997186938740181,10.0,9.997186938740182,1386,43,2,33,19.007999449968338,162.78399527072906
4,20260825T082827Z,flybrain,0.01,0.009997186938740181,10.0,9.997186938740182,1386,43,2,34,16.96000061929226,164.89599645137787
4,20260825T082827Z,flybrain,0.01,0.009997186938740181,10.0,9.997186938740182,1386,43,2,35,16.863999888300896,162.9759967327118
4,20260825T082827Z,flybrain,0.01,0.009997186938740181,10.0,9.997186938740182,1386,43,2,36,18.783999606966972,166.9439971446991
4,20260825T082827Z,flybrain,0.01,0.009997186938740181,10.0,9.997186938740182,1386,43,2,37,17.023999243974686,160.863995552063
4,20260825T082827Z,flybrain,0.01,0.009997186938740181,10.0,9.997186938740182,1386,43,2,38,20.735999569296837,163.07200491428375
4,20260825T082827Z,flybrain,0.01,0.009997186938740181,10.0,9.997186938740182,1386,43,2,39,17.11999997496605,160.70400178432465
4,20260825T082827Z,flybrain,0.01,0.009997186938740181,10.0,9.997186938740182,1386,43,2,40,16.96000061929226,164.86400365829468
4,20260825T082827Z,flybrain,0.01,0.009997186938740181,10.0,9.997186938740182,1386,43,2,41,17.08799973130226,162.81600296497345
4,20260825T082827Z,flybrain,0.01,0.009997186938740181,10.0,9.997186938740182,1386,43,2,42,16.96000061929226,162.7199947834015
4,20260825T082827Z,flybrain,0.01,0.009997186938740181,10.0,9.997186938740182,1386,43,2,43,17.08799973130226,162.88000345230103
4,20260825T082827Z,flybrain,0.01,0.009997186938740181,10.0,9.997186938740182,1386,43,2,44,17.055999487638474,162.81600296497345
4,20260825T082827Z,flybrain,0.01,0.009997186938740181,10.0,9.997186938740182,1386,43,2,45,17.055999487638474,166.9439971446991
4,20260825T082827Z,flybrain,0.01,0.009997186938740181,10.0,9.997186938740182,1386,43,2,46,17.152000218629837,164.73600268363953
4,20260825T082827Z,flybrain,0.01,0.009997186938740181,10.0,9.997186938740182,1386,43,2,47,17.023999243974686,162.9440039396286
4,20260825T082827Z,flybrain,0.01,0.009997186938740181,10.0,9.997186938740182,1386,43,2,48,17.152000218629837,161.72799468040466
4,20260825T082827Z,flybrain,0.01,0.009997186938740181,10.0,9.997186938740182,1386,43,2,49,17.11999997496605,162.6559942960739
4,20260825T082827Z,flybrain,0.01,0.009997186938740181,10.0,9.997186938740182,1386,43,2,50,17.08799973130226,160.8320027589798
4,20260825T082827Z,flybrain,0.01,0.009997186938740181,10.0,9.997186938740182,1386,43,2,51,17.023999243974686,166.97600483894348
4,20260825T082827Z,flybrain,0.01,0.009997186938740181,10.0,9.997186938740182,1386,43,2,52,17.152000218629837,164.92800414562225
4,20260825T082827Z,flybrain,0.01,0.009997186938740181,10.0,9.997186938740182,1386,43,2,53,17.08799973130226,164.95999693870544
4,20260825T082827Z,flybrain,0.01,0.009997186938740181,10.0,9.997186938740182,1386,43,2,54,16.896000131964684,162.9440039396286
4,20260825T082827Z,flybrain,0.01,0.009997186938740181,10.0,9.997186938740182,1386,43,2,55,16.736000776290894,169.08800601959229
4,20260825T082827Z,flybrain,0.01,0.009997186938740181,10.0,9.997186938740182,1386,43,2,56,16.831999644637108,160.863995552063
4,20260825T082827Z,flybrain,0.01,0.009997186938740181,10.0,9.997186938740182,1386,43,2,57,16.992000862956047,160.64000129699707
4,20260825T082827Z,flybrain,0.01,0.009997186938740181,10.0,9.997186938740182,1386,43,2,58,17.023999243974686,160.8320027589798
4,20260825T082827Z,flybrain,0.01,0.009997186938740181,10.0,9.997186938740182,1386,43,2,59,16.79999940097332,158.65600109100342
4,20260825T082827Z,flybrain,0.01,0.009997186938740181,10.0,9.997186938740182,1386,43,2,60,16.96000061929226,160.8320027589798
4,20260825T082827Z,flybrain,0.01,0.009997186938740181,10.0,9.997186938740182,1386,43,2,61,16.96000061929226,160.96000373363495
4,20260825T082827Z,flybrain,0.01,0.009997186938740181,10.0,9.997186938740182,1386,43,2,62,17.055999487638474,164.92800414562225
4,20260825T082827Z,flybrain,0.01,0.009997186938740181,10.0,9.997186938740182,1386,43,2,63,16.96000061929226,162.78399527072906
4,20260825T082827Z,flybrain,0.01,0.009997186938740181,10.0,9.997186938740182,1386,43,2,64,17.055999487638474,164.95999693870544
4,20260825T082827Z,flybrain,0.01,0.009997186938740181,10.0,9.997186938740182,1386,43,2,65,16.896000131964684,160.67199409008026
4,20260825T082827Z,flybrain,0.01,0.009997186938740181,10.0,9.997186938740182,1386,43,2,66,17.152000218629837,160.7999950647354
4,20260825T082827Z,flybrain,0.01,0.009997186938740181,10.0,9.997186938740182,1386,43,2,67,16.96000061929226,164.8000031709671
4,20260825T082827Z,flybrain,0.01,0.009997186938740181,10.0,9.997186938740182,1386,43,2,68,16.96000061929226,162.88000345230103
4,20260825T082827Z,flybrain,0.01,0.009997186938740181,10.0,9.997186938740182,1386,43,2,69,16.92800037562847,160.8320027589798
4,20260825T082827Z,flybrain,0.01,0.009997186938740181,10.0,9.997186938740182,1386,43,2,70,16.992000862956047,160.8320027589798
4,20260825T082827Z,flybrain,0.01,0.009997186938740181,10.0,9.997186938740182,1386,43,2,71,16.992000862956047,163.80800306797028
4,20260825T082827Z,flybrain,0.01,0.009997186938740181,10.0,9.997186938740182,1386,43,2,72,16.896000131964684,163.03999722003937
4,20260825T082827Z,flybrain,0.01,0.009997186938740181,10.0,9.997186938740182,1386,43,2,73,17.023999243974686,169.11999881267548
4,20260825T082827Z,flybrain,0.01,0.009997186938740181,10.0,9.997186938740182,1386,43,2,74,16.96000061929226,164.76799547672272
4,20260825T082827Z,flybrain,0.01,0.009997186938740181,10.0,9.997186938740182,1386,43,2,75,16.992000862956047,160.863995552063
4,20260825T082827Z,flybrain,0.01,0.009997186938740181,10.0,9.997186938740182,1386,43,2,76,17.055999487638474,160.70400178432465
4,20260825T082827Z,flybrain,0.01,0.009997186938740181,10.0,9.997186938740182,1386,43,2,77,17.055999487638474,162.78399527072906
4,20260825T082827Z,flybrain,0.01,0.009997186938740181,10.0,9.997186938740182,1386,43,2,78,17.023999243974686,164.8000031709671
4,20260825T082827Z,flybrain,0.01,0.009997186938740181,10.0,9.997186938740182,1386,43,2,79,17.023999243974686,162.88000345230103
4,20260825T082827Z,flybrain,0.01,0.009997186938740181,10.0,9.997186938740182,1386,43,2,80,16.992000862956047,166.9120043516159
4,20260825T082827Z,flybrain,0.01,0.009997186938740181,10.0,9.997186938740182,1386,43,2,81,17.023999243974686,162.75200247764587
4,20260825T082827Z,flybrain,0.01,0.009997186938740181,10.0,9.997186938740182,1386,43,2,82,17.023999243974686,158.81599485874176
4,20260825T082827Z,flybrain,0.01,0.009997186938740181,10.0,9.997186938740182,1386,43,2,83,16.992000862956047,162.9759967327118
4,20260825T082827Z,flybrain,0.01,0.009997186938740181,10.0,9.997186938740182,1386,43,2,84,16.96000061929226,165.12000560760498
4,20260825T082827Z,flybrain,0.01,0.009997186938740181,10.0,9.997186938740182,1386,43,2,85,16.92800037562847,158.84800255298615
4,20260825T082827Z,flybrain,0.01,0.009997186938740181,10.0,9.997186938740182,1386,43,2,86,16.92800037562847,166.84800386428833
4,20260825T082827Z,flybrain,0.01,0.009997186938740181,10.0,9.997186938740182,1386,43,2,87,16.767999157309532,160.70400178432465
4,20260825T082827Z,flybrain,0.01,0.009997186938740181,10.0,9.997186938740182,1386,43,2,88,17.11999997496605,160.67199409008026
4,20260825T082827Z,flybrain,0.01,0.009997186938740181,10.0,9.997186938740182,1386,43,2,89,17.055999487638474,162.84799575805664
4,20260825T082827Z,flybrain,0.01,0.009997186938740181,10.0,9.997186938740182,1386,43,2,90,19.039999693632126,162.88000345230103
4,20260825T082827Z,flybrain,0.01,0.009997186938740181,10.0,9.997186938740182,1386,43,2,91,16.92800037562847,164.76799547672272
4,20260825T082827Z,flybrain,0.01,0.009997186938740181,10.0,9.997186938740182,1386,43,2,92,16.96000061929226,162.75200247764587
4,20260825T082827Z,flybrain,0.01,0.009997186938740181,10.0,9.997186938740182,1386,43,2,93,16.96000061929226,166.62399470806122
4,20260825T082827Z,flybrain,0.01,0.009997186938740181,10.0,9.997186938740182,1386,43,2,94,16.992000862956047,161.95200383663177
4,20260825T082827Z,flybrain,0.01,0.009997186938740181,10.0,9.997186938740182,1386,43,2,95,16.992000862956047,168.83200407028198
4,20260825T082827Z,flybrain,0.01,0.009997186938740181,10.0,9.997186938740182,1386,43,2,96,16.992000862956047,160.67199409008026
4,20260825T082827Z,flybrain,0.01,0.009997186938740181,10.0,9.997186938740182,1386,43,2,97,17.184000462293625,164.95999693870544
4,20260825T082827Z,flybrain,0.01,0.009997186938740181,10.0,9.997186938740182,1386,43,2,98,16.896000131964684,160.64000129699707
4,20260825T082827Z,flybrain,0.01,0.009997186938740181,10.0,9.997186938740182,1386,43,2,99,17.055999487638474,160.60799360275269
4,20260825T082827Z,flybrain,0.01,0.009997186938740181,10.0,9.997186938740182,1386,43,2,100,16.92800037562847,158.75199437141418
4,20260825T082827Z,flybrain,0.01,0.009997186938740181,10.0,9.997186938740182,1386,43,2,101,16.992000862956047,164.92800414562225
4,20260825T082827Z,flybrain,0.01,0.009997186938740181,10.0,9.997186938740182,1386,43,2,102,17.08799973130226,162.6559942960739
4,20260825T082827Z,flybrain,0.01,0.009997186938740181,10.0,9.997186938740182,1386,43,2,103,17.11999997496605,160.5760008096695
4,20260825T082827Z,flybrain,0.01,0.009997186938740181,10.0,9.997186938740182,1386,43,2,104,17.535999417304993,164.5440012216568
4,20260825T082827Z,flybrain,0.01,0.009997186938740181,10.0,9.997186938740182,1386,43,2,105,17.055999487638474,162.91199624538422
4,20260825T082827Z,flybrain,0.01,0.009997186938740181,10.0,9.997186938740182,1386,43,2,106,18.0479995906353,162.91199624538422
4,20260825T082827Z,flybrain,0.01,0.009997186938740181,10.0,9.997186938740182,1386,43,2,107,16.896000131964684,164.92800414562225
4,20260825T082827Z,flybrain,0.01,0.009997186938740181,10.0,9.997186938740182,1386,43,2,108,18.848000094294548,162.88000345230103
4,20260825T082827Z,flybrain,0.01,0.009997186938740181,10.0,9.997186938740182,1386,43,2,109,17.11999997496605,160.25599837303162
4,20260825T082827Z,flybrain,0.01,0.009997186938740181,10.0,9.997186938740182,1386,43,2,110,16.96000061929226,163.13600540161133
4,20260825T082827Z,flybrain,0.01,0.009997186938740181,10.0,9.997186938740182,1386,43,2,111,16.672000288963318,158.9439958333969
4,20260825T082827Z,flybrain,0.01,0.009997186938740181,10.0,9.997186938740182,1386,43,2,112,16.831999644637108,160.64000129699707
4,20260825T082827Z,flybrain,0.01,0.009997186938740181,10.0,9.997186938740182,1386,43,2,113,17.24799908697605,162.59199380874634
4,20260825T082827Z,flybrain,0.01,0.009997186938740181,10.0,9.997186938740182,1386,43,2,114,17.055999487638474,168.7680035829544
4,20260825T082827Z,flybrain,0.01,0.009997186938740181,10.0,9.997186938740182,1386,43,2,115,16.704000532627106,161.02400422096252
4,20260825T082827Z,flybrain,0.01,0.009997186938740181,10.0,9.997186938740182,1386,43,2,116,16.992000862956047,168.86399686336517
4,20260825T082827Z,flybrain,0.01,0.009997186938740181,10.0,9.997186938740182,1386,43,2,117,17.24799908697605,162.6880019903183
4,20260825T082827Z,flybrain,0.01,0.009997186938740181,10.0,9.997186938740182,1386,43,2,118,16.767999157309532,162.9759967327118
4,20260825T082827Z,flybrain,0.01,0.009997186938740181,10.0,9.997186938740182,1386,43,2,119,18.81599985063076,162.49600052833557
4,20260825T082827Z,flybrain,0.01,0.009997186938740181,10.0,9.997186938740182,1386,43,2,120,17.055999487638474,166.6879951953888
4,20260825T082827Z,flybrain,0.01,0.009997186938740181,10.0,9.997186938740182,1386,43,2,121,16.96000061929226,160.7999950647354
4,20260825T082827Z,flybrain,0.01,0.009997186938740181,10.0,9.997186938740182,1386,43,2,122,17.216000705957413,166.87999665737152
4,20260825T082827Z,flybrain,0.01,0.009997186938740181,10.0,9.997186938740182,1386,43,2,123,16.287999227643013,163.455992937088
4,20260825T082827Z,flybrain,0.01,0.009997186938740181,10.0,9.997186938740182,1386,43,2,124,18.36800016462803,160.70400178432465
4,20260825T082827Z,flybrain,0.01,0.009997186938740181,10.0,9.997186938740182,1386,43,2,125,18.49599927663803,156.8319946527481
4,20260825T082827Z,flybrain,0.01,0.009997186938740181,10.0,9.997186938740182,1386,43,2,126,17.08799973130226,167.58400201797485
4,20260825T082827Z,flybrain,0.01,0.009997186938740181,10.0,9.997186938740182,1386,43,2,127,18.079999834299088,167.58400201797485
4,20260825T082827Z,flybrain,0.01,0.009997186938740181,10.0,9.997186938740182,1386,43,3,0,293.5679852962494,198.81600141525269
4,20260825T082827Z,flybrain,0.01,0.009997186938740181,10.0,9.997186938740182,1386,43,3,1,16.575999557971954,169.0559983253479
4,20260825T082827Z,flybrain,0.01,0.009997186938740181,10.0,9.997186938740182,1386,43,3,2,16.383999958634377,163.80800306797028
4,20260825T082827Z,flybrain,0.01,0.009997186938740181,10.0,9.997186938740182,1386,43,3,3,16.416000202298164,160.73599457740784
4,20260825T082827Z,flybrain,0.01,0.009997186938740181,10.0,9.997186938740182,1386,43,3,4,16.48000068962574,162.78399527072906
4,20260825T082827Z,flybrain,0.01,0.009997186938740181,10.0,9.997186938740182,1386,43,3,5,16.575999557971954,158.59200060367584
4,20260825T082827Z,flybrain,0.01,0.009997186938740181,10.0,9.997186938740182,1386,43,3,6,16.51199907064438,164.70399498939514
4,20260825T082827Z,flybrain,0.01,0.009997186938740181,10.0,9.997186938740182,1386,43,3,7,17.11999997496605,160.7999950647354
4,20260825T082827Z,flybrain,0.01,0.009997186938740181,10.0,9.997186938740182,1386,43,3,8,16.48000068962574,164.70399498939514
4,20260825T082827Z,flybrain,0.01,0.009997186938740181,10.0,9.997186938740182,1386,43,3,9,18.65600049495697,162.59199380874634
4,20260825T082827Z,flybrain,0.01,0.009997186938740181,10.0,9.997186938740182,1386,43,3,10,16.51199907064438,166.78400337696075
4,20260825T082827Z,flybrain,0.01,0.009997186938740181,10.0,9.997186938740182,1386,43,3,11,16.543999314308167,160.67199409008026
4,20260825T082827Z,flybrain,0.01,0.009997186938740181,10.0,9.997186938740182,1386,43,3,12,17.055999487638474,162.91199624538422
4,20260825T082827Z,flybrain,0.01,0.009997186938740181,10.0,9.997186938740182,1386,43,3,13,16.448000445961952,162.6559942960739
4,20260825T082827Z,flybrain,0.01,0.009997186938740181,10.0,9.997186938740182,1386,43,3,14,17.952000722289085,164.51199352741241
4,20260825T082827Z,flybrain,0.01,0.009997186938740181,10.0,9.997186938740182,1386,43,3,15,17.823999747633934,162.62400150299072
4,20260825T082827Z,flybrain,0.01,0.009997186938740181,10.0,9.997186938740182,1386,43,3,16,18.624000251293182,160.16000509262085
4,20260825T082827Z,flybrain,0.01,0.009997186938740181,10.0,9.997186938740182,1386,43,3,17,16.863999888300896,162.9759967327118
4,20260825T082827Z,flybrain,0.01,0.009997186938740181,10.0,9.997186938740182,1386,43,3,18,16.863999888300896,164.8319959640503
4,20260825T082827Z,flybrain,0.01,0.009997186938740181,10.0,9.997186938740182,1386,43,3,19,16.992000862956047,164.8319959640503
4,20260825T082827Z,flybrain,0.01,0.009997186938740181,10.0,9.997186938740182,1386,43,3,20,17.216000705957413,162.75200247764587
4,20260825T082827Z,flybrain,0.01,0.009997186938740181,10.0,9.997186938740182,1386,43,3,21,16.92800037562847,165.0879979133606
4,20260825T082827Z,flybrain,0.01,0.009997186938740181,10.0,9.997186938740182,1386,43,3,22,16.96000061929226,160.7999950647354
4,20260825T082827Z,flybrain,0.01,0.009997186938740181,10.0,9.997186938740182,1386,43,3,23,16.92800037562847,162.88000345230103
4,20260825T082827Z,flybrain,0.01,0.009997186938740181,10.0,9.997186938740182,1386,43,3,24,17.152000218629837,165.02399742603302
4,20260825T082827Z,flybrain,0.01,0.009997186938740181,10.0,9.997186938740182,1386,43,3,25,16.92800037562847,161.82400286197662
4,20260825T082827Z,flybrain,0.01,0.009997186938740181,10.0,9.997186938740182,1386,43,3,26,16.96000061929226,163.00800442695618
4,20260825T082827Z,flybrain,0.01,0.009997186938740181,10.0,9.997186938740182,1386,43,3,27,16.992000862956047,162.84799575805664
4,20260825T082827Z,flybrain,0.01,0.009997186938740181,10.0,9.997186938740182,1386,43,3,28,17.152000218629837,162.78399527072906
4,20260825T082827Z,flybrain,0.01,0.009997186938740181,10.0,9.997186938740182,1386,43,3,29,17.023999243974686,163.13600540161133
4,20260825T082827Z,flybrain,0.01,0.009997186938740181,10.0,9.997186938740182,1386,43,3,30,16.672000288963318,160.7999950647354
4,20260825T082827Z,flybrain,0.01,0.009997186938740181,10.0,9.997186938740182,1386,43,3,31,16.92800037562847,160.8320027589798
4,20260825T082827Z,flybrain,0.01,0.009997186938740181,10.0,9.997186938740182,1386,43,3,32,17.11999997496605,158.81599485874176
4,20260825T082827Z,flybrain,0.01,0.009997186938740181,10.0,9.997186938740182,1386,43,3,33,17.055999487638474,160.92799603939056
4,20260825T082827Z,flybrain,0.01,0.009997186938740181,10.0,9.997186938740182,1386,43,3,34,17.184000462293625,164.92800414562225
4,20260825T082827Z,flybrain,0.01,0.009997186938740181,10.0,9.997186938740182,1386,43,3,35,17.023999243974686,162.7199947834015
4,20260825T082827Z,flybrain,0.01,0.009997186938740181,10.0,9.997186938740182,1386,43,3,36,17.08799973130226,166.9439971446991
4,20260825T082827Z,flybrain,0.01,0.009997186938740181,10.0,9.997186938740182,1386,43,3,37,17.055999487638474,160.92799603939056
4,20260825T082827Z,flybrain,0.01,0.009997186938740181,10.0,9.997186938740182,1386,43,3,38,16.96000061929226,162.9759967327118
4,20260825T082827Z,flybrain,0.01,0.009997186938740181,10.0,9.997186938740182,1386,43,3,39,17.055999487638474,158.65600109100342
4,20260825T082827Z,flybrain,0.01,0.009997186938740181,10.0,9.997186938740182,1386,43,3,40,17.152000218629837,164.89599645137787
4,20260825T082827Z,flybrain,0.01,0.009997186938740181,10.0,9.997186938740182,1386,43,3,41,17.055999487638474,165.02399742603302
4,20260825T082827Z,flybrain,0.01,0.009997186938740181,10.0,9.997186938740182,1386,43,3,42,16.992000862956047,162.84799575805664
4,20260825T082827Z,flybrain,0.01,0.009997186938740181,10.0,9.997186938740182,1386,43,3,43,16.992000862956047,164.92800414562225
4,20260825T082827Z,flybrain,0.01,0.009997186938740181,10.0,9.997186938740182,1386,43,3,44,16.992000862956047,162.78399527072906
4,20260825T082827Z,flybrain,0.01,0.009997186938740181,10.0,9.997186938740182,1386,43,3,45,17.11999997496605,167.07199811935425
4,20260825T082827Z,flybrain,0.01,0.009997186938740181,10.0,9.997186938740182,1386,43,3,46,16.92800037562847,165.15199840068817
4,20260825T082827Z,flybrain,0.01,0.009997186938740181,10.0,9.997186938740182,1386,43,3,47,16.896000131964684,161.0880047082901
4,20260825T082827Z,flybrain,0.01,0.009997186938740181,10.0,9.997186938740182,1386,43,3,48,17.023999243974686,161.53599321842194
4,20260825T082827Z,flybrain,0.01,0.009997186938740181,10.0,9.997186938740182,1386,43,3,49,16.92800037562847,162.9759967327118
4,20260825T082827Z,flybrain,0.01,0.009997186938740181,10.0,9.997186938740182,1386,43,3,50,16.863999888300896,163.03999722003937
4,20260825T082827Z,flybrain,0.01,0.009997186938740181,10.0,9.997186938740182,1386,43,3,51,16.992000862956047,164.8319959640503
4,20260825T082827Z,flybrain,0.01,0.009997186938740181,10.0,9.997186938740182,1386,43,3,52,16.96000061929226,164.86400365829468
4,20260825T082827Z,flybrain,0.01,0.009997186938740181,10.0,9.997186938740182,1386,43,3,53,16.896000131964684,164.89599645137787
4,20260825T082827Z,flybrain,0.01,0.009997186938740181,10.0,9.997186938740182,1386,43,3,54,16.992000862956047,160.8320027589798
4,20260825T082827Z,flybrain,0.01,0.009997186938740181,10.0,9.997186938740182,1386,43,3,55,16.92800037562847,168.7999963760376
4,20260825T082827Z,flybrain,0.01,0.009997186938740181,10.0,9.997186938740182,1386,43,3,56,17.11999997496605,160.67199409008026
4,20260825T082827Z,flybrain,0.01,0.009997186938740181,10.0,9.997186938740182,1386,43,3,57,16.96000061929226,160.60799360275269
4,20260825T082827Z,flybrain,0.01,0.009997186938740181,10.0,9.997186938740182,1386,43,3,58,17.023999243974686,160.863995552063
4,20260825T082827Z,flybrain,0.01,0.009997186938740181,10.0,9.997186938740182,1386,43,3,59,16.92800037562847,160.92799603939056
4,20260825T082827Z,flybrain,0.01,0.009997186938740181,10.0,9.997186938740182,1386,43,3,60,17.216000705957413,160.5439931154251
4,20260825T082827Z,flybrain,0.01,0.009997186938740181,10.0,9.997186938740182,1386,43,3,61,17.055999487638474,163.10399770736694
4,20260825T082827Z,flybrain,0.01,0.009997186938740181,10.0,9.997186938740182,1386,43,3,62,16.767999157309532,167.13599860668182
4,20260825T082827Z,flybrain,0.01,0.009997186938740181,10.0,9.997186938740182,1386,43,3,63,16.896000131964684,162.88000345230103
4,20260825T082827Z,flybrain,0.01,0.009997186938740181,10.0,9.997186938740182,1386,43,3,64,17.152000218629837,164.86400365829468
4,20260825T082827Z,flybrain,0.01,0.009997186938740181,10.0,9.997186938740182,1386,43,3,65,16.96000061929226,160.51200032234192
4,20260825T082827Z,flybrain,0.01,0.009997186938740181,10.0,9.997186938740182,1386,43,3,66,16.96000061929226,158.91200304031372
4,20260825T082827Z,flybrain,0.01,0.009997186938740181,10.0,9.997186938740182,1386,43,3,67,17.055999487638474,164.8319959640503
4,20260825T082827Z,flybrain,0.01,0.009997186938740181,10.0,9.997186938740182,1386,43,3,68,17.184000462293625,162.62400150299072
4,20260825T082827Z,flybrain,0.01,0.009997186938740181,10.0,9.997186938740182,1386,43,3,69,17.055999487638474,160.96000373363495
4,20260825T082827Z,flybrain,0.01,0.009997186938740181,10.0,9.997186938740182,1386,43,3,70,16.863999888300896,160.92799603939056
4,20260825T082827Z,flybrain,0.01,0.009997186938740181,10.0,9.997186938740182,1386,43,3,71,16.992000862956047,163.7759953737259
4,20260825T082827Z,flybrain,0.01,0.009997186938740181,10.0,9.997186938740182,1386,43,3,72,16.96000061929226,162.88000345230103
4,20260825T082827Z,flybrain,0.01,0.009997186938740181,10.0,9.997186938740182,1386,43,3,73,17.11999997496605,168.41599345207214
4,20260825T082827Z,flybrain,0.01,0.009997186938740181,10.0,9.997186938740182,1386,43,3,74,17.055999487638474,164.70399498939514
4,20260825T082827Z,flybrain,0.01,0.009997186938740181,10.0,9.997186938740182,1386,43,3,75,16.96000061929226,160.863995552063
4,20260825T082827Z,flybrain,0.01,0.009997186938740181,10.0,9.997186938740182,1386,43,3,76,17.055999487638474,160.73599457740784
4,20260825T082827Z,flybrain,0.01,0.009997186938740181,10.0,9.997186938740182,1386,43,3,77,17.023999243974686,162.88000345230103
4,20260825T082827Z,flybrain,0.01,0.009997186938740181,10.0,9.997186938740182,1386,43,3,78,16.831999644637108,162.91199624538422
4,20260825T082827Z,flybrain,0.01,0.009997186938740181,10.0,9.997186938740182,1386,43,3,79,16.92800037562847,162.6559942960739
4,20260825T082827Z,flybrain,0.01,0.009997186938740181,10.0,9.997186938740182,1386,43,3,80,17.184000462293625,164.57599401474
4,20260825T082827Z,flybrain,0.01,0.009997186938740181,10.0,9.997186938740182,1386,43,3,81,17.023999243974686,162.62400150299072
4,20260825T082827Z,flybrain,0.01,0.009997186938740181,10.0,9.997186938740182,1386,43,3,82,16.92800037562847,158.65600109100342
4,20260825T082827Z,flybrain,0.01,0.009997186938740181,10.0,9.997186938740182,1386,43,3,83,18.239999189972878,162.7199947834015
4,20260825T082827Z,flybrain,0.01,0.009997186938740181,10.0,9.997186938740182,1386,43,3,84,16.992000862956047,164.86400365829468
4,20260825T082827Z,flybrain,0.01,0.009997186938740181,10.0,9.997186938740182,1386,43,3,85,16.992000862956047,158.87999534606934
4,20260825T082827Z,flybrain,0.01,0.009997186938740181,10.0,9.997186938740182,1386,43,3,86,16.96000061929226,166.84800386428833
4,20260825T082827Z,flybrain,0.01,0.009997186938740181,10.0,9.997186938740182,1386,43,3,87,16.92800037562847,160.863995552063
4,20260825T082827Z,flybrain,0.01,0.009997186938740181,10.0,9.997186938740182,1386,43,3,88,17.023999243974686,160.47999262809753
4,20260825T082827Z,flybrain,0.01,0.009997186938740181,10.0,9.997186938740182,1386,43,3,89,17.08799973130226,163.07200491428375
4,20260825T082827Z,flybrain,0.01,0.009997186938740181,10.0,9.997186938740182,1386,43,3,90,16.92800037562847,162.78399527072906
4,20260825T082827Z,flybrain,0.01,0.009997186938740181,10.0,9.997186938740182,1386,43,3,91,17.023999243974686,165.0560051202774
4,20260825T082827Z,flybrain,0.01,0.009997186938740181,10.0,9.997186938740182,1386,43,3,92,17.11999997496605,160.5760008096695
4,20260825T082827Z,flybrain,0.01,0.009997186938740181,10.0,9.997186938740182,1386,43,3,93,17.08799973130226,167.29600727558136
4,20260825T082827Z,flybrain,0.01,0.009997186938740181,10.0,9.997186938740182,1386,43,3,94,18.688000738620758,163.00800442695618
4,20260825T082827Z,flybrain,0.01,0.009997186938740181,10.0,9.997186938740182,1386,43,3,95,16.96000061929226,169.27999258041382
4,20260825T082827Z,flybrain,0.01,0.009997186938740181,10.0,9.997186938740182,1386,43,3,96,16.96000061929226,160.64000129699707
4,20260825T082827Z,flybrain,0.01,0.009997186938740181,10.0,9.997186938740182,1386,43,3,97,16.92800037562847,165.02399742603302
4,20260825T082827Z,flybrain,0.01,0.009997186938740181,10.0,9.997186938740182,1386,43,3,98,16.896000131964684,158.87999534606934
4,20260825T082827Z,flybrain,0.01,0.009997186938740181,10.0,9.997186938740182,1386,43,3,99,16.92800037562847,160.89600324630737
4,20260825T082827Z,flybrain,0.01,0.009997186938740181,10.0,9.997186938740182,1386,43,3,100,17.216000705957413,158.59200060367584
4,20260825T082827Z,flybrain,0.01,0.009997186938740181,10.0,9.997186938740182,1386,43,3,101,17.08799973130226,162.91199624538422
4,20260825T082827Z,flybrain,0.01,0.009997186938740181,10.0,9.997186938740182,1386,43,3,102,16.896000131964684,162.75200247764587
4,20260825T082827Z,flybrain,0.01,0.009997186938740181,10.0,9.997186938740182,1386,43,3,103,16.896000131964684,160.89600324630737
4,20260825T082827Z,flybrain,0.01,0.009997186938740181,10.0,9.997186938740182,1386,43,3,104,17.184000462293625,164.63999450206757
4,20260825T082827Z,flybrain,0.01,0.009997186938740181,10.0,9.997186938740182,1386,43,3,105,17.08799973130226,163.03999722003937
4,20260825T082827Z,flybrain,0.01,0.009997186938740181,10.0,9.997186938740182,1386,43,3,106,16.863999888300896,161.85599565505981
4,20260825T082827Z,flybrain,0.01,0.009997186938740181,10.0,9.997186938740182,1386,43,3,107,16.96000061929226,165.0879979133606
4,20260825T082827Z,flybrain,0.01,0.009997186938740181,10.0,9.997186938740182,1386,43,3,108,17.11999997496605,160.8320027589798
4,20260825T082827Z,flybrain,0.01,0.009997186938740181,10.0,9.997186938740182,1386,43,3,109,17.08799973130226,160.7999950647354
4,20260825T082827Z,flybrain,0.01,0.009997186938740181,10.0,9.997186938740182,1386,43,3,110,16.92800037562847,162.81600296497345
4,20260825T082827Z,flybrain,0.01,0.009997186938740181,10.0,9.997186938740182,1386,43,3,111,16.896000131964684,158.6879938840866
4,20260825T082827Z,flybrain,0.01,0.009997186938740181,10.0,9.997186938740182,1386,43,3,112,17.08799973130226,160.70400178432465
4,20260825T082827Z,flybrain,0.01,0.009997186938740181,10.0,9.997186938740182,1386,43,3,113,17.11999997496605,162.9440039396286
4,20260825T082827Z,flybrain,0.01,0.009997186938740181,10.0,9.997186938740182,1386,43,3,114,16.863999888300896,166.84800386428833
4,20260825T082827Z,flybrain,0.01,0.009997186938740181,10.0,9.997186938740182,1386,43,3,115,16.992000862956047,160.70400178432465
4,20260825T082827Z,flybrain,0.01,0.009997186938740181,10.0,9.997186938740182,1386,43,3,116,17.08799973130226,167.00799763202667
4,20260825T082827Z,flybrain,0.01,0.009997186938740181,10.0,9.997186938740182,1386,43,3,117,17.023999243974686,162.78399527072906
4,20260825T082827Z,flybrain,0.01,0.009997186938740181,10.0,9.997186938740182,1386,43,3,118,16.92800037562847,164.70399498939514
4,20260825T082827Z,flybrain,0.01,0.009997186938740181,10.0,9.997186938740182,1386,43,3,119,16.831999644637108,162.91199624538422
4,20260825T082827Z,flybrain,0.01,0.009997186938740181,10.0,9.997186938740182,1386,43,3,120,17.11999997496605,166.62399470806122
4,20260825T082827Z,flybrain,0.01,0.009997186938740181,10.0,9.997186938740182,1386,43,3,121,16.992000862956047,160.92799603939056
4,20260825T082827Z,flybrain,0.01,0.009997186938740181,10.0,9.997186938740182,1386,43,3,122,17.023999243974686,166.75199568271637
4,20260825T082827Z,flybrain,0.01,0.009997186938740181,10.0,9.997186938740182,1386,43,3,123,16.96000061929226,162.78399527072906
4,20260825T082827Z,flybrain,0.01,0.009997186938740181,10.0,9.997186938740182,1386,43,3,124,17.27999933063984,160.41600704193115
4,20260825T082827Z,flybrain,0.01,0.009997186938740181,10.0,9.997186938740182,1386,43,3,125,17.08799973130226,158.84800255298615
4,20260825T082827Z,flybrain,0.01,0.009997186938740181,10.0,9.997186938740182,1386,43,3,126,16.3199994713068,165.53600132465363
4,20260825T082827Z,flybrain,0.01,0.009997186938740181,10.0,9.997186938740182,1386,43,3,127,18.079999834299088,167.58400201797485
4,20260825T082827Z,flybrain,0.01,0.009997186938740181,10.0,9.997186938740182,1386,43,4,0,344.31999921798706,213.72799575328827
4,20260825T082827Z,flybrain,0.01,0.009997186938740181,10.0,9.997186938740182,1386,43,4,1,17.664000391960144,170.78399658203125
4,20260825T082827Z,flybrain,0.01,0.009997186938740181,10.0,9.997186938740182,1386,43,4,2,17.72800087928772,162.6559942960739
4,20260825T082827Z,flybrain,0.01,0.009997186938740181,10.0,9.997186938740182,1386,43,4,3,16.287999227643013,160.76800227165222
4,20260825T082827Z,flybrain,0.01,0.009997186938740181,10.0,9.997186938740182,1386,43,4,4,16.736000776290894,163.00800442695618
4,20260825T082827Z,flybrain,0.01,0.009997186938740181,10.0,9.997186938740182,1386,43,4,5,18.0479995906353,158.36800634860992
4,20260825T082827Z,flybrain,0.01,0.009997186938740181,10.0,9.997186938740182,1386,43,4,6,16.51199907064438,164.86400365829468
4,20260825T082827Z,flybrain,0.01,0.009997186938740181,10.0,9.997186938740182,1386,43,4,7,16.48000068962574,160.5439931154251
4,20260825T082827Z,flybrain,0.01,0.009997186938740181,10.0,9.997186938740182,1386,43,4,8,16.767999157309532,164.8000031709671
4,20260825T082827Z,flybrain,0.01,0.009997186938740181,10.0,9.997186938740182,1386,43,4,9,16.383999958634377,164.60800170898438
4,20260825T082827Z,flybrain,0.01,0.009997186938740181,10.0,9.997186938740182,1386,43,4,10,16.35199971497059,166.78400337696075
4,20260825T082827Z,flybrain,0.01,0.009997186938740181,10.0,9.997186938740182,1386,43,4,11,16.416000202298164,160.73599457740784
4,20260825T082827Z,flybrain,0.01,0.009997186938740181,10.0,9.997186938740182,1386,43,4,12,16.416000202298164,164.5440012216568
4,20260825T082827Z,flybrain,0.01,0.009997186938740181,10.0,9.997186938740182,1386,43,4,13,16.96000061929226,163.03999722003937
4,20260825T082827Z,flybrain,0.01,0.009997186938740181,10.0,9.997186938740182,1386,43,4,14,17.696000635623932,164.73600268363953
4,20260825T082827Z,flybrain,0.01,0.009997186938740181,10.0,9.997186938740182,1386,43,4,15,17.791999503970146,162.49600052833557
4,20260825T082827Z,flybrain,0.01,0.009997186938740181,10.0,9.997186938740182,1386,43,4,16,18.112000077962875,160.70400178432465
4,20260825T082827Z,flybrain,0.01,0.009997186938740181,10.0,9.997186938740182,1386,43,4,17,18.624000251293182,162.33600676059723
4,20260825T082827Z,flybrain,0.01,0.009997186938740181,10.0,9.997186938740182,1386,43,4,18,18.751999363303185,167.00799763202667
4,20260825T082827Z,flybrain,0.01,0.009997186938740181,10.0,9.997186938740182,1386,43,4,19,17.023999243974686,164.92800414562225
4,20260825T082827Z,flybrain,0.01,0.009997186938740181,10.0,9.997186938740182,1386,43,4,20,17.184000462293625,162.78399527072906
4,20260825T082827Z,flybrain,0.01,0.009997186938740181,10.0,9.997186938740182,1386,43,4,21,16.896000131964684,166.87999665737152
4,20260825T082827Z,flybrain,0.01,0.009997186938740181,10.0,9.997186938740182,1386,43,4,22,17.08799973130226,160.64000129699707
4,20260825T082827Z,flybrain,0.01,0.009997186938740181,10.0,9.997186938740182,1386,43,4,23,18.912000581622124,162.6559942960739
4,20260825T082827Z,flybrain,0.01,0.009997186938740181,10.0,9.997186938740182,1386,43,4,24,19.039999693632126,164.99200463294983
4,20260825T082827Z,flybrain,0.01,0.009997186938740181,10.0,9.997186938740182,1386,43,4,25,17.88800023496151,162.78399527072906
4,20260825T082827Z,flybrain,0.01,0.009997186938740181,10.0,9.997186938740182,1386,43,4,26,16.992000862956047,162.9440039396286
4,20260825T082827Z,flybrain,0.01,0.009997186938740181,10.0,9.997186938740182,1386,43,4,27,18.912000581622124,164.89599645137787
4,20260825T082827Z,flybrain,0.01,0.009997186938740181,10.0,9.997186938740182,1386,43,4,28,16.96000061929226,162.78399527072906
4,20260825T082827Z,flybrain,0.01,0.009997186938740181,10.0,9.997186938740182,1386,43,4,29,17.055999487638474,160.73599457740784
4,20260825T082827Z,flybrain,0.01,0.009997186938740181,10.0,9.997186938740182,1386,43,4,30,17.023999243974686,160.51200032234192
4,20260825T082827Z,flybrain,0.01,0.009997186938740181,10.0,9.997186938740182,1386,43,4,31,19.071999937295914,160.96000373363495
4,20260825T082827Z,flybrain,0.01,0.009997186938740181,10.0,9.997186938740182,1386,43,4,32,17.055999487638474,158.65600109100342
4,20260825T082827Z,flybrain,0.01,0.009997186938740181,10.0,9.997186938740182,1386,43,4,33,19.007999449968338,160.7999950647354
4,20260825T082827Z,flybrain,0.01,0.009997186938740181,10.0,9.997186938740182,1386,43,4,34,16.96000061929226,164.76799547672272
4,20260825T082827Z,flybrain,0.01,0.009997186938740181,10.0,9.997186938740182,1386,43,4,35,16.896000131964684,162.6880019903183
4,20260825T082827Z,flybrain,0.01,0.009997186938740181,10.0,9.997186938740182,1386,43,4,36,16.896000131964684,167.13599860668182
4,20260825T082827Z,flybrain,0.01,0.009997186938740181,10.0,9.997186938740182,1386,43,4,37,16.896000131964684,160.863995552063
4,20260825T082827Z,flybrain,0.01,0.009997186938740181,10.0,9.997186938740182,1386,43,4,38,16.992000862956047,162.62400150299072
4,20260825T082827Z,flybrain,0.01,0.009997186938740181,10.0,9.997186938740182,1386,43,4,39,16.896000131964684,160.67199409008026
4,20260825T082827Z,flybrain,0.01,0.009997186938740181,10.0,9.997186938740182,1386,43,4,40,17.023999243974686,164.92800414562225
4,20260825T082827Z,flybrain,0.01,0.009997186938740181,10.0,9.997186938740182,1386,43,4,41,17.152000218629837,162.78399527072906
4,20260825T082827Z,flybrain,0.01,0.009997186938740181,10.0,9.997186938740182,1386,43,4,42,16.92800037562847,162.9440039396286
4,20260825T082827Z,flybrain,0.01,0.009997186938740181,10.0,9.997186938740182,1386,43,4,43,16.96000061929226,163.07200491428375
4,20260825T082827Z,flybrain,0.01,0.009997186938740181,10.0,9.997186938740182,1386,43,4,44,16.992000862956047,162.88000345230103
4,20260825T082827Z,flybrain,0.01,0.009997186938740181,10.0,9.997186938740182,1386,43,4,45,17.152000218629837,166.87999665737152
4,20260825T082827Z,flybrain,0.01,0.009997186938740181,10.0,9.997186938740182,1386,43,4,46,17.216000705957413,164.76799547672272
4,20260825T082827Z,flybrain,0.01,0.009997186938740181,10.0,9.997186938740182,1386,43,4,47,16.863999888300896,160.863995552063
4,20260825T082827Z,flybrain,0.01,0.009997186938740181,10.0,9.997186938740182,1386,43,4,48,17.08799973130226,161.6320013999939
4,20260825T082827Z,flybrain,0.01,0.009997186938740181,10.0,9.997186938740182,1386,43,4,49,16.992000862956047,162.88000345230103
4,20260825T082827Z,flybrain,0.01,0.009997186938740181,10.0,9.997186938740182,1386,43,4,50,16.896000131964684,161.02400422096252
4,20260825T082827Z,flybrain,0.01,0.009997186938740181,10.0,9.997186938740182,1386,43,4,51,16.79999940097332,164.92800414562225
4,20260825T082827Z,flybrain,0.01,0.009997186938740181,10.0,9.997186938740182,1386,43,4,52,16.96000061929226,165.0879979133606
4,20260825T082827Z,flybrain,0.01,0.009997186938740181,10.0,9.997186938740182,1386,43,4,53,17.023999243974686,164.8000031709671
4,20260825T082827Z,flybrain,0.01,0.009997186938740181,10.0,9.997186938740182,1386,43,4,54,17.023999243974686,163.00800442695618
4,20260825T082827Z,flybrain,0.01,0.009997186938740181,10.0,9.997186938740182,1386,43,4,55,18.848000094294548,168.99199783802032
4,20260825T082827Z,flybrain,0.01,0.009997186938740181,10.0,9.997186938740182,1386,43,4,56,16.992000862956047,160.92799603939056
4,20260825T082827Z,flybrain,0.01,0.009997186938740181,10.0,9.997186938740182,1386,43,4,57,16.96000061929226,160.70400178432465
4,20260825T082827Z,flybrain,0.01,0.009997186938740181,10.0,9.997186938740182,1386,43,4,58,17.023999243974686,160.76800227165222
4,20260825T082827Z,flybrain,0.01,0.009997186938740181,10.0,9.997186938740182,1386,43,4,59,16.96000061929226,158.720001578331
4,20260825T082827Z,flybrain,0.01,0.009997186938740181,10.0,9.997186938740182,1386,43,4,60,17.055999487638474,160.96000373363495
4,20260825T082827Z,flybrain,0.01,0.009997186938740181,10.0,9.997186938740182,1386,43,4,61,16.992000862956047,162.7199947834015
4,20260825T082827Z,flybrain,0.01,0.009997186938740181,10.0,9.997186938740182,1386,43,4,62,16.992000862956047,166.81599617004395
4,20260825T082827Z,flybrain,0.01,0.009997186938740181,10.0,9.997186938740182,1386,43,4,63,16.96000061929226,162.88000345230103
4,20260825T082827Z,flybrain,0.01,0.009997186938740181,10.0,9.997186938740182,1386,43,4,64,16.992000862956047,165.0560051202774
4,20260825T082827Z,flybrain,0.01,0.009997186938740181,10.0,9.997186938740182,1386,43,4,65,17.023999243974686,160.863995552063
4,20260825T082827Z,flybrain,0.01,0.009997186938740181,10.0,9.997186938740182,1386,43,4,66,16.992000862956047,160.51200032234192
4,20260825T082827Z,flybrain,0.01,0.009997186938740181,10.0,9.997186938740182,1386,43,4,67,16.992000862956047,165.0560051202774
4,20260825T082827Z,flybrain,0.01,0.009997186938740181,10.0,9.997186938740182,1386,43,4,68,16.92800037562847,163.00800442695618
4,20260825T082827Z,flybrain,0.01,0.009997186938740181,10.0,9.997186938740182,1386,43,4,69,17.08799973130226,160.96000373363495
4,20260825T082827Z,flybrain,0.01,0.009997186938740181,10.0,9.997186938740182,1386,43,4,70,17.055999487638474,162.81600296497345
4,20260825T082827Z,flybrain,0.01,0.009997186938740181,10.0,9.997186938740182,1386,43,4,71,16.79999940097332,163.93600404262543
4,20260825T082827Z,flybrain,0.01,0.009997186938740181,10.0,9.997186938740182,1386,43,4,72,16.96000061929226,164.92800414562225
4,20260825T082827Z,flybrain,0.01,0.009997186938740181,10.0,9.997186938740182,1386,43,4,73,17.11999997496605,171.07200622558594
4,20260825T082827Z,flybrain,0.01,0.009997186938740181,10.0,9.997186938740182,1386,43,4,74,16.992000862956047,164.89599645137787
4,20260825T082827Z,flybrain,0.01,0.009997186938740181,10.0,9.997186938740182,1386,43,4,75,16.96000061929226,160.73599457740784
4,20260825T082827Z,flybrain,0.01,0.009997186938740181,10.0,9.997186938740182,1386,43,4,76,17.023999243974686,160.67199409008026
4,20260825T082827Z,flybrain,0.01,0.009997186938740181,10.0,9.997186938740182,1386,43,4,77,17.023999243974686,162.6559942960739
4,20260825T082827Z,flybrain,0.01,0.009997186938740181,10.0,9.997186938740182,1386,43,4,78,16.92800037562847,162.84799575805664
4,20260825T082827Z,flybrain,0.01,0.009997186938740181,10.0,9.997186938740182,1386,43,4,79,17.023999243974686,162.75200247764587
4,20260825T082827Z,flybrain,0.01,0.009997186938740181,10.0,9.997186938740182,1386,43,4,80,16.992000862956047,164.89599645137787
4,20260825T082827Z,flybrain,0.01,0.009997186938740181,10.0,9.997186938740182,1386,43,4,81,16.992000862956047,162.84799575805664
4,20260825T082827Z,flybrain,0.01,0.009997186938740181,10.0,9.997186938740182,1386,43,4,82,17.023999243974686,158.91200304031372
4,20260825T082827Z,flybrain,0.01,0.009997186938740181,10.0,9.997186938740182,1386,43,4,83,16.992000862956047,162.59199380874634
4,20260825T082827Z,flybrain,0.01,0.009997186938740181,10.0,9.997186938740182,1386,43,4,84,16.896000131964684,164.92800414562225
4,20260825T082827Z,flybrain,0.01,0.009997186938740181,10.0,9.997186938740182,1386,43,4,85,17.023999243974686,158.62399339675903
4,20260825T082827Z,flybrain,0.01,0.009997186938740181,10.0,9.997186938740182,1386,43,4,86,17.152000218629837,166.81599617004395
4,20260825T082827Z,flybrain,0.01,0.009997186938740181,10.0,9.997186938740182,1386,43,4,87,16.79999940097332,160.8320027589798
4,20260825T082827Z,flybrain,0.01,0.009997186938740181,10.0,9.997186938740182,1386,43,4,88,16.863999888300896,160.89600324630737
4,20260825T082827Z,flybrain,0.01,0.009997186938740181,10.0,9.997186938740182,1386,43,4,89,17.08799973130226,161.05599701404572
4,20260825T082827Z,flybrain,0.01,0.009997186938740181,10.0,9.997186938740182,1386,43,4,90,18.94400082528591,164.89599645137787
4,20260825T082827Z,flybrain,0.01,0.009997186938740181,10.0,9.997186938740182,1386,43,4,91,17.08799973130226,164.73600268363953
4,20260825T082827Z,flybrain,0.01,0.009997186938740181,10.0,9.997186938740182,1386,43,4,92,16.96000061929226,160.92799603939056
4,20260825T082827Z,flybrain,0.01,0.009997186938740181,10.0,9.997186938740182,1386,43,4,93,16.831999644637108,166.81599617004395
4,20260825T082827Z,flybrain,0.01,0.009997186938740181,10.0,9.997186938740182,1386,43,4,94,17.055999487638474,161.5999937057495
4,20260825T082827Z,flybrain,0.01,0.009997186938740181,10.0,9.997186938740182,1386,43,4,95,16.96000061929226,169.11999881267548
4,20260825T082827Z,flybrain,0.01,0.009997186938740181,10.0,9.997186938740182,1386,43,4,96,16.79999940097332,160.863995552063
4,20260825T082827Z,flybrain,0.01,0.009997186938740181,10.0,9.997186938740182,1386,43,4,97,17.152000218629837,162.6559942960739
4,20260825T082827Z,flybrain,0.01,0.009997186938740181,10.0,9.997186938740182,1386,43,4,98,17.023999243974686,158.4639996290207
4,20260825T082827Z,flybrain,0.01,0.009997186938740181,10.0,9.997186938740182,1386,43,4,99,16.96000061929226,160.76800227165222
4,20260825T082827Z,flybrain,0.01,0.009997186938740181,10.0,9.997186938740182,1386,43,4,100,16.79999940097332,160.67199409008026
4,20260825T082827Z,flybrain,0.01,0.009997186938740181,10.0,9.997186938740182,1386,43,4,101,17.023999243974686,162.88000345230103
4,20260825T082827Z,flybrain,0.01,0.009997186938740181,10.0,9.997186938740182,1386,43,4,102,17.055999487638474,162.88000345230103
4,20260825T082827Z,flybrain,0.01,0.009997186938740181,10.0,9.997186938740182,1386,43,4,103,16.896000131964684,161.02400422096252
4,20260825T082827Z,flybrain,0.01,0.009997186938740181,10.0,9.997186938740182,1386,43,4,104,16.992000862956047,164.8000031709671
4,20260825T082827Z,flybrain,0.01,0.009997186938740181,10.0,9.997186938740182,1386,43,4,105,16.992000862956047,163.00800442695618
4,20260825T082827Z,flybrain,0.01,0.009997186938740181,10.0,9.997186938740182,1386,43,4,106,18.112000077962875,162.9440039396286
4,20260825T082827Z,flybrain,0.01,0.009997186938740181,10.0,9.997186938740182,1386,43,4,107,16.992000862956047,164.63999450206757
4,20260825T082827Z,flybrain,0.01,0.009997186938740181,10.0,9.997186938740182,1386,43,4,108,16.96000061929226,163.00800442695618
4,20260825T082827Z,flybrain,0.01,0.009997186938740181,10.0,9.997186938740182,1386,43,4,109,16.96000061929226,158.81599485874176
4,20260825T082827Z,flybrain,0.01,0.009997186938740181,10.0,9.997186938740182,1386,43,4,110,16.992000862956047,162.7199947834015
4,20260825T082827Z,flybrain,0.01,0.009997186938740181,10.0,9.997186938740182,1386,43,4,111,16.96000061929226,158.81599485874176
4,20260825T082827Z,flybrain,0.01,0.009997186938740181,10.0,9.997186938740182,1386,43,4,112,17.11999997496605,160.76800227165222
4,20260825T082827Z,flybrain,0.01,0.009997186938740181,10.0,9.997186938740182,1386,43,4,113,16.992000862956047,162.81600296497345
4,20260825T082827Z,flybrain,0.01,0.009997186938740181,10.0,9.997186938740182,1386,43,4,114,16.96000061929226,166.9120043516159
4,20260825T082827Z,flybrain,0.01,0.009997186938740181,10.0,9.997186938740182,1386,43,4,115,16.96000061929226,160.60799360275269
4,20260825T082827Z,flybrain,0.01,0.009997186938740181,10.0,9.997186938740182,1386,43,4,116,16.992000862956047,166.75199568271637
4,20260825T082827Z,flybrain,0.01,0.009997186938740181,10.0,9.997186938740182,1386,43,4,117,17.152000218629837,162.9759967327118
4,20260825T082827Z,flybrain,0.01,0.009997186938740181,10.0,9.997186938740182,1386,43,4,118,17.055999487638474,164.8319959640503
4,20260825T082827Z,flybrain,0.01,0.009997186938740181,10.0,9.997186938740182,1386,43,4,119,16.79999940097332,162.9759967327118
4,20260825T082827Z,flybrain,0.01,0.009997186938740181,10.0,9.997186938740182,1386,43,4,120,16.992000862956047,164.89599645137787
4,20260825T082827Z,flybrain,0.01,0.009997186938740181,10.0,9.997186938740182,1386,43,4,121,16.92800037562847,160.5760008096695
4,20260825T082827Z,flybrain,0.01,0.009997186938740181,10.0,9.997186938740182,1386,43,4,122,17.11999997496605,164.95999693870544
4,20260825T082827Z,flybrain,0.01,0.009997186938740181,10.0,9.997186938740182,1386,43,4,123,16.448000445961952,163.55200111865997
4,20260825T082827Z,flybrain,0.01,0.009997186938740181,10.0,9.997186938740182,1386,43,4,124,18.49599927663803,160.8320027589798
4,20260825T082827Z,flybrain,0.01,0.009997186938740181,10.0,9.997186938740182,1386,43,4,125,18.624000251293182,158.87999534606934
4,20260825T082827Z,flybrain,0.01,0.009997186938740181,10.0,9.997186938740182,1386,43,4,126,18.464000895619392,167.58400201797485
4,20260825T082827Z,flybrain,0.01,0.009997186938740181,10.0,9.997186938740182,1386,43,4,127,18.0479995906353,167.58400201797485
4,20260825T082827Z,flybrain,0.01,0.009997186938740181,10.0,9.997186938740182,1386,43,5,0,315.67999720573425,199.13600385189056
4,20260825T082827Z,flybrain,0.01,0.009997186938740181,10.0,9.997186938740182,1386,43,5,1,16.543999314308167,169.0559983253479
4,20260825T082827Z,flybrain,0.01,0.009997186938740181,10.0,9.997186938740182,1386,43,5,2,16.383999958634377,163.64799439907074
4,20260825T082827Z,flybrain,0.01,0.009997186938740181,10.0,9.997186938740182,1386,43,5,3,16.3199994713068,160.70400178432465
4,20260825T082827Z,flybrain,0.01,0.009997186938740181,10.0,9.997186938740182,1386,43,5,4,16.51199907064438,162.6559942960739
4,20260825T082827Z,flybrain,0.01,0.009997186938740181,10.0,9.997186938740182,1386,43,5,5,16.543999314308167,158.4639996290207
4,20260825T082827Z,flybrain,0.01,0.009997186938740181,10.0,9.997186938740182,1386,43,5,6,16.448000445961952,167.32800006866455
4,20260825T082827Z,flybrain,0.01,0.009997186938740181,10.0,9.997186938740182,1386,43,5,7,17.055999487638474,160.7999950647354
4,20260825T082827Z,flybrain,0.01,0.009997186938740181,10.0,9.997186938740182,1386,43,5,8,16.448000445961952,164.67200219631195
4,20260825T082827Z,flybrain,0.01,0.009997186938740181,10.0,9.997186938740182,1386,43,5,9,18.559999763965607,162.56000101566315
4,20260825T082827Z,flybrain,0.01,0.009997186938740181,10.0,9.997186938740182,1386,43,5,10,16.383999958634377,166.9120043516159
4,20260825T082827Z,flybrain,0.01,0.009997186938740181,10.0,9.997186938740182,1386,43,5,11,16.575999557971954,160.5760008096695
4,20260825T082827Z,flybrain,0.01,0.009997186938740181,10.0,9.997186938740182,1386,43,5,12,16.543999314308167,162.9759967327118
4,20260825T082827Z,flybrain,0.01,0.009997186938740181,10.0,9.997186938740182,1386,43,5,13,17.88800023496151,161.72799468040466
4,20260825T082827Z,flybrain,0.01,0.009997186938740181,10.0,9.997186938740182,1386,43,5,14,17.75999926030636,164.8319959640503
4,20260825T082827Z,flybrain,0.01,0.009997186938740181,10.0,9.997186938740182,1386,43,5,15,17.952000722289085,162.08000481128693
4,20260825T082827Z,flybrain,0.01,0.009997186938740181,10.0,9.997186938740182,1386,43,5,16,16.64000004529953,160.89600324630737
4,20260825T082827Z,flybrain,0.01,0.009997186938740181,10.0,9.997186938740182,1386,43,5,17,17.055999487638474,160.863995552063
4,20260825T082827Z,flybrain,0.01,0.009997186938740181,10.0,9.997186938740182,1386,43,5,18,17.023999243974686,164.95999693870544
4,20260825T082827Z,flybrain,0.01,0.009997186938740181,10.0,9.997186938740182,1386,43,5,19,17.023999243974686,164.73600268363953
4,20260825T082827Z,flybrain,0.01,0.009997186938740181,10.0,9.997186938740182,1386,43,5,20,16.92800037562847,162.91199624538422
4,20260825T082827Z,flybrain,0.01,0.009997186938740181,10.0,9.997186938740182,1386,43,5,21,16.992000862956047,164.73600268363953
4,20260825T082827Z,flybrain,0.01,0.009997186938740181,10.0,9.997186938740182,1386,43,5,22,16.992000862956047,161.05599701404572
4,20260825T082827Z,flybrain,0.01,0.009997186938740181,10.0,9.997186938740182,1386,43,5,23,17.023999243974686,162.6880019903183
4,20260825T082827Z,flybrain,0.01,0.009997186938740181,10.0,9.997186938740182,1386,43,5,24,16.896000131964684,162.9440039396286
4,20260825T082827Z,flybrain,0.01,0.009997186938740181,10.0,9.997186938740182,1386,43,5,25,17.08799973130226,163.00800442695618
4,20260825T082827Z,flybrain,0.01,0.009997186938740181,10.0,9.997186938740182,1386,43,5,26,16.992000862956047,162.9759967327118
4,20260825T082827Z,flybrain,0.01,0.009997186938740181,10.0,9.997186938740182,1386,43,5,27,17.055999487638474,162.7199947834015
4,20260825T082827Z,flybrain,0.01,0.009997186938740181,10.0,9.997186938740182,1386,43,5,28,17.11999997496605,162.75200247764587
4,20260825T082827Z,flybrain,0.01,0.009997186938740181,10.0,9.997186938740182,1386,43,5,29,17.08799973130226,160.863995552063
4,20260825T082827Z,flybrain,0.01,0.009997186938740181,10.0,9.997186938740182,1386,43,5,30,17.023999243974686,160.8320027589798
4,20260825T082827Z,flybrain,0.01,0.009997186938740181,10.0,9.997186938740182,1386,43,5,31,16.96000061929226,160.96000373363495
4,20260825T082827Z,flybrain,0.01,0.009997186938740181,10.0,9.997186938740182,1386,43,5,32,17.023999243974686,158.720001578331
4,20260825T082827Z,flybrain,0.01,0.009997186938740181,10.0,9.997186938740182,1386,43,5,33,17.184000462293625,162.56000101566315
4,20260825T082827Z,flybrain,0.01,0.009997186938740181,10.0,9.997186938740182,1386,43,5,34,17.055999487638474,164.89599645137787
4,20260825T082827Z,flybrain,0.01,0.009997186938740181,10.0,9.997186938740182,1386,43,5,35,17.055999487638474,160.863995552063
4,20260825T082827Z,flybrain,0.01,0.009997186938740181,10.0,9.997186938740182,1386,43,5,36,17.152000218629837,166.87999665737152
4,20260825T082827Z,flybrain,0.01,0.009997186938740181,10.0,9.997186938740182,1386,43,5,37,17.023999243974686,160.8320027589798
4,20260825T082827Z,flybrain,0.01,0.009997186938740181,10.0,9.997186938740182,1386,43,5,38,17.055999487638474,162.9440039396286
4,20260825T082827Z,flybrain,0.01,0.009997186938740181,10.0,9.997186938740182,1386,43,5,39,16.896000131964684,161.0880047082901
4,20260825T082827Z,flybrain,0.01,0.009997186938740181,10.0,9.997186938740182,1386,43,5,40,16.767999157309532,165.12000560760498
4,20260825T082827Z,flybrain,0.01,0.009997186938740181,10.0,9.997186938740182,1386,43,5,41,17.055999487638474,162.81600296497345
4,20260825T082827Z,flybrain,0.01,0.009997186938740181,10.0,9.997186938740182,1386,43,5,42,17.184000462293625,164.41600024700165
4,20260825T082827Z,flybrain,0.01,0.009997186938740181,10.0,9.997186938740182,1386,43,5,43,16.767999157309532,165.12000560760498
4,20260825T082827Z,flybrain,0.01,0.009997186938740181,10.0,9.997186938740182,1386,43,5,44,16.896000131964684,162.84799575805664
4,20260825T082827Z,flybrain,0.01,0.009997186938740181,10.0,9.997186938740182,1386,43,5,45,17.08799973130226,166.84800386428833
4,20260825T082827Z,flybrain,0.01,0.009997186938740181,10.0,9.997186938740182,1386,43,5,46,16.896000131964684,162.9759967327118
4,20260825T082827Z,flybrain,0.01,0.009997186938740181,10.0,9.997186938740182,1386,43,5,47,16.863999888300896,162.78399527072906
4,20260825T082827Z,flybrain,0.01,0.009997186938740181,10.0,9.997186938740182,1386,43,5,48,16.992000862956047,161.76000237464905
4,20260825T082827Z,flybrain,0.01,0.009997186938740181,10.0,9.997186938740182,1386,43,5,49,17.023999243974686,162.84799575805664
4,20260825T082827Z,flybrain,0.01,0.009997186938740181,10.0,9.997186938740182,1386,43,5,50,17.023999243974686,160.76800227165222
4,20260825T082827Z,flybrain,0.01,0.009997186938740181,10.0,9.997186938740182,1386,43,5,51,16.992000862956047,164.89599645137787
4,20260825T082827Z,flybrain,0.01,0.009997186938740181,10.0,9.997186938740182,1386,43,5,52,17.11999997496605,165.02399742603302
4,20260825T082827Z,flybrain,0.01,0.009997186938740181,10.0,9.997186938740182,1386,43,5,53,17.023999243974686,164.92800414562225
4,20260825T082827Z,flybrain,0.01,0.009997186938740181,10.0,9.997186938740182,1386,43,5,54,17.055999487638474,162.9440039396286
4,20260825T082827Z,flybrain,0.01,0.009997186938740181,10.0,9.997186938740182,1386,43,5,55,16.831999644637108,167.1999990940094
4,20260825T082827Z,flybrain,0.01,0.009997186938740181,10.0,9.997186938740182,1386,43,5,56,16.863999888300896,160.89600324630737
4,20260825T082827Z,flybrain,0.01,0.009997186938740181,10.0,9.997186938740182,1386,43,5,57,16.79999940097332,160.67199409008026
4,20260825T082827Z,flybrain,0.01,0.009997186938740181,10.0,9.997186938740182,1386,43,5,58,16.96000061929226,163.00800442695618
4,20260825T082827Z,flybrain,0.01,0.009997186938740181,10.0,9.997186938740182,1386,43,5,59,16.96000061929226,158.720001578331
4,20260825T082827Z,flybrain,0.01,0.009997186938740181,10.0,9.997186938740182,1386,43,5,60,16.992000862956047,160.89600324630737
4,20260825T082827Z,flybrain,0.01,0.009997186938740181,10.0,9.997186938740182,1386,43,5,61,17.08799973130226,162.88000345230103
4,20260825T082827Z,flybrain,0.01,0.009997186938740181,10.0,9.997186938740182,1386,43,5,62,16.992000862956047,164.67200219631195
4,20260825T082827Z,flybrain,0.01,0.009997186938740181,10.0,9.997186938740182,1386,43,5,63,16.992000862956047,163.03999722003937
4,20260825T082827Z,flybrain,0.01,0.009997186938740181,10.0,9.997186938740182,1386,43,5,64,16.863999888300896,164.73600268363953
4,20260825T082827Z,flybrain,0.01,0.009997186938740181,10.0,9.997186938740182,1386,43,5,65,16.92800037562847,160.863995552063
4,20260825T082827Z,flybrain,0.01,0.009997186938740181,10.0,9.997186938740182,1386,43,5,66,16.992000862956047,158.9439958333969
4,20260825T082827Z,flybrain,0.01,0.009997186938740181,10.0,9.997186938740182,1386,43,5,67,16.896000131964684,165.24800658226013
4,20260825T082827Z,flybrain,0.01,0.009997186938740181,10.0,9.997186938740182,1386,43,5,68,16.896000131964684,162.84799575805664
4,20260825T082827Z,flybrain,0.01,0.009997186938740181,10.0,9.997186938740182,1386,43,5,69,17.11999997496605,160.7999950647354
4,20260825T082827Z,flybrain,0.01,0.009997186938740181,10.0,9.997186938740182,1386,43,5,70,16.96000061929226,160.67199409008026
4,20260825T082827Z,flybrain,0.01,0.009997186938740181,10.0,9.997186938740182,1386,43,5,71,17.184000462293625,163.68000209331512
4,20260825T082827Z,flybrain,0.01,0.009997186938740181,10.0,9.997186938740182,1386,43,5,72,17.023999243974686,162.75200247764587
4,20260825T082827Z,flybrain,0.01,0.009997186938740181,10.0,9.997186938740182,1386,43,5,73,17.023999243974686,169.11999881267548
4,20260825T082827Z,flybrain,0.01,0.009997186938740181,10.0,9.997186938740182,1386,43,5,74,16.992000862956047,165.0560051202774
4,20260825T082827Z,flybrain,0.01,0.009997186938740181,10.0,9.997186938740182,1386,43,5,75,16.92800037562847,160.863995552063
4,20260825T082827Z,flybrain,0.01,0.009997186938740181,10.0,9.997186938740182,1386,43,5,76,17.023999243974686,160.8320027589798
4,20260825T082827Z,flybrain,0.01,0.009997186938740181,10.0,9.997186938740182,1386,43,5,77,17.055999487638474,163.00800442695618
4,20260825T082827Z,flybrain,0.01,0.009997186938740181,10.0,9.997186938740182,1386,43,5,78,16.92800037562847,162.7199947834015
4,20260825T082827Z,flybrain,0.01,0.009997186938740181,10.0,9.997186938740182,1386,43,5,79,17.055999487638474,162.9759967327118
4,20260825T082827Z,flybrain,0.01,0.009997186938740181,10.0,9.997186938740182,1386,43,5,80,16.92800037562847,165.0560051202774
4,20260825T082827Z,flybrain,0.01,0.009997186938740181,10.0,9.997186938740182,1386,43,5,81,16.992000862956047,164.92800414562225
4,20260825T082827Z,flybrain,0.01,0.009997186938740181,10.0,9.997186938740182,1386,43,5,82,17.08799973130226,158.91200304031372
4,20260825T082827Z,flybrain,0.01,0.009997186938740181,10.0,9.997186938740182,1386,43,5,83,17.983999103307724,163.00800442695618
4,20260825T082827Z,flybrain,0.01,0.009997186938740181,10.0,9.997186938740182,1386,43,5,84,17.055999487638474,164.95999693870544
4,20260825T082827Z,flybrain,0.01,0.009997186938740181,10.0,9.997186938740182,1386,43,5,85,17.055999487638474,158.65600109100342
4,20260825T082827Z,flybrain,0.01,0.009997186938740181,10.0,9.997186938740182,1386,43,5,86,16.96000061929226,166.78400337696075
4,20260825T082827Z,flybrain,0.01,0.009997186938740181,10.0,9.997186938740182,1386,43,5,87,17.152000218629837,160.70400178432465
4,20260825T082827Z,flybrain,0.01,0.009997186938740181,10.0,9.997186938740182,1386,43,5,88,16.96000061929226,161.1199975013733
4,20260825T082827Z,flybrain,0.01,0.009997186938740181,10.0,9.997186938740182,1386,43,5,89,16.96000061929226,162.59199380874634
4,20260825T082827Z,flybrain,0.01,0.009997186938740181,10.0,9.997186938740182,1386,43,5,90,16.896000131964684,164.70399498939514
4,20260825T082827Z,flybrain,0.01,0.009997186938740181,10.0,9.997186938740182,1386,43,5,91,17.023999243974686,164.86400365829468
4,20260825T082827Z,flybrain,0.01,0.009997186938740181,10.0,9.997186938740182,1386,43,5,92,16.992000862956047,163.07200491428375
4,20260825T082827Z,flybrain,0.01,0.009997186938740181,10.0,9.997186938740182,1386,43,5,93,16.992000862956047,166.78400337696075
4,20260825T082827Z,flybrain,0.01,0.009997186938740181,10.0,9.997186938740182,1386,43,5,94,16.96000061929226,162.84799575805664
4,20260825T082827Z,flybrain,0.01,0.009997186938740181,10.0,9.997186938740182,1386,43,5,95,17.023999243974686,168.92799735069275
4,20260825T082827Z,flybrain,0.01,0.009997186938740181,10.0,9.997186938740182,1386,43,5,96,16.992000862956047,160.73599457740784
4,20260825T082827Z,flybrain,0.01,0.009997186938740181,10.0,9.997186938740182,1386,43,5,97,16.992000862956047,164.92800414562225
4,20260825T082827Z,flybrain,0.01,0.009997186938740181,10.0,9.997186938740182,1386,43,5,98,17.023999243974686,158.81599485874176
4,20260825T082827Z,flybrain,0.01,0.009997186938740181,10.0,9.997186938740182,1386,43,5,99,16.992000862956047,160.863995552063
4,20260825T082827Z,flybrain,0.01,0.009997186938740181,10.0,9.997186938740182,1386,43,5,100,16.992000862956047,158.78400206565857
4,20260825T082827Z,flybrain,0.01,0.009997186938740181,10.0,9.997186938740182,1386,43,5,101,17.184000462293625,162.84799575805664
4,20260825T082827Z,flybrain,0.01,0.009997186938740181,10.0,9.997186938740182,1386,43,5,102,18.912000581622124,162.78399527072906
4,20260825T082827Z,flybrain,0.01,0.009997186938740181,10.0,9.997186938740182,1386,43,5,103,16.96000061929226,160.5439931154251
4,20260825T082827Z,flybrain,0.01,0.009997186938740181,10.0,9.997186938740182,1386,43,5,104,17.023999243974686,165.02399742603302
4,20260825T082827Z,flybrain,0.01,0.009997186938740181,10.0,9.997186938740182,1386,43,5,105,17.023999243974686,162.75200247764587
4,20260825T082827Z,flybrain,0.01,0.009997186938740181,10.0,9.997186938740182,1386,43,5,106,16.992000862956047,163.83999586105347
4,20260825T082827Z,flybrain,0.01,0.009997186938740181,10.0,9.997186938740182,1386,43,5,107,16.79999940097332,164.8000031709671
4,20260825T082827Z,flybrain,0.01,0.009997186938740181,10.0,9.997186938740182,1386,43,5,108,16.992000862956047,162.7199947834015
4,20260825T082827Z,flybrain,0.01,0.009997186938740181,10.0,9.997186938740182,1386,43,5,109,17.152000218629837,158.84800255298615
4,20260825T082827Z,flybrain,0.01,0.009997186938740181,10.0,9.997186938740182,1386,43,5,110,16.896000131964684,163.00800442695618
4,20260825T082827Z,flybrain,0.01,0.009997186938740181,10.0,9.997186938740182,1386,43,5,111,16.992000862956047,159.07199680805206
4,20260825T082827Z,flybrain,0.01,0.009997186938740181,10.0,9.997186938740182,1386,43,5,112,17.055999487638474,158.59200060367584
4,20260825T082827Z,flybrain,0.01,0.009997186938740181,10.0,9.997186938740182,1386,43,5,113,16.863999888300896,162.36799955368042
4,20260825T082827Z,flybrain,0.01,0.009997186938740181,10.0,9.997186938740182,1386,43,5,114,16.992000862956047,167.23200678825378
4,20260825T082827Z,flybrain,0.01,0.009997186938740181,10.0,9.997186938740182,1386,43,5,115,16.992000862956047,160.73599457740784
4,20260825T082827Z,flybrain,0.01,0.009997186938740181,10.0,9.997186938740182,1386,43,5,116,16.92800037562847,166.81599617004395
4,20260825T082827Z,flybrain,0.01,0.009997186938740181,10.0,9.997186938740182,1386,43,5,117,17.023999243974686,162.9759967327118
4,20260825T082827Z,flybrain,0.01,0.009997186938740181,10.0,9.997186938740182,1386,43,5,118,17.055999487638474,162.62400150299072
4,20260825T082827Z,flybrain,0.01,0.009997186938740181,10.0,9.997186938740182,1386,43,5,119,17.023999243974686,162.84799575805664
4,20260825T082827Z,flybrain,0.01,0.009997186938740181,10.0,9.997186938740182,1386,43,5,120,17.055999487638474,165.0560051202774
4,20260825T082827Z,flybrain,0.01,0.009997186938740181,10.0,9.997186938740182,1386,43,5,121,17.08799973130226,160.60799360275269
4,20260825T082827Z,flybrain,0.01,0.009997186938740181,10.0,9.997186938740182,1386,43,5,122,17.023999243974686,166.6879951953888
4,20260825T082827Z,flybrain,0.01,0.009997186938740181,10.0,9.997186938740182,1386,43,5,123,16.896000131964684,163.07200491428375
4,20260825T082827Z,flybrain,0.01,0.009997186938740181,10.0,9.997186938740182,1386,43,5,124,16.96000061929226,160.89600324630737
4,20260825T082827Z,flybrain,0.01,0.009997186938740181,10.0,9.997186938740182,1386,43,5,125,17.055999487638474,158.49600732326508
4,20260825T082827Z,flybrain,0.01,0.009997186938740181,10.0,9.997186938740182,1386,43,5,126,16.575999557971954,167.58400201797485
4,20260825T082827Z,flybrain,0.01,0.009997186938740181,10.0,9.997186938740182,1386,43,5,127,18.0479995906353,167.58400201797485
4,20260825T082827Z,flybrain,0.01,0.009997186938740181,10.0,9.997186938740182,1386,43,6,0,300.0960052013397,200.8640021085739
4,20260825T082827Z,flybrain,0.01,0.009997186938740181,10.0,9.997186938740182,1386,43,6,1,18.432000651955605,162.6559942960739
4,20260825T082827Z,flybrain,0.01,0.009997186938740181,10.0,9.997186938740182,1386,43,6,2,16.416000202298164,162.6559942960739
4,20260825T082827Z,flybrain,0.01,0.009997186938740181,10.0,9.997186938740182,1386,43,6,3,16.383999958634377,160.8320027589798
4,20260825T082827Z,flybrain,0.01,0.009997186938740181,10.0,9.997186938740182,1386,43,6,4,18.20800080895424,162.75200247764587
4,20260825T082827Z,flybrain,0.01,0.009997186938740181,10.0,9.997186938740182,1386,43,6,5,16.448000445961952,158.65600109100342
4,20260825T082827Z,flybrain,0.01,0.009997186938740181,10.0,9.997186938740182,1386,43,6,6,18.432000651955605,166.81599617004395
4,20260825T082827Z,flybrain,0.01,0.009997186938740181,10.0,9.997186938740182,1386,43,6,7,18.65600049495697,160.38399934768677
4,20260825T082827Z,flybrain,0.01,0.009997186938740181,10.0,9.997186938740182,1386,43,6,8,18.719999119639397,164.73600268363953
4,20260825T082827Z,flybrain,0.01,0.009997186938740181,10.0,9.997186938740182,1386,43,6,9,17.11999997496605,163.58399391174316
4,20260825T082827Z,flybrain,0.01,0.009997186938740181,10.0,9.997186938740182,1386,43,6,10,18.49599927663803,167.04000532627106
4,20260825T082827Z,flybrain,0.01,0.009997186938740181,10.0,9.997186938740182,1386,43,6,11,18.624000251293182,161.6639941930771
4,20260825T082827Z,flybrain,0.01,0.009997186938740181,10.0,9.997186938740182,1386,43,6,12,18.36800016462803,163.00800442695618
4,20260825T082827Z,flybrain,0.01,0.009997186938740181,10.0,9.997186938740182,1386,43,6,13,18.464000895619392,160.96000373363495
4,20260825T082827Z,flybrain,0.01,0.009997186938740181,10.0,9.997186938740182,1386,43,6,14,18.52799952030182,163.4880006313324
4,20260825T082827Z,flybrain,0.01,0.009997186938740181,10.0,9.997186938740182,1386,43,6,15,18.52799952030182,163.00800442695618
4,20260825T082827Z,flybrain,0.01,0.009997186938740181,10.0,9.997186938740182,1386,43,6,16,18.49599927663803,161.53599321842194
4,20260825T082827Z,flybrain,0.01,0.009997186938740181,10.0,9.997186938740182,1386,43,6,17,17.472000792622566,161.3759994506836
4,20260825T082827Z,flybrain,0.01,0.009997186938740181,10.0,9.997186938740182,1386,43,6,18,18.52799952030182,165.53600132465363
4,20260825T082827Z,flybrain,0.01,0.009997186938740181,10.0,9.997186938740182,1386,43,6,19,18.52799952030182,163.00800442695618
4,20260825T082827Z,flybrain,0.01,0.009997186938740181,10.0,9.997186938740182,1386,43,6,20,18.464000895619392,163.03999722003937
4,20260825T082827Z,flybrain,0.01,0.009997186938740181,10.0,9.997186938740182,1386,43,6,21,18.592000007629395,164.99200463294983
4,20260825T082827Z,flybrain,0.01,0.009997186938740181,10.0,9.997186938740182,1386,43,6,22,18.592000007629395,161.6639941930771
4,20260825T082827Z,flybrain,0.01,0.009997186938740181,10.0,9.997186938740182,1386,43,6,23,18.400000408291817,163.39200735092163
4,20260825T082827Z,flybrain,0.01,0.009997186938740181,10.0,9.997186938740182,1386,43,6,24,18.464000895619392,163.00800442695618
4,20260825T082827Z,flybrain,0.01,0.009997186938740181,10.0,9.997186938740182,1386,43,6,25,18.624000251293182,163.455992937088
4,20260825T082827Z,flybrain,0.01,0.009997186938740181,10.0,9.997186938740182,1386,43,6,26,18.49599927663803,163.5199934244156
4,20260825T082827Z,flybrain,0.01,0.009997186938740181,10.0,9.997186938740182,1386,43,6,27,18.464000895619392,160.96000373363495
4,20260825T082827Z,flybrain,0.01,0.009997186938740181,10.0,9.997186938740182,1386,43,6,28,18.52799952030182,162.88000345230103
4,20260825T082827Z,flybrain,0.01,0.009997186938740181,10.0,9.997186938740182,1386,43,6,29,18.592000007629395,160.89600324630737
4,20260825T082827Z,flybrain,0.01,0.009997186938740181,10.0,9.997186938740182,1386,43,6,30,18.592000007629395,161.47199273109436
4,20260825T082827Z,flybrain,0.01,0.009997186938740181,10.0,9.997186938740182,1386,43,6,31,18.49599927663803,161.43999993801117
4,20260825T082827Z,flybrain,0.01,0.009997186938740181,10.0,9.997186938740182,1386,43,6,32,18.49599927663803,159.36000645160675
4,20260825T082827Z,flybrain,0.01,0.009997186938740181,10.0,9.997186938740182,1386,43,6,33,18.464000895619392,161.43999993801117
4,20260825T082827Z,flybrain,0.01,0.009997186938740181,10.0,9.997186938740182,1386,43,6,34,18.464000895619392,165.0879979133606
4,20260825T082827Z,flybrain,0.01,0.009997186938740181,10.0,9.997186938740182,1386,43,6,35,18.49599927663803,161.50400042533875
4,20260825T082827Z,flybrain,0.01,0.009997186938740181,10.0,9.997186938740182,1386,43,6,36,18.239999189972878,167.10400581359863
4,20260825T082827Z,flybrain,0.01,0.009997186938740181,10.0,9.997186938740182,1386,43,6,37,18.624000251293182,159.55199301242828
4,20260825T082827Z,flybrain,0.01,0.009997186938740181,10.0,9.997186938740182,1386,43,6,38,18.464000895619392,162.91199624538422
4,20260825T082827Z,flybrain,0.01,0.009997186938740181,10.0,9.997186938740182,1386,43,6,39,18.464000895619392,158.87999534606934
4,20260825T082827Z,flybrain,0.01,0.009997186938740181,10.0,9.997186938740182,1386,43,6,40,18.559999763965607,165.53600132465363
4,20260825T082827Z,flybrain,0.01,0.009997186938740181,10.0,9.997186938740182,1386,43,6,41,17.472000792622566,163.7759953737259
4,20260825T082827Z,flybrain,0.01,0.009997186938740181,10.0,9.997186938740182,1386,43,6,42,18.36800016462803,162.88000345230103
4,20260825T082827Z,flybrain,0.01,0.009997186938740181,10.0,9.997186938740182,1386,43,6,43,18.464000895619392,162.9440039396286
4,20260825T082827Z,flybrain,0.01,0.009997186938740181,10.0,9.997186938740182,1386,43,6,44,18.49599927663803,160.92799603939056
4,20260825T082827Z,flybrain,0.01,0.009997186938740181,10.0,9.997186938740182,1386,43,6,45,18.559999763965607,167.00799763202667
4,20260825T082827Z,flybrain,0.01,0.009997186938740181,10.0,9.997186938740182,1386,43,6,46,18.65600049495697,163.35999965667725
4,20260825T082827Z,flybrain,0.01,0.009997186938740181,10.0,9.997186938740182,1386,43,6,47,18.49599927663803,163.00800442695618
4,20260825T082827Z,flybrain,0.01,0.009997186938740181,10.0,9.997186938740182,1386,43,6,48,18.52799952030182,162.81600296497345
4,20260825T082827Z,flybrain,0.01,0.009997186938740181,10.0,9.997186938740182,1386,43,6,49,18.592000007629395,163.71199488639832
4,20260825T082827Z,flybrain,0.01,0.009997186938740181,10.0,9.997186938740182,1386,43,6,50,18.33599992096424,160.76800227165222
4,20260825T082827Z,flybrain,0.01,0.009997186938740181,10.0,9.997186938740182,1386,43,6,51,18.624000251293182,165.6319946050644
4,20260825T082827Z,flybrain,0.01,0.009997186938740181,10.0,9.997186938740182,1386,43,6,52,18.52799952030182,164.92800414562225
4,20260825T082827Z,flybrain,0.01,0.009997186938740181,10.0,9.997186938740182,1386,43,6,53,18.624000251293182,163.42400014400482
4,20260825T082827Z,flybrain,0.01,0.009997186938740181,10.0,9.997186938740182,1386,43,6,54,18.49599927663803,161.53599321842194
4,20260825T082827Z,flybrain,0.01,0.009997186938740181,10.0,9.997186938740182,1386,43,6,55,18.36800016462803,167.10400581359863
4,20260825T082827Z,flybrain,0.01,0.009997186938740181,10.0,9.997186938740182,1386,43,6,56,18.559999763965607,160.8320027589798
4,20260825T082827Z,flybrain,0.01,0.009997186938740181,10.0,9.997186938740182,1386,43,6,57,18.464000895619392,160.92799603939056
4,20260825T082827Z,flybrain,0.01,0.009997186938740181,10.0,9.997186938740182,1386,43,6,58,18.559999763965607,161.47199273109436
4,20260825T082827Z,flybrain,0.01,0.009997186938740181,10.0,9.997186938740182,1386,43,6,59,18.49599927663803,159.32799875736237
4,20260825T082827Z,flybrain,0.01,0.009997186938740181,10.0,9.997186938740182,1386,43,6,60,18.464000895619392,160.92799603939056
4,20260825T082827Z,flybrain,0.01,0.009997186938740181,10.0,9.997186938740182,1386,43,6,61,18.559999763965607,162.9440039396286
4,20260825T082827Z,flybrain,0.01,0.009997186938740181,10.0,9.997186938740182,1386,43,6,62,18.624000251293182,165.56799411773682
4,20260825T082827Z,flybrain,0.01,0.009997186938740181,10.0,9.997186938740182,1386,43,6,63,18.52799952030182,160.96000373363495
4,20260825T082827Z,flybrain,0.01,0.009997186938740181,10.0,9.997186938740182,1386,43,6,64,18.559999763965607,165.0560051202774
4,20260825T082827Z,flybrain,0.01,0.009997186938740181,10.0,9.997186938740182,1386,43,6,65,18.52799952030182,159.42400693893433
4,20260825T082827Z,flybrain,0.01,0.009997186938740181,10.0,9.997186938740182,1386,43,6,66,18.559999763965607,158.52800011634827
4,20260825T082827Z,flybrain,0.01,0.009997186938740181,10.0,9.997186938740182,1386,43,6,67,18.624000251293182,165.0560051202774
4,20260825T082827Z,flybrain,0.01,0.009997186938740181,10.0,9.997186938740182,1386,43,6,68,18.36800016462803,163.61600160598755
4,20260825T082827Z,flybrain,0.01,0.009997186938740181,10.0,9.997186938740182,1386,43,6,69,17.44000054895878,160.96000373363495
4,20260825T082827Z,flybrain,0.01,0.009997186938740181,10.0,9.997186938740182,1386,43,6,70,18.592000007629395,161.47199273109436
4,20260825T082827Z,flybrain,0.01,0.009997186938740181,10.0,9.997186938740182,1386,43,6,71,18.464000895619392,162.84799575805664
4,20260825T082827Z,flybrain,0.01,0.009997186938740181,10.0,9.997186938740182,1386,43,6,72,18.464000895619392,163.00800442695618
4,20260825T082827Z,flybrain,0.01,0.009997186938740181,10.0,9.997186938740182,1386,43,6,73,18.624000251293182,167.10400581359863
4,20260825T082827Z,flybrain,0.01,0.009997186938740181,10.0,9.997186938740182,1386,43,6,74,18.592000007629395,165.66400229930878
4,20260825T082827Z,flybrain,0.01,0.009997186938740181,10.0,9.997186938740182,1386,43,6,75,18.33599992096424,158.91200304031372
4,20260825T082827Z,flybrain,0.01,0.009997186938740181,10.0,9.997186938740182,1386,43,6,76,18.592000007629395,161.6320013999939
4,20260825T082827Z,flybrain,0.01,0.009997186938740181,10.0,9.997186938740182,1386,43,6,77,18.432000651955605,163.4880006313324
4,20260825T082827Z,flybrain,0.01,0.009997186938740181,10.0,9.997186938740182,1386,43,6,78,18.464000895619392,162.9440039396286
4,20260825T082827Z,flybrain,0.01,0.009997186938740181,10.0,9.997186938740182,1386,43,6,79,18.624000251293182,163.00800442695618
4,20260825T082827Z,flybrain,0.01,0.009997186938740181,10.0,9.997186938740182,1386,43,6,80,18.559999763965607,165.66400229930878
4,20260825T082827Z,flybrain,0.01,0.009997186938740181,10.0,9.997186938740182,1386,43,6,81,18.464000895619392,163.42400014400482
4,20260825T082827Z,flybrain,0.01,0.009997186938740181,10.0,9.997186938740182,1386,43,6,82,18.464000895619392,159.42400693893433
4,20260825T082827Z,flybrain,0.01,0.009997186938740181,10.0,9.997186938740182,1386,43,6,83,18.432000651955605,160.96000373363495
4,20260825T082827Z,flybrain,0.01,0.009997186938740181,10.0,9.997186938740182,1386,43,6,84,18.559999763965607,165.02399742603302
4,20260825T082827Z,flybrain,0.01,0.009997186938740181,10.0,9.997186938740182,1386,43,6,85,18.52799952030182,158.720001578331
4,20260825T082827Z,flybrain,0.01,0.009997186938740181,10.0,9.997186938740182,1386,43,6,86,18.624000251293182,164.89599645137787
4,20260825T082827Z,flybrain,0.01,0.009997186938740181,10.0,9.997186938740182,1386,43,6,87,18.65600049495697,160.863995552063
4,20260825T082827Z,flybrain,0.01,0.009997186938740181,10.0,9.997186938740182,1386,43,6,88,18.52799952030182,161.43999993801117
4,20260825T082827Z,flybrain,0.01,0.009997186938740181,10.0,9.997186938740182,1386,43,6,89,18.49599927663803,160.96000373363495
4,20260825T082827Z,flybrain,0.01,0.009997186938740181,10.0,9.997186938740182,1386,43,6,90,18.624000251293182,164.99200463294983
4,20260825T082827Z,flybrain,0.01,0.009997186938740181,10.0,9.997186938740182,1386,43,6,91,18.592000007629395,162.91199624538422
4,20260825T082827Z,flybrain,0.01,0.009997186938740181,10.0,9.997186938740182,1386,43,6,92,18.400000408291817,160.92799603939056
4,20260825T082827Z,flybrain,0.01,0.009997186938740181,10.0,9.997186938740182,1386,43,6,93,18.559999763965607,167.00799763202667
4,20260825T082827Z,flybrain,0.01,0.009997186938740181,10.0,9.997186938740182,1386,43,6,94,18.52799952030182,161.3440066576004
4,20260825T082827Z,flybrain,0.01,0.009997186938740181,10.0,9.997186938740182,1386,43,6,95,18.49599927663803,167.10400581359863
4,20260825T082827Z,flybrain,0.01,0.009997186938740181,10.0,9.997186938740182,1386,43,6,96,18.36800016462803,161.53599321842194
4,20260825T082827Z,flybrain,0.01,0.009997186938740181,10.0,9.997186938740182,1386,43,6,97,18.49599927663803,163.64799439907074
4,20260825T082827Z,flybrain,0.01,0.009997186938740181,10.0,9.997186938740182,1386,43,6,98,18.464000895619392,158.6879938840866
4,20260825T082827Z,flybrain,0.01,0.009997186938740181,10.0,9.997186938740182,1386,43,6,99,18.624000251293182,160.89600324630737
4,20260825T082827Z,flybrain,0.01,0.009997186938740181,10.0,9.997186938740182,1386,43,6,100,18.432000651955605,159.5200002193451
4,20260825T082827Z,flybrain,0.01,0.009997186938740181,10.0,9.997186938740182,1386,43,6,101,18.49599927663803,163.00800442695618
4,20260825T082827Z,flybrain,0.01,0.009997186938740181,10.0,9.997186938740182,1386,43,6,102,18.624000251293182,161.40800714492798
4,20260825T082827Z,flybrain,0.01,0.009997186938740181,10.0,9.997186938740182,1386,43,6,103,18.49599927663803,160.5439931154251
4,20260825T082827Z,flybrain,0.01,0.009997186938740181,10.0,9.997186938740182,1386,43,6,104,18.464000895619392,165.02399742603302
4,20260825T082827Z,flybrain,0.01,0.009997186938740181,10.0,9.997186938740182,1386,43,6,105,18.624000251293182,163.64799439907074
4,20260825T082827Z,flybrain,0.01,0.009997186938740181,10.0,9.997186938740182,1386,43,6,106,18.464000895619392,162.9440039396286
4,20260825T082827Z,flybrain,0.01,0.009997186938740181,10.0,9.997186938740182,1386,43,6,107,18.624000251293182,165.02399742603302
4,20260825T082827Z,flybrain,0.01,0.009997186938740181,10.0,9.997186938740182,1386,43,6,108,18.52799952030182,161.43999993801117
4,20260825T082827Z,flybrain,0.01,0.009997186938740181,10.0,9.997186938740182,1386,43,6,109,18.432000651955605,160.7999950647354
4,20260825T082827Z,flybrain,0.01,0.009997186938740181,10.0,9.997186938740182,1386,43,6,110,18.624000251293182,160.89600324630737
4,20260825T082827Z,flybrain,0.01,0.009997186938740181,10.0,9.997186938740182,1386,43,6,111,18.464000895619392,156.8640023469925
4,20260825T082827Z,flybrain,0.01,0.009997186938740181,10.0,9.997186938740182,1386,43,6,112,19.1040001809597,159.36000645160675
4,20260825T082827Z,flybrain,0.01,0.009997186938740181,10.0,9.997186938740182,1386,43,6,113,18.49599927663803,162.84799575805664
4,20260825T082827Z,flybrain,0.01,0.009997186938740181,10.0,9.997186938740182,1386,43,6,114,18.624000251293182,165.40800034999847
4,20260825T082827Z,flybrain,0.01,0.009997186938740181,10.0,9.997186938740182,1386,43,6,115,17.44000054895878,159.4880074262619
4,20260825T082827Z,flybrain,0.01,0.009997186938740181,10.0,9.997186938740182,1386,43,6,116,18.464000895619392,165.02399742603302
4,20260825T082827Z,flybrain,0.01,0.009997186938740181,10.0,9.997186938740182,1386,43,6,117,18.432000651955605,160.96000373363495
4,20260825T082827Z,flybrain,0.01,0.009997186938740181,10.0,9.997186938740182,1386,43,6,118,18.65600049495697,163.5199934244156
4,20260825T082827Z,flybrain,0.01,0.009997186938740181,10.0,9.997186938740182,1386,43,6,119,18.464000895619392,163.58399391174316
4,20260825T082827Z,flybrain,0.01,0.009997186938740181,10.0,9.997186938740182,1386,43,6,120,18.33599992096424,165.79200327396393
4,20260825T082827Z,flybrain,0.01,0.009997186938740181,10.0,9.997186938740182,1386,43,6,121,17.27999933063984,161.53599321842194
4,20260825T082827Z,flybrain,0.01,0.009997186938740181,10.0,9.997186938740182,1386,43,6,122,18.49599927663803,164.89599645137787
4,20260825T082827Z,flybrain,0.01,0.009997186938740181,10.0,9.997186938740182,1386,43,6,123,18.97599920630455,162.7199947834015
4,20260825T082827Z,flybrain,0.01,0.009997186938740181,10.0,9.997186938740182,1386,43,6,124,16.96000061929226,160.5760008096695
4,20260825T082827Z,flybrain,0.01,0.009997186938740181,10.0,9.997186938740182,1386,43,6,125,17.11999997496605,158.81599485874176
4,20260825T082827Z,flybrain,0.01,0.009997186938740181,10.0,9.997186938740182,1386,43,6,126,16.448000445961952,166.55999422073364
4,20260825T082827Z,flybrain,0.01,0.009997186938740181,10.0,9.997186938740182,1386,43,6,127,18.079999834299088,167.58400201797485
4,20260825T082827Z,flybrain,0.01,0.009997186938740181,10.0,9.997186938740182,1386,43,7,0,289.44000601768494,198.30399751663208
4,20260825T082827Z,flybrain,0.01,0.009997186938740181,10.0,9.997186938740182,1386,43,7,1,18.015999346971512,162.81600296497345
4,20260825T082827Z,flybrain,0.01,0.009997186938740181,10.0,9.997186938740182,1386,43,7,2,16.224000602960587,162.75200247764587
4,20260825T082827Z,flybrain,0.01,0.009997186938740181,10.0,9.997186938740182,1386,43,7,3,17.055999487638474,160.73599457740784
4,20260825T082827Z,flybrain,0.01,0.009997186938740181,10.0,9.997186938740182,1386,43,7,4,16.96000061929226,162.75200247764587
4,20260825T082827Z,flybrain,0.01,0.009997186938740181,10.0,9.997186938740182,1386,43,7,5,18.65600049495697,158.36800634860992
4,20260825T082827Z,flybrain,0.01,0.009997186938740181,10.0,9.997186938740182,1386,43,7,6,18.52799952030182,166.6560024023056
4,20260825T082827Z,flybrain,0.01,0.009997186938740181,10.0,9.997186938740182,1386,43,7,7,18.65600049495697,160.60799360275269
4,20260825T082827Z,flybrain,0.01,0.009997186938740181,10.0,9.997186938740182,1386,43,7,8,18.271999433636665,165.02399742603302
4,20260825T082827Z,flybrain,0.01,0.009997186938740181,10.0,9.997186938740182,1386,43,7,9,18.52799952030182,164.86400365829468
4,20260825T082827Z,flybrain,0.01,0.009997186938740181,10.0,9.997186938740182,1386,43,7,10,18.559999763965607,166.9120043516159
4,20260825T082827Z,flybrain,0.01,0.009997186938740181,10.0,9.997186938740182,1386,43,7,11,18.33599992096424,161.56800091266632
4,20260825T082827Z,flybrain,0.01,0.009997186938740181,10.0,9.997186938740182,1386,43,7,12,18.400000408291817,163.00800442695618
4,20260825T082827Z,flybrain,0.01,0.009997186938740181,10.0,9.997186938740182,1386,43,7,13,18.464000895619392,163.5199934244156
4,20260825T082827Z,flybrain,0.01,0.009997186938740181,10.0,9.997186938740182,1386,43,7,14,18.464000895619392,162.9440039396286
4,20260825T082827Z,flybrain,0.01,0.009997186938740181,10.0,9.997186938740182,1386,43,7,15,18.559999763965607,162.81600296497345
4,20260825T082827Z,flybrain,0.01,0.009997186938740181,10.0,9.997186938740182,1386,43,7,16,18.464000895619392,160.89600324630737
4,20260825T082827Z,flybrain,0.01,0.009997186938740181,10.0,9.997186938740182,1386,43,7,17,18.624000251293182,161.40800714492798
4,20260825T082827Z,flybrain,0.01,0.009997186938740181,10.0,9.997186938740182,1386,43,7,18,18.464000895619392,165.50399363040924
4,20260825T082827Z,flybrain,0.01,0.009997186938740181,10.0,9.997186938740182,1386,43,7,19,18.432000651955605,165.50399363040924
4,20260825T082827Z,flybrain,0.01,0.009997186938740181,10.0,9.997186938740182,1386,43,7,20,18.49599927663803,162.84799575805664
4,20260825T082827Z,flybrain,0.01,0.009997186938740181,10.0,9.997186938740182,1386,43,7,21,18.559999763965607,164.99200463294983
4,20260825T082827Z,flybrain,0.01,0.009997186938740181,10.0,9.997186938740182,1386,43,7,22,18.592000007629395,160.7999950647354
4,20260825T082827Z,flybrain,0.01,0.009997186938740181,10.0,9.997186938740182,1386,43,7,23,17.40800030529499,163.71199488639832
4,20260825T082827Z,flybrain,0.01,0.009997186938740181,10.0,9.997186938740182,1386,43,7,24,18.33599992096424,162.9759967327118
4,20260825T082827Z,flybrain,0.01,0.009997186938740181,10.0,9.997186938740182,1386,43,7,25,18.592000007629395,163.39200735092163
4,20260825T082827Z,flybrain,0.01,0.009997186938740181,10.0,9.997186938740182,1386,43,7,26,18.52799952030182,163.00800442695618
4,20260825T082827Z,flybrain,0.01,0.009997186938740181,10.0,9.997186938740182,1386,43,7,27,18.52799952030182,163.55200111865997
4,20260825T082827Z,flybrain,0.01,0.009997186938740181,10.0,9.997186938740182,1386,43,7,28,18.52799952030182,163.00800442695618
4,20260825T082827Z,flybrain,0.01,0.009997186938740181,10.0,9.997186938740182,1386,43,7,29,18.624000251293182,163.4880006313324
4,20260825T082827Z,flybrain,0.01,0.009997186938740181,10.0,9.997186938740182,1386,43,7,30,18.49599927663803,161.47199273109436
4,20260825T082827Z,flybrain,0.01,0.009997186938740181,10.0,9.997186938740182,1386,43,7,31,18.464000895619392,161.50400042533875
4,20260825T082827Z,flybrain,0.01,0.009997186938740181,10.0,9.997186938740182,1386,43,7,32,18.52799952030182,159.4880074262619
4,20260825T082827Z,flybrain,0.01,0.009997186938740181,10.0,9.997186938740182,1386,43,7,33,18.49599927663803,162.9440039396286
4,20260825T082827Z,flybrain,0.01,0.009997186938740181,10.0,9.997186938740182,1386,43,7,34,18.559999763965607,164.95999693870544
4,20260825T082827Z,flybrain,0.01,0.009997186938740181,10.0,9.997186938740182,1386,43,7,35,18.52799952030182,160.92799603939056
4,20260825T082827Z,flybrain,0.01,0.009997186938740181,10.0,9.997186938740182,1386,43,7,36,18.52799952030182,165.0560051202774
4,20260825T082827Z,flybrain,0.01,0.009997186938740181,10.0,9.997186938740182,1386,43,7,37,18.624000251293182,160.7999950647354
4,20260825T082827Z,flybrain,0.01,0.009997186938740181,10.0,9.997186938740182,1386,43,7,38,18.624000251293182,162.9440039396286
4,20260825T082827Z,flybrain,0.01,0.009997186938740181,10.0,9.997186938740182,1386,43,7,39,18.400000408291817,158.78400206565857
4,20260825T082827Z,flybrain,0.01,0.009997186938740181,10.0,9.997186938740182,1386,43,7,40,18.559999763965607,165.0560051202774
4,20260825T082827Z,flybrain,0.01,0.009997186938740181,10.0,9.997186938740182,1386,43,7,41,18.624000251293182,162.6880019903183
4,20260825T082827Z,flybrain,0.01,0.009997186938740181,10.0,9.997186938740182,1386,43,7,42,18.624000251293182,162.84799575805664
4,20260825T082827Z,flybrain,0.01,0.009997186938740181,10.0,9.997186938740182,1386,43,7,43,18.559999763965607,165.0560051202774
4,20260825T082827Z,flybrain,0.01,0.009997186938740181,10.0,9.997186938740182,1386,43,7,44,18.464000895619392,160.92799603939056
4,20260825T082827Z,flybrain,0.01,0.009997186938740181,10.0,9.997186938740182,1386,43,7,45,18.624000251293182,167.64800250530243
4,20260825T082827Z,flybrain,0.01,0.009997186938740181,10.0,9.997186938740182,1386,43,7,46,18.432000651955605,162.91199624538422
4,20260825T082827Z,flybrain,0.01,0.009997186938740181,10.0,9.997186938740182,1386,43,7,47,18.559999763965607,163.00800442695618
4,20260825T082827Z,flybrain,0.01,0.009997186938740181,10.0,9.997186938740182,1386,43,7,48,18.432000651955605,160.96000373363495
4,20260825T082827Z,flybrain,0.01,0.009997186938740181,10.0,9.997186938740182,1386,43,7,49,18.688000738620758,161.3440066576004
4,20260825T082827Z,flybrain,0.01,0.009997186938740181,10.0,9.997186938740182,1386,43,7,50,18.559999763965607,160.92799603939056
4,20260825T082827Z,flybrain,0.01,0.009997186938740181,10.0,9.997186938740182,1386,43,7,51,18.400000408291817,165.79200327396393
4,20260825T082827Z,flybrain,0.01,0.009997186938740181,10.0,9.997186938740182,1386,43,7,52,18.303999677300453,163.58399391174316
4,20260825T082827Z,flybrain,0.01,0.009997186938740181,10.0,9.997186938740182,1386,43,7,53,18.432000651955605,164.8319959640503
4,20260825T082827Z,flybrain,0.01,0.009997186938740181,10.0,9.997186938740182,1386,43,7,54,18.624000251293182,160.7999950647354
4,20260825T082827Z,flybrain,0.01,0.009997186938740181,10.0,9.997186938740182,1386,43,7,55,18.52799952030182,167.77600347995758
4,20260825T082827Z,flybrain,0.01,0.009997186938740181,10.0,9.997186938740182,1386,43,7,56,18.36800016462803,161.53599321842194
4,20260825T082827Z,flybrain,0.01,0.009997186938740181,10.0,9.997186938740182,1386,43,7,57,18.52799952030182,160.38399934768677
4,20260825T082827Z,flybrain,0.01,0.009997186938740181,10.0,9.997186938740182,1386,43,7,58,18.52799952030182,160.92799603939056
4,20260825T082827Z,flybrain,0.01,0.009997186938740181,10.0,9.997186938740182,1386,43,7,59,18.52799952030182,158.91200304031372
4,20260825T082827Z,flybrain,0.01,0.009997186938740181,10.0,9.997186938740182,1386,43,7,60,18.432000651955605,160.99199652671814
4,20260825T082827Z,flybrain,0.01,0.009997186938740181,10.0,9.997186938740182,1386,43,7,61,18.624000251293182,162.88000345230103
4,20260825T082827Z,flybrain,0.01,0.009997186938740181,10.0,9.997186938740182,1386,43,7,62,18.592000007629395,165.02399742603302
4,20260825T082827Z,flybrain,0.01,0.009997186938740181,10.0,9.997186938740182,1386,43,7,63,18.559999763965607,160.96000373363495
4,20260825T082827Z,flybrain,0.01,0.009997186938740181,10.0,9.997186938740182,1386,43,7,64,18.432000651955605,165.66400229930878
4,20260825T082827Z,flybrain,0.01,0.009997186938740181,10.0,9.997186938740182,1386,43,7,65,18.432000651955605,160.863995552063
4,20260825T082827Z,flybrain,0.01,0.009997186938740181,10.0,9.997186938740182,1386,43,7,66,18.464000895619392,158.87999534606934
4,20260825T082827Z,flybrain,0.01,0.009997186938740181,10.0,9.997186938740182,1386,43,7,67,18.52799952030182,163.61600160598755
4,20260825T082827Z,flybrain,0.01,0.009997186938740181,10.0,9.997186938740182,1386,43,7,68,18.464000895619392,163.4880006313324
4,20260825T082827Z,flybrain,0.01,0.009997186938740181,10.0,9.997186938740182,1386,43,7,69,18.52799952030182,161.40800714492798
4,20260825T082827Z,flybrain,0.01,0.009997186938740181,10.0,9.997186938740182,1386,43,7,70,18.400000408291817,161.40800714492798
4,20260825T082827Z,flybrain,0.01,0.009997186938740181,10.0,9.997186938740182,1386,43,7,71,18.49599927663803,162.9440039396286
4,20260825T082827Z,flybrain,0.01,0.009997186938740181,10.0,9.997186938740182,1386,43,7,72,18.624000251293182,162.9759967327118
4,20260825T082827Z,flybrain,0.01,0.009997186938740181,10.0,9.997186938740182,1386,43,7,73,18.49599927663803,167.58400201797485
4,20260825T082827Z,flybrain,0.01,0.009997186938740181,10.0,9.997186938740182,1386,43,7,74,18.432000651955605,163.42400014400482
4,20260825T082827Z,flybrain,0.01,0.009997186938740181,10.0,9.997186938740182,1386,43,7,75,18.464000895619392,158.91200304031372
4,20260825T082827Z,flybrain,0.01,0.009997186938740181,10.0,9.997186938740182,1386,43,7,76,18.592000007629395,159.5200002193451
4,20260825T082827Z,flybrain,0.01,0.009997186938740181,10.0,9.997186938740182,1386,43,7,77,18.49599927663803,162.9440039396286
4,20260825T082827Z,flybrain,0.01,0.009997186938740181,10.0,9.997186938740182,1386,43,7,78,18.592000007629395,162.84799575805664
4,20260825T082827Z,flybrain,0.01,0.009997186938740181,10.0,9.997186938740182,1386,43,7,79,18.49599927663803,163.455992937088
4,20260825T082827Z,flybrain,0.01,0.009997186938740181,10.0,9.997186938740182,1386,43,7,80,18.464000895619392,166.07999801635742
4,20260825T082827Z,flybrain,0.01,0.009997186938740181,10.0,9.997186938740182,1386,43,7,81,18.624000251293182,163.58399391174316
4,20260825T082827Z,flybrain,0.01,0.009997186938740181,10.0,9.997186938740182,1386,43,7,82,18.400000408291817,159.36000645160675
4,20260825T082827Z,flybrain,0.01,0.009997186938740181,10.0,9.997186938740182,1386,43,7,83,18.52799952030182,162.9759967327118
4,20260825T082827Z,flybrain,0.01,0.009997186938740181,10.0,9.997186938740182,1386,43,7,84,18.464000895619392,165.56799411773682
4,20260825T082827Z,flybrain,0.01,0.009997186938740181,10.0,9.997186938740182,1386,43,7,85,18.464000895619392,159.2639982700348
4,20260825T082827Z,flybrain,0.01,0.009997186938740181,10.0,9.997186938740182,1386,43,7,86,18.464000895619392,167.58400201797485
4,20260825T082827Z,flybrain,0.01,0.009997186938740181,10.0,9.997186938740182,1386,43,7,87,18.464000895619392,160.863995552063
4,20260825T082827Z,flybrain,0.01,0.009997186938740181,10.0,9.997186938740182,1386,43,7,88,18.464000895619392,161.56800091266632
4,20260825T082827Z,flybrain,0.01,0.009997186938740181,10.0,9.997186938740182,1386,43,7,89,18.464000895619392,160.863995552063
4,20260825T082827Z,flybrain,0.01,0.009997186938740181,10.0,9.997186938740182,1386,43,7,90,18.464000895619392,162.9759967327118
4,20260825T082827Z,flybrain,0.01,0.009997186938740181,10.0,9.997186938740182,1386,43,7,91,18.400000408291817,163.68000209331512
4,20260825T082827Z,flybrain,0.01,0.009997186938740181,10.0,9.997186938740182,1386,43,7,92,18.400000408291817,161.53599321842194
4,20260825T082827Z,flybrain,0.01,0.009997186938740181,10.0,9.997186938740182,1386,43,7,93,18.49599927663803,167.00799763202667
4,20260825T082827Z,flybrain,0.01,0.009997186938740181,10.0,9.997186938740182,1386,43,7,94,18.624000251293182,160.96000373363495
4,20260825T082827Z,flybrain,0.01,0.009997186938740181,10.0,9.997186938740182,1386,43,7,95,18.400000408291817,167.10400581359863
4,20260825T082827Z,flybrain,0.01,0.009997186938740181,10.0,9.997186938740182,1386,43,7,96,18.49599927663803,160.863995552063
4,20260825T082827Z,flybrain,0.01,0.009997186938740181,10.0,9.997186938740182,1386,43,7,97,18.624000251293182,165.56799411773682
4,20260825T082827Z,flybrain,0.01,0.009997186938740181,10.0,9.997186938740182,1386,43,7,98,18.464000895619392,159.2639982700348
4,20260825T082827Z,flybrain,0.01,0.009997186938740181,10.0,9.997186938740182,1386,43,7,99,18.49599927663803,159.42400693893433
4,20260825T082827Z,flybrain,0.01,0.009997186938740181,10.0,9.997186938740182,1386,43,7,100,18.52799952030182,159.55199301242828
4,20260825T082827Z,flybrain,0.01,0.009997186938740181,10.0,9.997186938740182,1386,43,7,101,18.432000651955605,162.78399527072906
4,20260825T082827Z,flybrain,0.01,0.009997186938740181,10.0,9.997186938740182,1386,43,7,102,18.49599927663803,162.75200247764587
4,20260825T082827Z,flybrain,0.01,0.009997186938740181,10.0,9.997186938740182,1386,43,7,103,18.559999763965607,159.87199544906616
4,20260825T082827Z,flybrain,0.01,0.009997186938740181,10.0,9.997186938740182,1386,43,7,104,18.592000007629395,165.75999557971954
4,20260825T082827Z,flybrain,0.01,0.009997186938740181,10.0,9.997186938740182,1386,43,7,105,18.400000408291817,162.84799575805664
4,20260825T082827Z,flybrain,0.01,0.009997186938740181,10.0,9.997186938740182,1386,43,7,106,18.624000251293182,160.7999950647354
4,20260825T082827Z,flybrain,0.01,0.009997186938740181,10.0,9.997186938740182,1386,43,7,107,18.464000895619392,164.95999693870544
4,20260825T082827Z,flybrain,0.01,0.009997186938740181,10.0,9.997186938740182,1386,43,7,108,18.400000408291817,160.92799603939056
4,20260825T082827Z,flybrain,0.01,0.009997186938740181,10.0,9.997186938740182,1386,43,7,109,18.592000007629395,160.863995552063
4,20260825T082827Z,flybrain,0.01,0.009997186938740181,10.0,9.997186938740182,1386,43,7,110,18.432000651955605,163.55200111865997
4,20260825T082827Z,flybrain,0.01,0.009997186938740181,10.0,9.997186938740182,1386,43,7,111,18.432000651955605,159.36000645160675
4,20260825T082827Z,flybrain,0.01,0.009997186938740181,10.0,9.997186938740182,1386,43,7,112,18.49599927663803,159.45599973201752
4,20260825T082827Z,flybrain,0.01,0.009997186938740181,10.0,9.997186938740182,1386,43,7,113,17.472000792622566,162.81600296497345
4,20260825T082827Z,flybrain,0.01,0.009997186938740181,10.0,9.997186938740182,1386,43,7,114,18.592000007629395,168.60799491405487
4,20260825T082827Z,flybrain,0.01,0.009997186938740181,10.0,9.997186938740182,1386,43,7,115,18.49599927663803,158.81599485874176
4,20260825T082827Z,flybrain,0.01,0.009997186938740181,10.0,9.997186938740182,1386,43,7,116,18.49599927663803,164.95999693870544
4,20260825T082827Z,flybrain,0.01,0.009997186938740181,10.0,9.997186938740182,1386,43,7,117,18.624000251293182,163.5199934244156
4,20260825T082827Z,flybrain,0.01,0.009997186938740181,10.0,9.997186938740182,1386,43,7,118,18.464000895619392,162.88000345230103
4,20260825T082827Z,flybrain,0.01,0.009997186938740181,10.0,9.997186938740182,1386,43,7,119,18.559999763965607,163.5199934244156
4,20260825T082827Z,flybrain,0.01,0.009997186938740181,10.0,9.997186938740182,1386,43,7,120,18.432000651955605,165.6319946050644
4,20260825T082827Z,flybrain,0.01,0.009997186938740181,10.0,9.997186938740182,1386,43,7,121,18.49599927663803,160.863995552063
4,20260825T082827Z,flybrain,0.01,0.009997186938740181,10.0,9.997186938740182,1386,43,7,122,18.52799952030182,165.69599509239197
4,20260825T082827Z,flybrain,0.01,0.009997186938740181,10.0,9.997186938740182,1386,43,7,123,18.400000408291817,163.39200735092163
4,20260825T082827Z,flybrain,0.01,0.009997186938740181,10.0,9.997186938740182,1386,43,7,124,18.432000651955605,159.4880074262619
4,20260825T082827Z,flybrain,0.01,0.009997186938740181,10.0,9.997186938740182,1386,43,7,125,18.49599927663803,159.5200002193451
4,20260825T082827Z,flybrain,0.01,0.009997186938740181,10.0,9.997186938740182,1386,43,7,126,18.36800016462803,166.55999422073364
4,20260825T082827Z,flybrain,0.01,0.009997186938740181,10.0,9.997186938740182,1386,43,7,127,18.079999834299088,167.58400201797485
4,20260825T082827Z,flybrain,0.01,0.009997186938740181,10.0,9.997186938740182,1386,43,8,0,297.1839904785156,208.064004778862
4,20260825T082827Z,flybrain,0.01,0.009997186938740181,10.0,9.997186938740182,1386,43,8,1,16.51199907064438,160.92799603939056
4,20260825T082827Z,flybrain,0.01,0.009997186938740181,10.0,9.997186938740182,1386,43,8,2,18.144000321626663,164.67200219631195
4,20260825T082827Z,flybrain,0.01,0.009997186938740181,10.0,9.997186938740182,1386,43,8,3,16.51199907064438,160.47999262809753
4,20260825T082827Z,flybrain,0.01,0.009997186938740181,10.0,9.997186938740182,1386,43,8,4,18.239999189972878,162.59199380874634
4,20260825T082827Z,flybrain,0.01,0.009997186938740181,10.0,9.997186938740182,1386,43,8,5,16.543999314308167,158.4320068359375
4,20260825T082827Z,flybrain,0.01,0.009997186938740181,10.0,9.997186938740182,1386,43,8,6,16.416000202298164,164.60800170898438
4,20260825T082827Z,flybrain,0.01,0.009997186938740181,10.0,9.997186938740182,1386,43,8,7,18.52799952030182,160.70400178432465
4,20260825T082827Z,flybrain,0.01,0.009997186938740181,10.0,9.997186938740182,1386,43,8,8,18.65600049495697,164.70399498939514
4,20260825T082827Z,flybrain,0.01,0.009997186938740181,10.0,9.997186938740182,1386,43,8,9,18.912000581622124,162.9759967327118
4,20260825T082827Z,flybrain,0.01,0.009997186938740181,10.0,9.997186938740182,1386,43,8,10,17.24799908697605,167.55199432373047
4,20260825T082827Z,flybrain,0.01,0.009997186938740181,10.0,9.997186938740182,1386,43,8,11,18.49599927663803,161.82400286197662
4,20260825T082827Z,flybrain,0.01,0.009997186938740181,10.0,9.997186938740182,1386,43,8,12,18.464000895619392,163.55200111865997
4,20260825T082827Z,flybrain,0.01,0.009997186938740181,10.0,9.997186938740182,1386,43,8,13,18.49599927663803,163.55200111865997
4,20260825T082827Z,flybrain,0.01,0.009997186938740181,10.0,9.997186938740182,1386,43,8,14,18.49599927663803,164.99200463294983
4,20260825T082827Z,flybrain,0.01,0.009997186938740181,10.0,9.997186938740182,1386,43,8,15,18.592000007629395,163.58399391174316
4,20260825T082827Z,flybrain,0.01,0.009997186938740181,10.0,9.997186938740182,1386,43,8,16,18.49599927663803,160.92799603939056
4,20260825T082827Z,flybrain,0.01,0.009997186938740181,10.0,9.997186938740182,1386,43,8,17,18.624000251293182,160.92799603939056
4,20260825T082827Z,flybrain,0.01,0.009997186938740181,10.0,9.997186938740182,1386,43,8,18,18.624000251293182,164.86400365829468
4,20260825T082827Z,flybrain,0.01,0.009997186938740181,10.0,9.997186938740182,1386,43,8,19,18.52799952030182,165.02399742603302
4,20260825T082827Z,flybrain,0.01,0.009997186938740181,10.0,9.997186938740182,1386,43,8,20,18.432000651955605,163.42400014400482
4,20260825T082827Z,flybrain,0.01,0.009997186938740181,10.0,9.997186938740182,1386,43,8,21,18.52799952030182,165.69599509239197
4,20260825T082827Z,flybrain,0.01,0.009997186938740181,10.0,9.997186938740182,1386,43,8,22,18.464000895619392,160.73599457740784
4,20260825T082827Z,flybrain,0.01,0.009997186938740181,10.0,9.997186938740182,1386,43,8,23,17.59999990463257,163.00800442695618
4,20260825T082827Z,flybrain,0.01,0.009997186938740181,10.0,9.997186938740182,1386,43,8,24,18.559999763965607,163.55200111865997
4,20260825T082827Z,flybrain,0.01,0.009997186938740181,10.0,9.997186938740182,1386,43,8,25,18.464000895619392,163.00800442695618
4,20260825T082827Z,flybrain,0.01,0.009997186938740181,10.0,9.997186938740182,1386,43,8,26,18.464000895619392,162.84799575805664
4,20260825T082827Z,flybrain,0.01,0.009997186938740181,10.0,9.997186938740182,1386,43,8,27,18.49599927663803,162.9759967327118
4,20260825T082827Z,flybrain,0.01,0.009997186938740181,10.0,9.997186938740182,1386,43,8,28,18.52799952030182,162.9759967327118
4,20260825T082827Z,flybrain,0.01,0.009997186938740181,10.0,9.997186938740182,1386,43,8,29,18.624000251293182,160.92799603939056
4,20260825T082827Z,flybrain,0.01,0.009997186938740181,10.0,9.997186938740182,1386,43,8,30,18.624000251293182,160.8320027589798
4,20260825T082827Z,flybrain,0.01,0.009997186938740181,10.0,9.997186938740182,1386,43,8,31,18.624000251293182,160.863995552063
4,20260825T082827Z,flybrain,0.01,0.009997186938740181,10.0,9.997186938740182,1386,43,8,32,18.464000895619392,158.75199437141418
4,20260825T082827Z,flybrain,0.01,0.009997186938740181,10.0,9.997186938740182,1386,43,8,33,18.65600049495697,160.96000373363495
4,20260825T082827Z,flybrain,0.01,0.009997186938740181,10.0,9.997186938740182,1386,43,8,34,18.65600049495697,164.92800414562225
4,20260825T082827Z,flybrain,0.01,0.009997186938740181,10.0,9.997186938740182,1386,43,8,35,18.592000007629395,160.96000373363495
4,20260825T082827Z,flybrain,0.01,0.009997186938740181,10.0,9.997186938740182,1386,43,8,36,18.464000895619392,167.71200299263
4,20260825T082827Z,flybrain,0.01,0.009997186938740181,10.0,9.997186938740182,1386,43,8,37,18.432000651955605,158.720001578331
4,20260825T082827Z,flybrain,0.01,0.009997186938740181,10.0,9.997186938740182,1386,43,8,38,18.624000251293182,163.4880006313324
4,20260825T082827Z,flybrain,0.01,0.009997186938740181,10.0,9.997186938740182,1386,43,8,39,18.49599927663803,159.64800119400024
4,20260825T082827Z,flybrain,0.01,0.009997186938740181,10.0,9.997186938740182,1386,43,8,40,18.33599992096424,165.02399742603302
4,20260825T082827Z,flybrain,0.01,0.009997186938740181,10.0,9.997186938740182,1386,43,8,41,18.624000251293182,162.9440039396286
4,20260825T082827Z,flybrain,0.01,0.009997186938740181,10.0,9.997186938740182,1386,43,8,42,18.592000007629395,163.39200735092163
4,20260825T082827Z,flybrain,0.01,0.009997186938740181,10.0,9.997186938740182,1386,43,8,43,18.464000895619392,163.07200491428375
4,20260825T082827Z,flybrain,0.01,0.009997186938740181,10.0,9.997186938740182,1386,43,8,44,18.592000007629395,163.7440025806427
4,20260825T082827Z,flybrain,0.01,0.009997186938740181,10.0,9.997186938740182,1386,43,8,45,18.36800016462803,167.10400581359863
4,20260825T082827Z,flybrain,0.01,0.009997186938740181,10.0,9.997186938740182,1386,43,8,46,17.56799966096878,162.9440039396286
4,20260825T082827Z,flybrain,0.01,0.009997186938740181,10.0,9.997186938740182,1386,43,8,47,18.464000895619392,160.96000373363495
4,20260825T082827Z,flybrain,0.01,0.009997186938740181,10.0,9.997186938740182,1386,43,8,48,18.592000007629395,161.43999993801117
4,20260825T082827Z,flybrain,0.01,0.009997186938740181,10.0,9.997186938740182,1386,43,8,49,18.52799952030182,162.9440039396286
4,20260825T082827Z,flybrain,0.01,0.009997186938740181,10.0,9.997186938740182,1386,43,8,50,18.432000651955605,160.76800227165222
4,20260825T082827Z,flybrain,0.01,0.009997186938740181,10.0,9.997186938740182,1386,43,8,51,18.65600049495697,165.0560051202774
4,20260825T082827Z,flybrain,0.01,0.009997186938740181,10.0,9.997186938740182,1386,43,8,52,18.592000007629395,165.66400229930878
4,20260825T082827Z,flybrain,0.01,0.009997186938740181,10.0,9.997186938740182,1386,43,8,53,18.464000895619392,163.00800442695618
4,20260825T082827Z,flybrain,0.01,0.009997186938740181,10.0,9.997186938740182,1386,43,8,54,18.559999763965607,161.5999937057495
4,20260825T082827Z,flybrain,0.01,0.009997186938740181,10.0,9.997186938740182,1386,43,8,55,18.400000408291817,167.58400201797485
4,20260825T082827Z,flybrain,0.01,0.009997186938740181,10.0,9.997186938740182,1386,43,8,56,18.432000651955605,161.6320013999939
4,20260825T082827Z,flybrain,0.01,0.009997186938740181,10.0,9.997186938740182,1386,43,8,57,17.311999574303627,159.93599593639374
4,20260825T082827Z,flybrain,0.01,0.009997186938740181,10.0,9.997186938740182,1386,43,8,58,18.65600049495697,160.92799603939056
4,20260825T082827Z,flybrain,0.01,0.009997186938740181,10.0,9.997186938740182,1386,43,8,59,18.624000251293182,158.87999534606934
4,20260825T082827Z,flybrain,0.01,0.009997186938740181,10.0,9.997186938740182,1386,43,8,60,18.592000007629395,161.53599321842194
4,20260825T082827Z,flybrain,0.01,0.009997186938740181,10.0,9.997186938740182,1386,43,8,61,18.52799952030182,163.455992937088
4,20260825T082827Z,flybrain,0.01,0.009997186938740181,10.0,9.997186938740182,1386,43,8,62,18.49599927663803,164.92800414562225
4,20260825T082827Z,flybrain,0.01,0.009997186938740181,10.0,9.997186938740182,1386,43,8,63,18.624000251293182,161.53599321842194
4,20260825T082827Z,flybrain,0.01,0.009997186938740181,10.0,9.997186938740182,1386,43,8,64,18.464000895619392,165.6319946050644
4,20260825T082827Z,flybrain,0.01,0.009997186938740181,10.0,9.997186938740182,1386,43,8,65,18.49599927663803,160.92799603939056
4,20260825T082827Z,flybrain,0.01,0.009997186938740181,10.0,9.997186938740182,1386,43,8,66,18.464000895619392,159.36000645160675
4,20260825T082827Z,flybrain,0.01,0.009997186938740181,10.0,9.997186938740182,1386,43,8,67,18.464000895619392,165.6000018119812
4,20260825T082827Z,flybrain,0.01,0.009997186938740181,10.0,9.997186938740182,1386,43,8,68,18.36800016462803,162.9759967327118
4,20260825T082827Z,flybrain,0.01,0.009997186938740181,10.0,9.997186938740182,1386,43,8,69,17.59999990463257,161.40800714492798
4,20260825T082827Z,flybrain,0.01,0.009997186938740181,10.0,9.997186938740182,1386,43,8,70,18.464000895619392,160.89600324630737
4,20260825T082827Z,flybrain,0.01,0.009997186938740181,10.0,9.997186938740182,1386,43,8,71,18.559999763965607,163.00800442695618
4,20260825T082827Z,flybrain,0.01,0.009997186938740181,10.0,9.997186938740182,1386,43,8,72,18.559999763965607,163.58399391174316
4,20260825T082827Z,flybrain,0.01,0.009997186938740181,10.0,9.997186938740182,1386,43,8,73,18.36800016462803,167.61599481105804
4,20260825T082827Z,flybrain,0.01,0.009997186938740181,10.0,9.997186938740182,1386,43,8,74,18.559999763965607,164.99200463294983
4,20260825T082827Z,flybrain,0.01,0.009997186938740181,10.0,9.997186938740182,1386,43,8,75,18.624000251293182,161.3759994506836
4,20260825T082827Z,flybrain,0.01,0.009997186938740181,10.0,9.997186938740182,1386,43,8,76,18.432000651955605,160.7999950647354
4,20260825T082827Z,flybrain,0.01,0.009997186938740181,10.0,9.997186938740182,1386,43,8,77,19.231999292969704,162.84799575805664
4,20260825T082827Z,flybrain,0.01,0.009997186938740181,10.0,9.997186938740182,1386,43,8,78,18.49599927663803,163.455992937088
4,20260825T082827Z,flybrain,0.01,0.009997186938740181,10.0,9.997186938740182,1386,43,8,79,18.49599927663803,161.53599321842194
4,20260825T082827Z,flybrain,0.01,0.009997186938740181,10.0,9.997186938740182,1386,43,8,80,18.464000895619392,164.92800414562225
4,20260825T082827Z,flybrain,0.01,0.009997186938740181,10.0,9.997186938740182,1386,43,8,81,18.65600049495697,162.84799575805664
4,20260825T082827Z,flybrain,0.01,0.009997186938740181,10.0,9.997186938740182,1386,43,8,82,18.624000251293182,158.81599485874176
4,20260825T082827Z,flybrain,0.01,0.009997186938740181,10.0,9.997186938740182,1386,43,8,83,18.624000251293182,163.64799439907074
4,20260825T082827Z,flybrain,0.01,0.009997186938740181,10.0,9.997186938740182,1386,43,8,84,18.400000408291817,165.66400229930878
4,20260825T082827Z,flybrain,0.01,0.009997186938740181,10.0,9.997186938740182,1386,43,8,85,18.49599927663803,159.5200002193451
4,20260825T082827Z,flybrain,0.01,0.009997186938740181,10.0,9.997186938740182,1386,43,8,86,18.464000895619392,165.53600132465363
4,20260825T082827Z,flybrain,0.01,0.009997186938740181,10.0,9.997186938740182,1386,43,8,87,18.49599927663803,161.53599321842194
4,20260825T082827Z,flybrain,0.01,0.009997186938740181,10.0,9.997186938740182,1386,43,8,88,18.49599927663803,160.99199652671814
4,20260825T082827Z,flybrain,0.01,0.009997186938740181,10.0,9.997186938740182,1386,43,8,89,18.624000251293182,161.40800714492798
4,20260825T082827Z,flybrain,0.01,0.009997186938740181,10.0,9.997186938740182,1386,43,8,90,18.464000895619392,162.91199624538422
4,20260825T082827Z,flybrain,0.01,0.009997186938740181,10.0,9.997186938740182,1386,43,8,91,18.592000007629395,164.99200463294983
4,20260825T082827Z,flybrain,0.01,0.009997186938740181,10.0,9.997186938740182,1386,43,8,92,18.52799952030182,161.53599321842194
4,20260825T082827Z,flybrain,0.01,0.009997186938740181,10.0,9.997186938740182,1386,43,8,93,18.49599927663803,167.58400201797485
4,20260825T082827Z,flybrain,0.01,0.009997186938740181,10.0,9.997186938740182,1386,43,8,94,18.559999763965607,161.47199273109436
4,20260825T082827Z,flybrain,0.01,0.009997186938740181,10.0,9.997186938740182,1386,43,8,95,18.49599927663803,169.63200271129608
4,20260825T082827Z,flybrain,0.01,0.009997186938740181,10.0,9.997186938740182,1386,43,8,96,18.49599927663803,160.92799603939056
4,20260825T082827Z,flybrain,0.01,0.009997186938740181,10.0,9.997186938740182,1386,43,8,97,18.624000251293182,163.00800442695618
4,20260825T082827Z,flybrain,0.01,0.009997186938740181,10.0,9.997186938740182,1386,43,8,98,18.65600049495697,159.2639982700348
4,20260825T082827Z,flybrain,0.01,0.009997186938740181,10.0,9.997186938740182,1386,43,8,99,18.36800016462803,158.91200304031372
4,20260825T082827Z,flybrain,0.01,0.009997186938740181,10.0,9.997186938740182,1386,43,8,100,18.52799952030182,158.81599485874176
4,20260825T082827Z,flybrain,0.01,0.009997186938740181,10.0,9.997186938740182,1386,43,8,101,18.624000251293182,163.42400014400482
4,20260825T082827Z,flybrain,0.01,0.009997186938740181,10.0,9.997186938740182,1386,43,8,102,18.52799952030182,162.91199624538422
4,20260825T082827Z,flybrain,0.01,0.009997186938740181,10.0,9.997186938740182,1386,43,8,103,18.592000007629395,159.93599593639374
4,20260825T082827Z,flybrain,0.01,0.009997186938740181,10.0,9.997186938740182,1386,43,8,104,18.464000895619392,165.6319946050644
4,20260825T082827Z,flybrain,0.01,0.009997186938740181,10.0,9.997186938740182,1386,43,8,105,18.432000651955605,163.00800442695618
4,20260825T082827Z,flybrain,0.01,0.009997186938740181,10.0,9.997186938740182,1386,43,8,106,18.49599927663803,163.42400014400482
4,20260825T082827Z,flybrain,0.01,0.009997186938740181,10.0,9.997186938740182,1386,43,8,107,18.49599927663803,165.6319946050644
4,20260825T082827Z,flybrain,0.01,0.009997186938740181,10.0,9.997186938740182,1386,43,8,108,18.49599927663803,160.96000373363495
4,20260825T082827Z,flybrain,0.01,0.009997186938740181,10.0,9.997186938740182,1386,43,8,109,18.464000895619392,159.29600596427917
4,20260825T082827Z,flybrain,0.01,0.009997186938740181,10.0,9.997186938740182,1386,43,8,110,18.49599927663803,162.7199947834015
4,20260825T082827Z,flybrain,0.01,0.009997186938740181,10.0,9.997186938740182,1386,43,8,111,18.624000251293182,159.5200002193451
4,20260825T082827Z,flybrain,0.01,0.009997186938740181,10.0,9.997186938740182,1386,43,8,112,18.432000651955605,158.81599485874176
4,20260825T082827Z,flybrain,0.01,0.009997186938740181,10.0,9.997186938740182,1386,43,8,113,18.624000251293182,163.58399391174316
4,20260825T082827Z,flybrain,0.01,0.009997186938740181,10.0,9.997186938740182,1386,43,8,114,18.49599927663803,166.87999665737152
4,20260825T082827Z,flybrain,0.01,0.009997186938740181,10.0,9.997186938740182,1386,43,8,115,18.464000895619392,158.75199437141418
4,20260825T082827Z,flybrain,0.01,0.009997186938740181,10.0,9.997186938740182,1386,43,8,116,18.464000895619392,165.75999557971954
4,20260825T082827Z,flybrain,0.01,0.009997186938740181,10.0,9.997186938740182,1386,43,8,117,18.400000408291817,161.3759994506836
4,20260825T082827Z,flybrain,0.01,0.009997186938740181,10.0,9.997186938740182,1386,43,8,118,18.52799952030182,162.81600296497345
4,20260825T082827Z,flybrain,0.01,0.009997186938740181,10.0,9.997186938740182,1386,43,8,119,18.464000895619392,162.9759967327118
4,20260825T082827Z,flybrain,0.01,0.009997186938740181,10.0,9.997186938740182,1386,43,8,120,18.592000007629395,165.0560051202774
4,20260825T082827Z,flybrain,0.01,0.009997186938740181,10.0,9.997186938740182,1386,43,8,121,18.559999763965607,160.7999950647354
4,20260825T082827Z,flybrain,0.01,0.009997186938740181,10.0,9.997186938740182,1386,43,8,122,18.624000251293182,165.6319946050644
4,20260825T082827Z,flybrain,0.01,0.009997186938740181,10.0,9.997186938740182,1386,43,8,123,18.94400082528591,162.6559942960739
4,20260825T082827Z,flybrain,0.01,0.009997186938740181,10.0,9.997186938740182,1386,43,8,124,17.08799973130226,160.67199409008026
4,20260825T082827Z,flybrain,0.01,0.009997186938740181,10.0,9.997186938740182,1386,43,8,125,17.11999997496605,158.720001578331
4,20260825T082827Z,flybrain,0.01,0.009997186938740181,10.0,9.997186938740182,1386,43,8,126,16.575999557971954,166.55999422073364
4,20260825T082827Z,flybrain,0.01,0.009997186938740181,10.0,9.997186938740182,1386,43,8,127,18.079999834299088,167.58400201797485
4,20260825T082827Z,flybrain,0.01,0.009997186938740181,10.0,9.997186938740182,1386,43,9,0,208.6080014705658,184.4159960746765
4,20260825T082827Z,flybrain,0.01,0.009997186938740181,10.0,9.997186938740182,1386,43,9,1,16.383999958634377,162.9440039396286
4,20260825T082827Z,flybrain,0.01,0.009997186938740181,10.0,9.997186938740182,1386,43,9,2,16.543999314308167,164.60800170898438
4,20260825T082827Z,flybrain,0.01,0.009997186938740181,10.0,9.997186938740182,1386,43,9,3,16.416000202298164,162.59199380874634
4,20260825T082827Z,flybrain,0.01,0.009997186938740181,10.0,9.997186938740182,1386,43,9,4,16.3199994713068,162.6559942960739
4,20260825T082827Z,flybrain,0.01,0.009997186938740181,10.0,9.997186938740182,1386,43,9,5,19.13600042462349,158.65600109100342
4,20260825T082827Z,flybrain,0.01,0.009997186938740181,10.0,9.997186938740182,1386,43,9,6,18.81599985063076,166.72000288963318
4,20260825T082827Z,flybrain,0.01,0.009997186938740181,10.0,9.997186938740182,1386,43,9,7,16.896000131964684,161.15200519561768
4,20260825T082827Z,flybrain,0.01,0.009997186938740181,10.0,9.997186938740182,1386,43,9,8,18.303999677300453,165.0560051202774
4,20260825T082827Z,flybrain,0.01,0.009997186938740181,10.0,9.997186938740182,1386,43,9,9,18.624000251293182,162.62400150299072
4,20260825T082827Z,flybrain,0.01,0.009997186938740181,10.0,9.997186938740182,1386,43,9,10,19.231999292969704,166.9439971446991
4,20260825T082827Z,flybrain,0.01,0.009997186938740181,10.0,9.997186938740182,1386,43,9,11,18.464000895619392,160.96000373363495
4,20260825T082827Z,flybrain,0.01,0.009997186938740181,10.0,9.997186938740182,1386,43,9,12,18.592000007629395,165.0879979133606
4,20260825T082827Z,flybrain,0.01,0.009997186938740181,10.0,9.997186938740182,1386,43,9,13,18.52799952030182,163.4880006313324
4,20260825T082827Z,flybrain,0.01,0.009997186938740181,10.0,9.997186938740182,1386,43,9,14,18.49599927663803,165.02399742603302
4,20260825T082827Z,flybrain,0.01,0.009997186938740181,10.0,9.997186938740182,1386,43,9,15,18.33599992096424,162.9759967327118
4,20260825T082827Z,flybrain,0.01,0.009997186938740181,10.0,9.997186938740182,1386,43,9,16,18.52799952030182,160.7999950647354
4,20260825T082827Z,flybrain,0.01,0.009997186938740181,10.0,9.997186938740182,1386,43,9,17,18.624000251293182,161.3440066576004
4,20260825T082827Z,flybrain,0.01,0.009997186938740181,10.0,9.997186938740182,1386,43,9,18,18.49599927663803,165.69599509239197
4,20260825T082827Z,flybrain,0.01,0.009997186938740181,10.0,9.997186938740182,1386,43,9,19,18.432000651955605,163.5199934244156
4,20260825T082827Z,flybrain,0.01,0.009997186938740181,10.0,9.997186938740182,1386,43,9,20,18.559999763965607,162.91199624538422
4,20260825T082827Z,flybrain,0.01,0.009997186938740181,10.0,9.997186938740182,1386,43,9,21,19.200000911951065,164.8319959640503
4,20260825T082827Z,flybrain,0.01,0.009997186938740181,10.0,9.997186938740182,1386,43,9,22,18.592000007629395,160.7999950647354
4,20260825T082827Z,flybrain,0.01,0.009997186938740181,10.0,9.997186938740182,1386,43,9,23,17.503999173641205,163.00800442695618
4,20260825T082827Z,flybrain,0.01,0.009997186938740181,10.0,9.997186938740182,1386,43,9,24,18.400000408291817,163.00800442695618
4,20260825T082827Z,flybrain,0.01,0.009997186938740181,10.0,9.997186938740182,1386,43,9,25,18.464000895619392,160.863995552063
4,20260825T082827Z,flybrain,0.01,0.009997186938740181,10.0,9.997186938740182,1386,43,9,26,18.52799952030182,162.84799575805664
4,20260825T082827Z,flybrain,0.01,0.009997186938740181,10.0,9.997186938740182,1386,43,9,27,18.559999763965607,161.3440066576004
4,20260825T082827Z,flybrain,0.01,0.009997186938740181,10.0,9.997186938740182,1386,43,9,28,18.52799952030182,162.9759967327118
4,20260825T082827Z,flybrain,0.01,0.009997186938740181,10.0,9.997186938740182,1386,43,9,29,19.29599978029728,161.31199896335602
4,20260825T082827Z,flybrain,0.01,0.009997186938740181,10.0,9.997186938740182,1386,43,9,30,18.49599927663803,161.43999993801117
4,20260825T082827Z,flybrain,0.01,0.009997186938740181,10.0,9.997186938740182,1386,43,9,31,18.49599927663803,162.81600296497345
4,20260825T082827Z,flybrain,0.01,0.009997186938740181,10.0,9.997186938740182,1386,43,9,32,18.624000251293182,159.5200002193451
4,20260825T082827Z,flybrain,0.01,0.009997186938740181,10.0,9.997186938740182,1386,43,9,33,18.49599927663803,160.8320027589798
4,20260825T082827Z,flybrain,0.01,0.009997186938740181,10.0,9.997186938740182,1386,43,9,34,18.624000251293182,165.02399742603302
4,20260825T082827Z,flybrain,0.01,0.009997186938740181,10.0,9.997186938740182,1386,43,9,35,18.49599927663803,163.03999722003937
4,20260825T082827Z,flybrain,0.01,0.009997186938740181,10.0,9.997186938740182,1386,43,9,36,18.464000895619392,167.10400581359863
4,20260825T082827Z,flybrain,0.01,0.009997186938740181,10.0,9.997186938740182,1386,43,9,37,18.624000251293182,161.43999993801117
4,20260825T082827Z,flybrain,0.01,0.009997186938740181,10.0,9.997186938740182,1386,43,9,38,18.464000895619392,162.9759967327118
4,20260825T082827Z,flybrain,0.01,0.009997186938740181,10.0,9.997186938740182,1386,43,9,39,18.52799952030182,158.91200304031372
4,20260825T082827Z,flybrain,0.01,0.009997186938740181,10.0,9.997186938740182,1386,43,9,40,18.559999763965607,165.72800278663635
4,20260825T082827Z,flybrain,0.01,0.009997186938740181,10.0,9.997186938740182,1386,43,9,41,18.432000651955605,162.88000345230103
4,20260825T082827Z,flybrain,0.01,0.009997186938740181,10.0,9.997186938740182,1386,43,9,42,18.592000007629395,162.9440039396286
4,20260825T082827Z,flybrain,0.01,0.009997186938740181,10.0,9.997186938740182,1386,43,9,43,18.464000895619392,164.89599645137787
4,20260825T082827Z,flybrain,0.01,0.009997186938740181,10.0,9.997186938740182,1386,43,9,44,18.49599927663803,160.89600324630737
4,20260825T082827Z,flybrain,0.01,0.009997186938740181,10.0,9.997186938740182,1386,43,9,45,18.464000895619392,167.64800250530243
4,20260825T082827Z,flybrain,0.01,0.009997186938740181,10.0,9.997186938740182,1386,43,9,46,18.432000651955605,162.9759967327118
4,20260825T082827Z,flybrain,0.01,0.009997186938740181,10.0,9.997186938740182,1386,43,9,47,18.52799952030182,163.00800442695618
4,20260825T082827Z,flybrain,0.01,0.009997186938740181,10.0,9.997186938740182,1386,43,9,48,18.592000007629395,160.92799603939056
4,20260825T082827Z,flybrain,0.01,0.009997186938740181,10.0,9.997186938740182,1386,43,9,49,18.624000251293182,163.64799439907074
4,20260825T082827Z,flybrain,0.01,0.009997186938740181,10.0,9.997186938740182,1386,43,9,50,18.33599992096424,160.8320027589798
4,20260825T082827Z,flybrain,0.01,0.009997186938740181,10.0,9.997186938740182,1386,43,9,51,18.52799952030182,165.69599509239197
4,20260825T082827Z,flybrain,0.01,0.009997186938740181,10.0,9.997186938740182,1386,43,9,52,17.055999487638474,165.66400229930878
4,20260825T082827Z,flybrain,0.01,0.009997186938740181,10.0,9.997186938740182,1386,43,9,53,18.432000651955605,164.95999693870544
4,20260825T082827Z,flybrain,0.01,0.009997186938740181,10.0,9.997186938740182,1386,43,9,54,18.624000251293182,160.863995552063
4,20260825T082827Z,flybrain,0.01,0.009997186938740181,10.0,9.997186938740182,1386,43,9,55,18.432000651955605,167.61599481105804
4,20260825T082827Z,flybrain,0.01,0.009997186938740181,10.0,9.997186938740182,1386,43,9,56,18.49599927663803,161.3759994506836
4,20260825T082827Z,flybrain,0.01,0.009997186938740181,10.0,9.997186938740182,1386,43,9,57,18.33599992096424,161.50400042533875
4,20260825T082827Z,flybrain,0.01,0.009997186938740181,10.0,9.997186938740182,1386,43,9,58,18.49599927663803,160.92799603939056
4,20260825T082827Z,flybrain,0.01,0.009997186938740181,10.0,9.997186938740182,1386,43,9,59,18.400000408291817,158.91200304031372
4,20260825T082827Z,flybrain,0.01,0.009997186938740181,10.0,9.997186938740182,1386,43,9,60,18.559999763965607,160.76800227165222
4,20260825T082827Z,flybrain,0.01,0.009997186938740181,10.0,9.997186938740182,1386,43,9,61,18.432000651955605,160.73599457740784
4,20260825T082827Z,flybrain,0.01,0.009997186938740181,10.0,9.997186938740182,1386,43,9,62,18.52799952030182,164.89599645137787
4,20260825T082827Z,flybrain,0.01,0.009997186938740181,10.0,9.997186938740182,1386,43,9,63,18.49599927663803,163.455992937088
4,20260825T082827Z,flybrain,0.01,0.009997186938740181,10.0,9.997186938740182,1386,43,9,64,18.49599927663803,165.6319946050644
4,20260825T082827Z,flybrain,0.01,0.009997186938740181,10.0,9.997186938740182,1386,43,9,65,18.49599927663803,159.4880074262619
4,20260825T082827Z,flybrain,0.01,0.009997186938740181,10.0,9.997186938740182,1386,43,9,66,18.432000651955605,158.78400206565857
4,20260825T082827Z,flybrain,0.01,0.009997186938740181,10.0,9.997186938740182,1386,43,9,67,18.52799952030182,165.43999314308167
4,20260825T082827Z,flybrain,0.01,0.009997186938740181,10.0,9.997186938740182,1386,43,9,68,18.52799952030182,162.81600296497345
4,20260825T082827Z,flybrain,0.01,0.009997186938740181,10.0,9.997186938740182,1386,43,9,69,18.49599927663803,159.42400693893433
4,20260825T082827Z,flybrain,0.01,0.009997186938740181,10.0,9.997186938740182,1386,43,9,70,18.49599927663803,160.89600324630737
4,20260825T082827Z,flybrain,0.01,0.009997186938740181,10.0,9.997186938740182,1386,43,9,71,18.400000408291817,163.00800442695618
4,20260825T082827Z,flybrain,0.01,0.009997186938740181,10.0,9.997186938740182,1386,43,9,72,18.592000007629395,162.91199624538422
4,20260825T082827Z,flybrain,0.01,0.009997186938740181,10.0,9.997186938740182,1386,43,9,73,18.559999763965607,169.40799355506897
4,20260825T082827Z,flybrain,0.01,0.009997186938740181,10.0,9.997186938740182,1386,43,9,74,18.49599927663803,165.6319946050644
4,20260825T082827Z,flybrain,0.01,0.009997186938740181,10.0,9.997186938740182,1386,43,9,75,18.400000408291817,160.89600324630737
4,20260825T082827Z,flybrain,0.01,0.009997186938740181,10.0,9.997186938740182,1386,43,9,76,18.592000007629395,161.40800714492798
4,20260825T082827Z,flybrain,0.01,0.009997186938740181,10.0,9.997186938740182,1386,43,9,77,18.464000895619392,162.91199624538422
4,20260825T082827Z,flybrain,0.01,0.009997186938740181,10.0,9.997186938740182,1386,43,9,78,18.432000651955605,162.9759967327118
4,20260825T082827Z,flybrain,0.01,0.009997186938740181,10.0,9.997186938740182,1386,43,9,79,18.559999763965607,161.56800091266632
4,20260825T082827Z,flybrain,0.01,0.009997186938740181,10.0,9.997186938740182,1386,43,9,80,18.464000895619392,164.0319973230362
4,20260825T082827Z,flybrain,0.01,0.009997186938740181,10.0,9.997186938740182,1386,43,9,81,18.464000895619392,160.863995552063
4,20260825T082827Z,flybrain,0.01,0.009997186938740181,10.0,9.997186938740182,1386,43,9,82,18.65600049495697,159.42400693893433
4,20260825T082827Z,flybrain,0.01,0.009997186938740181,10.0,9.997186938740182,1386,43,9,83,18.52799952030182,162.84799575805664
4,20260825T082827Z,flybrain,0.01,0.009997186938740181,10.0,9.997186938740182,1386,43,9,84,18.559999763965607,165.6000018119812
4,20260825T082827Z,flybrain,0.01,0.009997186938740181,10.0,9.997186938740182,1386,43,9,85,18.464000895619392,157.3760062456131
4,20260825T082827Z,flybrain,0.01,0.009997186938740181,10.0,9.997186938740182,1386,43,9,86,18.464000895619392,167.58400201797485
4,20260825T082827Z,flybrain,0.01,0.009997186938740181,10.0,9.997186938740182,1386,43,9,87,18.432000651955605,160.96000373363495
4,20260825T082827Z,flybrain,0.01,0.009997186938740181,10.0,9.997186938740182,1386,43,9,88,18.52799952030182,161.56800091266632
4,20260825T082827Z,flybrain,0.01,0.009997186938740181,10.0,9.997186938740182,1386,43,9,89,18.49599927663803,160.8320027589798
4,20260825T082827Z,flybrain,0.01,0.009997186938740181,10.0,9.997186938740182,1386,43,9,90,18.624000251293182,162.81600296497345
4,20260825T082827Z,flybrain,0.01,0.009997186938740181,10.0,9.997186938740182,1386,43,9,91,18.464000895619392,165.66400229930878
4,20260825T082827Z,flybrain,0.01,0.009997186938740181,10.0,9.997186938740182,1386,43,9,92,18.464000895619392,161.5999937057495
4,20260825T082827Z,flybrain,0.01,0.009997186938740181,10.0,9.997186938740182,1386,43,9,93,18.36800016462803,167.00799763202667
4,20260825T082827Z,flybrain,0.01,0.009997186938740181,10.0,9.997186938740182,1386,43,9,94,18.624000251293182,160.96000373363495
4,20260825T082827Z,flybrain,0.01,0.009997186938740181,10.0,9.997186938740182,1386,43,9,95,18.559999763965607,169.0559983253479
4,20260825T082827Z,flybrain,0.01,0.009997186938740181,10.0,9.997186938740182,1386,43,9,96,18.624000251293182,160.8320027589798
4,20260825T082827Z,flybrain,0.01,0.009997186938740181,10.0,9.997186938740182,1386,43,9,97,18.624000251293182,163.58399391174316
4,20260825T082827Z,flybrain,0.01,0.009997186938740181,10.0,9.997186938740182,1386,43,9,98,18.432000651955605,159.45599973201752
4,20260825T082827Z,flybrain,0.01,0.009997186938740181,10.0,9.997186938740182,1386,43,9,99,18.432000651955605,161.56800091266632
4,20260825T082827Z,flybrain,0.01,0.009997186938740181,10.0,9.997186938740182,1386,43,9,100,18.49599927663803,159.55199301242828
4,20260825T082827Z,flybrain,0.01,0.009997186938740181,10.0,9.997186938740182,1386,43,9,101,18.464000895619392,162.9440039396286
4,20260825T082827Z,flybrain,0.01,0.009997186938740181,10.0,9.997186938740182,1386,43,9,102,18.624000251293182,162.84799575805664
4,20260825T082827Z,flybrain,0.01,0.009997186938740181,10.0,9.997186938740182,1386,43,9,103,18.400000408291817,159.7760021686554
4,20260825T082827Z,flybrain,0.01,0.009997186938740181,10.0,9.997186938740182,1386,43,9,104,18.624000251293182,165.72800278663635
4,20260825T082827Z,flybrain,0.01,0.009997186938740181,10.0,9.997186938740182,1386,43,9,105,18.400000408291817,162.6880019903183
4,20260825T082827Z,flybrain,0.01,0.009997186938740181,10.0,9.997186938740182,1386,43,9,106,18.624000251293182,162.91199624538422
4,20260825T082827Z,flybrain,0.01,0.009997186938740181,10.0,9.997186938740182,1386,43,9,107,18.464000895619392,164.92800414562225
4,20260825T082827Z,flybrain,0.01,0.009997186938740181,10.0,9.997186938740182,1386,43,9,108,18.559999763965607,160.96000373363495
4,20260825T082827Z,flybrain,0.01,0.009997186938740181,10.0,9.997186938740182,1386,43,9,109,18.49599927663803,158.78400206565857
4,20260825T082827Z,flybrain,0.01,0.009997186938740181,10.0,9.997186938740182,1386,43,9,110,19.007999449968338,163.5199934244156
4,20260825T082827Z,flybrain,0.01,0.009997186938740181,10.0,9.997186938740182,1386,43,9,111,18.432000651955605,159.61599349975586
4,20260825T082827Z,flybrain,0.01,0.009997186938740181,10.0,9.997186938740182,1386,43,9,112,18.400000408291817,159.64800119400024
4,20260825T082827Z,flybrain,0.01,0.009997186938740181,10.0,9.997186938740182,1386,43,9,113,17.27999933063984,162.81600296497345
4,20260825T082827Z,flybrain,0.01,0.009997186938740181,10.0,9.997186938740182,1386,43,9,114,18.592000007629395,166.62399470806122
4,20260825T082827Z,flybrain,0.01,0.009997186938740181,10.0,9.997186938740182,1386,43,9,115,18.52799952030182,158.91200304031372
4,20260825T082827Z,flybrain,0.01,0.009997186938740181,10.0,9.997186938740182,1386,43,9,116,18.624000251293182,165.02399742603302
4,20260825T082827Z,flybrain,0.01,0.009997186938740181,10.0,9.997186938740182,1386,43,9,117,18.52799952030182,161.3440066576004
4,20260825T082827Z,flybrain,0.01,0.009997186938740181,10.0,9.997186938740182,1386,43,9,118,18.464000895619392,162.88000345230103
4,20260825T082827Z,flybrain,0.01,0.009997186938740181,10.0,9.997186938740182,1386,43,9,119,18.559999763965607,163.00800442695618
4,20260825T082827Z,flybrain,0.01,0.009997186938740181,10.0,9.997186938740182,1386,43,9,120,18.52799952030182,165.6319946050644
4,20260825T082827Z,flybrain,0.01,0.009997186938740181,10.0,9.997186938740182,1386,43,9,121,18.52799952030182,160.863995552063
4,20260825T082827Z,flybrain,0.01,0.009997186938740181,10.0,9.997186938740182,1386,43,9,122,18.592000007629395,165.66400229930878
4,20260825T082827Z,flybrain,0.01,0.009997186938740181,10.0,9.997186938740182,1386,43,9,123,18.464000895619392,162.9440039396286
4,20260825T082827Z,flybrain,0.01,0.009997186938740181,10.0,9.997186938740182,1386,43,9,124,18.52799952030182,161.6639941930771
4,20260825T082827Z,flybrain,0.01,0.009997186938740181,10.0,9.997186938740182,1386,43,9,125,18.33599992096424,159.42400693893433
4,20260825T082827Z,flybrain,0.01,0.009997186938740181,10.0,9.997186938740182,1386,43,9,126,18.49599927663803,166.55999422073364
4,20260825T082827Z,flybrain,0.01,0.009997186938740181,10.0,9.997186938740182,1386,43,9,127,18.0479995906353,167.58400201797485
4,20260825T082827Z,flybrain,0.02,0.020001586855069642,20.0,20.001586855069643,2773,44,0,0,302.14399099349976,200.6399929523468
4,20260825T082827Z,flybrain,0.02,0.020001586855069642,20.0,20.001586855069643,2773,44,0,1,19.90400068461895,162.9440039396286
4,20260825T082827Z,flybrain,0.02,0.020001586855069642,20.0,20.001586855069643,2773,44,0,2,18.432000651955605,162.7199947834015
4,20260825T082827Z,flybrain,0.02,0.020001586855069642,20.0,20.001586855069643,2773,44,0,3,20.096000283956528,160.41600704193115
4,20260825T082827Z,flybrain,0.02,0.020001586855069642,20.0,20.001586855069643,2773,44,0,4,18.49599927663803,162.81600296497345
4,20260825T082827Z,flybrain,0.02,0.020001586855069642,20.0,20.001586855069643,2773,44,0,5,20.608000457286835,158.39999914169312
4,20260825T082827Z,flybrain,0.02,0.020001586855069642,20.0,20.001586855069643,2773,44,0,6,20.767999812960625,166.75199568271637
4,20260825T082827Z,flybrain,0.02,0.020001586855069642,20.0,20.001586855069643,2773,44,0,7,21.023999899625778,160.92799603939056
4,20260825T082827Z,flybrain,0.02,0.020001586855069642,20.0,20.001586855069643,2773,44,0,8,21.215999498963356,163.68000209331512
4,20260825T082827Z,flybrain,0.02,0.020001586855069642,20.0,20.001586855069643,2773,44,0,9,20.479999482631683,163.58399391174316
4,20260825T082827Z,flybrain,0.02,0.020001586855069642,20.0,20.001586855069643,2773,44,0,10,18.49599927663803,166.9439971446991
4,20260825T082827Z,flybrain,0.02,0.020001586855069642,20.0,20.001586855069643,2773,44,0,11,18.592000007629395,160.44799983501434
4,20260825T082827Z,flybrain,0.02,0.020001586855069642,20.0,20.001586855069643,2773,44,0,12,18.559999763965607,163.00800442695618
4,20260825T082827Z,flybrain,0.02,0.020001586855069642,20.0,20.001586855069643,2773,44,0,13,18.592000007629395,163.00800442695618
4,20260825T082827Z,flybrain,0.02,0.020001586855069642,20.0,20.001586855069643,2773,44,0,14,18.432000651955605,163.55200111865997
4,20260825T082827Z,flybrain,0.02,0.020001586855069642,20.0,20.001586855069643,2773,44,0,15,18.464000895619392,161.50400042533875
4,20260825T082827Z,flybrain,0.02,0.020001586855069642,20.0,20.001586855069643,2773,44,0,16,18.52799952030182,161.5999937057495
4,20260825T082827Z,flybrain,0.02,0.020001586855069642,20.0,20.001586855069643,2773,44,0,17,18.303999677300453,161.53599321842194
4,20260825T082827Z,flybrain,0.02,0.020001586855069642,20.0,20.001586855069643,2773,44,0,18,18.49599927663803,165.53600132465363
4,20260825T082827Z,flybrain,0.02,0.020001586855069642,20.0,20.001586855069643,2773,44,0,19,18.52799952030182,163.00800442695618
4,20260825T082827Z,flybrain,0.02,0.020001586855069642,20.0,20.001586855069643,2773,44,0,20,18.49599927663803,163.03999722003937
4,20260825T082827Z,flybrain,0.02,0.020001586855069642,20.0,20.001586855069643,2773,44,0,21,18.49599927663803,164.89599645137787
4,20260825T082827Z,flybrain,0.02,0.020001586855069642,20.0,20.001586855069643,2773,44,0,22,18.624000251293182,160.863995552063
4,20260825T082827Z,flybrain,0.02,0.020001586855069642,20.0,20.001586855069643,2773,44,0,23,18.624000251293182,161.56800091266632
4,20260825T082827Z,flybrain,0.02,0.020001586855069642,20.0,20.001586855069643,2773,44,0,24,18.49599927663803,163.00800442695618
4,20260825T082827Z,flybrain,0.02,0.020001586855069642,20.0,20.001586855069643,2773,44,0,25,18.624000251293182,163.64799439907074
4,20260825T082827Z,flybrain,0.02,0.020001586855069642,20.0,20.001586855069643,2773,44,0,26,18.464000895619392,163.55200111865997
4,20260825T082827Z,flybrain,0.02,0.020001586855069642,20.0,20.001586855069643,2773,44,0,27,18.464000895619392,163.00800442695618
4,20260825T082827Z,flybrain,0.02,0.020001586855069642,20.0,20.001586855069643,2773,44,0,28,18.52799952030182,163.58399391174316
4,20260825T082827Z,flybrain,0.02,0.020001586855069642,20.0,20.001586855069643,2773,44,0,29,18.52799952030182,161.6639941930771
4,20260825T082827Z,flybrain,0.02,0.020001586855069642,20.0,20.001586855069643,2773,44,0,30,18.400000408291817,161.47199273109436
4,20260825T082827Z,flybrain,0.02,0.020001586855069642,20.0,20.001586855069643,2773,44,0,31,19.487999379634857,161.3759994506836
4,20260825T082827Z,flybrain,0.02,0.020001586855069642,20.0,20.001586855069643,2773,44,0,32,18.49599927663803,159.5200002193451
4,20260825T082827Z,flybrain,0.02,0.020001586855069642,20.0,20.001586855069643,2773,44,0,33,18.49599927663803,161.56800091266632
4,20260825T082827Z,flybrain,0.02,0.020001586855069642,20.0,20.001586855069643,2773,44,0,34,18.36800016462803,164.2560064792633
4,20260825T082827Z,flybrain,0.02,0.020001586855069642,20.0,20.001586855069643,2773,44,0,35,18.624000251293182,160.99199652671814
4,20260825T082827Z,flybrain,0.02,0.020001586855069642,20.0,20.001586855069643,2773,44,0,36,18.464000895619392,167.10400581359863
4,20260825T082827Z,flybrain,0.02,0.020001586855069642,20.0,20.001586855069643,2773,44,0,37,18.592000007629395,161.53599321842194
4,20260825T082827Z,flybrain,0.02,0.020001586855069642,20.0,20.001586855069643,2773,44,0,38,18.464000895619392,162.9440039396286
4,20260825T082827Z,flybrain,0.02,0.020001586855069642,20.0,20.001586855069643,2773,44,0,39,18.464000895619392,158.91200304031372
4,20260825T082827Z,flybrain,0.02,0.020001586855069642,20.0,20.001586855069643,2773,44,0,40,18.559999763965607,165.53600132465363
4,20260825T082827Z,flybrain,0.02,0.020001586855069642,20.0,20.001586855069643,2773,44,0,41,18.52799952030182,163.64799439907074
4,20260825T082827Z,flybrain,0.02,0.020001586855069642,20.0,20.001586855069643,2773,44,0,42,18.400000408291817,162.91199624538422
4,20260825T082827Z,flybrain,0.02,0.020001586855069642,20.0,20.001586855069643,2773,44,0,43,18.52799952030182,162.9759967327118
4,20260825T082827Z,flybrain,0.02,0.020001586855069642,20.0,20.001586855069643,2773,44,0,44,18.559999763965607,161.5999937057495
4,20260825T082827Z,flybrain,0.02,0.020001586855069642,20.0,20.001586855069643,2773,44,0,45,18.432000651955605,167.61599481105804
4,20260825T082827Z,flybrain,0.02,0.020001586855069642,20.0,20.001586855069643,2773,44,0,46,20.54399996995926,162.88000345230103
4,20260825T082827Z,flybrain,0.02,0.020001586855069642,20.0,20.001586855069643,2773,44,0,47,18.624000251293182,160.96000373363495
4,20260825T082827Z,flybrain,0.02,0.020001586855069642,20.0,20.001586855069643,2773,44,0,48,18.36800016462803,160.8320027589798
4,20260825T082827Z,flybrain,0.02,0.020001586855069642,20.0,20.001586855069643,2773,44,0,49,20.640000700950623,163.61600160598755
4,20260825T082827Z,flybrain,0.02,0.020001586855069642,20.0,20.001586855069643,2773,44,0,50,18.432000651955605,160.7999950647354
4,20260825T082827Z,flybrain,0.02,0.020001586855069642,20.0,20.001586855069643,2773,44,0,51,18.464000895619392,165.66400229930878
4,20260825T082827Z,flybrain,0.02,0.020001586855069642,20.0,20.001586855069643,2773,44,0,52,18.49599927663803,162.9440039396286
4,20260825T082827Z,flybrain,0.02,0.020001586855069642,20.0,20.001586855069643,2773,44,0,53,18.592000007629395,165.66400229930878
4,20260825T082827Z,flybrain,0.02,0.020001586855069642,20.0,20.001586855069643,2773,44,0,54,18.400000408291817,160.89600324630737
4,20260825T082827Z,flybrain,0.02,0.020001586855069642,20.0,20.001586855069643,2773,44,0,55,18.592000007629395,167.10400581359863
4,20260825T082827Z,flybrain,0.02,0.020001586855069642,20.0,20.001586855069643,2773,44,0,56,18.624000251293182,160.863995552063
4,20260825T082827Z,flybrain,0.02,0.020001586855069642,20.0,20.001586855069643,2773,44,0,57,18.559999763965607,162.01600432395935
4,20260825T082827Z,flybrain,0.02,0.020001586855069642,20.0,20.001586855069643,2773,44,0,58,18.624000251293182,161.3759994506836
4,20260825T082827Z,flybrain,0.02,0.020001586855069642,20.0,20.001586855069643,2773,44,0,59,18.52799952030182,159.4880074262619
4,20260825T082827Z,flybrain,0.02,0.020001586855069642,20.0,20.001586855069643,2773,44,0,60,18.432000651955605,160.863995552063
4,20260825T082827Z,flybrain,0.02,0.020001586855069642,20.0,20.001586855069643,2773,44,0,61,18.624000251293182,160.8320027589798
4,20260825T082827Z,flybrain,0.02,0.020001586855069642,20.0,20.001586855069643,2773,44,0,62,18.592000007629395,165.56799411773682
4,20260825T082827Z,flybrain,0.02,0.020001586855069642,20.0,20.001586855069643,2773,44,0,63,18.52799952030182,163.00800442695618
4,20260825T082827Z,flybrain,0.02,0.020001586855069642,20.0,20.001586855069643,2773,44,0,64,18.52799952030182,165.0560051202774
4,20260825T082827Z,flybrain,0.02,0.020001586855069642,20.0,20.001586855069643,2773,44,0,65,18.49599927663803,158.9439958333969
4,20260825T082827Z,flybrain,0.02,0.020001586855069642,20.0,20.001586855069643,2773,44,0,66,18.592000007629395,158.6879938840866
4,20260825T082827Z,flybrain,0.02,0.020001586855069642,20.0,20.001586855069643,2773,44,0,67,18.592000007629395,165.0560051202774
4,20260825T082827Z,flybrain,0.02,0.020001586855069642,20.0,20.001586855069643,2773,44,0,68,18.464000895619392,162.84799575805664
4,20260825T082827Z,flybrain,0.02,0.020001586855069642,20.0,20.001586855069643,2773,44,0,69,18.624000251293182,158.87999534606934
4,20260825T082827Z,flybrain,0.02,0.020001586855069642,20.0,20.001586855069643,2773,44,0,70,18.624000251293182,161.6320013999939
4,20260825T082827Z,flybrain,0.02,0.020001586855069642,20.0,20.001586855069643,2773,44,0,71,18.400000408291817,162.88000345230103
4,20260825T082827Z,flybrain,0.02,0.020001586855069642,20.0,20.001586855069643,2773,44,0,72,20.608000457286835,163.03999722003937
4,20260825T082827Z,flybrain,0.02,0.020001586855069642,20.0,20.001586855069643,2773,44,0,73,19.168000668287277,166.97600483894348
4,20260825T082827Z,flybrain,0.02,0.020001586855069642,20.0,20.001586855069643,2773,44,0,74,18.592000007629395,165.3759926557541
4,20260825T082827Z,flybrain,0.02,0.020001586855069642,20.0,20.001586855069643,2773,44,0,75,18.49599927663803,158.91200304031372
4,20260825T082827Z,flybrain,0.02,0.020001586855069642,20.0,20.001586855069643,2773,44,0,76,18.52799952030182,161.53599321842194
4,20260825T082827Z,flybrain,0.02,0.020001586855069642,20.0,20.001586855069643,2773,44,0,77,18.49599927663803,163.64799439907074
4,20260825T082827Z,flybrain,0.02,0.020001586855069642,20.0,20.001586855069643,2773,44,0,78,18.464000895619392,162.9440039396286
4,20260825T082827Z,flybrain,0.02,0.020001586855069642,20.0,20.001586855069643,2773,44,0,79,18.464000895619392,162.91199624538422
4,20260825T082827Z,flybrain,0.02,0.020001586855069642,20.0,20.001586855069643,2773,44,0,80,18.52799952030182,166.6560024023056
4,20260825T082827Z,flybrain,0.02,0.020001586855069642,20.0,20.001586855069643,2773,44,0,81,18.49599927663803,163.58399391174316
4,20260825T082827Z,flybrain,0.02,0.020001586855069642,20.0,20.001586855069643,2773,44,0,82,18.432000651955605,159.42400693893433
4,20260825T082827Z,flybrain,0.02,0.020001586855069642,20.0,20.001586855069643,2773,44,0,83,18.49599927663803,160.89600324630737
4,20260825T082827Z,flybrain,0.02,0.020001586855069642,20.0,20.001586855069643,2773,44,0,84,18.400000408291817,164.99200463294983
4,20260825T082827Z,flybrain,0.02,0.020001586855069642,20.0,20.001586855069643,2773,44,0,85,18.464000895619392,156.8640023469925
4,20260825T082827Z,flybrain,0.02,0.020001586855069642,20.0,20.001586855069643,2773,44,0,86,18.464000895619392,167.04000532627106
4,20260825T082827Z,flybrain,0.02,0.020001586855069642,20.0,20.001586855069643,2773,44,0,87,18.624000251293182,158.78400206565857
4,20260825T082827Z,flybrain,0.02,0.020001586855069642,20.0,20.001586855069643,2773,44,0,88,18.592000007629395,159.39199924468994
4,20260825T082827Z,flybrain,0.02,0.020001586855069642,20.0,20.001586855069643,2773,44,0,89,18.559999763965607,160.96000373363495
4,20260825T082827Z,flybrain,0.02,0.020001586855069642,20.0,20.001586855069643,2773,44,0,90,18.592000007629395,162.75200247764587
4,20260825T082827Z,flybrain,0.02,0.020001586855069642,20.0,20.001586855069643,2773,44,0,91,18.624000251293182,165.53600132465363
4,20260825T082827Z,flybrain,0.02,0.020001586855069642,20.0,20.001586855069643,2773,44,0,92,18.464000895619392,160.96000373363495
4,20260825T082827Z,flybrain,0.02,0.020001586855069642,20.0,20.001586855069643,2773,44,0,93,18.49599927663803,166.97600483894348
4,20260825T082827Z,flybrain,0.02,0.020001586855069642,20.0,20.001586855069643,2773,44,0,94,18.624000251293182,162.78399527072906
4,20260825T082827Z,flybrain,0.02,0.020001586855069642,20.0,20.001586855069643,2773,44,0,95,18.464000895619392,167.13599860668182
4,20260825T082827Z,flybrain,0.02,0.020001586855069642,20.0,20.001586855069643,2773,44,0,96,18.49599927663803,161.53599321842194
4,20260825T082827Z,flybrain,0.02,0.020001586855069642,20.0,20.001586855069643,2773,44,0,97,18.49599927663803,163.55200111865997
4,20260825T082827Z,flybrain,0.02,0.020001586855069642,20.0,20.001586855069643,2773,44,0,98,18.464000895619392,158.720001578331
4,20260825T082827Z,flybrain,0.02,0.020001586855069642,20.0,20.001586855069643,2773,44,0,99,18.624000251293182,158.87999534606934
4,20260825T082827Z,flybrain,0.02,0.020001586855069642,20.0,20.001586855069643,2773,44,0,100,18.271999433636665,158.91200304031372
4,20260825T082827Z,flybrain,0.02,0.020001586855069642,20.0,20.001586855069643,2773,44,0,101,18.592000007629395,162.9759967327118
4,20260825T082827Z,flybrain,0.02,0.020001586855069642,20.0,20.001586855069643,2773,44,0,102,18.592000007629395,163.55200111865997
4,20260825T082827Z,flybrain,0.02,0.020001586855069642,20.0,20.001586855069643,2773,44,0,103,18.400000408291817,160.35200655460358
4,20260825T082827Z,flybrain,0.02,0.020001586855069642,20.0,20.001586855069643,2773,44,0,104,18.432000651955605,165.0879979133606
4,20260825T082827Z,flybrain,0.02,0.020001586855069642,20.0,20.001586855069643,2773,44,0,105,18.624000251293182,163.455992937088
4,20260825T082827Z,flybrain,0.02,0.020001586855069642,20.0,20.001586855069643,2773,44,0,106,18.49599927663803,160.89600324630737
4,20260825T082827Z,flybrain,0.02,0.020001586855069642,20.0,20.001586855069643,2773,44,0,107,18.592000007629395,165.0879979133606
4,20260825T082827Z,flybrain,0.02,0.020001586855069642,20.0,20.001586855069643,2773,44,0,108,18.52799952030182,160.7999950647354
4,20260825T082827Z,flybrain,0.02,0.020001586855069642,20.0,20.001586855069643,2773,44,0,109,18.592000007629395,158.84800255298615
4,20260825T082827Z,flybrain,0.02,0.020001586855069642,20.0,20.001586855069643,2773,44,0,110,18.592000007629395,161.50400042533875
4,20260825T082827Z,flybrain,0.02,0.020001586855069642,20.0,20.001586855069643,2773,44,0,111,18.49599927663803,158.87999534606934
4,20260825T082827Z,flybrain,0.02,0.020001586855069642,20.0,20.001586855069643,2773,44,0,112,18.49599927663803,159.45599973201752
4,20260825T082827Z,flybrain,0.02,0.020001586855069642,20.0,20.001586855069643,2773,44,0,113,18.49599927663803,162.88000345230103
4,20260825T082827Z,flybrain,0.02,0.020001586855069642,20.0,20.001586855069643,2773,44,0,114,18.624000251293182,166.9439971446991
4,20260825T082827Z,flybrain,0.02,0.020001586855069642,20.0,20.001586855069643,2773,44,0,115,18.52799952030182,159.32799875736237
4,20260825T082827Z,flybrain,0.02,0.020001586855069642,20.0,20.001586855069643,2773,44,0,116,18.464000895619392,164.86400365829468
4,20260825T082827Z,flybrain,0.02,0.020001586855069642,20.0,20.001586855069643,2773,44,0,117,18.592000007629395,160.863995552063
4,20260825T082827Z,flybrain,0.02,0.020001586855069642,20.0,20.001586855069643,2773,44,0,118,18.592000007629395,165.47200083732605
4,20260825T082827Z,flybrain,0.02,0.020001586855069642,20.0,20.001586855069643,2773,44,0,119,18.49599927663803,163.58399391174316
4,20260825T082827Z,flybrain,0.02,0.020001586855069642,20.0,20.001586855069643,2773,44,0,120,18.464000895619392,165.0560051202774
4,20260825T082827Z,flybrain,0.02,0.020001586855069642,20.0,20.001586855069643,2773,44,0,121,18.624000251293182,160.96000373363495
4,20260825T082827Z,flybrain,0.02,0.020001586855069642,20.0,20.001586855069643,2773,44,0,122,18.688000738620758,167.04000532627106
4,20260825T082827Z,flybrain,0.02,0.020001586855069642,20.0,20.001586855069643,2773,44,0,123,18.912000581622124,162.56000101566315
4,20260825T082827Z,flybrain,0.02,0.020001586855069642,20.0,20.001586855069643,2773,44,0,124,19.200000911951065,160.73599457740784
4,20260825T082827Z,flybrain,0.02,0.020001586855069642,20.0,20.001586855069643,2773,44,0,125,19.231999292969704,158.62399339675903
4,20260825T082827Z,flybrain,0.02,0.020001586855069642,20.0,20.001586855069643,2773,44,0,126,18.592000007629395,166.55999422073364
4,20260825T082827Z,flybrain,0.02,0.020001586855069642,20.0,20.001586855069643,2773,44,0,127,18.079999834299088,167.58400201797485
4,20260825T082827Z,flybrain,0.02,0.020001586855069642,20.0,20.001586855069643,2773,44,1,0,286.1439883708954,196.79999351501465
4,20260825T082827Z,flybrain,0.02,0.020001586855069642,20.0,20.001586855069643,2773,44,1,1,18.400000408291817,160.7999950647354
4,20260825T082827Z,flybrain,0.02,0.020001586855069642,20.0,20.001586855069643,2773,44,1,2,18.432000651955605,162.52799332141876
4,20260825T082827Z,flybrain,0.02,0.020001586855069642,20.0,20.001586855069643,2773,44,1,3,18.36800016462803,162.6559942960739
4,20260825T082827Z,flybrain,0.02,0.020001586855069642,20.0,20.001586855069643,2773,44,1,4,19.071999937295914,162.78399527072906
4,20260825T082827Z,flybrain,0.02,0.020001586855069642,20.0,20.001586855069643,2773,44,1,5,18.592000007629395,158.36800634860992
4,20260825T082827Z,flybrain,0.02,0.020001586855069642,20.0,20.001586855069643,2773,44,1,6,18.559999763965607,164.63999450206757
4,20260825T082827Z,flybrain,0.02,0.020001586855069642,20.0,20.001586855069643,2773,44,1,7,19.1040001809597,160.5439931154251
4,20260825T082827Z,flybrain,0.02,0.020001586855069642,20.0,20.001586855069643,2773,44,1,8,19.200000911951065,162.9759967327118
4,20260825T082827Z,flybrain,0.02,0.020001586855069642,20.0,20.001586855069643,2773,44,1,9,18.624000251293182,164.86400365829468
4,20260825T082827Z,flybrain,0.02,0.020001586855069642,20.0,20.001586855069643,2773,44,1,10,18.49599927663803,167.07199811935425
4,20260825T082827Z,flybrain,0.02,0.020001586855069642,20.0,20.001586855069643,2773,44,1,11,18.400000408291817,162.432000041008
4,20260825T082827Z,flybrain,0.02,0.020001586855069642,20.0,20.001586855069643,2773,44,1,12,18.464000895619392,163.00800442695618
4,20260825T082827Z,flybrain,0.02,0.020001586855069642,20.0,20.001586855069643,2773,44,1,13,18.624000251293182,163.42400014400482
4,20260825T082827Z,flybrain,0.02,0.020001586855069642,20.0,20.001586855069643,2773,44,1,14,18.52799952030182,165.47200083732605
4,20260825T082827Z,flybrain,0.02,0.020001586855069642,20.0,20.001586855069643,2773,44,1,15,18.52799952030182,160.96000373363495
4,20260825T082827Z,flybrain,0.02,0.020001586855069642,20.0,20.001586855069643,2773,44,1,16,18.624000251293182,160.7999950647354
4,20260825T082827Z,flybrain,0.02,0.020001586855069642,20.0,20.001586855069643,2773,44,1,17,18.624000251293182,161.50400042533875
4,20260825T082827Z,flybrain,0.02,0.020001586855069642,20.0,20.001586855069643,2773,44,1,18,18.464000895619392,165.47200083732605
4,20260825T082827Z,flybrain,0.02,0.020001586855069642,20.0,20.001586855069643,2773,44,1,19,18.49599927663803,163.35999965667725
4,20260825T082827Z,flybrain,0.02,0.020001586855069642,20.0,20.001586855069643,2773,44,1,20,18.49599927663803,162.9759967327118
4,20260825T082827Z,flybrain,0.02,0.020001586855069642,20.0,20.001586855069643,2773,44,1,21,18.624000251293182,164.86400365829468
4,20260825T082827Z,flybrain,0.02,0.020001586855069642,20.0,20.001586855069643,2773,44,1,22,18.592000007629395,162.91199624538422
4,20260825T082827Z,flybrain,0.02,0.020001586855069642,20.0,20.001586855069643,2773,44,1,23,19.551999866962433,163.7440025806427
4,20260825T082827Z,flybrain,0.02,0.020001586855069642,20.0,20.001586855069643,2773,44,1,24,18.303999677300453,163.00800442695618
4,20260825T082827Z,flybrain,0.02,0.020001586855069642,20.0,20.001586855069643,2773,44,1,25,18.624000251293182,163.4880006313324
4,20260825T082827Z,flybrain,0.02,0.020001586855069642,20.0,20.001586855069643,2773,44,1,26,18.49599927663803,162.9759967327118
4,20260825T082827Z,flybrain,0.02,0.020001586855069642,20.0,20.001586855069643,2773,44,1,27,18.559999763965607,163.64799439907074
4,20260825T082827Z,flybrain,0.02,0.020001586855069642,20.0,20.001586855069643,2773,44,1,28,18.400000408291817,163.00800442695618
4,20260825T082827Z,flybrain,0.02,0.020001586855069642,20.0,20.001586855069643,2773,44,1,29,18.432000651955605,161.31199896335602
4,20260825T082827Z,flybrain,0.02,0.020001586855069642,20.0,20.001586855069643,2773,44,1,30,18.464000895619392,159.36000645160675
4,20260825T082827Z,flybrain,0.02,0.020001586855069642,20.0,20.001586855069643,2773,44,1,31,18.49599927663803,161.6639941930771
4,20260825T082827Z,flybrain,0.02,0.020001586855069642,20.0,20.001586855069643,2773,44,1,32,18.36800016462803,158.75199437141418
4,20260825T082827Z,flybrain,0.02,0.020001586855069642,20.0,20.001586855069643,2773,44,1,33,18.49599927663803,160.8320027589798
4,20260825T082827Z,flybrain,0.02,0.020001586855069642,20.0,20.001586855069643,2773,44,1,34,18.624000251293182,165.0560051202774
4,20260825T082827Z,flybrain,0.02,0.020001586855069642,20.0,20.001586855069643,2773,44,1,35,18.624000251293182,160.96000373363495
4,20260825T082827Z,flybrain,0.02,0.020001586855069642,20.0,20.001586855069643,2773,44,1,36,18.592000007629395,167.00799763202667
4,20260825T082827Z,flybrain,0.02,0.020001586855069642,20.0,20.001586855069643,2773,44,1,37,18.464000895619392,161.47199273109436
4,20260825T082827Z,flybrain,0.02,0.020001586855069642,20.0,20.001586855069643,2773,44,1,38,18.36800016462803,162.9759967327118
4,20260825T082827Z,flybrain,0.02,0.020001586855069642,20.0,20.001586855069643,2773,44,1,39,18.52799952030182,158.87999534606934
4,20260825T082827Z,flybrain,0.02,0.020001586855069642,20.0,20.001586855069643,2773,44,1,40,18.624000251293182,164.89599645137787
4,20260825T082827Z,flybrain,0.02,0.020001586855069642,20.0,20.001586855069643,2773,44,1,41,18.624000251293182,162.81600296497345
4,20260825T082827Z,flybrain,0.02,0.020001586855069642,20.0,20.001586855069643,2773,44,1,42,18.624000251293182,164.89599645137787
4,20260825T082827Z,flybrain,0.02,0.020001586855069642,20.0,20.001586855069643,2773,44,1,43,18.464000895619392,163.00800442695618
4,20260825T082827Z,flybrain,0.02,0.020001586855069642,20.0,20.001586855069643,2773,44,1,44,18.592000007629395,161.56800091266632
4,20260825T082827Z,flybrain,0.02,0.020001586855069642,20.0,20.001586855069643,2773,44,1,45,19.231999292969704,167.42399334907532
4,20260825T082827Z,flybrain,0.02,0.020001586855069642,20.0,20.001586855069643,2773,44,1,46,20.54399996995926,162.9759967327118
4,20260825T082827Z,flybrain,0.02,0.020001586855069642,20.0,20.001586855069643,2773,44,1,47,18.52799952030182,160.92799603939056
4,20260825T082827Z,flybrain,0.02,0.020001586855069642,20.0,20.001586855069643,2773,44,1,48,20.51199972629547,160.92799603939056
4,20260825T082827Z,flybrain,0.02,0.020001586855069642,20.0,20.001586855069643,2773,44,1,49,18.65600049495697,161.43999993801117
4,20260825T082827Z,flybrain,0.02,0.020001586855069642,20.0,20.001586855069643,2773,44,1,50,18.592000007629395,160.92799603939056
4,20260825T082827Z,flybrain,0.02,0.020001586855069642,20.0,20.001586855069643,2773,44,1,51,18.52799952030182,164.95999693870544
4,20260825T082827Z,flybrain,0.02,0.020001586855069642,20.0,20.001586855069643,2773,44,1,52,18.559999763965607,163.455992937088
4,20260825T082827Z,flybrain,0.02,0.020001586855069642,20.0,20.001586855069643,2773,44,1,53,18.49599927663803,165.0560051202774
4,20260825T082827Z,flybrain,0.02,0.020001586855069642,20.0,20.001586855069643,2773,44,1,54,18.624000251293182,160.8320027589798
4,20260825T082827Z,flybrain,0.02,0.020001586855069642,20.0,20.001586855069643,2773,44,1,55,18.559999763965607,167.10400581359863
4,20260825T082827Z,flybrain,0.02,0.020001586855069642,20.0,20.001586855069643,2773,44,1,56,18.464000895619392,161.53599321842194
4,20260825T082827Z,flybrain,0.02,0.020001586855069642,20.0,20.001586855069643,2773,44,1,57,18.52799952030182,160.38399934768677
4,20260825T082827Z,flybrain,0.02,0.020001586855069642,20.0,20.001586855069643,2773,44,1,58,18.464000895619392,160.89600324630737
4,20260825T082827Z,flybrain,0.02,0.020001586855069642,20.0,20.001586855069643,2773,44,1,59,18.400000408291817,158.84800255298615
4,20260825T082827Z,flybrain,0.02,0.020001586855069642,20.0,20.001586855069643,2773,44,1,60,18.592000007629395,159.4880074262619
4,20260825T082827Z,flybrain,0.02,0.020001586855069642,20.0,20.001586855069643,2773,44,1,61,18.49599927663803,160.8320027589798
4,20260825T082827Z,flybrain,0.02,0.020001586855069642,20.0,20.001586855069643,2773,44,1,62,18.49599927663803,164.99200463294983
4,20260825T082827Z,flybrain,0.02,0.020001586855069642,20.0,20.001586855069643,2773,44,1,63,18.400000408291817,161.69600188732147
4,20260825T082827Z,flybrain,0.02,0.020001586855069642,20.0,20.001586855069643,2773,44,1,64,18.33599992096424,165.66400229930878
4,20260825T082827Z,flybrain,0.02,0.020001586855069642,20.0,20.001586855069643,2773,44,1,65,18.49599927663803,161.40800714492798
4,20260825T082827Z,flybrain,0.02,0.020001586855069642,20.0,20.001586855069643,2773,44,1,66,18.464000895619392,158.75199437141418
4,20260825T082827Z,flybrain,0.02,0.020001586855069642,20.0,20.001586855069643,2773,44,1,67,18.49599927663803,165.6000018119812
4,20260825T082827Z,flybrain,0.02,0.020001586855069642,20.0,20.001586855069643,2773,44,1,68,18.464000895619392,163.58399391174316
4,20260825T082827Z,flybrain,0.02,0.020001586855069642,20.0,20.001586855069643,2773,44,1,69,18.52799952030182,161.43999993801117
4,20260825T082827Z,flybrain,0.02,0.020001586855069642,20.0,20.001586855069643,2773,44,1,70,18.49599927663803,161.56800091266632
4,20260825T082827Z,flybrain,0.02,0.020001586855069642,20.0,20.001586855069643,2773,44,1,71,18.464000895619392,162.9759967327118
4,20260825T082827Z,flybrain,0.02,0.020001586855069642,20.0,20.001586855069643,2773,44,1,72,18.49599927663803,162.91199624538422
4,20260825T082827Z,flybrain,0.02,0.020001586855069642,20.0,20.001586855069643,2773,44,1,73,18.624000251293182,169.5680022239685
4,20260825T082827Z,flybrain,0.02,0.020001586855069642,20.0,20.001586855069643,2773,44,1,74,18.464000895619392,165.6319946050644
4,20260825T082827Z,flybrain,0.02,0.020001586855069642,20.0,20.001586855069643,2773,44,1,75,18.464000895619392,158.91200304031372
4,20260825T082827Z,flybrain,0.02,0.020001586855069642,20.0,20.001586855069643,2773,44,1,76,18.592000007629395,158.9439958333969
4,20260825T082827Z,flybrain,0.02,0.020001586855069642,20.0,20.001586855069643,2773,44,1,77,18.65600049495697,162.91199624538422
4,20260825T082827Z,flybrain,0.02,0.020001586855069642,20.0,20.001586855069643,2773,44,1,78,18.592000007629395,164.86400365829468
4,20260825T082827Z,flybrain,0.02,0.020001586855069642,20.0,20.001586855069643,2773,44,1,79,18.432000651955605,161.43999993801117
4,20260825T082827Z,flybrain,0.02,0.020001586855069642,20.0,20.001586855069643,2773,44,1,80,18.559999763965607,164.0319973230362
4,20260825T082827Z,flybrain,0.02,0.020001586855069642,20.0,20.001586855069643,2773,44,1,81,18.65600049495697,163.4880006313324
4,20260825T082827Z,flybrain,0.02,0.020001586855069642,20.0,20.001586855069643,2773,44,1,82,18.49599927663803,159.5200002193451
4,20260825T082827Z,flybrain,0.02,0.020001586855069642,20.0,20.001586855069643,2773,44,1,83,18.49599927663803,162.84799575805664
4,20260825T082827Z,flybrain,0.02,0.020001586855069642,20.0,20.001586855069643,2773,44,1,84,18.432000651955605,165.82399606704712
4,20260825T082827Z,flybrain,0.02,0.020001586855069642,20.0,20.001586855069643,2773,44,1,85,18.303999677300453,157.3760062456131
4,20260825T082827Z,flybrain,0.02,0.020001586855069642,20.0,20.001586855069643,2773,44,1,86,18.49599927663803,167.61599481105804
4,20260825T082827Z,flybrain,0.02,0.020001586855069642,20.0,20.001586855069643,2773,44,1,87,18.432000651955605,160.99199652671814
4,20260825T082827Z,flybrain,0.02,0.020001586855069642,20.0,20.001586855069643,2773,44,1,88,18.49599927663803,161.50400042533875
4,20260825T082827Z,flybrain,0.02,0.020001586855069642,20.0,20.001586855069643,2773,44,1,89,18.464000895619392,160.863995552063
4,20260825T082827Z,flybrain,0.02,0.020001586855069642,20.0,20.001586855069643,2773,44,1,90,18.592000007629395,163.03999722003937
4,20260825T082827Z,flybrain,0.02,0.020001586855069642,20.0,20.001586855069643,2773,44,1,91,18.65600049495697,163.42400014400482
4,20260825T082827Z,flybrain,0.02,0.020001586855069642,20.0,20.001586855069643,2773,44,1,92,18.49599927663803,161.43999993801117
4,20260825T082827Z,flybrain,0.02,0.020001586855069642,20.0,20.001586855069643,2773,44,1,93,18.464000895619392,166.97600483894348
4,20260825T082827Z,flybrain,0.02,0.020001586855069642,20.0,20.001586855069643,2773,44,1,94,18.624000251293182,162.91199624538422
4,20260825T082827Z,flybrain,0.02,0.020001586855069642,20.0,20.001586855069643,2773,44,1,95,18.52799952030182,167.00799763202667
4,20260825T082827Z,flybrain,0.02,0.020001586855069642,20.0,20.001586855069643,2773,44,1,96,18.52799952030182,160.96000373363495
4,20260825T082827Z,flybrain,0.02,0.020001586855069642,20.0,20.001586855069643,2773,44,1,97,18.592000007629395,163.5199934244156
4,20260825T082827Z,flybrain,0.02,0.020001586855069642,20.0,20.001586855069643,2773,44,1,98,18.52799952030182,159.42400693893433
4,20260825T082827Z,flybrain,0.02,0.020001586855069642,20.0,20.001586855069643,2773,44,1,99,19.071999937295914,159.42400693893433
4,20260825T082827Z,flybrain,0.02,0.020001586855069642,20.0,20.001586855069643,2773,44,1,100,18.464000895619392,159.39199924468994
4,20260825T082827Z,flybrain,0.02,0.020001586855069642,20.0,20.001586855069643,2773,44,1,101,18.49599927663803,162.9759967327118
4,20260825T082827Z,flybrain,0.02,0.020001586855069642,20.0,20.001586855069643,2773,44,1,102,18.624000251293182,163.00800442695618
4,20260825T082827Z,flybrain,0.02,0.020001586855069642,20.0,20.001586855069643,2773,44,1,103,18.52799952030182,159.93599593639374
4,20260825T082827Z,flybrain,0.02,0.020001586855069642,20.0,20.001586855069643,2773,44,1,104,18.49599927663803,165.56799411773682
4,20260825T082827Z,flybrain,0.02,0.020001586855069642,20.0,20.001586855069643,2773,44,1,105,18.464000895619392,162.81600296497345
4,20260825T082827Z,flybrain,0.02,0.020001586855069642,20.0,20.001586855069643,2773,44,1,106,18.592000007629395,162.9759967327118
4,20260825T082827Z,flybrain,0.02,0.020001586855069642,20.0,20.001586855069643,2773,44,1,107,18.400000408291817,165.0560051202774
4,20260825T082827Z,flybrain,0.02,0.020001586855069642,20.0,20.001586855069643,2773,44,1,108,18.52799952030182,160.89600324630737
4,20260825T082827Z,flybrain,0.02,0.020001586855069642,20.0,20.001586855069643,2773,44,1,109,18.624000251293182,158.81599485874176
4,20260825T082827Z,flybrain,0.02,0.020001586855069642,20.0,20.001586855069643,2773,44,1,110,18.559999763965607,163.55200111865997
4,20260825T082827Z,flybrain,0.02,0.020001586855069642,20.0,20.001586855069643,2773,44,1,111,18.49599927663803,159.45599973201752
4,20260825T082827Z,flybrain,0.02,0.020001586855069642,20.0,20.001586855069643,2773,44,1,112,18.49599927663803,159.55199301242828
4,20260825T082827Z,flybrain,0.02,0.020001586855069642,20.0,20.001586855069643,2773,44,1,113,18.464000895619392,164.99200463294983
4,20260825T082827Z,flybrain,0.02,0.020001586855069642,20.0,20.001586855069643,2773,44,1,114,18.49599927663803,167.55199432373047
4,20260825T082827Z,flybrain,0.02,0.020001586855069642,20.0,20.001586855069643,2773,44,1,115,18.49599927663803,158.78400206565857
4,20260825T082827Z,flybrain,0.02,0.020001586855069642,20.0,20.001586855069643,2773,44,1,116,18.592000007629395,165.0560051202774
4,20260825T082827Z,flybrain,0.02,0.020001586855069642,20.0,20.001586855069643,2773,44,1,117,18.624000251293182,161.43999993801117
4,20260825T082827Z,flybrain,0.02,0.020001586855069642,20.0,20.001586855069643,2773,44,1,118,18.49599927663803,162.91199624538422
4,20260825T082827Z,flybrain,0.02,0.020001586855069642,20.0,20.001586855069643,2773,44,1,119,18.559999763965607,163.4880006313324
4,20260825T082827Z,flybrain,0.02,0.020001586855069642,20.0,20.001586855069643,2773,44,1,120,18.49599927663803,165.47200083732605
4,20260825T082827Z,flybrain,0.02,0.020001586855069642,20.0,20.001586855069643,2773,44,1,121,18.464000895619392,160.73599457740784
4,20260825T082827Z,flybrain,0.02,0.020001586855069642,20.0,20.001586855069643,2773,44,1,122,18.624000251293182,166.9439971446991
4,20260825T082827Z,flybrain,0.02,0.020001586855069642,20.0,20.001586855069643,2773,44,1,123,18.36800016462803,163.58399391174316
4,20260825T082827Z,flybrain,0.02,0.020001586855069642,20.0,20.001586855069643,2773,44,1,124,18.49599927663803,161.53599321842194
4,20260825T082827Z,flybrain,0.02,0.020001586855069642,20.0,20.001586855069643,2773,44,1,125,18.49599927663803,157.3760062456131
4,20260825T082827Z,flybrain,0.02,0.020001586855069642,20.0,20.001586855069643,2773,44,1,126,18.464000895619392,166.55999422073364
4,20260825T082827Z,flybrain,0.02,0.020001586855069642,20.0,20.001586855069643,2773,44,1,127,18.0479995906353,167.58400201797485
4,20260825T082827Z,flybrain,0.02,0.020001586855069642,20.0,20.001586855069643,2773,44,2,0,245.05600333213806,190.94400107860565
4,20260825T082827Z,flybrain,0.02,0.020001586855069642,20.0,20.001586855069643,2773,44,2,1,18.49599927663803,162.84799575805664
4,20260825T082827Z,flybrain,0.02,0.020001586855069642,20.0,20.001586855069643,2773,44,2,2,18.49599927663803,162.78399527072906
4,20260825T082827Z,flybrain,0.02,0.020001586855069642,20.0,20.001586855069643,2773,44,2,3,20.51199972629547,161.43999993801117
4,20260825T082827Z,flybrain,0.02,0.020001586855069642,20.0,20.001586855069643,2773,44,2,4,18.49599927663803,162.49600052833557
4,20260825T082827Z,flybrain,0.02,0.020001586855069642,20.0,20.001586855069643,2773,44,2,5,18.52799952030182,158.30400586128235
4,20260825T082827Z,flybrain,0.02,0.020001586855069642,20.0,20.001586855069643,2773,44,2,6,18.624000251293182,166.52800142765045
4,20260825T082827Z,flybrain,0.02,0.020001586855069642,20.0,20.001586855069643,2773,44,2,7,19.967999309301376,160.5439931154251
4,20260825T082827Z,flybrain,0.02,0.020001586855069642,20.0,20.001586855069643,2773,44,2,8,20.576000213623047,164.76799547672272
4,20260825T082827Z,flybrain,0.02,0.020001586855069642,20.0,20.001586855069643,2773,44,2,9,19.071999937295914,162.91199624538422
4,20260825T082827Z,flybrain,0.02,0.020001586855069642,20.0,20.001586855069643,2773,44,2,10,19.1040001809597,167.07199811935425
4,20260825T082827Z,flybrain,0.02,0.020001586855069642,20.0,20.001586855069643,2773,44,2,11,19.1040001809597,162.08000481128693
4,20260825T082827Z,flybrain,0.02,0.020001586855069642,20.0,20.001586855069643,2773,44,2,12,19.007999449968338,164.8000031709671
4,20260825T082827Z,flybrain,0.02,0.020001586855069642,20.0,20.001586855069643,2773,44,2,13,19.13600042462349,162.7199947834015
4,20260825T082827Z,flybrain,0.02,0.020001586855069642,20.0,20.001586855069643,2773,44,2,14,19.007999449968338,164.8319959640503
4,20260825T082827Z,flybrain,0.02,0.020001586855069642,20.0,20.001586855069643,2773,44,2,15,19.13600042462349,162.81600296497345
4,20260825T082827Z,flybrain,0.02,0.020001586855069642,20.0,20.001586855069643,2773,44,2,16,18.97599920630455,162.75200247764587
4,20260825T082827Z,flybrain,0.02,0.020001586855069642,20.0,20.001586855069643,2773,44,2,17,19.1040001809597,160.89600324630737
4,20260825T082827Z,flybrain,0.02,0.020001586855069642,20.0,20.001586855069643,2773,44,2,18,19.1040001809597,164.86400365829468
4,20260825T082827Z,flybrain,0.02,0.020001586855069642,20.0,20.001586855069643,2773,44,2,19,19.071999937295914,165.02399742603302
4,20260825T082827Z,flybrain,0.02,0.020001586855069642,20.0,20.001586855069643,2773,44,2,20,18.97599920630455,162.59199380874634
4,20260825T082827Z,flybrain,0.02,0.020001586855069642,20.0,20.001586855069643,2773,44,2,21,19.200000911951065,164.89599645137787
4,20260825T082827Z,flybrain,0.02,0.020001586855069642,20.0,20.001586855069643,2773,44,2,22,19.1040001809597,160.76800227165222
4,20260825T082827Z,flybrain,0.02,0.020001586855069642,20.0,20.001586855069643,2773,44,2,23,19.13600042462349,162.75200247764587
4,20260825T082827Z,flybrain,0.02,0.020001586855069642,20.0,20.001586855069643,2773,44,2,24,19.039999693632126,163.07200491428375
4,20260825T082827Z,flybrain,0.02,0.020001586855069642,20.0,20.001586855069643,2773,44,2,25,19.007999449968338,162.88000345230103
4,20260825T082827Z,flybrain,0.02,0.020001586855069642,20.0,20.001586855069643,2773,44,2,26,19.071999937295914,164.73600268363953
4,20260825T082827Z,flybrain,0.02,0.020001586855069642,20.0,20.001586855069643,2773,44,2,27,19.007999449968338,162.91199624538422
4,20260825T082827Z,flybrain,0.02,0.020001586855069642,20.0,20.001586855069643,2773,44,2,28,19.007999449968338,162.81600296497345
4,20260825T082827Z,flybrain,0.02,0.020001586855069642,20.0,20.001586855069643,2773,44,2,29,19.071999937295914,160.70400178432465
4,20260825T082827Z,flybrain,0.02,0.020001586855069642,20.0,20.001586855069643,2773,44,2,30,19.007999449968338,160.64000129699707
4,20260825T082827Z,flybrain,0.02,0.020001586855069642,20.0,20.001586855069643,2773,44,2,31,19.071999937295914,162.9440039396286
4,20260825T082827Z,flybrain,0.02,0.020001586855069642,20.0,20.001586855069643,2773,44,2,32,19.007999449968338,158.720001578331
4,20260825T082827Z,flybrain,0.02,0.020001586855069642,20.0,20.001586855069643,2773,44,2,33,19.168000668287277,162.6559942960739
4,20260825T082827Z,flybrain,0.02,0.020001586855069642,20.0,20.001586855069643,2773,44,2,34,18.97599920630455,165.72800278663635
4,20260825T082827Z,flybrain,0.02,0.020001586855069642,20.0,20.001586855069643,2773,44,2,35,19.071999937295914,160.60799360275269
4,20260825T082827Z,flybrain,0.02,0.020001586855069642,20.0,20.001586855069643,2773,44,2,36,18.848000094294548,167.26399958133698
4,20260825T082827Z,flybrain,0.02,0.020001586855069642,20.0,20.001586855069643,2773,44,2,37,18.880000337958336,160.73599457740784
4,20260825T082827Z,flybrain,0.02,0.020001586855069642,20.0,20.001586855069643,2773,44,2,38,19.039999693632126,162.9759967327118
4,20260825T082827Z,flybrain,0.02,0.020001586855069642,20.0,20.001586855069643,2773,44,2,39,18.94400082528591,160.92799603939056
4,20260825T082827Z,flybrain,0.02,0.020001586855069642,20.0,20.001586855069643,2773,44,2,40,19.007999449968338,164.86400365829468
4,20260825T082827Z,flybrain,0.02,0.020001586855069642,20.0,20.001586855069643,2773,44,2,41,19.1040001809597,162.75200247764587
4,20260825T082827Z,flybrain,0.02,0.020001586855069642,20.0,20.001586855069643,2773,44,2,42,19.231999292969704,162.81600296497345
4,20260825T082827Z,flybrain,0.02,0.020001586855069642,20.0,20.001586855069643,2773,44,2,43,19.26399953663349,164.76799547672272
4,20260825T082827Z,flybrain,0.02,0.020001586855069642,20.0,20.001586855069643,2773,44,2,44,19.1040001809597,162.7199947834015
4,20260825T082827Z,flybrain,0.02,0.020001586855069642,20.0,20.001586855069643,2773,44,2,45,19.071999937295914,166.97600483894348
4,20260825T082827Z,flybrain,0.02,0.020001586855069642,20.0,20.001586855069643,2773,44,2,46,19.039999693632126,164.89599645137787
4,20260825T082827Z,flybrain,0.02,0.020001586855069642,20.0,20.001586855069643,2773,44,2,47,18.97599920630455,162.75200247764587
4,20260825T082827Z,flybrain,0.02,0.020001586855069642,20.0,20.001586855069643,2773,44,2,48,18.97599920630455,163.00800442695618
4,20260825T082827Z,flybrain,0.02,0.020001586855069642,20.0,20.001586855069643,2773,44,2,49,19.29599978029728,162.7199947834015
4,20260825T082827Z,flybrain,0.02,0.020001586855069642,20.0,20.001586855069643,2773,44,2,50,18.97599920630455,162.62400150299072
4,20260825T082827Z,flybrain,0.02,0.020001586855069642,20.0,20.001586855069643,2773,44,2,51,18.97599920630455,166.87999665737152
4,20260825T082827Z,flybrain,0.02,0.020001586855069642,20.0,20.001586855069643,2773,44,2,52,18.81599985063076,165.02399742603302
4,20260825T082827Z,flybrain,0.02,0.020001586855069642,20.0,20.001586855069643,2773,44,2,53,18.97599920630455,164.8319959640503
4,20260825T082827Z,flybrain,0.02,0.020001586855069642,20.0,20.001586855069643,2773,44,2,54,19.071999937295914,163.03999722003937
4,20260825T082827Z,flybrain,0.02,0.020001586855069642,20.0,20.001586855069643,2773,44,2,55,18.94400082528591,167.1680063009262
4,20260825T082827Z,flybrain,0.02,0.020001586855069642,20.0,20.001586855069643,2773,44,2,56,18.94400082528591,160.64000129699707
4,20260825T082827Z,flybrain,0.02,0.020001586855069642,20.0,20.001586855069643,2773,44,2,57,19.071999937295914,161.8880033493042
4,20260825T082827Z,flybrain,0.02,0.020001586855069642,20.0,20.001586855069643,2773,44,2,58,18.97599920630455,160.76800227165222
4,20260825T082827Z,flybrain,0.02,0.020001586855069642,20.0,20.001586855069643,2773,44,2,59,19.071999937295914,158.75199437141418
4,20260825T082827Z,flybrain,0.02,0.020001586855069642,20.0,20.001586855069643,2773,44,2,60,18.912000581622124,160.67199409008026
4,20260825T082827Z,flybrain,0.02,0.020001586855069642,20.0,20.001586855069643,2773,44,2,61,18.880000337958336,163.07200491428375
4,20260825T082827Z,flybrain,0.02,0.020001586855069642,20.0,20.001586855069643,2773,44,2,62,19.071999937295914,166.81599617004395
4,20260825T082827Z,flybrain,0.02,0.020001586855069642,20.0,20.001586855069643,2773,44,2,63,19.1040001809597,160.8320027589798
4,20260825T082827Z,flybrain,0.02,0.020001586855069642,20.0,20.001586855069643,2773,44,2,64,18.94400082528591,165.15199840068817
4,20260825T082827Z,flybrain,0.02,0.020001586855069642,20.0,20.001586855069643,2773,44,2,65,18.97599920630455,160.863995552063
4,20260825T082827Z,flybrain,0.02,0.020001586855069642,20.0,20.001586855069643,2773,44,2,66,19.200000911951065,160.60799360275269
4,20260825T082827Z,flybrain,0.02,0.020001586855069642,20.0,20.001586855069643,2773,44,2,67,19.039999693632126,165.15199840068817
4,20260825T082827Z,flybrain,0.02,0.020001586855069642,20.0,20.001586855069643,2773,44,2,68,18.94400082528591,162.81600296497345
4,20260825T082827Z,flybrain,0.02,0.020001586855069642,20.0,20.001586855069643,2773,44,2,69,18.079999834299088,160.64000129699707
4,20260825T082827Z,flybrain,0.02,0.020001586855069642,20.0,20.001586855069643,2773,44,2,70,19.071999937295914,160.67199409008026
4,20260825T082827Z,flybrain,0.02,0.020001586855069642,20.0,20.001586855069643,2773,44,2,71,19.071999937295914,164.70399498939514
4,20260825T082827Z,flybrain,0.02,0.020001586855069642,20.0,20.001586855069643,2773,44,2,72,19.13600042462349,162.9440039396286
4,20260825T082827Z,flybrain,0.02,0.020001586855069642,20.0,20.001586855069643,2773,44,2,73,19.039999693632126,169.0559983253479
4,20260825T082827Z,flybrain,0.02,0.020001586855069642,20.0,20.001586855069643,2773,44,2,74,19.1040001809597,164.8000031709671
4,20260825T082827Z,flybrain,0.02,0.020001586855069642,20.0,20.001586855069643,2773,44,2,75,19.039999693632126,160.863995552063
4,20260825T082827Z,flybrain,0.02,0.020001586855069642,20.0,20.001586855069643,2773,44,2,76,18.912000581622124,160.8320027589798
4,20260825T082827Z,flybrain,0.02,0.020001586855069642,20.0,20.001586855069643,2773,44,2,77,19.071999937295914,162.6559942960739
4,20260825T082827Z,flybrain,0.02,0.020001586855069642,20.0,20.001586855069643,2773,44,2,78,19.071999937295914,163.00800442695618
4,20260825T082827Z,flybrain,0.02,0.020001586855069642,20.0,20.001586855069643,2773,44,2,79,18.912000581622124,162.88000345230103
4,20260825T082827Z,flybrain,0.02,0.020001586855069642,20.0,20.001586855069643,2773,44,2,80,18.97599920630455,164.70399498939514
4,20260825T082827Z,flybrain,0.02,0.020001586855069642,20.0,20.001586855069643,2773,44,2,81,19.13600042462349,164.70399498939514
4,20260825T082827Z,flybrain,0.02,0.020001586855069642,20.0,20.001586855069643,2773,44,2,82,19.039999693632126,160.60799360275269
4,20260825T082827Z,flybrain,0.02,0.020001586855069642,20.0,20.001586855069643,2773,44,2,83,19.1040001809597,162.88000345230103
4,20260825T082827Z,flybrain,0.02,0.020001586855069642,20.0,20.001586855069643,2773,44,2,84,19.039999693632126,167.1999990940094
4,20260825T082827Z,flybrain,0.02,0.020001586855069642,20.0,20.001586855069643,2773,44,2,85,18.94400082528591,156.99200332164764
4,20260825T082827Z,flybrain,0.02,0.020001586855069642,20.0,20.001586855069643,2773,44,2,86,19.13600042462349,166.9120043516159
4,20260825T082827Z,flybrain,0.02,0.020001586855069642,20.0,20.001586855069643,2773,44,2,87,19.071999937295914,160.89600324630737
4,20260825T082827Z,flybrain,0.02,0.020001586855069642,20.0,20.001586855069643,2773,44,2,88,19.071999937295914,160.73599457740784
4,20260825T082827Z,flybrain,0.02,0.020001586855069642,20.0,20.001586855069643,2773,44,2,89,19.071999937295914,160.8320027589798
4,20260825T082827Z,flybrain,0.02,0.020001586855069642,20.0,20.001586855069643,2773,44,2,90,19.071999937295914,162.6880019903183
4,20260825T082827Z,flybrain,0.02,0.020001586855069642,20.0,20.001586855069643,2773,44,2,91,18.079999834299088,163.61600160598755
4,20260825T082827Z,flybrain,0.02,0.020001586855069642,20.0,20.001586855069643,2773,44,2,92,19.039999693632126,160.67199409008026
4,20260825T082827Z,flybrain,0.02,0.020001586855069642,20.0,20.001586855069643,2773,44,2,93,19.007999449968338,166.9120043516159
4,20260825T082827Z,flybrain,0.02,0.020001586855069642,20.0,20.001586855069643,2773,44,2,94,19.039999693632126,160.92799603939056
4,20260825T082827Z,flybrain,0.02,0.020001586855069642,20.0,20.001586855069643,2773,44,2,95,19.039999693632126,168.92799735069275
4,20260825T082827Z,flybrain,0.02,0.020001586855069642,20.0,20.001586855069643,2773,44,2,96,18.94400082528591,160.8320027589798
4,20260825T082827Z,flybrain,0.02,0.020001586855069642,20.0,20.001586855069643,2773,44,2,97,19.071999937295914,164.8000031709671
4,20260825T082827Z,flybrain,0.02,0.020001586855069642,20.0,20.001586855069643,2773,44,2,98,19.039999693632126,158.52800011634827
4,20260825T082827Z,flybrain,0.02,0.020001586855069642,20.0,20.001586855069643,2773,44,2,99,19.071999937295914,160.73599457740784
4,20260825T082827Z,flybrain,0.02,0.020001586855069642,20.0,20.001586855069643,2773,44,2,100,18.912000581622124,160.7999950647354
4,20260825T082827Z,flybrain,0.02,0.020001586855069642,20.0,20.001586855069643,2773,44,2,101,18.94400082528591,163.10399770736694
4,20260825T082827Z,flybrain,0.02,0.020001586855069642,20.0,20.001586855069643,2773,44,2,102,18.97599920630455,162.7199947834015
4,20260825T082827Z,flybrain,0.02,0.020001586855069642,20.0,20.001586855069643,2773,44,2,103,18.0479995906353,160.7999950647354
4,20260825T082827Z,flybrain,0.02,0.020001586855069642,20.0,20.001586855069643,2773,44,2,104,19.007999449968338,165.02399742603302
4,20260825T082827Z,flybrain,0.02,0.020001586855069642,20.0,20.001586855069643,2773,44,2,105,19.007999449968338,162.84799575805664
4,20260825T082827Z,flybrain,0.02,0.020001586855069642,20.0,20.001586855069643,2773,44,2,106,19.231999292969704,162.6559942960739
4,20260825T082827Z,flybrain,0.02,0.020001586855069642,20.0,20.001586855069643,2773,44,2,107,19.168000668287277,164.76799547672272
4,20260825T082827Z,flybrain,0.02,0.020001586855069642,20.0,20.001586855069643,2773,44,2,108,19.039999693632126,160.863995552063
4,20260825T082827Z,flybrain,0.02,0.020001586855069642,20.0,20.001586855069643,2773,44,2,109,19.071999937295914,160.67199409008026
4,20260825T082827Z,flybrain,0.02,0.020001586855069642,20.0,20.001586855069643,2773,44,2,110,19.039999693632126,163.13600540161133
4,20260825T082827Z,flybrain,0.02,0.020001586855069642,20.0,20.001586855069643,2773,44,2,111,18.880000337958336,158.6879938840866
4,20260825T082827Z,flybrain,0.02,0.020001586855069642,20.0,20.001586855069643,2773,44,2,112,18.912000581622124,160.7999950647354
4,20260825T082827Z,flybrain,0.02,0.020001586855069642,20.0,20.001586855069643,2773,44,2,113,18.94400082528591,162.9440039396286
4,20260825T082827Z,flybrain,0.02,0.020001586855069642,20.0,20.001586855069643,2773,44,2,114,19.1040001809597,166.6879951953888
4,20260825T082827Z,flybrain,0.02,0.020001586855069642,20.0,20.001586855069643,2773,44,2,115,19.1040001809597,161.82400286197662
4,20260825T082827Z,flybrain,0.02,0.020001586855069642,20.0,20.001586855069643,2773,44,2,116,18.97599920630455,166.75199568271637
4,20260825T082827Z,flybrain,0.02,0.020001586855069642,20.0,20.001586855069643,2773,44,2,117,18.94400082528591,160.8320027589798
4,20260825T082827Z,flybrain,0.02,0.020001586855069642,20.0,20.001586855069643,2773,44,2,118,19.1040001809597,162.75200247764587
4,20260825T082827Z,flybrain,0.02,0.020001586855069642,20.0,20.001586855069643,2773,44,2,119,18.912000581622124,162.6559942960739
4,20260825T082827Z,flybrain,0.02,0.020001586855069642,20.0,20.001586855069643,2773,44,2,120,19.071999937295914,166.9439971446991
4,20260825T082827Z,flybrain,0.02,0.020001586855069642,20.0,20.001586855069643,2773,44,2,121,18.97599920630455,160.67199409008026
4,20260825T082827Z,flybrain,0.02,0.020001586855069642,20.0,20.001586855069643,2773,44,2,122,19.13600042462349,165.0560051202774
4,20260825T082827Z,flybrain,0.02,0.020001586855069642,20.0,20.001586855069643,2773,44,2,123,19.071999937295914,162.75200247764587
4,20260825T082827Z,flybrain,0.02,0.020001586855069642,20.0,20.001586855069643,2773,44,2,124,19.1040001809597,160.99199652671814
4,20260825T082827Z,flybrain,0.02,0.020001586855069642,20.0,20.001586855069643,2773,44,2,125,19.039999693632126,157.82399475574493
4,20260825T082827Z,flybrain,0.02,0.020001586855069642,20.0,20.001586855069643,2773,44,2,126,18.559999763965607,165.53600132465363
4,20260825T082827Z,flybrain,0.02,0.020001586855069642,20.0,20.001586855069643,2773,44,2,127,18.079999834299088,167.58400201797485
4,20260825T082827Z,flybrain,0.02,0.020001586855069642,20.0,20.001586855069643,2773,44,3,0,245.08799612522125,195.6160068511963
4,20260825T082827Z,flybrain,0.02,0.020001586855069642,20.0,20.001586855069643,2773,44,3,1,18.36800016462803,162.9759967327118
4,20260825T082827Z,flybrain,0.02,0.020001586855069642,20.0,20.001586855069643,2773,44,3,2,18.33599992096424,164.70399498939514
4,20260825T082827Z,flybrain,0.02,0.020001586855069642,20.0,20.001586855069643,2773,44,3,3,18.239999189972878,162.6559942960739
4,20260825T082827Z,flybrain,0.02,0.020001586855069642,20.0,20.001586855069643,2773,44,3,4,18.271999433636665,162.62400150299072
4,20260825T082827Z,flybrain,0.02,0.020001586855069642,20.0,20.001586855069643,2773,44,3,5,19.231999292969704,156.5759927034378
4,20260825T082827Z,flybrain,0.02,0.020001586855069642,20.0,20.001586855069643,2773,44,3,6,19.26399953663349,164.70399498939514
4,20260825T082827Z,flybrain,0.02,0.020001586855069642,20.0,20.001586855069643,2773,44,3,7,18.848000094294548,160.47999262809753
4,20260825T082827Z,flybrain,0.02,0.020001586855069642,20.0,20.001586855069643,2773,44,3,8,19.200000911951065,163.00800442695618
4,20260825T082827Z,flybrain,0.02,0.020001586855069642,20.0,20.001586855069643,2773,44,3,9,18.624000251293182,164.8319959640503
4,20260825T082827Z,flybrain,0.02,0.020001586855069642,20.0,20.001586855069643,2773,44,3,10,18.559999763965607,165.02399742603302
4,20260825T082827Z,flybrain,0.02,0.020001586855069642,20.0,20.001586855069643,2773,44,3,11,18.49599927663803,161.3759994506836
4,20260825T082827Z,flybrain,0.02,0.020001586855069642,20.0,20.001586855069643,2773,44,3,12,18.49599927663803,164.95999693870544
4,20260825T082827Z,flybrain,0.02,0.020001586855069642,20.0,20.001586855069643,2773,44,3,13,18.624000251293182,163.4880006313324
4,20260825T082827Z,flybrain,0.02,0.020001586855069642,20.0,20.001586855069643,2773,44,3,14,18.432000651955605,163.29599916934967
4,20260825T082827Z,flybrain,0.02,0.020001586855069642,20.0,20.001586855069643,2773,44,3,15,18.464000895619392,162.9759967327118
4,20260825T082827Z,flybrain,0.02,0.020001586855069642,20.0,20.001586855069643,2773,44,3,16,18.624000251293182,160.96000373363495
4,20260825T082827Z,flybrain,0.02,0.020001586855069642,20.0,20.001586855069643,2773,44,3,17,18.592000007629395,161.47199273109436
4,20260825T082827Z,flybrain,0.02,0.020001586855069642,20.0,20.001586855069643,2773,44,3,18,18.464000895619392,167.55199432373047
4,20260825T082827Z,flybrain,0.02,0.020001586855069642,20.0,20.001586855069643,2773,44,3,19,18.464000895619392,162.91199624538422
4,20260825T082827Z,flybrain,0.02,0.020001586855069642,20.0,20.001586855069643,2773,44,3,20,18.624000251293182,163.00800442695618
4,20260825T082827Z,flybrain,0.02,0.020001586855069642,20.0,20.001586855069643,2773,44,3,21,18.464000895619392,164.95999693870544
4,20260825T082827Z,flybrain,0.02,0.020001586855069642,20.0,20.001586855069643,2773,44,3,22,18.624000251293182,160.70400178432465
4,20260825T082827Z,flybrain,0.02,0.020001586855069642,20.0,20.001586855069643,2773,44,3,23,19.61600035429001,161.56800091266632
4,20260825T082827Z,flybrain,0.02,0.020001586855069642,20.0,20.001586855069643,2773,44,3,24,18.49599927663803,162.84799575805664
4,20260825T082827Z,flybrain,0.02,0.020001586855069642,20.0,20.001586855069643,2773,44,3,25,18.624000251293182,163.4880006313324
4,20260825T082827Z,flybrain,0.02,0.020001586855069642,20.0,20.001586855069643,2773,44,3,26,18.303999677300453,162.9759967327118
4,20260825T082827Z,flybrain,0.02,0.020001586855069642,20.0,20.001586855069643,2773,44,3,27,18.559999763965607,160.96000373363495
4,20260825T082827Z,flybrain,0.02,0.020001586855069642,20.0,20.001586855069643,2773,44,3,28,18.592000007629395,162.84799575805664
4,20260825T082827Z,flybrain,0.02,0.020001586855069642,20.0,20.001586855069643,2773,44,3,29,18.559999763965607,161.40800714492798
4,20260825T082827Z,flybrain,0.02,0.020001586855069642,20.0,20.001586855069643,2773,44,3,30,18.49599927663803,161.50400042533875
4,20260825T082827Z,flybrain,0.02,0.020001586855069642,20.0,20.001586855069643,2773,44,3,31,18.464000895619392,161.53599321842194
4,20260825T082827Z,flybrain,0.02,0.020001586855069642,20.0,20.001586855069643,2773,44,3,32,18.52799952030182,158.87999534606934
4,20260825T082827Z,flybrain,0.02,0.020001586855069642,20.0,20.001586855069643,2773,44,3,33,18.624000251293182,163.00800442695618
4,20260825T082827Z,flybrain,0.02,0.020001586855069642,20.0,20.001586855069643,2773,44,3,34,18.559999763965607,164.92800414562225
4,20260825T082827Z,flybrain,0.02,0.020001586855069642,20.0,20.001586855069643,2773,44,3,35,18.52799952030182,160.92799603939056
4,20260825T082827Z,flybrain,0.02,0.020001586855069642,20.0,20.001586855069643,2773,44,3,36,18.592000007629395,167.13599860668182
4,20260825T082827Z,flybrain,0.02,0.020001586855069642,20.0,20.001586855069643,2773,44,3,37,18.49599927663803,161.3440066576004
4,20260825T082827Z,flybrain,0.02,0.020001586855069642,20.0,20.001586855069643,2773,44,3,38,18.49599927663803,162.9440039396286
4,20260825T082827Z,flybrain,0.02,0.020001586855069642,20.0,20.001586855069643,2773,44,3,39,18.52799952030182,158.91200304031372
4,20260825T082827Z,flybrain,0.02,0.020001586855069642,20.0,20.001586855069643,2773,44,3,40,18.624000251293182,165.6000018119812
4,20260825T082827Z,flybrain,0.02,0.020001586855069642,20.0,20.001586855069643,2773,44,3,41,18.432000651955605,162.84799575805664
4,20260825T082827Z,flybrain,0.02,0.020001586855069642,20.0,20.001586855069643,2773,44,3,42,18.49599927663803,162.88000345230103
4,20260825T082827Z,flybrain,0.02,0.020001586855069642,20.0,20.001586855069643,2773,44,3,43,18.36800016462803,165.02399742603302
4,20260825T082827Z,flybrain,0.02,0.020001586855069642,20.0,20.001586855069643,2773,44,3,44,18.592000007629395,160.8320027589798
4,20260825T082827Z,flybrain,0.02,0.020001586855069642,20.0,20.001586855069643,2773,44,3,45,18.65600049495697,167.52000153064728
4,20260825T082827Z,flybrain,0.02,0.020001586855069642,20.0,20.001586855069643,2773,44,3,46,20.608000457286835,165.02399742603302
4,20260825T082827Z,flybrain,0.02,0.020001586855069642,20.0,20.001586855069643,2773,44,3,47,20.640000700950623,160.8320027589798
4,20260825T082827Z,flybrain,0.02,0.020001586855069642,20.0,20.001586855069643,2773,44,3,48,18.624000251293182,160.96000373363495
4,20260825T082827Z,flybrain,0.02,0.020001586855069642,20.0,20.001586855069643,2773,44,3,49,20.67199908196926,161.56800091266632
4,20260825T082827Z,flybrain,0.02,0.020001586855069642,20.0,20.001586855069643,2773,44,3,50,20.447999238967896,160.89600324630737
4,20260825T082827Z,flybrain,0.02,0.020001586855069642,20.0,20.001586855069643,2773,44,3,51,18.52799952030182,165.6000018119812
4,20260825T082827Z,flybrain,0.02,0.020001586855069642,20.0,20.001586855069643,2773,44,3,52,18.52799952030182,165.66400229930878
4,20260825T082827Z,flybrain,0.02,0.020001586855069642,20.0,20.001586855069643,2773,44,3,53,18.432000651955605,164.86400365829468
4,20260825T082827Z,flybrain,0.02,0.020001586855069642,20.0,20.001586855069643,2773,44,3,54,18.624000251293182,162.88000345230103
4,20260825T082827Z,flybrain,0.02,0.020001586855069642,20.0,20.001586855069643,2773,44,3,55,18.52799952030182,167.00799763202667
4,20260825T082827Z,flybrain,0.02,0.020001586855069642,20.0,20.001586855069643,2773,44,3,56,18.52799952030182,161.50400042533875
4,20260825T082827Z,flybrain,0.02,0.020001586855069642,20.0,20.001586855069643,2773,44,3,57,18.52799952030182,160.5439931154251
4,20260825T082827Z,flybrain,0.02,0.020001586855069642,20.0,20.001586855069643,2773,44,3,58,18.432000651955605,160.8320027589798
4,20260825T082827Z,flybrain,0.02,0.020001586855069642,20.0,20.001586855069643,2773,44,3,59,18.52799952030182,158.91200304031372
4,20260825T082827Z,flybrain,0.02,0.020001586855069642,20.0,20.001586855069643,2773,44,3,60,18.49599927663803,160.96000373363495
4,20260825T082827Z,flybrain,0.02,0.020001586855069642,20.0,20.001586855069643,2773,44,3,61,18.592000007629395,160.89600324630737
4,20260825T082827Z,flybrain,0.02,0.020001586855069642,20.0,20.001586855069643,2773,44,3,62,18.464000895619392,165.02399742603302
4,20260825T082827Z,flybrain,0.02,0.020001586855069642,20.0,20.001586855069643,2773,44,3,63,18.400000408291817,161.72799468040466
4,20260825T082827Z,flybrain,0.02,0.020001586855069642,20.0,20.001586855069643,2773,44,3,64,18.33599992096424,165.6319946050644
4,20260825T082827Z,flybrain,0.02,0.020001586855069642,20.0,20.001586855069643,2773,44,3,65,18.49599927663803,161.40800714492798
4,20260825T082827Z,flybrain,0.02,0.020001586855069642,20.0,20.001586855069643,2773,44,3,66,18.49599927663803,160.92799603939056
4,20260825T082827Z,flybrain,0.02,0.020001586855069642,20.0,20.001586855069643,2773,44,3,67,18.559999763965607,165.56799411773682
4,20260825T082827Z,flybrain,0.02,0.020001586855069642,20.0,20.001586855069643,2773,44,3,68,18.400000408291817,163.61600160598755
4,20260825T082827Z,flybrain,0.02,0.020001586855069642,20.0,20.001586855069643,2773,44,3,69,18.49599927663803,161.43999993801117
4,20260825T082827Z,flybrain,0.02,0.020001586855069642,20.0,20.001586855069643,2773,44,3,70,18.49599927663803,161.56800091266632
4,20260825T082827Z,flybrain,0.02,0.020001586855069642,20.0,20.001586855069643,2773,44,3,71,18.464000895619392,163.00800442695618
4,20260825T082827Z,flybrain,0.02,0.020001586855069642,20.0,20.001586855069643,2773,44,3,72,18.559999763965607,162.9759967327118
4,20260825T082827Z,flybrain,0.02,0.020001586855069642,20.0,20.001586855069643,2773,44,3,73,18.36800016462803,169.5680022239685
4,20260825T082827Z,flybrain,0.02,0.020001586855069642,20.0,20.001586855069643,2773,44,3,74,18.49599927663803,165.0560051202774
4,20260825T082827Z,flybrain,0.02,0.020001586855069642,20.0,20.001586855069643,2773,44,3,75,18.432000651955605,158.91200304031372
4,20260825T082827Z,flybrain,0.02,0.020001586855069642,20.0,20.001586855069643,2773,44,3,76,18.624000251293182,161.53599321842194
4,20260825T082827Z,flybrain,0.02,0.020001586855069642,20.0,20.001586855069643,2773,44,3,77,18.49599927663803,162.9440039396286
4,20260825T082827Z,flybrain,0.02,0.020001586855069642,20.0,20.001586855069643,2773,44,3,78,18.624000251293182,163.00800442695618
4,20260825T082827Z,flybrain,0.02,0.020001586855069642,20.0,20.001586855069643,2773,44,3,79,18.52799952030182,163.4880006313324
4,20260825T082827Z,flybrain,0.02,0.020001586855069642,20.0,20.001586855069643,2773,44,3,80,18.464000895619392,163.87200355529785
4,20260825T082827Z,flybrain,0.02,0.020001586855069642,20.0,20.001586855069643,2773,44,3,81,18.624000251293182,163.5199934244156
4,20260825T082827Z,flybrain,0.02,0.020001586855069642,20.0,20.001586855069643,2773,44,3,82,18.464000895619392,159.45599973201752
4,20260825T082827Z,flybrain,0.02,0.020001586855069642,20.0,20.001586855069643,2773,44,3,83,18.400000408291817,160.96000373363495
4,20260825T082827Z,flybrain,0.02,0.020001586855069642,20.0,20.001586855069643,2773,44,3,84,18.49599927663803,165.72800278663635
4,20260825T082827Z,flybrain,0.02,0.020001586855069642,20.0,20.001586855069643,2773,44,3,85,18.400000408291817,157.27999806404114
4,20260825T082827Z,flybrain,0.02,0.020001586855069642,20.0,20.001586855069643,2773,44,3,86,18.49599927663803,166.97600483894348
4,20260825T082827Z,flybrain,0.02,0.020001586855069642,20.0,20.001586855069643,2773,44,3,87,18.52799952030182,160.99199652671814
4,20260825T082827Z,flybrain,0.02,0.020001586855069642,20.0,20.001586855069643,2773,44,3,88,18.49599927663803,161.69600188732147
4,20260825T082827Z,flybrain,0.02,0.020001586855069642,20.0,20.001586855069643,2773,44,3,89,18.33599992096424,160.92799603939056
4,20260825T082827Z,flybrain,0.02,0.020001586855069642,20.0,20.001586855069643,2773,44,3,90,18.592000007629395,162.91199624538422
4,20260825T082827Z,flybrain,0.02,0.020001586855069642,20.0,20.001586855069643,2773,44,3,91,18.624000251293182,163.5199934244156
4,20260825T082827Z,flybrain,0.02,0.020001586855069642,20.0,20.001586855069643,2773,44,3,92,18.464000895619392,161.56800091266632
4,20260825T082827Z,flybrain,0.02,0.020001586855069642,20.0,20.001586855069643,2773,44,3,93,18.36800016462803,167.00799763202667
4,20260825T082827Z,flybrain,0.02,0.020001586855069642,20.0,20.001586855069643,2773,44,3,94,18.592000007629395,160.92799603939056
4,20260825T082827Z,flybrain,0.02,0.020001586855069642,20.0,20.001586855069643,2773,44,3,95,18.559999763965607,168.96000504493713
4,20260825T082827Z,flybrain,0.02,0.020001586855069642,20.0,20.001586855069643,2773,44,3,96,18.464000895619392,160.8320027589798
4,20260825T082827Z,flybrain,0.02,0.020001586855069642,20.0,20.001586855069643,2773,44,3,97,18.624000251293182,163.5199934244156
4,20260825T082827Z,flybrain,0.02,0.020001586855069642,20.0,20.001586855069643,2773,44,3,98,18.49599927663803,159.45599973201752
4,20260825T082827Z,flybrain,0.02,0.020001586855069642,20.0,20.001586855069643,2773,44,3,99,18.49599927663803,159.5200002193451
4,20260825T082827Z,flybrain,0.02,0.020001586855069642,20.0,20.001586855069643,2773,44,3,100,18.49599927663803,159.45599973201752
4,20260825T082827Z,flybrain,0.02,0.020001586855069642,20.0,20.001586855069643,2773,44,3,101,18.464000895619392,164.99200463294983
4,20260825T082827Z,flybrain,0.02,0.020001586855069642,20.0,20.001586855069643,2773,44,3,102,18.624000251293182,163.00800442695618
4,20260825T082827Z,flybrain,0.02,0.020001586855069642,20.0,20.001586855069643,2773,44,3,103,18.52799952030182,159.93599593639374
4,20260825T082827Z,flybrain,0.02,0.020001586855069642,20.0,20.001586855069643,2773,44,3,104,18.624000251293182,165.0560051202774
4,20260825T082827Z,flybrain,0.02,0.020001586855069642,20.0,20.001586855069643,2773,44,3,105,18.52799952030182,162.88000345230103
4,20260825T082827Z,flybrain,0.02,0.020001586855069642,20.0,20.001586855069643,2773,44,3,106,18.592000007629395,162.84799575805664
4,20260825T082827Z,flybrain,0.02,0.020001586855069642,20.0,20.001586855069643,2773,44,3,107,18.464000895619392,165.0879979133606
4,20260825T082827Z,flybrain,0.02,0.020001586855069642,20.0,20.001586855069643,2773,44,3,108,18.49599927663803,160.99199652671814
4,20260825T082827Z,flybrain,0.02,0.020001586855069642,20.0,20.001586855069643,2773,44,3,109,18.624000251293182,158.91200304031372
4,20260825T082827Z,flybrain,0.02,0.020001586855069642,20.0,20.001586855069643,2773,44,3,110,18.624000251293182,163.4880006313324
4,20260825T082827Z,flybrain,0.02,0.020001586855069642,20.0,20.001586855069643,2773,44,3,111,18.432000651955605,159.36000645160675
4,20260825T082827Z,flybrain,0.02,0.020001586855069642,20.0,20.001586855069643,2773,44,3,112,18.49599927663803,159.58400070667267
4,20260825T082827Z,flybrain,0.02,0.020001586855069642,20.0,20.001586855069643,2773,44,3,113,18.464000895619392,161.40800714492798
4,20260825T082827Z,flybrain,0.02,0.020001586855069642,20.0,20.001586855069643,2773,44,3,114,18.432000651955605,167.71200299263
4,20260825T082827Z,flybrain,0.02,0.020001586855069642,20.0,20.001586855069643,2773,44,3,115,18.33599992096424,158.9439958333969
4,20260825T082827Z,flybrain,0.02,0.020001586855069642,20.0,20.001586855069643,2773,44,3,116,18.592000007629395,165.02399742603302
4,20260825T082827Z,flybrain,0.02,0.020001586855069642,20.0,20.001586855069643,2773,44,3,117,18.624000251293182,161.47199273109436
4,20260825T082827Z,flybrain,0.02,0.020001586855069642,20.0,20.001586855069643,2773,44,3,118,18.464000895619392,162.91199624538422
4,20260825T082827Z,flybrain,0.02,0.020001586855069642,20.0,20.001586855069643,2773,44,3,119,18.559999763965607,163.5199934244156
4,20260825T082827Z,flybrain,0.02,0.020001586855069642,20.0,20.001586855069643,2773,44,3,120,18.49599927663803,165.6319946050644
4,20260825T082827Z,flybrain,0.02,0.020001586855069642,20.0,20.001586855069643,2773,44,3,121,18.49599927663803,160.7999950647354
4,20260825T082827Z,flybrain,0.02,0.020001586855069642,20.0,20.001586855069643,2773,44,3,122,18.592000007629395,167.67999529838562
4,20260825T082827Z,flybrain,0.02,0.020001586855069642,20.0,20.001586855069643,2773,44,3,123,18.400000408291817,161.5999937057495
4,20260825T082827Z,flybrain,0.02,0.020001586855069642,20.0,20.001586855069643,2773,44,3,124,18.432000651955605,159.39199924468994
4,20260825T082827Z,flybrain,0.02,0.020001586855069642,20.0,20.001586855069643,2773,44,3,125,18.52799952030182,157.31200575828552
4,20260825T082827Z,flybrain,0.02,0.020001586855069642,20.0,20.001586855069643,2773,44,3,126,18.52799952030182,166.55999422073364
4,20260825T082827Z,flybrain,0.02,0.020001586855069642,20.0,20.001586855069643,2773,44,3,127,18.0479995906353,167.58400201797485
4,20260825T082827Z,flybrain,0.02,0.020001586855069642,20.0,20.001586855069643,2773,44,4,0,278.2079875469208,198.62399995326996
4,20260825T082827Z,flybrain,0.02,0.020001586855069642,20.0,20.001586855069643,2773,44,4,1,18.400000408291817,160.92799603939056
4,20260825T082827Z,flybrain,0.02,0.020001586855069642,20.0,20.001586855069643,2773,44,4,2,18.624000251293182,162.59199380874634
4,20260825T082827Z,flybrain,0.02,0.020001586855069642,20.0,20.001586855069643,2773,44,4,3,18.432000651955605,161.43999993801117
4,20260825T082827Z,flybrain,0.02,0.020001586855069642,20.0,20.001586855069643,2773,44,4,4,18.464000895619392,164.76799547672272
4,20260825T082827Z,flybrain,0.02,0.020001586855069642,20.0,20.001586855069643,2773,44,4,5,20.479999482631683,158.62399339675903
4,20260825T082827Z,flybrain,0.02,0.020001586855069642,20.0,20.001586855069643,2773,44,4,6,20.096000283956528,167.07199811935425
4,20260825T082827Z,flybrain,0.02,0.020001586855069642,20.0,20.001586855069643,2773,44,4,7,18.624000251293182,160.73599457740784
4,20260825T082827Z,flybrain,0.02,0.020001586855069642,20.0,20.001586855069643,2773,44,4,8,20.479999482631683,164.92800414562225
4,20260825T082827Z,flybrain,0.02,0.020001586855069642,20.0,20.001586855069643,2773,44,4,9,18.848000094294548,165.0879979133606
4,20260825T082827Z,flybrain,0.02,0.020001586855069642,20.0,20.001586855069643,2773,44,4,10,19.007999449968338,166.81599617004395
4,20260825T082827Z,flybrain,0.02,0.020001586855069642,20.0,20.001586855069643,2773,44,4,11,19.168000668287277,160.8320027589798
4,20260825T082827Z,flybrain,0.02,0.020001586855069642,20.0,20.001586855069643,2773,44,4,12,19.007999449968338,164.67200219631195
4,20260825T082827Z,flybrain,0.02,0.020001586855069642,20.0,20.001586855069643,2773,44,4,13,18.239999189972878,162.75200247764587
4,20260825T082827Z,flybrain,0.02,0.020001586855069642,20.0,20.001586855069643,2773,44,4,14,19.071999937295914,164.8319959640503
4,20260825T082827Z,flybrain,0.02,0.020001586855069642,20.0,20.001586855069643,2773,44,4,15,19.168000668287277,162.78399527072906
4,20260825T082827Z,flybrain,0.02,0.020001586855069642,20.0,20.001586855069643,2773,44,4,16,18.97599920630455,160.8320027589798
4,20260825T082827Z,flybrain,0.02,0.020001586855069642,20.0,20.001586855069643,2773,44,4,17,19.1040001809597,160.76800227165222
4,20260825T082827Z,flybrain,0.02,0.020001586855069642,20.0,20.001586855069643,2773,44,4,18,18.97599920630455,164.92800414562225
4,20260825T082827Z,flybrain,0.02,0.020001586855069642,20.0,20.001586855069643,2773,44,4,19,19.13600042462349,162.91199624538422
4,20260825T082827Z,flybrain,0.02,0.020001586855069642,20.0,20.001586855069643,2773,44,4,20,19.1040001809597,163.00800442695618
4,20260825T082827Z,flybrain,0.02,0.020001586855069642,20.0,20.001586855069643,2773,44,4,21,19.039999693632126,164.89599645137787
4,20260825T082827Z,flybrain,0.02,0.020001586855069642,20.0,20.001586855069643,2773,44,4,22,19.071999937295914,161.6320013999939
4,20260825T082827Z,flybrain,0.02,0.020001586855069642,20.0,20.001586855069643,2773,44,4,23,19.007999449968338,162.9440039396286
4,20260825T082827Z,flybrain,0.02,0.020001586855069642,20.0,20.001586855069643,2773,44,4,24,19.039999693632126,162.91199624538422
4,20260825T082827Z,flybrain,0.02,0.020001586855069642,20.0,20.001586855069643,2773,44,4,25,19.1040001809597,163.03999722003937
4,20260825T082827Z,flybrain,0.02,0.020001586855069642,20.0,20.001586855069643,2773,44,4,26,19.039999693632126,162.84799575805664
4,20260825T082827Z,flybrain,0.02,0.020001586855069642,20.0,20.001586855069643,2773,44,4,27,19.039999693632126,162.9440039396286
4,20260825T082827Z,flybrain,0.02,0.020001586855069642,20.0,20.001586855069643,2773,44,4,28,19.071999937295914,162.81600296497345
4,20260825T082827Z,flybrain,0.02,0.020001586855069642,20.0,20.001586855069643,2773,44,4,29,18.912000581622124,160.863995552063
4,20260825T082827Z,flybrain,0.02,0.020001586855069642,20.0,20.001586855069643,2773,44,4,30,18.97599920630455,160.76800227165222
4,20260825T082827Z,flybrain,0.02,0.020001586855069642,20.0,20.001586855069643,2773,44,4,31,19.071999937295914,162.9759967327118
4,20260825T082827Z,flybrain,0.02,0.020001586855069642,20.0,20.001586855069643,2773,44,4,32,18.94400082528591,158.49600732326508
4,20260825T082827Z,flybrain,0.02,0.020001586855069642,20.0,20.001586855069643,2773,44,4,33,19.168000668287277,162.7199947834015
4,20260825T082827Z,flybrain,0.02,0.020001586855069642,20.0,20.001586855069643,2773,44,4,34,19.1040001809597,165.53600132465363
4,20260825T082827Z,flybrain,0.02,0.020001586855069642,20.0,20.001586855069643,2773,44,4,35,19.071999937295914,160.67199409008026
4,20260825T082827Z,flybrain,0.02,0.020001586855069642,20.0,20.001586855069643,2773,44,4,36,18.912000581622124,167.1680063009262
4,20260825T082827Z,flybrain,0.02,0.020001586855069642,20.0,20.001586855069643,2773,44,4,37,19.007999449968338,160.8320027589798
4,20260825T082827Z,flybrain,0.02,0.020001586855069642,20.0,20.001586855069643,2773,44,4,38,19.168000668287277,162.6559942960739
4,20260825T082827Z,flybrain,0.02,0.020001586855069642,20.0,20.001586855069643,2773,44,4,39,19.071999937295914,158.87999534606934
4,20260825T082827Z,flybrain,0.02,0.020001586855069642,20.0,20.001586855069643,2773,44,4,40,19.007999449968338,167.00799763202667
4,20260825T082827Z,flybrain,0.02,0.020001586855069642,20.0,20.001586855069643,2773,44,4,41,19.13600042462349,162.88000345230103
4,20260825T082827Z,flybrain,0.02,0.020001586855069642,20.0,20.001586855069643,2773,44,4,42,19.1040001809597,164.60800170898438
4,20260825T082827Z,flybrain,0.02,0.020001586855069642,20.0,20.001586855069643,2773,44,4,43,19.1040001809597,162.91199624538422
4,20260825T082827Z,flybrain,0.02,0.020001586855069642,20.0,20.001586855069643,2773,44,4,44,19.039999693632126,162.9440039396286
4,20260825T082827Z,flybrain,0.02,0.020001586855069642,20.0,20.001586855069643,2773,44,4,45,19.1040001809597,166.9120043516159
4,20260825T082827Z,flybrain,0.02,0.020001586855069642,20.0,20.001586855069643,2773,44,4,46,19.1040001809597,164.89599645137787
4,20260825T082827Z,flybrain,0.02,0.020001586855069642,20.0,20.001586855069643,2773,44,4,47,19.1040001809597,162.81600296497345
4,20260825T082827Z,flybrain,0.02,0.020001586855069642,20.0,20.001586855069643,2773,44,4,48,19.007999449968338,162.6559942960739
4,20260825T082827Z,flybrain,0.02,0.020001586855069642,20.0,20.001586855069643,2773,44,4,49,19.007999449968338,162.88000345230103
4,20260825T082827Z,flybrain,0.02,0.020001586855069642,20.0,20.001586855069643,2773,44,4,50,18.912000581622124,160.64000129699707
4,20260825T082827Z,flybrain,0.02,0.020001586855069642,20.0,20.001586855069643,2773,44,4,51,19.007999449968338,165.0560051202774
4,20260825T082827Z,flybrain,0.02,0.020001586855069642,20.0,20.001586855069643,2773,44,4,52,18.97599920630455,165.02399742603302
4,20260825T082827Z,flybrain,0.02,0.020001586855069642,20.0,20.001586855069643,2773,44,4,53,19.039999693632126,164.89599645137787
4,20260825T082827Z,flybrain,0.02,0.020001586855069642,20.0,20.001586855069643,2773,44,4,54,19.1040001809597,162.78399527072906
4,20260825T082827Z,flybrain,0.02,0.020001586855069642,20.0,20.001586855069643,2773,44,4,55,19.007999449968338,169.15200650691986
4,20260825T082827Z,flybrain,0.02,0.020001586855069642,20.0,20.001586855069643,2773,44,4,56,18.94400082528591,160.99199652671814
4,20260825T082827Z,flybrain,0.02,0.020001586855069642,20.0,20.001586855069643,2773,44,4,57,19.039999693632126,161.9199961423874
4,20260825T082827Z,flybrain,0.02,0.020001586855069642,20.0,20.001586855069643,2773,44,4,58,18.94400082528591,162.59199380874634
4,20260825T082827Z,flybrain,0.02,0.020001586855069642,20.0,20.001586855069643,2773,44,4,59,19.168000668287277,158.62399339675903
4,20260825T082827Z,flybrain,0.02,0.020001586855069642,20.0,20.001586855069643,2773,44,4,60,19.13600042462349,160.70400178432465
4,20260825T082827Z,flybrain,0.02,0.020001586855069642,20.0,20.001586855069643,2773,44,4,61,19.039999693632126,162.81600296497345
4,20260825T082827Z,flybrain,0.02,0.020001586855069642,20.0,20.001586855069643,2773,44,4,62,19.071999937295914,166.78400337696075
4,20260825T082827Z,flybrain,0.02,0.020001586855069642,20.0,20.001586855069643,2773,44,4,63,18.97599920630455,160.8320027589798
4,20260825T082827Z,flybrain,0.02,0.020001586855069642,20.0,20.001586855069643,2773,44,4,64,19.039999693632126,164.8319959640503
4,20260825T082827Z,flybrain,0.02,0.020001586855069642,20.0,20.001586855069643,2773,44,4,65,19.13600042462349,160.73599457740784
4,20260825T082827Z,flybrain,0.02,0.020001586855069642,20.0,20.001586855069643,2773,44,4,66,19.1040001809597,158.75199437141418
4,20260825T082827Z,flybrain,0.02,0.020001586855069642,20.0,20.001586855069643,2773,44,4,67,19.1040001809597,165.0560051202774
4,20260825T082827Z,flybrain,0.02,0.020001586855069642,20.0,20.001586855069643,2773,44,4,68,19.007999449968338,162.88000345230103
4,20260825T082827Z,flybrain,0.02,0.020001586855069642,20.0,20.001586855069643,2773,44,4,69,19.13600042462349,158.75199437141418
4,20260825T082827Z,flybrain,0.02,0.020001586855069642,20.0,20.001586855069643,2773,44,4,70,18.17600056529045,160.7999950647354
4,20260825T082827Z,flybrain,0.02,0.020001586855069642,20.0,20.001586855069643,2773,44,4,71,18.94400082528591,162.91199624538422
4,20260825T082827Z,flybrain,0.02,0.020001586855069642,20.0,20.001586855069643,2773,44,4,72,18.97599920630455,162.9759967327118
4,20260825T082827Z,flybrain,0.02,0.020001586855069642,20.0,20.001586855069643,2773,44,4,73,18.97599920630455,167.23200678825378
4,20260825T082827Z,flybrain,0.02,0.020001586855069642,20.0,20.001586855069643,2773,44,4,74,18.94400082528591,164.67200219631195
4,20260825T082827Z,flybrain,0.02,0.020001586855069642,20.0,20.001586855069643,2773,44,4,75,18.97599920630455,160.96000373363495
4,20260825T082827Z,flybrain,0.02,0.020001586855069642,20.0,20.001586855069643,2773,44,4,76,19.007999449968338,160.7999950647354
4,20260825T082827Z,flybrain,0.02,0.020001586855069642,20.0,20.001586855069643,2773,44,4,77,19.071999937295914,162.9440039396286
4,20260825T082827Z,flybrain,0.02,0.020001586855069642,20.0,20.001586855069643,2773,44,4,78,19.26399953663349,162.84799575805664
4,20260825T082827Z,flybrain,0.02,0.020001586855069642,20.0,20.001586855069643,2773,44,4,79,19.039999693632126,162.9440039396286
4,20260825T082827Z,flybrain,0.02,0.020001586855069642,20.0,20.001586855069643,2773,44,4,80,19.1040001809597,166.72000288963318
4,20260825T082827Z,flybrain,0.02,0.020001586855069642,20.0,20.001586855069643,2773,44,4,81,19.071999937295914,162.88000345230103
4,20260825T082827Z,flybrain,0.02,0.020001586855069642,20.0,20.001586855069643,2773,44,4,82,19.1040001809597,158.78400206565857
4,20260825T082827Z,flybrain,0.02,0.020001586855069642,20.0,20.001586855069643,2773,44,4,83,19.007999449968338,162.88000345230103
4,20260825T082827Z,flybrain,0.02,0.020001586855069642,20.0,20.001586855069643,2773,44,4,84,18.97599920630455,164.8000031709671
4,20260825T082827Z,flybrain,0.02,0.020001586855069642,20.0,20.001586855069643,2773,44,4,85,19.1040001809597,158.75199437141418
4,20260825T082827Z,flybrain,0.02,0.020001586855069642,20.0,20.001586855069643,2773,44,4,86,19.200000911951065,166.87999665737152
4,20260825T082827Z,flybrain,0.02,0.020001586855069642,20.0,20.001586855069643,2773,44,4,87,19.007999449968338,161.05599701404572
4,20260825T082827Z,flybrain,0.02,0.020001586855069642,20.0,20.001586855069643,2773,44,4,88,18.912000581622124,160.92799603939056
4,20260825T082827Z,flybrain,0.02,0.020001586855069642,20.0,20.001586855069643,2773,44,4,89,19.039999693632126,160.7999950647354
4,20260825T082827Z,flybrain,0.02,0.020001586855069642,20.0,20.001586855069643,2773,44,4,90,18.97599920630455,162.7199947834015
4,20260825T082827Z,flybrain,0.02,0.020001586855069642,20.0,20.001586855069643,2773,44,4,91,19.007999449968338,164.70399498939514
4,20260825T082827Z,flybrain,0.02,0.020001586855069642,20.0,20.001586855069643,2773,44,4,92,19.071999937295914,161.1199975013733
4,20260825T082827Z,flybrain,0.02,0.020001586855069642,20.0,20.001586855069643,2773,44,4,93,18.912000581622124,167.00799763202667
4,20260825T082827Z,flybrain,0.02,0.020001586855069642,20.0,20.001586855069643,2773,44,4,94,19.071999937295914,162.75200247764587
4,20260825T082827Z,flybrain,0.02,0.020001586855069642,20.0,20.001586855069643,2773,44,4,95,19.13600042462349,168.89600455760956
4,20260825T082827Z,flybrain,0.02,0.020001586855069642,20.0,20.001586855069643,2773,44,4,96,19.039999693632126,160.73599457740784
4,20260825T082827Z,flybrain,0.02,0.020001586855069642,20.0,20.001586855069643,2773,44,4,97,19.071999937295914,164.8319959640503
4,20260825T082827Z,flybrain,0.02,0.020001586855069642,20.0,20.001586855069643,2773,44,4,98,19.039999693632126,158.75199437141418
4,20260825T082827Z,flybrain,0.02,0.020001586855069642,20.0,20.001586855069643,2773,44,4,99,18.912000581622124,160.863995552063
4,20260825T082827Z,flybrain,0.02,0.020001586855069642,20.0,20.001586855069643,2773,44,4,100,18.94400082528591,158.81599485874176
4,20260825T082827Z,flybrain,0.02,0.020001586855069642,20.0,20.001586855069643,2773,44,4,101,19.071999937295914,164.89599645137787
4,20260825T082827Z,flybrain,0.02,0.020001586855069642,20.0,20.001586855069643,2773,44,4,102,19.007999449968338,162.9440039396286
4,20260825T082827Z,flybrain,0.02,0.020001586855069642,20.0,20.001586855069643,2773,44,4,103,19.1040001809597,159.64800119400024
4,20260825T082827Z,flybrain,0.02,0.020001586855069642,20.0,20.001586855069643,2773,44,4,104,19.071999937295914,165.0560051202774
4,20260825T082827Z,flybrain,0.02,0.020001586855069642,20.0,20.001586855069643,2773,44,4,105,19.071999937295914,162.75200247764587
4,20260825T082827Z,flybrain,0.02,0.020001586855069642,20.0,20.001586855069643,2773,44,4,106,18.97599920630455,162.88000345230103
4,20260825T082827Z,flybrain,0.02,0.020001586855069642,20.0,20.001586855069643,2773,44,4,107,18.94400082528591,164.99200463294983
4,20260825T082827Z,flybrain,0.02,0.020001586855069642,20.0,20.001586855069643,2773,44,4,108,18.94400082528591,160.96000373363495
4,20260825T082827Z,flybrain,0.02,0.020001586855069642,20.0,20.001586855069643,2773,44,4,109,19.071999937295914,158.91200304031372
4,20260825T082827Z,flybrain,0.02,0.020001586855069642,20.0,20.001586855069643,2773,44,4,110,19.039999693632126,162.84799575805664
4,20260825T082827Z,flybrain,0.02,0.020001586855069642,20.0,20.001586855069643,2773,44,4,111,18.94400082528591,158.9439958333969
4,20260825T082827Z,flybrain,0.02,0.020001586855069642,20.0,20.001586855069643,2773,44,4,112,18.94400082528591,158.65600109100342
4,20260825T082827Z,flybrain,0.02,0.020001586855069642,20.0,20.001586855069643,2773,44,4,113,18.912000581622124,163.16799819469452
4,20260825T082827Z,flybrain,0.02,0.020001586855069642,20.0,20.001586855069643,2773,44,4,114,18.94400082528591,166.78400337696075
4,20260825T082827Z,flybrain,0.02,0.020001586855069642,20.0,20.001586855069643,2773,44,4,115,18.97599920630455,160.73599457740784
4,20260825T082827Z,flybrain,0.02,0.020001586855069642,20.0,20.001586855069643,2773,44,4,116,19.039999693632126,164.92800414562225
4,20260825T082827Z,flybrain,0.02,0.020001586855069642,20.0,20.001586855069643,2773,44,4,117,19.071999937295914,160.92799603939056
4,20260825T082827Z,flybrain,0.02,0.020001586855069642,20.0,20.001586855069643,2773,44,4,118,19.1040001809597,164.8319959640503
4,20260825T082827Z,flybrain,0.02,0.020001586855069642,20.0,20.001586855069643,2773,44,4,119,19.071999937295914,162.75200247764587
4,20260825T082827Z,flybrain,0.02,0.020001586855069642,20.0,20.001586855069643,2773,44,4,120,19.071999937295914,166.9120043516159
4,20260825T082827Z,flybrain,0.02,0.020001586855069642,20.0,20.001586855069643,2773,44,4,121,18.94400082528591,162.81600296497345
4,20260825T082827Z,flybrain,0.02,0.020001586855069642,20.0,20.001586855069643,2773,44,4,122,18.94400082528591,167.10400581359863
4,20260825T082827Z,flybrain,0.02,0.020001586855069642,20.0,20.001586855069643,2773,44,4,123,18.97599920630455,162.75200247764587
4,20260825T082827Z,flybrain,0.02,0.020001586855069642,20.0,20.001586855069643,2773,44,4,124,18.94400082528591,160.5760008096695
4,20260825T082827Z,flybrain,0.02,0.020001586855069642,20.0,20.001586855069643,2773,44,4,125,19.1040001809597,158.81599485874176
4,20260825T082827Z,flybrain,0.02,0.020001586855069642,20.0,20.001586855069643,2773,44,4,126,17.59999990463257,165.53600132465363
4,20260825T082827Z,flybrain,0.02,0.020001586855069642,20.0,20.001586855069643,2773,44,4,127,18.079999834299088,167.58400201797485
4,20260825T082827Z,flybrain,0.02,0.020001586855069642,20.0,20.001586855069643,2773,44,5,0,288.32000494003296,199.74400103092194
4,20260825T082827Z,flybrain,0.02,0.020001586855069642,20.0,20.001586855069643,2773,44,5,1,18.52799952030182,162.9759967327118
4,20260825T082827Z,flybrain,0.02,0.020001586855069642,20.0,20.001586855069643,2773,44,5,2,18.303999677300453,165.6000018119812
4,20260825T082827Z,flybrain,0.02,0.020001586855069642,20.0,20.001586855069643,2773,44,5,3,18.36800016462803,160.60799360275269
4,20260825T082827Z,flybrain,0.02,0.020001586855069642,20.0,20.001586855069643,2773,44,5,4,18.33599992096424,162.6880019903183
4,20260825T082827Z,flybrain,0.02,0.020001586855069642,20.0,20.001586855069643,2773,44,5,5,18.271999433636665,158.4639996290207
4,20260825T082827Z,flybrain,0.02,0.020001586855069642,20.0,20.001586855069643,2773,44,5,6,18.303999677300453,164.8319959640503
4,20260825T082827Z,flybrain,0.02,0.020001586855069642,20.0,20.001586855069643,2773,44,5,7,17.983999103307724,160.73599457740784
4,20260825T082827Z,flybrain,0.02,0.020001586855069642,20.0,20.001586855069643,2773,44,5,8,18.464000895619392,165.02399742603302
4,20260825T082827Z,flybrain,0.02,0.020001586855069642,20.0,20.001586855069643,2773,44,5,9,21.536000072956085,162.36799955368042
4,20260825T082827Z,flybrain,0.02,0.020001586855069642,20.0,20.001586855069643,2773,44,5,10,19.039999693632126,166.9439971446991
4,20260825T082827Z,flybrain,0.02,0.020001586855069642,20.0,20.001586855069643,2773,44,5,11,19.26399953663349,161.6639941930771
4,20260825T082827Z,flybrain,0.02,0.020001586855069642,20.0,20.001586855069643,2773,44,5,12,19.071999937295914,163.07200491428375
4,20260825T082827Z,flybrain,0.02,0.020001586855069642,20.0,20.001586855069643,2773,44,5,13,18.880000337958336,162.9759967327118
4,20260825T082827Z,flybrain,0.02,0.020001586855069642,20.0,20.001586855069643,2773,44,5,14,18.912000581622124,164.89599645137787
4,20260825T082827Z,flybrain,0.02,0.020001586855069642,20.0,20.001586855069643,2773,44,5,15,19.071999937295914,162.81600296497345
4,20260825T082827Z,flybrain,0.02,0.020001586855069642,20.0,20.001586855069643,2773,44,5,16,19.1040001809597,162.6559942960739
4,20260825T082827Z,flybrain,0.02,0.020001586855069642,20.0,20.001586855069643,2773,44,5,17,18.97599920630455,160.8320027589798
4,20260825T082827Z,flybrain,0.02,0.020001586855069642,20.0,20.001586855069643,2773,44,5,18,19.1040001809597,164.92800414562225
4,20260825T082827Z,flybrain,0.02,0.020001586855069642,20.0,20.001586855069643,2773,44,5,19,19.071999937295914,164.8000031709671
4,20260825T082827Z,flybrain,0.02,0.020001586855069642,20.0,20.001586855069643,2773,44,5,20,19.200000911951065,162.88000345230103
4,20260825T082827Z,flybrain,0.02,0.020001586855069642,20.0,20.001586855069643,2773,44,5,21,18.49599927663803,164.99200463294983
4,20260825T082827Z,flybrain,0.02,0.020001586855069642,20.0,20.001586855069643,2773,44,5,22,18.400000408291817,161.5999937057495
4,20260825T082827Z,flybrain,0.02,0.020001586855069642,20.0,20.001586855069643,2773,44,5,23,18.36800016462803,161.50400042533875
4,20260825T082827Z,flybrain,0.02,0.020001586855069642,20.0,20.001586855069643,2773,44,5,24,18.464000895619392,163.55200111865997
4,20260825T082827Z,flybrain,0.02,0.020001586855069642,20.0,20.001586855069643,2773,44,5,25,18.400000408291817,163.03999722003937
4,20260825T082827Z,flybrain,0.02,0.020001586855069642,20.0,20.001586855069643,2773,44,5,26,18.52799952030182,163.455992937088
4,20260825T082827Z,flybrain,0.02,0.020001586855069642,20.0,20.001586855069643,2773,44,5,27,18.559999763965607,160.73599457740784
4,20260825T082827Z,flybrain,0.02,0.020001586855069642,20.0,20.001586855069643,2773,44,5,28,18.624000251293182,162.9759967327118
4,20260825T082827Z,flybrain,0.02,0.020001586855069642,20.0,20.001586855069643,2773,44,5,29,18.49599927663803,161.53599321842194
4,20260825T082827Z,flybrain,0.02,0.020001586855069642,20.0,20.001586855069643,2773,44,5,30,18.49599927663803,161.47199273109436
4,20260825T082827Z,flybrain,0.02,0.020001586855069642,20.0,20.001586855069643,2773,44,5,31,18.464000895619392,160.863995552063
4,20260825T082827Z,flybrain,0.02,0.020001586855069642,20.0,20.001586855069643,2773,44,5,32,18.624000251293182,158.720001578331
4,20260825T082827Z,flybrain,0.02,0.020001586855069642,20.0,20.001586855069643,2773,44,5,33,18.464000895619392,160.96000373363495
4,20260825T082827Z,flybrain,0.02,0.020001586855069642,20.0,20.001586855069643,2773,44,5,34,18.559999763965607,163.96799683570862
4,20260825T082827Z,flybrain,0.02,0.020001586855069642,20.0,20.001586855069643,2773,44,5,35,18.624000251293182,163.61600160598755
4,20260825T082827Z,flybrain,0.02,0.020001586855069642,20.0,20.001586855069643,2773,44,5,36,18.36800016462803,167.55199432373047
4,20260825T082827Z,flybrain,0.02,0.020001586855069642,20.0,20.001586855069643,2773,44,5,37,18.432000651955605,161.56800091266632
4,20260825T082827Z,flybrain,0.02,0.020001586855069642,20.0,20.001586855069643,2773,44,5,38,18.36800016462803,163.61600160598755
4,20260825T082827Z,flybrain,0.02,0.020001586855069642,20.0,20.001586855069643,2773,44,5,39,18.52799952030182,158.84800255298615
4,20260825T082827Z,flybrain,0.02,0.020001586855069642,20.0,20.001586855069643,2773,44,5,40,18.624000251293182,164.99200463294983
4,20260825T082827Z,flybrain,0.02,0.020001586855069642,20.0,20.001586855069643,2773,44,5,41,18.559999763965607,162.84799575805664
4,20260825T082827Z,flybrain,0.02,0.020001586855069642,20.0,20.001586855069643,2773,44,5,42,18.52799952030182,165.0560051202774
4,20260825T082827Z,flybrain,0.02,0.020001586855069642,20.0,20.001586855069643,2773,44,5,43,18.624000251293182,164.8319959640503
4,20260825T082827Z,flybrain,0.02,0.020001586855069642,20.0,20.001586855069643,2773,44,5,44,18.49599927663803,162.91199624538422
4,20260825T082827Z,flybrain,0.02,0.020001586855069642,20.0,20.001586855069643,2773,44,5,45,19.200000911951065,166.84800386428833
4,20260825T082827Z,flybrain,0.02,0.020001586855069642,20.0,20.001586855069643,2773,44,5,46,18.559999763965607,162.9759967327118
4,20260825T082827Z,flybrain,0.02,0.020001586855069642,20.0,20.001586855069643,2773,44,5,47,18.624000251293182,160.92799603939056
4,20260825T082827Z,flybrain,0.02,0.020001586855069642,20.0,20.001586855069643,2773,44,5,48,20.70399932563305,161.6639941930771
4,20260825T082827Z,flybrain,0.02,0.020001586855069642,20.0,20.001586855069643,2773,44,5,49,18.33599992096424,162.91199624538422
4,20260825T082827Z,flybrain,0.02,0.020001586855069642,20.0,20.001586855069643,2773,44,5,50,20.54399996995926,160.89600324630737
4,20260825T082827Z,flybrain,0.02,0.020001586855069642,20.0,20.001586855069643,2773,44,5,51,18.52799952030182,165.6000018119812
4,20260825T082827Z,flybrain,0.02,0.020001586855069642,20.0,20.001586855069643,2773,44,5,52,18.432000651955605,164.8319959640503
4,20260825T082827Z,flybrain,0.02,0.020001586855069642,20.0,20.001586855069643,2773,44,5,53,18.36800016462803,163.00800442695618
4,20260825T082827Z,flybrain,0.02,0.020001586855069642,20.0,20.001586855069643,2773,44,5,54,18.624000251293182,163.00800442695618
4,20260825T082827Z,flybrain,0.02,0.020001586855069642,20.0,20.001586855069643,2773,44,5,55,18.624000251293182,168.89600455760956
4,20260825T082827Z,flybrain,0.02,0.020001586855069642,20.0,20.001586855069643,2773,44,5,56,18.688000738620758,160.8320027589798
4,20260825T082827Z,flybrain,0.02,0.020001586855069642,20.0,20.001586855069643,2773,44,5,57,18.559999763965607,161.98399662971497
4,20260825T082827Z,flybrain,0.02,0.020001586855069642,20.0,20.001586855069643,2773,44,5,58,18.464000895619392,160.8320027589798
4,20260825T082827Z,flybrain,0.02,0.020001586855069642,20.0,20.001586855069643,2773,44,5,59,18.624000251293182,158.78400206565857
4,20260825T082827Z,flybrain,0.02,0.020001586855069642,20.0,20.001586855069643,2773,44,5,60,18.592000007629395,162.88000345230103
4,20260825T082827Z,flybrain,0.02,0.020001586855069642,20.0,20.001586855069643,2773,44,5,61,18.52799952030182,160.96000373363495
4,20260825T082827Z,flybrain,0.02,0.020001586855069642,20.0,20.001586855069643,2773,44,5,62,18.592000007629395,165.56799411773682
4,20260825T082827Z,flybrain,0.02,0.020001586855069642,20.0,20.001586855069643,2773,44,5,63,18.432000651955605,161.53599321842194
4,20260825T082827Z,flybrain,0.02,0.020001586855069642,20.0,20.001586855069643,2773,44,5,64,18.432000651955605,165.02399742603302
4,20260825T082827Z,flybrain,0.02,0.020001586855069642,20.0,20.001586855069643,2773,44,5,65,18.36800016462803,160.96000373363495
4,20260825T082827Z,flybrain,0.02,0.020001586855069642,20.0,20.001586855069643,2773,44,5,66,18.559999763965607,159.61599349975586
4,20260825T082827Z,flybrain,0.02,0.020001586855069642,20.0,20.001586855069643,2773,44,5,67,19.392000511288643,163.455992937088
4,20260825T082827Z,flybrain,0.02,0.020001586855069642,20.0,20.001586855069643,2773,44,5,68,18.464000895619392,164.35199975967407
4,20260825T082827Z,flybrain,0.02,0.020001586855069642,20.0,20.001586855069643,2773,44,5,69,18.400000408291817,160.96000373363495
4,20260825T082827Z,flybrain,0.02,0.020001586855069642,20.0,20.001586855069643,2773,44,5,70,18.559999763965607,160.8320027589798
4,20260825T082827Z,flybrain,0.02,0.020001586855069642,20.0,20.001586855069643,2773,44,5,71,18.49599927663803,164.95999693870544
4,20260825T082827Z,flybrain,0.02,0.020001586855069642,20.0,20.001586855069643,2773,44,5,72,20.67199908196926,162.9440039396286
4,20260825T082827Z,flybrain,0.02,0.020001586855069642,20.0,20.001586855069643,2773,44,5,73,18.36800016462803,167.80799627304077
4,20260825T082827Z,flybrain,0.02,0.020001586855069642,20.0,20.001586855069643,2773,44,5,74,18.400000408291817,165.69599509239197
4,20260825T082827Z,flybrain,0.02,0.020001586855069642,20.0,20.001586855069643,2773,44,5,75,18.432000651955605,160.76800227165222
4,20260825T082827Z,flybrain,0.02,0.020001586855069642,20.0,20.001586855069643,2773,44,5,76,18.49599927663803,161.40800714492798
4,20260825T082827Z,flybrain,0.02,0.020001586855069642,20.0,20.001586855069643,2773,44,5,77,18.36800016462803,163.00800442695618
4,20260825T082827Z,flybrain,0.02,0.020001586855069642,20.0,20.001586855069643,2773,44,5,78,18.624000251293182,163.00800442695618
4,20260825T082827Z,flybrain,0.02,0.020001586855069642,20.0,20.001586855069643,2773,44,5,79,18.52799952030182,161.40800714492798
4,20260825T082827Z,flybrain,0.02,0.020001586855069642,20.0,20.001586855069643,2773,44,5,80,18.52799952030182,166.01599752902985
4,20260825T082827Z,flybrain,0.02,0.020001586855069642,20.0,20.001586855069643,2773,44,5,81,18.49599927663803,163.03999722003937
4,20260825T082827Z,flybrain,0.02,0.020001586855069642,20.0,20.001586855069643,2773,44,5,82,18.592000007629395,159.45599973201752
4,20260825T082827Z,flybrain,0.02,0.020001586855069642,20.0,20.001586855069643,2773,44,5,83,18.49599927663803,162.78399527072906
4,20260825T082827Z,flybrain,0.02,0.020001586855069642,20.0,20.001586855069643,2773,44,5,84,18.624000251293182,164.92800414562225
4,20260825T082827Z,flybrain,0.02,0.020001586855069642,20.0,20.001586855069643,2773,44,5,85,18.52799952030182,158.91200304031372
4,20260825T082827Z,flybrain,0.02,0.020001586855069642,20.0,20.001586855069643,2773,44,5,86,18.49599927663803,165.69599509239197
4,20260825T082827Z,flybrain,0.02,0.020001586855069642,20.0,20.001586855069643,2773,44,5,87,18.303999677300453,158.81599485874176
4,20260825T082827Z,flybrain,0.02,0.020001586855069642,20.0,20.001586855069643,2773,44,5,88,18.65600049495697,160.8320027589798
4,20260825T082827Z,flybrain,0.02,0.020001586855069642,20.0,20.001586855069643,2773,44,5,89,18.52799952030182,161.47199273109436
4,20260825T082827Z,flybrain,0.02,0.020001586855069642,20.0,20.001586855069643,2773,44,5,90,18.49599927663803,162.9759967327118
4,20260825T082827Z,flybrain,0.02,0.020001586855069642,20.0,20.001586855069643,2773,44,5,91,18.592000007629395,165.3759926557541
4,20260825T082827Z,flybrain,0.02,0.020001586855069642,20.0,20.001586855069643,2773,44,5,92,18.49599927663803,161.47199273109436
4,20260825T082827Z,flybrain,0.02,0.020001586855069642,20.0,20.001586855069643,2773,44,5,93,18.49599927663803,167.00799763202667
4,20260825T082827Z,flybrain,0.02,0.020001586855069642,20.0,20.001586855069643,2773,44,5,94,18.52799952030182,163.58399391174316
4,20260825T082827Z,flybrain,0.02,0.020001586855069642,20.0,20.001586855069643,2773,44,5,95,19.360000267624855,167.04000532627106
4,20260825T082827Z,flybrain,0.02,0.020001586855069642,20.0,20.001586855069643,2773,44,5,96,18.559999763965607,160.863995552063
4,20260825T082827Z,flybrain,0.02,0.020001586855069642,20.0,20.001586855069643,2773,44,5,97,18.52799952030182,163.58399391174316
4,20260825T082827Z,flybrain,0.02,0.020001586855069642,20.0,20.001586855069643,2773,44,5,98,18.464000895619392,159.5200002193451
4,20260825T082827Z,flybrain,0.02,0.020001586855069642,20.0,20.001586855069643,2773,44,5,99,18.49599927663803,160.76800227165222
4,20260825T082827Z,flybrain,0.02,0.020001586855069642,20.0,20.001586855069643,2773,44,5,100,18.559999763965607,158.84800255298615
4,20260825T082827Z,flybrain,0.02,0.020001586855069642,20.0,20.001586855069643,2773,44,5,101,18.52799952030182,162.84799575805664
4,20260825T082827Z,flybrain,0.02,0.020001586855069642,20.0,20.001586855069643,2773,44,5,102,18.559999763965607,160.96000373363495
4,20260825T082827Z,flybrain,0.02,0.020001586855069642,20.0,20.001586855069643,2773,44,5,103,18.49599927663803,159.2639982700348
4,20260825T082827Z,flybrain,0.02,0.020001586855069642,20.0,20.001586855069643,2773,44,5,104,18.49599927663803,164.99200463294983
4,20260825T082827Z,flybrain,0.02,0.020001586855069642,20.0,20.001586855069643,2773,44,5,105,18.559999763965607,162.88000345230103
4,20260825T082827Z,flybrain,0.02,0.020001586855069642,20.0,20.001586855069643,2773,44,5,106,18.592000007629395,160.92799603939056
4,20260825T082827Z,flybrain,0.02,0.020001586855069642,20.0,20.001586855069643,2773,44,5,107,18.592000007629395,165.50399363040924
4,20260825T082827Z,flybrain,0.02,0.020001586855069642,20.0,20.001586855069643,2773,44,5,108,18.464000895619392,161.53599321842194
4,20260825T082827Z,flybrain,0.02,0.020001586855069642,20.0,20.001586855069643,2773,44,5,109,18.33599992096424,159.36000645160675
4,20260825T082827Z,flybrain,0.02,0.020001586855069642,20.0,20.001586855069643,2773,44,5,110,18.49599927663803,161.6320013999939
4,20260825T082827Z,flybrain,0.02,0.020001586855069642,20.0,20.001586855069643,2773,44,5,111,18.400000408291817,159.45599973201752
4,20260825T082827Z,flybrain,0.02,0.020001586855069642,20.0,20.001586855069643,2773,44,5,112,18.464000895619392,158.91200304031372
4,20260825T082827Z,flybrain,0.02,0.020001586855069642,20.0,20.001586855069643,2773,44,5,113,18.559999763965607,160.92799603939056
4,20260825T082827Z,flybrain,0.02,0.020001586855069642,20.0,20.001586855069643,2773,44,5,114,18.65600049495697,165.0560051202774
4,20260825T082827Z,flybrain,0.02,0.020001586855069642,20.0,20.001586855069643,2773,44,5,115,18.49599927663803,159.36000645160675
4,20260825T082827Z,flybrain,0.02,0.020001586855069642,20.0,20.001586855069643,2773,44,5,116,18.49599927663803,165.6000018119812
4,20260825T082827Z,flybrain,0.02,0.020001586855069642,20.0,20.001586855069643,2773,44,5,117,18.464000895619392,160.96000373363495
4,20260825T082827Z,flybrain,0.02,0.020001586855069642,20.0,20.001586855069643,2773,44,5,118,18.52799952030182,162.88000345230103
4,20260825T082827Z,flybrain,0.02,0.020001586855069642,20.0,20.001586855069643,2773,44,5,119,18.592000007629395,163.5199934244156
4,20260825T082827Z,flybrain,0.02,0.020001586855069642,20.0,20.001586855069643,2773,44,5,120,18.464000895619392,164.86400365829468
4,20260825T082827Z,flybrain,0.02,0.020001586855069642,20.0,20.001586855069643,2773,44,5,121,18.49599927663803,161.5999937057495
4,20260825T082827Z,flybrain,0.02,0.020001586855069642,20.0,20.001586855069643,2773,44,5,122,18.303999677300453,165.6000018119812
4,20260825T082827Z,flybrain,0.02,0.020001586855069642,20.0,20.001586855069643,2773,44,5,123,18.52799952030182,163.55200111865997
4,20260825T082827Z,flybrain,0.02,0.020001586855069642,20.0,20.001586855069643,2773,44,5,124,18.271999433636665,160.96000373363495
4,20260825T082827Z,flybrain,0.02,0.020001586855069642,20.0,20.001586855069643,2773,44,5,125,18.432000651955605,156.80000185966492
4,20260825T082827Z,flybrain,0.02,0.020001586855069642,20.0,20.001586855069643,2773,44,5,126,18.432000651955605,166.55999422073364
4,20260825T082827Z,flybrain,0.02,0.020001586855069642,20.0,20.001586855069643,2773,44,5,127,18.079999834299088,167.58400201797485
4,20260825T082827Z,flybrain,0.02,0.020001586855069642,20.0,20.001586855069643,2773,44,6,0,282.27201104164124,200.3519982099533
4,20260825T082827Z,flybrain,0.02,0.020001586855069642,20.0,20.001586855069643,2773,44,6,1,18.33599992096424,162.52799332141876
4,20260825T082827Z,flybrain,0.02,0.020001586855069642,20.0,20.001586855069643,2773,44,6,2,18.624000251293182,162.75200247764587
4,20260825T082827Z,flybrain,0.02,0.020001586855069642,20.0,20.001586855069643,2773,44,6,3,18.559999763965607,162.6559942960739
4,20260825T082827Z,flybrain,0.02,0.020001586855069642,20.0,20.001586855069643,2773,44,6,4,21.088000386953354,162.75200247764587
4,20260825T082827Z,flybrain,0.02,0.020001586855069642,20.0,20.001586855069643,2773,44,6,5,20.67199908196926,158.33599865436554
4,20260825T082827Z,flybrain,0.02,0.020001586855069642,20.0,20.001586855069643,2773,44,6,6,20.927999168634415,164.67200219631195
4,20260825T082827Z,flybrain,0.02,0.020001586855069642,20.0,20.001586855069643,2773,44,6,7,21.12000063061714,160.5439931154251
4,20260825T082827Z,flybrain,0.02,0.020001586855069642,20.0,20.001586855069643,2773,44,6,8,21.15200087428093,165.3759926557541
4,20260825T082827Z,flybrain,0.02,0.020001586855069642,20.0,20.001586855069643,2773,44,6,9,20.576000213623047,163.64799439907074
4,20260825T082827Z,flybrain,0.02,0.020001586855069642,20.0,20.001586855069643,2773,44,6,10,18.464000895619392,166.87999665737152
4,20260825T082827Z,flybrain,0.02,0.020001586855069642,20.0,20.001586855069643,2773,44,6,11,18.624000251293182,162.01600432395935
4,20260825T082827Z,flybrain,0.02,0.020001586855069642,20.0,20.001586855069643,2773,44,6,12,18.559999763965607,162.91199624538422
4,20260825T082827Z,flybrain,0.02,0.020001586855069642,20.0,20.001586855069643,2773,44,6,13,18.592000007629395,162.84799575805664
4,20260825T082827Z,flybrain,0.02,0.020001586855069642,20.0,20.001586855069643,2773,44,6,14,18.464000895619392,165.6000018119812
4,20260825T082827Z,flybrain,0.02,0.020001586855069642,20.0,20.001586855069643,2773,44,6,15,18.464000895619392,162.88000345230103
4,20260825T082827Z,flybrain,0.02,0.020001586855069642,20.0,20.001586855069643,2773,44,6,16,18.36800016462803,161.5999937057495
4,20260825T082827Z,flybrain,0.02,0.020001586855069642,20.0,20.001586855069643,2773,44,6,17,18.464000895619392,161.43999993801117
4,20260825T082827Z,flybrain,0.02,0.020001586855069642,20.0,20.001586855069643,2773,44,6,18,18.432000651955605,165.43999314308167
4,20260825T082827Z,flybrain,0.02,0.020001586855069642,20.0,20.001586855069643,2773,44,6,19,18.559999763965607,165.0560051202774
4,20260825T082827Z,flybrain,0.02,0.020001586855069642,20.0,20.001586855069643,2773,44,6,20,18.52799952030182,163.00800442695618
4,20260825T082827Z,flybrain,0.02,0.020001586855069642,20.0,20.001586855069643,2773,44,6,21,19.392000511288643,164.86400365829468
4,20260825T082827Z,flybrain,0.02,0.020001586855069642,20.0,20.001586855069643,2773,44,6,22,18.464000895619392,162.52799332141876
4,20260825T082827Z,flybrain,0.02,0.020001586855069642,20.0,20.001586855069643,2773,44,6,23,18.49599927663803,161.50400042533875
4,20260825T082827Z,flybrain,0.02,0.020001586855069642,20.0,20.001586855069643,2773,44,6,24,18.49599927663803,162.84799575805664
4,20260825T082827Z,flybrain,0.02,0.020001586855069642,20.0,20.001586855069643,2773,44,6,25,18.464000895619392,163.58399391174316
4,20260825T082827Z,flybrain,0.02,0.020001586855069642,20.0,20.001586855069643,2773,44,6,26,18.49599927663803,163.42400014400482
4,20260825T082827Z,flybrain,0.02,0.020001586855069642,20.0,20.001586855069643,2773,44,6,27,18.49599927663803,162.84799575805664
4,20260825T082827Z,flybrain,0.02,0.020001586855069642,20.0,20.001586855069643,2773,44,6,28,18.559999763965607,163.42400014400482
4,20260825T082827Z,flybrain,0.02,0.020001586855069642,20.0,20.001586855069643,2773,44,6,29,18.49599927663803,161.56800091266632
4,20260825T082827Z,flybrain,0.02,0.020001586855069642,20.0,20.001586855069643,2773,44,6,30,18.52799952030182,159.2320054769516
4,20260825T082827Z,flybrain,0.02,0.020001586855069642,20.0,20.001586855069643,2773,44,6,31,18.52799952030182,163.61600160598755
4,20260825T082827Z,flybrain,0.02,0.020001586855069642,20.0,20.001586855069643,2773,44,6,32,18.49599927663803,159.4880074262619
4,20260825T082827Z,flybrain,0.02,0.020001586855069642,20.0,20.001586855069643,2773,44,6,33,18.49599927663803,161.56800091266632
4,20260825T082827Z,flybrain,0.02,0.020001586855069642,20.0,20.001586855069643,2773,44,6,34,18.464000895619392,164.57599401474
4,20260825T082827Z,flybrain,0.02,0.020001586855069642,20.0,20.001586855069643,2773,44,6,35,18.400000408291817,160.96000373363495
4,20260825T082827Z,flybrain,0.02,0.020001586855069642,20.0,20.001586855069643,2773,44,6,36,18.464000895619392,167.10400581359863
4,20260825T082827Z,flybrain,0.02,0.020001586855069642,20.0,20.001586855069643,2773,44,6,37,18.592000007629395,159.61599349975586
4,20260825T082827Z,flybrain,0.02,0.020001586855069642,20.0,20.001586855069643,2773,44,6,38,18.400000408291817,163.4880006313324
4,20260825T082827Z,flybrain,0.02,0.020001586855069642,20.0,20.001586855069643,2773,44,6,39,18.432000651955605,158.91200304031372
4,20260825T082827Z,flybrain,0.02,0.020001586855069642,20.0,20.001586855069643,2773,44,6,40,18.432000651955605,165.69599509239197
4,20260825T082827Z,flybrain,0.02,0.020001586855069642,20.0,20.001586855069643,2773,44,6,41,18.432000651955605,163.455992937088
4,20260825T082827Z,flybrain,0.02,0.020001586855069642,20.0,20.001586855069643,2773,44,6,42,18.432000651955605,162.91199624538422
4,20260825T082827Z,flybrain,0.02,0.020001586855069642,20.0,20.001586855069643,2773,44,6,43,18.49599927663803,163.00800442695618
4,20260825T082827Z,flybrain,0.02,0.020001586855069642,20.0,20.001586855069643,2773,44,6,44,18.559999763965607,163.00800442695618
4,20260825T082827Z,flybrain,0.02,0.020001586855069642,20.0,20.001586855069643,2773,44,6,45,18.592000007629395,167.87199676036835
4,20260825T082827Z,flybrain,0.02,0.020001586855069642,20.0,20.001586855069643,2773,44,6,46,20.38400061428547,162.91199624538422
4,20260825T082827Z,flybrain,0.02,0.020001586855069642,20.0,20.001586855069643,2773,44,6,47,18.464000895619392,163.80800306797028
4,20260825T082827Z,flybrain,0.02,0.020001586855069642,20.0,20.001586855069643,2773,44,6,48,20.35200037062168,160.96000373363495
4,20260825T082827Z,flybrain,0.02,0.020001586855069642,20.0,20.001586855069643,2773,44,6,49,18.432000651955605,163.61600160598755
4,20260825T082827Z,flybrain,0.02,0.020001586855069642,20.0,20.001586855069643,2773,44,6,50,18.464000895619392,160.89600324630737
4,20260825T082827Z,flybrain,0.02,0.020001586855069642,20.0,20.001586855069643,2773,44,6,51,19.487999379634857,165.53600132465363
4,20260825T082827Z,flybrain,0.02,0.020001586855069642,20.0,20.001586855069643,2773,44,6,52,18.400000408291817,165.0560051202774
4,20260825T082827Z,flybrain,0.02,0.020001586855069642,20.0,20.001586855069643,2773,44,6,53,18.432000651955605,165.0560051202774
4,20260825T082827Z,flybrain,0.02,0.020001586855069642,20.0,20.001586855069643,2773,44,6,54,18.432000651955605,160.863995552063
4,20260825T082827Z,flybrain,0.02,0.020001586855069642,20.0,20.001586855069643,2773,44,6,55,18.49599927663803,167.10400581359863
4,20260825T082827Z,flybrain,0.02,0.020001586855069642,20.0,20.001586855069643,2773,44,6,56,18.52799952030182,160.8320027589798
4,20260825T082827Z,flybrain,0.02,0.020001586855069642,20.0,20.001586855069643,2773,44,6,57,18.52799952030182,160.89600324630737
4,20260825T082827Z,flybrain,0.02,0.020001586855069642,20.0,20.001586855069643,2773,44,6,58,19.519999623298645,161.50400042533875
4,20260825T082827Z,flybrain,0.02,0.020001586855069642,20.0,20.001586855069643,2773,44,6,59,18.49599927663803,159.32799875736237
4,20260825T082827Z,flybrain,0.02,0.020001586855069642,20.0,20.001586855069643,2773,44,6,60,18.49599927663803,160.96000373363495
4,20260825T082827Z,flybrain,0.02,0.020001586855069642,20.0,20.001586855069643,2773,44,6,61,18.559999763965607,160.96000373363495
4,20260825T082827Z,flybrain,0.02,0.020001586855069642,20.0,20.001586855069643,2773,44,6,62,18.624000251293182,165.47200083732605
4,20260825T082827Z,flybrain,0.02,0.020001586855069642,20.0,20.001586855069643,2773,44,6,63,18.52799952030182,160.96000373363495
4,20260825T082827Z,flybrain,0.02,0.020001586855069642,20.0,20.001586855069643,2773,44,6,64,18.559999763965607,165.0560051202774
4,20260825T082827Z,flybrain,0.02,0.020001586855069642,20.0,20.001586855069643,2773,44,6,65,18.432000651955605,161.6639941930771
4,20260825T082827Z,flybrain,0.02,0.020001586855069642,20.0,20.001586855069643,2773,44,6,66,18.36800016462803,160.7999950647354
4,20260825T082827Z,flybrain,0.02,0.020001586855069642,20.0,20.001586855069643,2773,44,6,67,18.592000007629395,165.0879979133606
4,20260825T082827Z,flybrain,0.02,0.020001586855069642,20.0,20.001586855069643,2773,44,6,68,18.432000651955605,161.95200383663177
4,20260825T082827Z,flybrain,0.02,0.020001586855069642,20.0,20.001586855069643,2773,44,6,69,18.624000251293182,160.96000373363495
4,20260825T082827Z,flybrain,0.02,0.020001586855069642,20.0,20.001586855069643,2773,44,6,70,18.592000007629395,161.50400042533875
4,20260825T082827Z,flybrain,0.02,0.020001586855069642,20.0,20.001586855069643,2773,44,6,71,18.49599927663803,162.91199624538422
4,20260825T082827Z,flybrain,0.02,0.020001586855069642,20.0,20.001586855069643,2773,44,6,72,20.576000213623047,163.00800442695618
4,20260825T082827Z,flybrain,0.02,0.020001586855069642,20.0,20.001586855069643,2773,44,6,73,18.624000251293182,169.15200650691986
4,20260825T082827Z,flybrain,0.02,0.020001586855069642,20.0,20.001586855069643,2773,44,6,74,18.624000251293182,165.47200083732605
4,20260825T082827Z,flybrain,0.02,0.020001586855069642,20.0,20.001586855069643,2773,44,6,75,18.464000895619392,158.9439958333969
4,20260825T082827Z,flybrain,0.02,0.020001586855069642,20.0,20.001586855069643,2773,44,6,76,20.608000457286835,161.3440066576004
4,20260825T082827Z,flybrain,0.02,0.020001586855069642,20.0,20.001586855069643,2773,44,6,77,18.52799952030182,163.61600160598755
4,20260825T082827Z,flybrain,0.02,0.020001586855069642,20.0,20.001586855069643,2773,44,6,78,18.49599927663803,162.78399527072906
4,20260825T082827Z,flybrain,0.02,0.020001586855069642,20.0,20.001586855069643,2773,44,6,79,19.168000668287277,160.8320027589798
4,20260825T082827Z,flybrain,0.02,0.020001586855069642,20.0,20.001586855069643,2773,44,6,80,18.400000408291817,165.56799411773682
4,20260825T082827Z,flybrain,0.02,0.020001586855069642,20.0,20.001586855069643,2773,44,6,81,18.49599927663803,163.58399391174316
4,20260825T082827Z,flybrain,0.02,0.020001586855069642,20.0,20.001586855069643,2773,44,6,82,18.49599927663803,159.39199924468994
4,20260825T082827Z,flybrain,0.02,0.020001586855069642,20.0,20.001586855069643,2773,44,6,83,18.52799952030182,162.9759967327118
4,20260825T082827Z,flybrain,0.02,0.020001586855069642,20.0,20.001586855069643,2773,44,6,84,18.464000895619392,164.86400365829468
4,20260825T082827Z,flybrain,0.02,0.020001586855069642,20.0,20.001586855069643,2773,44,6,85,18.592000007629395,156.8319946527481
4,20260825T082827Z,flybrain,0.02,0.020001586855069642,20.0,20.001586855069643,2773,44,6,86,18.624000251293182,167.00799763202667
4,20260825T082827Z,flybrain,0.02,0.020001586855069642,20.0,20.001586855069643,2773,44,6,87,18.464000895619392,158.91200304031372
4,20260825T082827Z,flybrain,0.02,0.020001586855069642,20.0,20.001586855069643,2773,44,6,88,18.49599927663803,161.47199273109436
4,20260825T082827Z,flybrain,0.02,0.020001586855069642,20.0,20.001586855069643,2773,44,6,89,18.432000651955605,160.96000373363495
4,20260825T082827Z,flybrain,0.02,0.020001586855069642,20.0,20.001586855069643,2773,44,6,90,18.624000251293182,162.91199624538422
4,20260825T082827Z,flybrain,0.02,0.020001586855069642,20.0,20.001586855069643,2773,44,6,91,18.52799952030182,163.55200111865997
4,20260825T082827Z,flybrain,0.02,0.020001586855069642,20.0,20.001586855069643,2773,44,6,92,18.52799952030182,160.8320027589798
4,20260825T082827Z,flybrain,0.02,0.020001586855069642,20.0,20.001586855069643,2773,44,6,93,18.624000251293182,165.0560051202774
4,20260825T082827Z,flybrain,0.02,0.020001586855069642,20.0,20.001586855069643,2773,44,6,94,18.65600049495697,160.863995552063
4,20260825T082827Z,flybrain,0.02,0.020001586855069642,20.0,20.001586855069643,2773,44,6,95,18.464000895619392,169.18399930000305
4,20260825T082827Z,flybrain,0.02,0.020001586855069642,20.0,20.001586855069643,2773,44,6,96,18.52799952030182,161.50400042533875
4,20260825T082827Z,flybrain,0.02,0.020001586855069642,20.0,20.001586855069643,2773,44,6,97,18.49599927663803,163.58399391174316
4,20260825T082827Z,flybrain,0.02,0.020001586855069642,20.0,20.001586855069643,2773,44,6,98,18.49599927663803,158.52800011634827
4,20260825T082827Z,flybrain,0.02,0.020001586855069642,20.0,20.001586855069643,2773,44,6,99,18.52799952030182,160.96000373363495
4,20260825T082827Z,flybrain,0.02,0.020001586855069642,20.0,20.001586855069643,2773,44,6,100,18.400000408291817,159.36000645160675
4,20260825T082827Z,flybrain,0.02,0.020001586855069642,20.0,20.001586855069643,2773,44,6,101,18.432000651955605,162.9759967327118
4,20260825T082827Z,flybrain,0.02,0.020001586855069642,20.0,20.001586855069643,2773,44,6,102,18.52799952030182,162.9440039396286
4,20260825T082827Z,flybrain,0.02,0.020001586855069642,20.0,20.001586855069643,2773,44,6,103,18.49599927663803,160.51200032234192
4,20260825T082827Z,flybrain,0.02,0.020001586855069642,20.0,20.001586855069643,2773,44,6,104,18.52799952030182,165.0879979133606
4,20260825T082827Z,flybrain,0.02,0.020001586855069642,20.0,20.001586855069643,2773,44,6,105,18.559999763965607,162.9440039396286
4,20260825T082827Z,flybrain,0.02,0.020001586855069642,20.0,20.001586855069643,2773,44,6,106,18.624000251293182,160.863995552063
4,20260825T082827Z,flybrain,0.02,0.020001586855069642,20.0,20.001586855069643,2773,44,6,107,18.49599927663803,164.89599645137787
4,20260825T082827Z,flybrain,0.02,0.020001586855069642,20.0,20.001586855069643,2773,44,6,108,18.464000895619392,161.47199273109436
4,20260825T082827Z,flybrain,0.02,0.020001586855069642,20.0,20.001586855069643,2773,44,6,109,18.52799952030182,159.42400693893433
4,20260825T082827Z,flybrain,0.02,0.020001586855069642,20.0,20.001586855069643,2773,44,6,110,18.33599992096424,162.81600296497345
4,20260825T082827Z,flybrain,0.02,0.020001586855069642,20.0,20.001586855069643,2773,44,6,111,18.624000251293182,158.75199437141418
4,20260825T082827Z,flybrain,0.02,0.020001586855069642,20.0,20.001586855069643,2773,44,6,112,18.464000895619392,159.42400693893433
4,20260825T082827Z,flybrain,0.02,0.020001586855069642,20.0,20.001586855069643,2773,44,6,113,18.49599927663803,161.76000237464905
4,20260825T082827Z,flybrain,0.02,0.020001586855069642,20.0,20.001586855069643,2773,44,6,114,19.29599978029728,166.46400094032288
4,20260825T082827Z,flybrain,0.02,0.020001586855069642,20.0,20.001586855069643,2773,44,6,115,18.400000408291817,161.50400042533875
4,20260825T082827Z,flybrain,0.02,0.020001586855069642,20.0,20.001586855069643,2773,44,6,116,18.49599927663803,167.07199811935425
4,20260825T082827Z,flybrain,0.02,0.020001586855069642,20.0,20.001586855069643,2773,44,6,117,18.592000007629395,160.96000373363495
4,20260825T082827Z,flybrain,0.02,0.020001586855069642,20.0,20.001586855069643,2773,44,6,118,18.624000251293182,163.58399391174316
4,20260825T082827Z,flybrain,0.02,0.020001586855069642,20.0,20.001586855069643,2773,44,6,119,18.464000895619392,163.58399391174316
4,20260825T082827Z,flybrain,0.02,0.020001586855069642,20.0,20.001586855069643,2773,44,6,120,18.464000895619392,165.53600132465363
4,20260825T082827Z,flybrain,0.02,0.020001586855069642,20.0,20.001586855069643,2773,44,6,121,18.49599927663803,161.56800091266632
4,20260825T082827Z,flybrain,0.02,0.020001586855069642,20.0,20.001586855069643,2773,44,6,122,18.49599927663803,164.73600268363953
4,20260825T082827Z,flybrain,0.02,0.020001586855069642,20.0,20.001586855069643,2773,44,6,123,19.1040001809597,162.7199947834015
4,20260825T082827Z,flybrain,0.02,0.020001586855069642,20.0,20.001586855069643,2773,44,6,124,18.94400082528591,161.02400422096252
4,20260825T082827Z,flybrain,0.02,0.020001586855069642,20.0,20.001586855069643,2773,44,6,125,18.97599920630455,158.4639996290207
4,20260825T082827Z,flybrain,0.02,0.020001586855069642,20.0,20.001586855069643,2773,44,6,126,18.49599927663803,166.55999422073364
4,20260825T082827Z,flybrain,0.02,0.020001586855069642,20.0,20.001586855069643,2773,44,6,127,18.079999834299088,167.58400201797485
4,20260825T082827Z,flybrain,0.02,0.020001586855069642,20.0,20.001586855069643,2773,44,7,0,286.1120104789734,197.4399983882904
4,20260825T082827Z,flybrain,0.02,0.020001586855069642,20.0,20.001586855069643,2773,44,7,1,18.432000651955605,162.78399527072906
4,20260825T082827Z,flybrain,0.02,0.020001586855069642,20.0,20.001586855069643,2773,44,7,2,18.400000408291817,164.67200219631195
4,20260825T082827Z,flybrain,0.02,0.020001586855069642,20.0,20.001586855069643,2773,44,7,3,18.559999763965607,160.60799360275269
4,20260825T082827Z,flybrain,0.02,0.020001586855069642,20.0,20.001586855069643,2773,44,7,4,18.464000895619392,162.6880019903183
4,20260825T082827Z,flybrain,0.02,0.020001586855069642,20.0,20.001586855069643,2773,44,7,5,18.52799952030182,158.720001578331
4,20260825T082827Z,flybrain,0.02,0.020001586855069642,20.0,20.001586855069643,2773,44,7,6,18.464000895619392,165.0560051202774
4,20260825T082827Z,flybrain,0.02,0.020001586855069642,20.0,20.001586855069643,2773,44,7,7,18.52799952030182,160.5760008096695
4,20260825T082827Z,flybrain,0.02,0.020001586855069642,20.0,20.001586855069643,2773,44,7,8,19.007999449968338,164.89599645137787
4,20260825T082827Z,flybrain,0.02,0.020001586855069642,20.0,20.001586855069643,2773,44,7,9,18.239999189972878,162.6559942960739
4,20260825T082827Z,flybrain,0.02,0.020001586855069642,20.0,20.001586855069643,2773,44,7,10,18.592000007629395,166.9120043516159
4,20260825T082827Z,flybrain,0.02,0.020001586855069642,20.0,20.001586855069643,2773,44,7,11,18.49599927663803,161.47199273109436
4,20260825T082827Z,flybrain,0.02,0.020001586855069642,20.0,20.001586855069643,2773,44,7,12,18.49599927663803,163.00800442695618
4,20260825T082827Z,flybrain,0.02,0.020001586855069642,20.0,20.001586855069643,2773,44,7,13,18.624000251293182,162.91199624538422
4,20260825T082827Z,flybrain,0.02,0.020001586855069642,20.0,20.001586855069643,2773,44,7,14,18.49599927663803,165.53600132465363
4,20260825T082827Z,flybrain,0.02,0.020001586855069642,20.0,20.001586855069643,2773,44,7,15,18.49599927663803,162.88000345230103
4,20260825T082827Z,flybrain,0.02,0.020001586855069642,20.0,20.001586855069643,2773,44,7,16,18.49599927663803,160.92799603939056
4,20260825T082827Z,flybrain,0.02,0.020001586855069642,20.0,20.001586855069643,2773,44,7,17,18.464000895619392,161.56800091266632
4,20260825T082827Z,flybrain,0.02,0.020001586855069642,20.0,20.001586855069643,2773,44,7,18,18.36800016462803,164.95999693870544
4,20260825T082827Z,flybrain,0.02,0.020001586855069642,20.0,20.001586855069643,2773,44,7,19,18.464000895619392,165.53600132465363
4,20260825T082827Z,flybrain,0.02,0.020001586855069642,20.0,20.001586855069643,2773,44,7,20,18.49599927663803,162.81600296497345
4,20260825T082827Z,flybrain,0.02,0.020001586855069642,20.0,20.001586855069643,2773,44,7,21,18.624000251293182,164.99200463294983
4,20260825T082827Z,flybrain,0.02,0.020001586855069642,20.0,20.001586855069643,2773,44,7,22,20.640000700950623,160.7999950647354
4,20260825T082827Z,flybrain,0.02,0.020001586855069642,20.0,20.001586855069643,2773,44,7,23,18.559999763965607,163.00800442695618
4,20260825T082827Z,flybrain,0.02,0.020001586855069642,20.0,20.001586855069643,2773,44,7,24,18.49599927663803,162.84799575805664
4,20260825T082827Z,flybrain,0.02,0.020001586855069642,20.0,20.001586855069643,2773,44,7,25,18.464000895619392,163.55200111865997
4,20260825T082827Z,flybrain,0.02,0.020001586855069642,20.0,20.001586855069643,2773,44,7,26,18.464000895619392,162.9759967327118
4,20260825T082827Z,flybrain,0.02,0.020001586855069642,20.0,20.001586855069643,2773,44,7,27,18.592000007629395,163.55200111865997
4,20260825T082827Z,flybrain,0.02,0.020001586855069642,20.0,20.001586855069643,2773,44,7,28,18.52799952030182,162.91199624538422
4,20260825T082827Z,flybrain,0.02,0.020001586855069642,20.0,20.001586855069643,2773,44,7,29,18.592000007629395,161.43999993801117
4,20260825T082827Z,flybrain,0.02,0.020001586855069642,20.0,20.001586855069643,2773,44,7,30,18.49599927663803,161.3759994506836
4,20260825T082827Z,flybrain,0.02,0.020001586855069642,20.0,20.001586855069643,2773,44,7,31,20.54399996995926,161.3759994506836
4,20260825T082827Z,flybrain,0.02,0.020001586855069642,20.0,20.001586855069643,2773,44,7,32,18.52799952030182,159.4880074262619
4,20260825T082827Z,flybrain,0.02,0.020001586855069642,20.0,20.001586855069643,2773,44,7,33,18.49599927663803,162.91199624538422
4,20260825T082827Z,flybrain,0.02,0.020001586855069642,20.0,20.001586855069643,2773,44,7,34,18.97599920630455,163.93600404262543
4,20260825T082827Z,flybrain,0.02,0.020001586855069642,20.0,20.001586855069643,2773,44,7,35,18.52799952030182,160.99199652671814
4,20260825T082827Z,flybrain,0.02,0.020001586855069642,20.0,20.001586855069643,2773,44,7,36,18.432000651955605,167.07199811935425
4,20260825T082827Z,flybrain,0.02,0.020001586855069642,20.0,20.001586855069643,2773,44,7,37,18.559999763965607,161.40800714492798
4,20260825T082827Z,flybrain,0.02,0.020001586855069642,20.0,20.001586855069643,2773,44,7,38,18.52799952030182,162.9759967327118
4,20260825T082827Z,flybrain,0.02,0.020001586855069642,20.0,20.001586855069643,2773,44,7,39,18.52799952030182,158.9439958333969
4,20260825T082827Z,flybrain,0.02,0.020001586855069642,20.0,20.001586855069643,2773,44,7,40,18.49599927663803,165.6319946050644
4,20260825T082827Z,flybrain,0.02,0.020001586855069642,20.0,20.001586855069643,2773,44,7,41,18.464000895619392,162.81600296497345
4,20260825T082827Z,flybrain,0.02,0.020001586855069642,20.0,20.001586855069643,2773,44,7,42,18.592000007629395,162.9440039396286
4,20260825T082827Z,flybrain,0.02,0.020001586855069642,20.0,20.001586855069643,2773,44,7,43,18.432000651955605,163.00800442695618
4,20260825T082827Z,flybrain,0.02,0.020001586855069642,20.0,20.001586855069643,2773,44,7,44,18.52799952030182,160.96000373363495
4,20260825T082827Z,flybrain,0.02,0.020001586855069642,20.0,20.001586855069643,2773,44,7,45,18.592000007629395,167.52000153064728
4,20260825T082827Z,flybrain,0.02,0.020001586855069642,20.0,20.001586855069643,2773,44,7,46,18.49599927663803,165.02399742603302
4,20260825T082827Z,flybrain,0.02,0.020001586855069642,20.0,20.001586855069643,2773,44,7,47,18.49599927663803,163.00800442695618
4,20260825T082827Z,flybrain,0.02,0.020001586855069642,20.0,20.001586855069643,2773,44,7,48,18.559999763965607,162.9759967327118
4,20260825T082827Z,flybrain,0.02,0.020001586855069642,20.0,20.001586855069643,2773,44,7,49,18.592000007629395,163.64799439907074
4,20260825T082827Z,flybrain,0.02,0.020001586855069642,20.0,20.001586855069643,2773,44,7,50,18.303999677300453,160.8320027589798
4,20260825T082827Z,flybrain,0.02,0.020001586855069642,20.0,20.001586855069643,2773,44,7,51,18.559999763965607,165.66400229930878
4,20260825T082827Z,flybrain,0.02,0.020001586855069642,20.0,20.001586855069643,2773,44,7,52,18.49599927663803,165.6319946050644
4,20260825T082827Z,flybrain,0.02,0.020001586855069642,20.0,20.001586855069643,2773,44,7,53,18.49599927663803,162.9759967327118
4,20260825T082827Z,flybrain,0.02,0.020001586855069642,20.0,20.001586855069643,2773,44,7,54,18.592000007629395,162.91199624538422
4,20260825T082827Z,flybrain,0.02,0.020001586855069642,20.0,20.001586855069643,2773,44,7,55,18.52799952030182,167.64800250530243
4,20260825T082827Z,flybrain,0.02,0.020001586855069642,20.0,20.001586855069643,2773,44,7,56,18.464000895619392,161.43999993801117
4,20260825T082827Z,flybrain,0.02,0.020001586855069642,20.0,20.001586855069643,2773,44,7,57,18.464000895619392,159.743994474411
4,20260825T082827Z,flybrain,0.02,0.020001586855069642,20.0,20.001586855069643,2773,44,7,58,18.624000251293182,160.92799603939056
4,20260825T082827Z,flybrain,0.02,0.020001586855069642,20.0,20.001586855069643,2773,44,7,59,18.432000651955605,158.91200304031372
4,20260825T082827Z,flybrain,0.02,0.020001586855069642,20.0,20.001586855069643,2773,44,7,60,18.52799952030182,160.8320027589798
4,20260825T082827Z,flybrain,0.02,0.020001586855069642,20.0,20.001586855069643,2773,44,7,61,18.49599927663803,160.76800227165222
4,20260825T082827Z,flybrain,0.02,0.020001586855069642,20.0,20.001586855069643,2773,44,7,62,18.559999763965607,166.97600483894348
4,20260825T082827Z,flybrain,0.02,0.020001586855069642,20.0,20.001586855069643,2773,44,7,63,18.49599927663803,162.88000345230103
4,20260825T082827Z,flybrain,0.02,0.020001586855069642,20.0,20.001586855069643,2773,44,7,64,18.464000895619392,165.6319946050644
4,20260825T082827Z,flybrain,0.02,0.020001586855069642,20.0,20.001586855069643,2773,44,7,65,18.49599927663803,160.863995552063
4,20260825T082827Z,flybrain,0.02,0.020001586855069642,20.0,20.001586855069643,2773,44,7,66,18.592000007629395,158.84800255298615
4,20260825T082827Z,flybrain,0.02,0.020001586855069642,20.0,20.001586855069643,2773,44,7,67,18.432000651955605,165.6000018119812
4,20260825T082827Z,flybrain,0.02,0.020001586855069642,20.0,20.001586855069643,2773,44,7,68,18.559999763965607,163.55200111865997
4,20260825T082827Z,flybrain,0.02,0.020001586855069642,20.0,20.001586855069643,2773,44,7,69,18.52799952030182,161.47199273109436
4,20260825T082827Z,flybrain,0.02,0.020001586855069642,20.0,20.001586855069643,2773,44,7,70,18.49599927663803,161.53599321842194
4,20260825T082827Z,flybrain,0.02,0.020001586855069642,20.0,20.001586855069643,2773,44,7,71,18.36800016462803,163.00800442695618
4,20260825T082827Z,flybrain,0.02,0.020001586855069642,20.0,20.001586855069643,2773,44,7,72,18.559999763965607,162.81600296497345
4,20260825T082827Z,flybrain,0.02,0.020001586855069642,20.0,20.001586855069643,2773,44,7,73,18.624000251293182,169.5680022239685
4,20260825T082827Z,flybrain,0.02,0.020001586855069642,20.0,20.001586855069643,2773,44,7,74,18.400000408291817,165.56799411773682
4,20260825T082827Z,flybrain,0.02,0.020001586855069642,20.0,20.001586855069643,2773,44,7,75,18.464000895619392,158.91200304031372
4,20260825T082827Z,flybrain,0.02,0.020001586855069642,20.0,20.001586855069643,2773,44,7,76,18.592000007629395,161.56800091266632
4,20260825T082827Z,flybrain,0.02,0.020001586855069642,20.0,20.001586855069643,2773,44,7,77,18.49599927663803,162.91199624538422
4,20260825T082827Z,flybrain,0.02,0.020001586855069642,20.0,20.001586855069643,2773,44,7,78,18.624000251293182,162.88000345230103
4,20260825T082827Z,flybrain,0.02,0.020001586855069642,20.0,20.001586855069643,2773,44,7,79,19.360000267624855,163.4880006313324
4,20260825T082827Z,flybrain,0.02,0.020001586855069642,20.0,20.001586855069643,2773,44,7,80,18.49599927663803,165.0879979133606
4,20260825T082827Z,flybrain,0.02,0.020001586855069642,20.0,20.001586855069643,2773,44,7,81,18.592000007629395,163.64799439907074
4,20260825T082827Z,flybrain,0.02,0.020001586855069642,20.0,20.001586855069643,2773,44,7,82,18.400000408291817,159.42400693893433
4,20260825T082827Z,flybrain,0.02,0.020001586855069642,20.0,20.001586855069643,2773,44,7,83,18.400000408291817,160.92799603939056
4,20260825T082827Z,flybrain,0.02,0.020001586855069642,20.0,20.001586855069643,2773,44,7,84,18.49599927663803,165.75999557971954
4,20260825T082827Z,flybrain,0.02,0.020001586855069642,20.0,20.001586855069643,2773,44,7,85,18.36800016462803,159.2639982700348
4,20260825T082827Z,flybrain,0.02,0.020001586855069642,20.0,20.001586855069643,2773,44,7,86,18.49599927663803,165.6000018119812
4,20260825T082827Z,flybrain,0.02,0.020001586855069642,20.0,20.001586855069643,2773,44,7,87,18.36800016462803,160.99199652671814
4,20260825T082827Z,flybrain,0.02,0.020001586855069642,20.0,20.001586855069643,2773,44,7,88,18.49599927663803,159.55199301242828
4,20260825T082827Z,flybrain,0.02,0.020001586855069642,20.0,20.001586855069643,2773,44,7,89,18.432000651955605,160.8320027589798
4,20260825T082827Z,flybrain,0.02,0.020001586855069642,20.0,20.001586855069643,2773,44,7,90,18.592000007629395,162.9759967327118
4,20260825T082827Z,flybrain,0.02,0.020001586855069642,20.0,20.001586855069643,2773,44,7,91,18.559999763965607,163.61600160598755
4,20260825T082827Z,flybrain,0.02,0.020001586855069642,20.0,20.001586855069643,2773,44,7,92,18.49599927663803,161.5999937057495
4,20260825T082827Z,flybrain,0.02,0.020001586855069642,20.0,20.001586855069643,2773,44,7,93,18.49599927663803,166.9120043516159
4,20260825T082827Z,flybrain,0.02,0.020001586855069642,20.0,20.001586855069643,2773,44,7,94,18.49599927663803,160.7999950647354
4,20260825T082827Z,flybrain,0.02,0.020001586855069642,20.0,20.001586855069643,2773,44,7,95,18.52799952030182,169.18399930000305
4,20260825T082827Z,flybrain,0.02,0.020001586855069642,20.0,20.001586855069643,2773,44,7,96,18.464000895619392,160.96000373363495
4,20260825T082827Z,flybrain,0.02,0.020001586855069642,20.0,20.001586855069643,2773,44,7,97,18.52799952030182,163.4880006313324
4,20260825T082827Z,flybrain,0.02,0.020001586855069642,20.0,20.001586855069643,2773,44,7,98,20.54399996995926,159.45599973201752
4,20260825T082827Z,flybrain,0.02,0.020001586855069642,20.0,20.001586855069643,2773,44,7,99,18.49599927663803,159.5200002193451
4,20260825T082827Z,flybrain,0.02,0.020001586855069642,20.0,20.001586855069643,2773,44,7,100,19.168000668287277,159.29600596427917
4,20260825T082827Z,flybrain,0.02,0.020001586855069642,20.0,20.001586855069643,2773,44,7,101,18.49599927663803,171.7119961977005
4,20260825T082827Z,flybrain,0.02,0.020001586855069642,20.0,20.001586855069643,2773,44,7,102,31.615998595952988,181.34400248527527
4,20260825T082827Z,flybrain,0.02,0.020001586855069642,20.0,20.001586855069643,2773,44,7,103,30.751999467611313,174.72000420093536
4,20260825T082827Z,flybrain,0.02,0.020001586855069642,20.0,20.001586855069643,2773,44,7,104,47.93599992990494,182.97599256038666
4,20260825T082827Z,flybrain,0.02,0.020001586855069642,20.0,20.001586855069643,2773,44,7,105,31.456001102924347,167.1999990940094
4,20260825T082827Z,flybrain,0.02,0.020001586855069642,20.0,20.001586855069643,2773,44,7,106,18.624000251293182,162.88000345230103
4,20260825T082827Z,flybrain,0.02,0.020001586855069642,20.0,20.001586855069643,2773,44,7,107,18.239999189972878,165.0560051202774
4,20260825T082827Z,flybrain,0.02,0.020001586855069642,20.0,20.001586855069643,2773,44,7,108,18.464000895619392,160.92799603939056
4,20260825T082827Z,flybrain,0.02,0.020001586855069642,20.0,20.001586855069643,2773,44,7,109,18.624000251293182,158.81599485874176
4,20260825T082827Z,flybrain,0.02,0.020001586855069642,20.0,20.001586855069643,2773,44,7,110,18.65600049495697,163.5199934244156
4,20260825T082827Z,flybrain,0.02,0.020001586855069642,20.0,20.001586855069643,2773,44,7,111,18.400000408291817,159.39199924468994
4,20260825T082827Z,flybrain,0.02,0.020001586855069642,20.0,20.001586855069643,2773,44,7,112,18.49599927663803,159.5200002193451
4,20260825T082827Z,flybrain,0.02,0.020001586855069642,20.0,20.001586855069643,2773,44,7,113,18.49599927663803,162.84799575805664
4,20260825T082827Z,flybrain,0.02,0.020001586855069642,20.0,20.001586855069643,2773,44,7,114,18.592000007629395,167.61599481105804
4,20260825T082827Z,flybrain,0.02,0.020001586855069642,20.0,20.001586855069643,2773,44,7,115,18.464000895619392,160.863995552063
4,20260825T082827Z,flybrain,0.02,0.020001586855069642,20.0,20.001586855069643,2773,44,7,116,18.592000007629395,164.99200463294983
4,20260825T082827Z,flybrain,0.02,0.020001586855069642,20.0,20.001586855069643,2773,44,7,117,18.49599927663803,161.43999993801117
4,20260825T082827Z,flybrain,0.02,0.020001586855069642,20.0,20.001586855069643,2773,44,7,118,18.36800016462803,162.75200247764587
4,20260825T082827Z,flybrain,0.02,0.020001586855069642,20.0,20.001586855069643,2773,44,7,119,18.559999763965607,163.5199934244156
4,20260825T082827Z,flybrain,0.02,0.020001586855069642,20.0,20.001586855069643,2773,44,7,120,18.400000408291817,165.6319946050644
4,20260825T082827Z,flybrain,0.02,0.020001586855069642,20.0,20.001586855069643,2773,44,7,121,17.472000792622566,160.863995552063
4,20260825T082827Z,flybrain,0.02,0.020001586855069642,20.0,20.001586855069643,2773,44,7,122,18.49599927663803,165.43999314308167
4,20260825T082827Z,flybrain,0.02,0.020001586855069642,20.0,20.001586855069643,2773,44,7,123,18.400000408291817,163.58399391174316
4,20260825T082827Z,flybrain,0.02,0.020001586855069642,20.0,20.001586855069643,2773,44,7,124,18.49599927663803,161.53599321842194
4,20260825T082827Z,flybrain,0.02,0.020001586855069642,20.0,20.001586855069643,2773,44,7,125,18.49599927663803,157.3439985513687
4,20260825T082827Z,flybrain,0.02,0.020001586855069642,20.0,20.001586855069643,2773,44,7,126,18.49599927663803,167.58400201797485
4,20260825T082827Z,flybrain,0.02,0.020001586855069642,20.0,20.001586855069643,2773,44,7,127,18.079999834299088,167.55199432373047
4,20260825T082827Z,flybrain,0.02,0.020001586855069642,20.0,20.001586855069643,2773,44,8,0,270.84800601005554,196.22400403022766
4,20260825T082827Z,flybrain,0.02,0.020001586855069642,20.0,20.001586855069643,2773,44,8,1,19.74399946630001,160.73599457740784
4,20260825T082827Z,flybrain,0.02,0.020001586855069642,20.0,20.001586855069643,2773,44,8,2,18.52799952030182,162.78399527072906
4,20260825T082827Z,flybrain,0.02,0.020001586855069642,20.0,20.001586855069643,2773,44,8,3,18.464000895619392,160.44799983501434
4,20260825T082827Z,flybrain,0.02,0.020001586855069642,20.0,20.001586855069643,2773,44,8,4,18.464000895619392,162.6559942960739
4,20260825T082827Z,flybrain,0.02,0.020001586855069642,20.0,20.001586855069643,2773,44,8,5,18.52799952030182,158.49600732326508
4,20260825T082827Z,flybrain,0.02,0.020001586855069642,20.0,20.001586855069643,2773,44,8,6,19.74399946630001,166.59200191497803
4,20260825T082827Z,flybrain,0.02,0.020001586855069642,20.0,20.001586855069643,2773,44,8,7,17.72800087928772,162.6880019903183
4,20260825T082827Z,flybrain,0.02,0.020001586855069642,20.0,20.001586855069643,2773,44,8,8,18.464000895619392,164.92800414562225
4,20260825T082827Z,flybrain,0.02,0.020001586855069642,20.0,20.001586855069643,2773,44,8,9,19.1040001809597,162.88000345230103
4,20260825T082827Z,flybrain,0.02,0.020001586855069642,20.0,20.001586855069643,2773,44,8,10,19.168000668287277,169.08800601959229
4,20260825T082827Z,flybrain,0.02,0.020001586855069642,20.0,20.001586855069643,2773,44,8,11,19.1040001809597,162.01600432395935
4,20260825T082827Z,flybrain,0.02,0.020001586855069642,20.0,20.001586855069643,2773,44,8,12,18.912000581622124,164.8000031709671
4,20260825T082827Z,flybrain,0.02,0.020001586855069642,20.0,20.001586855069643,2773,44,8,13,19.071999937295914,162.9759967327118
4,20260825T082827Z,flybrain,0.02,0.020001586855069642,20.0,20.001586855069643,2773,44,8,14,18.880000337958336,164.8319959640503
4,20260825T082827Z,flybrain,0.02,0.020001586855069642,20.0,20.001586855069643,2773,44,8,15,19.13600042462349,162.78399527072906
4,20260825T082827Z,flybrain,0.02,0.020001586855069642,20.0,20.001586855069643,2773,44,8,16,19.039999693632126,160.8320027589798
4,20260825T082827Z,flybrain,0.02,0.020001586855069642,20.0,20.001586855069643,2773,44,8,17,19.1040001809597,160.89600324630737
4,20260825T082827Z,flybrain,0.02,0.020001586855069642,20.0,20.001586855069643,2773,44,8,18,19.13600042462349,164.8319959640503
4,20260825T082827Z,flybrain,0.02,0.020001586855069642,20.0,20.001586855069643,2773,44,8,19,19.071999937295914,165.15199840068817
4,20260825T082827Z,flybrain,0.02,0.020001586855069642,20.0,20.001586855069643,2773,44,8,20,18.912000581622124,162.52799332141876
4,20260825T082827Z,flybrain,0.02,0.020001586855069642,20.0,20.001586855069643,2773,44,8,21,19.13600042462349,164.73600268363953
4,20260825T082827Z,flybrain,0.02,0.020001586855069642,20.0,20.001586855069643,2773,44,8,22,19.13600042462349,160.70400178432465
4,20260825T082827Z,flybrain,0.02,0.020001586855069642,20.0,20.001586855069643,2773,44,8,23,19.168000668287277,162.75200247764587
4,20260825T082827Z,flybrain,0.02,0.020001586855069642,20.0,20.001586855069643,2773,44,8,24,19.039999693632126,162.81600296497345
4,20260825T082827Z,flybrain,0.02,0.020001586855069642,20.0,20.001586855069643,2773,44,8,25,19.039999693632126,162.81600296497345
4,20260825T082827Z,flybrain,0.02,0.020001586855069642,20.0,20.001586855069643,2773,44,8,26,19.231999292969704,164.57599401474
4,20260825T082827Z,flybrain,0.02,0.020001586855069642,20.0,20.001586855069643,2773,44,8,27,19.13600042462349,162.91199624538422
4,20260825T082827Z,flybrain,0.02,0.020001586855069642,20.0,20.001586855069643,2773,44,8,28,19.007999449968338,162.78399527072906
4,20260825T082827Z,flybrain,0.02,0.020001586855069642,20.0,20.001586855069643,2773,44,8,29,19.168000668287277,160.73599457740784
4,20260825T082827Z,flybrain,0.02,0.020001586855069642,20.0,20.001586855069643,2773,44,8,30,18.97599920630455,160.70400178432465
4,20260825T082827Z,flybrain,0.02,0.020001586855069642,20.0,20.001586855069643,2773,44,8,31,19.071999937295914,160.8320027589798
4,20260825T082827Z,flybrain,0.02,0.020001586855069642,20.0,20.001586855069643,2773,44,8,32,19.071999937295914,160.76800227165222
4,20260825T082827Z,flybrain,0.02,0.020001586855069642,20.0,20.001586855069643,2773,44,8,33,19.007999449968338,162.62400150299072
4,20260825T082827Z,flybrain,0.02,0.020001586855069642,20.0,20.001586855069643,2773,44,8,34,19.039999693632126,165.72800278663635
4,20260825T082827Z,flybrain,0.02,0.020001586855069642,20.0,20.001586855069643,2773,44,8,35,19.039999693632126,160.7999950647354
4,20260825T082827Z,flybrain,0.02,0.020001586855069642,20.0,20.001586855069643,2773,44,8,36,18.81599985063076,167.10400581359863
4,20260825T082827Z,flybrain,0.02,0.020001586855069642,20.0,20.001586855069643,2773,44,8,37,19.039999693632126,160.8320027589798
4,20260825T082827Z,flybrain,0.02,0.020001586855069642,20.0,20.001586855069643,2773,44,8,38,19.071999937295914,162.9440039396286
4,20260825T082827Z,flybrain,0.02,0.020001586855069642,20.0,20.001586855069643,2773,44,8,39,18.94400082528591,158.87999534606934
4,20260825T082827Z,flybrain,0.02,0.020001586855069642,20.0,20.001586855069643,2773,44,8,40,18.94400082528591,166.9439971446991
4,20260825T082827Z,flybrain,0.02,0.020001586855069642,20.0,20.001586855069643,2773,44,8,41,19.1040001809597,162.62400150299072
4,20260825T082827Z,flybrain,0.02,0.020001586855069642,20.0,20.001586855069643,2773,44,8,42,19.231999292969704,162.81600296497345
4,20260825T082827Z,flybrain,0.02,0.020001586855069642,20.0,20.001586855069643,2773,44,8,43,19.071999937295914,162.9759967327118
4,20260825T082827Z,flybrain,0.02,0.020001586855069642,20.0,20.001586855069643,2773,44,8,44,19.168000668287277,162.6880019903183
4,20260825T082827Z,flybrain,0.02,0.020001586855069642,20.0,20.001586855069643,2773,44,8,45,19.1040001809597,168.92799735069275
4,20260825T082827Z,flybrain,0.02,0.020001586855069642,20.0,20.001586855069643,2773,44,8,46,19.007999449968338,164.89599645137787
4,20260825T082827Z,flybrain,0.02,0.020001586855069642,20.0,20.001586855069643,2773,44,8,47,18.94400082528591,162.75200247764587
4,20260825T082827Z,flybrain,0.02,0.020001586855069642,20.0,20.001586855069643,2773,44,8,48,18.97599920630455,163.00800442695618
4,20260825T082827Z,flybrain,0.02,0.020001586855069642,20.0,20.001586855069643,2773,44,8,49,19.1040001809597,162.84799575805664
4,20260825T082827Z,flybrain,0.02,0.020001586855069642,20.0,20.001586855069643,2773,44,8,50,19.13600042462349,162.75200247764587
4,20260825T082827Z,flybrain,0.02,0.020001586855069642,20.0,20.001586855069643,2773,44,8,51,19.039999693632126,164.8000031709671
4,20260825T082827Z,flybrain,0.02,0.020001586855069642,20.0,20.001586855069643,2773,44,8,52,19.007999449968338,164.95999693870544
4,20260825T082827Z,flybrain,0.02,0.020001586855069642,20.0,20.001586855069643,2773,44,8,53,19.071999937295914,164.95999693870544
4,20260825T082827Z,flybrain,0.02,0.020001586855069642,20.0,20.001586855069643,2773,44,8,54,19.039999693632126,163.00800442695618
4,20260825T082827Z,flybrain,0.02,0.020001586855069642,20.0,20.001586855069643,2773,44,8,55,19.1040001809597,166.9439971446991
4,20260825T082827Z,flybrain,0.02,0.020001586855069642,20.0,20.001586855069643,2773,44,8,56,19.039999693632126,160.8320027589798
4,20260825T082827Z,flybrain,0.02,0.020001586855069642,20.0,20.001586855069643,2773,44,8,57,19.1040001809597,161.6639941930771
4,20260825T082827Z,flybrain,0.02,0.020001586855069642,20.0,20.001586855069643,2773,44,8,58,19.039999693632126,160.73599457740784
4,20260825T082827Z,flybrain,0.02,0.020001586855069642,20.0,20.001586855069643,2773,44,8,59,19.039999693632126,160.89600324630737
4,20260825T082827Z,flybrain,0.02,0.020001586855069642,20.0,20.001586855069643,2773,44,8,60,19.007999449968338,161.02400422096252
4,20260825T082827Z,flybrain,0.02,0.020001586855069642,20.0,20.001586855069643,2773,44,8,61,18.912000581622124,161.05599701404572
4,20260825T082827Z,flybrain,0.02,0.020001586855069642,20.0,20.001586855069643,2773,44,8,62,19.039999693632126,166.87999665737152
4,20260825T082827Z,flybrain,0.02,0.020001586855069642,20.0,20.001586855069643,2773,44,8,63,19.1040001809597,162.88000345230103
4,20260825T082827Z,flybrain,0.02,0.020001586855069642,20.0,20.001586855069643,2773,44,8,64,18.880000337958336,165.12000560760498
4,20260825T082827Z,flybrain,0.02,0.020001586855069642,20.0,20.001586855069643,2773,44,8,65,19.039999693632126,160.64000129699707
4,20260825T082827Z,flybrain,0.02,0.020001586855069642,20.0,20.001586855069643,2773,44,8,66,19.071999937295914,160.64000129699707
4,20260825T082827Z,flybrain,0.02,0.020001586855069642,20.0,20.001586855069643,2773,44,8,67,18.97599920630455,164.95999693870544
4,20260825T082827Z,flybrain,0.02,0.020001586855069642,20.0,20.001586855069643,2773,44,8,68,18.94400082528591,163.00800442695618
4,20260825T082827Z,flybrain,0.02,0.020001586855069642,20.0,20.001586855069643,2773,44,8,69,19.231999292969704,160.64000129699707
4,20260825T082827Z,flybrain,0.02,0.020001586855069642,20.0,20.001586855069643,2773,44,8,70,19.1040001809597,161.0880047082901
4,20260825T082827Z,flybrain,0.02,0.020001586855069642,20.0,20.001586855069643,2773,44,8,71,18.94400082528591,165.02399742603302
4,20260825T082827Z,flybrain,0.02,0.020001586855069642,20.0,20.001586855069643,2773,44,8,72,19.1040001809597,164.8319959640503
4,20260825T082827Z,flybrain,0.02,0.020001586855069642,20.0,20.001586855069643,2773,44,8,73,19.168000668287277,168.89600455760956
4,20260825T082827Z,flybrain,0.02,0.020001586855069642,20.0,20.001586855069643,2773,44,8,74,19.1040001809597,167.00799763202667
4,20260825T082827Z,flybrain,0.02,0.020001586855069642,20.0,20.001586855069643,2773,44,8,75,19.231999292969704,160.70400178432465
4,20260825T082827Z,flybrain,0.02,0.020001586855069642,20.0,20.001586855069643,2773,44,8,76,19.071999937295914,160.73599457740784
4,20260825T082827Z,flybrain,0.02,0.020001586855069642,20.0,20.001586855069643,2773,44,8,77,18.97599920630455,162.9759967327118
4,20260825T082827Z,flybrain,0.02,0.020001586855069642,20.0,20.001586855069643,2773,44,8,78,19.007999449968338,162.9440039396286
4,20260825T082827Z,flybrain,0.02,0.020001586855069642,20.0,20.001586855069643,2773,44,8,79,19.13600042462349,162.9759967327118
4,20260825T082827Z,flybrain,0.02,0.020001586855069642,20.0,20.001586855069643,2773,44,8,80,19.071999937295914,166.01599752902985
4,20260825T082827Z,flybrain,0.02,0.020001586855069642,20.0,20.001586855069643,2773,44,8,81,19.007999449968338,162.81600296497345
4,20260825T082827Z,flybrain,0.02,0.020001586855069642,20.0,20.001586855069643,2773,44,8,82,19.168000668287277,158.4639996290207
4,20260825T082827Z,flybrain,0.02,0.020001586855069642,20.0,20.001586855069643,2773,44,8,83,19.071999937295914,162.91199624538422
4,20260825T082827Z,flybrain,0.02,0.020001586855069642,20.0,20.001586855069643,2773,44,8,84,19.039999693632126,167.1999990940094
4,20260825T082827Z,flybrain,0.02,0.020001586855069642,20.0,20.001586855069643,2773,44,8,85,19.13600042462349,158.65600109100342
4,20260825T082827Z,flybrain,0.02,0.020001586855069642,20.0,20.001586855069643,2773,44,8,86,18.94400082528591,166.84800386428833
4,20260825T082827Z,flybrain,0.02,0.020001586855069642,20.0,20.001586855069643,2773,44,8,87,19.071999937295914,160.8320027589798
4,20260825T082827Z,flybrain,0.02,0.020001586855069642,20.0,20.001586855069643,2773,44,8,88,19.007999449968338,160.76800227165222
4,20260825T082827Z,flybrain,0.02,0.020001586855069642,20.0,20.001586855069643,2773,44,8,89,19.071999937295914,160.67199409008026
4,20260825T082827Z,flybrain,0.02,0.020001586855069642,20.0,20.001586855069643,2773,44,8,90,19.071999937295914,162.88000345230103
4,20260825T082827Z,flybrain,0.02,0.020001586855069642,20.0,20.001586855069643,2773,44,8,91,19.007999449968338,164.89599645137787
4,20260825T082827Z,flybrain,0.02,0.020001586855069642,20.0,20.001586855069643,2773,44,8,92,19.039999693632126,160.60799360275269
4,20260825T082827Z,flybrain,0.02,0.020001586855069642,20.0,20.001586855069643,2773,44,8,93,19.1040001809597,166.9439971446991
4,20260825T082827Z,flybrain,0.02,0.020001586855069642,20.0,20.001586855069643,2773,44,8,94,19.071999937295914,163.00800442695618
4,20260825T082827Z,flybrain,0.02,0.020001586855069642,20.0,20.001586855069643,2773,44,8,95,19.007999449968338,166.84800386428833
4,20260825T082827Z,flybrain,0.02,0.020001586855069642,20.0,20.001586855069643,2773,44,8,96,19.039999693632126,160.67199409008026
4,20260825T082827Z,flybrain,0.02,0.020001586855069642,20.0,20.001586855069643,2773,44,8,97,19.007999449968338,162.91199624538422
4,20260825T082827Z,flybrain,0.02,0.020001586855069642,20.0,20.001586855069643,2773,44,8,98,19.200000911951065,160.5760008096695
4,20260825T082827Z,flybrain,0.02,0.020001586855069642,20.0,20.001586855069643,2773,44,8,99,19.071999937295914,160.96000373363495
4,20260825T082827Z,flybrain,0.02,0.020001586855069642,20.0,20.001586855069643,2773,44,8,100,19.007999449968338,160.5760008096695
4,20260825T082827Z,flybrain,0.02,0.020001586855069642,20.0,20.001586855069643,2773,44,8,101,19.1040001809597,162.91199624538422
4,20260825T082827Z,flybrain,0.02,0.020001586855069642,20.0,20.001586855069643,2773,44,8,102,19.168000668287277,162.9440039396286
4,20260825T082827Z,flybrain,0.02,0.020001586855069642,20.0,20.001586855069643,2773,44,8,103,20.096000283956528,160.76800227165222
4,20260825T082827Z,flybrain,0.02,0.020001586855069642,20.0,20.001586855069643,2773,44,8,104,19.039999693632126,165.0560051202774
4,20260825T082827Z,flybrain,0.02,0.020001586855069642,20.0,20.001586855069643,2773,44,8,105,19.007999449968338,162.91199624538422
4,20260825T082827Z,flybrain,0.02,0.020001586855069642,20.0,20.001586855069643,2773,44,8,106,19.168000668287277,162.9440039396286
4,20260825T082827Z,flybrain,0.02,0.020001586855069642,20.0,20.001586855069643,2773,44,8,107,19.13600042462349,166.84800386428833
4,20260825T082827Z,flybrain,0.02,0.020001586855069642,20.0,20.001586855069643,2773,44,8,108,19.1040001809597,162.81600296497345
4,20260825T082827Z,flybrain,0.02,0.020001586855069642,20.0,20.001586855069643,2773,44,8,109,18.97599920630455,160.67199409008026
4,20260825T082827Z,flybrain,0.02,0.020001586855069642,20.0,20.001586855069643,2773,44,8,110,19.007999449968338,163.00800442695618
4,20260825T082827Z,flybrain,0.02,0.020001586855069642,20.0,20.001586855069643,2773,44,8,111,18.94400082528591,158.81599485874176
4,20260825T082827Z,flybrain,0.02,0.020001586855069642,20.0,20.001586855069643,2773,44,8,112,19.039999693632126,160.70400178432465
4,20260825T082827Z,flybrain,0.02,0.020001586855069642,20.0,20.001586855069643,2773,44,8,113,19.1040001809597,162.7199947834015
4,20260825T082827Z,flybrain,0.02,0.020001586855069642,20.0,20.001586855069643,2773,44,8,114,19.007999449968338,166.78400337696075
4,20260825T082827Z,flybrain,0.02,0.020001586855069642,20.0,20.001586855069643,2773,44,8,115,19.13600042462349,160.67199409008026
4,20260825T082827Z,flybrain,0.02,0.020001586855069642,20.0,20.001586855069643,2773,44,8,116,19.071999937295914,164.86400365829468
4,20260825T082827Z,flybrain,0.02,0.020001586855069642,20.0,20.001586855069643,2773,44,8,117,19.1040001809597,160.96000373363495
4,20260825T082827Z,flybrain,0.02,0.020001586855069642,20.0,20.001586855069643,2773,44,8,118,19.039999693632126,162.6559942960739
4,20260825T082827Z,flybrain,0.02,0.020001586855069642,20.0,20.001586855069643,2773,44,8,119,19.13600042462349,162.62400150299072
4,20260825T082827Z,flybrain,0.02,0.020001586855069642,20.0,20.001586855069643,2773,44,8,120,19.071999937295914,164.67200219631195
4,20260825T082827Z,flybrain,0.02,0.020001586855069642,20.0,20.001586855069643,2773,44,8,121,19.071999937295914,160.92799603939056
4,20260825T082827Z,flybrain,0.02,0.020001586855069642,20.0,20.001586855069643,2773,44,8,122,19.039999693632126,167.10400581359863
4,20260825T082827Z,flybrain,0.02,0.020001586855069642,20.0,20.001586855069643,2773,44,8,123,19.13600042462349,162.33600676059723
4,20260825T082827Z,flybrain,0.02,0.020001586855069642,20.0,20.001586855069643,2773,44,8,124,18.94400082528591,160.96000373363495
4,20260825T082827Z,flybrain,0.02,0.020001586855069642,20.0,20.001586855069643,2773,44,8,125,19.071999937295914,158.4639996290207
4,20260825T082827Z,flybrain,0.02,0.020001586855069642,20.0,20.001586855069643,2773,44,8,126,18.49599927663803,167.58400201797485
4,20260825T082827Z,flybrain,0.02,0.020001586855069642,20.0,20.001586855069643,2773,44,8,127,18.079999834299088,167.58400201797485
4,20260825T082827Z,flybrain,0.02,0.020001586855069642,20.0,20.001586855069643,2773,44,9,0,148.3840048313141,167.67999529838562
4,20260825T082827Z,flybrain,0.02,0.020001586855069642,20.0,20.001586855069643,2773,44,9,1,18.432000651955605,167.90400445461273
4,20260825T082827Z,flybrain,0.02,0.020001586855069642,20.0,20.001586855069643,2773,44,9,2,18.36800016462803,162.7199947834015
4,20260825T082827Z,flybrain,0.02,0.020001586855069642,20.0,20.001586855069643,2773,44,9,3,18.97599920630455,160.51200032234192
4,20260825T082827Z,flybrain,0.02,0.020001586855069642,20.0,20.001586855069643,2773,44,9,4,18.559999763965607,162.7199947834015
4,20260825T082827Z,flybrain,0.02,0.020001586855069642,20.0,20.001586855069643,2773,44,9,5,18.719999119639397,158.720001578331
4,20260825T082827Z,flybrain,0.02,0.020001586855069642,20.0,20.001586855069643,2773,44,9,6,18.624000251293182,164.76799547672272
4,20260825T082827Z,flybrain,0.02,0.020001586855069642,20.0,20.001586855069643,2773,44,9,7,18.848000094294548,162.62400150299072
4,20260825T082827Z,flybrain,0.02,0.020001586855069642,20.0,20.001586855069643,2773,44,9,8,19.26399953663349,164.86400365829468
4,20260825T082827Z,flybrain,0.02,0.020001586855069642,20.0,20.001586855069643,2773,44,9,9,18.624000251293182,165.6319946050644
4,20260825T082827Z,flybrain,0.02,0.020001586855069642,20.0,20.001586855069643,2773,44,9,10,18.97599920630455,166.97600483894348
4,20260825T082827Z,flybrain,0.02,0.020001586855069642,20.0,20.001586855069643,2773,44,9,11,18.592000007629395,430.2079975605011
4,20260825T082827Z,flybrain,0.02,0.020001586855069642,20.0,20.001586855069643,2773,44,9,12,20.576000213623047,165.56799411773682
4,20260825T082827Z,flybrain,0.02,0.020001586855069642,20.0,20.001586855069643,2773,44,9,13,18.49599927663803,162.84799575805664
4,20260825T082827Z,flybrain,0.02,0.020001586855069642,20.0,20.001586855069643,2773,44,9,14,20.54399996995926,165.6319946050644
4,20260825T082827Z,flybrain,0.02,0.020001586855069642,20.0,20.001586855069643,2773,44,9,15,18.52799952030182,163.58399391174316
4,20260825T082827Z,flybrain,0.02,0.020001586855069642,20.0,20.001586855069643,2773,44,9,16,20.479999482631683,162.84799575805664
4,20260825T082827Z,flybrain,0.02,0.020001586855069642,20.0,20.001586855069643,2773,44,9,17,18.624000251293182,160.96000373363495
4,20260825T082827Z,flybrain,0.02,0.020001586855069642,20.0,20.001586855069643,2773,44,9,18,20.51199972629547,165.6319946050644
4,20260825T082827Z,flybrain,0.02,0.020001586855069642,20.0,20.001586855069643,2773,44,9,19,18.49599927663803,164.95999693870544
4,20260825T082827Z,flybrain,0.02,0.020001586855069642,20.0,20.001586855069643,2773,44,9,20,19.1040001809597,163.55200111865997
4,20260825T082827Z,flybrain,0.02,0.020001586855069642,20.0,20.001586855069643,2773,44,9,21,18.432000651955605,165.66400229930878
4,20260825T082827Z,flybrain,0.02,0.020001586855069642,20.0,20.001586855069643,2773,44,9,22,20.54399996995926,408.7679982185364
4,20260825T082827Z,flybrain,0.02,0.020001586855069642,20.0,20.001586855069643,2773,44,9,23,20.608000457286835,163.58399391174316
4,20260825T082827Z,flybrain,0.02,0.020001586855069642,20.0,20.001586855069643,2773,44,9,24,18.52799952030182,162.91199624538422
4,20260825T082827Z,flybrain,0.02,0.020001586855069642,20.0,20.001586855069643,2773,44,9,25,18.65600049495697,160.863995552063
4,20260825T082827Z,flybrain,0.02,0.020001586855069642,20.0,20.001586855069643,2773,44,9,26,20.416000857949257,163.71199488639832
4,20260825T082827Z,flybrain,0.02,0.020001586855069642,20.0,20.001586855069643,2773,44,9,27,18.33599992096424,160.7999950647354
4,20260825T082827Z,flybrain,0.02,0.020001586855069642,20.0,20.001586855069643,2773,44,9,28,20.70399932563305,162.91199624538422
4,20260825T082827Z,flybrain,0.02,0.020001586855069642,20.0,20.001586855069643,2773,44,9,29,18.592000007629395,160.863995552063
4,20260825T082827Z,flybrain,0.02,0.020001586855069642,20.0,20.001586855069643,2773,44,9,30,18.52799952030182,161.40800714492798
4,20260825T082827Z,flybrain,0.02,0.020001586855069642,20.0,20.001586855069643,2773,44,9,31,18.49599927663803,160.89600324630737
4,20260825T082827Z,flybrain,0.02,0.020001586855069642,20.0,20.001586855069643,2773,44,9,32,18.592000007629395,159.45599973201752
4,20260825T082827Z,flybrain,0.02,0.020001586855069642,20.0,20.001586855069643,2773,44,9,33,18.464000895619392,414.43198919296265
4,20260825T082827Z,flybrain,0.02,0.020001586855069642,20.0,20.001586855069643,2773,44,9,34,20.51199972629547,165.75999557971954
4,20260825T082827Z,flybrain,0.02,0.020001586855069642,20.0,20.001586855069643,2773,44,9,35,20.416000857949257,161.53599321842194
4,20260825T082827Z,flybrain,0.02,0.020001586855069642,20.0,20.001586855069643,2773,44,9,36,19.13600042462349,166.9439971446991
4,20260825T082827Z,flybrain,0.02,0.020001586855069642,20.0,20.001586855069643,2773,44,9,37,18.624000251293182,160.89600324630737
4,20260825T082827Z,flybrain,0.02,0.020001586855069642,20.0,20.001586855069643,2773,44,9,38,18.559999763965607,163.00800442695618
4,20260825T082827Z,flybrain,0.02,0.020001586855069642,20.0,20.001586855069643,2773,44,9,39,18.464000895619392,158.87999534606934
4,20260825T082827Z,flybrain,0.02,0.020001586855069642,20.0,20.001586855069643,2773,44,9,40,18.592000007629395,165.53600132465363
4,20260825T082827Z,flybrain,0.02,0.020001586855069642,20.0,20.001586855069643,2773,44,9,41,18.49599927663803,162.9759967327118
4,20260825T082827Z,flybrain,0.02,0.020001586855069642,20.0,20.001586855069643,2773,44,9,42,18.52799952030182,163.71199488639832
4,20260825T082827Z,flybrain,0.02,0.020001586855069642,20.0,20.001586855069643,2773,44,9,43,18.432000651955605,163.58399391174316
4,20260825T082827Z,flybrain,0.02,0.020001586855069642,20.0,20.001586855069643,2773,44,9,44,18.52799952030182,407.584011554718
4,20260825T082827Z,flybrain,0.02,0.020001586855069642,20.0,20.001586855069643,2773,44,9,45,20.576000213623047,169.0240055322647
4,20260825T082827Z,flybrain,0.02,0.020001586855069642,20.0,20.001586855069643,2773,44,9,46,20.51199972629547,162.91199624538422
4,20260825T082827Z,flybrain,0.02,0.020001586855069642,20.0,20.001586855069643,2773,44,9,47,18.52799952030182,161.50400042533875
4,20260825T082827Z,flybrain,0.02,0.020001586855069642,20.0,20.001586855069643,2773,44,9,48,18.52799952030182,162.6880019903183
4,20260825T082827Z,flybrain,0.02,0.020001586855069642,20.0,20.001586855069643,2773,44,9,49,18.592000007629395,162.88000345230103
4,20260825T082827Z,flybrain,0.02,0.020001586855069642,20.0,20.001586855069643,2773,44,9,50,20.416000857949257,160.96000373363495
4,20260825T082827Z,flybrain,0.02,0.020001586855069642,20.0,20.001586855069643,2773,44,9,51,18.592000007629395,165.12000560760498
4,20260825T082827Z,flybrain,0.02,0.020001586855069642,20.0,20.001586855069643,2773,44,9,52,20.67199908196926,164.99200463294983
4,20260825T082827Z,flybrain,0.02,0.020001586855069642,20.0,20.001586855069643,2773,44,9,53,18.65600049495697,165.6319946050644
4,20260825T082827Z,flybrain,0.02,0.020001586855069642,20.0,20.001586855069643,2773,44,9,54,19.039999693632126,162.88000345230103
4,20260825T082827Z,flybrain,0.02,0.020001586855069642,20.0,20.001586855069643,2773,44,9,55,19.200000911951065,460.89598536491394
4,20260825T082827Z,flybrain,0.02,0.020001586855069642,20.0,20.001586855069643,2773,44,9,56,22.624000906944275,163.55200111865997
4,20260825T082827Z,flybrain,0.02,0.020001586855069642,20.0,20.001586855069643,2773,44,9,57,20.447999238967896,160.92799603939056
4,20260825T082827Z,flybrain,0.02,0.020001586855069642,20.0,20.001586855069643,2773,44,9,58,20.608000457286835,160.96000373363495
4,20260825T082827Z,flybrain,0.02,0.020001586855069642,20.0,20.001586855069643,2773,44,9,59,18.52799952030182,159.4880074262619
4,20260825T082827Z,flybrain,0.02,0.020001586855069642,20.0,20.001586855069643,2773,44,9,60,20.54399996995926,160.89600324630737
4,20260825T082827Z,flybrain,0.02,0.020001586855069642,20.0,20.001586855069643,2773,44,9,61,18.559999763965607,161.31199896335602
4,20260825T082827Z,flybrain,0.02,0.020001586855069642,20.0,20.001586855069643,2773,44,9,62,18.52799952030182,165.02399742603302
4,20260825T082827Z,flybrain,0.02,0.020001586855069642,20.0,20.001586855069643,2773,44,9,63,18.52799952030182,160.96000373363495
4,20260825T082827Z,flybrain,0.02,0.020001586855069642,20.0,20.001586855069643,2773,44,9,64,20.70399932563305,165.3759926557541
4,20260825T082827Z,flybrain,0.02,0.020001586855069642,20.0,20.001586855069643,2773,44,9,65,20.54399996995926,160.92799603939056
4,20260825T082827Z,flybrain,0.02,0.020001586855069642,20.0,20.001586855069643,2773,44,9,66,19.071999937295914,158.720001578331
4,20260825T082827Z,flybrain,0.02,0.020001586855069642,20.0,20.001586855069643,2773,44,9,67,214.59199488162994,168.60799491405487
4,20260825T082827Z,flybrain,0.02,0.020001586855069642,20.0,20.001586855069643,2773,44,9,68,23.584000766277313,162.91199624538422
4,20260825T082827Z,flybrain,0.02,0.020001586855069642,20.0,20.001586855069643,2773,44,9,69,20.608000457286835,160.92799603939056
4,20260825T082827Z,flybrain,0.02,0.020001586855069642,20.0,20.001586855069643,2773,44,9,70,20.416000857949257,161.43999993801117
4,20260825T082827Z,flybrain,0.02,0.020001586855069642,20.0,20.001586855069643,2773,44,9,71,19.1040001809597,162.84799575805664
4,20260825T082827Z,flybrain,0.02,0.020001586855069642,20.0,20.001586855069643,2773,44,9,72,18.624000251293182,162.88000345230103
4,20260825T082827Z,flybrain,0.02,0.020001586855069642,20.0,20.001586855069643,2773,44,9,73,18.52799952030182,169.11999881267548
4,20260825T082827Z,flybrain,0.02,0.020001586855069642,20.0,20.001586855069643,2773,44,9,74,18.49599927663803,165.6000018119812
4,20260825T082827Z,flybrain,0.02,0.020001586855069642,20.0,20.001586855069643,2773,44,9,75,18.52799952030182,159.58400070667267
4,20260825T082827Z,flybrain,0.02,0.020001586855069642,20.0,20.001586855069643,2773,44,9,76,18.464000895619392,161.6639941930771
4,20260825T082827Z,flybrain,0.02,0.020001586855069642,20.0,20.001586855069643,2773,44,9,77,18.36800016462803,163.455992937088
4,20260825T082827Z,flybrain,0.02,0.020001586855069642,20.0,20.001586855069643,2773,44,9,78,20.447999238967896,499.90400671958923
4,20260825T082827Z,flybrain,0.02,0.020001586855069642,20.0,20.001586855069643,2773,44,9,79,24.57600086927414,165.0560051202774
4,20260825T082827Z,flybrain,0.02,0.020001586855069642,20.0,20.001586855069643,2773,44,9,80,18.432000651955605,164.67200219631195
4,20260825T082827Z,flybrain,0.02,0.020001586855069642,20.0,20.001586855069643,2773,44,9,81,18.592000007629395,162.9759967327118
4,20260825T082827Z,flybrain,0.02,0.020001586855069642,20.0,20.001586855069643,2773,44,9,82,20.416000857949257,159.42400693893433
4,20260825T082827Z,flybrain,0.02,0.020001586855069642,20.0,20.001586855069643,2773,44,9,83,18.49599927663803,163.39200735092163
4,20260825T082827Z,flybrain,0.02,0.020001586855069642,20.0,20.001586855069643,2773,44,9,84,18.52799952030182,164.86400365829468
4,20260825T082827Z,flybrain,0.02,0.020001586855069642,20.0,20.001586855069643,2773,44,9,85,18.624000251293182,156.80000185966492
4,20260825T082827Z,flybrain,0.02,0.020001586855069642,20.0,20.001586855069643,2773,44,9,86,18.52799952030182,167.67999529838562
4,20260825T082827Z,flybrain,0.02,0.020001586855069642,20.0,20.001586855069643,2773,44,9,87,18.36800016462803,160.7999950647354
4,20260825T082827Z,flybrain,0.02,0.020001586855069642,20.0,20.001586855069643,2773,44,9,88,20.51199972629547,161.3440066576004
4,20260825T082827Z,flybrain,0.02,0.020001586855069642,20.0,20.001586855069643,2773,44,9,89,18.464000895619392,548.5439896583557
4,20260825T082827Z,flybrain,0.02,0.020001586855069642,20.0,20.001586855069643,2773,44,9,90,23.615999147295952,165.75999557971954
4,20260825T082827Z,flybrain,0.02,0.020001586855069642,20.0,20.001586855069643,2773,44,9,91,20.447999238967896,165.0560051202774
4,20260825T082827Z,flybrain,0.02,0.020001586855069642,20.0,20.001586855069643,2773,44,9,92,18.592000007629395,161.40800714492798
4,20260825T082827Z,flybrain,0.02,0.020001586855069642,20.0,20.001586855069643,2773,44,9,93,18.49599927663803,166.97600483894348
4,20260825T082827Z,flybrain,0.02,0.020001586855069642,20.0,20.001586855069643,2773,44,9,94,19.071999937295914,160.73599457740784
4,20260825T082827Z,flybrain,0.02,0.020001586855069642,20.0,20.001586855069643,2773,44,9,95,18.464000895619392,167.84000396728516
4,20260825T082827Z,flybrain,0.02,0.020001586855069642,20.0,20.001586855069643,2773,44,9,96,18.400000408291817,160.863995552063
4,20260825T082827Z,flybrain,0.02,0.020001586855069642,20.0,20.001586855069643,2773,44,9,97,18.559999763965607,162.78399527072906
4,20260825T082827Z,flybrain,0.02,0.020001586855069642,20.0,20.001586855069643,2773,44,9,98,20.576000213623047,159.32799875736237
4,20260825T082827Z,flybrain,0.02,0.020001586855069642,20.0,20.001586855069643,2773,44,9,99,20.54399996995926,160.76800227165222
4,20260825T082827Z,flybrain,0.02,0.020001586855069642,20.0,20.001586855069643,2773,44,9,100,20.51199972629547,518.9120173454285
4,20260825T082827Z,flybrain,0.02,0.020001586855069642,20.0,20.001586855069643,2773,44,9,101,23.16799946129322,167.4879938364029
4,20260825T082827Z,flybrain,0.02,0.020001586855069642,20.0,20.001586855069643,2773,44,9,102,20.54399996995926,160.96000373363495
4,20260825T082827Z,flybrain,0.02,0.020001586855069642,20.0,20.001586855069643,2773,44,9,103,18.49599927663803,158.91200304031372
4,20260825T082827Z,flybrain,0.02,0.020001586855069642,20.0,20.001586855069643,2773,44,9,104,19.231999292969704,165.50399363040924
4,20260825T082827Z,flybrain,0.02,0.020001586855069642,20.0,20.001586855069643,2773,44,9,105,18.49599927663803,160.96000373363495
4,20260825T082827Z,flybrain,0.02,0.020001586855069642,20.0,20.001586855069643,2773,44,9,106,19.071999937295914,161.50400042533875
4,20260825T082827Z,flybrain,0.02,0.020001586855069642,20.0,20.001586855069643,2773,44,9,107,18.49599927663803,165.6319946050644
4,20260825T082827Z,flybrain,0.02,0.020001586855069642,20.0,20.001586855069643,2773,44,9,108,19.071999937295914,160.89600324630737
4,20260825T082827Z,flybrain,0.02,0.020001586855069642,20.0,20.001586855069643,2773,44,9,109,18.49599927663803,159.45599973201752
4,20260825T082827Z,flybrain,0.02,0.020001586855069642,20.0,20.001586855069643,2773,44,9,110,20.576000213623047,160.92799603939056
4,20260825T082827Z,flybrain,0.02,0.020001586855069642,20.0,20.001586855069643,2773,44,9,111,18.624000251293182,566.4640069007874
4,20260825T082827Z,flybrain,0.02,0.020001586855069642,20.0,20.001586855069643,2773,44,9,112,24.480000138282776,163.5199934244156
4,20260825T082827Z,flybrain,0.02,0.020001586855069642,20.0,20.001586855069643,2773,44,9,113,20.51199972629547,163.71199488639832
4,20260825T082827Z,flybrain,0.02,0.020001586855069642,20.0,20.001586855069643,2773,44,9,114,20.38400061428547,167.84000396728516
4,20260825T082827Z,flybrain,0.02,0.020001586855069642,20.0,20.001586855069643,2773,44,9,115,18.36800016462803,159.4880074262619
4,20260825T082827Z,flybrain,0.02,0.020001586855069642,20.0,20.001586855069643,2773,44,9,116,20.51199972629547,165.3120070695877
4,20260825T082827Z,flybrain,0.02,0.020001586855069642,20.0,20.001586855069643,2773,44,9,117,18.49599927663803,160.89600324630737
4,20260825T082827Z,flybrain,0.02,0.020001586855069642,20.0,20.001586855069643,2773,44,9,118,18.464000895619392,163.00800442695618
4,20260825T082827Z,flybrain,0.02,0.020001586855069642,20.0,20.001586855069643,2773,44,9,119,20.54399996995926,162.9759967327118
4,20260825T082827Z,flybrain,0.02,0.020001586855069642,20.0,20.001586855069643,2773,44,9,120,18.592000007629395,165.56799411773682
4,20260825T082827Z,flybrain,0.02,0.020001586855069642,20.0,20.001586855069643,2773,44,9,121,19.071999937295914,161.56800091266632
4,20260825T082827Z,flybrain,0.02,0.020001586855069642,20.0,20.001586855069643,2773,44,9,122,20.416000857949257,516.2240266799927
4,20260825T082827Z,flybrain,0.02,0.020001586855069642,20.0,20.001586855069643,2773,44,9,123,24.57600086927414,165.02399742603302
4,20260825T082827Z,flybrain,0.02,0.020001586855069642,20.0,20.001586855069643,2773,44,9,124,18.624000251293182,160.863995552063
4,20260825T082827Z,flybrain,0.02,0.020001586855069642,20.0,20.001586855069643,2773,44,9,125,18.464000895619392,158.81599485874176
4,20260825T082827Z,flybrain,0.02,0.020001586855069642,20.0,20.001586855069643,2773,44,9,126,20.51199972629547,167.58400201797485
4,20260825T082827Z,flybrain,0.02,0.020001586855069642,20.0,20.001586855069643,2773,44,9,127,18.0479995906353,167.58400201797485
4,20260825T082827Z,flybrain,0.03,0.029998773793809823,30.0,29.99877379380982,4159,45,0,0,205.72799444198608,348.83201122283936
4,20260825T082827Z,flybrain,0.03,0.029998773793809823,30.0,29.99877379380982,4159,45,0,1,21.12000063061714,162.84799575805664
4,20260825T082827Z,flybrain,0.03,0.029998773793809823,30.0,29.99877379380982,4159,45,0,2,21.47199958562851,164.89599645137787
4,20260825T082827Z,flybrain,0.03,0.029998773793809823,30.0,29.99877379380982,4159,45,0,3,19.648000597953796,163.42400014400482
4,20260825T082827Z,flybrain,0.03,0.029998773793809823,30.0,29.99877379380982,4159,45,0,4,20.54399996995926,163.00800442695618
4,20260825T082827Z,flybrain,0.03,0.029998773793809823,30.0,29.99877379380982,4159,45,0,5,20.608000457286835,158.81599485874176
4,20260825T082827Z,flybrain,0.03,0.029998773793809823,30.0,29.99877379380982,4159,45,0,6,19.039999693632126,167.52000153064728
4,20260825T082827Z,flybrain,0.03,0.029998773793809823,30.0,29.99877379380982,4159,45,0,7,18.49599927663803,160.96000373363495
4,20260825T082827Z,flybrain,0.03,0.029998773793809823,30.0,29.99877379380982,4159,45,0,8,18.624000251293182,165.6000018119812
4,20260825T082827Z,flybrain,0.03,0.029998773793809823,30.0,29.99877379380982,4159,45,0,9,20.447999238967896,162.9440039396286
4,20260825T082827Z,flybrain,0.03,0.029998773793809823,30.0,29.99877379380982,4159,45,0,10,19.231999292969704,167.52000153064728
4,20260825T082827Z,flybrain,0.03,0.029998773793809823,30.0,29.99877379380982,4159,45,0,11,19.071999937295914,600.7680296897888
4,20260825T082827Z,flybrain,0.03,0.029998773793809823,30.0,29.99877379380982,4159,45,0,12,24.57600086927414,167.10400581359863
4,20260825T082827Z,flybrain,0.03,0.029998773793809823,30.0,29.99877379380982,4159,45,0,13,19.200000911951065,163.455992937088
4,20260825T082827Z,flybrain,0.03,0.029998773793809823,30.0,29.99877379380982,4159,45,0,14,20.54399996995926,165.72800278663635
4,20260825T082827Z,flybrain,0.03,0.029998773793809823,30.0,29.99877379380982,4159,45,0,15,20.447999238967896,163.4880006313324
4,20260825T082827Z,flybrain,0.03,0.029998773793809823,30.0,29.99877379380982,4159,45,0,16,19.007999449968338,161.40800714492798
4,20260825T082827Z,flybrain,0.03,0.029998773793809823,30.0,29.99877379380982,4159,45,0,17,18.52799952030182,160.92799603939056
4,20260825T082827Z,flybrain,0.03,0.029998773793809823,30.0,29.99877379380982,4159,45,0,18,20.640000700950623,165.72800278663635
4,20260825T082827Z,flybrain,0.03,0.029998773793809823,30.0,29.99877379380982,4159,45,0,19,20.320000126957893,165.8560037612915
4,20260825T082827Z,flybrain,0.03,0.029998773793809823,30.0,29.99877379380982,4159,45,0,20,20.35200037062168,163.61600160598755
4,20260825T082827Z,flybrain,0.03,0.029998773793809823,30.0,29.99877379380982,4159,45,0,21,20.479999482631683,164.89599645137787
4,20260825T082827Z,flybrain,0.03,0.029998773793809823,30.0,29.99877379380982,4159,45,0,22,19.200000911951065,583.6799740791321
4,20260825T082827Z,flybrain,0.03,0.029998773793809823,30.0,29.99877379380982,4159,45,0,23,23.679999634623528,164.92800414562225
4,20260825T082827Z,flybrain,0.03,0.029998773793809823,30.0,29.99877379380982,4159,45,0,24,20.67199908196926,163.00800442695618
4,20260825T082827Z,flybrain,0.03,0.029998773793809823,30.0,29.99877379380982,4159,45,0,25,18.624000251293182,163.4880006313324
4,20260825T082827Z,flybrain,0.03,0.029998773793809823,30.0,29.99877379380982,4159,45,0,26,20.54399996995926,163.55200111865997
4,20260825T082827Z,flybrain,0.03,0.029998773793809823,30.0,29.99877379380982,4159,45,0,27,19.071999937295914,162.9440039396286
4,20260825T082827Z,flybrain,0.03,0.029998773793809823,30.0,29.99877379380982,4159,45,0,28,18.624000251293182,162.88000345230103
4,20260825T082827Z,flybrain,0.03,0.029998773793809823,30.0,29.99877379380982,4159,45,0,29,20.67199908196926,160.863995552063
4,20260825T082827Z,flybrain,0.03,0.029998773793809823,30.0,29.99877379380982,4159,45,0,30,19.1040001809597,161.43999993801117
4,20260825T082827Z,flybrain,0.03,0.029998773793809823,30.0,29.99877379380982,4159,45,0,31,18.49599927663803,161.53599321842194
4,20260825T082827Z,flybrain,0.03,0.029998773793809823,30.0,29.99877379380982,4159,45,0,32,18.49599927663803,159.55199301242828
4,20260825T082827Z,flybrain,0.03,0.029998773793809823,30.0,29.99877379380982,4159,45,0,33,18.400000408291817,586.463987827301
4,20260825T082827Z,flybrain,0.03,0.029998773793809823,30.0,29.99877379380982,4159,45,0,34,24.54400062561035,167.64800250530243
4,20260825T082827Z,flybrain,0.03,0.029998773793809823,30.0,29.99877379380982,4159,45,0,35,20.54399996995926,160.96000373363495
4,20260825T082827Z,flybrain,0.03,0.029998773793809823,30.0,29.99877379380982,4159,45,0,36,20.640000700950623,167.10400581359863
4,20260825T082827Z,flybrain,0.03,0.029998773793809823,30.0,29.99877379380982,4159,45,0,37,18.624000251293182,160.92799603939056
4,20260825T082827Z,flybrain,0.03,0.029998773793809823,30.0,29.99877379380982,4159,45,0,38,20.576000213623047,163.58399391174316
4,20260825T082827Z,flybrain,0.03,0.029998773793809823,30.0,29.99877379380982,4159,45,0,39,18.49599927663803,158.91200304031372
4,20260825T082827Z,flybrain,0.03,0.029998773793809823,30.0,29.99877379380982,4159,45,0,40,18.559999763965607,167.10400581359863
4,20260825T082827Z,flybrain,0.03,0.029998773793809823,30.0,29.99877379380982,4159,45,0,41,18.624000251293182,162.84799575805664
4,20260825T082827Z,flybrain,0.03,0.029998773793809823,30.0,29.99877379380982,4159,45,0,42,18.624000251293182,163.03999722003937
4,20260825T082827Z,flybrain,0.03,0.029998773793809823,30.0,29.99877379380982,4159,45,0,43,18.49599927663803,163.58399391174316
4,20260825T082827Z,flybrain,0.03,0.029998773793809823,30.0,29.99877379380982,4159,45,0,44,20.54399996995926,597.8559851646423
4,20260825T082827Z,flybrain,0.03,0.029998773793809823,30.0,29.99877379380982,4159,45,0,45,23.455999791622162,171.61600291728973
4,20260825T082827Z,flybrain,0.03,0.029998773793809823,30.0,29.99877379380982,4159,45,0,46,20.576000213623047,163.58399391174316
4,20260825T082827Z,flybrain,0.03,0.029998773793809823,30.0,29.99877379380982,4159,45,0,47,18.464000895619392,162.81600296497345
4,20260825T082827Z,flybrain,0.03,0.029998773793809823,30.0,29.99877379380982,4159,45,0,48,20.67199908196926,163.03999722003937
4,20260825T082827Z,flybrain,0.03,0.029998773793809823,30.0,29.99877379380982,4159,45,0,49,18.592000007629395,162.91199624538422
4,20260825T082827Z,flybrain,0.03,0.029998773793809823,30.0,29.99877379380982,4159,45,0,50,20.51199972629547,160.96000373363495
4,20260825T082827Z,flybrain,0.03,0.029998773793809823,30.0,29.99877379380982,4159,45,0,51,18.559999763965607,165.0560051202774
4,20260825T082827Z,flybrain,0.03,0.029998773793809823,30.0,29.99877379380982,4159,45,0,52,20.576000213623047,165.0560051202774
4,20260825T082827Z,flybrain,0.03,0.029998773793809823,30.0,29.99877379380982,4159,45,0,53,18.559999763965607,165.56799411773682
4,20260825T082827Z,flybrain,0.03,0.029998773793809823,30.0,29.99877379380982,4159,45,0,54,20.576000213623047,163.58399391174316
4,20260825T082827Z,flybrain,0.03,0.029998773793809823,30.0,29.99877379380982,4159,45,0,55,18.52799952030182,595.1359868049622
4,20260825T082827Z,flybrain,0.03,0.029998773793809823,30.0,29.99877379380982,4159,45,0,56,24.671999737620354,165.72800278663635
4,20260825T082827Z,flybrain,0.03,0.029998773793809823,30.0,29.99877379380982,4159,45,0,57,20.416000857949257,160.92799603939056
4,20260825T082827Z,flybrain,0.03,0.029998773793809823,30.0,29.99877379380982,4159,45,0,58,20.608000457286835,161.3759994506836
4,20260825T082827Z,flybrain,0.03,0.029998773793809823,30.0,29.99877379380982,4159,45,0,59,18.52799952030182,158.9439958333969
4,20260825T082827Z,flybrain,0.03,0.029998773793809823,30.0,29.99877379380982,4159,45,0,60,19.200000911951065,161.43999993801117
4,20260825T082827Z,flybrain,0.03,0.029998773793809823,30.0,29.99877379380982,4159,45,0,61,18.49599927663803,160.7999950647354
4,20260825T082827Z,flybrain,0.03,0.029998773793809823,30.0,29.99877379380982,4159,45,0,62,18.65600049495697,165.02399742603302
4,20260825T082827Z,flybrain,0.03,0.029998773793809823,30.0,29.99877379380982,4159,45,0,63,18.559999763965607,161.53599321842194
4,20260825T082827Z,flybrain,0.03,0.029998773793809823,30.0,29.99877379380982,4159,45,0,64,20.54399996995926,165.6319946050644
4,20260825T082827Z,flybrain,0.03,0.029998773793809823,30.0,29.99877379380982,4159,45,0,65,18.52799952030182,160.73599457740784
4,20260825T082827Z,flybrain,0.03,0.029998773793809823,30.0,29.99877379380982,4159,45,0,66,20.67199908196926,590.0480151176453
4,20260825T082827Z,flybrain,0.03,0.029998773793809823,30.0,29.99877379380982,4159,45,0,67,23.520000278949738,169.72799599170685
4,20260825T082827Z,flybrain,0.03,0.029998773793809823,30.0,29.99877379380982,4159,45,0,68,20.54399996995926,162.88000345230103
4,20260825T082827Z,flybrain,0.03,0.029998773793809823,30.0,29.99877379380982,4159,45,0,69,18.624000251293182,161.47199273109436
4,20260825T082827Z,flybrain,0.03,0.029998773793809823,30.0,29.99877379380982,4159,45,0,70,20.479999482631683,160.8320027589798
4,20260825T082827Z,flybrain,0.03,0.029998773793809823,30.0,29.99877379380982,4159,45,0,71,18.464000895619392,165.47200083732605
4,20260825T082827Z,flybrain,0.03,0.029998773793809823,30.0,29.99877379380982,4159,45,0,72,20.54399996995926,161.53599321842194
4,20260825T082827Z,flybrain,0.03,0.029998773793809823,30.0,29.99877379380982,4159,45,0,73,18.49599927663803,169.0559983253479
4,20260825T082827Z,flybrain,0.03,0.029998773793809823,30.0,29.99877379380982,4159,45,0,74,18.624000251293182,165.02399742603302
4,20260825T082827Z,flybrain,0.03,0.029998773793809823,30.0,29.99877379380982,4159,45,0,75,18.52799952030182,160.8320027589798
4,20260825T082827Z,flybrain,0.03,0.029998773793809823,30.0,29.99877379380982,4159,45,0,76,20.51199972629547,159.4880074262619
4,20260825T082827Z,flybrain,0.03,0.029998773793809823,30.0,29.99877379380982,4159,45,0,77,18.49599927663803,585.7599973678589
4,20260825T082827Z,flybrain,0.03,0.029998773793809823,30.0,29.99877379380982,4159,45,0,78,24.73600022494793,165.0879979133606
4,20260825T082827Z,flybrain,0.03,0.029998773793809823,30.0,29.99877379380982,4159,45,0,79,20.51199972629547,163.00800442695618
4,20260825T082827Z,flybrain,0.03,0.029998773793809823,30.0,29.99877379380982,4159,45,0,80,20.67199908196926,165.0560051202774
4,20260825T082827Z,flybrain,0.03,0.029998773793809823,30.0,29.99877379380982,4159,45,0,81,18.624000251293182,162.9440039396286
4,20260825T082827Z,flybrain,0.03,0.029998773793809823,30.0,29.99877379380982,4159,45,0,82,20.640000700950623,159.39199924468994
4,20260825T082827Z,flybrain,0.03,0.029998773793809823,30.0,29.99877379380982,4159,45,0,83,19.007999449968338,161.47199273109436
4,20260825T082827Z,flybrain,0.03,0.029998773793809823,30.0,29.99877379380982,4159,45,0,84,20.54399996995926,164.95999693870544
4,20260825T082827Z,flybrain,0.03,0.029998773793809823,30.0,29.99877379380982,4159,45,0,85,18.624000251293182,157.27999806404114
4,20260825T082827Z,flybrain,0.03,0.029998773793809823,30.0,29.99877379380982,4159,45,0,86,18.52799952030182,167.10400581359863
4,20260825T082827Z,flybrain,0.03,0.029998773793809823,30.0,29.99877379380982,4159,45,0,87,18.559999763965607,161.3759994506836
4,20260825T082827Z,flybrain,0.03,0.029998773793809823,30.0,29.99877379380982,4159,45,0,88,19.1040001809597,594.7520136833191
4,20260825T082827Z,flybrain,0.03,0.029998773793809823,30.0,29.99877379380982,4159,45,0,89,23.48800003528595,164.92800414562225
4,20260825T082827Z,flybrain,0.03,0.029998773793809823,30.0,29.99877379380982,4159,45,0,90,20.54399996995926,165.66400229930878
4,20260825T082827Z,flybrain,0.03,0.029998773793809823,30.0,29.99877379380982,4159,45,0,91,20.447999238967896,164.95999693870544
4,20260825T082827Z,flybrain,0.03,0.029998773793809823,30.0,29.99877379380982,4159,45,0,92,20.67199908196926,160.96000373363495
4,20260825T082827Z,flybrain,0.03,0.029998773793809823,30.0,29.99877379380982,4159,45,0,93,18.624000251293182,165.66400229930878
4,20260825T082827Z,flybrain,0.03,0.029998773793809823,30.0,29.99877379380982,4159,45,0,94,20.447999238967896,162.9759967327118
4,20260825T082827Z,flybrain,0.03,0.029998773793809823,30.0,29.99877379380982,4159,45,0,95,18.52799952030182,166.97600483894348
4,20260825T082827Z,flybrain,0.03,0.029998773793809823,30.0,29.99877379380982,4159,45,0,96,18.624000251293182,160.8320027589798
4,20260825T082827Z,flybrain,0.03,0.029998773793809823,30.0,29.99877379380982,4159,45,0,97,20.640000700950623,162.9440039396286
4,20260825T082827Z,flybrain,0.03,0.029998773793809823,30.0,29.99877379380982,4159,45,0,98,18.65600049495697,158.91200304031372
4,20260825T082827Z,flybrain,0.03,0.029998773793809823,30.0,29.99877379380982,4159,45,0,99,20.54399996995926,587.5200033187866
4,20260825T082827Z,flybrain,0.03,0.029998773793809823,30.0,29.99877379380982,4159,45,0,100,23.615999147295952,162.84799575805664
4,20260825T082827Z,flybrain,0.03,0.029998773793809823,30.0,29.99877379380982,4159,45,0,101,20.576000213623047,164.95999693870544
4,20260825T082827Z,flybrain,0.03,0.029998773793809823,30.0,29.99877379380982,4159,45,0,102,20.67199908196926,160.7999950647354
4,20260825T082827Z,flybrain,0.03,0.029998773793809823,30.0,29.99877379380982,4159,45,0,103,18.400000408291817,158.78400206565857
4,20260825T082827Z,flybrain,0.03,0.029998773793809823,30.0,29.99877379380982,4159,45,0,104,18.65600049495697,165.47200083732605
4,20260825T082827Z,flybrain,0.03,0.029998773793809823,30.0,29.99877379380982,4159,45,0,105,18.49599927663803,161.3759994506836
4,20260825T082827Z,flybrain,0.03,0.029998773793809823,30.0,29.99877379380982,4159,45,0,106,20.447999238967896,163.7440025806427
4,20260825T082827Z,flybrain,0.03,0.029998773793809823,30.0,29.99877379380982,4159,45,0,107,20.35200037062168,164.99200463294983
4,20260825T082827Z,flybrain,0.03,0.029998773793809823,30.0,29.99877379380982,4159,45,0,108,20.67199908196926,160.96000373363495
4,20260825T082827Z,flybrain,0.03,0.029998773793809823,30.0,29.99877379380982,4159,45,0,109,18.624000251293182,158.6879938840866
4,20260825T082827Z,flybrain,0.03,0.029998773793809823,30.0,29.99877379380982,4159,45,0,110,19.360000267624855,472.6719856262207
4,20260825T082827Z,flybrain,0.03,0.029998773793809823,30.0,29.99877379380982,4159,45,0,111,23.520000278949738,163.61600160598755
4,20260825T082827Z,flybrain,0.03,0.029998773793809823,30.0,29.99877379380982,4159,45,0,112,20.54399996995926,159.45599973201752
4,20260825T082827Z,flybrain,0.03,0.029998773793809823,30.0,29.99877379380982,4159,45,0,113,20.54399996995926,162.91199624538422
4,20260825T082827Z,flybrain,0.03,0.029998773793809823,30.0,29.99877379380982,4159,45,0,114,20.608000457286835,165.69599509239197
4,20260825T082827Z,flybrain,0.03,0.029998773793809823,30.0,29.99877379380982,4159,45,0,115,20.479999482631683,159.45599973201752
4,20260825T082827Z,flybrain,0.03,0.029998773793809823,30.0,29.99877379380982,4159,45,0,116,19.231999292969704,164.8000031709671
4,20260825T082827Z,flybrain,0.03,0.029998773793809823,30.0,29.99877379380982,4159,45,0,117,18.592000007629395,161.43999993801117
4,20260825T082827Z,flybrain,0.03,0.029998773793809823,30.0,29.99877379380982,4159,45,0,118,19.13600042462349,163.455992937088
4,20260825T082827Z,flybrain,0.03,0.029998773793809823,30.0,29.99877379380982,4159,45,0,119,18.49599927663803,163.7440025806427
4,20260825T082827Z,flybrain,0.03,0.029998773793809823,30.0,29.99877379380982,4159,45,0,120,18.432000651955605,164.92800414562225
4,20260825T082827Z,flybrain,0.03,0.029998773793809823,30.0,29.99877379380982,4159,45,0,121,19.200000911951065,708.9599967002869
4,20260825T082827Z,flybrain,0.03,0.029998773793809823,30.0,29.99877379380982,4159,45,0,122,34.04799848794937,173.2800006866455
4,20260825T082827Z,flybrain,0.03,0.029998773793809823,30.0,29.99877379380982,4159,45,0,123,28.351999819278717,169.21600699424744
4,20260825T082827Z,flybrain,0.03,0.029998773793809823,30.0,29.99877379380982,4159,45,0,124,18.464000895619392,158.91200304031372
4,20260825T082827Z,flybrain,0.03,0.029998773793809823,30.0,29.99877379380982,4159,45,0,125,18.624000251293182,159.42400693893433
4,20260825T082827Z,flybrain,0.03,0.029998773793809823,30.0,29.99877379380982,4159,45,0,126,18.464000895619392,167.58400201797485
4,20260825T082827Z,flybrain,0.03,0.029998773793809823,30.0,29.99877379380982,4159,45,0,127,18.0479995906353,167.58400201797485
4,20260825T082827Z,flybrain,0.03,0.029998773793809823,30.0,29.99877379380982,4159,45,1,0,279.61599826812744,195.93599438667297
4,20260825T082827Z,flybrain,0.03,0.029998773793809823,30.0,29.99877379380982,4159,45,1,1,19.200000911951065,162.6880019903183
4,20260825T082827Z,flybrain,0.03,0.029998773793809823,30.0,29.99877379380982,4159,45,1,2,18.33599992096424,162.62400150299072
4,20260825T082827Z,flybrain,0.03,0.029998773793809823,30.0,29.99877379380982,4159,45,1,3,18.49599927663803,162.52799332141876
4,20260825T082827Z,flybrain,0.03,0.029998773793809823,30.0,29.99877379380982,4159,45,1,4,18.400000408291817,162.59199380874634
4,20260825T082827Z,flybrain,0.03,0.029998773793809823,30.0,29.99877379380982,4159,45,1,5,20.128000527620316,158.62399339675903
4,20260825T082827Z,flybrain,0.03,0.029998773793809823,30.0,29.99877379380982,4159,45,1,6,18.688000738620758,166.75199568271637
4,20260825T082827Z,flybrain,0.03,0.029998773793809823,30.0,29.99877379380982,4159,45,1,7,18.688000738620758,160.76800227165222
4,20260825T082827Z,flybrain,0.03,0.029998773793809823,30.0,29.99877379380982,4159,45,1,8,19.168000668287277,165.0560051202774
4,20260825T082827Z,flybrain,0.03,0.029998773793809823,30.0,29.99877379380982,4159,45,1,9,19.039999693632126,163.5199934244156
4,20260825T082827Z,flybrain,0.03,0.029998773793809823,30.0,29.99877379380982,4159,45,1,10,19.039999693632126,167.00799763202667
4,20260825T082827Z,flybrain,0.03,0.029998773793809823,30.0,29.99877379380982,4159,45,1,11,18.592000007629395,161.95200383663177
4,20260825T082827Z,flybrain,0.03,0.029998773793809823,30.0,29.99877379380982,4159,45,1,12,18.432000651955605,163.58399391174316
4,20260825T082827Z,flybrain,0.03,0.029998773793809823,30.0,29.99877379380982,4159,45,1,13,20.479999482631683,162.59199380874634
4,20260825T082827Z,flybrain,0.03,0.029998773793809823,30.0,29.99877379380982,4159,45,1,14,18.52799952030182,164.89599645137787
4,20260825T082827Z,flybrain,0.03,0.029998773793809823,30.0,29.99877379380982,4159,45,1,15,18.464000895619392,163.00800442695618
4,20260825T082827Z,flybrain,0.03,0.029998773793809823,30.0,29.99877379380982,4159,45,1,16,18.624000251293182,160.99199652671814
4,20260825T082827Z,flybrain,0.03,0.029998773793809823,30.0,29.99877379380982,4159,45,1,17,18.592000007629395,161.40800714492798
4,20260825T082827Z,flybrain,0.03,0.029998773793809823,30.0,29.99877379380982,4159,45,1,18,18.49599927663803,165.0879979133606
4,20260825T082827Z,flybrain,0.03,0.029998773793809823,30.0,29.99877379380982,4159,45,1,19,18.592000007629395,164.95999693870544
4,20260825T082827Z,flybrain,0.03,0.029998773793809823,30.0,29.99877379380982,4159,45,1,20,18.624000251293182,162.91199624538422
4,20260825T082827Z,flybrain,0.03,0.029998773793809823,30.0,29.99877379380982,4159,45,1,21,18.624000251293182,165.40800034999847
4,20260825T082827Z,flybrain,0.03,0.029998773793809823,30.0,29.99877379380982,4159,45,1,22,18.464000895619392,162.9759967327118
4,20260825T082827Z,flybrain,0.03,0.029998773793809823,30.0,29.99877379380982,4159,45,1,23,18.52799952030182,163.64799439907074
4,20260825T082827Z,flybrain,0.03,0.029998773793809823,30.0,29.99877379380982,4159,45,1,24,18.400000408291817,163.455992937088
4,20260825T082827Z,flybrain,0.03,0.029998773793809823,30.0,29.99877379380982,4159,45,1,25,18.49599927663803,162.9440039396286
4,20260825T082827Z,flybrain,0.03,0.029998773793809823,30.0,29.99877379380982,4159,45,1,26,18.624000251293182,163.03999722003937
4,20260825T082827Z,flybrain,0.03,0.029998773793809823,30.0,29.99877379380982,4159,45,1,27,20.447999238967896,160.96000373363495
4,20260825T082827Z,flybrain,0.03,0.029998773793809823,30.0,29.99877379380982,4159,45,1,28,18.52799952030182,163.42400014400482
4,20260825T082827Z,flybrain,0.03,0.029998773793809823,30.0,29.99877379380982,4159,45,1,29,19.200000911951065,161.3440066576004
4,20260825T082827Z,flybrain,0.03,0.029998773793809823,30.0,29.99877379380982,4159,45,1,30,18.464000895619392,160.89600324630737
4,20260825T082827Z,flybrain,0.03,0.029998773793809823,30.0,29.99877379380982,4159,45,1,31,18.559999763965607,160.7999950647354
4,20260825T082827Z,flybrain,0.03,0.029998773793809823,30.0,29.99877379380982,4159,45,1,32,18.65600049495697,158.91200304031372
4,20260825T082827Z,flybrain,0.03,0.029998773793809823,30.0,29.99877379380982,4159,45,1,33,18.65600049495697,160.7999950647354
4,20260825T082827Z,flybrain,0.03,0.029998773793809823,30.0,29.99877379380982,4159,45,1,34,18.49599927663803,164.000004529953
4,20260825T082827Z,flybrain,0.03,0.029998773793809823,30.0,29.99877379380982,4159,45,1,35,18.559999763965607,161.56800091266632
4,20260825T082827Z,flybrain,0.03,0.029998773793809823,30.0,29.99877379380982,4159,45,1,36,20.51199972629547,167.00799763202667
4,20260825T082827Z,flybrain,0.03,0.029998773793809823,30.0,29.99877379380982,4159,45,1,37,18.49599927663803,160.863995552063
4,20260825T082827Z,flybrain,0.03,0.029998773793809823,30.0,29.99877379380982,4159,45,1,38,18.624000251293182,163.55200111865997
4,20260825T082827Z,flybrain,0.03,0.029998773793809823,30.0,29.99877379380982,4159,45,1,39,18.97599920630455,160.8320027589798
4,20260825T082827Z,flybrain,0.03,0.029998773793809823,30.0,29.99877379380982,4159,45,1,40,18.592000007629395,165.0560051202774
4,20260825T082827Z,flybrain,0.03,0.029998773793809823,30.0,29.99877379380982,4159,45,1,41,18.52799952030182,162.88000345230103
4,20260825T082827Z,flybrain,0.03,0.029998773793809823,30.0,29.99877379380982,4159,45,1,42,18.592000007629395,163.00800442695618
4,20260825T082827Z,flybrain,0.03,0.029998773793809823,30.0,29.99877379380982,4159,45,1,43,18.52799952030182,163.64799439907074
4,20260825T082827Z,flybrain,0.03,0.029998773793809823,30.0,29.99877379380982,4159,45,1,44,19.039999693632126,160.8320027589798
4,20260825T082827Z,flybrain,0.03,0.029998773793809823,30.0,29.99877379380982,4159,45,1,45,18.65600049495697,167.42399334907532
4,20260825T082827Z,flybrain,0.03,0.029998773793809823,30.0,29.99877379380982,4159,45,1,46,18.432000651955605,165.0560051202774
4,20260825T082827Z,flybrain,0.03,0.029998773793809823,30.0,29.99877379380982,4159,45,1,47,18.912000581622124,163.4880006313324
4,20260825T082827Z,flybrain,0.03,0.029998773793809823,30.0,29.99877379380982,4159,45,1,48,18.49599927663803,160.92799603939056
4,20260825T082827Z,flybrain,0.03,0.029998773793809823,30.0,29.99877379380982,4159,45,1,49,18.624000251293182,162.91199624538422
4,20260825T082827Z,flybrain,0.03,0.029998773793809823,30.0,29.99877379380982,4159,45,1,50,18.624000251293182,161.56800091266632
4,20260825T082827Z,flybrain,0.03,0.029998773793809823,30.0,29.99877379380982,4159,45,1,51,18.49599927663803,165.02399742603302
4,20260825T082827Z,flybrain,0.03,0.029998773793809823,30.0,29.99877379380982,4159,45,1,52,18.65600049495697,165.0560051202774
4,20260825T082827Z,flybrain,0.03,0.029998773793809823,30.0,29.99877379380982,4159,45,1,53,18.624000251293182,164.99200463294983
4,20260825T082827Z,flybrain,0.03,0.029998773793809823,30.0,29.99877379380982,4159,45,1,54,18.592000007629395,160.92799603939056
4,20260825T082827Z,flybrain,0.03,0.029998773793809823,30.0,29.99877379380982,4159,45,1,55,18.464000895619392,167.52000153064728
4,20260825T082827Z,flybrain,0.03,0.029998773793809823,30.0,29.99877379380982,4159,45,1,56,20.576000213623047,160.92799603939056
4,20260825T082827Z,flybrain,0.03,0.029998773793809823,30.0,29.99877379380982,4159,45,1,57,18.624000251293182,159.87199544906616
4,20260825T082827Z,flybrain,0.03,0.029998773793809823,30.0,29.99877379380982,4159,45,1,58,18.65600049495697,160.92799603939056
4,20260825T082827Z,flybrain,0.03,0.029998773793809823,30.0,29.99877379380982,4159,45,1,59,18.52799952030182,159.45599973201752
4,20260825T082827Z,flybrain,0.03,0.029998773793809823,30.0,29.99877379380982,4159,45,1,60,18.52799952030182,160.7999950647354
4,20260825T082827Z,flybrain,0.03,0.029998773793809823,30.0,29.99877379380982,4159,45,1,61,19.519999623298645,161.47199273109436
4,20260825T082827Z,flybrain,0.03,0.029998773793809823,30.0,29.99877379380982,4159,45,1,62,20.54399996995926,165.6319946050644
4,20260825T082827Z,flybrain,0.03,0.029998773793809823,30.0,29.99877379380982,4159,45,1,63,18.49599927663803,162.9759967327118
4,20260825T082827Z,flybrain,0.03,0.029998773793809823,30.0,29.99877379380982,4159,45,1,64,18.624000251293182,164.95999693870544
4,20260825T082827Z,flybrain,0.03,0.029998773793809823,30.0,29.99877379380982,4159,45,1,65,20.608000457286835,161.47199273109436
4,20260825T082827Z,flybrain,0.03,0.029998773793809823,30.0,29.99877379380982,4159,45,1,66,18.49599927663803,159.64800119400024
4,20260825T082827Z,flybrain,0.03,0.029998773793809823,30.0,29.99877379380982,4159,45,1,67,18.33599992096424,165.47200083732605
4,20260825T082827Z,flybrain,0.03,0.029998773793809823,30.0,29.99877379380982,4159,45,1,68,18.52799952030182,163.58399391174316
4,20260825T082827Z,flybrain,0.03,0.029998773793809823,30.0,29.99877379380982,4159,45,1,69,18.49599927663803,160.89600324630737
4,20260825T082827Z,flybrain,0.03,0.029998773793809823,30.0,29.99877379380982,4159,45,1,70,18.624000251293182,160.96000373363495
4,20260825T082827Z,flybrain,0.03,0.029998773793809823,30.0,29.99877379380982,4159,45,1,71,18.559999763965607,162.91199624538422
4,20260825T082827Z,flybrain,0.03,0.029998773793809823,30.0,29.99877379380982,4159,45,1,72,18.432000651955605,163.00800442695618
4,20260825T082827Z,flybrain,0.03,0.029998773793809823,30.0,29.99877379380982,4159,45,1,73,18.464000895619392,167.4879938364029
4,20260825T082827Z,flybrain,0.03,0.029998773793809823,30.0,29.99877379380982,4159,45,1,74,18.52799952030182,165.66400229930878
4,20260825T082827Z,flybrain,0.03,0.029998773793809823,30.0,29.99877379380982,4159,45,1,75,18.49599927663803,159.4880074262619
4,20260825T082827Z,flybrain,0.03,0.029998773793809823,30.0,29.99877379380982,4159,45,1,76,18.49599927663803,159.5200002193451
4,20260825T082827Z,flybrain,0.03,0.029998773793809823,30.0,29.99877379380982,4159,45,1,77,18.464000895619392,163.35999965667725
4,20260825T082827Z,flybrain,0.03,0.029998773793809823,30.0,29.99877379380982,4159,45,1,78,18.49599927663803,163.5199934244156
4,20260825T082827Z,flybrain,0.03,0.029998773793809823,30.0,29.99877379380982,4159,45,1,79,18.464000895619392,161.47199273109436
4,20260825T082827Z,flybrain,0.03,0.029998773793809823,30.0,29.99877379380982,4159,45,1,80,18.49599927663803,166.72000288963318
4,20260825T082827Z,flybrain,0.03,0.029998773793809823,30.0,29.99877379380982,4159,45,1,81,20.54399996995926,163.4880006313324
4,20260825T082827Z,flybrain,0.03,0.029998773793809823,30.0,29.99877379380982,4159,45,1,82,18.52799952030182,158.91200304031372
4,20260825T082827Z,flybrain,0.03,0.029998773793809823,30.0,29.99877379380982,4159,45,1,83,18.559999763965607,163.55200111865997
4,20260825T082827Z,flybrain,0.03,0.029998773793809823,30.0,29.99877379380982,4159,45,1,84,18.464000895619392,165.56799411773682
4,20260825T082827Z,flybrain,0.03,0.029998773793809823,30.0,29.99877379380982,4159,45,1,85,18.49599927663803,156.8319946527481
4,20260825T082827Z,flybrain,0.03,0.029998773793809823,30.0,29.99877379380982,4159,45,1,86,18.624000251293182,165.66400229930878
4,20260825T082827Z,flybrain,0.03,0.029998773793809823,30.0,29.99877379380982,4159,45,1,87,18.52799952030182,160.7999950647354
4,20260825T082827Z,flybrain,0.03,0.029998773793809823,30.0,29.99877379380982,4159,45,1,88,18.592000007629395,160.863995552063
4,20260825T082827Z,flybrain,0.03,0.029998773793809823,30.0,29.99877379380982,4159,45,1,89,18.432000651955605,161.43999993801117
4,20260825T082827Z,flybrain,0.03,0.029998773793809823,30.0,29.99877379380982,4159,45,1,90,18.464000895619392,162.91199624538422
4,20260825T082827Z,flybrain,0.03,0.029998773793809823,30.0,29.99877379380982,4159,45,1,91,18.592000007629395,163.55200111865997
4,20260825T082827Z,flybrain,0.03,0.029998773793809823,30.0,29.99877379380982,4159,45,1,92,18.52799952030182,161.5999937057495
4,20260825T082827Z,flybrain,0.03,0.029998773793809823,30.0,29.99877379380982,4159,45,1,93,18.464000895619392,167.64800250530243
4,20260825T082827Z,flybrain,0.03,0.029998773793809823,30.0,29.99877379380982,4159,45,1,94,18.49599927663803,160.8320027589798
4,20260825T082827Z,flybrain,0.03,0.029998773793809823,30.0,29.99877379380982,4159,45,1,95,18.592000007629395,166.97600483894348
4,20260825T082827Z,flybrain,0.03,0.029998773793809823,30.0,29.99877379380982,4159,45,1,96,18.592000007629395,161.5999937057495
4,20260825T082827Z,flybrain,0.03,0.029998773793809823,30.0,29.99877379380982,4159,45,1,97,18.464000895619392,162.91199624538422
4,20260825T082827Z,flybrain,0.03,0.029998773793809823,30.0,29.99877379380982,4159,45,1,98,18.65600049495697,158.75199437141418
4,20260825T082827Z,flybrain,0.03,0.029998773793809823,30.0,29.99877379380982,4159,45,1,99,20.447999238967896,160.96000373363495
4,20260825T082827Z,flybrain,0.03,0.029998773793809823,30.0,29.99877379380982,4159,45,1,100,18.464000895619392,159.36000645160675
4,20260825T082827Z,flybrain,0.03,0.029998773793809823,30.0,29.99877379380982,4159,45,1,101,18.49599927663803,163.455992937088
4,20260825T082827Z,flybrain,0.03,0.029998773793809823,30.0,29.99877379380982,4159,45,1,102,18.49599927663803,170.3680008649826
4,20260825T082827Z,flybrain,0.03,0.029998773793809823,30.0,29.99877379380982,4159,45,1,103,18.432000651955605,158.6879938840866
4,20260825T082827Z,flybrain,0.03,0.029998773793809823,30.0,29.99877379380982,4159,45,1,104,18.592000007629395,172.44799435138702
4,20260825T082827Z,flybrain,0.03,0.029998773793809823,30.0,29.99877379380982,4159,45,1,105,22.23999984562397,162.84799575805664
4,20260825T082827Z,flybrain,0.03,0.029998773793809823,30.0,29.99877379380982,4159,45,1,106,18.624000251293182,170.56000232696533
4,20260825T082827Z,flybrain,0.03,0.029998773793809823,30.0,29.99877379380982,4159,45,1,107,18.49599927663803,165.53600132465363
4,20260825T082827Z,flybrain,0.03,0.029998773793809823,30.0,29.99877379380982,4159,45,1,108,18.464000895619392,168.19199919700623
4,20260825T082827Z,flybrain,0.03,0.029998773793809823,30.0,29.99877379380982,4159,45,1,109,18.94400082528591,159.19999778270721
4,20260825T082827Z,flybrain,0.03,0.029998773793809823,30.0,29.99877379380982,4159,45,1,110,18.49599927663803,170.23999989032745
4,20260825T082827Z,flybrain,0.03,0.029998773793809823,30.0,29.99877379380982,4159,45,1,111,20.22399939596653,158.78400206565857
4,20260825T082827Z,flybrain,0.03,0.029998773793809823,30.0,29.99877379380982,4159,45,1,112,18.624000251293182,166.4000004529953
4,20260825T082827Z,flybrain,0.03,0.029998773793809823,30.0,29.99877379380982,4159,45,1,113,19.26399953663349,162.9440039396286
4,20260825T082827Z,flybrain,0.03,0.029998773793809823,30.0,29.99877379380982,4159,45,1,114,18.592000007629395,168.47999393939972
4,20260825T082827Z,flybrain,0.03,0.029998773793809823,30.0,29.99877379380982,4159,45,1,115,18.65600049495697,161.56800091266632
4,20260825T082827Z,flybrain,0.03,0.029998773793809823,30.0,29.99877379380982,4159,45,1,116,18.464000895619392,171.74400389194489
4,20260825T082827Z,flybrain,0.03,0.029998773793809823,30.0,29.99877379380982,4159,45,1,117,20.51199972629547,163.58399391174316
4,20260825T082827Z,flybrain,0.03,0.029998773793809823,30.0,29.99877379380982,4159,45,1,118,18.432000651955605,170.17599940299988
4,20260825T082827Z,flybrain,0.03,0.029998773793809823,30.0,29.99877379380982,4159,45,1,119,19.007999449968338,163.5199934244156
4,20260825T082827Z,flybrain,0.03,0.029998773793809823,30.0,29.99877379380982,4159,45,1,120,18.464000895619392,173.21600019931793
4,20260825T082827Z,flybrain,0.03,0.029998773793809823,30.0,29.99877379380982,4159,45,1,121,18.880000337958336,161.56800091266632
4,20260825T082827Z,flybrain,0.03,0.029998773793809823,30.0,29.99877379380982,4159,45,1,122,18.400000408291817,165.66400229930878
4,20260825T082827Z,flybrain,0.03,0.029998773793809823,30.0,29.99877379380982,4159,45,1,123,18.97599920630455,160.7999950647354
4,20260825T082827Z,flybrain,0.03,0.029998773793809823,30.0,29.99877379380982,4159,45,1,124,18.624000251293182,161.56800091266632
4,20260825T082827Z,flybrain,0.03,0.029998773793809823,30.0,29.99877379380982,4159,45,1,125,20.51199972629547,159.84000265598297
4,20260825T082827Z,flybrain,0.03,0.029998773793809823,30.0,29.99877379380982,4159,45,1,126,18.592000007629395,167.58400201797485
4,20260825T082827Z,flybrain,0.03,0.029998773793809823,30.0,29.99877379380982,4159,45,1,127,18.0479995906353,167.58400201797485
4,20260825T082827Z,flybrain,0.03,0.029998773793809823,30.0,29.99877379380982,4159,45,2,0,607.5519919395447,167.07199811935425
4,20260825T082827Z,flybrain,0.03,0.029998773793809823,30.0,29.99877379380982,4159,45,2,1,20.608000457286835,163.61600160598755
4,20260825T082827Z,flybrain,0.03,0.029998773793809823,30.0,29.99877379380982,4159,45,2,2,20.479999482631683,165.02399742603302
4,20260825T082827Z,flybrain,0.03,0.029998773793809823,30.0,29.99877379380982,4159,45,2,3,20.67199908196926,160.8320027589798
4,20260825T082827Z,flybrain,0.03,0.029998773793809823,30.0,29.99877379380982,4159,45,2,4,20.51199972629547,163.7759953737259
4,20260825T082827Z,flybrain,0.03,0.029998773793809823,30.0,29.99877379380982,4159,45,2,5,20.287999883294106,159.61599349975586
4,20260825T082827Z,flybrain,0.03,0.029998773793809823,30.0,29.99877379380982,4159,45,2,6,20.38400061428547,165.6319946050644
4,20260825T082827Z,flybrain,0.03,0.029998773793809823,30.0,29.99877379380982,4159,45,2,7,20.447999238967896,160.70400178432465
4,20260825T082827Z,flybrain,0.03,0.029998773793809823,30.0,29.99877379380982,4159,45,2,8,18.52799952030182,162.9440039396286
4,20260825T082827Z,flybrain,0.03,0.029998773793809823,30.0,29.99877379380982,4159,45,2,9,20.479999482631683,162.91199624538422
4,20260825T082827Z,flybrain,0.03,0.029998773793809823,30.0,29.99877379380982,4159,45,2,10,20.640000700950623,167.07199811935425
4,20260825T082827Z,flybrain,0.03,0.029998773793809823,30.0,29.99877379380982,4159,45,2,11,18.592000007629395,427.10399627685547
4,20260825T082827Z,flybrain,0.03,0.029998773793809823,30.0,29.99877379380982,4159,45,2,12,20.608000457286835,165.6000018119812
4,20260825T082827Z,flybrain,0.03,0.029998773793809823,30.0,29.99877379380982,4159,45,2,13,20.416000857949257,163.58399391174316
4,20260825T082827Z,flybrain,0.03,0.029998773793809823,30.0,29.99877379380982,4159,45,2,14,19.1040001809597,162.88000345230103
4,20260825T082827Z,flybrain,0.03,0.029998773793809823,30.0,29.99877379380982,4159,45,2,15,19.26399953663349,163.455992937088
4,20260825T082827Z,flybrain,0.03,0.029998773793809823,30.0,29.99877379380982,4159,45,2,16,18.94400082528591,160.8320027589798
4,20260825T082827Z,flybrain,0.03,0.029998773793809823,30.0,29.99877379380982,4159,45,2,17,19.29599978029728,160.76800227165222
4,20260825T082827Z,flybrain,0.03,0.029998773793809823,30.0,29.99877379380982,4159,45,2,18,20.608000457286835,165.0560051202774
4,20260825T082827Z,flybrain,0.03,0.029998773793809823,30.0,29.99877379380982,4159,45,2,19,18.624000251293182,162.91199624538422
4,20260825T082827Z,flybrain,0.03,0.029998773793809823,30.0,29.99877379380982,4159,45,2,20,18.49599927663803,163.61600160598755
4,20260825T082827Z,flybrain,0.03,0.029998773793809823,30.0,29.99877379380982,4159,45,2,21,18.400000408291817,163.4880006313324
4,20260825T082827Z,flybrain,0.03,0.029998773793809823,30.0,29.99877379380982,4159,45,2,22,20.608000457286835,562.3679757118225
4,20260825T082827Z,flybrain,0.03,0.029998773793809823,30.0,29.99877379380982,4159,45,2,23,24.671999737620354,164.8319959640503
4,20260825T082827Z,flybrain,0.03,0.029998773793809823,30.0,29.99877379380982,4159,45,2,24,20.67199908196926,163.61600160598755
4,20260825T082827Z,flybrain,0.03,0.029998773793809823,30.0,29.99877379380982,4159,45,2,25,18.400000408291817,163.00800442695618
4,20260825T082827Z,flybrain,0.03,0.029998773793809823,30.0,29.99877379380982,4159,45,2,26,20.608000457286835,162.9759967327118
4,20260825T082827Z,flybrain,0.03,0.029998773793809823,30.0,29.99877379380982,4159,45,2,27,18.624000251293182,163.5199934244156
4,20260825T082827Z,flybrain,0.03,0.029998773793809823,30.0,29.99877379380982,4159,45,2,28,20.54399996995926,162.88000345230103
4,20260825T082827Z,flybrain,0.03,0.029998773793809823,30.0,29.99877379380982,4159,45,2,29,18.52799952030182,160.92799603939056
4,20260825T082827Z,flybrain,0.03,0.029998773793809823,30.0,29.99877379380982,4159,45,2,30,20.416000857949257,160.96000373363495
4,20260825T082827Z,flybrain,0.03,0.029998773793809823,30.0,29.99877379380982,4159,45,2,31,18.559999763965607,160.8320027589798
4,20260825T082827Z,flybrain,0.03,0.029998773793809823,30.0,29.99877379380982,4159,45,2,32,18.592000007629395,159.55199301242828
4,20260825T082827Z,flybrain,0.03,0.029998773793809823,30.0,29.99877379380982,4159,45,2,33,20.416000857949257,417.9840087890625
4,20260825T082827Z,flybrain,0.03,0.029998773793809823,30.0,29.99877379380982,4159,45,2,34,22.624000906944275,166.9439971446991
4,20260825T082827Z,flybrain,0.03,0.029998773793809823,30.0,29.99877379380982,4159,45,2,35,20.70399932563305,160.863995552063
4,20260825T082827Z,flybrain,0.03,0.029998773793809823,30.0,29.99877379380982,4159,45,2,36,20.479999482631683,166.9439971446991
4,20260825T082827Z,flybrain,0.03,0.029998773793809823,30.0,29.99877379380982,4159,45,2,37,18.52799952030182,160.96000373363495
4,20260825T082827Z,flybrain,0.03,0.029998773793809823,30.0,29.99877379380982,4159,45,2,38,19.168000668287277,163.64799439907074
4,20260825T082827Z,flybrain,0.03,0.029998773793809823,30.0,29.99877379380982,4159,45,2,39,19.13600042462349,159.16800498962402
4,20260825T082827Z,flybrain,0.03,0.029998773793809823,30.0,29.99877379380982,4159,45,2,40,20.54399996995926,166.97600483894348
4,20260825T082827Z,flybrain,0.03,0.029998773793809823,30.0,29.99877379380982,4159,45,2,41,18.400000408291817,162.88000345230103
4,20260825T082827Z,flybrain,0.03,0.029998773793809823,30.0,29.99877379380982,4159,45,2,42,20.51199972629547,162.9440039396286
4,20260825T082827Z,flybrain,0.03,0.029998773793809823,30.0,29.99877379380982,4159,45,2,43,18.49599927663803,163.4880006313324
4,20260825T082827Z,flybrain,0.03,0.029998773793809823,30.0,29.99877379380982,4159,45,2,44,20.54399996995926,753.4080147743225
4,20260825T082827Z,flybrain,0.03,0.029998773793809823,30.0,29.99877379380982,4159,45,2,45,24.480000138282776,169.15200650691986
4,20260825T082827Z,flybrain,0.03,0.029998773793809823,30.0,29.99877379380982,4159,45,2,46,20.608000457286835,163.03999722003937
4,20260825T082827Z,flybrain,0.03,0.029998773793809823,30.0,29.99877379380982,4159,45,2,47,18.49599927663803,160.7999950647354
4,20260825T082827Z,flybrain,0.03,0.029998773793809823,30.0,29.99877379380982,4159,45,2,48,20.67199908196926,160.89600324630737
4,20260825T082827Z,flybrain,0.03,0.029998773793809823,30.0,29.99877379380982,4159,45,2,49,19.360000267624855,160.96000373363495
4,20260825T082827Z,flybrain,0.03,0.029998773793809823,30.0,29.99877379380982,4159,45,2,50,20.479999482631683,161.56800091266632
4,20260825T082827Z,flybrain,0.03,0.029998773793809823,30.0,29.99877379380982,4159,45,2,51,18.432000651955605,165.6319946050644
4,20260825T082827Z,flybrain,0.03,0.029998773793809823,30.0,29.99877379380982,4159,45,2,52,20.447999238967896,165.6319946050644
4,20260825T082827Z,flybrain,0.03,0.029998773793809823,30.0,29.99877379380982,4159,45,2,53,18.400000408291817,164.86400365829468
4,20260825T082827Z,flybrain,0.03,0.029998773793809823,30.0,29.99877379380982,4159,45,2,54,18.49599927663803,163.455992937088
4,20260825T082827Z,flybrain,0.03,0.029998773793809823,30.0,29.99877379380982,4159,45,2,55,18.49599927663803,462.94400095939636
4,20260825T082827Z,flybrain,0.03,0.029998773793809823,30.0,29.99877379380982,4159,45,2,56,23.584000766277313,164.89599645137787
4,20260825T082827Z,flybrain,0.03,0.029998773793809823,30.0,29.99877379380982,4159,45,2,57,20.54399996995926,161.47199273109436
4,20260825T082827Z,flybrain,0.03,0.029998773793809823,30.0,29.99877379380982,4159,45,2,58,20.38400061428547,160.96000373363495
4,20260825T082827Z,flybrain,0.03,0.029998773793809823,30.0,29.99877379380982,4159,45,2,59,18.624000251293182,158.84800255298615
4,20260825T082827Z,flybrain,0.03,0.029998773793809823,30.0,29.99877379380982,4159,45,2,60,19.200000911951065,161.43999993801117
4,20260825T082827Z,flybrain,0.03,0.029998773793809823,30.0,29.99877379380982,4159,45,2,61,18.97599920630455,161.43999993801117
4,20260825T082827Z,flybrain,0.03,0.029998773793809823,30.0,29.99877379380982,4159,45,2,62,20.54399996995926,165.02399742603302
4,20260825T082827Z,flybrain,0.03,0.029998773793809823,30.0,29.99877379380982,4159,45,2,63,18.624000251293182,162.91199624538422
4,20260825T082827Z,flybrain,0.03,0.029998773793809823,30.0,29.99877379380982,4159,45,2,64,18.624000251293182,164.99200463294983
4,20260825T082827Z,flybrain,0.03,0.029998773793809823,30.0,29.99877379380982,4159,45,2,65,18.33599992096424,160.92799603939056
4,20260825T082827Z,flybrain,0.03,0.029998773793809823,30.0,29.99877379380982,4159,45,2,66,18.592000007629395,927.2000193595886
4,20260825T082827Z,flybrain,0.03,0.029998773793809823,30.0,29.99877379380982,4159,45,2,67,24.480000138282776,167.00799763202667
4,20260825T082827Z,flybrain,0.03,0.029998773793809823,30.0,29.99877379380982,4159,45,2,68,20.67199908196926,163.64799439907074
4,20260825T082827Z,flybrain,0.03,0.029998773793809823,30.0,29.99877379380982,4159,45,2,69,19.039999693632126,161.56800091266632
4,20260825T082827Z,flybrain,0.03,0.029998773793809823,30.0,29.99877379380982,4159,45,2,70,20.38400061428547,160.96000373363495
4,20260825T082827Z,flybrain,0.03,0.029998773793809823,30.0,29.99877379380982,4159,45,2,71,18.52799952030182,163.61600160598755
4,20260825T082827Z,flybrain,0.03,0.029998773793809823,30.0,29.99877379380982,4159,45,2,72,20.447999238967896,163.58399391174316
4,20260825T082827Z,flybrain,0.03,0.029998773793809823,30.0,29.99877379380982,4159,45,2,73,19.42400075495243,169.11999881267548
4,20260825T082827Z,flybrain,0.03,0.029998773793809823,30.0,29.99877379380982,4159,45,2,74,19.071999937295914,164.95999693870544
4,20260825T082827Z,flybrain,0.03,0.029998773793809823,30.0,29.99877379380982,4159,45,2,75,20.54399996995926,161.47199273109436
4,20260825T082827Z,flybrain,0.03,0.029998773793809823,30.0,29.99877379380982,4159,45,2,76,20.51199972629547,158.87999534606934
4,20260825T082827Z,flybrain,0.03,0.029998773793809823,30.0,29.99877379380982,4159,45,2,77,18.52799952030182,414.91198539733887
4,20260825T082827Z,flybrain,0.03,0.029998773793809823,30.0,29.99877379380982,4159,45,2,78,20.416000857949257,165.6000018119812
4,20260825T082827Z,flybrain,0.03,0.029998773793809823,30.0,29.99877379380982,4159,45,2,79,18.49599927663803,163.32800686359406
4,20260825T082827Z,flybrain,0.03,0.029998773793809823,30.0,29.99877379380982,4159,45,2,80,20.447999238967896,164.99200463294983
4,20260825T082827Z,flybrain,0.03,0.029998773793809823,30.0,29.99877379380982,4159,45,2,81,20.479999482631683,163.55200111865997
4,20260825T082827Z,flybrain,0.03,0.029998773793809823,30.0,29.99877379380982,4159,45,2,82,20.479999482631683,158.87999534606934
4,20260825T082827Z,flybrain,0.03,0.029998773793809823,30.0,29.99877379380982,4159,45,2,83,18.464000895619392,162.81600296497345
4,20260825T082827Z,flybrain,0.03,0.029998773793809823,30.0,29.99877379380982,4159,45,2,84,18.592000007629395,164.8000031709671
4,20260825T082827Z,flybrain,0.03,0.029998773793809823,30.0,29.99877379380982,4159,45,2,85,18.52799952030182,157.47199952602386
4,20260825T082827Z,flybrain,0.03,0.029998773793809823,30.0,29.99877379380982,4159,45,2,86,20.51199972629547,167.71200299263
4,20260825T082827Z,flybrain,0.03,0.029998773793809823,30.0,29.99877379380982,4159,45,2,87,18.49599927663803,161.31199896335602
4,20260825T082827Z,flybrain,0.03,0.029998773793809823,30.0,29.99877379380982,4159,45,2,88,19.039999693632126,563.2320046424866
4,20260825T082827Z,flybrain,0.03,0.029998773793809823,30.0,29.99877379380982,4159,45,2,89,25.34399926662445,163.61600160598755
4,20260825T082827Z,flybrain,0.03,0.029998773793809823,30.0,29.99877379380982,4159,45,2,90,20.54399996995926,165.6319946050644
4,20260825T082827Z,flybrain,0.03,0.029998773793809823,30.0,29.99877379380982,4159,45,2,91,18.464000895619392,164.8000031709671
4,20260825T082827Z,flybrain,0.03,0.029998773793809823,30.0,29.99877379380982,4159,45,2,92,20.67199908196926,160.8320027589798
4,20260825T082827Z,flybrain,0.03,0.029998773793809823,30.0,29.99877379380982,4159,45,2,93,20.416000857949257,167.71200299263
4,20260825T082827Z,flybrain,0.03,0.029998773793809823,30.0,29.99877379380982,4159,45,2,94,18.464000895619392,163.58399391174316
4,20260825T082827Z,flybrain,0.03,0.029998773793809823,30.0,29.99877379380982,4159,45,2,95,19.200000911951065,168.89600455760956
4,20260825T082827Z,flybrain,0.03,0.029998773793809823,30.0,29.99877379380982,4159,45,2,96,18.49599927663803,161.6320013999939
4,20260825T082827Z,flybrain,0.03,0.029998773793809823,30.0,29.99877379380982,4159,45,2,97,19.392000511288643,163.00800442695618
4,20260825T082827Z,flybrain,0.03,0.029998773793809823,30.0,29.99877379380982,4159,45,2,98,20.640000700950623,161.47199273109436
4,20260825T082827Z,flybrain,0.03,0.029998773793809823,30.0,29.99877379380982,4159,45,2,99,20.51199972629547,413.4719967842102
4,20260825T082827Z,flybrain,0.03,0.029998773793809823,30.0,29.99877379380982,4159,45,2,100,21.43999934196472,162.91199624538422
4,20260825T082827Z,flybrain,0.03,0.029998773793809823,30.0,29.99877379380982,4159,45,2,101,20.51199972629547,163.42400014400482
4,20260825T082827Z,flybrain,0.03,0.029998773793809823,30.0,29.99877379380982,4159,45,2,102,20.479999482631683,163.00800442695618
4,20260825T082827Z,flybrain,0.03,0.029998773793809823,30.0,29.99877379380982,4159,45,2,103,19.360000267624855,160.67199409008026
4,20260825T082827Z,flybrain,0.03,0.029998773793809823,30.0,29.99877379380982,4159,45,2,104,18.624000251293182,165.69599509239197
4,20260825T082827Z,flybrain,0.03,0.029998773793809823,30.0,29.99877379380982,4159,45,2,105,19.42400075495243,163.00800442695618
4,20260825T082827Z,flybrain,0.03,0.029998773793809823,30.0,29.99877379380982,4159,45,2,106,18.559999763965607,163.4880006313324
4,20260825T082827Z,flybrain,0.03,0.029998773793809823,30.0,29.99877379380982,4159,45,2,107,20.54399996995926,167.58400201797485
4,20260825T082827Z,flybrain,0.03,0.029998773793809823,30.0,29.99877379380982,4159,45,2,108,18.49599927663803,160.89600324630737
4,20260825T082827Z,flybrain,0.03,0.029998773793809823,30.0,29.99877379380982,4159,45,2,109,20.576000213623047,159.4880074262619
4,20260825T082827Z,flybrain,0.03,0.029998773793809823,30.0,29.99877379380982,4159,45,2,110,21.088000386953354,764.9279832839966
4,20260825T082827Z,flybrain,0.03,0.029998773793809823,30.0,29.99877379380982,4159,45,2,111,24.639999493956566,163.4880006313324
4,20260825T082827Z,flybrain,0.03,0.029998773793809823,30.0,29.99877379380982,4159,45,2,112,19.392000511288643,158.84800255298615
4,20260825T082827Z,flybrain,0.03,0.029998773793809823,30.0,29.99877379380982,4159,45,2,113,18.464000895619392,163.42400014400482
4,20260825T082827Z,flybrain,0.03,0.029998773793809823,30.0,29.99877379380982,4159,45,2,114,20.54399996995926,167.04000532627106
4,20260825T082827Z,flybrain,0.03,0.029998773793809823,30.0,29.99877379380982,4159,45,2,115,18.624000251293182,161.3759994506836
4,20260825T082827Z,flybrain,0.03,0.029998773793809823,30.0,29.99877379380982,4159,45,2,116,18.49599927663803,165.6319946050644
4,20260825T082827Z,flybrain,0.03,0.029998773793809823,30.0,29.99877379380982,4159,45,2,117,20.416000857949257,163.00800442695618
4,20260825T082827Z,flybrain,0.03,0.029998773793809823,30.0,29.99877379380982,4159,45,2,118,18.464000895619392,162.9759967327118
4,20260825T082827Z,flybrain,0.03,0.029998773793809823,30.0,29.99877379380982,4159,45,2,119,20.640000700950623,162.7199947834015
4,20260825T082827Z,flybrain,0.03,0.029998773793809823,30.0,29.99877379380982,4159,45,2,120,19.58400011062622,164.99200463294983
4,20260825T082827Z,flybrain,0.03,0.029998773793809823,30.0,29.99877379380982,4159,45,2,121,20.54399996995926,452.7679979801178
4,20260825T082827Z,flybrain,0.03,0.029998773793809823,30.0,29.99877379380982,4159,45,2,122,23.48800003528595,169.79199647903442
4,20260825T082827Z,flybrain,0.03,0.029998773793809823,30.0,29.99877379380982,4159,45,2,123,20.479999482631683,160.7999950647354
4,20260825T082827Z,flybrain,0.03,0.029998773793809823,30.0,29.99877379380982,4159,45,2,124,18.624000251293182,161.43999993801117
4,20260825T082827Z,flybrain,0.03,0.029998773793809823,30.0,29.99877379380982,4159,45,2,125,20.54399996995926,157.44000673294067
4,20260825T082827Z,flybrain,0.03,0.029998773793809823,30.0,29.99877379380982,4159,45,2,126,20.54399996995926,165.50399363040924
4,20260825T082827Z,flybrain,0.03,0.029998773793809823,30.0,29.99877379380982,4159,45,2,127,18.079999834299088,167.58400201797485
4,20260825T082827Z,flybrain,0.03,0.029998773793809823,30.0,29.99877379380982,4159,45,3,0,244.47999894618988,306.94401264190674
4,20260825T082827Z,flybrain,0.03,0.029998773793809823,30.0,29.99877379380982,4159,45,3,1,20.35200037062168,163.4880006313324
4,20260825T082827Z,flybrain,0.03,0.029998773793809823,30.0,29.99877379380982,4159,45,3,2,21.12000063061714,162.75200247764587
4,20260825T082827Z,flybrain,0.03,0.029998773793809823,30.0,29.99877379380982,4159,45,3,3,19.711999222636223,159.87199544906616
4,20260825T082827Z,flybrain,0.03,0.029998773793809823,30.0,29.99877379380982,4159,45,3,4,20.67199908196926,162.9759967327118
4,20260825T082827Z,flybrain,0.03,0.029998773793809823,30.0,29.99877379380982,4159,45,3,5,18.912000581622124,158.65600109100342
4,20260825T082827Z,flybrain,0.03,0.029998773793809823,30.0,29.99877379380982,4159,45,3,6,19.13600042462349,164.89599645137787
4,20260825T082827Z,flybrain,0.03,0.029998773793809823,30.0,29.99877379380982,4159,45,3,7,18.912000581622124,160.92799603939056
4,20260825T082827Z,flybrain,0.03,0.029998773793809823,30.0,29.99877379380982,4159,45,3,8,18.97599920630455,164.8319959640503
4,20260825T082827Z,flybrain,0.03,0.029998773793809823,30.0,29.99877379380982,4159,45,3,9,19.039999693632126,162.91199624538422
4,20260825T082827Z,flybrain,0.03,0.029998773793809823,30.0,29.99877379380982,4159,45,3,10,19.007999449968338,166.9439971446991
4,20260825T082827Z,flybrain,0.03,0.029998773793809823,30.0,29.99877379380982,4159,45,3,11,19.200000911951065,160.70400178432465
4,20260825T082827Z,flybrain,0.03,0.029998773793809823,30.0,29.99877379380982,4159,45,3,12,19.071999937295914,785.3119969367981
4,20260825T082827Z,flybrain,0.03,0.029998773793809823,30.0,29.99877379380982,4159,45,3,13,24.159999564290047,165.02399742603302
4,20260825T082827Z,flybrain,0.03,0.029998773793809823,30.0,29.99877379380982,4159,45,3,14,19.168000668287277,164.73600268363953
4,20260825T082827Z,flybrain,0.03,0.029998773793809823,30.0,29.99877379380982,4159,45,3,15,19.071999937295914,162.84799575805664
4,20260825T082827Z,flybrain,0.03,0.029998773793809823,30.0,29.99877379380982,4159,45,3,16,19.1040001809597,160.47999262809753
4,20260825T082827Z,flybrain,0.03,0.029998773793809823,30.0,29.99877379380982,4159,45,3,17,19.168000668287277,160.96000373363495
4,20260825T082827Z,flybrain,0.03,0.029998773793809823,30.0,29.99877379380982,4159,45,3,18,18.94400082528591,165.0560051202774
4,20260825T082827Z,flybrain,0.03,0.029998773793809823,30.0,29.99877379380982,4159,45,3,19,18.94400082528591,165.0879979133606
4,20260825T082827Z,flybrain,0.03,0.029998773793809823,30.0,29.99877379380982,4159,45,3,20,19.071999937295914,164.86400365829468
4,20260825T082827Z,flybrain,0.03,0.029998773793809823,30.0,29.99877379380982,4159,45,3,21,19.071999937295914,164.73600268363953
4,20260825T082827Z,flybrain,0.03,0.029998773793809823,30.0,29.99877379380982,4159,45,3,22,19.007999449968338,162.91199624538422
4,20260825T082827Z,flybrain,0.03,0.029998773793809823,30.0,29.99877379380982,4159,45,3,23,19.168000668287277,457.88800716400146
4,20260825T082827Z,flybrain,0.03,0.029998773793809823,30.0,29.99877379380982,4159,45,3,24,22.975999861955643,164.86400365829468
4,20260825T082827Z,flybrain,0.03,0.029998773793809823,30.0,29.99877379380982,4159,45,3,25,19.168000668287277,162.91199624538422
4,20260825T082827Z,flybrain,0.03,0.029998773793809823,30.0,29.99877379380982,4159,45,3,26,19.039999693632126,162.78399527072906
4,20260825T082827Z,flybrain,0.03,0.029998773793809823,30.0,29.99877379380982,4159,45,3,27,18.97599920630455,160.67199409008026
4,20260825T082827Z,flybrain,0.03,0.029998773793809823,30.0,29.99877379380982,4159,45,3,28,19.039999693632126,162.6880019903183
4,20260825T082827Z,flybrain,0.03,0.029998773793809823,30.0,29.99877379380982,4159,45,3,29,19.1040001809597,160.5760008096695
4,20260825T082827Z,flybrain,0.03,0.029998773793809823,30.0,29.99877379380982,4159,45,3,30,19.007999449968338,160.7999950647354
4,20260825T082827Z,flybrain,0.03,0.029998773793809823,30.0,29.99877379380982,4159,45,3,31,18.94400082528591,160.64000129699707
4,20260825T082827Z,flybrain,0.03,0.029998773793809823,30.0,29.99877379380982,4159,45,3,32,19.1040001809597,158.62399339675903
4,20260825T082827Z,flybrain,0.03,0.029998773793809823,30.0,29.99877379380982,4159,45,3,33,19.13600042462349,162.9759967327118
4,20260825T082827Z,flybrain,0.03,0.029998773793809823,30.0,29.99877379380982,4159,45,3,34,18.912000581622124,936.9279742240906
4,20260825T082827Z,flybrain,0.03,0.029998773793809823,30.0,29.99877379380982,4159,45,3,35,24.159999564290047,164.92800414562225
4,20260825T082827Z,flybrain,0.03,0.029998773793809823,30.0,29.99877379380982,4159,45,3,36,18.97599920630455,166.55999422073364
4,20260825T082827Z,flybrain,0.03,0.029998773793809823,30.0,29.99877379380982,4159,45,3,37,19.007999449968338,160.89600324630737
4,20260825T082827Z,flybrain,0.03,0.029998773793809823,30.0,29.99877379380982,4159,45,3,38,21.088000386953354,162.75200247764587
4,20260825T082827Z,flybrain,0.03,0.029998773793809823,30.0,29.99877379380982,4159,45,3,39,19.007999449968338,158.6879938840866
4,20260825T082827Z,flybrain,0.03,0.029998773793809823,30.0,29.99877379380982,4159,45,3,40,19.1040001809597,165.18400609493256
4,20260825T082827Z,flybrain,0.03,0.029998773793809823,30.0,29.99877379380982,4159,45,3,41,19.071999937295914,162.84799575805664
4,20260825T082827Z,flybrain,0.03,0.029998773793809823,30.0,29.99877379380982,4159,45,3,42,18.912000581622124,162.75200247764587
4,20260825T082827Z,flybrain,0.03,0.029998773793809823,30.0,29.99877379380982,4159,45,3,43,19.071999937295914,162.88000345230103
4,20260825T082827Z,flybrain,0.03,0.029998773793809823,30.0,29.99877379380982,4159,45,3,44,18.880000337958336,162.6880019903183
4,20260825T082827Z,flybrain,0.03,0.029998773793809823,30.0,29.99877379380982,4159,45,3,45,19.039999693632126,416.9279932975769
4,20260825T082827Z,flybrain,0.03,0.029998773793809823,30.0,29.99877379380982,4159,45,3,46,20.99199965596199,164.92800414562225
4,20260825T082827Z,flybrain,0.03,0.029998773793809823,30.0,29.99877379380982,4159,45,3,47,19.039999693632126,162.78399527072906
4,20260825T082827Z,flybrain,0.03,0.029998773793809823,30.0,29.99877379380982,4159,45,3,48,19.071999937295914,162.7199947834015
4,20260825T082827Z,flybrain,0.03,0.029998773793809823,30.0,29.99877379380982,4159,45,3,49,19.007999449968338,162.9440039396286
4,20260825T082827Z,flybrain,0.03,0.029998773793809823,30.0,29.99877379380982,4159,45,3,50,18.97599920630455,160.70400178432465
4,20260825T082827Z,flybrain,0.03,0.029998773793809823,30.0,29.99877379380982,4159,45,3,51,18.848000094294548,164.67200219631195
4,20260825T082827Z,flybrain,0.03,0.029998773793809823,30.0,29.99877379380982,4159,45,3,52,19.039999693632126,164.86400365829468
4,20260825T082827Z,flybrain,0.03,0.029998773793809823,30.0,29.99877379380982,4159,45,3,53,19.071999937295914,164.86400365829468
4,20260825T082827Z,flybrain,0.03,0.029998773793809823,30.0,29.99877379380982,4159,45,3,54,19.039999693632126,162.88000345230103
4,20260825T082827Z,flybrain,0.03,0.029998773793809823,30.0,29.99877379380982,4159,45,3,55,19.071999937295914,169.21600699424744
4,20260825T082827Z,flybrain,0.03,0.029998773793809823,30.0,29.99877379380982,4159,45,3,56,19.007999449968338,564.3200278282166
4,20260825T082827Z,flybrain,0.03,0.029998773793809823,30.0,29.99877379380982,4159,45,3,57,24.224000051617622,162.88000345230103
4,20260825T082827Z,flybrain,0.03,0.029998773793809823,30.0,29.99877379380982,4159,45,3,58,21.056000143289566,160.64000129699707
4,20260825T082827Z,flybrain,0.03,0.029998773793809823,30.0,29.99877379380982,4159,45,3,59,18.97599920630455,158.84800255298615
4,20260825T082827Z,flybrain,0.03,0.029998773793809823,30.0,29.99877379380982,4159,45,3,60,19.071999937295914,160.70400178432465
4,20260825T082827Z,flybrain,0.03,0.029998773793809823,30.0,29.99877379380982,4159,45,3,61,19.039999693632126,162.6880019903183
4,20260825T082827Z,flybrain,0.03,0.029998773793809823,30.0,29.99877379380982,4159,45,3,62,19.007999449968338,164.95999693870544
4,20260825T082827Z,flybrain,0.03,0.029998773793809823,30.0,29.99877379380982,4159,45,3,63,19.168000668287277,160.60799360275269
4,20260825T082827Z,flybrain,0.03,0.029998773793809823,30.0,29.99877379380982,4159,45,3,64,20.191999152302742,164.92800414562225
4,20260825T082827Z,flybrain,0.03,0.029998773793809823,30.0,29.99877379380982,4159,45,3,65,19.13600042462349,160.7999950647354
4,20260825T082827Z,flybrain,0.03,0.029998773793809823,30.0,29.99877379380982,4159,45,3,66,19.168000668287277,160.60799360275269
4,20260825T082827Z,flybrain,0.03,0.029998773793809823,30.0,29.99877379380982,4159,45,3,67,19.071999937295914,422.11198806762695
4,20260825T082827Z,flybrain,0.03,0.029998773793809823,30.0,29.99877379380982,4159,45,3,68,20.927999168634415,166.84800386428833
4,20260825T082827Z,flybrain,0.03,0.029998773793809823,30.0,29.99877379380982,4159,45,3,69,19.039999693632126,159.0079963207245
4,20260825T082827Z,flybrain,0.03,0.029998773793809823,30.0,29.99877379380982,4159,45,3,70,18.912000581622124,160.96000373363495
4,20260825T082827Z,flybrain,0.03,0.029998773793809823,30.0,29.99877379380982,4159,45,3,71,19.1040001809597,163.00800442695618
4,20260825T082827Z,flybrain,0.03,0.029998773793809823,30.0,29.99877379380982,4159,45,3,72,18.783999606966972,162.432000041008
4,20260825T082827Z,flybrain,0.03,0.029998773793809823,30.0,29.99877379380982,4159,45,3,73,19.1040001809597,168.99199783802032
4,20260825T082827Z,flybrain,0.03,0.029998773793809823,30.0,29.99877379380982,4159,45,3,74,19.007999449968338,165.27999937534332
4,20260825T082827Z,flybrain,0.03,0.029998773793809823,30.0,29.99877379380982,4159,45,3,75,18.94400082528591,158.52800011634827
4,20260825T082827Z,flybrain,0.03,0.029998773793809823,30.0,29.99877379380982,4159,45,3,76,19.1040001809597,160.76800227165222
4,20260825T082827Z,flybrain,0.03,0.029998773793809823,30.0,29.99877379380982,4159,45,3,77,19.071999937295914,162.88000345230103
4,20260825T082827Z,flybrain,0.03,0.029998773793809823,30.0,29.99877379380982,4159,45,3,78,19.1040001809597,757.9519748687744
4,20260825T082827Z,flybrain,0.03,0.029998773793809823,30.0,29.99877379380982,4159,45,3,79,24.09599907696247,167.10400581359863
4,20260825T082827Z,flybrain,0.03,0.029998773793809823,30.0,29.99877379380982,4159,45,3,80,18.880000337958336,164.51199352741241
4,20260825T082827Z,flybrain,0.03,0.029998773793809823,30.0,29.99877379380982,4159,45,3,81,19.1040001809597,162.91199624538422
4,20260825T082827Z,flybrain,0.03,0.029998773793809823,30.0,29.99877379380982,4159,45,3,82,20.864000543951988,159.04000401496887
4,20260825T082827Z,flybrain,0.03,0.029998773793809823,30.0,29.99877379380982,4159,45,3,83,18.94400082528591,162.81600296497345
4,20260825T082827Z,flybrain,0.03,0.029998773793809823,30.0,29.99877379380982,4159,45,3,84,19.071999937295914,164.95999693870544
4,20260825T082827Z,flybrain,0.03,0.029998773793809823,30.0,29.99877379380982,4159,45,3,85,19.039999693632126,156.73600137233734
4,20260825T082827Z,flybrain,0.03,0.029998773793809823,30.0,29.99877379380982,4159,45,3,86,19.007999449968338,167.07199811935425
4,20260825T082827Z,flybrain,0.03,0.029998773793809823,30.0,29.99877379380982,4159,45,3,87,19.071999937295914,160.73599457740784
4,20260825T082827Z,flybrain,0.03,0.029998773793809823,30.0,29.99877379380982,4159,45,3,88,19.039999693632126,160.67199409008026
4,20260825T082827Z,flybrain,0.03,0.029998773793809823,30.0,29.99877379380982,4159,45,3,89,18.97599920630455,366.5280044078827
4,20260825T082827Z,flybrain,0.03,0.029998773793809823,30.0,29.99877379380982,4159,45,3,90,21.023999899625778,164.70399498939514
4,20260825T082827Z,flybrain,0.03,0.029998773793809823,30.0,29.99877379380982,4159,45,3,91,19.13600042462349,166.81599617004395
4,20260825T082827Z,flybrain,0.03,0.029998773793809823,30.0,29.99877379380982,4159,45,3,92,19.007999449968338,160.44799983501434
4,20260825T082827Z,flybrain,0.03,0.029998773793809823,30.0,29.99877379380982,4159,45,3,93,18.97599920630455,166.78400337696075
4,20260825T082827Z,flybrain,0.03,0.029998773793809823,30.0,29.99877379380982,4159,45,3,94,19.007999449968338,162.78399527072906
4,20260825T082827Z,flybrain,0.03,0.029998773793809823,30.0,29.99877379380982,4159,45,3,95,18.97599920630455,168.92799735069275
4,20260825T082827Z,flybrain,0.03,0.029998773793809823,30.0,29.99877379380982,4159,45,3,96,19.13600042462349,160.73599457740784
4,20260825T082827Z,flybrain,0.03,0.029998773793809823,30.0,29.99877379380982,4159,45,3,97,18.880000337958336,165.02399742603302
4,20260825T082827Z,flybrain,0.03,0.029998773793809823,30.0,29.99877379380982,4159,45,3,98,19.039999693632126,158.52800011634827
4,20260825T082827Z,flybrain,0.03,0.029998773793809823,30.0,29.99877379380982,4159,45,3,99,18.97599920630455,160.89600324630737
4,20260825T082827Z,flybrain,0.03,0.029998773793809823,30.0,29.99877379380982,4159,45,3,100,19.071999937295914,158.65600109100342
4,20260825T082827Z,flybrain,0.03,0.029998773793809823,30.0,29.99877379380982,4159,45,3,101,19.039999693632126,935.1040124893188
4,20260825T082827Z,flybrain,0.03,0.029998773793809823,30.0,29.99877379380982,4159,45,3,102,24.000000208616257,166.9439971446991
4,20260825T082827Z,flybrain,0.03,0.029998773793809823,30.0,29.99877379380982,4159,45,3,103,18.912000581622124,160.7999950647354
4,20260825T082827Z,flybrain,0.03,0.029998773793809823,30.0,29.99877379380982,4159,45,3,104,19.26399953663349,164.8319959640503
4,20260825T082827Z,flybrain,0.03,0.029998773793809823,30.0,29.99877379380982,4159,45,3,105,19.039999693632126,162.84799575805664
4,20260825T082827Z,flybrain,0.03,0.029998773793809823,30.0,29.99877379380982,4159,45,3,106,18.97599920630455,162.81600296497345
4,20260825T082827Z,flybrain,0.03,0.029998773793809823,30.0,29.99877379380982,4159,45,3,107,19.071999937295914,164.76799547672272
4,20260825T082827Z,flybrain,0.03,0.029998773793809823,30.0,29.99877379380982,4159,45,3,108,19.13600042462349,160.67199409008026
4,20260825T082827Z,flybrain,0.03,0.029998773793809823,30.0,29.99877379380982,4159,45,3,109,18.97599920630455,160.73599457740784
4,20260825T082827Z,flybrain,0.03,0.029998773793809823,30.0,29.99877379380982,4159,45,3,110,18.97599920630455,165.0879979133606
4,20260825T082827Z,flybrain,0.03,0.029998773793809823,30.0,29.99877379380982,4159,45,3,111,18.912000581622124,159.0079963207245
4,20260825T082827Z,flybrain,0.03,0.029998773793809823,30.0,29.99877379380982,4159,45,3,112,18.97599920630455,409.56801176071167
4,20260825T082827Z,flybrain,0.03,0.029998773793809823,30.0,29.99877379380982,4159,45,3,113,20.927999168634415,164.60800170898438
4,20260825T082827Z,flybrain,0.03,0.029998773793809823,30.0,29.99877379380982,4159,45,3,114,19.071999937295914,166.84800386428833
4,20260825T082827Z,flybrain,0.03,0.029998773793809823,30.0,29.99877379380982,4159,45,3,115,18.848000094294548,160.67199409008026
4,20260825T082827Z,flybrain,0.03,0.029998773793809823,30.0,29.99877379380982,4159,45,3,116,19.13600042462349,164.70399498939514
4,20260825T082827Z,flybrain,0.03,0.029998773793809823,30.0,29.99877379380982,4159,45,3,117,19.1040001809597,160.92799603939056
4,20260825T082827Z,flybrain,0.03,0.029998773793809823,30.0,29.99877379380982,4159,45,3,118,19.007999449968338,162.59199380874634
4,20260825T082827Z,flybrain,0.03,0.029998773793809823,30.0,29.99877379380982,4159,45,3,119,19.071999937295914,162.81600296497345
4,20260825T082827Z,flybrain,0.03,0.029998773793809823,30.0,29.99877379380982,4159,45,3,120,19.1040001809597,164.5440012216568
4,20260825T082827Z,flybrain,0.03,0.029998773793809823,30.0,29.99877379380982,4159,45,3,121,19.071999937295914,162.81600296497345
4,20260825T082827Z,flybrain,0.03,0.029998773793809823,30.0,29.99877379380982,4159,45,3,122,19.1040001809597,165.12000560760498
4,20260825T082827Z,flybrain,0.03,0.029998773793809823,30.0,29.99877379380982,4159,45,3,123,19.039999693632126,567.583978176117
4,20260825T082827Z,flybrain,0.03,0.029998773793809823,30.0,29.99877379380982,4159,45,3,124,24.191999807953835,164.92800414562225
4,20260825T082827Z,flybrain,0.03,0.029998773793809823,30.0,29.99877379380982,4159,45,3,125,19.039999693632126,158.49600732326508
4,20260825T082827Z,flybrain,0.03,0.029998773793809823,30.0,29.99877379380982,4159,45,3,126,18.559999763965607,167.58400201797485
4,20260825T082827Z,flybrain,0.03,0.029998773793809823,30.0,29.99877379380982,4159,45,3,127,18.0479995906353,167.58400201797485
4,20260825T082827Z,flybrain,0.03,0.029998773793809823,30.0,29.99877379380982,4159,45,4,0,298.68799448013306,199.45600628852844
4,20260825T082827Z,flybrain,0.03,0.029998773793809823,30.0,29.99877379380982,4159,45,4,1,16.51199907064438,162.84799575805664
4,20260825T082827Z,flybrain,0.03,0.029998773793809823,30.0,29.99877379380982,4159,45,4,2,18.49599927663803,164.73600268363953
4,20260825T082827Z,flybrain,0.03,0.029998773793809823,30.0,29.99877379380982,4159,45,4,3,18.464000895619392,162.78399527072906
4,20260825T082827Z,flybrain,0.03,0.029998773793809823,30.0,29.99877379380982,4159,45,4,4,16.448000445961952,164.70399498939514
4,20260825T082827Z,flybrain,0.03,0.029998773793809823,30.0,29.99877379380982,4159,45,4,5,18.0479995906353,158.87999534606934
4,20260825T082827Z,flybrain,0.03,0.029998773793809823,30.0,29.99877379380982,4159,45,4,6,16.416000202298164,167.04000532627106
4,20260825T082827Z,flybrain,0.03,0.029998773793809823,30.0,29.99877379380982,4159,45,4,7,17.855999991297722,160.70400178432465
4,20260825T082827Z,flybrain,0.03,0.029998773793809823,30.0,29.99877379380982,4159,45,4,8,18.559999763965607,164.44799304008484
4,20260825T082827Z,flybrain,0.03,0.029998773793809823,30.0,29.99877379380982,4159,45,4,9,16.831999644637108,164.92800414562225
4,20260825T082827Z,flybrain,0.03,0.029998773793809823,30.0,29.99877379380982,4159,45,4,10,16.92800037562847,167.10400581359863
4,20260825T082827Z,flybrain,0.03,0.029998773793809823,30.0,29.99877379380982,4159,45,4,11,16.96000061929226,160.92799603939056
4,20260825T082827Z,flybrain,0.03,0.029998773793809823,30.0,29.99877379380982,4159,45,4,12,16.92800037562847,164.99200463294983
4,20260825T082827Z,flybrain,0.03,0.029998773793809823,30.0,29.99877379380982,4159,45,4,13,16.896000131964684,162.88000345230103
4,20260825T082827Z,flybrain,0.03,0.029998773793809823,30.0,29.99877379380982,4159,45,4,14,17.023999243974686,164.89599645137787
4,20260825T082827Z,flybrain,0.03,0.029998773793809823,30.0,29.99877379380982,4159,45,4,15,17.184000462293625,162.81600296497345
4,20260825T082827Z,flybrain,0.03,0.029998773793809823,30.0,29.99877379380982,4159,45,4,16,16.92800037562847,160.64000129699707
4,20260825T082827Z,flybrain,0.03,0.029998773793809823,30.0,29.99877379380982,4159,45,4,17,16.96000061929226,160.73599457740784
4,20260825T082827Z,flybrain,0.03,0.029998773793809823,30.0,29.99877379380982,4159,45,4,18,16.96000061929226,164.92800414562225
4,20260825T082827Z,flybrain,0.03,0.029998773793809823,30.0,29.99877379380982,4159,45,4,19,17.023999243974686,164.76799547672272
4,20260825T082827Z,flybrain,0.03,0.029998773793809823,30.0,29.99877379380982,4159,45,4,20,17.055999487638474,162.75200247764587
4,20260825T082827Z,flybrain,0.03,0.029998773793809823,30.0,29.99877379380982,4159,45,4,21,16.704000532627106,164.99200463294983
4,20260825T082827Z,flybrain,0.03,0.029998773793809823,30.0,29.99877379380982,4159,45,4,22,16.896000131964684,162.91199624538422
4,20260825T082827Z,flybrain,0.03,0.029998773793809823,30.0,29.99877379380982,4159,45,4,23,16.896000131964684,161.85599565505981
4,20260825T082827Z,flybrain,0.03,0.029998773793809823,30.0,29.99877379380982,4159,45,4,24,16.79999940097332,163.2000058889389
4,20260825T082827Z,flybrain,0.03,0.029998773793809823,30.0,29.99877379380982,4159,45,4,25,16.896000131964684,162.91199624538422
4,20260825T082827Z,flybrain,0.03,0.029998773793809823,30.0,29.99877379380982,4159,45,4,26,16.92800037562847,164.86400365829468
4,20260825T082827Z,flybrain,0.03,0.029998773793809823,30.0,29.99877379380982,4159,45,4,27,16.863999888300896,163.03999722003937
4,20260825T082827Z,flybrain,0.03,0.029998773793809823,30.0,29.99877379380982,4159,45,4,28,16.863999888300896,162.75200247764587
4,20260825T082827Z,flybrain,0.03,0.029998773793809823,30.0,29.99877379380982,4159,45,4,29,16.96000061929226,162.78399527072906
4,20260825T082827Z,flybrain,0.03,0.029998773793809823,30.0,29.99877379380982,4159,45,4,30,16.896000131964684,160.8320027589798
4,20260825T082827Z,flybrain,0.03,0.029998773793809823,30.0,29.99877379380982,4159,45,4,31,17.055999487638474,160.863995552063
4,20260825T082827Z,flybrain,0.03,0.029998773793809823,30.0,29.99877379380982,4159,45,4,32,16.992000862956047,158.59200060367584
4,20260825T082827Z,flybrain,0.03,0.029998773793809823,30.0,29.99877379380982,4159,45,4,33,16.992000862956047,162.75200247764587
4,20260825T082827Z,flybrain,0.03,0.029998773793809823,30.0,29.99877379380982,4159,45,4,34,16.736000776290894,165.02399742603302
4,20260825T082827Z,flybrain,0.03,0.029998773793809823,30.0,29.99877379380982,4159,45,4,35,16.992000862956047,162.7199947834015
4,20260825T082827Z,flybrain,0.03,0.029998773793809823,30.0,29.99877379380982,4159,45,4,36,17.216000705957413,166.87999665737152
4,20260825T082827Z,flybrain,0.03,0.029998773793809823,30.0,29.99877379380982,4159,45,4,37,17.152000218629837,160.73599457740784
4,20260825T082827Z,flybrain,0.03,0.029998773793809823,30.0,29.99877379380982,4159,45,4,38,17.055999487638474,162.84799575805664
4,20260825T082827Z,flybrain,0.03,0.029998773793809823,30.0,29.99877379380982,4159,45,4,39,16.992000862956047,160.67199409008026
4,20260825T082827Z,flybrain,0.03,0.029998773793809823,30.0,29.99877379380982,4159,45,4,40,16.992000862956047,167.07199811935425
4,20260825T082827Z,flybrain,0.03,0.029998773793809823,30.0,29.99877379380982,4159,45,4,41,16.96000061929226,162.6559942960739
4,20260825T082827Z,flybrain,0.03,0.029998773793809823,30.0,29.99877379380982,4159,45,4,42,17.023999243974686,163.00800442695618
4,20260825T082827Z,flybrain,0.03,0.029998773793809823,30.0,29.99877379380982,4159,45,4,43,16.79999940097332,165.15199840068817
4,20260825T082827Z,flybrain,0.03,0.029998773793809823,30.0,29.99877379380982,4159,45,4,44,16.92800037562847,162.81600296497345
4,20260825T082827Z,flybrain,0.03,0.029998773793809823,30.0,29.99877379380982,4159,45,4,45,19.071999937295914,166.72000288963318
4,20260825T082827Z,flybrain,0.03,0.029998773793809823,30.0,29.99877379380982,4159,45,4,46,19.007999449968338,163.90399634838104
4,20260825T082827Z,flybrain,0.03,0.029998773793809823,30.0,29.99877379380982,4159,45,4,47,17.055999487638474,162.88000345230103
4,20260825T082827Z,flybrain,0.03,0.029998773793809823,30.0,29.99877379380982,4159,45,4,48,16.896000131964684,162.9759967327118
4,20260825T082827Z,flybrain,0.03,0.029998773793809823,30.0,29.99877379380982,4159,45,4,49,16.92800037562847,162.9440039396286
4,20260825T082827Z,flybrain,0.03,0.029998773793809823,30.0,29.99877379380982,4159,45,4,50,16.96000061929226,160.8320027589798
4,20260825T082827Z,flybrain,0.03,0.029998773793809823,30.0,29.99877379380982,4159,45,4,51,16.92800037562847,166.62399470806122
4,20260825T082827Z,flybrain,0.03,0.029998773793809823,30.0,29.99877379380982,4159,45,4,52,17.11999997496605,164.57599401474
4,20260825T082827Z,flybrain,0.03,0.029998773793809823,30.0,29.99877379380982,4159,45,4,53,16.92800037562847,164.86400365829468
4,20260825T082827Z,flybrain,0.03,0.029998773793809823,30.0,29.99877379380982,4159,45,4,54,16.992000862956047,162.84799575805664
4,20260825T082827Z,flybrain,0.03,0.029998773793809823,30.0,29.99877379380982,4159,45,4,55,17.08799973130226,169.0559983253479
4,20260825T082827Z,flybrain,0.03,0.029998773793809823,30.0,29.99877379380982,4159,45,4,56,16.992000862956047,160.92799603939056
4,20260825T082827Z,flybrain,0.03,0.029998773793809823,30.0,29.99877379380982,4159,45,4,57,16.896000131964684,163.00800442695618
4,20260825T082827Z,flybrain,0.03,0.029998773793809823,30.0,29.99877379380982,4159,45,4,58,16.992000862956047,162.6559942960739
4,20260825T082827Z,flybrain,0.03,0.029998773793809823,30.0,29.99877379380982,4159,45,4,59,17.152000218629837,158.55999290943146
4,20260825T082827Z,flybrain,0.03,0.029998773793809823,30.0,29.99877379380982,4159,45,4,60,17.152000218629837,160.76800227165222
4,20260825T082827Z,flybrain,0.03,0.029998773793809823,30.0,29.99877379380982,4159,45,4,61,16.992000862956047,162.91199624538422
4,20260825T082827Z,flybrain,0.03,0.029998773793809823,30.0,29.99877379380982,4159,45,4,62,17.055999487638474,164.89599645137787
4,20260825T082827Z,flybrain,0.03,0.029998773793809823,30.0,29.99877379380982,4159,45,4,63,17.08799973130226,162.9440039396286
4,20260825T082827Z,flybrain,0.03,0.029998773793809823,30.0,29.99877379380982,4159,45,4,64,17.11999997496605,166.72000288963318
4,20260825T082827Z,flybrain,0.03,0.029998773793809823,30.0,29.99877379380982,4159,45,4,65,16.767999157309532,160.73599457740784
4,20260825T082827Z,flybrain,0.03,0.029998773793809823,30.0,29.99877379380982,4159,45,4,66,16.831999644637108,160.99199652671814
4,20260825T082827Z,flybrain,0.03,0.029998773793809823,30.0,29.99877379380982,4159,45,4,67,17.055999487638474,167.00799763202667
4,20260825T082827Z,flybrain,0.03,0.029998773793809823,30.0,29.99877379380982,4159,45,4,68,18.94400082528591,162.9759967327118
4,20260825T082827Z,flybrain,0.03,0.029998773793809823,30.0,29.99877379380982,4159,45,4,69,19.168000668287277,161.72799468040466
4,20260825T082827Z,flybrain,0.03,0.029998773793809823,30.0,29.99877379380982,4159,45,4,70,19.007999449968338,160.863995552063
4,20260825T082827Z,flybrain,0.03,0.029998773793809823,30.0,29.99877379380982,4159,45,4,71,19.1040001809597,165.0560051202774
4,20260825T082827Z,flybrain,0.03,0.029998773793809823,30.0,29.99877379380982,4159,45,4,72,18.94400082528591,162.84799575805664
4,20260825T082827Z,flybrain,0.03,0.029998773793809823,30.0,29.99877379380982,4159,45,4,73,16.896000131964684,168.89600455760956
4,20260825T082827Z,flybrain,0.03,0.029998773793809823,30.0,29.99877379380982,4159,45,4,74,18.97599920630455,164.76799547672272
4,20260825T082827Z,flybrain,0.03,0.029998773793809823,30.0,29.99877379380982,4159,45,4,75,16.992000862956047,162.7199947834015
4,20260825T082827Z,flybrain,0.03,0.029998773793809823,30.0,29.99877379380982,4159,45,4,76,17.055999487638474,160.7999950647354
4,20260825T082827Z,flybrain,0.03,0.029998773793809823,30.0,29.99877379380982,4159,45,4,77,19.007999449968338,162.84799575805664
4,20260825T082827Z,flybrain,0.03,0.029998773793809823,30.0,29.99877379380982,4159,45,4,78,17.023999243974686,164.73600268363953
4,20260825T082827Z,flybrain,0.03,0.029998773793809823,30.0,29.99877379380982,4159,45,4,79,17.023999243974686,162.88000345230103
4,20260825T082827Z,flybrain,0.03,0.029998773793809823,30.0,29.99877379380982,4159,45,4,80,17.023999243974686,165.02399742603302
4,20260825T082827Z,flybrain,0.03,0.029998773793809823,30.0,29.99877379380982,4159,45,4,81,17.184000462293625,162.6880019903183
4,20260825T082827Z,flybrain,0.03,0.029998773793809823,30.0,29.99877379380982,4159,45,4,82,16.992000862956047,158.81599485874176
4,20260825T082827Z,flybrain,0.03,0.029998773793809823,30.0,29.99877379380982,4159,45,4,83,16.863999888300896,162.6880019903183
4,20260825T082827Z,flybrain,0.03,0.029998773793809823,30.0,29.99877379380982,4159,45,4,84,16.92800037562847,164.99200463294983
4,20260825T082827Z,flybrain,0.03,0.029998773793809823,30.0,29.99877379380982,4159,45,4,85,16.736000776290894,158.84800255298615
4,20260825T082827Z,flybrain,0.03,0.029998773793809823,30.0,29.99877379380982,4159,45,4,86,17.08799973130226,166.87999665737152
4,20260825T082827Z,flybrain,0.03,0.029998773793809823,30.0,29.99877379380982,4159,45,4,87,16.92800037562847,162.81600296497345
4,20260825T082827Z,flybrain,0.03,0.029998773793809823,30.0,29.99877379380982,4159,45,4,88,16.992000862956047,160.7999950647354
4,20260825T082827Z,flybrain,0.03,0.029998773793809823,30.0,29.99877379380982,4159,45,4,89,16.92800037562847,162.88000345230103
4,20260825T082827Z,flybrain,0.03,0.029998773793809823,30.0,29.99877379380982,4159,45,4,90,16.92800037562847,165.21599888801575
4,20260825T082827Z,flybrain,0.03,0.029998773793809823,30.0,29.99877379380982,4159,45,4,91,17.055999487638474,164.8000031709671
4,20260825T082827Z,flybrain,0.03,0.029998773793809823,30.0,29.99877379380982,4159,45,4,92,17.023999243974686,161.98399662971497
4,20260825T082827Z,flybrain,0.03,0.029998773793809823,30.0,29.99877379380982,4159,45,4,93,17.055999487638474,166.9120043516159
4,20260825T082827Z,flybrain,0.03,0.029998773793809823,30.0,29.99877379380982,4159,45,4,94,16.992000862956047,162.78399527072906
4,20260825T082827Z,flybrain,0.03,0.029998773793809823,30.0,29.99877379380982,4159,45,4,95,16.96000061929226,168.96000504493713
4,20260825T082827Z,flybrain,0.03,0.029998773793809823,30.0,29.99877379380982,4159,45,4,96,16.992000862956047,160.5439931154251
4,20260825T082827Z,flybrain,0.03,0.029998773793809823,30.0,29.99877379380982,4159,45,4,97,16.96000061929226,164.86400365829468
4,20260825T082827Z,flybrain,0.03,0.029998773793809823,30.0,29.99877379380982,4159,45,4,98,18.880000337958336,160.8320027589798
4,20260825T082827Z,flybrain,0.03,0.029998773793809823,30.0,29.99877379380982,4159,45,4,99,17.023999243974686,160.67199409008026
4,20260825T082827Z,flybrain,0.03,0.029998773793809823,30.0,29.99877379380982,4159,45,4,100,19.071999937295914,158.65600109100342
4,20260825T082827Z,flybrain,0.03,0.029998773793809823,30.0,29.99877379380982,4159,45,4,101,19.039999693632126,162.78399527072906
4,20260825T082827Z,flybrain,0.03,0.029998773793809823,30.0,29.99877379380982,4159,45,4,102,19.13600042462349,162.81600296497345
4,20260825T082827Z,flybrain,0.03,0.029998773793809823,30.0,29.99877379380982,4159,45,4,103,18.94400082528591,160.67199409008026
4,20260825T082827Z,flybrain,0.03,0.029998773793809823,30.0,29.99877379380982,4159,45,4,104,19.007999449968338,164.8000031709671
4,20260825T082827Z,flybrain,0.03,0.029998773793809823,30.0,29.99877379380982,4159,45,4,105,19.039999693632126,163.03999722003937
4,20260825T082827Z,flybrain,0.03,0.029998773793809823,30.0,29.99877379380982,4159,45,4,106,18.94400082528591,163.00800442695618
4,20260825T082827Z,flybrain,0.03,0.029998773793809823,30.0,29.99877379380982,4159,45,4,107,19.039999693632126,166.9120043516159
4,20260825T082827Z,flybrain,0.03,0.029998773793809823,30.0,29.99877379380982,4159,45,4,108,17.023999243974686,162.84799575805664
4,20260825T082827Z,flybrain,0.03,0.029998773793809823,30.0,29.99877379380982,4159,45,4,109,16.992000862956047,158.6879938840866
4,20260825T082827Z,flybrain,0.03,0.029998773793809823,30.0,29.99877379380982,4159,45,4,110,17.055999487638474,164.67200219631195
4,20260825T082827Z,flybrain,0.03,0.029998773793809823,30.0,29.99877379380982,4159,45,4,111,17.023999243974686,158.65600109100342
4,20260825T082827Z,flybrain,0.03,0.029998773793809823,30.0,29.99877379380982,4159,45,4,112,17.152000218629837,158.52800011634827
4,20260825T082827Z,flybrain,0.03,0.029998773793809823,30.0,29.99877379380982,4159,45,4,113,19.039999693632126,162.88000345230103
4,20260825T082827Z,flybrain,0.03,0.029998773793809823,30.0,29.99877379380982,4159,45,4,114,16.92800037562847,167.10400581359863
4,20260825T082827Z,flybrain,0.03,0.029998773793809823,30.0,29.99877379380982,4159,45,4,115,19.071999937295914,159.5200002193451
4,20260825T082827Z,flybrain,0.03,0.029998773793809823,30.0,29.99877379380982,4159,45,4,116,16.896000131964684,166.81599617004395
4,20260825T082827Z,flybrain,0.03,0.029998773793809823,30.0,29.99877379380982,4159,45,4,117,18.94400082528591,160.863995552063
4,20260825T082827Z,flybrain,0.03,0.029998773793809823,30.0,29.99877379380982,4159,45,4,118,16.992000862956047,162.75200247764587
4,20260825T082827Z,flybrain,0.03,0.029998773793809823,30.0,29.99877379380982,4159,45,4,119,17.152000218629837,162.62400150299072
4,20260825T082827Z,flybrain,0.03,0.029998773793809823,30.0,29.99877379380982,4159,45,4,120,16.992000862956047,164.73600268363953
4,20260825T082827Z,flybrain,0.03,0.029998773793809823,30.0,29.99877379380982,4159,45,4,121,16.96000061929226,162.6559942960739
4,20260825T082827Z,flybrain,0.03,0.029998773793809823,30.0,29.99877379380982,4159,45,4,122,16.96000061929226,167.07199811935425
4,20260825T082827Z,flybrain,0.03,0.029998773793809823,30.0,29.99877379380982,4159,45,4,123,16.992000862956047,163.00800442695618
4,20260825T082827Z,flybrain,0.03,0.029998773793809823,30.0,29.99877379380982,4159,45,4,124,17.055999487638474,160.96000373363495
4,20260825T082827Z,flybrain,0.03,0.029998773793809823,30.0,29.99877379380982,4159,45,4,125,16.896000131964684,158.49600732326508
4,20260825T082827Z,flybrain,0.03,0.029998773793809823,30.0,29.99877379380982,4159,45,4,126,16.448000445961952,167.58400201797485
4,20260825T082827Z,flybrain,0.03,0.029998773793809823,30.0,29.99877379380982,4159,45,4,127,18.0479995906353,167.55199432373047
4,20260825T082827Z,flybrain,0.03,0.029998773793809823,30.0,29.99877379380982,4159,45,5,0,278.4320116043091,196.4160054922104
4,20260825T082827Z,flybrain,0.03,0.029998773793809823,30.0,29.99877379380982,4159,45,5,1,17.152000218629837,162.75200247764587
4,20260825T082827Z,flybrain,0.03,0.029998773793809823,30.0,29.99877379380982,4159,45,5,2,17.023999243974686,162.75200247764587
4,20260825T082827Z,flybrain,0.03,0.029998773793809823,30.0,29.99877379380982,4159,45,5,3,16.448000445961952,160.5439931154251
4,20260825T082827Z,flybrain,0.03,0.029998773793809823,30.0,29.99877379380982,4159,45,5,4,18.624000251293182,162.62400150299072
4,20260825T082827Z,flybrain,0.03,0.029998773793809823,30.0,29.99877379380982,4159,45,5,5,16.96000061929226,156.5759927034378
4,20260825T082827Z,flybrain,0.03,0.029998773793809823,30.0,29.99877379380982,4159,45,5,6,18.65600049495697,166.72000288963318
4,20260825T082827Z,flybrain,0.03,0.029998773793809823,30.0,29.99877379380982,4159,45,5,7,18.719999119639397,162.4639928340912
4,20260825T082827Z,flybrain,0.03,0.029998773793809823,30.0,29.99877379380982,4159,45,5,8,18.239999189972878,164.89599645137787
4,20260825T082827Z,flybrain,0.03,0.029998773793809823,30.0,29.99877379380982,4159,45,5,9,18.592000007629395,162.81600296497345
4,20260825T082827Z,flybrain,0.03,0.029998773793809823,30.0,29.99877379380982,4159,45,5,10,18.624000251293182,166.9120043516159
4,20260825T082827Z,flybrain,0.03,0.029998773793809823,30.0,29.99877379380982,4159,45,5,11,18.271999433636665,161.50400042533875
4,20260825T082827Z,flybrain,0.03,0.029998773793809823,30.0,29.99877379380982,4159,45,5,12,18.432000651955605,163.00800442695618
4,20260825T082827Z,flybrain,0.03,0.029998773793809823,30.0,29.99877379380982,4159,45,5,13,18.464000895619392,163.5199934244156
4,20260825T082827Z,flybrain,0.03,0.029998773793809823,30.0,29.99877379380982,4159,45,5,14,18.432000651955605,163.5199934244156
4,20260825T082827Z,flybrain,0.03,0.029998773793809823,30.0,29.99877379380982,4159,45,5,15,18.52799952030182,160.7999950647354
4,20260825T082827Z,flybrain,0.03,0.029998773793809823,30.0,29.99877379380982,4159,45,5,16,18.559999763965607,160.7999950647354
4,20260825T082827Z,flybrain,0.03,0.029998773793809823,30.0,29.99877379380982,4159,45,5,17,18.624000251293182,161.3440066576004
4,20260825T082827Z,flybrain,0.03,0.029998773793809823,30.0,29.99877379380982,4159,45,5,18,18.464000895619392,165.50399363040924
4,20260825T082827Z,flybrain,0.03,0.029998773793809823,30.0,29.99877379380982,4159,45,5,19,18.49599927663803,165.56799411773682
4,20260825T082827Z,flybrain,0.03,0.029998773793809823,30.0,29.99877379380982,4159,45,5,20,18.432000651955605,163.00800442695618
4,20260825T082827Z,flybrain,0.03,0.029998773793809823,30.0,29.99877379380982,4159,45,5,21,18.624000251293182,164.89599645137787
4,20260825T082827Z,flybrain,0.03,0.029998773793809823,30.0,29.99877379380982,4159,45,5,22,18.624000251293182,160.8320027589798
4,20260825T082827Z,flybrain,0.03,0.029998773793809823,30.0,29.99877379380982,4159,45,5,23,17.664000391960144,163.4880006313324
4,20260825T082827Z,flybrain,0.03,0.029998773793809823,30.0,29.99877379380982,4159,45,5,24,18.271999433636665,162.91199624538422
4,20260825T082827Z,flybrain,0.03,0.029998773793809823,30.0,29.99877379380982,4159,45,5,25,18.592000007629395,163.35999965667725
4,20260825T082827Z,flybrain,0.03,0.029998773793809823,30.0,29.99877379380982,4159,45,5,26,18.49599927663803,162.9759967327118
4,20260825T082827Z,flybrain,0.03,0.029998773793809823,30.0,29.99877379380982,4159,45,5,27,18.52799952030182,163.5199934244156
4,20260825T082827Z,flybrain,0.03,0.029998773793809823,30.0,29.99877379380982,4159,45,5,28,18.464000895619392,163.00800442695618
4,20260825T082827Z,flybrain,0.03,0.029998773793809823,30.0,29.99877379380982,4159,45,5,29,18.624000251293182,161.5999937057495
4,20260825T082827Z,flybrain,0.03,0.029998773793809823,30.0,29.99877379380982,4159,45,5,30,18.36800016462803,161.43999993801117
4,20260825T082827Z,flybrain,0.03,0.029998773793809823,30.0,29.99877379380982,4159,45,5,31,18.49599927663803,160.96000373363495
4,20260825T082827Z,flybrain,0.03,0.029998773793809823,30.0,29.99877379380982,4159,45,5,32,18.49599927663803,159.29600596427917
4,20260825T082827Z,flybrain,0.03,0.029998773793809823,30.0,29.99877379380982,4159,45,5,33,19.13600042462349,162.81600296497345
4,20260825T082827Z,flybrain,0.03,0.029998773793809823,30.0,29.99877379380982,4159,45,5,34,18.592000007629395,165.0560051202774
4,20260825T082827Z,flybrain,0.03,0.029998773793809823,30.0,29.99877379380982,4159,45,5,35,18.49599927663803,160.96000373363495
4,20260825T082827Z,flybrain,0.03,0.029998773793809823,30.0,29.99877379380982,4159,45,5,36,18.592000007629395,167.10400581359863
4,20260825T082827Z,flybrain,0.03,0.029998773793809823,30.0,29.99877379380982,4159,45,5,37,18.559999763965607,161.43999993801117
4,20260825T082827Z,flybrain,0.03,0.029998773793809823,30.0,29.99877379380982,4159,45,5,38,18.464000895619392,162.9759967327118
4,20260825T082827Z,flybrain,0.03,0.029998773793809823,30.0,29.99877379380982,4159,45,5,39,18.52799952030182,158.75199437141418
4,20260825T082827Z,flybrain,0.03,0.029998773793809823,30.0,29.99877379380982,4159,45,5,40,18.464000895619392,166.97600483894348
4,20260825T082827Z,flybrain,0.03,0.029998773793809823,30.0,29.99877379380982,4159,45,5,41,17.216000705957413,162.81600296497345
4,20260825T082827Z,flybrain,0.03,0.029998773793809823,30.0,29.99877379380982,4159,45,5,42,18.592000007629395,162.9440039396286
4,20260825T082827Z,flybrain,0.03,0.029998773793809823,30.0,29.99877379380982,4159,45,5,43,18.464000895619392,163.00800442695618
4,20260825T082827Z,flybrain,0.03,0.029998773793809823,30.0,29.99877379380982,4159,45,5,44,18.592000007629395,160.96000373363495
4,20260825T082827Z,flybrain,0.03,0.029998773793809823,30.0,29.99877379380982,4159,45,5,45,18.592000007629395,166.97600483894348
4,20260825T082827Z,flybrain,0.03,0.029998773793809823,30.0,29.99877379380982,4159,45,5,46,17.503999173641205,162.91199624538422
4,20260825T082827Z,flybrain,0.03,0.029998773793809823,30.0,29.99877379380982,4159,45,5,47,18.432000651955605,160.7999950647354
4,20260825T082827Z,flybrain,0.03,0.029998773793809823,30.0,29.99877379380982,4159,45,5,48,18.33599992096424,160.96000373363495
4,20260825T082827Z,flybrain,0.03,0.029998773793809823,30.0,29.99877379380982,4159,45,5,49,18.624000251293182,163.39200735092163
4,20260825T082827Z,flybrain,0.03,0.029998773793809823,30.0,29.99877379380982,4159,45,5,50,18.52799952030182,160.76800227165222
4,20260825T082827Z,flybrain,0.03,0.029998773793809823,30.0,29.99877379380982,4159,45,5,51,18.400000408291817,165.02399742603302
4,20260825T082827Z,flybrain,0.03,0.029998773793809823,30.0,29.99877379380982,4159,45,5,52,18.559999763965607,165.75999557971954
4,20260825T082827Z,flybrain,0.03,0.029998773793809823,30.0,29.99877379380982,4159,45,5,53,18.400000408291817,164.92800414562225
4,20260825T082827Z,flybrain,0.03,0.029998773793809823,30.0,29.99877379380982,4159,45,5,54,18.52799952030182,162.78399527072906
4,20260825T082827Z,flybrain,0.03,0.029998773793809823,30.0,29.99877379380982,4159,45,5,55,18.52799952030182,167.67999529838562
4,20260825T082827Z,flybrain,0.03,0.029998773793809823,30.0,29.99877379380982,4159,45,5,56,18.33599992096424,161.53599321842194
4,20260825T082827Z,flybrain,0.03,0.029998773793809823,30.0,29.99877379380982,4159,45,5,57,18.52799952030182,161.3759994506836
4,20260825T082827Z,flybrain,0.03,0.029998773793809823,30.0,29.99877379380982,4159,45,5,58,18.464000895619392,160.89600324630737
4,20260825T082827Z,flybrain,0.03,0.029998773793809823,30.0,29.99877379380982,4159,45,5,59,18.464000895619392,158.87999534606934
4,20260825T082827Z,flybrain,0.03,0.029998773793809823,30.0,29.99877379380982,4159,45,5,60,18.592000007629395,160.96000373363495
4,20260825T082827Z,flybrain,0.03,0.029998773793809823,30.0,29.99877379380982,4159,45,5,61,18.592000007629395,162.81600296497345
4,20260825T082827Z,flybrain,0.03,0.029998773793809823,30.0,29.99877379380982,4159,45,5,62,18.624000251293182,164.89599645137787
4,20260825T082827Z,flybrain,0.03,0.029998773793809823,30.0,29.99877379380982,4159,45,5,63,18.559999763965607,160.92799603939056
4,20260825T082827Z,flybrain,0.03,0.029998773793809823,30.0,29.99877379380982,4159,45,5,64,18.592000007629395,165.6000018119812
4,20260825T082827Z,flybrain,0.03,0.029998773793809823,30.0,29.99877379380982,4159,45,5,65,18.432000651955605,161.3759994506836
4,20260825T082827Z,flybrain,0.03,0.029998773793809823,30.0,29.99877379380982,4159,45,5,66,18.49599927663803,160.89600324630737
4,20260825T082827Z,flybrain,0.03,0.029998773793809823,30.0,29.99877379380982,4159,45,5,67,18.400000408291817,165.56799411773682
4,20260825T082827Z,flybrain,0.03,0.029998773793809823,30.0,29.99877379380982,4159,45,5,68,18.49599927663803,161.56800091266632
4,20260825T082827Z,flybrain,0.03,0.029998773793809823,30.0,29.99877379380982,4159,45,5,69,18.432000651955605,161.56800091266632
4,20260825T082827Z,flybrain,0.03,0.029998773793809823,30.0,29.99877379380982,4159,45,5,70,18.400000408291817,161.3759994506836
4,20260825T082827Z,flybrain,0.03,0.029998773793809823,30.0,29.99877379380982,4159,45,5,71,18.464000895619392,162.9759967327118
4,20260825T082827Z,flybrain,0.03,0.029998773793809823,30.0,29.99877379380982,4159,45,5,72,18.624000251293182,163.03999722003937
4,20260825T082827Z,flybrain,0.03,0.029998773793809823,30.0,29.99877379380982,4159,45,5,73,18.52799952030182,169.53599452972412
4,20260825T082827Z,flybrain,0.03,0.029998773793809823,30.0,29.99877379380982,4159,45,5,74,18.464000895619392,165.69599509239197
4,20260825T082827Z,flybrain,0.03,0.029998773793809823,30.0,29.99877379380982,4159,45,5,75,18.271999433636665,158.84800255298615
4,20260825T082827Z,flybrain,0.03,0.029998773793809823,30.0,29.99877379380982,4159,45,5,76,18.592000007629395,159.45599973201752
4,20260825T082827Z,flybrain,0.03,0.029998773793809823,30.0,29.99877379380982,4159,45,5,77,18.559999763965607,162.75200247764587
4,20260825T082827Z,flybrain,0.03,0.029998773793809823,30.0,29.99877379380982,4159,45,5,78,18.592000007629395,162.9759967327118
4,20260825T082827Z,flybrain,0.03,0.029998773793809823,30.0,29.99877379380982,4159,45,5,79,18.559999763965607,163.64799439907074
4,20260825T082827Z,flybrain,0.03,0.029998773793809823,30.0,29.99877379380982,4159,45,5,80,18.464000895619392,163.90399634838104
4,20260825T082827Z,flybrain,0.03,0.029998773793809823,30.0,29.99877379380982,4159,45,5,81,18.624000251293182,163.455992937088
4,20260825T082827Z,flybrain,0.03,0.029998773793809823,30.0,29.99877379380982,4159,45,5,82,18.400000408291817,159.42400693893433
4,20260825T082827Z,flybrain,0.03,0.029998773793809823,30.0,29.99877379380982,4159,45,5,83,18.52799952030182,160.92799603939056
4,20260825T082827Z,flybrain,0.03,0.029998773793809823,30.0,29.99877379380982,4159,45,5,84,18.464000895619392,165.50399363040924
4,20260825T082827Z,flybrain,0.03,0.029998773793809823,30.0,29.99877379380982,4159,45,5,85,18.49599927663803,157.24800527095795
4,20260825T082827Z,flybrain,0.03,0.029998773793809823,30.0,29.99877379380982,4159,45,5,86,18.49599927663803,167.58400201797485
4,20260825T082827Z,flybrain,0.03,0.029998773793809823,30.0,29.99877379380982,4159,45,5,87,18.49599927663803,160.89600324630737
4,20260825T082827Z,flybrain,0.03,0.029998773793809823,30.0,29.99877379380982,4159,45,5,88,18.36800016462803,161.69600188732147
4,20260825T082827Z,flybrain,0.03,0.029998773793809823,30.0,29.99877379380982,4159,45,5,89,18.36800016462803,160.92799603939056
4,20260825T082827Z,flybrain,0.03,0.029998773793809823,30.0,29.99877379380982,4159,45,5,90,18.464000895619392,162.91199624538422
4,20260825T082827Z,flybrain,0.03,0.029998773793809823,30.0,29.99877379380982,4159,45,5,91,18.624000251293182,163.7440025806427
4,20260825T082827Z,flybrain,0.03,0.029998773793809823,30.0,29.99877379380982,4159,45,5,92,18.36800016462803,161.53599321842194
4,20260825T082827Z,flybrain,0.03,0.029998773793809823,30.0,29.99877379380982,4159,45,5,93,18.464000895619392,166.97600483894348
4,20260825T082827Z,flybrain,0.03,0.029998773793809823,30.0,29.99877379380982,4159,45,5,94,19.168000668287277,162.84799575805664
4,20260825T082827Z,flybrain,0.03,0.029998773793809823,30.0,29.99877379380982,4159,45,5,95,18.49599927663803,167.10400581359863
4,20260825T082827Z,flybrain,0.03,0.029998773793809823,30.0,29.99877379380982,4159,45,5,96,18.592000007629395,160.96000373363495
4,20260825T082827Z,flybrain,0.03,0.029998773793809823,30.0,29.99877379380982,4159,45,5,97,18.464000895619392,165.50399363040924
4,20260825T082827Z,flybrain,0.03,0.029998773793809823,30.0,29.99877379380982,4159,45,5,98,18.400000408291817,159.4880074262619
4,20260825T082827Z,flybrain,0.03,0.029998773793809823,30.0,29.99877379380982,4159,45,5,99,18.400000408291817,159.4880074262619
4,20260825T082827Z,flybrain,0.03,0.029998773793809823,30.0,29.99877379380982,4159,45,5,100,18.49599927663803,159.5200002193451
4,20260825T082827Z,flybrain,0.03,0.029998773793809823,30.0,29.99877379380982,4159,45,5,101,18.464000895619392,162.88000345230103
4,20260825T082827Z,flybrain,0.03,0.029998773793809823,30.0,29.99877379380982,4159,45,5,102,18.464000895619392,162.91199624538422
4,20260825T082827Z,flybrain,0.03,0.029998773793809823,30.0,29.99877379380982,4159,45,5,103,18.559999763965607,159.93599593639374
4,20260825T082827Z,flybrain,0.03,0.029998773793809823,30.0,29.99877379380982,4159,45,5,104,18.592000007629395,165.6319946050644
4,20260825T082827Z,flybrain,0.03,0.029998773793809823,30.0,29.99877379380982,4159,45,5,105,18.49599927663803,162.78399527072906
4,20260825T082827Z,flybrain,0.03,0.029998773793809823,30.0,29.99877379380982,4159,45,5,106,18.464000895619392,162.9440039396286
4,20260825T082827Z,flybrain,0.03,0.029998773793809823,30.0,29.99877379380982,4159,45,5,107,18.33599992096424,165.0560051202774
4,20260825T082827Z,flybrain,0.03,0.029998773793809823,30.0,29.99877379380982,4159,45,5,108,18.592000007629395,160.96000373363495
4,20260825T082827Z,flybrain,0.03,0.029998773793809823,30.0,29.99877379380982,4159,45,5,109,18.624000251293182,158.87999534606934
4,20260825T082827Z,flybrain,0.03,0.029998773793809823,30.0,29.99877379380982,4159,45,5,110,18.49599927663803,162.91199624538422
4,20260825T082827Z,flybrain,0.03,0.029998773793809823,30.0,29.99877379380982,4159,45,5,111,18.49599927663803,159.42400693893433
4,20260825T082827Z,flybrain,0.03,0.029998773793809823,30.0,29.99877379380982,4159,45,5,112,18.49599927663803,159.4880074262619
4,20260825T082827Z,flybrain,0.03,0.029998773793809823,30.0,29.99877379380982,4159,45,5,113,18.49599927663803,162.91199624538422
4,20260825T082827Z,flybrain,0.03,0.029998773793809823,30.0,29.99877379380982,4159,45,5,114,18.464000895619392,167.64800250530243
4,20260825T082827Z,flybrain,0.03,0.029998773793809823,30.0,29.99877379380982,4159,45,5,115,18.400000408291817,158.87999534606934
4,20260825T082827Z,flybrain,0.03,0.029998773793809823,30.0,29.99877379380982,4159,45,5,116,18.624000251293182,164.95999693870544
4,20260825T082827Z,flybrain,0.03,0.029998773793809823,30.0,29.99877379380982,4159,45,5,117,18.49599927663803,160.76800227165222
4,20260825T082827Z,flybrain,0.03,0.029998773793809823,30.0,29.99877379380982,4159,45,5,118,18.624000251293182,162.88000345230103
4,20260825T082827Z,flybrain,0.03,0.029998773793809823,30.0,29.99877379380982,4159,45,5,119,18.559999763965607,163.5199934244156
4,20260825T082827Z,flybrain,0.03,0.029998773793809823,30.0,29.99877379380982,4159,45,5,120,18.400000408291817,165.6319946050644
4,20260825T082827Z,flybrain,0.03,0.029998773793809823,30.0,29.99877379380982,4159,45,5,121,18.49599927663803,160.8320027589798
4,20260825T082827Z,flybrain,0.03,0.029998773793809823,30.0,29.99877379380982,4159,45,5,122,18.52799952030182,165.69599509239197
4,20260825T082827Z,flybrain,0.03,0.029998773793809823,30.0,29.99877379380982,4159,45,5,123,18.36800016462803,164.86400365829468
4,20260825T082827Z,flybrain,0.03,0.029998773793809823,30.0,29.99877379380982,4159,45,5,124,18.49599927663803,161.6639941930771
4,20260825T082827Z,flybrain,0.03,0.029998773793809823,30.0,29.99877379380982,4159,45,5,125,18.36800016462803,159.39199924468994
4,20260825T082827Z,flybrain,0.03,0.029998773793809823,30.0,29.99877379380982,4159,45,5,126,18.49599927663803,166.55999422073364
4,20260825T082827Z,flybrain,0.03,0.029998773793809823,30.0,29.99877379380982,4159,45,5,127,18.0479995906353,167.58400201797485
4,20260825T082827Z,flybrain,0.03,0.029998773793809823,30.0,29.99877379380982,4159,45,6,0,259.8080039024353,194.87999379634857
4,20260825T082827Z,flybrain,0.03,0.029998773793809823,30.0,29.99877379380982,4159,45,6,1,19.007999449968338,162.6559942960739
4,20260825T082827Z,flybrain,0.03,0.029998773793809823,30.0,29.99877379380982,4159,45,6,2,18.912000581622124,164.8000031709671
4,20260825T082827Z,flybrain,0.03,0.029998773793809823,30.0,29.99877379380982,4159,45,6,3,16.416000202298164,160.5760008096695
4,20260825T082827Z,flybrain,0.03,0.029998773793809823,30.0,29.99877379380982,4159,45,6,4,16.48000068962574,162.78399527072906
4,20260825T082827Z,flybrain,0.03,0.029998773793809823,30.0,29.99877379380982,4159,45,6,5,16.3199994713068,158.52800011634827
4,20260825T082827Z,flybrain,0.03,0.029998773793809823,30.0,29.99877379380982,4159,45,6,6,18.559999763965607,164.63999450206757
4,20260825T082827Z,flybrain,0.03,0.029998773793809823,30.0,29.99877379380982,4159,45,6,7,18.848000094294548,160.44799983501434
4,20260825T082827Z,flybrain,0.03,0.029998773793809823,30.0,29.99877379380982,4159,45,6,8,19.26399953663349,164.86400365829468
4,20260825T082827Z,flybrain,0.03,0.029998773793809823,30.0,29.99877379380982,4159,45,6,9,16.992000862956047,163.03999722003937
4,20260825T082827Z,flybrain,0.03,0.029998773793809823,30.0,29.99877379380982,4159,45,6,10,18.624000251293182,167.61599481105804
4,20260825T082827Z,flybrain,0.03,0.029998773793809823,30.0,29.99877379380982,4159,45,6,11,18.49599927663803,160.99199652671814
4,20260825T082827Z,flybrain,0.03,0.029998773793809823,30.0,29.99877379380982,4159,45,6,12,18.432000651955605,164.57599401474
4,20260825T082827Z,flybrain,0.03,0.029998773793809823,30.0,29.99877379380982,4159,45,6,13,18.464000895619392,163.455992937088
4,20260825T082827Z,flybrain,0.03,0.029998773793809823,30.0,29.99877379380982,4159,45,6,14,18.49599927663803,164.99200463294983
4,20260825T082827Z,flybrain,0.03,0.029998773793809823,30.0,29.99877379380982,4159,45,6,15,18.624000251293182,163.7759953737259
4,20260825T082827Z,flybrain,0.03,0.029998773793809823,30.0,29.99877379380982,4159,45,6,16,18.303999677300453,160.863995552063
4,20260825T082827Z,flybrain,0.03,0.029998773793809823,30.0,29.99877379380982,4159,45,6,17,18.49599927663803,160.7999950647354
4,20260825T082827Z,flybrain,0.03,0.029998773793809823,30.0,29.99877379380982,4159,45,6,18,18.464000895619392,164.99200463294983
4,20260825T082827Z,flybrain,0.03,0.029998773793809823,30.0,29.99877379380982,4159,45,6,19,18.559999763965607,163.55200111865997
4,20260825T082827Z,flybrain,0.03,0.029998773793809823,30.0,29.99877379380982,4159,45,6,20,18.52799952030182,163.42400014400482
4,20260825T082827Z,flybrain,0.03,0.029998773793809823,30.0,29.99877379380982,4159,45,6,21,18.52799952030182,165.0560051202774
4,20260825T082827Z,flybrain,0.03,0.029998773793809823,30.0,29.99877379380982,4159,45,6,22,18.49599927663803,162.9440039396286
4,20260825T082827Z,flybrain,0.03,0.029998773793809823,30.0,29.99877379380982,4159,45,6,23,18.49599927663803,162.91199624538422
4,20260825T082827Z,flybrain,0.03,0.029998773793809823,30.0,29.99877379380982,4159,45,6,24,18.400000408291817,163.61600160598755
4,20260825T082827Z,flybrain,0.03,0.029998773793809823,30.0,29.99877379380982,4159,45,6,25,18.49599927663803,162.84799575805664
4,20260825T082827Z,flybrain,0.03,0.029998773793809823,30.0,29.99877379380982,4159,45,6,26,18.559999763965607,162.91199624538422
4,20260825T082827Z,flybrain,0.03,0.029998773793809823,30.0,29.99877379380982,4159,45,6,27,18.559999763965607,163.58399391174316
4,20260825T082827Z,flybrain,0.03,0.029998773793809823,30.0,29.99877379380982,4159,45,6,28,18.49599927663803,161.50400042533875
4,20260825T082827Z,flybrain,0.03,0.029998773793809823,30.0,29.99877379380982,4159,45,6,29,18.52799952030182,160.96000373363495
4,20260825T082827Z,flybrain,0.03,0.029998773793809823,30.0,29.99877379380982,4159,45,6,30,18.624000251293182,160.7999950647354
4,20260825T082827Z,flybrain,0.03,0.029998773793809823,30.0,29.99877379380982,4159,45,6,31,18.592000007629395,163.00800442695618
4,20260825T082827Z,flybrain,0.03,0.029998773793809823,30.0,29.99877379380982,4159,45,6,32,18.559999763965607,158.87999534606934
4,20260825T082827Z,flybrain,0.03,0.029998773793809823,30.0,29.99877379380982,4159,45,6,33,18.624000251293182,160.92799603939056
4,20260825T082827Z,flybrain,0.03,0.029998773793809823,30.0,29.99877379380982,4159,45,6,34,18.624000251293182,164.92800414562225
4,20260825T082827Z,flybrain,0.03,0.029998773793809823,30.0,29.99877379380982,4159,45,6,35,18.464000895619392,161.9199961423874
4,20260825T082827Z,flybrain,0.03,0.029998773793809823,30.0,29.99877379380982,4159,45,6,36,18.464000895619392,167.71200299263
4,20260825T082827Z,flybrain,0.03,0.029998773793809823,30.0,29.99877379380982,4159,45,6,37,18.464000895619392,160.863995552063
4,20260825T082827Z,flybrain,0.03,0.029998773793809823,30.0,29.99877379380982,4159,45,6,38,18.559999763965607,163.455992937088
4,20260825T082827Z,flybrain,0.03,0.029998773793809823,30.0,29.99877379380982,4159,45,6,39,18.49599927663803,159.39199924468994
4,20260825T082827Z,flybrain,0.03,0.029998773793809823,30.0,29.99877379380982,4159,45,6,40,18.49599927663803,164.92800414562225
4,20260825T082827Z,flybrain,0.03,0.029998773793809823,30.0,29.99877379380982,4159,45,6,41,18.624000251293182,162.9440039396286
4,20260825T082827Z,flybrain,0.03,0.029998773793809823,30.0,29.99877379380982,4159,45,6,42,18.49599927663803,163.64799439907074
4,20260825T082827Z,flybrain,0.03,0.029998773793809823,30.0,29.99877379380982,4159,45,6,43,18.33599992096424,165.02399742603302
4,20260825T082827Z,flybrain,0.03,0.029998773793809823,30.0,29.99877379380982,4159,45,6,44,18.559999763965607,163.61600160598755
4,20260825T082827Z,flybrain,0.03,0.029998773793809823,30.0,29.99877379380982,4159,45,6,45,19.007999449968338,167.00799763202667
4,20260825T082827Z,flybrain,0.03,0.029998773793809823,30.0,29.99877379380982,4159,45,6,46,18.592000007629395,162.91199624538422
4,20260825T082827Z,flybrain,0.03,0.029998773793809823,30.0,29.99877379380982,4159,45,6,47,18.49599927663803,160.99199652671814
4,20260825T082827Z,flybrain,0.03,0.029998773793809823,30.0,29.99877379380982,4159,45,6,48,18.559999763965607,163.4880006313324
4,20260825T082827Z,flybrain,0.03,0.029998773793809823,30.0,29.99877379380982,4159,45,6,49,18.49599927663803,160.96000373363495
4,20260825T082827Z,flybrain,0.03,0.029998773793809823,30.0,29.99877379380982,4159,45,6,50,18.52799952030182,163.58399391174316
4,20260825T082827Z,flybrain,0.03,0.029998773793809823,30.0,29.99877379380982,4159,45,6,51,18.36800016462803,166.97600483894348
4,20260825T082827Z,flybrain,0.03,0.029998773793809823,30.0,29.99877379380982,4159,45,6,52,18.432000651955605,163.61600160598755
4,20260825T082827Z,flybrain,0.03,0.029998773793809823,30.0,29.99877379380982,4159,45,6,53,18.49599927663803,162.9759967327118
4,20260825T082827Z,flybrain,0.03,0.029998773793809823,30.0,29.99877379380982,4159,45,6,54,18.624000251293182,161.50400042533875
4,20260825T082827Z,flybrain,0.03,0.029998773793809823,30.0,29.99877379380982,4159,45,6,55,18.49599927663803,167.58400201797485
4,20260825T082827Z,flybrain,0.03,0.029998773793809823,30.0,29.99877379380982,4159,45,6,56,18.49599927663803,161.56800091266632
4,20260825T082827Z,flybrain,0.03,0.029998773793809823,30.0,29.99877379380982,4159,45,6,57,18.432000651955605,161.53599321842194
4,20260825T082827Z,flybrain,0.03,0.029998773793809823,30.0,29.99877379380982,4159,45,6,58,18.49599927663803,161.79199516773224
4,20260825T082827Z,flybrain,0.03,0.029998773793809823,30.0,29.99877379380982,4159,45,6,59,18.624000251293182,158.91200304031372
4,20260825T082827Z,flybrain,0.03,0.029998773793809823,30.0,29.99877379380982,4159,45,6,60,18.49599927663803,161.47199273109436
4,20260825T082827Z,flybrain,0.03,0.029998773793809823,30.0,29.99877379380982,4159,45,6,61,18.464000895619392,163.68000209331512
4,20260825T082827Z,flybrain,0.03,0.029998773793809823,30.0,29.99877379380982,4159,45,6,62,18.36800016462803,167.00799763202667
4,20260825T082827Z,flybrain,0.03,0.029998773793809823,30.0,29.99877379380982,4159,45,6,63,18.624000251293182,161.53599321842194
4,20260825T082827Z,flybrain,0.03,0.029998773793809823,30.0,29.99877379380982,4159,45,6,64,18.52799952030182,167.77600347995758
4,20260825T082827Z,flybrain,0.03,0.029998773793809823,30.0,29.99877379380982,4159,45,6,65,18.400000408291817,160.96000373363495
4,20260825T082827Z,flybrain,0.03,0.029998773793809823,30.0,29.99877379380982,4159,45,6,66,18.559999763965607,158.6879938840866
4,20260825T082827Z,flybrain,0.03,0.029998773793809823,30.0,29.99877379380982,4159,45,6,67,18.65600049495697,165.6000018119812
4,20260825T082827Z,flybrain,0.03,0.029998773793809823,30.0,29.99877379380982,4159,45,6,68,18.464000895619392,163.455992937088
4,20260825T082827Z,flybrain,0.03,0.029998773793809823,30.0,29.99877379380982,4159,45,6,69,17.44000054895878,160.5439931154251
4,20260825T082827Z,flybrain,0.03,0.029998773793809823,30.0,29.99877379380982,4159,45,6,70,18.464000895619392,160.89600324630737
4,20260825T082827Z,flybrain,0.03,0.029998773793809823,30.0,29.99877379380982,4159,45,6,71,18.592000007629395,163.5199934244156
4,20260825T082827Z,flybrain,0.03,0.029998773793809823,30.0,29.99877379380982,4159,45,6,72,18.49599927663803,163.58399391174316
4,20260825T082827Z,flybrain,0.03,0.029998773793809823,30.0,29.99877379380982,4159,45,6,73,18.49599927663803,169.79199647903442
4,20260825T082827Z,flybrain,0.03,0.029998773793809823,30.0,29.99877379380982,4159,45,6,74,18.432000651955605,164.99200463294983
4,20260825T082827Z,flybrain,0.03,0.029998773793809823,30.0,29.99877379380982,4159,45,6,75,18.592000007629395,159.4880074262619
4,20260825T082827Z,flybrain,0.03,0.029998773793809823,30.0,29.99877379380982,4159,45,6,76,18.52799952030182,160.96000373363495
4,20260825T082827Z,flybrain,0.03,0.029998773793809823,30.0,29.99877379380982,4159,45,6,77,18.624000251293182,163.00800442695618
4,20260825T082827Z,flybrain,0.03,0.029998773793809823,30.0,29.99877379380982,4159,45,6,78,18.52799952030182,163.4880006313324
4,20260825T082827Z,flybrain,0.03,0.029998773793809823,30.0,29.99877379380982,4159,45,6,79,18.49599927663803,163.55200111865997
4,20260825T082827Z,flybrain,0.03,0.029998773793809823,30.0,29.99877379380982,4159,45,6,80,18.464000895619392,165.02399742603302
4,20260825T082827Z,flybrain,0.03,0.029998773793809823,30.0,29.99877379380982,4159,45,6,81,18.624000251293182,161.95200383663177
4,20260825T082827Z,flybrain,0.03,0.029998773793809823,30.0,29.99877379380982,4159,45,6,82,18.464000895619392,158.84800255298615
4,20260825T082827Z,flybrain,0.03,0.029998773793809823,30.0,29.99877379380982,4159,45,6,83,18.52799952030182,163.35999965667725
4,20260825T082827Z,flybrain,0.03,0.029998773793809823,30.0,29.99877379380982,4159,45,6,84,18.52799952030182,165.66400229930878
4,20260825T082827Z,flybrain,0.03,0.029998773793809823,30.0,29.99877379380982,4159,45,6,85,18.49599927663803,157.60000050067902
4,20260825T082827Z,flybrain,0.03,0.029998773793809823,30.0,29.99877379380982,4159,45,6,86,18.33599992096424,165.6000018119812
4,20260825T082827Z,flybrain,0.03,0.029998773793809823,30.0,29.99877379380982,4159,45,6,87,18.49599927663803,161.53599321842194
4,20260825T082827Z,flybrain,0.03,0.029998773793809823,30.0,29.99877379380982,4159,45,6,88,18.49599927663803,158.84800255298615
4,20260825T082827Z,flybrain,0.03,0.029998773793809823,30.0,29.99877379380982,4159,45,6,89,18.688000738620758,161.47199273109436
4,20260825T082827Z,flybrain,0.03,0.029998773793809823,30.0,29.99877379380982,4159,45,6,90,18.52799952030182,163.5199934244156
4,20260825T082827Z,flybrain,0.03,0.029998773793809823,30.0,29.99877379380982,4159,45,6,91,18.49599927663803,164.92800414562225
4,20260825T082827Z,flybrain,0.03,0.029998773793809823,30.0,29.99877379380982,4159,45,6,92,18.52799952030182,160.92799603939056
4,20260825T082827Z,flybrain,0.03,0.029998773793809823,30.0,29.99877379380982,4159,45,6,93,18.559999763965607,166.97600483894348
4,20260825T082827Z,flybrain,0.03,0.029998773793809823,30.0,29.99877379380982,4159,45,6,94,18.65600049495697,163.39200735092163
4,20260825T082827Z,flybrain,0.03,0.029998773793809823,30.0,29.99877379380982,4159,45,6,95,18.49599927663803,167.10400581359863
4,20260825T082827Z,flybrain,0.03,0.029998773793809823,30.0,29.99877379380982,4159,45,6,96,18.52799952030182,160.92799603939056
4,20260825T082827Z,flybrain,0.03,0.029998773793809823,30.0,29.99877379380982,4159,45,6,97,18.464000895619392,162.91199624538422
4,20260825T082827Z,flybrain,0.03,0.029998773793809823,30.0,29.99877379380982,4159,45,6,98,18.559999763965607,159.29600596427917
4,20260825T082827Z,flybrain,0.03,0.029998773793809823,30.0,29.99877379380982,4159,45,6,99,18.49599927663803,159.4880074262619
4,20260825T082827Z,flybrain,0.03,0.029998773793809823,30.0,29.99877379380982,4159,45,6,100,18.49599927663803,160.96000373363495
4,20260825T082827Z,flybrain,0.03,0.029998773793809823,30.0,29.99877379380982,4159,45,6,101,18.432000651955605,163.61600160598755
4,20260825T082827Z,flybrain,0.03,0.029998773793809823,30.0,29.99877379380982,4159,45,6,102,18.432000651955605,162.9440039396286
4,20260825T082827Z,flybrain,0.03,0.029998773793809823,30.0,29.99877379380982,4159,45,6,103,18.624000251293182,158.91200304031372
4,20260825T082827Z,flybrain,0.03,0.029998773793809823,30.0,29.99877379380982,4159,45,6,104,18.52799952030182,164.63999450206757
4,20260825T082827Z,flybrain,0.03,0.029998773793809823,30.0,29.99877379380982,4159,45,6,105,18.464000895619392,162.88000345230103
4,20260825T082827Z,flybrain,0.03,0.029998773793809823,30.0,29.99877379380982,4159,45,6,106,18.592000007629395,161.47199273109436
4,20260825T082827Z,flybrain,0.03,0.029998773793809823,30.0,29.99877379380982,4159,45,6,107,18.52799952030182,165.75999557971954
4,20260825T082827Z,flybrain,0.03,0.029998773793809823,30.0,29.99877379380982,4159,45,6,108,18.36800016462803,160.76800227165222
4,20260825T082827Z,flybrain,0.03,0.029998773793809823,30.0,29.99877379380982,4159,45,6,109,18.592000007629395,158.87999534606934
4,20260825T082827Z,flybrain,0.03,0.029998773793809823,30.0,29.99877379380982,4159,45,6,110,18.592000007629395,163.61600160598755
4,20260825T082827Z,flybrain,0.03,0.029998773793809823,30.0,29.99877379380982,4159,45,6,111,18.33599992096424,159.4880074262619
4,20260825T082827Z,flybrain,0.03,0.029998773793809823,30.0,29.99877379380982,4159,45,6,112,18.52799952030182,158.91200304031372
4,20260825T082827Z,flybrain,0.03,0.029998773793809823,30.0,29.99877379380982,4159,45,6,113,18.624000251293182,163.5199934244156
4,20260825T082827Z,flybrain,0.03,0.029998773793809823,30.0,29.99877379380982,4159,45,6,114,18.49599927663803,164.99200463294983
4,20260825T082827Z,flybrain,0.03,0.029998773793809823,30.0,29.99877379380982,4159,45,6,115,18.52799952030182,160.7999950647354
4,20260825T082827Z,flybrain,0.03,0.029998773793809823,30.0,29.99877379380982,4159,45,6,116,18.559999763965607,165.53600132465363
4,20260825T082827Z,flybrain,0.03,0.029998773793809823,30.0,29.99877379380982,4159,45,6,117,18.52799952030182,160.96000373363495
4,20260825T082827Z,flybrain,0.03,0.029998773793809823,30.0,29.99877379380982,4159,45,6,118,18.464000895619392,165.53600132465363
4,20260825T082827Z,flybrain,0.03,0.029998773793809823,30.0,29.99877379380982,4159,45,6,119,18.49599927663803,164.92800414562225
4,20260825T082827Z,flybrain,0.03,0.029998773793809823,30.0,29.99877379380982,4159,45,6,120,18.559999763965607,164.86400365829468
4,20260825T082827Z,flybrain,0.03,0.029998773793809823,30.0,29.99877379380982,4159,45,6,121,18.592000007629395,160.96000373363495
4,20260825T082827Z,flybrain,0.03,0.029998773793809823,30.0,29.99877379380982,4159,45,6,122,18.49599927663803,165.6319946050644
4,20260825T082827Z,flybrain,0.03,0.029998773793809823,30.0,29.99877379380982,4159,45,6,123,19.007999449968338,162.6559942960739
4,20260825T082827Z,flybrain,0.03,0.029998773793809823,30.0,29.99877379380982,4159,45,6,124,17.11999997496605,160.7999950647354
4,20260825T082827Z,flybrain,0.03,0.029998773793809823,30.0,29.99877379380982,4159,45,6,125,17.055999487638474,158.84800255298615
4,20260825T082827Z,flybrain,0.03,0.029998773793809823,30.0,29.99877379380982,4159,45,6,126,16.448000445961952,167.58400201797485
4,20260825T082827Z,flybrain,0.03,0.029998773793809823,30.0,29.99877379380982,4159,45,6,127,18.0479995906353,167.58400201797485
4,20260825T082827Z,flybrain,0.03,0.029998773793809823,30.0,29.99877379380982,4159,45,7,0,253.4080147743225,197.31199741363525
4,20260825T082827Z,flybrain,0.03,0.029998773793809823,30.0,29.99877379380982,4159,45,7,1,16.48000068962574,162.59199380874634
4,20260825T082827Z,flybrain,0.03,0.029998773793809823,30.0,29.99877379380982,4159,45,7,2,16.48000068962574,162.81600296497345
4,20260825T082827Z,flybrain,0.03,0.029998773793809823,30.0,29.99877379380982,4159,45,7,3,17.023999243974686,162.75200247764587
4,20260825T082827Z,flybrain,0.03,0.029998773793809823,30.0,29.99877379380982,4159,45,7,4,16.35199971497059,162.75200247764587
4,20260825T082827Z,flybrain,0.03,0.029998773793809823,30.0,29.99877379380982,4159,45,7,5,18.97599920630455,158.52800011634827
4,20260825T082827Z,flybrain,0.03,0.029998773793809823,30.0,29.99877379380982,4159,45,7,6,18.49599927663803,166.72000288963318
4,20260825T082827Z,flybrain,0.03,0.029998773793809823,30.0,29.99877379380982,4159,45,7,7,17.24799908697605,160.67199409008026
4,20260825T082827Z,flybrain,0.03,0.029998773793809823,30.0,29.99877379380982,4159,45,7,8,17.055999487638474,163.00800442695618
4,20260825T082827Z,flybrain,0.03,0.029998773793809823,30.0,29.99877379380982,4159,45,7,9,18.624000251293182,162.75200247764587
4,20260825T082827Z,flybrain,0.03,0.029998773793809823,30.0,29.99877379380982,4159,45,7,10,18.49599927663803,167.00799763202667
4,20260825T082827Z,flybrain,0.03,0.029998773793809823,30.0,29.99877379380982,4159,45,7,11,18.464000895619392,163.58399391174316
4,20260825T082827Z,flybrain,0.03,0.029998773793809823,30.0,29.99877379380982,4159,45,7,12,18.49599927663803,163.00800442695618
4,20260825T082827Z,flybrain,0.03,0.029998773793809823,30.0,29.99877379380982,4159,45,7,13,18.592000007629395,165.50399363040924
4,20260825T082827Z,flybrain,0.03,0.029998773793809823,30.0,29.99877379380982,4159,45,7,14,18.464000895619392,164.92800414562225
4,20260825T082827Z,flybrain,0.03,0.029998773793809823,30.0,29.99877379380982,4159,45,7,15,18.52799952030182,160.76800227165222
4,20260825T082827Z,flybrain,0.03,0.029998773793809823,30.0,29.99877379380982,4159,45,7,16,18.624000251293182,160.96000373363495
4,20260825T082827Z,flybrain,0.03,0.029998773793809823,30.0,29.99877379380982,4159,45,7,17,18.624000251293182,161.50400042533875
4,20260825T082827Z,flybrain,0.03,0.029998773793809823,30.0,29.99877379380982,4159,45,7,18,18.49599927663803,164.99200463294983
4,20260825T082827Z,flybrain,0.03,0.029998773793809823,30.0,29.99877379380982,4159,45,7,19,18.400000408291817,163.55200111865997
4,20260825T082827Z,flybrain,0.03,0.029998773793809823,30.0,29.99877379380982,4159,45,7,20,18.400000408291817,162.9440039396286
4,20260825T082827Z,flybrain,0.03,0.029998773793809823,30.0,29.99877379380982,4159,45,7,21,17.24799908697605,164.89599645137787
4,20260825T082827Z,flybrain,0.03,0.029998773793809823,30.0,29.99877379380982,4159,45,7,22,18.559999763965607,160.5439931154251
4,20260825T082827Z,flybrain,0.03,0.029998773793809823,30.0,29.99877379380982,4159,45,7,23,17.472000792622566,163.68000209331512
4,20260825T082827Z,flybrain,0.03,0.029998773793809823,30.0,29.99877379380982,4159,45,7,24,18.400000408291817,163.00800442695618
4,20260825T082827Z,flybrain,0.03,0.029998773793809823,30.0,29.99877379380982,4159,45,7,25,18.464000895619392,163.5199934244156
4,20260825T082827Z,flybrain,0.03,0.029998773793809823,30.0,29.99877379380982,4159,45,7,26,18.49599927663803,162.9759967327118
4,20260825T082827Z,flybrain,0.03,0.029998773793809823,30.0,29.99877379380982,4159,45,7,27,18.559999763965607,161.6320013999939
4,20260825T082827Z,flybrain,0.03,0.029998773793809823,30.0,29.99877379380982,4159,45,7,28,18.36800016462803,162.9759967327118
4,20260825T082827Z,flybrain,0.03,0.029998773793809823,30.0,29.99877379380982,4159,45,7,29,18.624000251293182,161.28000617027283
4,20260825T082827Z,flybrain,0.03,0.029998773793809823,30.0,29.99877379380982,4159,45,7,30,18.49599927663803,161.40800714492798
4,20260825T082827Z,flybrain,0.03,0.029998773793809823,30.0,29.99877379380982,4159,45,7,31,18.400000408291817,161.56800091266632
4,20260825T082827Z,flybrain,0.03,0.029998773793809823,30.0,29.99877379380982,4159,45,7,32,18.464000895619392,159.5200002193451
4,20260825T082827Z,flybrain,0.03,0.029998773793809823,30.0,29.99877379380982,4159,45,7,33,18.464000895619392,160.863995552063
4,20260825T082827Z,flybrain,0.03,0.029998773793809823,30.0,29.99877379380982,4159,45,7,34,18.400000408291817,164.99200463294983
4,20260825T082827Z,flybrain,0.03,0.029998773793809823,30.0,29.99877379380982,4159,45,7,35,18.464000895619392,160.96000373363495
4,20260825T082827Z,flybrain,0.03,0.029998773793809823,30.0,29.99877379380982,4159,45,7,36,18.464000895619392,167.10400581359863
4,20260825T082827Z,flybrain,0.03,0.029998773793809823,30.0,29.99877379380982,4159,45,7,37,18.592000007629395,161.43999993801117
4,20260825T082827Z,flybrain,0.03,0.029998773793809823,30.0,29.99877379380982,4159,45,7,38,18.49599927663803,162.9759967327118
4,20260825T082827Z,flybrain,0.03,0.029998773793809823,30.0,29.99877379380982,4159,45,7,39,18.559999763965607,158.9439958333969
4,20260825T082827Z,flybrain,0.03,0.029998773793809823,30.0,29.99877379380982,4159,45,7,40,18.464000895619392,165.6000018119812
4,20260825T082827Z,flybrain,0.03,0.029998773793809823,30.0,29.99877379380982,4159,45,7,41,18.52799952030182,162.84799575805664
4,20260825T082827Z,flybrain,0.03,0.029998773793809823,30.0,29.99877379380982,4159,45,7,42,18.592000007629395,162.9759967327118
4,20260825T082827Z,flybrain,0.03,0.029998773793809823,30.0,29.99877379380982,4159,45,7,43,18.464000895619392,162.84799575805664
4,20260825T082827Z,flybrain,0.03,0.029998773793809823,30.0,29.99877379380982,4159,45,7,44,18.592000007629395,163.00800442695618
4,20260825T082827Z,flybrain,0.03,0.029998773793809823,30.0,29.99877379380982,4159,45,7,45,17.27999933063984,166.84800386428833
4,20260825T082827Z,flybrain,0.03,0.029998773793809823,30.0,29.99877379380982,4159,45,7,46,17.632000148296356,162.88000345230103
4,20260825T082827Z,flybrain,0.03,0.029998773793809823,30.0,29.99877379380982,4159,45,7,47,18.400000408291817,162.81600296497345
4,20260825T082827Z,flybrain,0.03,0.029998773793809823,30.0,29.99877379380982,4159,45,7,48,18.559999763965607,160.7999950647354
4,20260825T082827Z,flybrain,0.03,0.029998773793809823,30.0,29.99877379380982,4159,45,7,49,17.184000462293625,162.84799575805664
4,20260825T082827Z,flybrain,0.03,0.029998773793809823,30.0,29.99877379380982,4159,45,7,50,18.624000251293182,160.7999950647354
4,20260825T082827Z,flybrain,0.03,0.029998773793809823,30.0,29.99877379380982,4159,45,7,51,18.49599927663803,165.72800278663635
4,20260825T082827Z,flybrain,0.03,0.029998773793809823,30.0,29.99877379380982,4159,45,7,52,18.432000651955605,165.66400229930878
4,20260825T082827Z,flybrain,0.03,0.029998773793809823,30.0,29.99877379380982,4159,45,7,53,18.464000895619392,162.91199624538422
4,20260825T082827Z,flybrain,0.03,0.029998773793809823,30.0,29.99877379380982,4159,45,7,54,18.49599927663803,162.7199947834015
4,20260825T082827Z,flybrain,0.03,0.029998773793809823,30.0,29.99877379380982,4159,45,7,55,18.52799952030182,167.64800250530243
4,20260825T082827Z,flybrain,0.03,0.029998773793809823,30.0,29.99877379380982,4159,45,7,56,18.52799952030182,161.50400042533875
4,20260825T082827Z,flybrain,0.03,0.029998773793809823,30.0,29.99877379380982,4159,45,7,57,18.52799952030182,161.3759994506836
4,20260825T082827Z,flybrain,0.03,0.029998773793809823,30.0,29.99877379380982,4159,45,7,58,18.464000895619392,161.72799468040466
4,20260825T082827Z,flybrain,0.03,0.029998773793809823,30.0,29.99877379380982,4159,45,7,59,18.239999189972878,158.81599485874176
4,20260825T082827Z,flybrain,0.03,0.029998773793809823,30.0,29.99877379380982,4159,45,7,60,18.592000007629395,160.96000373363495
4,20260825T082827Z,flybrain,0.03,0.029998773793809823,30.0,29.99877379380982,4159,45,7,61,18.624000251293182,162.81600296497345
4,20260825T082827Z,flybrain,0.03,0.029998773793809823,30.0,29.99877379380982,4159,45,7,62,18.624000251293182,164.89599645137787
4,20260825T082827Z,flybrain,0.03,0.029998773793809823,30.0,29.99877379380982,4159,45,7,63,18.464000895619392,161.43999993801117
4,20260825T082827Z,flybrain,0.03,0.029998773793809823,30.0,29.99877379380982,4159,45,7,64,18.49599927663803,165.79200327396393
4,20260825T082827Z,flybrain,0.03,0.029998773793809823,30.0,29.99877379380982,4159,45,7,65,18.36800016462803,159.29600596427917
4,20260825T082827Z,flybrain,0.03,0.029998773793809823,30.0,29.99877379380982,4159,45,7,66,18.52799952030182,158.6879938840866
4,20260825T082827Z,flybrain,0.03,0.029998773793809823,30.0,29.99877379380982,4159,45,7,67,18.52799952030182,165.66400229930878
4,20260825T082827Z,flybrain,0.03,0.029998773793809823,30.0,29.99877379380982,4159,45,7,68,18.36800016462803,162.84799575805664
4,20260825T082827Z,flybrain,0.03,0.029998773793809823,30.0,29.99877379380982,4159,45,7,69,17.59999990463257,161.43999993801117
4,20260825T082827Z,flybrain,0.03,0.029998773793809823,30.0,29.99877379380982,4159,45,7,70,18.49599927663803,161.47199273109436
4,20260825T082827Z,flybrain,0.03,0.029998773793809823,30.0,29.99877379380982,4159,45,7,71,18.49599927663803,164.86400365829468
4,20260825T082827Z,flybrain,0.03,0.029998773793809823,30.0,29.99877379380982,4159,45,7,72,18.592000007629395,162.9759967327118
4,20260825T082827Z,flybrain,0.03,0.029998773793809823,30.0,29.99877379380982,4159,45,7,73,18.464000895619392,166.9439971446991
4,20260825T082827Z,flybrain,0.03,0.029998773793809823,30.0,29.99877379380982,4159,45,7,74,18.592000007629395,165.43999314308167
4,20260825T082827Z,flybrain,0.03,0.029998773793809823,30.0,29.99877379380982,4159,45,7,75,18.271999433636665,158.91200304031372
4,20260825T082827Z,flybrain,0.03,0.029998773793809823,30.0,29.99877379380982,4159,45,7,76,18.592000007629395,161.50400042533875
4,20260825T082827Z,flybrain,0.03,0.029998773793809823,30.0,29.99877379380982,4159,45,7,77,18.52799952030182,162.88000345230103
4,20260825T082827Z,flybrain,0.03,0.029998773793809823,30.0,29.99877379380982,4159,45,7,78,16.607999801635742,162.91199624538422
4,20260825T082827Z,flybrain,0.03,0.029998773793809823,30.0,29.99877379380982,4159,45,7,79,18.432000651955605,162.88000345230103
4,20260825T082827Z,flybrain,0.03,0.029998773793809823,30.0,29.99877379380982,4159,45,7,80,19.071999937295914,164.95999693870544
4,20260825T082827Z,flybrain,0.03,0.029998773793809823,30.0,29.99877379380982,4159,45,7,81,18.624000251293182,163.61600160598755
4,20260825T082827Z,flybrain,0.03,0.029998773793809823,30.0,29.99877379380982,4159,45,7,82,18.400000408291817,159.42400693893433
4,20260825T082827Z,flybrain,0.03,0.029998773793809823,30.0,29.99877379380982,4159,45,7,83,18.400000408291817,162.9440039396286
4,20260825T082827Z,flybrain,0.03,0.029998773793809823,30.0,29.99877379380982,4159,45,7,84,18.49599927663803,164.89599645137787
4,20260825T082827Z,flybrain,0.03,0.029998773793809823,30.0,29.99877379380982,4159,45,7,85,18.592000007629395,157.27999806404114
4,20260825T082827Z,flybrain,0.03,0.029998773793809823,30.0,29.99877379380982,4159,45,7,86,18.49599927663803,167.55199432373047
4,20260825T082827Z,flybrain,0.03,0.029998773793809823,30.0,29.99877379380982,4159,45,7,87,18.464000895619392,160.8320027589798
4,20260825T082827Z,flybrain,0.03,0.029998773793809823,30.0,29.99877379380982,4159,45,7,88,18.36800016462803,160.96000373363495
4,20260825T082827Z,flybrain,0.03,0.029998773793809823,30.0,29.99877379380982,4159,45,7,89,18.559999763965607,160.863995552063
4,20260825T082827Z,flybrain,0.03,0.029998773793809823,30.0,29.99877379380982,4159,45,7,90,18.464000895619392,162.91199624538422
4,20260825T082827Z,flybrain,0.03,0.029998773793809823,30.0,29.99877379380982,4159,45,7,91,18.559999763965607,163.7440025806427
4,20260825T082827Z,flybrain,0.03,0.029998773793809823,30.0,29.99877379380982,4159,45,7,92,18.303999677300453,161.47199273109436
4,20260825T082827Z,flybrain,0.03,0.029998773793809823,30.0,29.99877379380982,4159,45,7,93,18.49599927663803,166.97600483894348
4,20260825T082827Z,flybrain,0.03,0.029998773793809823,30.0,29.99877379380982,4159,45,7,94,18.624000251293182,163.00800442695618
4,20260825T082827Z,flybrain,0.03,0.029998773793809823,30.0,29.99877379380982,4159,45,7,95,18.432000651955605,169.15200650691986
4,20260825T082827Z,flybrain,0.03,0.029998773793809823,30.0,29.99877379380982,4159,45,7,96,18.624000251293182,163.00800442695618
4,20260825T082827Z,flybrain,0.03,0.029998773793809823,30.0,29.99877379380982,4159,45,7,97,18.592000007629395,165.56799411773682
4,20260825T082827Z,flybrain,0.03,0.029998773793809823,30.0,29.99877379380982,4159,45,7,98,18.432000651955605,159.32799875736237
4,20260825T082827Z,flybrain,0.03,0.029998773793809823,30.0,29.99877379380982,4159,45,7,99,18.49599927663803,159.4880074262619
4,20260825T082827Z,flybrain,0.03,0.029998773793809823,30.0,29.99877379380982,4159,45,7,100,18.52799952030182,158.91200304031372
4,20260825T082827Z,flybrain,0.03,0.029998773793809823,30.0,29.99877379380982,4159,45,7,101,18.464000895619392,162.91199624538422
4,20260825T082827Z,flybrain,0.03,0.029998773793809823,30.0,29.99877379380982,4159,45,7,102,18.624000251293182,160.92799603939056
4,20260825T082827Z,flybrain,0.03,0.029998773793809823,30.0,29.99877379380982,4159,45,7,103,18.52799952030182,159.93599593639374
4,20260825T082827Z,flybrain,0.03,0.029998773793809823,30.0,29.99877379380982,4159,45,7,104,18.464000895619392,165.6319946050644
4,20260825T082827Z,flybrain,0.03,0.029998773793809823,30.0,29.99877379380982,4159,45,7,105,18.49599927663803,162.432000041008
4,20260825T082827Z,flybrain,0.03,0.029998773793809823,30.0,29.99877379380982,4159,45,7,106,18.52799952030182,162.9759967327118
4,20260825T082827Z,flybrain,0.03,0.029998773793809823,30.0,29.99877379380982,4159,45,7,107,18.36800016462803,165.0560051202774
4,20260825T082827Z,flybrain,0.03,0.029998773793809823,30.0,29.99877379380982,4159,45,7,108,18.592000007629395,160.96000373363495
4,20260825T082827Z,flybrain,0.03,0.029998773793809823,30.0,29.99877379380982,4159,45,7,109,18.65600049495697,160.863995552063
4,20260825T082827Z,flybrain,0.03,0.029998773793809823,30.0,29.99877379380982,4159,45,7,110,18.592000007629395,163.4880006313324
4,20260825T082827Z,flybrain,0.03,0.029998773793809823,30.0,29.99877379380982,4159,45,7,111,18.49599927663803,157.44000673294067
4,20260825T082827Z,flybrain,0.03,0.029998773793809823,30.0,29.99877379380982,4159,45,7,112,18.49599927663803,159.29600596427917
4,20260825T082827Z,flybrain,0.03,0.029998773793809823,30.0,29.99877379380982,4159,45,7,113,18.52799952030182,162.91199624538422
4,20260825T082827Z,flybrain,0.03,0.029998773793809823,30.0,29.99877379380982,4159,45,7,114,18.49599927663803,167.64800250530243
4,20260825T082827Z,flybrain,0.03,0.029998773793809823,30.0,29.99877379380982,4159,45,7,115,18.400000408291817,158.87999534606934
4,20260825T082827Z,flybrain,0.03,0.029998773793809823,30.0,29.99877379380982,4159,45,7,116,18.624000251293182,165.02399742603302
4,20260825T082827Z,flybrain,0.03,0.029998773793809823,30.0,29.99877379380982,4159,45,7,117,18.464000895619392,161.31199896335602
4,20260825T082827Z,flybrain,0.03,0.029998773793809823,30.0,29.99877379380982,4159,45,7,118,18.49599927663803,162.88000345230103
4,20260825T082827Z,flybrain,0.03,0.029998773793809823,30.0,29.99877379380982,4159,45,7,119,18.52799952030182,163.55200111865997
4,20260825T082827Z,flybrain,0.03,0.029998773793809823,30.0,29.99877379380982,4159,45,7,120,18.432000651955605,165.6319946050644
4,20260825T082827Z,flybrain,0.03,0.029998773793809823,30.0,29.99877379380982,4159,45,7,121,18.49599927663803,160.863995552063
4,20260825T082827Z,flybrain,0.03,0.029998773793809823,30.0,29.99877379380982,4159,45,7,122,18.559999763965607,165.66400229930878
4,20260825T082827Z,flybrain,0.03,0.029998773793809823,30.0,29.99877379380982,4159,45,7,123,18.400000408291817,160.76800227165222
4,20260825T082827Z,flybrain,0.03,0.029998773793809823,30.0,29.99877379380982,4159,45,7,124,18.624000251293182,159.5200002193451
4,20260825T082827Z,flybrain,0.03,0.029998773793809823,30.0,29.99877379380982,4159,45,7,125,18.49599927663803,159.39199924468994
4,20260825T082827Z,flybrain,0.03,0.029998773793809823,30.0,29.99877379380982,4159,45,7,126,18.49599927663803,166.55999422073364
4,20260825T082827Z,flybrain,0.03,0.029998773793809823,30.0,29.99877379380982,4159,45,7,127,18.079999834299088,167.55199432373047
4,20260825T082827Z,flybrain,0.03,0.029998773793809823,30.0,29.99877379380982,4159,45,8,0,311.5200102329254,198.2720047235489
4,20260825T082827Z,flybrain,0.03,0.029998773793809823,30.0,29.99877379380982,4159,45,8,1,16.51199907064438,171.83999717235565
4,20260825T082827Z,flybrain,0.03,0.029998773793809823,30.0,29.99877379380982,4159,45,8,2,17.696000635623932,163.7440025806427
4,20260825T082827Z,flybrain,0.03,0.029998773793809823,30.0,29.99877379380982,4159,45,8,3,18.33599992096424,160.73599457740784
4,20260825T082827Z,flybrain,0.03,0.029998773793809823,30.0,29.99877379380982,4159,45,8,4,17.664000391960144,162.75200247764587
4,20260825T082827Z,flybrain,0.03,0.029998773793809823,30.0,29.99877379380982,4159,45,8,5,16.51199907064438,158.65600109100342
4,20260825T082827Z,flybrain,0.03,0.029998773793809823,30.0,29.99877379380982,4159,45,8,6,16.35199971497059,164.8000031709671
4,20260825T082827Z,flybrain,0.03,0.029998773793809823,30.0,29.99877379380982,4159,45,8,7,17.664000391960144,160.5439931154251
4,20260825T082827Z,flybrain,0.03,0.029998773793809823,30.0,29.99877379380982,4159,45,8,8,16.51199907064438,164.70399498939514
4,20260825T082827Z,flybrain,0.03,0.029998773793809823,30.0,29.99877379380982,4159,45,8,9,16.35199971497059,162.4000072479248
4,20260825T082827Z,flybrain,0.03,0.029998773793809823,30.0,29.99877379380982,4159,45,8,10,16.383999958634377,166.72000288963318
4,20260825T082827Z,flybrain,0.03,0.029998773793809823,30.0,29.99877379380982,4159,45,8,11,18.624000251293182,160.76800227165222
4,20260825T082827Z,flybrain,0.03,0.029998773793809823,30.0,29.99877379380982,4159,45,8,12,18.65600049495697,163.35999965667725
4,20260825T082827Z,flybrain,0.03,0.029998773793809823,30.0,29.99877379380982,4159,45,8,13,18.559999763965607,162.78399527072906
4,20260825T082827Z,flybrain,0.03,0.029998773793809823,30.0,29.99877379380982,4159,45,8,14,18.49599927663803,164.73600268363953
4,20260825T082827Z,flybrain,0.03,0.029998773793809823,30.0,29.99877379380982,4159,45,8,15,16.704000532627106,162.7199947834015
4,20260825T082827Z,flybrain,0.03,0.029998773793809823,30.0,29.99877379380982,4159,45,8,16,16.92800037562847,160.89600324630737
4,20260825T082827Z,flybrain,0.03,0.029998773793809823,30.0,29.99877379380982,4159,45,8,17,18.20800080895424,161.43999993801117
4,20260825T082827Z,flybrain,0.03,0.029998773793809823,30.0,29.99877379380982,4159,45,8,18,18.464000895619392,165.0560051202774
4,20260825T082827Z,flybrain,0.03,0.029998773793809823,30.0,29.99877379380982,4159,45,8,19,18.559999763965607,163.00800442695618
4,20260825T082827Z,flybrain,0.03,0.029998773793809823,30.0,29.99877379380982,4159,45,8,20,18.592000007629395,163.61600160598755
4,20260825T082827Z,flybrain,0.03,0.029998773793809823,30.0,29.99877379380982,4159,45,8,21,18.464000895619392,164.86400365829468
4,20260825T082827Z,flybrain,0.03,0.029998773793809823,30.0,29.99877379380982,4159,45,8,22,18.592000007629395,160.92799603939056
4,20260825T082827Z,flybrain,0.03,0.029998773793809823,30.0,29.99877379380982,4159,45,8,23,18.464000895619392,163.58399391174316
4,20260825T082827Z,flybrain,0.03,0.029998773793809823,30.0,29.99877379380982,4159,45,8,24,18.49599927663803,163.61600160598755
4,20260825T082827Z,flybrain,0.03,0.029998773793809823,30.0,29.99877379380982,4159,45,8,25,18.49599927663803,163.39200735092163
4,20260825T082827Z,flybrain,0.03,0.029998773793809823,30.0,29.99877379380982,4159,45,8,26,18.49599927663803,162.9759967327118
4,20260825T082827Z,flybrain,0.03,0.029998773793809823,30.0,29.99877379380982,4159,45,8,27,18.559999763965607,163.00800442695618
4,20260825T082827Z,flybrain,0.03,0.029998773793809823,30.0,29.99877379380982,4159,45,8,28,18.49599927663803,162.9440039396286
4,20260825T082827Z,flybrain,0.03,0.029998773793809823,30.0,29.99877379380982,4159,45,8,29,18.592000007629395,161.47199273109436
4,20260825T082827Z,flybrain,0.03,0.029998773793809823,30.0,29.99877379380982,4159,45,8,30,18.49599927663803,160.8320027589798
4,20260825T082827Z,flybrain,0.03,0.029998773793809823,30.0,29.99877379380982,4159,45,8,31,18.624000251293182,161.47199273109436
4,20260825T082827Z,flybrain,0.03,0.029998773793809823,30.0,29.99877379380982,4159,45,8,32,18.52799952030182,158.78400206565857
4,20260825T082827Z,flybrain,0.03,0.029998773793809823,30.0,29.99877379380982,4159,45,8,33,18.49599927663803,161.40800714492798
4,20260825T082827Z,flybrain,0.03,0.029998773793809823,30.0,29.99877379380982,4159,45,8,34,18.464000895619392,163.00800442695618
4,20260825T082827Z,flybrain,0.03,0.029998773793809823,30.0,29.99877379380982,4159,45,8,35,18.464000895619392,161.56800091266632
4,20260825T082827Z,flybrain,0.03,0.029998773793809823,30.0,29.99877379380982,4159,45,8,36,18.464000895619392,167.10400581359863
4,20260825T082827Z,flybrain,0.03,0.029998773793809823,30.0,29.99877379380982,4159,45,8,37,18.49599927663803,159.5200002193451
4,20260825T082827Z,flybrain,0.03,0.029998773793809823,30.0,29.99877379380982,4159,45,8,38,18.400000408291817,162.9759967327118
4,20260825T082827Z,flybrain,0.03,0.029998773793809823,30.0,29.99877379380982,4159,45,8,39,18.464000895619392,158.91200304031372
4,20260825T082827Z,flybrain,0.03,0.029998773793809823,30.0,29.99877379380982,4159,45,8,40,18.592000007629395,164.92800414562225
4,20260825T082827Z,flybrain,0.03,0.029998773793809823,30.0,29.99877379380982,4159,45,8,41,18.592000007629395,162.9440039396286
4,20260825T082827Z,flybrain,0.03,0.029998773793809823,30.0,29.99877379380982,4159,45,8,42,18.464000895619392,163.55200111865997
4,20260825T082827Z,flybrain,0.03,0.029998773793809823,30.0,29.99877379380982,4159,45,8,43,18.464000895619392,163.00800442695618
4,20260825T082827Z,flybrain,0.03,0.029998773793809823,30.0,29.99877379380982,4159,45,8,44,18.624000251293182,163.00800442695618
4,20260825T082827Z,flybrain,0.03,0.029998773793809823,30.0,29.99877379380982,4159,45,8,45,18.624000251293182,167.35999286174774
4,20260825T082827Z,flybrain,0.03,0.029998773793809823,30.0,29.99877379380982,4159,45,8,46,18.49599927663803,162.9759967327118
4,20260825T082827Z,flybrain,0.03,0.029998773793809823,30.0,29.99877379380982,4159,45,8,47,18.49599927663803,161.53599321842194
4,20260825T082827Z,flybrain,0.03,0.029998773793809823,30.0,29.99877379380982,4159,45,8,48,17.44000054895878,161.69600188732147
4,20260825T082827Z,flybrain,0.03,0.029998773793809823,30.0,29.99877379380982,4159,45,8,49,17.376000061631203,163.58399391174316
4,20260825T082827Z,flybrain,0.03,0.029998773793809823,30.0,29.99877379380982,4159,45,8,50,18.49599927663803,161.56800091266632
4,20260825T082827Z,flybrain,0.03,0.029998773793809823,30.0,29.99877379380982,4159,45,8,51,18.49599927663803,165.53600132465363
4,20260825T082827Z,flybrain,0.03,0.029998773793809823,30.0,29.99877379380982,4159,45,8,52,18.49599927663803,165.6319946050644
4,20260825T082827Z,flybrain,0.03,0.029998773793809823,30.0,29.99877379380982,4159,45,8,53,18.464000895619392,165.40800034999847
4,20260825T082827Z,flybrain,0.03,0.029998773793809823,30.0,29.99877379380982,4159,45,8,54,18.49599927663803,161.50400042533875
4,20260825T082827Z,flybrain,0.03,0.029998773793809823,30.0,29.99877379380982,4159,45,8,55,18.271999433636665,167.04000532627106
4,20260825T082827Z,flybrain,0.03,0.029998773793809823,30.0,29.99877379380982,4159,45,8,56,18.49599927663803,160.96000373363495
4,20260825T082827Z,flybrain,0.03,0.029998773793809823,30.0,29.99877379380982,4159,45,8,57,18.624000251293182,160.863995552063
4,20260825T082827Z,flybrain,0.03,0.029998773793809823,30.0,29.99877379380982,4159,45,8,58,18.49599927663803,160.92799603939056
4,20260825T082827Z,flybrain,0.03,0.029998773793809823,30.0,29.99877379380982,4159,45,8,59,18.592000007629395,158.4320068359375
4,20260825T082827Z,flybrain,0.03,0.029998773793809823,30.0,29.99877379380982,4159,45,8,60,18.52799952030182,161.3759994506836
4,20260825T082827Z,flybrain,0.03,0.029998773793809823,30.0,29.99877379380982,4159,45,8,61,18.52799952030182,162.88000345230103
4,20260825T082827Z,flybrain,0.03,0.029998773793809823,30.0,29.99877379380982,4159,45,8,62,18.559999763965607,165.0560051202774
4,20260825T082827Z,flybrain,0.03,0.029998773793809823,30.0,29.99877379380982,4159,45,8,63,18.52799952030182,160.92799603939056
4,20260825T082827Z,flybrain,0.03,0.029998773793809823,30.0,29.99877379380982,4159,45,8,64,19.231999292969704,165.47200083732605
4,20260825T082827Z,flybrain,0.03,0.029998773793809823,30.0,29.99877379380982,4159,45,8,65,18.49599927663803,161.47199273109436
4,20260825T082827Z,flybrain,0.03,0.029998773793809823,30.0,29.99877379380982,4159,45,8,66,18.464000895619392,159.32799875736237
4,20260825T082827Z,flybrain,0.03,0.029998773793809823,30.0,29.99877379380982,4159,45,8,67,19.071999937295914,164.95999693870544
4,20260825T082827Z,flybrain,0.03,0.029998773793809823,30.0,29.99877379380982,4159,45,8,68,18.52799952030182,163.61600160598755
4,20260825T082827Z,flybrain,0.03,0.029998773793809823,30.0,29.99877379380982,4159,45,8,69,18.464000895619392,160.863995552063
4,20260825T082827Z,flybrain,0.03,0.029998773793809823,30.0,29.99877379380982,4159,45,8,70,18.624000251293182,161.56800091266632
4,20260825T082827Z,flybrain,0.03,0.029998773793809823,30.0,29.99877379380982,4159,45,8,71,17.983999103307724,162.84799575805664
4,20260825T082827Z,flybrain,0.03,0.029998773793809823,30.0,29.99877379380982,4159,45,8,72,18.464000895619392,163.64799439907074
4,20260825T082827Z,flybrain,0.03,0.029998773793809823,30.0,29.99877379380982,4159,45,8,73,18.49599927663803,169.08800601959229
4,20260825T082827Z,flybrain,0.03,0.029998773793809823,30.0,29.99877379380982,4159,45,8,74,18.464000895619392,165.02399742603302
4,20260825T082827Z,flybrain,0.03,0.029998773793809823,30.0,29.99877379380982,4159,45,8,75,18.559999763965607,160.92799603939056
4,20260825T082827Z,flybrain,0.03,0.029998773793809823,30.0,29.99877379380982,4159,45,8,76,18.559999763965607,160.99199652671814
4,20260825T082827Z,flybrain,0.03,0.029998773793809823,30.0,29.99877379380982,4159,45,8,77,18.624000251293182,163.58399391174316
4,20260825T082827Z,flybrain,0.03,0.029998773793809823,30.0,29.99877379380982,4159,45,8,78,18.432000651955605,163.58399391174316
4,20260825T082827Z,flybrain,0.03,0.029998773793809823,30.0,29.99877379380982,4159,45,8,79,18.464000895619392,162.91199624538422
4,20260825T082827Z,flybrain,0.03,0.029998773793809823,30.0,29.99877379380982,4159,45,8,80,18.592000007629395,165.0560051202774
4,20260825T082827Z,flybrain,0.03,0.029998773793809823,30.0,29.99877379380982,4159,45,8,81,18.624000251293182,163.61600160598755
4,20260825T082827Z,flybrain,0.03,0.029998773793809823,30.0,29.99877379380982,4159,45,8,82,18.400000408291817,158.78400206565857
4,20260825T082827Z,flybrain,0.03,0.029998773793809823,30.0,29.99877379380982,4159,45,8,83,18.464000895619392,160.8320027589798
4,20260825T082827Z,flybrain,0.03,0.029998773793809823,30.0,29.99877379380982,4159,45,8,84,19.26399953663349,167.67999529838562
4,20260825T082827Z,flybrain,0.03,0.029998773793809823,30.0,29.99877379380982,4159,45,8,85,17.311999574303627,156.63999319076538
4,20260825T082827Z,flybrain,0.03,0.029998773793809823,30.0,29.99877379380982,4159,45,8,86,18.49599927663803,167.10400581359863
4,20260825T082827Z,flybrain,0.03,0.029998773793809823,30.0,29.99877379380982,4159,45,8,87,17.216000705957413,158.91200304031372
4,20260825T082827Z,flybrain,0.03,0.029998773793809823,30.0,29.99877379380982,4159,45,8,88,18.65600049495697,159.4880074262619
4,20260825T082827Z,flybrain,0.03,0.029998773793809823,30.0,29.99877379380982,4159,45,8,89,18.464000895619392,160.89600324630737
4,20260825T082827Z,flybrain,0.03,0.029998773793809823,30.0,29.99877379380982,4159,45,8,90,18.592000007629395,163.03999722003937
4,20260825T082827Z,flybrain,0.03,0.029998773793809823,30.0,29.99877379380982,4159,45,8,91,18.559999763965607,163.58399391174316
4,20260825T082827Z,flybrain,0.03,0.029998773793809823,30.0,29.99877379380982,4159,45,8,92,18.36800016462803,160.8320027589798
4,20260825T082827Z,flybrain,0.03,0.029998773793809823,30.0,29.99877379380982,4159,45,8,93,18.464000895619392,166.87999665737152
4,20260825T082827Z,flybrain,0.03,0.029998773793809823,30.0,29.99877379380982,4159,45,8,94,18.464000895619392,161.53599321842194
4,20260825T082827Z,flybrain,0.03,0.029998773793809823,30.0,29.99877379380982,4159,45,8,95,18.49599927663803,167.07199811935425
4,20260825T082827Z,flybrain,0.03,0.029998773793809823,30.0,29.99877379380982,4159,45,8,96,18.592000007629395,160.92799603939056
4,20260825T082827Z,flybrain,0.03,0.029998773793809823,30.0,29.99877379380982,4159,45,8,97,18.592000007629395,163.4880006313324
4,20260825T082827Z,flybrain,0.03,0.029998773793809823,30.0,29.99877379380982,4159,45,8,98,18.49599927663803,159.64800119400024
4,20260825T082827Z,flybrain,0.03,0.029998773793809823,30.0,29.99877379380982,4159,45,8,99,18.33599992096424,158.75199437141418
4,20260825T082827Z,flybrain,0.03,0.029998773793809823,30.0,29.99877379380982,4159,45,8,100,18.624000251293182,158.87999534606934
4,20260825T082827Z,flybrain,0.03,0.029998773793809823,30.0,29.99877379380982,4159,45,8,101,18.624000251293182,162.9440039396286
4,20260825T082827Z,flybrain,0.03,0.029998773793809823,30.0,29.99877379380982,4159,45,8,102,18.464000895619392,163.55200111865997
4,20260825T082827Z,flybrain,0.03,0.029998773793809823,30.0,29.99877379380982,4159,45,8,103,18.464000895619392,159.45599973201752
4,20260825T082827Z,flybrain,0.03,0.029998773793809823,30.0,29.99877379380982,4159,45,8,104,18.464000895619392,165.6000018119812
4,20260825T082827Z,flybrain,0.03,0.029998773793809823,30.0,29.99877379380982,4159,45,8,105,18.432000651955605,161.8880033493042
4,20260825T082827Z,flybrain,0.03,0.029998773793809823,30.0,29.99877379380982,4159,45,8,106,18.592000007629395,163.61600160598755
4,20260825T082827Z,flybrain,0.03,0.029998773793809823,30.0,29.99877379380982,4159,45,8,107,18.464000895619392,165.0560051202774
4,20260825T082827Z,flybrain,0.03,0.029998773793809823,30.0,29.99877379380982,4159,45,8,108,18.624000251293182,160.76800227165222
4,20260825T082827Z,flybrain,0.03,0.029998773793809823,30.0,29.99877379380982,4159,45,8,109,17.184000462293625,158.81599485874176
4,20260825T082827Z,flybrain,0.03,0.029998773793809823,30.0,29.99877379380982,4159,45,8,110,18.65600049495697,163.61600160598755
4,20260825T082827Z,flybrain,0.03,0.029998773793809823,30.0,29.99877379380982,4159,45,8,111,18.464000895619392,158.81599485874176
4,20260825T082827Z,flybrain,0.03,0.029998773793809823,30.0,29.99877379380982,4159,45,8,112,18.432000651955605,158.91200304031372
4,20260825T082827Z,flybrain,0.03,0.029998773793809823,30.0,29.99877379380982,4159,45,8,113,19.200000911951065,160.863995552063
4,20260825T082827Z,flybrain,0.03,0.029998773793809823,30.0,29.99877379380982,4159,45,8,114,18.559999763965607,165.0560051202774
4,20260825T082827Z,flybrain,0.03,0.029998773793809823,30.0,29.99877379380982,4159,45,8,115,18.559999763965607,161.53599321842194
4,20260825T082827Z,flybrain,0.03,0.029998773793809823,30.0,29.99877379380982,4159,45,8,116,18.52799952030182,165.6319946050644
4,20260825T082827Z,flybrain,0.03,0.029998773793809823,30.0,29.99877379380982,4159,45,8,117,17.503999173641205,160.7999950647354
4,20260825T082827Z,flybrain,0.03,0.029998773793809823,30.0,29.99877379380982,4159,45,8,118,18.624000251293182,165.0879979133606
4,20260825T082827Z,flybrain,0.03,0.029998773793809823,30.0,29.99877379380982,4159,45,8,119,18.49599927663803,163.58399391174316
4,20260825T082827Z,flybrain,0.03,0.029998773793809823,30.0,29.99877379380982,4159,45,8,120,18.49599927663803,164.92800414562225
4,20260825T082827Z,flybrain,0.03,0.029998773793809823,30.0,29.99877379380982,4159,45,8,121,18.624000251293182,161.53599321842194
4,20260825T082827Z,flybrain,0.03,0.029998773793809823,30.0,29.99877379380982,4159,45,8,122,18.432000651955605,165.56799411773682
4,20260825T082827Z,flybrain,0.03,0.029998773793809823,30.0,29.99877379380982,4159,45,8,123,18.400000408291817,161.56800091266632
4,20260825T082827Z,flybrain,0.03,0.029998773793809823,30.0,29.99877379380982,4159,45,8,124,18.49599927663803,160.76800227165222
4,20260825T082827Z,flybrain,0.03,0.029998773793809823,30.0,29.99877379380982,4159,45,8,125,18.624000251293182,158.87999534606934
4,20260825T082827Z,flybrain,0.03,0.029998773793809823,30.0,29.99877379380982,4159,45,8,126,18.592000007629395,167.58400201797485
4,20260825T082827Z,flybrain,0.03,0.029998773793809823,30.0,29.99877379380982,4159,45,8,127,18.0479995906353,167.58400201797485
4,20260825T082827Z,flybrain,0.03,0.029998773793809823,30.0,29.99877379380982,4159,45,9,0,302.2400140762329,199.42399859428406
4,20260825T082827Z,flybrain,0.03,0.029998773793809823,30.0,29.99877379380982,4159,45,9,1,17.72800087928772,166.72000288963318
4,20260825T082827Z,flybrain,0.03,0.029998773793809823,30.0,29.99877379380982,4159,45,9,2,16.48000068962574,162.81600296497345
4,20260825T082827Z,flybrain,0.03,0.029998773793809823,30.0,29.99877379380982,4159,45,9,3,16.416000202298164,160.73599457740784
4,20260825T082827Z,flybrain,0.03,0.029998773793809823,30.0,29.99877379380982,4159,45,9,4,16.575999557971954,162.7199947834015
4,20260825T082827Z,flybrain,0.03,0.029998773793809823,30.0,29.99877379380982,4159,45,9,5,16.3199994713068,158.59200060367584
4,20260825T082827Z,flybrain,0.03,0.029998773793809823,30.0,29.99877379380982,4159,45,9,6,16.383999958634377,164.70399498939514
4,20260825T082827Z,flybrain,0.03,0.029998773793809823,30.0,29.99877379380982,4159,45,9,7,16.3199994713068,160.60799360275269
4,20260825T082827Z,flybrain,0.03,0.029998773793809823,30.0,29.99877379380982,4159,45,9,8,16.543999314308167,164.86400365829468
4,20260825T082827Z,flybrain,0.03,0.029998773793809823,30.0,29.99877379380982,4159,45,9,9,16.35199971497059,162.59199380874634
4,20260825T082827Z,flybrain,0.03,0.029998773793809823,30.0,29.99877379380982,4159,45,9,10,18.36800016462803,166.84800386428833
4,20260825T082827Z,flybrain,0.03,0.029998773793809823,30.0,29.99877379380982,4159,45,9,11,18.52799952030182,160.5439931154251
4,20260825T082827Z,flybrain,0.03,0.029998773793809823,30.0,29.99877379380982,4159,45,9,12,18.688000738620758,162.91199624538422
4,20260825T082827Z,flybrain,0.03,0.029998773793809823,30.0,29.99877379380982,4159,45,9,13,18.559999763965607,162.62400150299072
4,20260825T082827Z,flybrain,0.03,0.029998773793809823,30.0,29.99877379380982,4159,45,9,14,16.96000061929226,164.70399498939514
4,20260825T082827Z,flybrain,0.03,0.029998773793809823,30.0,29.99877379380982,4159,45,9,15,16.863999888300896,160.89600324630737
4,20260825T082827Z,flybrain,0.03,0.029998773793809823,30.0,29.99877379380982,4159,45,9,16,17.023999243974686,160.99199652671814
4,20260825T082827Z,flybrain,0.03,0.029998773793809823,30.0,29.99877379380982,4159,45,9,17,18.624000251293182,160.89600324630737
4,20260825T082827Z,flybrain,0.03,0.029998773793809823,30.0,29.99877379380982,4159,45,9,18,18.624000251293182,165.56799411773682
4,20260825T082827Z,flybrain,0.03,0.029998773793809823,30.0,29.99877379380982,4159,45,9,19,18.464000895619392,163.55200111865997
4,20260825T082827Z,flybrain,0.03,0.029998773793809823,30.0,29.99877379380982,4159,45,9,20,18.432000651955605,163.00800442695618
4,20260825T082827Z,flybrain,0.03,0.029998773793809823,30.0,29.99877379380982,4159,45,9,21,18.464000895619392,165.02399742603302
4,20260825T082827Z,flybrain,0.03,0.029998773793809823,30.0,29.99877379380982,4159,45,9,22,18.624000251293182,160.92799603939056
4,20260825T082827Z,flybrain,0.03,0.029998773793809823,30.0,29.99877379380982,4159,45,9,23,18.559999763965607,161.53599321842194
4,20260825T082827Z,flybrain,0.03,0.029998773793809823,30.0,29.99877379380982,4159,45,9,24,18.52799952030182,160.7999950647354
4,20260825T082827Z,flybrain,0.03,0.029998773793809823,30.0,29.99877379380982,4159,45,9,25,18.52799952030182,161.85599565505981
4,20260825T082827Z,flybrain,0.03,0.029998773793809823,30.0,29.99877379380982,4159,45,9,26,18.592000007629395,163.00800442695618
4,20260825T082827Z,flybrain,0.03,0.029998773793809823,30.0,29.99877379380982,4159,45,9,27,18.592000007629395,161.50400042533875
4,20260825T082827Z,flybrain,0.03,0.029998773793809823,30.0,29.99877379380982,4159,45,9,28,18.49599927663803,163.00800442695618
4,20260825T082827Z,flybrain,0.03,0.029998773793809823,30.0,29.99877379380982,4159,45,9,29,18.624000251293182,161.56800091266632
4,20260825T082827Z,flybrain,0.03,0.029998773793809823,30.0,29.99877379380982,4159,45,9,30,18.400000408291817,161.40800714492798
4,20260825T082827Z,flybrain,0.03,0.029998773793809823,30.0,29.99877379380982,4159,45,9,31,18.49599927663803,161.6320013999939
4,20260825T082827Z,flybrain,0.03,0.029998773793809823,30.0,29.99877379380982,4159,45,9,32,18.400000408291817,159.42400693893433
4,20260825T082827Z,flybrain,0.03,0.029998773793809823,30.0,29.99877379380982,4159,45,9,33,18.400000408291817,160.8320027589798
4,20260825T082827Z,flybrain,0.03,0.029998773793809823,30.0,29.99877379380982,4159,45,9,34,17.152000218629837,164.99200463294983
4,20260825T082827Z,flybrain,0.03,0.029998773793809823,30.0,29.99877379380982,4159,45,9,35,18.559999763965607,163.00800442695618
4,20260825T082827Z,flybrain,0.03,0.029998773793809823,30.0,29.99877379380982,4159,45,9,36,18.624000251293182,166.01599752902985
4,20260825T082827Z,flybrain,0.03,0.029998773793809823,30.0,29.99877379380982,4159,45,9,37,18.464000895619392,161.50400042533875
4,20260825T082827Z,flybrain,0.03,0.029998773793809823,30.0,29.99877379380982,4159,45,9,38,18.36800016462803,163.00800442695618
4,20260825T082827Z,flybrain,0.03,0.029998773793809823,30.0,29.99877379380982,4159,45,9,39,18.559999763965607,158.9439958333969
4,20260825T082827Z,flybrain,0.03,0.029998773793809823,30.0,29.99877379380982,4159,45,9,40,18.624000251293182,165.50399363040924
4,20260825T082827Z,flybrain,0.03,0.029998773793809823,30.0,29.99877379380982,4159,45,9,41,18.49599927663803,162.84799575805664
4,20260825T082827Z,flybrain,0.03,0.029998773793809823,30.0,29.99877379380982,4159,45,9,42,18.592000007629395,162.9759967327118
4,20260825T082827Z,flybrain,0.03,0.029998773793809823,30.0,29.99877379380982,4159,45,9,43,18.464000895619392,163.00800442695618
4,20260825T082827Z,flybrain,0.03,0.029998773793809823,30.0,29.99877379380982,4159,45,9,44,18.65600049495697,160.92799603939056
4,20260825T082827Z,flybrain,0.03,0.029998773793809823,30.0,29.99877379380982,4159,45,9,45,18.559999763965607,167.64800250530243
4,20260825T082827Z,flybrain,0.03,0.029998773793809823,30.0,29.99877379380982,4159,45,9,46,18.49599927663803,162.91199624538422
4,20260825T082827Z,flybrain,0.03,0.029998773793809823,30.0,29.99877379380982,4159,45,9,47,18.559999763965607,163.03999722003937
4,20260825T082827Z,flybrain,0.03,0.029998773793809823,30.0,29.99877379380982,4159,45,9,48,17.44000054895878,160.96000373363495
4,20260825T082827Z,flybrain,0.03,0.029998773793809823,30.0,29.99877379380982,4159,45,9,49,18.624000251293182,163.42400014400482
4,20260825T082827Z,flybrain,0.03,0.029998773793809823,30.0,29.99877379380982,4159,45,9,50,18.52799952030182,160.99199652671814
4,20260825T082827Z,flybrain,0.03,0.029998773793809823,30.0,29.99877379380982,4159,45,9,51,18.49599927663803,165.72800278663635
4,20260825T082827Z,flybrain,0.03,0.029998773793809823,30.0,29.99877379380982,4159,45,9,52,18.36800016462803,163.68000209331512
4,20260825T082827Z,flybrain,0.03,0.029998773793809823,30.0,29.99877379380982,4159,45,9,53,18.400000408291817,162.91199624538422
4,20260825T082827Z,flybrain,0.03,0.029998773793809823,30.0,29.99877379380982,4159,45,9,54,18.65600049495697,160.8320027589798
4,20260825T082827Z,flybrain,0.03,0.029998773793809823,30.0,29.99877379380982,4159,45,9,55,18.592000007629395,169.72799599170685
4,20260825T082827Z,flybrain,0.03,0.029998773793809823,30.0,29.99877379380982,4159,45,9,56,18.49599927663803,161.56800091266632
4,20260825T082827Z,flybrain,0.03,0.029998773793809823,30.0,29.99877379380982,4159,45,9,57,18.464000895619392,160.89600324630737
4,20260825T082827Z,flybrain,0.03,0.029998773793809823,30.0,29.99877379380982,4159,45,9,58,18.592000007629395,160.8320027589798
4,20260825T082827Z,flybrain,0.03,0.029998773793809823,30.0,29.99877379380982,4159,45,9,59,18.559999763965607,158.75199437141418
4,20260825T082827Z,flybrain,0.03,0.029998773793809823,30.0,29.99877379380982,4159,45,9,60,18.464000895619392,160.96000373363495
4,20260825T082827Z,flybrain,0.03,0.029998773793809823,30.0,29.99877379380982,4159,45,9,61,18.624000251293182,160.863995552063
4,20260825T082827Z,flybrain,0.03,0.029998773793809823,30.0,29.99877379380982,4159,45,9,62,18.65600049495697,165.0560051202774
4,20260825T082827Z,flybrain,0.03,0.029998773793809823,30.0,29.99877379380982,4159,45,9,63,18.432000651955605,161.53599321842194
4,20260825T082827Z,flybrain,0.03,0.029998773793809823,30.0,29.99877379380982,4159,45,9,64,18.49599927663803,165.6319946050644
4,20260825T082827Z,flybrain,0.03,0.029998773793809823,30.0,29.99877379380982,4159,45,9,65,18.49599927663803,160.8320027589798
4,20260825T082827Z,flybrain,0.03,0.029998773793809823,30.0,29.99877379380982,4159,45,9,66,18.592000007629395,158.75199437141418
4,20260825T082827Z,flybrain,0.03,0.029998773793809823,30.0,29.99877379380982,4159,45,9,67,18.464000895619392,165.6319946050644
4,20260825T082827Z,flybrain,0.03,0.029998773793809823,30.0,29.99877379380982,4159,45,9,68,18.464000895619392,163.58399391174316
4,20260825T082827Z,flybrain,0.03,0.029998773793809823,30.0,29.99877379380982,4159,45,9,69,18.52799952030182,161.53599321842194
4,20260825T082827Z,flybrain,0.03,0.029998773793809823,30.0,29.99877379380982,4159,45,9,70,18.464000895619392,161.50400042533875
4,20260825T082827Z,flybrain,0.03,0.029998773793809823,30.0,29.99877379380982,4159,45,9,71,17.40800030529499,163.00800442695618
4,20260825T082827Z,flybrain,0.03,0.029998773793809823,30.0,29.99877379380982,4159,45,9,72,18.52799952030182,162.84799575805664
4,20260825T082827Z,flybrain,0.03,0.029998773793809823,30.0,29.99877379380982,4159,45,9,73,18.592000007629395,168.83200407028198
4,20260825T082827Z,flybrain,0.03,0.029998773793809823,30.0,29.99877379380982,4159,45,9,74,18.432000651955605,165.6000018119812
4,20260825T082827Z,flybrain,0.03,0.029998773793809823,30.0,29.99877379380982,4159,45,9,75,18.464000895619392,159.5200002193451
4,20260825T082827Z,flybrain,0.03,0.029998773793809823,30.0,29.99877379380982,4159,45,9,76,18.49599927663803,161.56800091266632
4,20260825T082827Z,flybrain,0.03,0.029998773793809823,30.0,29.99877379380982,4159,45,9,77,18.52799952030182,162.91199624538422
4,20260825T082827Z,flybrain,0.03,0.029998773793809823,30.0,29.99877379380982,4159,45,9,78,18.592000007629395,162.84799575805664
4,20260825T082827Z,flybrain,0.03,0.029998773793809823,30.0,29.99877379380982,4159,45,9,79,18.432000651955605,161.43999993801117
4,20260825T082827Z,flybrain,0.03,0.029998773793809823,30.0,29.99877379380982,4159,45,9,80,19.200000911951065,164.8000031709671
4,20260825T082827Z,flybrain,0.03,0.029998773793809823,30.0,29.99877379380982,4159,45,9,81,18.624000251293182,163.4880006313324
4,20260825T082827Z,flybrain,0.03,0.029998773793809823,30.0,29.99877379380982,4159,45,9,82,18.49599927663803,159.45599973201752
4,20260825T082827Z,flybrain,0.03,0.029998773793809823,30.0,29.99877379380982,4159,45,9,83,18.49599927663803,162.84799575805664
4,20260825T082827Z,flybrain,0.03,0.029998773793809823,30.0,29.99877379380982,4159,45,9,84,18.624000251293182,165.0560051202774
4,20260825T082827Z,flybrain,0.03,0.029998773793809823,30.0,29.99877379380982,4159,45,9,85,18.49599927663803,157.4079990386963
4,20260825T082827Z,flybrain,0.03,0.029998773793809823,30.0,29.99877379380982,4159,45,9,86,18.49599927663803,167.7439957857132
4,20260825T082827Z,flybrain,0.03,0.029998773793809823,30.0,29.99877379380982,4159,45,9,87,18.432000651955605,160.96000373363495
4,20260825T082827Z,flybrain,0.03,0.029998773793809823,30.0,29.99877379380982,4159,45,9,88,18.592000007629395,161.50400042533875
4,20260825T082827Z,flybrain,0.03,0.029998773793809823,30.0,29.99877379380982,4159,45,9,89,18.464000895619392,160.7999950647354
4,20260825T082827Z,flybrain,0.03,0.029998773793809823,30.0,29.99877379380982,4159,45,9,90,18.624000251293182,162.84799575805664
4,20260825T082827Z,flybrain,0.03,0.029998773793809823,30.0,29.99877379380982,4159,45,9,91,18.464000895619392,165.50399363040924
4,20260825T082827Z,flybrain,0.03,0.029998773793809823,30.0,29.99877379380982,4159,45,9,92,18.49599927663803,161.6320013999939
4,20260825T082827Z,flybrain,0.03,0.029998773793809823,30.0,29.99877379380982,4159,45,9,93,18.36800016462803,167.07199811935425
4,20260825T082827Z,flybrain,0.03,0.029998773793809823,30.0,29.99877379380982,4159,45,9,94,18.592000007629395,160.92799603939056
4,20260825T082827Z,flybrain,0.03,0.029998773793809823,30.0,29.99877379380982,4159,45,9,95,18.464000895619392,167.04000532627106
4,20260825T082827Z,flybrain,0.03,0.029998773793809823,30.0,29.99877379380982,4159,45,9,96,18.49599927663803,160.7999950647354
4,20260825T082827Z,flybrain,0.03,0.029998773793809823,30.0,29.99877379380982,4159,45,9,97,18.559999763965607,163.4880006313324
4,20260825T082827Z,flybrain,0.03,0.029998773793809823,30.0,29.99877379380982,4159,45,9,98,18.49599927663803,159.5200002193451
4,20260825T082827Z,flybrain,0.03,0.029998773793809823,30.0,29.99877379380982,4159,45,9,99,18.49599927663803,159.55199301242828
4,20260825T082827Z,flybrain,0.03,0.029998773793809823,30.0,29.99877379380982,4159,45,9,100,18.432000651955605,159.32799875736237
4,20260825T082827Z,flybrain,0.03,0.029998773793809823,30.0,29.99877379380982,4159,45,9,101,18.49599927663803,162.91199624538422
4,20260825T082827Z,flybrain,0.03,0.029998773793809823,30.0,29.99877379380982,4159,45,9,102,17.27999933063984,162.78399527072906
4,20260825T082827Z,flybrain,0.03,0.029998773793809823,30.0,29.99877379380982,4159,45,9,103,18.464000895619392,160.76800227165222
4,20260825T082827Z,flybrain,0.03,0.029998773793809823,30.0,29.99877379380982,4159,45,9,104,18.52799952030182,165.0879979133606
4,20260825T082827Z,flybrain,0.03,0.029998773793809823,30.0,29.99877379380982,4159,45,9,105,18.624000251293182,162.36799955368042
4,20260825T082827Z,flybrain,0.03,0.029998773793809823,30.0,29.99877379380982,4159,45,9,106,18.49599927663803,160.863995552063
4,20260825T082827Z,flybrain,0.03,0.029998773793809823,30.0,29.99877379380982,4159,45,9,107,18.49599927663803,164.92800414562225
4,20260825T082827Z,flybrain,0.03,0.029998773793809823,30.0,29.99877379380982,4159,45,9,108,16.64000004529953,160.92799603939056
4,20260825T082827Z,flybrain,0.03,0.029998773793809823,30.0,29.99877379380982,4159,45,9,109,18.592000007629395,160.89600324630737
4,20260825T082827Z,flybrain,0.03,0.029998773793809823,30.0,29.99877379380982,4159,45,9,110,18.624000251293182,161.56800091266632
4,20260825T082827Z,flybrain,0.03,0.029998773793809823,30.0,29.99877379380982,4159,45,9,111,18.464000895619392,159.45599973201752
4,20260825T082827Z,flybrain,0.03,0.029998773793809823,30.0,29.99877379380982,4159,45,9,112,18.52799952030182,159.36000645160675
4,20260825T082827Z,flybrain,0.03,0.029998773793809823,30.0,29.99877379380982,4159,45,9,113,18.52799952030182,162.9759967327118
4,20260825T082827Z,flybrain,0.03,0.029998773793809823,30.0,29.99877379380982,4159,45,9,114,18.624000251293182,166.9439971446991
4,20260825T082827Z,flybrain,0.03,0.029998773793809823,30.0,29.99877379380982,4159,45,9,115,18.559999763965607,158.91200304031372
4,20260825T082827Z,flybrain,0.03,0.029998773793809823,30.0,29.99877379380982,4159,45,9,116,18.624000251293182,165.0560051202774
4,20260825T082827Z,flybrain,0.03,0.029998773793809823,30.0,29.99877379380982,4159,45,9,117,17.44000054895878,161.28000617027283
4,20260825T082827Z,flybrain,0.03,0.029998773793809823,30.0,29.99877379380982,4159,45,9,118,18.52799952030182,163.00800442695618
4,20260825T082827Z,flybrain,0.03,0.029998773793809823,30.0,29.99877379380982,4159,45,9,119,18.592000007629395,163.55200111865997
4,20260825T082827Z,flybrain,0.03,0.029998773793809823,30.0,29.99877379380982,4159,45,9,120,18.49599927663803,165.6319946050644
4,20260825T082827Z,flybrain,0.03,0.029998773793809823,30.0,29.99877379380982,4159,45,9,121,18.49599927663803,160.8320027589798
4,20260825T082827Z,flybrain,0.03,0.029998773793809823,30.0,29.99877379380982,4159,45,9,122,18.624000251293182,165.75999557971954
4,20260825T082827Z,flybrain,0.03,0.029998773793809823,30.0,29.99877379380982,4159,45,9,123,18.400000408291817,160.7999950647354
4,20260825T082827Z,flybrain,0.03,0.029998773793809823,30.0,29.99877379380982,4159,45,9,124,18.464000895619392,161.50400042533875
4,20260825T082827Z,flybrain,0.03,0.029998773793809823,30.0,29.99877379380982,4159,45,9,125,18.49599927663803,159.5200002193451
4,20260825T082827Z,flybrain,0.03,0.029998773793809823,30.0,29.99877379380982,4159,45,9,126,18.33599992096424,167.58400201797485
4,20260825T082827Z,flybrain,0.03,0.029998773793809823,30.0,29.99877379380982,4159,45,9,127,18.0479995906353,167.58400201797485
4,20260825T082827Z,flybrain,0.04,0.040003173710139284,40.0,40.003173710139286,5546,46,0,0,233.08800160884857,185.15199422836304
4,20260825T082827Z,flybrain,0.04,0.040003173710139284,40.0,40.003173710139286,5546,46,0,1,18.559999763965607,168.89600455760956
4,20260825T082827Z,flybrain,0.04,0.040003173710139284,40.0,40.003173710139286,5546,46,0,2,18.52799952030182,164.51199352741241
4,20260825T082827Z,flybrain,0.04,0.040003173710139284,40.0,40.003173710139286,5546,46,0,3,18.400000408291817,160.73599457740784
4,20260825T082827Z,flybrain,0.04,0.040003173710139284,40.0,40.003173710139286,5546,46,0,4,18.624000251293182,162.56000101566315
4,20260825T082827Z,flybrain,0.04,0.040003173710139284,40.0,40.003173710139286,5546,46,0,5,16.3199994713068,158.6879938840866
4,20260825T082827Z,flybrain,0.04,0.040003173710139284,40.0,40.003173710139286,5546,46,0,6,18.015999346971512,164.70399498939514
4,20260825T082827Z,flybrain,0.04,0.040003173710139284,40.0,40.003173710139286,5546,46,0,7,18.592000007629395,160.70400178432465
4,20260825T082827Z,flybrain,0.04,0.040003173710139284,40.0,40.003173710139286,5546,46,0,8,18.432000651955605,164.67200219631195
4,20260825T082827Z,flybrain,0.04,0.040003173710139284,40.0,40.003173710139286,5546,46,0,9,16.96000061929226,162.62400150299072
4,20260825T082827Z,flybrain,0.04,0.040003173710139284,40.0,40.003173710139286,5546,46,0,10,18.464000895619392,166.9120043516159
4,20260825T082827Z,flybrain,0.04,0.040003173710139284,40.0,40.003173710139286,5546,46,0,11,18.688000738620758,160.73599457740784
4,20260825T082827Z,flybrain,0.04,0.040003173710139284,40.0,40.003173710139286,5546,46,0,12,18.624000251293182,164.86400365829468
4,20260825T082827Z,flybrain,0.04,0.040003173710139284,40.0,40.003173710139286,5546,46,0,13,18.559999763965607,163.80800306797028
4,20260825T082827Z,flybrain,0.04,0.040003173710139284,40.0,40.003173710139286,5546,46,0,14,18.94400082528591,164.67200219631195
4,20260825T082827Z,flybrain,0.04,0.040003173710139284,40.0,40.003173710139286,5546,46,0,15,19.071999937295914,162.62400150299072
4,20260825T082827Z,flybrain,0.04,0.040003173710139284,40.0,40.003173710139286,5546,46,0,16,19.231999292969704,161.40800714492798
4,20260825T082827Z,flybrain,0.04,0.040003173710139284,40.0,40.003173710139286,5546,46,0,17,18.49599927663803,161.24799847602844
4,20260825T082827Z,flybrain,0.04,0.040003173710139284,40.0,40.003173710139286,5546,46,0,18,18.52799952030182,165.66400229930878
4,20260825T082827Z,flybrain,0.04,0.040003173710139284,40.0,40.003173710139286,5546,46,0,19,18.36800016462803,165.02399742603302
4,20260825T082827Z,flybrain,0.04,0.040003173710139284,40.0,40.003173710139286,5546,46,0,20,18.432000651955605,162.9440039396286
4,20260825T082827Z,flybrain,0.04,0.040003173710139284,40.0,40.003173710139286,5546,46,0,21,18.559999763965607,164.67200219631195
4,20260825T082827Z,flybrain,0.04,0.040003173710139284,40.0,40.003173710139286,5546,46,0,22,18.559999763965607,161.56800091266632
4,20260825T082827Z,flybrain,0.04,0.040003173710139284,40.0,40.003173710139286,5546,46,0,23,19.29599978029728,163.4880006313324
4,20260825T082827Z,flybrain,0.04,0.040003173710139284,40.0,40.003173710139286,5546,46,0,24,18.432000651955605,162.9440039396286
4,20260825T082827Z,flybrain,0.04,0.040003173710139284,40.0,40.003173710139286,5546,46,0,25,18.624000251293182,163.55200111865997
4,20260825T082827Z,flybrain,0.04,0.040003173710139284,40.0,40.003173710139286,5546,46,0,26,18.400000408291817,163.5199934244156
4,20260825T082827Z,flybrain,0.04,0.040003173710139284,40.0,40.003173710139286,5546,46,0,27,18.432000651955605,161.5999937057495
4,20260825T082827Z,flybrain,0.04,0.040003173710139284,40.0,40.003173710139286,5546,46,0,28,18.432000651955605,163.64799439907074
4,20260825T082827Z,flybrain,0.04,0.040003173710139284,40.0,40.003173710139286,5546,46,0,29,18.400000408291817,160.863995552063
4,20260825T082827Z,flybrain,0.04,0.040003173710139284,40.0,40.003173710139286,5546,46,0,30,18.624000251293182,161.43999993801117
4,20260825T082827Z,flybrain,0.04,0.040003173710139284,40.0,40.003173710139286,5546,46,0,31,18.432000651955605,160.96000373363495
4,20260825T082827Z,flybrain,0.04,0.040003173710139284,40.0,40.003173710139286,5546,46,0,32,18.559999763965607,158.91200304031372
4,20260825T082827Z,flybrain,0.04,0.040003173710139284,40.0,40.003173710139286,5546,46,0,33,18.52799952030182,163.455992937088
4,20260825T082827Z,flybrain,0.04,0.040003173710139284,40.0,40.003173710139286,5546,46,0,34,18.49599927663803,164.76799547672272
4,20260825T082827Z,flybrain,0.04,0.040003173710139284,40.0,40.003173710139286,5546,46,0,35,18.464000895619392,161.47199273109436
4,20260825T082827Z,flybrain,0.04,0.040003173710139284,40.0,40.003173710139286,5546,46,0,36,18.36800016462803,166.07999801635742
4,20260825T082827Z,flybrain,0.04,0.040003173710139284,40.0,40.003173710139286,5546,46,0,37,18.624000251293182,161.40800714492798
4,20260825T082827Z,flybrain,0.04,0.040003173710139284,40.0,40.003173710139286,5546,46,0,38,18.49599927663803,162.81600296497345
4,20260825T082827Z,flybrain,0.04,0.040003173710139284,40.0,40.003173710139286,5546,46,0,39,18.52799952030182,158.91200304031372
4,20260825T082827Z,flybrain,0.04,0.040003173710139284,40.0,40.003173710139286,5546,46,0,40,18.464000895619392,165.72800278663635
4,20260825T082827Z,flybrain,0.04,0.040003173710139284,40.0,40.003173710139286,5546,46,0,41,18.400000408291817,163.42400014400482
4,20260825T082827Z,flybrain,0.04,0.040003173710139284,40.0,40.003173710139286,5546,46,0,42,18.52799952030182,162.88000345230103
4,20260825T082827Z,flybrain,0.04,0.040003173710139284,40.0,40.003173710139286,5546,46,0,43,18.432000651955605,163.00800442695618
4,20260825T082827Z,flybrain,0.04,0.040003173710139284,40.0,40.003173710139286,5546,46,0,44,18.592000007629395,163.00800442695618
4,20260825T082827Z,flybrain,0.04,0.040003173710139284,40.0,40.003173710139286,5546,46,0,45,18.592000007629395,167.7439957857132
4,20260825T082827Z,flybrain,0.04,0.040003173710139284,40.0,40.003173710139286,5546,46,0,46,18.303999677300453,163.61600160598755
4,20260825T082827Z,flybrain,0.04,0.040003173710139284,40.0,40.003173710139286,5546,46,0,47,18.400000408291817,161.53599321842194
4,20260825T082827Z,flybrain,0.04,0.040003173710139284,40.0,40.003173710139286,5546,46,0,48,18.464000895619392,162.9759967327118
4,20260825T082827Z,flybrain,0.04,0.040003173710139284,40.0,40.003173710139286,5546,46,0,49,18.624000251293182,163.42400014400482
4,20260825T082827Z,flybrain,0.04,0.040003173710139284,40.0,40.003173710139286,5546,46,0,50,18.52799952030182,160.76800227165222
4,20260825T082827Z,flybrain,0.04,0.040003173710139284,40.0,40.003173710139286,5546,46,0,51,18.33599992096424,165.0560051202774
4,20260825T082827Z,flybrain,0.04,0.040003173710139284,40.0,40.003173710139286,5546,46,0,52,18.592000007629395,165.02399742603302
4,20260825T082827Z,flybrain,0.04,0.040003173710139284,40.0,40.003173710139286,5546,46,0,53,18.592000007629395,165.50399363040924
4,20260825T082827Z,flybrain,0.04,0.040003173710139284,40.0,40.003173710139286,5546,46,0,54,18.464000895619392,162.91199624538422
4,20260825T082827Z,flybrain,0.04,0.040003173710139284,40.0,40.003173710139286,5546,46,0,55,18.303999677300453,167.04000532627106
4,20260825T082827Z,flybrain,0.04,0.040003173710139284,40.0,40.003173710139286,5546,46,0,56,18.624000251293182,160.92799603939056
4,20260825T082827Z,flybrain,0.04,0.040003173710139284,40.0,40.003173710139286,5546,46,0,57,18.559999763965607,160.70400178432465
4,20260825T082827Z,flybrain,0.04,0.040003173710139284,40.0,40.003173710139286,5546,46,0,58,18.624000251293182,161.50400042533875
4,20260825T082827Z,flybrain,0.04,0.040003173710139284,40.0,40.003173710139286,5546,46,0,59,18.432000651955605,160.51200032234192
4,20260825T082827Z,flybrain,0.04,0.040003173710139284,40.0,40.003173710139286,5546,46,0,60,18.49599927663803,160.92799603939056
4,20260825T082827Z,flybrain,0.04,0.040003173710139284,40.0,40.003173710139286,5546,46,0,61,18.624000251293182,162.91199624538422
4,20260825T082827Z,flybrain,0.04,0.040003173710139284,40.0,40.003173710139286,5546,46,0,62,18.49599927663803,165.6000018119812
4,20260825T082827Z,flybrain,0.04,0.040003173710139284,40.0,40.003173710139286,5546,46,0,63,18.432000651955605,160.92799603939056
4,20260825T082827Z,flybrain,0.04,0.040003173710139284,40.0,40.003173710139286,5546,46,0,64,18.592000007629395,165.0560051202774
4,20260825T082827Z,flybrain,0.04,0.040003173710139284,40.0,40.003173710139286,5546,46,0,65,18.624000251293182,161.43999993801117
4,20260825T082827Z,flybrain,0.04,0.040003173710139284,40.0,40.003173710139286,5546,46,0,66,18.432000651955605,158.49600732326508
4,20260825T082827Z,flybrain,0.04,0.040003173710139284,40.0,40.003173710139286,5546,46,0,67,18.52799952030182,165.0560051202774
4,20260825T082827Z,flybrain,0.04,0.040003173710139284,40.0,40.003173710139286,5546,46,0,68,18.36800016462803,163.00800442695618
4,20260825T082827Z,flybrain,0.04,0.040003173710139284,40.0,40.003173710139286,5546,46,0,69,18.624000251293182,160.863995552063
4,20260825T082827Z,flybrain,0.04,0.040003173710139284,40.0,40.003173710139286,5546,46,0,70,18.592000007629395,161.6320013999939
4,20260825T082827Z,flybrain,0.04,0.040003173710139284,40.0,40.003173710139286,5546,46,0,71,18.36800016462803,162.84799575805664
4,20260825T082827Z,flybrain,0.04,0.040003173710139284,40.0,40.003173710139286,5546,46,0,72,18.52799952030182,162.9759967327118
4,20260825T082827Z,flybrain,0.04,0.040003173710139284,40.0,40.003173710139286,5546,46,0,73,18.624000251293182,169.0559983253479
4,20260825T082827Z,flybrain,0.04,0.040003173710139284,40.0,40.003173710139286,5546,46,0,74,18.464000895619392,165.66400229930878
4,20260825T082827Z,flybrain,0.04,0.040003173710139284,40.0,40.003173710139286,5546,46,0,75,18.400000408291817,158.91200304031372
4,20260825T082827Z,flybrain,0.04,0.040003173710139284,40.0,40.003173710139286,5546,46,0,76,18.464000895619392,159.58400070667267
4,20260825T082827Z,flybrain,0.04,0.040003173710139284,40.0,40.003173710139286,5546,46,0,77,18.400000408291817,163.4880006313324
4,20260825T082827Z,flybrain,0.04,0.040003173710139284,40.0,40.003173710139286,5546,46,0,78,18.49599927663803,162.9759967327118
4,20260825T082827Z,flybrain,0.04,0.040003173710139284,40.0,40.003173710139286,5546,46,0,79,18.49599927663803,160.92799603939056
4,20260825T082827Z,flybrain,0.04,0.040003173710139284,40.0,40.003173710139286,5546,46,0,80,18.592000007629395,167.71200299263
4,20260825T082827Z,flybrain,0.04,0.040003173710139284,40.0,40.003173710139286,5546,46,0,81,18.464000895619392,163.42400014400482
4,20260825T082827Z,flybrain,0.04,0.040003173710139284,40.0,40.003173710139286,5546,46,0,82,18.49599927663803,157.75999426841736
4,20260825T082827Z,flybrain,0.04,0.040003173710139284,40.0,40.003173710139286,5546,46,0,83,18.36800016462803,162.9759967327118
4,20260825T082827Z,flybrain,0.04,0.040003173710139284,40.0,40.003173710139286,5546,46,0,84,18.559999763965607,165.0560051202774
4,20260825T082827Z,flybrain,0.04,0.040003173710139284,40.0,40.003173710139286,5546,46,0,85,18.559999763965607,158.720001578331
4,20260825T082827Z,flybrain,0.04,0.040003173710139284,40.0,40.003173710139286,5546,46,0,86,18.624000251293182,164.95999693870544
4,20260825T082827Z,flybrain,0.04,0.040003173710139284,40.0,40.003173710139286,5546,46,0,87,18.49599927663803,160.89600324630737
4,20260825T082827Z,flybrain,0.04,0.040003173710139284,40.0,40.003173710139286,5546,46,0,88,18.559999763965607,161.3440066576004
4,20260825T082827Z,flybrain,0.04,0.040003173710139284,40.0,40.003173710139286,5546,46,0,89,18.559999763965607,160.863995552063
4,20260825T082827Z,flybrain,0.04,0.040003173710139284,40.0,40.003173710139286,5546,46,0,90,18.65600049495697,162.9759967327118
4,20260825T082827Z,flybrain,0.04,0.040003173710139284,40.0,40.003173710139286,5546,46,0,91,18.52799952030182,165.47200083732605
4,20260825T082827Z,flybrain,0.04,0.040003173710139284,40.0,40.003173710139286,5546,46,0,92,18.49599927663803,160.96000373363495
4,20260825T082827Z,flybrain,0.04,0.040003173710139284,40.0,40.003173710139286,5546,46,0,93,18.592000007629395,166.97600483894348
4,20260825T082827Z,flybrain,0.04,0.040003173710139284,40.0,40.003173710139286,5546,46,0,94,18.592000007629395,162.84799575805664
4,20260825T082827Z,flybrain,0.04,0.040003173710139284,40.0,40.003173710139286,5546,46,0,95,18.400000408291817,167.10400581359863
4,20260825T082827Z,flybrain,0.04,0.040003173710139284,40.0,40.003173710139286,5546,46,0,96,18.49599927663803,161.53599321842194
4,20260825T082827Z,flybrain,0.04,0.040003173710139284,40.0,40.003173710139286,5546,46,0,97,18.432000651955605,162.91199624538422
4,20260825T082827Z,flybrain,0.04,0.040003173710139284,40.0,40.003173710139286,5546,46,0,98,18.559999763965607,158.78400206565857
4,20260825T082827Z,flybrain,0.04,0.040003173710139284,40.0,40.003173710139286,5546,46,0,99,18.432000651955605,158.91200304031372
4,20260825T082827Z,flybrain,0.04,0.040003173710139284,40.0,40.003173710139286,5546,46,0,100,18.49599927663803,159.5200002193451
4,20260825T082827Z,flybrain,0.04,0.040003173710139284,40.0,40.003173710139286,5546,46,0,101,18.49599927663803,162.91199624538422
4,20260825T082827Z,flybrain,0.04,0.040003173710139284,40.0,40.003173710139286,5546,46,0,102,18.624000251293182,162.81600296497345
4,20260825T082827Z,flybrain,0.04,0.040003173710139284,40.0,40.003173710139286,5546,46,0,103,18.400000408291817,160.863995552063
4,20260825T082827Z,flybrain,0.04,0.040003173710139284,40.0,40.003173710139286,5546,46,0,104,18.464000895619392,165.0560051202774
4,20260825T082827Z,flybrain,0.04,0.040003173710139284,40.0,40.003173710139286,5546,46,0,105,18.624000251293182,162.4639928340912
4,20260825T082827Z,flybrain,0.04,0.040003173710139284,40.0,40.003173710139286,5546,46,0,106,18.49599927663803,162.9440039396286
4,20260825T082827Z,flybrain,0.04,0.040003173710139284,40.0,40.003173710139286,5546,46,0,107,18.36800016462803,165.0560051202774
4,20260825T082827Z,flybrain,0.04,0.040003173710139284,40.0,40.003173710139286,5546,46,0,108,18.559999763965607,160.92799603939056
4,20260825T082827Z,flybrain,0.04,0.040003173710139284,40.0,40.003173710139286,5546,46,0,109,18.592000007629395,158.81599485874176
4,20260825T082827Z,flybrain,0.04,0.040003173710139284,40.0,40.003173710139286,5546,46,0,110,18.624000251293182,162.9440039396286
4,20260825T082827Z,flybrain,0.04,0.040003173710139284,40.0,40.003173710139286,5546,46,0,111,18.49599927663803,158.91200304031372
4,20260825T082827Z,flybrain,0.04,0.040003173710139284,40.0,40.003173710139286,5546,46,0,112,18.49599927663803,161.43999993801117
4,20260825T082827Z,flybrain,0.04,0.040003173710139284,40.0,40.003173710139286,5546,46,0,113,18.432000651955605,162.7199947834015
4,20260825T082827Z,flybrain,0.04,0.040003173710139284,40.0,40.003173710139286,5546,46,0,114,18.624000251293182,165.53600132465363
4,20260825T082827Z,flybrain,0.04,0.040003173710139284,40.0,40.003173710139286,5546,46,0,115,18.400000408291817,159.4880074262619
4,20260825T082827Z,flybrain,0.04,0.040003173710139284,40.0,40.003173710139286,5546,46,0,116,18.52799952030182,165.02399742603302
4,20260825T082827Z,flybrain,0.04,0.040003173710139284,40.0,40.003173710139286,5546,46,0,117,18.624000251293182,160.76800227165222
4,20260825T082827Z,flybrain,0.04,0.040003173710139284,40.0,40.003173710139286,5546,46,0,118,18.592000007629395,162.9759967327118
4,20260825T082827Z,flybrain,0.04,0.040003173710139284,40.0,40.003173710139286,5546,46,0,119,18.36800016462803,163.4880006313324
4,20260825T082827Z,flybrain,0.04,0.040003173710139284,40.0,40.003173710139286,5546,46,0,120,18.49599927663803,165.66400229930878
4,20260825T082827Z,flybrain,0.04,0.040003173710139284,40.0,40.003173710139286,5546,46,0,121,18.49599927663803,161.43999993801117
4,20260825T082827Z,flybrain,0.04,0.040003173710139284,40.0,40.003173710139286,5546,46,0,122,18.49599927663803,164.99200463294983
4,20260825T082827Z,flybrain,0.04,0.040003173710139284,40.0,40.003173710139286,5546,46,0,123,18.52799952030182,163.4880006313324
4,20260825T082827Z,flybrain,0.04,0.040003173710139284,40.0,40.003173710139286,5546,46,0,124,18.49599927663803,160.89600324630737
4,20260825T082827Z,flybrain,0.04,0.040003173710139284,40.0,40.003173710139286,5546,46,0,125,18.464000895619392,158.6879938840866
4,20260825T082827Z,flybrain,0.04,0.040003173710139284,40.0,40.003173710139286,5546,46,0,126,18.559999763965607,165.53600132465363
4,20260825T082827Z,flybrain,0.04,0.040003173710139284,40.0,40.003173710139286,5546,46,0,127,18.079999834299088,167.58400201797485
4,20260825T082827Z,flybrain,0.04,0.040003173710139284,40.0,40.003173710139286,5546,46,1,0,303.2959997653961,196.70400023460388
4,20260825T082827Z,flybrain,0.04,0.040003173710139284,40.0,40.003173710139286,5546,46,1,1,17.696000635623932,169.0559983253479
4,20260825T082827Z,flybrain,0.04,0.040003173710139284,40.0,40.003173710139286,5546,46,1,2,16.48000068962574,164.86400365829468
4,20260825T082827Z,flybrain,0.04,0.040003173710139284,40.0,40.003173710139286,5546,46,1,3,16.35199971497059,160.73599457740784
4,20260825T082827Z,flybrain,0.04,0.040003173710139284,40.0,40.003173710139286,5546,46,1,4,16.51199907064438,162.56000101566315
4,20260825T082827Z,flybrain,0.04,0.040003173710139284,40.0,40.003173710139286,5546,46,1,5,16.3199994713068,158.6879938840866
4,20260825T082827Z,flybrain,0.04,0.040003173710139284,40.0,40.003173710139286,5546,46,1,6,18.592000007629395,166.9439971446991
4,20260825T082827Z,flybrain,0.04,0.040003173710139284,40.0,40.003173710139286,5546,46,1,7,18.432000651955605,160.64000129699707
4,20260825T082827Z,flybrain,0.04,0.040003173710139284,40.0,40.003173710139286,5546,46,1,8,17.664000391960144,164.73600268363953
4,20260825T082827Z,flybrain,0.04,0.040003173710139284,40.0,40.003173710139286,5546,46,1,9,16.51199907064438,164.67200219631195
4,20260825T082827Z,flybrain,0.04,0.040003173710139284,40.0,40.003173710139286,5546,46,1,10,16.543999314308167,167.07199811935425
4,20260825T082827Z,flybrain,0.04,0.040003173710139284,40.0,40.003173710139286,5546,46,1,11,17.696000635623932,160.60799360275269
4,20260825T082827Z,flybrain,0.04,0.040003173710139284,40.0,40.003173710139286,5546,46,1,12,17.823999747633934,164.89599645137787
4,20260825T082827Z,flybrain,0.04,0.040003173710139284,40.0,40.003173710139286,5546,46,1,13,16.575999557971954,161.69600188732147
4,20260825T082827Z,flybrain,0.04,0.040003173710139284,40.0,40.003173710139286,5546,46,1,14,17.855999991297722,162.78399527072906
4,20260825T082827Z,flybrain,0.04,0.040003173710139284,40.0,40.003173710139286,5546,46,1,15,18.144000321626663,162.81600296497345
4,20260825T082827Z,flybrain,0.04,0.040003173710139284,40.0,40.003173710139286,5546,46,1,16,18.559999763965607,160.863995552063
4,20260825T082827Z,flybrain,0.04,0.040003173710139284,40.0,40.003173710139286,5546,46,1,17,19.071999937295914,160.92799603939056
4,20260825T082827Z,flybrain,0.04,0.040003173710139284,40.0,40.003173710139286,5546,46,1,18,19.200000911951065,167.00799763202667
4,20260825T082827Z,flybrain,0.04,0.040003173710139284,40.0,40.003173710139286,5546,46,1,19,19.039999693632126,164.76799547672272
4,20260825T082827Z,flybrain,0.04,0.040003173710139284,40.0,40.003173710139286,5546,46,1,20,19.168000668287277,164.86400365829468
4,20260825T082827Z,flybrain,0.04,0.040003173710139284,40.0,40.003173710139286,5546,46,1,21,19.071999937295914,164.86400365829468
4,20260825T082827Z,flybrain,0.04,0.040003173710139284,40.0,40.003173710139286,5546,46,1,22,16.992000862956047,163.00800442695618
4,20260825T082827Z,flybrain,0.04,0.040003173710139284,40.0,40.003173710139286,5546,46,1,23,16.831999644637108,162.9440039396286
4,20260825T082827Z,flybrain,0.04,0.040003173710139284,40.0,40.003173710139286,5546,46,1,24,16.96000061929226,163.10399770736694
4,20260825T082827Z,flybrain,0.04,0.040003173710139284,40.0,40.003173710139286,5546,46,1,25,17.88800023496151,163.00800442695618
4,20260825T082827Z,flybrain,0.04,0.040003173710139284,40.0,40.003173710139286,5546,46,1,26,19.1040001809597,164.76799547672272
4,20260825T082827Z,flybrain,0.04,0.040003173710139284,40.0,40.003173710139286,5546,46,1,27,17.08799973130226,162.75200247764587
4,20260825T082827Z,flybrain,0.04,0.040003173710139284,40.0,40.003173710139286,5546,46,1,28,17.055999487638474,162.84799575805664
4,20260825T082827Z,flybrain,0.04,0.040003173710139284,40.0,40.003173710139286,5546,46,1,29,19.29599978029728,160.7999950647354
4,20260825T082827Z,flybrain,0.04,0.040003173710139284,40.0,40.003173710139286,5546,46,1,30,19.168000668287277,160.7999950647354
4,20260825T082827Z,flybrain,0.04,0.040003173710139284,40.0,40.003173710139286,5546,46,1,31,16.92800037562847,160.96000373363495
4,20260825T082827Z,flybrain,0.04,0.040003173710139284,40.0,40.003173710139286,5546,46,1,32,16.992000862956047,158.81599485874176
4,20260825T082827Z,flybrain,0.04,0.040003173710139284,40.0,40.003173710139286,5546,46,1,33,16.992000862956047,162.6559942960739
4,20260825T082827Z,flybrain,0.04,0.040003173710139284,40.0,40.003173710139286,5546,46,1,34,16.92800037562847,164.99200463294983
4,20260825T082827Z,flybrain,0.04,0.040003173710139284,40.0,40.003173710139286,5546,46,1,35,17.023999243974686,162.9759967327118
4,20260825T082827Z,flybrain,0.04,0.040003173710139284,40.0,40.003173710139286,5546,46,1,36,16.992000862956047,167.04000532627106
4,20260825T082827Z,flybrain,0.04,0.040003173710139284,40.0,40.003173710139286,5546,46,1,37,16.863999888300896,160.70400178432465
4,20260825T082827Z,flybrain,0.04,0.040003173710139284,40.0,40.003173710139286,5546,46,1,38,17.023999243974686,162.9759967327118
4,20260825T082827Z,flybrain,0.04,0.040003173710139284,40.0,40.003173710139286,5546,46,1,39,16.896000131964684,158.6879938840866
4,20260825T082827Z,flybrain,0.04,0.040003173710139284,40.0,40.003173710139286,5546,46,1,40,16.96000061929226,164.99200463294983
4,20260825T082827Z,flybrain,0.04,0.040003173710139284,40.0,40.003173710139286,5546,46,1,41,16.96000061929226,162.49600052833557
4,20260825T082827Z,flybrain,0.04,0.040003173710139284,40.0,40.003173710139286,5546,46,1,42,17.023999243974686,162.75200247764587
4,20260825T082827Z,flybrain,0.04,0.040003173710139284,40.0,40.003173710139286,5546,46,1,43,16.96000061929226,164.89599645137787
4,20260825T082827Z,flybrain,0.04,0.040003173710139284,40.0,40.003173710139286,5546,46,1,44,17.023999243974686,162.9440039396286
4,20260825T082827Z,flybrain,0.04,0.040003173710139284,40.0,40.003173710139286,5546,46,1,45,17.023999243974686,166.87999665737152
4,20260825T082827Z,flybrain,0.04,0.040003173710139284,40.0,40.003173710139286,5546,46,1,46,17.023999243974686,164.86400365829468
4,20260825T082827Z,flybrain,0.04,0.040003173710139284,40.0,40.003173710139286,5546,46,1,47,17.055999487638474,162.75200247764587
4,20260825T082827Z,flybrain,0.04,0.040003173710139284,40.0,40.003173710139286,5546,46,1,48,17.08799973130226,161.69600188732147
4,20260825T082827Z,flybrain,0.04,0.040003173710139284,40.0,40.003173710139286,5546,46,1,49,17.11999997496605,162.75200247764587
4,20260825T082827Z,flybrain,0.04,0.040003173710139284,40.0,40.003173710139286,5546,46,1,50,17.08799973130226,160.64000129699707
4,20260825T082827Z,flybrain,0.04,0.040003173710139284,40.0,40.003173710139286,5546,46,1,51,16.92800037562847,165.18400609493256
4,20260825T082827Z,flybrain,0.04,0.040003173710139284,40.0,40.003173710139286,5546,46,1,52,16.831999644637108,165.0879979133606
4,20260825T082827Z,flybrain,0.04,0.040003173710139284,40.0,40.003173710139286,5546,46,1,53,16.96000061929226,164.86400365829468
4,20260825T082827Z,flybrain,0.04,0.040003173710139284,40.0,40.003173710139286,5546,46,1,54,17.055999487638474,162.9759967327118
4,20260825T082827Z,flybrain,0.04,0.040003173710139284,40.0,40.003173710139286,5546,46,1,55,17.023999243974686,166.9120043516159
4,20260825T082827Z,flybrain,0.04,0.040003173710139284,40.0,40.003173710139286,5546,46,1,56,17.023999243974686,160.863995552063
4,20260825T082827Z,flybrain,0.04,0.040003173710139284,40.0,40.003173710139286,5546,46,1,57,17.023999243974686,163.00800442695618
4,20260825T082827Z,flybrain,0.04,0.040003173710139284,40.0,40.003173710139286,5546,46,1,58,17.023999243974686,160.7999950647354
4,20260825T082827Z,flybrain,0.04,0.040003173710139284,40.0,40.003173710139286,5546,46,1,59,17.11999997496605,158.65600109100342
4,20260825T082827Z,flybrain,0.04,0.040003173710139284,40.0,40.003173710139286,5546,46,1,60,16.992000862956047,160.7999950647354
4,20260825T082827Z,flybrain,0.04,0.040003173710139284,40.0,40.003173710139286,5546,46,1,61,17.023999243974686,163.00800442695618
4,20260825T082827Z,flybrain,0.04,0.040003173710139284,40.0,40.003173710139286,5546,46,1,62,17.055999487638474,164.89599645137787
4,20260825T082827Z,flybrain,0.04,0.040003173710139284,40.0,40.003173710139286,5546,46,1,63,16.92800037562847,162.9759967327118
4,20260825T082827Z,flybrain,0.04,0.040003173710139284,40.0,40.003173710139286,5546,46,1,64,16.96000061929226,166.9120043516159
4,20260825T082827Z,flybrain,0.04,0.040003173710139284,40.0,40.003173710139286,5546,46,1,65,16.896000131964684,160.73599457740784
4,20260825T082827Z,flybrain,0.04,0.040003173710139284,40.0,40.003173710139286,5546,46,1,66,16.992000862956047,158.75199437141418
4,20260825T082827Z,flybrain,0.04,0.040003173710139284,40.0,40.003173710139286,5546,46,1,67,16.992000862956047,164.99200463294983
4,20260825T082827Z,flybrain,0.04,0.040003173710139284,40.0,40.003173710139286,5546,46,1,68,17.023999243974686,162.78399527072906
4,20260825T082827Z,flybrain,0.04,0.040003173710139284,40.0,40.003173710139286,5546,46,1,69,17.023999243974686,160.73599457740784
4,20260825T082827Z,flybrain,0.04,0.040003173710139284,40.0,40.003173710139286,5546,46,1,70,17.152000218629837,160.5760008096695
4,20260825T082827Z,flybrain,0.04,0.040003173710139284,40.0,40.003173710139286,5546,46,1,71,16.92800037562847,164.0319973230362
4,20260825T082827Z,flybrain,0.04,0.040003173710139284,40.0,40.003173710139286,5546,46,1,72,16.92800037562847,162.56000101566315
4,20260825T082827Z,flybrain,0.04,0.040003173710139284,40.0,40.003173710139286,5546,46,1,73,16.96000061929226,167.00799763202667
4,20260825T082827Z,flybrain,0.04,0.040003173710139284,40.0,40.003173710139286,5546,46,1,74,17.023999243974686,164.92800414562225
4,20260825T082827Z,flybrain,0.04,0.040003173710139284,40.0,40.003173710139286,5546,46,1,75,16.831999644637108,160.89600324630737
4,20260825T082827Z,flybrain,0.04,0.040003173710139284,40.0,40.003173710139286,5546,46,1,76,16.92800037562847,160.99199652671814
4,20260825T082827Z,flybrain,0.04,0.040003173710139284,40.0,40.003173710139286,5546,46,1,77,16.96000061929226,162.78399527072906
4,20260825T082827Z,flybrain,0.04,0.040003173710139284,40.0,40.003173710139286,5546,46,1,78,17.023999243974686,162.9759967327118
4,20260825T082827Z,flybrain,0.04,0.040003173710139284,40.0,40.003173710139286,5546,46,1,79,16.92800037562847,163.00800442695618
4,20260825T082827Z,flybrain,0.04,0.040003173710139284,40.0,40.003173710139286,5546,46,1,80,16.92800037562847,164.99200463294983
4,20260825T082827Z,flybrain,0.04,0.040003173710139284,40.0,40.003173710139286,5546,46,1,81,17.055999487638474,162.91199624538422
4,20260825T082827Z,flybrain,0.04,0.040003173710139284,40.0,40.003173710139286,5546,46,1,82,17.11999997496605,158.78400206565857
4,20260825T082827Z,flybrain,0.04,0.040003173710139284,40.0,40.003173710139286,5546,46,1,83,17.023999243974686,162.88000345230103
4,20260825T082827Z,flybrain,0.04,0.040003173710139284,40.0,40.003173710139286,5546,46,1,84,17.11999997496605,165.02399742603302
4,20260825T082827Z,flybrain,0.04,0.040003173710139284,40.0,40.003173710139286,5546,46,1,85,17.023999243974686,158.55999290943146
4,20260825T082827Z,flybrain,0.04,0.040003173710139284,40.0,40.003173710139286,5546,46,1,86,17.023999243974686,166.81599617004395
4,20260825T082827Z,flybrain,0.04,0.040003173710139284,40.0,40.003173710139286,5546,46,1,87,17.023999243974686,160.7999950647354
4,20260825T082827Z,flybrain,0.04,0.040003173710139284,40.0,40.003173710139286,5546,46,1,88,16.992000862956047,161.02400422096252
4,20260825T082827Z,flybrain,0.04,0.040003173710139284,40.0,40.003173710139286,5546,46,1,89,17.023999243974686,160.73599457740784
4,20260825T082827Z,flybrain,0.04,0.040003173710139284,40.0,40.003173710139286,5546,46,1,90,16.96000061929226,162.84799575805664
4,20260825T082827Z,flybrain,0.04,0.040003173710139284,40.0,40.003173710139286,5546,46,1,91,17.023999243974686,165.02399742603302
4,20260825T082827Z,flybrain,0.04,0.040003173710139284,40.0,40.003173710139286,5546,46,1,92,17.023999243974686,161.02400422096252
4,20260825T082827Z,flybrain,0.04,0.040003173710139284,40.0,40.003173710139286,5546,46,1,93,17.023999243974686,166.87999665737152
4,20260825T082827Z,flybrain,0.04,0.040003173710139284,40.0,40.003173710139286,5546,46,1,94,16.992000862956047,163.80800306797028
4,20260825T082827Z,flybrain,0.04,0.040003173710139284,40.0,40.003173710139286,5546,46,1,95,16.992000862956047,168.89600455760956
4,20260825T082827Z,flybrain,0.04,0.040003173710139284,40.0,40.003173710139286,5546,46,1,96,17.023999243974686,160.92799603939056
4,20260825T082827Z,flybrain,0.04,0.040003173710139284,40.0,40.003173710139286,5546,46,1,97,17.055999487638474,165.0879979133606
4,20260825T082827Z,flybrain,0.04,0.040003173710139284,40.0,40.003173710139286,5546,46,1,98,16.96000061929226,158.87999534606934
4,20260825T082827Z,flybrain,0.04,0.040003173710139284,40.0,40.003173710139286,5546,46,1,99,16.96000061929226,160.67199409008026
4,20260825T082827Z,flybrain,0.04,0.040003173710139284,40.0,40.003173710139286,5546,46,1,100,17.023999243974686,158.9439958333969
4,20260825T082827Z,flybrain,0.04,0.040003173710139284,40.0,40.003173710139286,5546,46,1,101,16.92800037562847,164.73600268363953
4,20260825T082827Z,flybrain,0.04,0.040003173710139284,40.0,40.003173710139286,5546,46,1,102,17.023999243974686,162.9759967327118
4,20260825T082827Z,flybrain,0.04,0.040003173710139284,40.0,40.003173710139286,5546,46,1,103,16.96000061929226,160.863995552063
4,20260825T082827Z,flybrain,0.04,0.040003173710139284,40.0,40.003173710139286,5546,46,1,104,16.992000862956047,165.0879979133606
4,20260825T082827Z,flybrain,0.04,0.040003173710139284,40.0,40.003173710139286,5546,46,1,105,16.96000061929226,162.75200247764587
4,20260825T082827Z,flybrain,0.04,0.040003173710139284,40.0,40.003173710139286,5546,46,1,106,18.0479995906353,162.75200247764587
4,20260825T082827Z,flybrain,0.04,0.040003173710139284,40.0,40.003173710139286,5546,46,1,107,16.96000061929226,164.8319959640503
4,20260825T082827Z,flybrain,0.04,0.040003173710139284,40.0,40.003173710139286,5546,46,1,108,16.863999888300896,160.863995552063
4,20260825T082827Z,flybrain,0.04,0.040003173710139284,40.0,40.003173710139286,5546,46,1,109,16.92800037562847,160.8320027589798
4,20260825T082827Z,flybrain,0.04,0.040003173710139284,40.0,40.003173710139286,5546,46,1,110,16.896000131964684,162.84799575805664
4,20260825T082827Z,flybrain,0.04,0.040003173710139284,40.0,40.003173710139286,5546,46,1,111,17.023999243974686,158.78400206565857
4,20260825T082827Z,flybrain,0.04,0.040003173710139284,40.0,40.003173710139286,5546,46,1,112,17.023999243974686,160.863995552063
4,20260825T082827Z,flybrain,0.04,0.040003173710139284,40.0,40.003173710139286,5546,46,1,113,16.992000862956047,162.75200247764587
4,20260825T082827Z,flybrain,0.04,0.040003173710139284,40.0,40.003173710139286,5546,46,1,114,16.992000862956047,167.32800006866455
4,20260825T082827Z,flybrain,0.04,0.040003173710139284,40.0,40.003173710139286,5546,46,1,115,16.896000131964684,158.75199437141418
4,20260825T082827Z,flybrain,0.04,0.040003173710139284,40.0,40.003173710139286,5546,46,1,116,17.152000218629837,166.72000288963318
4,20260825T082827Z,flybrain,0.04,0.040003173710139284,40.0,40.003173710139286,5546,46,1,117,16.96000061929226,160.5439931154251
4,20260825T082827Z,flybrain,0.04,0.040003173710139284,40.0,40.003173710139286,5546,46,1,118,16.992000862956047,163.00800442695618
4,20260825T082827Z,flybrain,0.04,0.040003173710139284,40.0,40.003173710139286,5546,46,1,119,16.96000061929226,162.75200247764587
4,20260825T082827Z,flybrain,0.04,0.040003173710139284,40.0,40.003173710139286,5546,46,1,120,16.992000862956047,165.0560051202774
4,20260825T082827Z,flybrain,0.04,0.040003173710139284,40.0,40.003173710139286,5546,46,1,121,17.08799973130226,160.64000129699707
4,20260825T082827Z,flybrain,0.04,0.040003173710139284,40.0,40.003173710139286,5546,46,1,122,16.92800037562847,167.07199811935425
4,20260825T082827Z,flybrain,0.04,0.040003173710139284,40.0,40.003173710139286,5546,46,1,123,16.992000862956047,162.75200247764587
4,20260825T082827Z,flybrain,0.04,0.040003173710139284,40.0,40.003173710139286,5546,46,1,124,16.992000862956047,160.67199409008026
4,20260825T082827Z,flybrain,0.04,0.040003173710139284,40.0,40.003173710139286,5546,46,1,125,16.92800037562847,158.55999290943146
4,20260825T082827Z,flybrain,0.04,0.040003173710139284,40.0,40.003173710139286,5546,46,1,126,16.51199907064438,167.58400201797485
4,20260825T082827Z,flybrain,0.04,0.040003173710139284,40.0,40.003173710139286,5546,46,1,127,18.0479995906353,167.58400201797485
4,20260825T082827Z,flybrain,0.04,0.040003173710139284,40.0,40.003173710139286,5546,46,2,0,303.20000648498535,200.51200687885284
4,20260825T082827Z,flybrain,0.04,0.040003173710139284,40.0,40.003173710139286,5546,46,2,1,18.592000007629395,169.91999745368958
4,20260825T082827Z,flybrain,0.04,0.040003173710139284,40.0,40.003173710139286,5546,46,2,2,18.559999763965607,163.58399391174316
4,20260825T082827Z,flybrain,0.04,0.040003173710139284,40.0,40.003173710139286,5546,46,2,3,18.559999763965607,162.62400150299072
4,20260825T082827Z,flybrain,0.04,0.040003173710139284,40.0,40.003173710139286,5546,46,2,4,18.559999763965607,162.81600296497345
4,20260825T082827Z,flybrain,0.04,0.040003173710139284,40.0,40.003173710139286,5546,46,2,5,18.0479995906353,158.75199437141418
4,20260825T082827Z,flybrain,0.04,0.040003173710139284,40.0,40.003173710139286,5546,46,2,6,16.607999801635742,164.73600268363953
4,20260825T082827Z,flybrain,0.04,0.040003173710139284,40.0,40.003173710139286,5546,46,2,7,18.52799952030182,162.59199380874634
4,20260825T082827Z,flybrain,0.04,0.040003173710139284,40.0,40.003173710139286,5546,46,2,8,18.33599992096424,164.73600268363953
4,20260825T082827Z,flybrain,0.04,0.040003173710139284,40.0,40.003173710139286,5546,46,2,9,16.48000068962574,162.7199947834015
4,20260825T082827Z,flybrain,0.04,0.040003173710139284,40.0,40.003173710139286,5546,46,2,10,17.023999243974686,166.75199568271637
4,20260825T082827Z,flybrain,0.04,0.040003173710139284,40.0,40.003173710139286,5546,46,2,11,16.48000068962574,160.73599457740784
4,20260825T082827Z,flybrain,0.04,0.040003173710139284,40.0,40.003173710139286,5546,46,2,12,16.3199994713068,162.6880019903183
4,20260825T082827Z,flybrain,0.04,0.040003173710139284,40.0,40.003173710139286,5546,46,2,13,17.88800023496151,161.82400286197662
4,20260825T082827Z,flybrain,0.04,0.040003173710139284,40.0,40.003173710139286,5546,46,2,14,17.72800087928772,162.78399527072906
4,20260825T082827Z,flybrain,0.04,0.040003173710139284,40.0,40.003173710139286,5546,46,2,15,18.400000408291817,162.81600296497345
4,20260825T082827Z,flybrain,0.04,0.040003173710139284,40.0,40.003173710139286,5546,46,2,16,18.079999834299088,160.64000129699707
4,20260825T082827Z,flybrain,0.04,0.040003173710139284,40.0,40.003173710139286,5546,46,2,17,18.559999763965607,160.288006067276
4,20260825T082827Z,flybrain,0.04,0.040003173710139284,40.0,40.003173710139286,5546,46,2,18,19.1040001809597,165.0879979133606
4,20260825T082827Z,flybrain,0.04,0.040003173710139284,40.0,40.003173710139286,5546,46,2,19,18.783999606966972,164.92800414562225
4,20260825T082827Z,flybrain,0.04,0.040003173710139284,40.0,40.003173710139286,5546,46,2,20,19.039999693632126,165.02399742603302
4,20260825T082827Z,flybrain,0.04,0.040003173710139284,40.0,40.003173710139286,5546,46,2,21,19.200000911951065,164.76799547672272
4,20260825T082827Z,flybrain,0.04,0.040003173710139284,40.0,40.003173710139286,5546,46,2,22,19.039999693632126,160.73599457740784
4,20260825T082827Z,flybrain,0.04,0.040003173710139284,40.0,40.003173710139286,5546,46,2,23,18.94400082528591,162.88000345230103
4,20260825T082827Z,flybrain,0.04,0.040003173710139284,40.0,40.003173710139286,5546,46,2,24,19.200000911951065,164.70399498939514
4,20260825T082827Z,flybrain,0.04,0.040003173710139284,40.0,40.003173710139286,5546,46,2,25,18.0479995906353,162.9759967327118
4,20260825T082827Z,flybrain,0.04,0.040003173710139284,40.0,40.003173710139286,5546,46,2,26,18.880000337958336,164.73600268363953
4,20260825T082827Z,flybrain,0.04,0.040003173710139284,40.0,40.003173710139286,5546,46,2,27,19.007999449968338,162.9440039396286
4,20260825T082827Z,flybrain,0.04,0.040003173710139284,40.0,40.003173710139286,5546,46,2,28,19.039999693632126,162.81600296497345
4,20260825T082827Z,flybrain,0.04,0.040003173710139284,40.0,40.003173710139286,5546,46,2,29,19.1040001809597,162.81600296497345
4,20260825T082827Z,flybrain,0.04,0.040003173710139284,40.0,40.003173710139286,5546,46,2,30,19.071999937295914,160.89600324630737
4,20260825T082827Z,flybrain,0.04,0.040003173710139284,40.0,40.003173710139286,5546,46,2,31,19.007999449968338,160.89600324630737
4,20260825T082827Z,flybrain,0.04,0.040003173710139284,40.0,40.003173710139286,5546,46,2,32,18.912000581622124,158.720001578331
4,20260825T082827Z,flybrain,0.04,0.040003173710139284,40.0,40.003173710139286,5546,46,2,33,18.97599920630455,162.6880019903183
4,20260825T082827Z,flybrain,0.04,0.040003173710139284,40.0,40.003173710139286,5546,46,2,34,19.007999449968338,164.89599645137787
4,20260825T082827Z,flybrain,0.04,0.040003173710139284,40.0,40.003173710139286,5546,46,2,35,18.97599920630455,162.7199947834015
4,20260825T082827Z,flybrain,0.04,0.040003173710139284,40.0,40.003173710139286,5546,46,2,36,16.896000131964684,167.23200678825378
4,20260825T082827Z,flybrain,0.04,0.040003173710139284,40.0,40.003173710139286,5546,46,2,37,17.023999243974686,160.67199409008026
4,20260825T082827Z,flybrain,0.04,0.040003173710139284,40.0,40.003173710139286,5546,46,2,38,17.023999243974686,162.81600296497345
4,20260825T082827Z,flybrain,0.04,0.040003173710139284,40.0,40.003173710139286,5546,46,2,39,16.92800037562847,158.91200304031372
4,20260825T082827Z,flybrain,0.04,0.040003173710139284,40.0,40.003173710139286,5546,46,2,40,16.992000862956047,164.76799547672272
4,20260825T082827Z,flybrain,0.04,0.040003173710139284,40.0,40.003173710139286,5546,46,2,41,17.023999243974686,162.9440039396286
4,20260825T082827Z,flybrain,0.04,0.040003173710139284,40.0,40.003173710139286,5546,46,2,42,16.96000061929226,163.00800442695618
4,20260825T082827Z,flybrain,0.04,0.040003173710139284,40.0,40.003173710139286,5546,46,2,43,16.96000061929226,163.16799819469452
4,20260825T082827Z,flybrain,0.04,0.040003173710139284,40.0,40.003173710139286,5546,46,2,44,16.863999888300896,162.91199624538422
4,20260825T082827Z,flybrain,0.04,0.040003173710139284,40.0,40.003173710139286,5546,46,2,45,17.023999243974686,169.0240055322647
4,20260825T082827Z,flybrain,0.04,0.040003173710139284,40.0,40.003173710139286,5546,46,2,46,17.11999997496605,164.89599645137787
4,20260825T082827Z,flybrain,0.04,0.040003173710139284,40.0,40.003173710139286,5546,46,2,47,16.863999888300896,162.88000345230103
4,20260825T082827Z,flybrain,0.04,0.040003173710139284,40.0,40.003173710139286,5546,46,2,48,17.920000478625298,162.9440039396286
4,20260825T082827Z,flybrain,0.04,0.040003173710139284,40.0,40.003173710139286,5546,46,2,49,17.023999243974686,162.91199624538422
4,20260825T082827Z,flybrain,0.04,0.040003173710139284,40.0,40.003173710139286,5546,46,2,50,19.071999937295914,160.73599457740784
4,20260825T082827Z,flybrain,0.04,0.040003173710139284,40.0,40.003173710139286,5546,46,2,51,16.863999888300896,165.02399742603302
4,20260825T082827Z,flybrain,0.04,0.040003173710139284,40.0,40.003173710139286,5546,46,2,52,16.92800037562847,164.99200463294983
4,20260825T082827Z,flybrain,0.04,0.040003173710139284,40.0,40.003173710139286,5546,46,2,53,17.023999243974686,164.51199352741241
4,20260825T082827Z,flybrain,0.04,0.040003173710139284,40.0,40.003173710139286,5546,46,2,54,16.92800037562847,163.00800442695618
4,20260825T082827Z,flybrain,0.04,0.040003173710139284,40.0,40.003173710139286,5546,46,2,55,16.831999644637108,169.0559983253479
4,20260825T082827Z,flybrain,0.04,0.040003173710139284,40.0,40.003173710139286,5546,46,2,56,17.023999243974686,160.64000129699707
4,20260825T082827Z,flybrain,0.04,0.040003173710139284,40.0,40.003173710139286,5546,46,2,57,16.92800037562847,160.73599457740784
4,20260825T082827Z,flybrain,0.04,0.040003173710139284,40.0,40.003173710139286,5546,46,2,58,18.848000094294548,160.70400178432465
4,20260825T082827Z,flybrain,0.04,0.040003173710139284,40.0,40.003173710139286,5546,46,2,59,17.023999243974686,160.89600324630737
4,20260825T082827Z,flybrain,0.04,0.040003173710139284,40.0,40.003173710139286,5546,46,2,60,17.11999997496605,160.73599457740784
4,20260825T082827Z,flybrain,0.04,0.040003173710139284,40.0,40.003173710139286,5546,46,2,61,16.992000862956047,160.7999950647354
4,20260825T082827Z,flybrain,0.04,0.040003173710139284,40.0,40.003173710139286,5546,46,2,62,18.079999834299088,166.97600483894348
4,20260825T082827Z,flybrain,0.04,0.040003173710139284,40.0,40.003173710139286,5546,46,2,63,16.96000061929226,162.88000345230103
4,20260825T082827Z,flybrain,0.04,0.040003173710139284,40.0,40.003173710139286,5546,46,2,64,16.92800037562847,164.99200463294983
4,20260825T082827Z,flybrain,0.04,0.040003173710139284,40.0,40.003173710139286,5546,46,2,65,16.896000131964684,160.863995552063
4,20260825T082827Z,flybrain,0.04,0.040003173710139284,40.0,40.003173710139286,5546,46,2,66,17.055999487638474,160.99199652671814
4,20260825T082827Z,flybrain,0.04,0.040003173710139284,40.0,40.003173710139286,5546,46,2,67,17.023999243974686,166.84800386428833
4,20260825T082827Z,flybrain,0.04,0.040003173710139284,40.0,40.003173710139286,5546,46,2,68,16.767999157309532,162.9759967327118
4,20260825T082827Z,flybrain,0.04,0.040003173710139284,40.0,40.003173710139286,5546,46,2,69,16.863999888300896,160.70400178432465
4,20260825T082827Z,flybrain,0.04,0.040003173710139284,40.0,40.003173710139286,5546,46,2,70,16.992000862956047,160.60799360275269
4,20260825T082827Z,flybrain,0.04,0.040003173710139284,40.0,40.003173710139286,5546,46,2,71,16.992000862956047,165.12000560760498
4,20260825T082827Z,flybrain,0.04,0.040003173710139284,40.0,40.003173710139286,5546,46,2,72,16.831999644637108,162.88000345230103
4,20260825T082827Z,flybrain,0.04,0.040003173710139284,40.0,40.003173710139286,5546,46,2,73,16.92800037562847,169.0559983253479
4,20260825T082827Z,flybrain,0.04,0.040003173710139284,40.0,40.003173710139286,5546,46,2,74,17.08799973130226,164.89599645137787
4,20260825T082827Z,flybrain,0.04,0.040003173710139284,40.0,40.003173710139286,5546,46,2,75,16.92800037562847,158.78400206565857
4,20260825T082827Z,flybrain,0.04,0.040003173710139284,40.0,40.003173710139286,5546,46,2,76,16.863999888300896,160.73599457740784
4,20260825T082827Z,flybrain,0.04,0.040003173710139284,40.0,40.003173710139286,5546,46,2,77,16.96000061929226,164.57599401474
4,20260825T082827Z,flybrain,0.04,0.040003173710139284,40.0,40.003173710139286,5546,46,2,78,17.023999243974686,163.00800442695618
4,20260825T082827Z,flybrain,0.04,0.040003173710139284,40.0,40.003173710139286,5546,46,2,79,16.96000061929226,160.99199652671814
4,20260825T082827Z,flybrain,0.04,0.040003173710139284,40.0,40.003173710139286,5546,46,2,80,16.92800037562847,164.92800414562225
4,20260825T082827Z,flybrain,0.04,0.040003173710139284,40.0,40.003173710139286,5546,46,2,81,16.96000061929226,162.84799575805664
4,20260825T082827Z,flybrain,0.04,0.040003173710139284,40.0,40.003173710139286,5546,46,2,82,17.08799973130226,158.9760035276413
4,20260825T082827Z,flybrain,0.04,0.040003173710139284,40.0,40.003173710139286,5546,46,2,83,16.92800037562847,162.7199947834015
4,20260825T082827Z,flybrain,0.04,0.040003173710139284,40.0,40.003173710139286,5546,46,2,84,17.08799973130226,164.76799547672272
4,20260825T082827Z,flybrain,0.04,0.040003173710139284,40.0,40.003173710139286,5546,46,2,85,16.896000131964684,159.0079963207245
4,20260825T082827Z,flybrain,0.04,0.040003173710139284,40.0,40.003173710139286,5546,46,2,86,19.007999449968338,166.84800386428833
4,20260825T082827Z,flybrain,0.04,0.040003173710139284,40.0,40.003173710139286,5546,46,2,87,18.783999606966972,160.89600324630737
4,20260825T082827Z,flybrain,0.04,0.040003173710139284,40.0,40.003173710139286,5546,46,2,88,19.1040001809597,160.92799603939056
4,20260825T082827Z,flybrain,0.04,0.040003173710139284,40.0,40.003173710139286,5546,46,2,89,16.92800037562847,160.76800227165222
4,20260825T082827Z,flybrain,0.04,0.040003173710139284,40.0,40.003173710139286,5546,46,2,90,17.023999243974686,162.78399527072906
4,20260825T082827Z,flybrain,0.04,0.040003173710139284,40.0,40.003173710139286,5546,46,2,91,16.79999940097332,164.8319959640503
4,20260825T082827Z,flybrain,0.04,0.040003173710139284,40.0,40.003173710139286,5546,46,2,92,16.992000862956047,160.51200032234192
4,20260825T082827Z,flybrain,0.04,0.040003173710139284,40.0,40.003173710139286,5546,46,2,93,17.023999243974686,166.72000288963318
4,20260825T082827Z,flybrain,0.04,0.040003173710139284,40.0,40.003173710139286,5546,46,2,94,18.079999834299088,162.9759967327118
4,20260825T082827Z,flybrain,0.04,0.040003173710139284,40.0,40.003173710139286,5546,46,2,95,16.96000061929226,169.0240055322647
4,20260825T082827Z,flybrain,0.04,0.040003173710139284,40.0,40.003173710139286,5546,46,2,96,16.992000862956047,160.863995552063
4,20260825T082827Z,flybrain,0.04,0.040003173710139284,40.0,40.003173710139286,5546,46,2,97,17.023999243974686,164.99200463294983
4,20260825T082827Z,flybrain,0.04,0.040003173710139284,40.0,40.003173710139286,5546,46,2,98,16.92800037562847,158.49600732326508
4,20260825T082827Z,flybrain,0.04,0.040003173710139284,40.0,40.003173710139286,5546,46,2,99,16.992000862956047,160.89600324630737
4,20260825T082827Z,flybrain,0.04,0.040003173710139284,40.0,40.003173710139286,5546,46,2,100,17.055999487638474,158.55999290943146
4,20260825T082827Z,flybrain,0.04,0.040003173710139284,40.0,40.003173710139286,5546,46,2,101,16.992000862956047,164.57599401474
4,20260825T082827Z,flybrain,0.04,0.040003173710139284,40.0,40.003173710139286,5546,46,2,102,17.023999243974686,162.88000345230103
4,20260825T082827Z,flybrain,0.04,0.040003173710139284,40.0,40.003173710139286,5546,46,2,103,16.96000061929226,160.89600324630737
4,20260825T082827Z,flybrain,0.04,0.040003173710139284,40.0,40.003173710139286,5546,46,2,104,16.96000061929226,165.0560051202774
4,20260825T082827Z,flybrain,0.04,0.040003173710139284,40.0,40.003173710139286,5546,46,2,105,16.992000862956047,162.7199947834015
4,20260825T082827Z,flybrain,0.04,0.040003173710139284,40.0,40.003173710139286,5546,46,2,106,17.023999243974686,162.9440039396286
4,20260825T082827Z,flybrain,0.04,0.040003173710139284,40.0,40.003173710139286,5546,46,2,107,16.831999644637108,167.13599860668182
4,20260825T082827Z,flybrain,0.04,0.040003173710139284,40.0,40.003173710139286,5546,46,2,108,16.92800037562847,161.02400422096252
4,20260825T082827Z,flybrain,0.04,0.040003173710139284,40.0,40.003173710139286,5546,46,2,109,16.92800037562847,160.5760008096695
4,20260825T082827Z,flybrain,0.04,0.040003173710139284,40.0,40.003173710139286,5546,46,2,110,17.184000462293625,162.81600296497345
4,20260825T082827Z,flybrain,0.04,0.040003173710139284,40.0,40.003173710139286,5546,46,2,111,17.055999487638474,158.720001578331
4,20260825T082827Z,flybrain,0.04,0.040003173710139284,40.0,40.003173710139286,5546,46,2,112,16.96000061929226,158.91200304031372
4,20260825T082827Z,flybrain,0.04,0.040003173710139284,40.0,40.003173710139286,5546,46,2,113,16.92800037562847,162.91199624538422
4,20260825T082827Z,flybrain,0.04,0.040003173710139284,40.0,40.003173710139286,5546,46,2,114,16.96000061929226,166.72000288963318
4,20260825T082827Z,flybrain,0.04,0.040003173710139284,40.0,40.003173710139286,5546,46,2,115,17.11999997496605,160.7999950647354
4,20260825T082827Z,flybrain,0.04,0.040003173710139284,40.0,40.003173710139286,5546,46,2,116,16.79999940097332,167.10400581359863
4,20260825T082827Z,flybrain,0.04,0.040003173710139284,40.0,40.003173710139286,5546,46,2,117,16.992000862956047,159.90400314331055
4,20260825T082827Z,flybrain,0.04,0.040003173710139284,40.0,40.003173710139286,5546,46,2,118,17.055999487638474,164.73600268363953
4,20260825T082827Z,flybrain,0.04,0.040003173710139284,40.0,40.003173710139286,5546,46,2,119,16.96000061929226,162.6559942960739
4,20260825T082827Z,flybrain,0.04,0.040003173710139284,40.0,40.003173710139286,5546,46,2,120,16.863999888300896,164.76799547672272
4,20260825T082827Z,flybrain,0.04,0.040003173710139284,40.0,40.003173710139286,5546,46,2,121,17.055999487638474,162.7199947834015
4,20260825T082827Z,flybrain,0.04,0.040003173710139284,40.0,40.003173710139286,5546,46,2,122,17.152000218629837,166.97600483894348
4,20260825T082827Z,flybrain,0.04,0.040003173710139284,40.0,40.003173710139286,5546,46,2,123,16.51199907064438,162.84799575805664
4,20260825T082827Z,flybrain,0.04,0.040003173710139284,40.0,40.003173710139286,5546,46,2,124,18.624000251293182,160.863995552063
4,20260825T082827Z,flybrain,0.04,0.040003173710139284,40.0,40.003173710139286,5546,46,2,125,18.624000251293182,158.91200304031372
4,20260825T082827Z,flybrain,0.04,0.040003173710139284,40.0,40.003173710139286,5546,46,2,126,18.559999763965607,167.58400201797485
4,20260825T082827Z,flybrain,0.04,0.040003173710139284,40.0,40.003173710139286,5546,46,2,127,18.0479995906353,167.58400201797485
4,20260825T082827Z,flybrain,0.04,0.040003173710139284,40.0,40.003173710139286,5546,46,3,0,223.93600642681122,185.82400679588318
4,20260825T082827Z,flybrain,0.04,0.040003173710139284,40.0,40.003173710139286,5546,46,3,1,17.791999503970146,169.76000368595123
4,20260825T082827Z,flybrain,0.04,0.040003173710139284,40.0,40.003173710139286,5546,46,3,2,16.48000068962574,163.68000209331512
4,20260825T082827Z,flybrain,0.04,0.040003173710139284,40.0,40.003173710139286,5546,46,3,3,16.3199994713068,160.76800227165222
4,20260825T082827Z,flybrain,0.04,0.040003173710139284,40.0,40.003173710139286,5546,46,3,4,17.664000391960144,164.70399498939514
4,20260825T082827Z,flybrain,0.04,0.040003173710139284,40.0,40.003173710139286,5546,46,3,5,16.48000068962574,158.4639996290207
4,20260825T082827Z,flybrain,0.04,0.040003173710139284,40.0,40.003173710139286,5546,46,3,6,18.464000895619392,166.6879951953888
4,20260825T082827Z,flybrain,0.04,0.040003173710139284,40.0,40.003173710139286,5546,46,3,7,18.559999763965607,160.5760008096695
4,20260825T082827Z,flybrain,0.04,0.040003173710139284,40.0,40.003173710139286,5546,46,3,8,20.128000527620316,164.70399498939514
4,20260825T082827Z,flybrain,0.04,0.040003173710139284,40.0,40.003173710139286,5546,46,3,9,18.624000251293182,163.455992937088
4,20260825T082827Z,flybrain,0.04,0.040003173710139284,40.0,40.003173710139286,5546,46,3,10,18.52799952030182,166.62399470806122
4,20260825T082827Z,flybrain,0.04,0.040003173710139284,40.0,40.003173710139286,5546,46,3,11,16.992000862956047,160.51200032234192
4,20260825T082827Z,flybrain,0.04,0.040003173710139284,40.0,40.003173710139286,5546,46,3,12,18.880000337958336,164.70399498939514
4,20260825T082827Z,flybrain,0.04,0.040003173710139284,40.0,40.003173710139286,5546,46,3,13,16.831999644637108,163.61600160598755
4,20260825T082827Z,flybrain,0.04,0.040003173710139284,40.0,40.003173710139286,5546,46,3,14,17.11999997496605,164.86400365829468
4,20260825T082827Z,flybrain,0.04,0.040003173710139284,40.0,40.003173710139286,5546,46,3,15,17.184000462293625,160.96000373363495
4,20260825T082827Z,flybrain,0.04,0.040003173710139284,40.0,40.003173710139286,5546,46,3,16,18.624000251293182,160.96000373363495
4,20260825T082827Z,flybrain,0.04,0.040003173710139284,40.0,40.003173710139286,5546,46,3,17,18.592000007629395,161.47199273109436
4,20260825T082827Z,flybrain,0.04,0.040003173710139284,40.0,40.003173710139286,5546,46,3,18,18.49599927663803,167.13599860668182
4,20260825T082827Z,flybrain,0.04,0.040003173710139284,40.0,40.003173710139286,5546,46,3,19,18.400000408291817,163.58399391174316
4,20260825T082827Z,flybrain,0.04,0.040003173710139284,40.0,40.003173710139286,5546,46,3,20,18.400000408291817,163.00800442695618
4,20260825T082827Z,flybrain,0.04,0.040003173710139284,40.0,40.003173710139286,5546,46,3,21,18.624000251293182,164.99200463294983
4,20260825T082827Z,flybrain,0.04,0.040003173710139284,40.0,40.003173710139286,5546,46,3,22,18.624000251293182,163.00800442695618
4,20260825T082827Z,flybrain,0.04,0.040003173710139284,40.0,40.003173710139286,5546,46,3,23,18.52799952030182,163.58399391174316
4,20260825T082827Z,flybrain,0.04,0.040003173710139284,40.0,40.003173710139286,5546,46,3,24,18.49599927663803,163.07200491428375
4,20260825T082827Z,flybrain,0.04,0.040003173710139284,40.0,40.003173710139286,5546,46,3,25,18.432000651955605,163.58399391174316
4,20260825T082827Z,flybrain,0.04,0.040003173710139284,40.0,40.003173710139286,5546,46,3,26,18.36800016462803,164.99200463294983
4,20260825T082827Z,flybrain,0.04,0.040003173710139284,40.0,40.003173710139286,5546,46,3,27,18.49599927663803,161.50400042533875
4,20260825T082827Z,flybrain,0.04,0.040003173710139284,40.0,40.003173710139286,5546,46,3,28,18.52799952030182,163.00800442695618
4,20260825T082827Z,flybrain,0.04,0.040003173710139284,40.0,40.003173710139286,5546,46,3,29,18.624000251293182,161.3759994506836
4,20260825T082827Z,flybrain,0.04,0.040003173710139284,40.0,40.003173710139286,5546,46,3,30,18.52799952030182,160.92799603939056
4,20260825T082827Z,flybrain,0.04,0.040003173710139284,40.0,40.003173710139286,5546,46,3,31,18.52799952030182,161.47199273109436
4,20260825T082827Z,flybrain,0.04,0.040003173710139284,40.0,40.003173710139286,5546,46,3,32,18.49599927663803,159.4880074262619
4,20260825T082827Z,flybrain,0.04,0.040003173710139284,40.0,40.003173710139286,5546,46,3,33,18.49599927663803,160.89600324630737
4,20260825T082827Z,flybrain,0.04,0.040003173710139284,40.0,40.003173710139286,5546,46,3,34,18.624000251293182,165.0560051202774
4,20260825T082827Z,flybrain,0.04,0.040003173710139284,40.0,40.003173710139286,5546,46,3,35,18.559999763965607,161.02400422096252
4,20260825T082827Z,flybrain,0.04,0.040003173710139284,40.0,40.003173710139286,5546,46,3,36,18.624000251293182,166.07999801635742
4,20260825T082827Z,flybrain,0.04,0.040003173710139284,40.0,40.003173710139286,5546,46,3,37,18.559999763965607,161.28000617027283
4,20260825T082827Z,flybrain,0.04,0.040003173710139284,40.0,40.003173710139286,5546,46,3,38,18.49599927663803,162.9440039396286
4,20260825T082827Z,flybrain,0.04,0.040003173710139284,40.0,40.003173710139286,5546,46,3,39,18.464000895619392,158.91200304031372
4,20260825T082827Z,flybrain,0.04,0.040003173710139284,40.0,40.003173710139286,5546,46,3,40,18.464000895619392,165.56799411773682
4,20260825T082827Z,flybrain,0.04,0.040003173710139284,40.0,40.003173710139286,5546,46,3,41,18.464000895619392,162.88000345230103
4,20260825T082827Z,flybrain,0.04,0.040003173710139284,40.0,40.003173710139286,5546,46,3,42,18.592000007629395,163.00800442695618
4,20260825T082827Z,flybrain,0.04,0.040003173710139284,40.0,40.003173710139286,5546,46,3,43,18.464000895619392,163.00800442695618
4,20260825T082827Z,flybrain,0.04,0.040003173710139284,40.0,40.003173710139286,5546,46,3,44,18.592000007629395,163.00800442695618
4,20260825T082827Z,flybrain,0.04,0.040003173710139284,40.0,40.003173710139286,5546,46,3,45,18.432000651955605,167.00799763202667
4,20260825T082827Z,flybrain,0.04,0.040003173710139284,40.0,40.003173710139286,5546,46,3,46,18.624000251293182,163.00800442695618
4,20260825T082827Z,flybrain,0.04,0.040003173710139284,40.0,40.003173710139286,5546,46,3,47,18.464000895619392,163.00800442695618
4,20260825T082827Z,flybrain,0.04,0.040003173710139284,40.0,40.003173710139286,5546,46,3,48,18.592000007629395,162.9759967327118
4,20260825T082827Z,flybrain,0.04,0.040003173710139284,40.0,40.003173710139286,5546,46,3,49,18.592000007629395,163.455992937088
4,20260825T082827Z,flybrain,0.04,0.040003173710139284,40.0,40.003173710139286,5546,46,3,50,18.49599927663803,160.8320027589798
4,20260825T082827Z,flybrain,0.04,0.040003173710139284,40.0,40.003173710139286,5546,46,3,51,18.592000007629395,165.6319946050644
4,20260825T082827Z,flybrain,0.04,0.040003173710139284,40.0,40.003173710139286,5546,46,3,52,18.49599927663803,165.66400229930878
4,20260825T082827Z,flybrain,0.04,0.040003173710139284,40.0,40.003173710139286,5546,46,3,53,18.464000895619392,165.0560051202774
4,20260825T082827Z,flybrain,0.04,0.040003173710139284,40.0,40.003173710139286,5546,46,3,54,18.624000251293182,160.99199652671814
4,20260825T082827Z,flybrain,0.04,0.040003173710139284,40.0,40.003173710139286,5546,46,3,55,18.49599927663803,167.00799763202667
4,20260825T082827Z,flybrain,0.04,0.040003173710139284,40.0,40.003173710139286,5546,46,3,56,18.624000251293182,161.3759994506836
4,20260825T082827Z,flybrain,0.04,0.040003173710139284,40.0,40.003173710139286,5546,46,3,57,18.52799952030182,163.58399391174316
4,20260825T082827Z,flybrain,0.04,0.040003173710139284,40.0,40.003173710139286,5546,46,3,58,18.33599992096424,160.99199652671814
4,20260825T082827Z,flybrain,0.04,0.040003173710139284,40.0,40.003173710139286,5546,46,3,59,18.49599927663803,159.67999398708344
4,20260825T082827Z,flybrain,0.04,0.040003173710139284,40.0,40.003173710139286,5546,46,3,60,18.624000251293182,160.92799603939056
4,20260825T082827Z,flybrain,0.04,0.040003173710139284,40.0,40.003173710139286,5546,46,3,61,18.624000251293182,162.9440039396286
4,20260825T082827Z,flybrain,0.04,0.040003173710139284,40.0,40.003173710139286,5546,46,3,62,18.464000895619392,165.0560051202774
4,20260825T082827Z,flybrain,0.04,0.040003173710139284,40.0,40.003173710139286,5546,46,3,63,18.432000651955605,163.58399391174316
4,20260825T082827Z,flybrain,0.04,0.040003173710139284,40.0,40.003173710139286,5546,46,3,64,18.464000895619392,165.53600132465363
4,20260825T082827Z,flybrain,0.04,0.040003173710139284,40.0,40.003173710139286,5546,46,3,65,18.49599927663803,161.47199273109436
4,20260825T082827Z,flybrain,0.04,0.040003173710139284,40.0,40.003173710139286,5546,46,3,66,18.49599927663803,158.84800255298615
4,20260825T082827Z,flybrain,0.04,0.040003173710139284,40.0,40.003173710139286,5546,46,3,67,18.559999763965607,165.6319946050644
4,20260825T082827Z,flybrain,0.04,0.040003173710139284,40.0,40.003173710139286,5546,46,3,68,18.400000408291817,163.455992937088
4,20260825T082827Z,flybrain,0.04,0.040003173710139284,40.0,40.003173710139286,5546,46,3,69,18.52799952030182,161.50400042533875
4,20260825T082827Z,flybrain,0.04,0.040003173710139284,40.0,40.003173710139286,5546,46,3,70,18.400000408291817,160.76800227165222
4,20260825T082827Z,flybrain,0.04,0.040003173710139284,40.0,40.003173710139286,5546,46,3,71,18.559999763965607,162.84799575805664
4,20260825T082827Z,flybrain,0.04,0.040003173710139284,40.0,40.003173710139286,5546,46,3,72,18.65600049495697,163.00800442695618
4,20260825T082827Z,flybrain,0.04,0.040003173710139284,40.0,40.003173710139286,5546,46,3,73,18.65600049495697,169.5680022239685
4,20260825T082827Z,flybrain,0.04,0.040003173710139284,40.0,40.003173710139286,5546,46,3,74,18.464000895619392,165.50399363040924
4,20260825T082827Z,flybrain,0.04,0.040003173710139284,40.0,40.003173710139286,5546,46,3,75,17.27999933063984,160.99199652671814
4,20260825T082827Z,flybrain,0.04,0.040003173710139284,40.0,40.003173710139286,5546,46,3,76,18.49599927663803,161.53599321842194
4,20260825T082827Z,flybrain,0.04,0.040003173710139284,40.0,40.003173710139286,5546,46,3,77,18.464000895619392,162.9440039396286
4,20260825T082827Z,flybrain,0.04,0.040003173710139284,40.0,40.003173710139286,5546,46,3,78,18.624000251293182,163.00800442695618
4,20260825T082827Z,flybrain,0.04,0.040003173710139284,40.0,40.003173710139286,5546,46,3,79,18.559999763965607,161.53599321842194
4,20260825T082827Z,flybrain,0.04,0.040003173710139284,40.0,40.003173710139286,5546,46,3,80,18.400000408291817,164.89599645137787
4,20260825T082827Z,flybrain,0.04,0.040003173710139284,40.0,40.003173710139286,5546,46,3,81,18.592000007629395,163.35999965667725
4,20260825T082827Z,flybrain,0.04,0.040003173710139284,40.0,40.003173710139286,5546,46,3,82,18.49599927663803,159.39199924468994
4,20260825T082827Z,flybrain,0.04,0.040003173710139284,40.0,40.003173710139286,5546,46,3,83,18.464000895619392,161.6639941930771
4,20260825T082827Z,flybrain,0.04,0.040003173710139284,40.0,40.003173710139286,5546,46,3,84,18.400000408291817,165.53600132465363
4,20260825T082827Z,flybrain,0.04,0.040003173710139284,40.0,40.003173710139286,5546,46,3,85,18.464000895619392,157.31200575828552
4,20260825T082827Z,flybrain,0.04,0.040003173710139284,40.0,40.003173710139286,5546,46,3,86,18.464000895619392,165.72800278663635
4,20260825T082827Z,flybrain,0.04,0.040003173710139284,40.0,40.003173710139286,5546,46,3,87,18.432000651955605,160.96000373363495
4,20260825T082827Z,flybrain,0.04,0.040003173710139284,40.0,40.003173710139286,5546,46,3,88,18.624000251293182,161.53599321842194
4,20260825T082827Z,flybrain,0.04,0.040003173710139284,40.0,40.003173710139286,5546,46,3,89,18.49599927663803,160.89600324630737
4,20260825T082827Z,flybrain,0.04,0.040003173710139284,40.0,40.003173710139286,5546,46,3,90,18.592000007629395,162.84799575805664
4,20260825T082827Z,flybrain,0.04,0.040003173710139284,40.0,40.003173710139286,5546,46,3,91,18.559999763965607,165.43999314308167
4,20260825T082827Z,flybrain,0.04,0.040003173710139284,40.0,40.003173710139286,5546,46,3,92,18.464000895619392,161.56800091266632
4,20260825T082827Z,flybrain,0.04,0.040003173710139284,40.0,40.003173710139286,5546,46,3,93,18.400000408291817,167.04000532627106
4,20260825T082827Z,flybrain,0.04,0.040003173710139284,40.0,40.003173710139286,5546,46,3,94,18.624000251293182,160.92799603939056
4,20260825T082827Z,flybrain,0.04,0.040003173710139284,40.0,40.003173710139286,5546,46,3,95,18.49599927663803,167.04000532627106
4,20260825T082827Z,flybrain,0.04,0.040003173710139284,40.0,40.003173710139286,5546,46,3,96,18.559999763965607,160.7999950647354
4,20260825T082827Z,flybrain,0.04,0.040003173710139284,40.0,40.003173710139286,5546,46,3,97,18.624000251293182,165.6000018119812
4,20260825T082827Z,flybrain,0.04,0.040003173710139284,40.0,40.003173710139286,5546,46,3,98,18.49599927663803,159.4880074262619
4,20260825T082827Z,flybrain,0.04,0.040003173710139284,40.0,40.003173710139286,5546,46,3,99,17.472000792622566,159.5200002193451
4,20260825T082827Z,flybrain,0.04,0.040003173710139284,40.0,40.003173710139286,5546,46,3,100,18.49599927663803,159.36000645160675
4,20260825T082827Z,flybrain,0.04,0.040003173710139284,40.0,40.003173710139286,5546,46,3,101,18.52799952030182,165.02399742603302
4,20260825T082827Z,flybrain,0.04,0.040003173710139284,40.0,40.003173710139286,5546,46,3,102,18.624000251293182,162.9759967327118
4,20260825T082827Z,flybrain,0.04,0.040003173710139284,40.0,40.003173710139286,5546,46,3,103,18.52799952030182,158.91200304031372
4,20260825T082827Z,flybrain,0.04,0.040003173710139284,40.0,40.003173710139286,5546,46,3,104,18.624000251293182,165.6000018119812
4,20260825T082827Z,flybrain,0.04,0.040003173710139284,40.0,40.003173710139286,5546,46,3,105,18.464000895619392,162.84799575805664
4,20260825T082827Z,flybrain,0.04,0.040003173710139284,40.0,40.003173710139286,5546,46,3,106,18.624000251293182,163.00800442695618
4,20260825T082827Z,flybrain,0.04,0.040003173710139284,40.0,40.003173710139286,5546,46,3,107,18.464000895619392,165.0879979133606
4,20260825T082827Z,flybrain,0.04,0.040003173710139284,40.0,40.003173710139286,5546,46,3,108,18.49599927663803,160.96000373363495
4,20260825T082827Z,flybrain,0.04,0.040003173710139284,40.0,40.003173710139286,5546,46,3,109,17.27999933063984,158.720001578331
4,20260825T082827Z,flybrain,0.04,0.040003173710139284,40.0,40.003173710139286,5546,46,3,110,18.52799952030182,163.58399391174316
4,20260825T082827Z,flybrain,0.04,0.040003173710139284,40.0,40.003173710139286,5546,46,3,111,18.49599927663803,159.4880074262619
4,20260825T082827Z,flybrain,0.04,0.040003173710139284,40.0,40.003173710139286,5546,46,3,112,18.49599927663803,158.91200304031372
4,20260825T082827Z,flybrain,0.04,0.040003173710139284,40.0,40.003173710139286,5546,46,3,113,18.592000007629395,162.9440039396286
4,20260825T082827Z,flybrain,0.04,0.040003173710139284,40.0,40.003173710139286,5546,46,3,114,18.52799952030182,164.89599645137787
4,20260825T082827Z,flybrain,0.04,0.040003173710139284,40.0,40.003173710139286,5546,46,3,115,18.559999763965607,160.96000373363495
4,20260825T082827Z,flybrain,0.04,0.040003173710139284,40.0,40.003173710139286,5546,46,3,116,18.624000251293182,165.0560051202774
4,20260825T082827Z,flybrain,0.04,0.040003173710139284,40.0,40.003173710139286,5546,46,3,117,18.624000251293182,161.47199273109436
4,20260825T082827Z,flybrain,0.04,0.040003173710139284,40.0,40.003173710139286,5546,46,3,118,18.464000895619392,163.00800442695618
4,20260825T082827Z,flybrain,0.04,0.040003173710139284,40.0,40.003173710139286,5546,46,3,119,18.592000007629395,163.55200111865997
4,20260825T082827Z,flybrain,0.04,0.040003173710139284,40.0,40.003173710139286,5546,46,3,120,18.464000895619392,165.6319946050644
4,20260825T082827Z,flybrain,0.04,0.040003173710139284,40.0,40.003173710139286,5546,46,3,121,18.49599927663803,160.7999950647354
4,20260825T082827Z,flybrain,0.04,0.040003173710139284,40.0,40.003173710139286,5546,46,3,122,18.559999763965607,165.6000018119812
4,20260825T082827Z,flybrain,0.04,0.040003173710139284,40.0,40.003173710139286,5546,46,3,123,18.52799952030182,161.53599321842194
4,20260825T082827Z,flybrain,0.04,0.040003173710139284,40.0,40.003173710139286,5546,46,3,124,18.464000895619392,160.96000373363495
4,20260825T082827Z,flybrain,0.04,0.040003173710139284,40.0,40.003173710139286,5546,46,3,125,18.624000251293182,159.36000645160675
4,20260825T082827Z,flybrain,0.04,0.040003173710139284,40.0,40.003173710139286,5546,46,3,126,18.52799952030182,165.53600132465363
4,20260825T082827Z,flybrain,0.04,0.040003173710139284,40.0,40.003173710139286,5546,46,3,127,18.079999834299088,167.58400201797485
4,20260825T082827Z,flybrain,0.04,0.040003173710139284,40.0,40.003173710139286,5546,46,4,0,303.5840094089508,198.2720047235489
4,20260825T082827Z,flybrain,0.04,0.040003173710139284,40.0,40.003173710139286,5546,46,4,1,18.624000251293182,170.9119975566864
4,20260825T082827Z,flybrain,0.04,0.040003173710139284,40.0,40.003173710139286,5546,46,4,2,18.432000651955605,164.73600268363953
4,20260825T082827Z,flybrain,0.04,0.040003173710139284,40.0,40.003173710139286,5546,46,4,3,18.624000251293182,161.15200519561768
4,20260825T082827Z,flybrain,0.04,0.040003173710139284,40.0,40.003173710139286,5546,46,4,4,18.400000408291817,163.4880006313324
4,20260825T082827Z,flybrain,0.04,0.040003173710139284,40.0,40.003173710139286,5546,46,4,5,16.448000445961952,158.720001578331
4,20260825T082827Z,flybrain,0.04,0.040003173710139284,40.0,40.003173710139286,5546,46,4,6,16.543999314308167,164.73600268363953
4,20260825T082827Z,flybrain,0.04,0.040003173710139284,40.0,40.003173710139286,5546,46,4,7,18.36800016462803,161.24799847602844
4,20260825T082827Z,flybrain,0.04,0.040003173710139284,40.0,40.003173710139286,5546,46,4,8,18.33599992096424,164.70399498939514
4,20260825T082827Z,flybrain,0.04,0.040003173710139284,40.0,40.003173710139286,5546,46,4,9,16.448000445961952,164.5440012216568
4,20260825T082827Z,flybrain,0.04,0.040003173710139284,40.0,40.003173710139286,5546,46,4,10,19.13600042462349,166.6879951953888
4,20260825T082827Z,flybrain,0.04,0.040003173710139284,40.0,40.003173710139286,5546,46,4,11,18.592000007629395,160.64000129699707
4,20260825T082827Z,flybrain,0.04,0.040003173710139284,40.0,40.003173710139286,5546,46,4,12,19.231999292969704,164.99200463294983
4,20260825T082827Z,flybrain,0.04,0.040003173710139284,40.0,40.003173710139286,5546,46,4,13,18.65600049495697,162.52799332141876
4,20260825T082827Z,flybrain,0.04,0.040003173710139284,40.0,40.003173710139286,5546,46,4,14,19.039999693632126,164.57599401474
4,20260825T082827Z,flybrain,0.04,0.040003173710139284,40.0,40.003173710139286,5546,46,4,15,19.007999449968338,162.78399527072906
4,20260825T082827Z,flybrain,0.04,0.040003173710139284,40.0,40.003173710139286,5546,46,4,16,19.13600042462349,161.3440066576004
4,20260825T082827Z,flybrain,0.04,0.040003173710139284,40.0,40.003173710139286,5546,46,4,17,18.49599927663803,161.47199273109436
4,20260825T082827Z,flybrain,0.04,0.040003173710139284,40.0,40.003173710139286,5546,46,4,18,18.52799952030182,165.72800278663635
4,20260825T082827Z,flybrain,0.04,0.040003173710139284,40.0,40.003173710139286,5546,46,4,19,19.328000023961067,165.02399742603302
4,20260825T082827Z,flybrain,0.04,0.040003173710139284,40.0,40.003173710139286,5546,46,4,20,18.432000651955605,162.91199624538422
4,20260825T082827Z,flybrain,0.04,0.040003173710139284,40.0,40.003173710139286,5546,46,4,21,18.592000007629395,164.70399498939514
4,20260825T082827Z,flybrain,0.04,0.040003173710139284,40.0,40.003173710139286,5546,46,4,22,18.559999763965607,161.76000237464905
4,20260825T082827Z,flybrain,0.04,0.040003173710139284,40.0,40.003173710139286,5546,46,4,23,19.90400068461895,163.39200735092163
4,20260825T082827Z,flybrain,0.04,0.040003173710139284,40.0,40.003173710139286,5546,46,4,24,18.49599927663803,164.0319973230362
4,20260825T082827Z,flybrain,0.04,0.040003173710139284,40.0,40.003173710139286,5546,46,4,25,18.65600049495697,163.5199934244156
4,20260825T082827Z,flybrain,0.04,0.040003173710139284,40.0,40.003173710139286,5546,46,4,26,18.49599927663803,163.61600160598755
4,20260825T082827Z,flybrain,0.04,0.040003173710139284,40.0,40.003173710139286,5546,46,4,27,18.36800016462803,162.9759967327118
4,20260825T082827Z,flybrain,0.04,0.040003173710139284,40.0,40.003173710139286,5546,46,4,28,18.559999763965607,163.61600160598755
4,20260825T082827Z,flybrain,0.04,0.040003173710139284,40.0,40.003173710139286,5546,46,4,29,18.49599927663803,161.3440066576004
4,20260825T082827Z,flybrain,0.04,0.040003173710139284,40.0,40.003173710139286,5546,46,4,30,18.464000895619392,161.72799468040466
4,20260825T082827Z,flybrain,0.04,0.040003173710139284,40.0,40.003173710139286,5546,46,4,31,18.271999433636665,161.53599321842194
4,20260825T082827Z,flybrain,0.04,0.040003173710139284,40.0,40.003173710139286,5546,46,4,32,18.49599927663803,159.4880074262619
4,20260825T082827Z,flybrain,0.04,0.040003173710139284,40.0,40.003173710139286,5546,46,4,33,18.49599927663803,161.3440066576004
4,20260825T082827Z,flybrain,0.04,0.040003173710139284,40.0,40.003173710139286,5546,46,4,34,18.49599927663803,165.53600132465363
4,20260825T082827Z,flybrain,0.04,0.040003173710139284,40.0,40.003173710139286,5546,46,4,35,18.36800016462803,160.92799603939056
4,20260825T082827Z,flybrain,0.04,0.040003173710139284,40.0,40.003173710139286,5546,46,4,36,18.432000651955605,166.07999801635742
4,20260825T082827Z,flybrain,0.04,0.040003173710139284,40.0,40.003173710139286,5546,46,4,37,18.65600049495697,161.50400042533875
4,20260825T082827Z,flybrain,0.04,0.040003173710139284,40.0,40.003173710139286,5546,46,4,38,18.36800016462803,162.81600296497345
4,20260825T082827Z,flybrain,0.04,0.040003173710139284,40.0,40.003173710139286,5546,46,4,39,18.52799952030182,158.720001578331
4,20260825T082827Z,flybrain,0.04,0.040003173710139284,40.0,40.003173710139286,5546,46,4,40,18.49599927663803,165.0560051202774
4,20260825T082827Z,flybrain,0.04,0.040003173710139284,40.0,40.003173710139286,5546,46,4,41,18.592000007629395,163.39200735092163
4,20260825T082827Z,flybrain,0.04,0.040003173710139284,40.0,40.003173710139286,5546,46,4,42,18.49599927663803,162.9440039396286
4,20260825T082827Z,flybrain,0.04,0.040003173710139284,40.0,40.003173710139286,5546,46,4,43,17.376000061631203,163.00800442695618
4,20260825T082827Z,flybrain,0.04,0.040003173710139284,40.0,40.003173710139286,5546,46,4,44,18.592000007629395,160.96000373363495
4,20260825T082827Z,flybrain,0.04,0.040003173710139284,40.0,40.003173710139286,5546,46,4,45,18.624000251293182,167.61599481105804
4,20260825T082827Z,flybrain,0.04,0.040003173710139284,40.0,40.003173710139286,5546,46,4,46,18.49599927663803,163.61600160598755
4,20260825T082827Z,flybrain,0.04,0.040003173710139284,40.0,40.003173710139286,5546,46,4,47,18.400000408291817,161.82400286197662
4,20260825T082827Z,flybrain,0.04,0.040003173710139284,40.0,40.003173710139286,5546,46,4,48,18.49599927663803,162.91199624538422
4,20260825T082827Z,flybrain,0.04,0.040003173710139284,40.0,40.003173710139286,5546,46,4,49,18.624000251293182,163.42400014400482
4,20260825T082827Z,flybrain,0.04,0.040003173710139284,40.0,40.003173710139286,5546,46,4,50,18.464000895619392,160.89600324630737
4,20260825T082827Z,flybrain,0.04,0.040003173710139284,40.0,40.003173710139286,5546,46,4,51,18.52799952030182,165.0560051202774
4,20260825T082827Z,flybrain,0.04,0.040003173710139284,40.0,40.003173710139286,5546,46,4,52,18.592000007629395,165.0560051202774
4,20260825T082827Z,flybrain,0.04,0.040003173710139284,40.0,40.003173710139286,5546,46,4,53,18.624000251293182,165.43999314308167
4,20260825T082827Z,flybrain,0.04,0.040003173710139284,40.0,40.003173710139286,5546,46,4,54,18.49599927663803,160.89600324630737
4,20260825T082827Z,flybrain,0.04,0.040003173710139284,40.0,40.003173710139286,5546,46,4,55,18.432000651955605,167.00799763202667
4,20260825T082827Z,flybrain,0.04,0.040003173710139284,40.0,40.003173710139286,5546,46,4,56,18.49599927663803,162.88000345230103
4,20260825T082827Z,flybrain,0.04,0.040003173710139284,40.0,40.003173710139286,5546,46,4,57,18.559999763965607,160.863995552063
4,20260825T082827Z,flybrain,0.04,0.040003173710139284,40.0,40.003173710139286,5546,46,4,58,18.624000251293182,161.47199273109436
4,20260825T082827Z,flybrain,0.04,0.040003173710139284,40.0,40.003173710139286,5546,46,4,59,18.36800016462803,158.4320068359375
4,20260825T082827Z,flybrain,0.04,0.040003173710139284,40.0,40.003173710139286,5546,46,4,60,18.49599927663803,160.8320027589798
4,20260825T082827Z,flybrain,0.04,0.040003173710139284,40.0,40.003173710139286,5546,46,4,61,16.607999801635742,161.47199273109436
4,20260825T082827Z,flybrain,0.04,0.040003173710139284,40.0,40.003173710139286,5546,46,4,62,18.49599927663803,165.79200327396393
4,20260825T082827Z,flybrain,0.04,0.040003173710139284,40.0,40.003173710139286,5546,46,4,63,17.11999997496605,160.863995552063
4,20260825T082827Z,flybrain,0.04,0.040003173710139284,40.0,40.003173710139286,5546,46,4,64,18.432000651955605,165.02399742603302
4,20260825T082827Z,flybrain,0.04,0.040003173710139284,40.0,40.003173710139286,5546,46,4,65,18.624000251293182,161.40800714492798
4,20260825T082827Z,flybrain,0.04,0.040003173710139284,40.0,40.003173710139286,5546,46,4,66,18.49599927663803,158.75199437141418
4,20260825T082827Z,flybrain,0.04,0.040003173710139284,40.0,40.003173710139286,5546,46,4,67,18.49599927663803,165.0560051202774
4,20260825T082827Z,flybrain,0.04,0.040003173710139284,40.0,40.003173710139286,5546,46,4,68,18.464000895619392,162.91199624538422
4,20260825T082827Z,flybrain,0.04,0.040003173710139284,40.0,40.003173710139286,5546,46,4,69,18.559999763965607,160.70400178432465
4,20260825T082827Z,flybrain,0.04,0.040003173710139284,40.0,40.003173710139286,5546,46,4,70,18.464000895619392,160.5760008096695
4,20260825T082827Z,flybrain,0.04,0.040003173710139284,40.0,40.003173710139286,5546,46,4,71,18.400000408291817,163.00800442695618
4,20260825T082827Z,flybrain,0.04,0.040003173710139284,40.0,40.003173710139286,5546,46,4,72,18.592000007629395,162.9759967327118
4,20260825T082827Z,flybrain,0.04,0.040003173710139284,40.0,40.003173710139286,5546,46,4,73,16.607999801635742,168.92799735069275
4,20260825T082827Z,flybrain,0.04,0.040003173710139284,40.0,40.003173710139286,5546,46,4,74,18.592000007629395,165.6319946050644
4,20260825T082827Z,flybrain,0.04,0.040003173710139284,40.0,40.003173710139286,5546,46,4,75,18.432000651955605,158.87999534606934
4,20260825T082827Z,flybrain,0.04,0.040003173710139284,40.0,40.003173710139286,5546,46,4,76,18.49599927663803,159.45599973201752
4,20260825T082827Z,flybrain,0.04,0.040003173710139284,40.0,40.003173710139286,5546,46,4,77,18.559999763965607,163.5199934244156
4,20260825T082827Z,flybrain,0.04,0.040003173710139284,40.0,40.003173710139286,5546,46,4,78,18.464000895619392,162.9440039396286
4,20260825T082827Z,flybrain,0.04,0.040003173710139284,40.0,40.003173710139286,5546,46,4,79,18.52799952030182,162.84799575805664
4,20260825T082827Z,flybrain,0.04,0.040003173710139284,40.0,40.003173710139286,5546,46,4,80,19.1040001809597,165.50399363040924
4,20260825T082827Z,flybrain,0.04,0.040003173710139284,40.0,40.003173710139286,5546,46,4,81,18.464000895619392,163.4880006313324
4,20260825T082827Z,flybrain,0.04,0.040003173710139284,40.0,40.003173710139286,5546,46,4,82,18.52799952030182,158.4639996290207
4,20260825T082827Z,flybrain,0.04,0.040003173710139284,40.0,40.003173710139286,5546,46,4,83,18.400000408291817,163.03999722003937
4,20260825T082827Z,flybrain,0.04,0.040003173710139284,40.0,40.003173710139286,5546,46,4,84,18.559999763965607,164.95999693870544
4,20260825T082827Z,flybrain,0.04,0.040003173710139284,40.0,40.003173710139286,5546,46,4,85,18.624000251293182,158.59200060367584
4,20260825T082827Z,flybrain,0.04,0.040003173710139284,40.0,40.003173710139286,5546,46,4,86,18.624000251293182,164.99200463294983
4,20260825T082827Z,flybrain,0.04,0.040003173710139284,40.0,40.003173710139286,5546,46,4,87,18.432000651955605,160.92799603939056
4,20260825T082827Z,flybrain,0.04,0.040003173710139284,40.0,40.003173710139286,5546,46,4,88,18.559999763965607,158.87999534606934
4,20260825T082827Z,flybrain,0.04,0.040003173710139284,40.0,40.003173710139286,5546,46,4,89,18.559999763965607,160.73599457740784
4,20260825T082827Z,flybrain,0.04,0.040003173710139284,40.0,40.003173710139286,5546,46,4,90,18.65600049495697,162.91199624538422
4,20260825T082827Z,flybrain,0.04,0.040003173710139284,40.0,40.003173710139286,5546,46,4,91,19.007999449968338,163.55200111865997
4,20260825T082827Z,flybrain,0.04,0.040003173710139284,40.0,40.003173710139286,5546,46,4,92,18.464000895619392,160.863995552063
4,20260825T082827Z,flybrain,0.04,0.040003173710139284,40.0,40.003173710139286,5546,46,4,93,18.624000251293182,167.04000532627106
4,20260825T082827Z,flybrain,0.04,0.040003173710139284,40.0,40.003173710139286,5546,46,4,94,18.559999763965607,162.9759967327118
4,20260825T082827Z,flybrain,0.04,0.040003173710139284,40.0,40.003173710139286,5546,46,4,95,18.52799952030182,166.9439971446991
4,20260825T082827Z,flybrain,0.04,0.040003173710139284,40.0,40.003173710139286,5546,46,4,96,18.592000007629395,161.43999993801117
4,20260825T082827Z,flybrain,0.04,0.040003173710139284,40.0,40.003173710139286,5546,46,4,97,18.49599927663803,165.43999314308167
4,20260825T082827Z,flybrain,0.04,0.040003173710139284,40.0,40.003173710139286,5546,46,4,98,18.400000408291817,158.65600109100342
4,20260825T082827Z,flybrain,0.04,0.040003173710139284,40.0,40.003173710139286,5546,46,4,99,18.52799952030182,158.91200304031372
4,20260825T082827Z,flybrain,0.04,0.040003173710139284,40.0,40.003173710139286,5546,46,4,100,18.49599927663803,159.39199924468994
4,20260825T082827Z,flybrain,0.04,0.040003173710139284,40.0,40.003173710139286,5546,46,4,101,18.49599927663803,162.84799575805664
4,20260825T082827Z,flybrain,0.04,0.040003173710139284,40.0,40.003173710139286,5546,46,4,102,18.624000251293182,163.55200111865997
4,20260825T082827Z,flybrain,0.04,0.040003173710139284,40.0,40.003173710139286,5546,46,4,103,18.400000408291817,161.40800714492798
4,20260825T082827Z,flybrain,0.04,0.040003173710139284,40.0,40.003173710139286,5546,46,4,104,18.49599927663803,165.02399742603302
4,20260825T082827Z,flybrain,0.04,0.040003173710139284,40.0,40.003173710139286,5546,46,4,105,18.559999763965607,161.8880033493042
4,20260825T082827Z,flybrain,0.04,0.040003173710139284,40.0,40.003173710139286,5546,46,4,106,18.624000251293182,162.91199624538422
4,20260825T082827Z,flybrain,0.04,0.040003173710139284,40.0,40.003173710139286,5546,46,4,107,17.24799908697605,165.0560051202774
4,20260825T082827Z,flybrain,0.04,0.040003173710139284,40.0,40.003173710139286,5546,46,4,108,18.592000007629395,161.53599321842194
4,20260825T082827Z,flybrain,0.04,0.040003173710139284,40.0,40.003173710139286,5546,46,4,109,18.52799952030182,160.863995552063
4,20260825T082827Z,flybrain,0.04,0.040003173710139284,40.0,40.003173710139286,5546,46,4,110,17.184000462293625,162.84799575805664
4,20260825T082827Z,flybrain,0.04,0.040003173710139284,40.0,40.003173710139286,5546,46,4,111,18.49599927663803,158.78400206565857
4,20260825T082827Z,flybrain,0.04,0.040003173710139284,40.0,40.003173710139286,5546,46,4,112,18.559999763965607,159.5200002193451
4,20260825T082827Z,flybrain,0.04,0.040003173710139284,40.0,40.003173710139286,5546,46,4,113,18.464000895619392,162.91199624538422
4,20260825T082827Z,flybrain,0.04,0.040003173710139284,40.0,40.003173710139286,5546,46,4,114,18.464000895619392,165.6000018119812
4,20260825T082827Z,flybrain,0.04,0.040003173710139284,40.0,40.003173710139286,5546,46,4,115,18.400000408291817,158.81599485874176
4,20260825T082827Z,flybrain,0.04,0.040003173710139284,40.0,40.003173710139286,5546,46,4,116,18.559999763965607,166.07999801635742
4,20260825T082827Z,flybrain,0.04,0.040003173710139284,40.0,40.003173710139286,5546,46,4,117,18.592000007629395,160.67199409008026
4,20260825T082827Z,flybrain,0.04,0.040003173710139284,40.0,40.003173710139286,5546,46,4,118,18.432000651955605,163.93600404262543
4,20260825T082827Z,flybrain,0.04,0.040003173710139284,40.0,40.003173710139286,5546,46,4,119,17.055999487638474,163.61600160598755
4,20260825T082827Z,flybrain,0.04,0.040003173710139284,40.0,40.003173710139286,5546,46,4,120,18.464000895619392,165.56799411773682
4,20260825T082827Z,flybrain,0.04,0.040003173710139284,40.0,40.003173710139286,5546,46,4,121,18.52799952030182,161.47199273109436
4,20260825T082827Z,flybrain,0.04,0.040003173710139284,40.0,40.003173710139286,5546,46,4,122,18.49599927663803,164.86400365829468
4,20260825T082827Z,flybrain,0.04,0.040003173710139284,40.0,40.003173710139286,5546,46,4,123,18.559999763965607,163.58399391174316
4,20260825T082827Z,flybrain,0.04,0.040003173710139284,40.0,40.003173710139286,5546,46,4,124,18.464000895619392,160.89600324630737
4,20260825T082827Z,flybrain,0.04,0.040003173710139284,40.0,40.003173710139286,5546,46,4,125,18.624000251293182,156.80000185966492
4,20260825T082827Z,flybrain,0.04,0.040003173710139284,40.0,40.003173710139286,5546,46,4,126,18.400000408291817,165.53600132465363
4,20260825T082827Z,flybrain,0.04,0.040003173710139284,40.0,40.003173710139286,5546,46,4,127,18.0479995906353,167.58400201797485
4,20260825T082827Z,flybrain,0.04,0.040003173710139284,40.0,40.003173710139286,5546,46,5,0,310.62400341033936,199.90399479866028
4,20260825T082827Z,flybrain,0.04,0.040003173710139284,40.0,40.003173710139286,5546,46,5,1,16.383999958634377,168.06399822235107
4,20260825T082827Z,flybrain,0.04,0.040003173710139284,40.0,40.003173710139286,5546,46,5,2,16.543999314308167,162.78399527072906
4,20260825T082827Z,flybrain,0.04,0.040003173710139284,40.0,40.003173710139286,5546,46,5,3,16.16000011563301,160.73599457740784
4,20260825T082827Z,flybrain,0.04,0.040003173710139284,40.0,40.003173710139286,5546,46,5,4,16.1920003592968,162.81600296497345
4,20260825T082827Z,flybrain,0.04,0.040003173710139284,40.0,40.003173710139286,5546,46,5,5,16.51199907064438,158.720001578331
4,20260825T082827Z,flybrain,0.04,0.040003173710139284,40.0,40.003173710139286,5546,46,5,6,16.51199907064438,166.9120043516159
4,20260825T082827Z,flybrain,0.04,0.040003173710139284,40.0,40.003173710139286,5546,46,5,7,18.464000895619392,162.6559942960739
4,20260825T082827Z,flybrain,0.04,0.040003173710139284,40.0,40.003173710139286,5546,46,5,8,18.464000895619392,164.86400365829468
4,20260825T082827Z,flybrain,0.04,0.040003173710139284,40.0,40.003173710139286,5546,46,5,9,17.664000391960144,162.6880019903183
4,20260825T082827Z,flybrain,0.04,0.040003173710139284,40.0,40.003173710139286,5546,46,5,10,17.023999243974686,166.9120043516159
4,20260825T082827Z,flybrain,0.04,0.040003173710139284,40.0,40.003173710139286,5546,46,5,11,18.49599927663803,160.44799983501434
4,20260825T082827Z,flybrain,0.04,0.040003173710139284,40.0,40.003173710139286,5546,46,5,12,18.848000094294548,162.78399527072906
4,20260825T082827Z,flybrain,0.04,0.040003173710139284,40.0,40.003173710139286,5546,46,5,13,16.672000288963318,163.71199488639832
4,20260825T082827Z,flybrain,0.04,0.040003173710139284,40.0,40.003173710139286,5546,46,5,14,18.624000251293182,164.60800170898438
4,20260825T082827Z,flybrain,0.04,0.040003173710139284,40.0,40.003173710139286,5546,46,5,15,16.863999888300896,163.07200491428375
4,20260825T082827Z,flybrain,0.04,0.040003173710139284,40.0,40.003173710139286,5546,46,5,16,17.08799973130226,160.92799603939056
4,20260825T082827Z,flybrain,0.04,0.040003173710139284,40.0,40.003173710139286,5546,46,5,17,18.239999189972878,163.55200111865997
4,20260825T082827Z,flybrain,0.04,0.040003173710139284,40.0,40.003173710139286,5546,46,5,18,18.400000408291817,165.72800278663635
4,20260825T082827Z,flybrain,0.04,0.040003173710139284,40.0,40.003173710139286,5546,46,5,19,18.400000408291817,163.58399391174316
4,20260825T082827Z,flybrain,0.04,0.040003173710139284,40.0,40.003173710139286,5546,46,5,20,18.49599927663803,162.91199624538422
4,20260825T082827Z,flybrain,0.04,0.040003173710139284,40.0,40.003173710139286,5546,46,5,21,18.624000251293182,165.02399742603302
4,20260825T082827Z,flybrain,0.04,0.040003173710139284,40.0,40.003173710139286,5546,46,5,22,18.624000251293182,160.96000373363495
4,20260825T082827Z,flybrain,0.04,0.040003173710139284,40.0,40.003173710139286,5546,46,5,23,18.432000651955605,163.64799439907074
4,20260825T082827Z,flybrain,0.04,0.040003173710139284,40.0,40.003173710139286,5546,46,5,24,18.400000408291817,163.00800442695618
4,20260825T082827Z,flybrain,0.04,0.040003173710139284,40.0,40.003173710139286,5546,46,5,25,18.464000895619392,163.4880006313324
4,20260825T082827Z,flybrain,0.04,0.040003173710139284,40.0,40.003173710139286,5546,46,5,26,18.49599927663803,163.00800442695618
4,20260825T082827Z,flybrain,0.04,0.040003173710139284,40.0,40.003173710139286,5546,46,5,27,18.559999763965607,163.64799439907074
4,20260825T082827Z,flybrain,0.04,0.040003173710139284,40.0,40.003173710139286,5546,46,5,28,18.464000895619392,163.00800442695618
4,20260825T082827Z,flybrain,0.04,0.040003173710139284,40.0,40.003173710139286,5546,46,5,29,18.624000251293182,160.76800227165222
4,20260825T082827Z,flybrain,0.04,0.040003173710139284,40.0,40.003173710139286,5546,46,5,30,18.65600049495697,161.53599321842194
4,20260825T082827Z,flybrain,0.04,0.040003173710139284,40.0,40.003173710139286,5546,46,5,31,18.432000651955605,163.61600160598755
4,20260825T082827Z,flybrain,0.04,0.040003173710139284,40.0,40.003173710139286,5546,46,5,32,18.49599927663803,159.4880074262619
4,20260825T082827Z,flybrain,0.04,0.040003173710139284,40.0,40.003173710139286,5546,46,5,33,18.49599927663803,162.9440039396286
4,20260825T082827Z,flybrain,0.04,0.040003173710139284,40.0,40.003173710139286,5546,46,5,34,18.624000251293182,164.99200463294983
4,20260825T082827Z,flybrain,0.04,0.040003173710139284,40.0,40.003173710139286,5546,46,5,35,18.592000007629395,161.53599321842194
4,20260825T082827Z,flybrain,0.04,0.040003173710139284,40.0,40.003173710139286,5546,46,5,36,18.49599927663803,167.10400581359863
4,20260825T082827Z,flybrain,0.04,0.040003173710139284,40.0,40.003173710139286,5546,46,5,37,18.49599927663803,160.76800227165222
4,20260825T082827Z,flybrain,0.04,0.040003173710139284,40.0,40.003173710139286,5546,46,5,38,18.624000251293182,162.91199624538422
4,20260825T082827Z,flybrain,0.04,0.040003173710139284,40.0,40.003173710139286,5546,46,5,39,18.592000007629395,158.91200304031372
4,20260825T082827Z,flybrain,0.04,0.040003173710139284,40.0,40.003173710139286,5546,46,5,40,18.624000251293182,165.56799411773682
4,20260825T082827Z,flybrain,0.04,0.040003173710139284,40.0,40.003173710139286,5546,46,5,41,18.97599920630455,162.84799575805664
4,20260825T082827Z,flybrain,0.04,0.040003173710139284,40.0,40.003173710139286,5546,46,5,42,18.52799952030182,162.9759967327118
4,20260825T082827Z,flybrain,0.04,0.040003173710139284,40.0,40.003173710139286,5546,46,5,43,18.400000408291817,162.9759967327118
4,20260825T082827Z,flybrain,0.04,0.040003173710139284,40.0,40.003173710139286,5546,46,5,44,18.559999763965607,160.96000373363495
4,20260825T082827Z,flybrain,0.04,0.040003173710139284,40.0,40.003173710139286,5546,46,5,45,17.24799908697605,167.61599481105804
4,20260825T082827Z,flybrain,0.04,0.040003173710139284,40.0,40.003173710139286,5546,46,5,46,18.400000408291817,165.0560051202774
4,20260825T082827Z,flybrain,0.04,0.040003173710139284,40.0,40.003173710139286,5546,46,5,47,18.559999763965607,163.03999722003937
4,20260825T082827Z,flybrain,0.04,0.040003173710139284,40.0,40.003173710139286,5546,46,5,48,18.464000895619392,162.9759967327118
4,20260825T082827Z,flybrain,0.04,0.040003173710139284,40.0,40.003173710139286,5546,46,5,49,18.52799952030182,163.5199934244156
4,20260825T082827Z,flybrain,0.04,0.040003173710139284,40.0,40.003173710139286,5546,46,5,50,18.49599927663803,160.96000373363495
4,20260825T082827Z,flybrain,0.04,0.040003173710139284,40.0,40.003173710139286,5546,46,5,51,18.52799952030182,164.95999693870544
4,20260825T082827Z,flybrain,0.04,0.040003173710139284,40.0,40.003173710139286,5546,46,5,52,18.624000251293182,165.50399363040924
4,20260825T082827Z,flybrain,0.04,0.040003173710139284,40.0,40.003173710139286,5546,46,5,53,18.464000895619392,164.95999693870544
4,20260825T082827Z,flybrain,0.04,0.040003173710139284,40.0,40.003173710139286,5546,46,5,54,18.624000251293182,160.96000373363495
4,20260825T082827Z,flybrain,0.04,0.040003173710139284,40.0,40.003173710139286,5546,46,5,55,18.592000007629395,169.5999950170517
4,20260825T082827Z,flybrain,0.04,0.040003173710139284,40.0,40.003173710139286,5546,46,5,56,18.49599927663803,161.53599321842194
4,20260825T082827Z,flybrain,0.04,0.040003173710139284,40.0,40.003173710139286,5546,46,5,57,18.52799952030182,160.70400178432465
4,20260825T082827Z,flybrain,0.04,0.040003173710139284,40.0,40.003173710139286,5546,46,5,58,18.624000251293182,160.89600324630737
4,20260825T082827Z,flybrain,0.04,0.040003173710139284,40.0,40.003173710139286,5546,46,5,59,18.432000651955605,159.93599593639374
4,20260825T082827Z,flybrain,0.04,0.040003173710139284,40.0,40.003173710139286,5546,46,5,60,18.52799952030182,160.7999950647354
4,20260825T082827Z,flybrain,0.04,0.040003173710139284,40.0,40.003173710139286,5546,46,5,61,18.464000895619392,162.84799575805664
4,20260825T082827Z,flybrain,0.04,0.040003173710139284,40.0,40.003173710139286,5546,46,5,62,18.592000007629395,165.02399742603302
4,20260825T082827Z,flybrain,0.04,0.040003173710139284,40.0,40.003173710139286,5546,46,5,63,18.559999763965607,163.5199934244156
4,20260825T082827Z,flybrain,0.04,0.040003173710139284,40.0,40.003173710139286,5546,46,5,64,18.49599927663803,165.66400229930878
4,20260825T082827Z,flybrain,0.04,0.040003173710139284,40.0,40.003173710139286,5546,46,5,65,18.49599927663803,161.40800714492798
4,20260825T082827Z,flybrain,0.04,0.040003173710139284,40.0,40.003173710139286,5546,46,5,66,18.49599927663803,158.91200304031372
4,20260825T082827Z,flybrain,0.04,0.040003173710139284,40.0,40.003173710139286,5546,46,5,67,18.464000895619392,165.66400229930878
4,20260825T082827Z,flybrain,0.04,0.040003173710139284,40.0,40.003173710139286,5546,46,5,68,18.52799952030182,162.9759967327118
4,20260825T082827Z,flybrain,0.04,0.040003173710139284,40.0,40.003173710139286,5546,46,5,69,18.624000251293182,161.43999993801117
4,20260825T082827Z,flybrain,0.04,0.040003173710139284,40.0,40.003173710139286,5546,46,5,70,18.49599927663803,161.53599321842194
4,20260825T082827Z,flybrain,0.04,0.040003173710139284,40.0,40.003173710139286,5546,46,5,71,18.400000408291817,165.02399742603302
4,20260825T082827Z,flybrain,0.04,0.040003173710139284,40.0,40.003173710139286,5546,46,5,72,18.592000007629395,162.9440039396286
4,20260825T082827Z,flybrain,0.04,0.040003173710139284,40.0,40.003173710139286,5546,46,5,73,18.400000408291817,167.58400201797485
4,20260825T082827Z,flybrain,0.04,0.040003173710139284,40.0,40.003173710139286,5546,46,5,74,18.400000408291817,165.6000018119812
4,20260825T082827Z,flybrain,0.04,0.040003173710139284,40.0,40.003173710139286,5546,46,5,75,17.40800030529499,158.91200304031372
4,20260825T082827Z,flybrain,0.04,0.040003173710139284,40.0,40.003173710139286,5546,46,5,76,18.624000251293182,161.53599321842194
4,20260825T082827Z,flybrain,0.04,0.040003173710139284,40.0,40.003173710139286,5546,46,5,77,18.49599927663803,162.88000345230103
4,20260825T082827Z,flybrain,0.04,0.040003173710139284,40.0,40.003173710139286,5546,46,5,78,18.592000007629395,162.88000345230103
4,20260825T082827Z,flybrain,0.04,0.040003173710139284,40.0,40.003173710139286,5546,46,5,79,18.400000408291817,161.40800714492798
4,20260825T082827Z,flybrain,0.04,0.040003173710139284,40.0,40.003173710139286,5546,46,5,80,18.432000651955605,164.89599645137787
4,20260825T082827Z,flybrain,0.04,0.040003173710139284,40.0,40.003173710139286,5546,46,5,81,18.592000007629395,163.455992937088
4,20260825T082827Z,flybrain,0.04,0.040003173710139284,40.0,40.003173710139286,5546,46,5,82,18.49599927663803,159.4880074262619
4,20260825T082827Z,flybrain,0.04,0.040003173710139284,40.0,40.003173710139286,5546,46,5,83,18.49599927663803,162.88000345230103
4,20260825T082827Z,flybrain,0.04,0.040003173710139284,40.0,40.003173710139286,5546,46,5,84,18.624000251293182,165.0560051202774
4,20260825T082827Z,flybrain,0.04,0.040003173710139284,40.0,40.003173710139286,5546,46,5,85,18.432000651955605,159.39199924468994
4,20260825T082827Z,flybrain,0.04,0.040003173710139284,40.0,40.003173710139286,5546,46,5,86,18.49599927663803,167.71200299263
4,20260825T082827Z,flybrain,0.04,0.040003173710139284,40.0,40.003173710139286,5546,46,5,87,18.464000895619392,160.7999950647354
4,20260825T082827Z,flybrain,0.04,0.040003173710139284,40.0,40.003173710139286,5546,46,5,88,18.65600049495697,161.53599321842194
4,20260825T082827Z,flybrain,0.04,0.040003173710139284,40.0,40.003173710139286,5546,46,5,89,18.432000651955605,160.863995552063
4,20260825T082827Z,flybrain,0.04,0.040003173710139284,40.0,40.003173710139286,5546,46,5,90,18.624000251293182,164.92800414562225
4,20260825T082827Z,flybrain,0.04,0.040003173710139284,40.0,40.003173710139286,5546,46,5,91,18.559999763965607,163.5199934244156
4,20260825T082827Z,flybrain,0.04,0.040003173710139284,40.0,40.003173710139286,5546,46,5,92,18.52799952030182,161.56800091266632
4,20260825T082827Z,flybrain,0.04,0.040003173710139284,40.0,40.003173710139286,5546,46,5,93,18.464000895619392,167.00799763202667
4,20260825T082827Z,flybrain,0.04,0.040003173710139284,40.0,40.003173710139286,5546,46,5,94,18.592000007629395,160.96000373363495
4,20260825T082827Z,flybrain,0.04,0.040003173710139284,40.0,40.003173710139286,5546,46,5,95,18.559999763965607,169.11999881267548
4,20260825T082827Z,flybrain,0.04,0.040003173710139284,40.0,40.003173710139286,5546,46,5,96,18.592000007629395,160.92799603939056
4,20260825T082827Z,flybrain,0.04,0.040003173710139284,40.0,40.003173710139286,5546,46,5,97,18.624000251293182,165.6000018119812
4,20260825T082827Z,flybrain,0.04,0.040003173710139284,40.0,40.003173710139286,5546,46,5,98,18.400000408291817,159.61599349975586
4,20260825T082827Z,flybrain,0.04,0.040003173710139284,40.0,40.003173710139286,5546,46,5,99,18.33599992096424,159.45599973201752
4,20260825T082827Z,flybrain,0.04,0.040003173710139284,40.0,40.003173710139286,5546,46,5,100,18.464000895619392,159.5200002193451
4,20260825T082827Z,flybrain,0.04,0.040003173710139284,40.0,40.003173710139286,5546,46,5,101,18.49599927663803,162.84799575805664
4,20260825T082827Z,flybrain,0.04,0.040003173710139284,40.0,40.003173710139286,5546,46,5,102,18.52799952030182,163.00800442695618
4,20260825T082827Z,flybrain,0.04,0.040003173710139284,40.0,40.003173710139286,5546,46,5,103,18.559999763965607,159.4880074262619
4,20260825T082827Z,flybrain,0.04,0.040003173710139284,40.0,40.003173710139286,5546,46,5,104,18.52799952030182,165.69599509239197
4,20260825T082827Z,flybrain,0.04,0.040003173710139284,40.0,40.003173710139286,5546,46,5,105,18.432000651955605,161.82400286197662
4,20260825T082827Z,flybrain,0.04,0.040003173710139284,40.0,40.003173710139286,5546,46,5,106,18.624000251293182,162.84799575805664
4,20260825T082827Z,flybrain,0.04,0.040003173710139284,40.0,40.003173710139286,5546,46,5,107,18.432000651955605,165.82399606704712
4,20260825T082827Z,flybrain,0.04,0.040003173710139284,40.0,40.003173710139286,5546,46,5,108,17.24799908697605,160.96000373363495
4,20260825T082827Z,flybrain,0.04,0.040003173710139284,40.0,40.003173710139286,5546,46,5,109,18.624000251293182,158.81599485874176
4,20260825T082827Z,flybrain,0.04,0.040003173710139284,40.0,40.003173710139286,5546,46,5,110,18.592000007629395,163.58399391174316
4,20260825T082827Z,flybrain,0.04,0.040003173710139284,40.0,40.003173710139286,5546,46,5,111,18.49599927663803,158.75199437141418
4,20260825T082827Z,flybrain,0.04,0.040003173710139284,40.0,40.003173710139286,5546,46,5,112,18.592000007629395,159.4880074262619
4,20260825T082827Z,flybrain,0.04,0.040003173710139284,40.0,40.003173710139286,5546,46,5,113,18.49599927663803,162.78399527072906
4,20260825T082827Z,flybrain,0.04,0.040003173710139284,40.0,40.003173710139286,5546,46,5,114,18.624000251293182,167.7439957857132
4,20260825T082827Z,flybrain,0.04,0.040003173710139284,40.0,40.003173710139286,5546,46,5,115,18.33599992096424,158.720001578331
4,20260825T082827Z,flybrain,0.04,0.040003173710139284,40.0,40.003173710139286,5546,46,5,116,18.464000895619392,165.8879965543747
4,20260825T082827Z,flybrain,0.04,0.040003173710139284,40.0,40.003173710139286,5546,46,5,117,18.624000251293182,160.863995552063
4,20260825T082827Z,flybrain,0.04,0.040003173710139284,40.0,40.003173710139286,5546,46,5,118,18.559999763965607,163.00800442695618
4,20260825T082827Z,flybrain,0.04,0.040003173710139284,40.0,40.003173710139286,5546,46,5,119,18.559999763965607,163.55200111865997
4,20260825T082827Z,flybrain,0.04,0.040003173710139284,40.0,40.003173710139286,5546,46,5,120,18.49599927663803,165.6000018119812
4,20260825T082827Z,flybrain,0.04,0.040003173710139284,40.0,40.003173710139286,5546,46,5,121,18.400000408291817,160.89600324630737
4,20260825T082827Z,flybrain,0.04,0.040003173710139284,40.0,40.003173710139286,5546,46,5,122,17.184000462293625,165.43999314308167
4,20260825T082827Z,flybrain,0.04,0.040003173710139284,40.0,40.003173710139286,5546,46,5,123,18.52799952030182,163.61600160598755
4,20260825T082827Z,flybrain,0.04,0.040003173710139284,40.0,40.003173710139286,5546,46,5,124,18.464000895619392,161.40800714492798
4,20260825T082827Z,flybrain,0.04,0.040003173710139284,40.0,40.003173710139286,5546,46,5,125,18.49599927663803,157.3439985513687
4,20260825T082827Z,flybrain,0.04,0.040003173710139284,40.0,40.003173710139286,5546,46,5,126,18.52799952030182,167.58400201797485
4,20260825T082827Z,flybrain,0.04,0.040003173710139284,40.0,40.003173710139286,5546,46,5,127,18.079999834299088,167.58400201797485
4,20260825T082827Z,flybrain,0.04,0.040003173710139284,40.0,40.003173710139286,5546,46,6,0,265.7279968261719,193.37600469589233
4,20260825T082827Z,flybrain,0.04,0.040003173710139284,40.0,40.003173710139286,5546,46,6,1,18.592000007629395,170.9440052509308
4,20260825T082827Z,flybrain,0.04,0.040003173710139284,40.0,40.003173710139286,5546,46,6,2,18.592000007629395,164.5440012216568
4,20260825T082827Z,flybrain,0.04,0.040003173710139284,40.0,40.003173710139286,5546,46,6,3,18.592000007629395,162.75200247764587
4,20260825T082827Z,flybrain,0.04,0.040003173710139284,40.0,40.003173710139286,5546,46,6,4,18.52799952030182,162.59199380874634
4,20260825T082827Z,flybrain,0.04,0.040003173710139284,40.0,40.003173710139286,5546,46,6,5,16.3199994713068,158.6879938840866
4,20260825T082827Z,flybrain,0.04,0.040003173710139284,40.0,40.003173710139286,5546,46,6,6,18.400000408291817,164.8000031709671
4,20260825T082827Z,flybrain,0.04,0.040003173710139284,40.0,40.003173710139286,5546,46,6,7,18.400000408291817,160.51200032234192
4,20260825T082827Z,flybrain,0.04,0.040003173710139284,40.0,40.003173710139286,5546,46,6,8,18.52799952030182,162.6559942960739
4,20260825T082827Z,flybrain,0.04,0.040003173710139284,40.0,40.003173710139286,5546,46,6,9,16.448000445961952,162.78399527072906
4,20260825T082827Z,flybrain,0.04,0.040003173710139284,40.0,40.003173710139286,5546,46,6,10,16.575999557971954,166.78400337696075
4,20260825T082827Z,flybrain,0.04,0.040003173710139284,40.0,40.003173710139286,5546,46,6,11,16.575999557971954,160.67199409008026
4,20260825T082827Z,flybrain,0.04,0.040003173710139284,40.0,40.003173710139286,5546,46,6,12,16.448000445961952,163.4880006313324
4,20260825T082827Z,flybrain,0.04,0.040003173710139284,40.0,40.003173710139286,5546,46,6,13,18.624000251293182,163.7440025806427
4,20260825T082827Z,flybrain,0.04,0.040003173710139284,40.0,40.003173710139286,5546,46,6,14,17.696000635623932,165.02399742603302
4,20260825T082827Z,flybrain,0.04,0.040003173710139284,40.0,40.003173710139286,5546,46,6,15,17.791999503970146,162.81600296497345
4,20260825T082827Z,flybrain,0.04,0.040003173710139284,40.0,40.003173710139286,5546,46,6,16,17.75999926030636,160.64000129699707
4,20260825T082827Z,flybrain,0.04,0.040003173710139284,40.0,40.003173710139286,5546,46,6,17,18.015999346971512,160.5439931154251
4,20260825T082827Z,flybrain,0.04,0.040003173710139284,40.0,40.003173710139286,5546,46,6,18,18.81599985063076,164.2560064792633
4,20260825T082827Z,flybrain,0.04,0.040003173710139284,40.0,40.003173710139286,5546,46,6,19,18.880000337958336,164.92800414562225
4,20260825T082827Z,flybrain,0.04,0.040003173710139284,40.0,40.003173710139286,5546,46,6,20,19.168000668287277,162.6880019903183
4,20260825T082827Z,flybrain,0.04,0.040003173710139284,40.0,40.003173710139286,5546,46,6,21,19.231999292969704,164.57599401474
4,20260825T082827Z,flybrain,0.04,0.040003173710139284,40.0,40.003173710139286,5546,46,6,22,19.007999449968338,160.99199652671814
4,20260825T082827Z,flybrain,0.04,0.040003173710139284,40.0,40.003173710139286,5546,46,6,23,18.81599985063076,162.91199624538422
4,20260825T082827Z,flybrain,0.04,0.040003173710139284,40.0,40.003173710139286,5546,46,6,24,19.071999937295914,162.81600296497345
4,20260825T082827Z,flybrain,0.04,0.040003173710139284,40.0,40.003173710139286,5546,46,6,25,18.112000077962875,162.7199947834015
4,20260825T082827Z,flybrain,0.04,0.040003173710139284,40.0,40.003173710139286,5546,46,6,26,19.1040001809597,165.0560051202774
4,20260825T082827Z,flybrain,0.04,0.040003173710139284,40.0,40.003173710139286,5546,46,6,27,19.007999449968338,162.88000345230103
4,20260825T082827Z,flybrain,0.04,0.040003173710139284,40.0,40.003173710139286,5546,46,6,28,19.1040001809597,162.91199624538422
4,20260825T082827Z,flybrain,0.04,0.040003173710139284,40.0,40.003173710139286,5546,46,6,29,19.13600042462349,162.62400150299072
4,20260825T082827Z,flybrain,0.04,0.040003173710139284,40.0,40.003173710139286,5546,46,6,30,19.039999693632126,160.96000373363495
4,20260825T082827Z,flybrain,0.04,0.040003173710139284,40.0,40.003173710139286,5546,46,6,31,19.007999449968338,164.89599645137787
4,20260825T082827Z,flybrain,0.04,0.040003173710139284,40.0,40.003173710139286,5546,46,6,32,19.1040001809597,158.720001578331
4,20260825T082827Z,flybrain,0.04,0.040003173710139284,40.0,40.003173710139286,5546,46,6,33,19.168000668287277,162.75200247764587
4,20260825T082827Z,flybrain,0.04,0.040003173710139284,40.0,40.003173710139286,5546,46,6,34,19.039999693632126,164.92800414562225
4,20260825T082827Z,flybrain,0.04,0.040003173710139284,40.0,40.003173710139286,5546,46,6,35,19.007999449968338,161.02400422096252
4,20260825T082827Z,flybrain,0.04,0.040003173710139284,40.0,40.003173710139286,5546,46,6,36,16.831999644637108,167.10400581359863
4,20260825T082827Z,flybrain,0.04,0.040003173710139284,40.0,40.003173710139286,5546,46,6,37,17.08799973130226,160.863995552063
4,20260825T082827Z,flybrain,0.04,0.040003173710139284,40.0,40.003173710139286,5546,46,6,38,17.055999487638474,163.10399770736694
4,20260825T082827Z,flybrain,0.04,0.040003173710139284,40.0,40.003173710139286,5546,46,6,39,16.896000131964684,160.76800227165222
4,20260825T082827Z,flybrain,0.04,0.040003173710139284,40.0,40.003173710139286,5546,46,6,40,16.896000131964684,166.78400337696075
4,20260825T082827Z,flybrain,0.04,0.040003173710139284,40.0,40.003173710139286,5546,46,6,41,17.023999243974686,162.9440039396286
4,20260825T082827Z,flybrain,0.04,0.040003173710139284,40.0,40.003173710139286,5546,46,6,42,16.992000862956047,162.9440039396286
4,20260825T082827Z,flybrain,0.04,0.040003173710139284,40.0,40.003173710139286,5546,46,6,43,16.896000131964684,164.86400365829468
4,20260825T082827Z,flybrain,0.04,0.040003173710139284,40.0,40.003173710139286,5546,46,6,44,16.96000061929226,162.84799575805664
4,20260825T082827Z,flybrain,0.04,0.040003173710139284,40.0,40.003173710139286,5546,46,6,45,17.11999997496605,167.1680063009262
4,20260825T082827Z,flybrain,0.04,0.040003173710139284,40.0,40.003173710139286,5546,46,6,46,16.92800037562847,165.0560051202774
4,20260825T082827Z,flybrain,0.04,0.040003173710139284,40.0,40.003173710139286,5546,46,6,47,16.896000131964684,162.84799575805664
4,20260825T082827Z,flybrain,0.04,0.040003173710139284,40.0,40.003173710139286,5546,46,6,48,19.007999449968338,162.6559942960739
4,20260825T082827Z,flybrain,0.04,0.040003173710139284,40.0,40.003173710139286,5546,46,6,49,19.039999693632126,162.9440039396286
4,20260825T082827Z,flybrain,0.04,0.040003173710139284,40.0,40.003173710139286,5546,46,6,50,16.92800037562847,160.92799603939056
4,20260825T082827Z,flybrain,0.04,0.040003173710139284,40.0,40.003173710139286,5546,46,6,51,16.96000061929226,164.99200463294983
4,20260825T082827Z,flybrain,0.04,0.040003173710139284,40.0,40.003173710139286,5546,46,6,52,17.11999997496605,164.70399498939514
4,20260825T082827Z,flybrain,0.04,0.040003173710139284,40.0,40.003173710139286,5546,46,6,53,17.152000218629837,164.89599645137787
4,20260825T082827Z,flybrain,0.04,0.040003173710139284,40.0,40.003173710139286,5546,46,6,54,16.92800037562847,162.91199624538422
4,20260825T082827Z,flybrain,0.04,0.040003173710139284,40.0,40.003173710139286,5546,46,6,55,16.79999940097332,166.9120043516159
4,20260825T082827Z,flybrain,0.04,0.040003173710139284,40.0,40.003173710139286,5546,46,6,56,17.023999243974686,160.863995552063
4,20260825T082827Z,flybrain,0.04,0.040003173710139284,40.0,40.003173710139286,5546,46,6,57,17.11999997496605,160.76800227165222
4,20260825T082827Z,flybrain,0.04,0.040003173710139284,40.0,40.003173710139286,5546,46,6,58,17.055999487638474,160.76800227165222
4,20260825T082827Z,flybrain,0.04,0.040003173710139284,40.0,40.003173710139286,5546,46,6,59,16.92800037562847,159.87199544906616
4,20260825T082827Z,flybrain,0.04,0.040003173710139284,40.0,40.003173710139286,5546,46,6,60,16.96000061929226,160.76800227165222
4,20260825T082827Z,flybrain,0.04,0.040003173710139284,40.0,40.003173710139286,5546,46,6,61,17.055999487638474,162.81600296497345
4,20260825T082827Z,flybrain,0.04,0.040003173710139284,40.0,40.003173710139286,5546,46,6,62,16.992000862956047,164.76799547672272
4,20260825T082827Z,flybrain,0.04,0.040003173710139284,40.0,40.003173710139286,5546,46,6,63,16.863999888300896,162.91199624538422
4,20260825T082827Z,flybrain,0.04,0.040003173710139284,40.0,40.003173710139286,5546,46,6,64,17.023999243974686,164.8319959640503
4,20260825T082827Z,flybrain,0.04,0.040003173710139284,40.0,40.003173710139286,5546,46,6,65,17.023999243974686,160.76800227165222
4,20260825T082827Z,flybrain,0.04,0.040003173710139284,40.0,40.003173710139286,5546,46,6,66,17.023999243974686,160.863995552063
4,20260825T082827Z,flybrain,0.04,0.040003173710139284,40.0,40.003173710139286,5546,46,6,67,16.96000061929226,166.87999665737152
4,20260825T082827Z,flybrain,0.04,0.040003173710139284,40.0,40.003173710139286,5546,46,6,68,16.79999940097332,162.91199624538422
4,20260825T082827Z,flybrain,0.04,0.040003173710139284,40.0,40.003173710139286,5546,46,6,69,17.08799973130226,160.5760008096695
4,20260825T082827Z,flybrain,0.04,0.040003173710139284,40.0,40.003173710139286,5546,46,6,70,17.055999487638474,160.863995552063
4,20260825T082827Z,flybrain,0.04,0.040003173710139284,40.0,40.003173710139286,5546,46,6,71,16.863999888300896,163.7759953737259
4,20260825T082827Z,flybrain,0.04,0.040003173710139284,40.0,40.003173710139286,5546,46,6,72,16.96000061929226,162.91199624538422
4,20260825T082827Z,flybrain,0.04,0.040003173710139284,40.0,40.003173710139286,5546,46,6,73,17.055999487638474,168.99199783802032
4,20260825T082827Z,flybrain,0.04,0.040003173710139284,40.0,40.003173710139286,5546,46,6,74,17.055999487638474,164.95999693870544
4,20260825T082827Z,flybrain,0.04,0.040003173710139284,40.0,40.003173710139286,5546,46,6,75,16.96000061929226,158.81599485874176
4,20260825T082827Z,flybrain,0.04,0.040003173710139284,40.0,40.003173710139286,5546,46,6,76,16.896000131964684,160.73599457740784
4,20260825T082827Z,flybrain,0.04,0.040003173710139284,40.0,40.003173710139286,5546,46,6,77,17.055999487638474,162.9759967327118
4,20260825T082827Z,flybrain,0.04,0.040003173710139284,40.0,40.003173710139286,5546,46,6,78,17.023999243974686,162.7199947834015
4,20260825T082827Z,flybrain,0.04,0.040003173710139284,40.0,40.003173710139286,5546,46,6,79,16.992000862956047,162.6880019903183
4,20260825T082827Z,flybrain,0.04,0.040003173710139284,40.0,40.003173710139286,5546,46,6,80,16.896000131964684,164.95999693870544
4,20260825T082827Z,flybrain,0.04,0.040003173710139284,40.0,40.003173710139286,5546,46,6,81,17.08799973130226,162.91199624538422
4,20260825T082827Z,flybrain,0.04,0.040003173710139284,40.0,40.003173710139286,5546,46,6,82,17.08799973130226,158.9439958333969
4,20260825T082827Z,flybrain,0.04,0.040003173710139284,40.0,40.003173710139286,5546,46,6,83,16.96000061929226,162.88000345230103
4,20260825T082827Z,flybrain,0.04,0.040003173710139284,40.0,40.003173710139286,5546,46,6,84,16.992000862956047,164.73600268363953
4,20260825T082827Z,flybrain,0.04,0.040003173710139284,40.0,40.003173710139286,5546,46,6,85,17.152000218629837,158.55999290943146
4,20260825T082827Z,flybrain,0.04,0.040003173710139284,40.0,40.003173710139286,5546,46,6,86,19.071999937295914,167.04000532627106
4,20260825T082827Z,flybrain,0.04,0.040003173710139284,40.0,40.003173710139286,5546,46,6,87,18.912000581622124,160.7999950647354
4,20260825T082827Z,flybrain,0.04,0.040003173710139284,40.0,40.003173710139286,5546,46,6,88,19.039999693632126,160.863995552063
4,20260825T082827Z,flybrain,0.04,0.040003173710139284,40.0,40.003173710139286,5546,46,6,89,17.11999997496605,160.89600324630737
4,20260825T082827Z,flybrain,0.04,0.040003173710139284,40.0,40.003173710139286,5546,46,6,90,17.055999487638474,165.0560051202774
4,20260825T082827Z,flybrain,0.04,0.040003173710139284,40.0,40.003173710139286,5546,46,6,91,16.896000131964684,165.0560051202774
4,20260825T082827Z,flybrain,0.04,0.040003173710139284,40.0,40.003173710139286,5546,46,6,92,17.152000218629837,160.67199409008026
4,20260825T082827Z,flybrain,0.04,0.040003173710139284,40.0,40.003173710139286,5546,46,6,93,17.055999487638474,166.62399470806122
4,20260825T082827Z,flybrain,0.04,0.040003173710139284,40.0,40.003173710139286,5546,46,6,94,16.96000061929226,162.08000481128693
4,20260825T082827Z,flybrain,0.04,0.040003173710139284,40.0,40.003173710139286,5546,46,6,95,16.831999644637108,169.0559983253479
4,20260825T082827Z,flybrain,0.04,0.040003173710139284,40.0,40.003173710139286,5546,46,6,96,17.184000462293625,160.76800227165222
4,20260825T082827Z,flybrain,0.04,0.040003173710139284,40.0,40.003173710139286,5546,46,6,97,16.992000862956047,164.86400365829468
4,20260825T082827Z,flybrain,0.04,0.040003173710139284,40.0,40.003173710139286,5546,46,6,98,17.023999243974686,160.73599457740784
4,20260825T082827Z,flybrain,0.04,0.040003173710139284,40.0,40.003173710139286,5546,46,6,99,16.92800037562847,158.91200304031372
4,20260825T082827Z,flybrain,0.04,0.040003173710139284,40.0,40.003173710139286,5546,46,6,100,16.92800037562847,158.49600732326508
4,20260825T082827Z,flybrain,0.04,0.040003173710139284,40.0,40.003173710139286,5546,46,6,101,17.11999997496605,164.60800170898438
4,20260825T082827Z,flybrain,0.04,0.040003173710139284,40.0,40.003173710139286,5546,46,6,102,17.055999487638474,162.9440039396286
4,20260825T082827Z,flybrain,0.04,0.040003173710139284,40.0,40.003173710139286,5546,46,6,103,16.96000061929226,160.863995552063
4,20260825T082827Z,flybrain,0.04,0.040003173710139284,40.0,40.003173710139286,5546,46,6,104,16.992000862956047,164.95999693870544
4,20260825T082827Z,flybrain,0.04,0.040003173710139284,40.0,40.003173710139286,5546,46,6,105,17.24799908697605,162.81600296497345
4,20260825T082827Z,flybrain,0.04,0.040003173710139284,40.0,40.003173710139286,5546,46,6,106,16.896000131964684,162.81600296497345
4,20260825T082827Z,flybrain,0.04,0.040003173710139284,40.0,40.003173710139286,5546,46,6,107,16.96000061929226,167.00799763202667
4,20260825T082827Z,flybrain,0.04,0.040003173710139284,40.0,40.003173710139286,5546,46,6,108,16.92800037562847,160.8320027589798
4,20260825T082827Z,flybrain,0.04,0.040003173710139284,40.0,40.003173710139286,5546,46,6,109,17.11999997496605,158.6879938840866
4,20260825T082827Z,flybrain,0.04,0.040003173710139284,40.0,40.003173710139286,5546,46,6,110,16.96000061929226,162.91199624538422
4,20260825T082827Z,flybrain,0.04,0.040003173710139284,40.0,40.003173710139286,5546,46,6,111,16.992000862956047,158.81599485874176
4,20260825T082827Z,flybrain,0.04,0.040003173710139284,40.0,40.003173710139286,5546,46,6,112,16.96000061929226,161.02400422096252
4,20260825T082827Z,flybrain,0.04,0.040003173710139284,40.0,40.003173710139286,5546,46,6,113,17.08799973130226,162.9440039396286
4,20260825T082827Z,flybrain,0.04,0.040003173710139284,40.0,40.003173710139286,5546,46,6,114,16.92800037562847,166.84800386428833
4,20260825T082827Z,flybrain,0.04,0.040003173710139284,40.0,40.003173710139286,5546,46,6,115,16.96000061929226,158.81599485874176
4,20260825T082827Z,flybrain,0.04,0.040003173710139284,40.0,40.003173710139286,5546,46,6,116,17.023999243974686,166.84800386428833
4,20260825T082827Z,flybrain,0.04,0.040003173710139284,40.0,40.003173710139286,5546,46,6,117,17.216000705957413,161.56800091266632
4,20260825T082827Z,flybrain,0.04,0.040003173710139284,40.0,40.003173710139286,5546,46,6,118,16.896000131964684,165.15199840068817
4,20260825T082827Z,flybrain,0.04,0.040003173710139284,40.0,40.003173710139286,5546,46,6,119,16.79999940097332,162.9759967327118
4,20260825T082827Z,flybrain,0.04,0.040003173710139284,40.0,40.003173710139286,5546,46,6,120,16.992000862956047,167.13599860668182
4,20260825T082827Z,flybrain,0.04,0.040003173710139284,40.0,40.003173710139286,5546,46,6,121,17.11999997496605,162.6880019903183
4,20260825T082827Z,flybrain,0.04,0.040003173710139284,40.0,40.003173710139286,5546,46,6,122,16.96000061929226,164.89599645137787
4,20260825T082827Z,flybrain,0.04,0.040003173710139284,40.0,40.003173710139286,5546,46,6,123,16.416000202298164,163.68000209331512
4,20260825T082827Z,flybrain,0.04,0.040003173710139284,40.0,40.003173710139286,5546,46,6,124,18.432000651955605,160.89600324630737
4,20260825T082827Z,flybrain,0.04,0.040003173710139284,40.0,40.003173710139286,5546,46,6,125,18.624000251293182,156.8640023469925
4,20260825T082827Z,flybrain,0.04,0.040003173710139284,40.0,40.003173710139286,5546,46,6,126,18.49599927663803,165.56799411773682
4,20260825T082827Z,flybrain,0.04,0.040003173710139284,40.0,40.003173710139286,5546,46,6,127,18.0479995906353,167.58400201797485
4,20260825T082827Z,flybrain,0.04,0.040003173710139284,40.0,40.003173710139286,5546,46,7,0,264.41600918769836,192.9599940776825
4,20260825T082827Z,flybrain,0.04,0.040003173710139284,40.0,40.003173710139286,5546,46,7,1,16.416000202298164,166.81599617004395
4,20260825T082827Z,flybrain,0.04,0.040003173710139284,40.0,40.003173710139286,5546,46,7,2,18.400000408291817,163.80800306797028
4,20260825T082827Z,flybrain,0.04,0.040003173710139284,40.0,40.003173710139286,5546,46,7,3,16.448000445961952,160.73599457740784
4,20260825T082827Z,flybrain,0.04,0.040003173710139284,40.0,40.003173710139286,5546,46,7,4,16.863999888300896,162.59199380874634
4,20260825T082827Z,flybrain,0.04,0.040003173710139284,40.0,40.003173710139286,5546,46,7,5,18.592000007629395,158.6879938840866
4,20260825T082827Z,flybrain,0.04,0.040003173710139284,40.0,40.003173710139286,5546,46,7,6,18.592000007629395,165.24800658226013
4,20260825T082827Z,flybrain,0.04,0.040003173710139284,40.0,40.003173710139286,5546,46,7,7,18.17600056529045,160.60799360275269
4,20260825T082827Z,flybrain,0.04,0.040003173710139284,40.0,40.003173710139286,5546,46,7,8,18.20800080895424,164.8319959640503
4,20260825T082827Z,flybrain,0.04,0.040003173710139284,40.0,40.003173710139286,5546,46,7,9,16.48000068962574,163.4880006313324
4,20260825T082827Z,flybrain,0.04,0.040003173710139284,40.0,40.003173710139286,5546,46,7,10,18.49599927663803,166.9120043516159
4,20260825T082827Z,flybrain,0.04,0.040003173710139284,40.0,40.003173710139286,5546,46,7,11,18.624000251293182,160.38399934768677
4,20260825T082827Z,flybrain,0.04,0.040003173710139284,40.0,40.003173710139286,5546,46,7,12,19.29599978029728,162.7199947834015
4,20260825T082827Z,flybrain,0.04,0.040003173710139284,40.0,40.003173710139286,5546,46,7,13,18.751999363303185,162.62400150299072
4,20260825T082827Z,flybrain,0.04,0.040003173710139284,40.0,40.003173710139286,5546,46,7,14,16.992000862956047,164.8000031709671
4,20260825T082827Z,flybrain,0.04,0.040003173710139284,40.0,40.003173710139286,5546,46,7,15,17.24799908697605,161.43999993801117
4,20260825T082827Z,flybrain,0.04,0.040003173710139284,40.0,40.003173710139286,5546,46,7,16,18.751999363303185,160.5439931154251
4,20260825T082827Z,flybrain,0.04,0.040003173710139284,40.0,40.003173710139286,5546,46,7,17,18.81599985063076,160.5760008096695
4,20260825T082827Z,flybrain,0.04,0.040003173710139284,40.0,40.003173710139286,5546,46,7,18,18.239999189972878,165.69599509239197
4,20260825T082827Z,flybrain,0.04,0.040003173710139284,40.0,40.003173710139286,5546,46,7,19,18.271999433636665,163.00800442695618
4,20260825T082827Z,flybrain,0.04,0.040003173710139284,40.0,40.003173710139286,5546,46,7,20,18.65600049495697,164.89599645137787
4,20260825T082827Z,flybrain,0.04,0.040003173710139284,40.0,40.003173710139286,5546,46,7,21,18.624000251293182,164.92800414562225
4,20260825T082827Z,flybrain,0.04,0.040003173710139284,40.0,40.003173710139286,5546,46,7,22,18.624000251293182,160.89600324630737
4,20260825T082827Z,flybrain,0.04,0.040003173710139284,40.0,40.003173710139286,5546,46,7,23,18.592000007629395,163.42400014400482
4,20260825T082827Z,flybrain,0.04,0.040003173710139284,40.0,40.003173710139286,5546,46,7,24,18.49599927663803,163.00800442695618
4,20260825T082827Z,flybrain,0.04,0.040003173710139284,40.0,40.003173710139286,5546,46,7,25,18.52799952030182,163.455992937088
4,20260825T082827Z,flybrain,0.04,0.040003173710139284,40.0,40.003173710139286,5546,46,7,26,18.52799952030182,163.00800442695618
4,20260825T082827Z,flybrain,0.04,0.040003173710139284,40.0,40.003173710139286,5546,46,7,27,18.49599927663803,161.53599321842194
4,20260825T082827Z,flybrain,0.04,0.040003173710139284,40.0,40.003173710139286,5546,46,7,28,18.49599927663803,163.00800442695618
4,20260825T082827Z,flybrain,0.04,0.040003173710139284,40.0,40.003173710139286,5546,46,7,29,18.559999763965607,161.43999993801117
4,20260825T082827Z,flybrain,0.04,0.040003173710139284,40.0,40.003173710139286,5546,46,7,30,18.52799952030182,159.55199301242828
4,20260825T082827Z,flybrain,0.04,0.040003173710139284,40.0,40.003173710139286,5546,46,7,31,18.400000408291817,161.3759994506836
4,20260825T082827Z,flybrain,0.04,0.040003173710139284,40.0,40.003173710139286,5546,46,7,32,18.49599927663803,159.45599973201752
4,20260825T082827Z,flybrain,0.04,0.040003173710139284,40.0,40.003173710139286,5546,46,7,33,18.49599927663803,162.81600296497345
4,20260825T082827Z,flybrain,0.04,0.040003173710139284,40.0,40.003173710139286,5546,46,7,34,18.432000651955605,165.0560051202774
4,20260825T082827Z,flybrain,0.04,0.040003173710139284,40.0,40.003173710139286,5546,46,7,35,18.624000251293182,162.84799575805664
4,20260825T082827Z,flybrain,0.04,0.040003173710139284,40.0,40.003173710139286,5546,46,7,36,18.49599927663803,165.98400473594666
4,20260825T082827Z,flybrain,0.04,0.040003173710139284,40.0,40.003173710139286,5546,46,7,37,18.592000007629395,161.40800714492798
4,20260825T082827Z,flybrain,0.04,0.040003173710139284,40.0,40.003173710139286,5546,46,7,38,18.464000895619392,163.00800442695618
4,20260825T082827Z,flybrain,0.04,0.040003173710139284,40.0,40.003173710139286,5546,46,7,39,19.13600042462349,158.78400206565857
4,20260825T082827Z,flybrain,0.04,0.040003173710139284,40.0,40.003173710139286,5546,46,7,40,18.559999763965607,165.66400229930878
4,20260825T082827Z,flybrain,0.04,0.040003173710139284,40.0,40.003173710139286,5546,46,7,41,18.49599927663803,162.6880019903183
4,20260825T082827Z,flybrain,0.04,0.040003173710139284,40.0,40.003173710139286,5546,46,7,42,18.624000251293182,162.84799575805664
4,20260825T082827Z,flybrain,0.04,0.040003173710139284,40.0,40.003173710139286,5546,46,7,43,18.49599927663803,162.84799575805664
4,20260825T082827Z,flybrain,0.04,0.040003173710139284,40.0,40.003173710139286,5546,46,7,44,18.65600049495697,160.7999950647354
4,20260825T082827Z,flybrain,0.04,0.040003173710139284,40.0,40.003173710139286,5546,46,7,45,18.464000895619392,167.04000532627106
4,20260825T082827Z,flybrain,0.04,0.040003173710139284,40.0,40.003173710139286,5546,46,7,46,18.624000251293182,163.00800442695618
4,20260825T082827Z,flybrain,0.04,0.040003173710139284,40.0,40.003173710139286,5546,46,7,47,18.52799952030182,160.92799603939056
4,20260825T082827Z,flybrain,0.04,0.040003173710139284,40.0,40.003173710139286,5546,46,7,48,18.592000007629395,160.863995552063
4,20260825T082827Z,flybrain,0.04,0.040003173710139284,40.0,40.003173710139286,5546,46,7,49,18.52799952030182,163.4880006313324
4,20260825T082827Z,flybrain,0.04,0.040003173710139284,40.0,40.003173710139286,5546,46,7,50,18.52799952030182,160.96000373363495
4,20260825T082827Z,flybrain,0.04,0.040003173710139284,40.0,40.003173710139286,5546,46,7,51,18.49599927663803,165.53600132465363
4,20260825T082827Z,flybrain,0.04,0.040003173710139284,40.0,40.003173710139286,5546,46,7,52,18.49599927663803,163.455992937088
4,20260825T082827Z,flybrain,0.04,0.040003173710139284,40.0,40.003173710139286,5546,46,7,53,18.49599927663803,165.0560051202774
4,20260825T082827Z,flybrain,0.04,0.040003173710139284,40.0,40.003173710139286,5546,46,7,54,18.624000251293182,160.96000373363495
4,20260825T082827Z,flybrain,0.04,0.040003173710139284,40.0,40.003173710139286,5546,46,7,55,18.559999763965607,167.67999529838562
4,20260825T082827Z,flybrain,0.04,0.040003173710139284,40.0,40.003173710139286,5546,46,7,56,18.52799952030182,161.56800091266632
4,20260825T082827Z,flybrain,0.04,0.040003173710139284,40.0,40.003173710139286,5546,46,7,57,18.400000408291817,161.50400042533875
4,20260825T082827Z,flybrain,0.04,0.040003173710139284,40.0,40.003173710139286,5546,46,7,58,18.49599927663803,160.96000373363495
4,20260825T082827Z,flybrain,0.04,0.040003173710139284,40.0,40.003173710139286,5546,46,7,59,18.592000007629395,159.90400314331055
4,20260825T082827Z,flybrain,0.04,0.040003173710139284,40.0,40.003173710139286,5546,46,7,60,18.624000251293182,160.96000373363495
4,20260825T082827Z,flybrain,0.04,0.040003173710139284,40.0,40.003173710139286,5546,46,7,61,18.592000007629395,162.91199624538422
4,20260825T082827Z,flybrain,0.04,0.040003173710139284,40.0,40.003173710139286,5546,46,7,62,18.464000895619392,165.0560051202774
4,20260825T082827Z,flybrain,0.04,0.040003173710139284,40.0,40.003173710139286,5546,46,7,63,18.400000408291817,161.50400042533875
4,20260825T082827Z,flybrain,0.04,0.040003173710139284,40.0,40.003173710139286,5546,46,7,64,18.52799952030182,165.69599509239197
4,20260825T082827Z,flybrain,0.04,0.040003173710139284,40.0,40.003173710139286,5546,46,7,65,18.432000651955605,161.6320013999939
4,20260825T082827Z,flybrain,0.04,0.040003173710139284,40.0,40.003173710139286,5546,46,7,66,18.33599992096424,158.720001578331
4,20260825T082827Z,flybrain,0.04,0.040003173710139284,40.0,40.003173710139286,5546,46,7,67,18.52799952030182,165.6000018119812
4,20260825T082827Z,flybrain,0.04,0.040003173710139284,40.0,40.003173710139286,5546,46,7,68,18.52799952030182,163.58399391174316
4,20260825T082827Z,flybrain,0.04,0.040003173710139284,40.0,40.003173710139286,5546,46,7,69,18.49599927663803,161.43999993801117
4,20260825T082827Z,flybrain,0.04,0.040003173710139284,40.0,40.003173710139286,5546,46,7,70,18.52799952030182,161.50400042533875
4,20260825T082827Z,flybrain,0.04,0.040003173710139284,40.0,40.003173710139286,5546,46,7,71,18.49599927663803,163.00800442695618
4,20260825T082827Z,flybrain,0.04,0.040003173710139284,40.0,40.003173710139286,5546,46,7,72,18.592000007629395,162.91199624538422
4,20260825T082827Z,flybrain,0.04,0.040003173710139284,40.0,40.003173710139286,5546,46,7,73,18.624000251293182,167.55199432373047
4,20260825T082827Z,flybrain,0.04,0.040003173710139284,40.0,40.003173710139286,5546,46,7,74,18.464000895619392,165.56799411773682
4,20260825T082827Z,flybrain,0.04,0.040003173710139284,40.0,40.003173710139286,5546,46,7,75,18.49599927663803,160.8320027589798
4,20260825T082827Z,flybrain,0.04,0.040003173710139284,40.0,40.003173710139286,5546,46,7,76,18.592000007629395,159.36000645160675
4,20260825T082827Z,flybrain,0.04,0.040003173710139284,40.0,40.003173710139286,5546,46,7,77,18.464000895619392,162.81600296497345
4,20260825T082827Z,flybrain,0.04,0.040003173710139284,40.0,40.003173710139286,5546,46,7,78,18.592000007629395,163.00800442695618
4,20260825T082827Z,flybrain,0.04,0.040003173710139284,40.0,40.003173710139286,5546,46,7,79,18.49599927663803,163.58399391174316
4,20260825T082827Z,flybrain,0.04,0.040003173710139284,40.0,40.003173710139286,5546,46,7,80,18.49599927663803,165.0560051202774
4,20260825T082827Z,flybrain,0.04,0.040003173710139284,40.0,40.003173710139286,5546,46,7,81,18.49599927663803,163.5199934244156
4,20260825T082827Z,flybrain,0.04,0.040003173710139284,40.0,40.003173710139286,5546,46,7,82,18.49599927663803,159.90400314331055
4,20260825T082827Z,flybrain,0.04,0.040003173710139284,40.0,40.003173710139286,5546,46,7,83,18.49599927663803,160.92799603939056
4,20260825T082827Z,flybrain,0.04,0.040003173710139284,40.0,40.003173710139286,5546,46,7,84,18.65600049495697,165.6319946050644
4,20260825T082827Z,flybrain,0.04,0.040003173710139284,40.0,40.003173710139286,5546,46,7,85,18.49599927663803,158.75199437141418
4,20260825T082827Z,flybrain,0.04,0.040003173710139284,40.0,40.003173710139286,5546,46,7,86,18.464000895619392,167.64800250530243
4,20260825T082827Z,flybrain,0.04,0.040003173710139284,40.0,40.003173710139286,5546,46,7,87,18.400000408291817,160.99199652671814
4,20260825T082827Z,flybrain,0.04,0.040003173710139284,40.0,40.003173710139286,5546,46,7,88,18.464000895619392,161.40800714492798
4,20260825T082827Z,flybrain,0.04,0.040003173710139284,40.0,40.003173710139286,5546,46,7,89,18.49599927663803,160.96000373363495
4,20260825T082827Z,flybrain,0.04,0.040003173710139284,40.0,40.003173710139286,5546,46,7,90,18.624000251293182,163.00800442695618
4,20260825T082827Z,flybrain,0.04,0.040003173710139284,40.0,40.003173710139286,5546,46,7,91,18.592000007629395,163.58399391174316
4,20260825T082827Z,flybrain,0.04,0.040003173710139284,40.0,40.003173710139286,5546,46,7,92,18.49599927663803,161.56800091266632
4,20260825T082827Z,flybrain,0.04,0.040003173710139284,40.0,40.003173710139286,5546,46,7,93,18.36800016462803,167.00799763202667
4,20260825T082827Z,flybrain,0.04,0.040003173710139284,40.0,40.003173710139286,5546,46,7,94,18.624000251293182,163.00800442695618
4,20260825T082827Z,flybrain,0.04,0.040003173710139284,40.0,40.003173710139286,5546,46,7,95,18.432000651955605,167.10400581359863
4,20260825T082827Z,flybrain,0.04,0.040003173710139284,40.0,40.003173710139286,5546,46,7,96,17.40800030529499,160.64000129699707
4,20260825T082827Z,flybrain,0.04,0.040003173710139284,40.0,40.003173710139286,5546,46,7,97,18.624000251293182,163.58399391174316
4,20260825T082827Z,flybrain,0.04,0.040003173710139284,40.0,40.003173710139286,5546,46,7,98,18.432000651955605,159.58400070667267
4,20260825T082827Z,flybrain,0.04,0.040003173710139284,40.0,40.003173710139286,5546,46,7,99,18.432000651955605,159.45599973201752
4,20260825T082827Z,flybrain,0.04,0.040003173710139284,40.0,40.003173710139286,5546,46,7,100,18.52799952030182,159.32799875736237
4,20260825T082827Z,flybrain,0.04,0.040003173710139284,40.0,40.003173710139286,5546,46,7,101,18.49599927663803,162.88000345230103
4,20260825T082827Z,flybrain,0.04,0.040003173710139284,40.0,40.003173710139286,5546,46,7,102,18.52799952030182,160.92799603939056
4,20260825T082827Z,flybrain,0.04,0.040003173710139284,40.0,40.003173710139286,5546,46,7,103,18.49599927663803,160.89600324630737
4,20260825T082827Z,flybrain,0.04,0.040003173710139284,40.0,40.003173710139286,5546,46,7,104,19.1040001809597,165.43999314308167
4,20260825T082827Z,flybrain,0.04,0.040003173710139284,40.0,40.003173710139286,5546,46,7,105,18.52799952030182,161.82400286197662
4,20260825T082827Z,flybrain,0.04,0.040003173710139284,40.0,40.003173710139286,5546,46,7,106,18.49599927663803,163.00800442695618
4,20260825T082827Z,flybrain,0.04,0.040003173710139284,40.0,40.003173710139286,5546,46,7,107,17.216000705957413,164.92800414562225
4,20260825T082827Z,flybrain,0.04,0.040003173710139284,40.0,40.003173710139286,5546,46,7,108,18.49599927663803,160.7999950647354
4,20260825T082827Z,flybrain,0.04,0.040003173710139284,40.0,40.003173710139286,5546,46,7,109,18.592000007629395,158.84800255298615
4,20260825T082827Z,flybrain,0.04,0.040003173710139284,40.0,40.003173710139286,5546,46,7,110,18.624000251293182,163.55200111865997
4,20260825T082827Z,flybrain,0.04,0.040003173710139284,40.0,40.003173710139286,5546,46,7,111,18.400000408291817,159.45599973201752
4,20260825T082827Z,flybrain,0.04,0.040003173710139284,40.0,40.003173710139286,5546,46,7,112,18.432000651955605,159.58400070667267
4,20260825T082827Z,flybrain,0.04,0.040003173710139284,40.0,40.003173710139286,5546,46,7,113,18.400000408291817,160.92799603939056
4,20260825T082827Z,flybrain,0.04,0.040003173710139284,40.0,40.003173710139286,5546,46,7,114,18.592000007629395,167.84000396728516
4,20260825T082827Z,flybrain,0.04,0.040003173710139284,40.0,40.003173710139286,5546,46,7,115,18.303999677300453,158.91200304031372
4,20260825T082827Z,flybrain,0.04,0.040003173710139284,40.0,40.003173710139286,5546,46,7,116,18.432000651955605,166.07999801635742
4,20260825T082827Z,flybrain,0.04,0.040003173710139284,40.0,40.003173710139286,5546,46,7,117,18.624000251293182,160.863995552063
4,20260825T082827Z,flybrain,0.04,0.040003173710139284,40.0,40.003173710139286,5546,46,7,118,16.64000004529953,163.00800442695618
4,20260825T082827Z,flybrain,0.04,0.040003173710139284,40.0,40.003173710139286,5546,46,7,119,18.592000007629395,163.55200111865997
4,20260825T082827Z,flybrain,0.04,0.040003173710139284,40.0,40.003173710139286,5546,46,7,120,18.464000895619392,165.66400229930878
4,20260825T082827Z,flybrain,0.04,0.040003173710139284,40.0,40.003173710139286,5546,46,7,121,18.49599927663803,160.89600324630737
4,20260825T082827Z,flybrain,0.04,0.040003173710139284,40.0,40.003173710139286,5546,46,7,122,18.592000007629395,165.66400229930878
4,20260825T082827Z,flybrain,0.04,0.040003173710139284,40.0,40.003173710139286,5546,46,7,123,18.49599927663803,162.91199624538422
4,20260825T082827Z,flybrain,0.04,0.040003173710139284,40.0,40.003173710139286,5546,46,7,124,18.592000007629395,161.53599321842194
4,20260825T082827Z,flybrain,0.04,0.040003173710139284,40.0,40.003173710139286,5546,46,7,125,18.49599927663803,159.42400693893433
4,20260825T082827Z,flybrain,0.04,0.040003173710139284,40.0,40.003173710139286,5546,46,7,126,18.52799952030182,165.53600132465363
4,20260825T082827Z,flybrain,0.04,0.040003173710139284,40.0,40.003173710139286,5546,46,7,127,18.079999834299088,167.58400201797485
4,20260825T082827Z,flybrain,0.04,0.040003173710139284,40.0,40.003173710139286,5546,46,8,0,289.11998867988586,197.24799692630768
4,20260825T082827Z,flybrain,0.04,0.040003173710139284,40.0,40.003173710139286,5546,46,8,1,18.464000895619392,166.6879951953888
4,20260825T082827Z,flybrain,0.04,0.040003173710139284,40.0,40.003173710139286,5546,46,8,2,17.664000391960144,164.73600268363953
4,20260825T082827Z,flybrain,0.04,0.040003173710139284,40.0,40.003173710139286,5546,46,8,3,18.432000651955605,162.81600296497345
4,20260825T082827Z,flybrain,0.04,0.040003173710139284,40.0,40.003173710139286,5546,46,8,4,18.464000895619392,162.432000041008
4,20260825T082827Z,flybrain,0.04,0.040003173710139284,40.0,40.003173710139286,5546,46,8,5,16.448000445961952,158.55999290943146
4,20260825T082827Z,flybrain,0.04,0.040003173710139284,40.0,40.003173710139286,5546,46,8,6,16.383999958634377,164.73600268363953
4,20260825T082827Z,flybrain,0.04,0.040003173710139284,40.0,40.003173710139286,5546,46,8,7,19.1040001809597,160.67199409008026
4,20260825T082827Z,flybrain,0.04,0.040003173710139284,40.0,40.003173710139286,5546,46,8,8,18.52799952030182,164.67200219631195
4,20260825T082827Z,flybrain,0.04,0.040003173710139284,40.0,40.003173710139286,5546,46,8,9,16.448000445961952,162.49600052833557
4,20260825T082827Z,flybrain,0.04,0.040003173710139284,40.0,40.003173710139286,5546,46,8,10,16.416000202298164,166.9120043516159
4,20260825T082827Z,flybrain,0.04,0.040003173710139284,40.0,40.003173710139286,5546,46,8,11,17.216000705957413,160.73599457740784
4,20260825T082827Z,flybrain,0.04,0.040003173710139284,40.0,40.003173710139286,5546,46,8,12,18.33599992096424,162.84799575805664
4,20260825T082827Z,flybrain,0.04,0.040003173710139284,40.0,40.003173710139286,5546,46,8,13,17.72800087928772,162.4639928340912
4,20260825T082827Z,flybrain,0.04,0.040003173710139284,40.0,40.003173710139286,5546,46,8,14,17.72800087928772,164.60800170898438
4,20260825T082827Z,flybrain,0.04,0.040003173710139284,40.0,40.003173710139286,5546,46,8,15,18.719999119639397,162.4000072479248
4,20260825T082827Z,flybrain,0.04,0.040003173710139284,40.0,40.003173710139286,5546,46,8,16,18.751999363303185,162.91199624538422
4,20260825T082827Z,flybrain,0.04,0.040003173710139284,40.0,40.003173710139286,5546,46,8,17,19.168000668287277,160.92799603939056
4,20260825T082827Z,flybrain,0.04,0.040003173710139284,40.0,40.003173710139286,5546,46,8,18,18.94400082528591,164.92800414562225
4,20260825T082827Z,flybrain,0.04,0.040003173710139284,40.0,40.003173710139286,5546,46,8,19,19.007999449968338,164.8000031709671
4,20260825T082827Z,flybrain,0.04,0.040003173710139284,40.0,40.003173710139286,5546,46,8,20,18.97599920630455,165.0560051202774
4,20260825T082827Z,flybrain,0.04,0.040003173710139284,40.0,40.003173710139286,5546,46,8,21,19.168000668287277,164.8000031709671
4,20260825T082827Z,flybrain,0.04,0.040003173710139284,40.0,40.003173710139286,5546,46,8,22,19.1040001809597,162.9440039396286
4,20260825T082827Z,flybrain,0.04,0.040003173710139284,40.0,40.003173710139286,5546,46,8,23,18.912000581622124,162.9759967327118
4,20260825T082827Z,flybrain,0.04,0.040003173710139284,40.0,40.003173710139286,5546,46,8,24,18.880000337958336,162.88000345230103
4,20260825T082827Z,flybrain,0.04,0.040003173710139284,40.0,40.003173710139286,5546,46,8,25,18.97599920630455,162.6559942960739
4,20260825T082827Z,flybrain,0.04,0.040003173710139284,40.0,40.003173710139286,5546,46,8,26,19.13600042462349,162.9440039396286
4,20260825T082827Z,flybrain,0.04,0.040003173710139284,40.0,40.003173710139286,5546,46,8,27,19.039999693632126,163.07200491428375
4,20260825T082827Z,flybrain,0.04,0.040003173710139284,40.0,40.003173710139286,5546,46,8,28,18.97599920630455,162.84799575805664
4,20260825T082827Z,flybrain,0.04,0.040003173710139284,40.0,40.003173710139286,5546,46,8,29,19.168000668287277,163.00800442695618
4,20260825T082827Z,flybrain,0.04,0.040003173710139284,40.0,40.003173710139286,5546,46,8,30,18.912000581622124,161.1199975013733
4,20260825T082827Z,flybrain,0.04,0.040003173710139284,40.0,40.003173710139286,5546,46,8,31,18.912000581622124,160.7999950647354
4,20260825T082827Z,flybrain,0.04,0.040003173710139284,40.0,40.003173710139286,5546,46,8,32,19.007999449968338,158.84800255298615
4,20260825T082827Z,flybrain,0.04,0.040003173710139284,40.0,40.003173710139286,5546,46,8,33,19.26399953663349,162.78399527072906
4,20260825T082827Z,flybrain,0.04,0.040003173710139284,40.0,40.003173710139286,5546,46,8,34,18.94400082528591,164.8000031709671
4,20260825T082827Z,flybrain,0.04,0.040003173710139284,40.0,40.003173710139286,5546,46,8,35,19.007999449968338,162.88000345230103
4,20260825T082827Z,flybrain,0.04,0.040003173710139284,40.0,40.003173710139286,5546,46,8,36,17.023999243974686,165.82399606704712
4,20260825T082827Z,flybrain,0.04,0.040003173710139284,40.0,40.003173710139286,5546,46,8,37,17.08799973130226,160.96000373363495
4,20260825T082827Z,flybrain,0.04,0.040003173710139284,40.0,40.003173710139286,5546,46,8,38,17.11999997496605,163.00800442695618
4,20260825T082827Z,flybrain,0.04,0.040003173710139284,40.0,40.003173710139286,5546,46,8,39,16.831999644637108,160.7999950647354
4,20260825T082827Z,flybrain,0.04,0.040003173710139284,40.0,40.003173710139286,5546,46,8,40,17.055999487638474,166.78400337696075
4,20260825T082827Z,flybrain,0.04,0.040003173710139284,40.0,40.003173710139286,5546,46,8,41,16.992000862956047,163.00800442695618
4,20260825T082827Z,flybrain,0.04,0.040003173710139284,40.0,40.003173710139286,5546,46,8,42,17.023999243974686,162.91199624538422
4,20260825T082827Z,flybrain,0.04,0.040003173710139284,40.0,40.003173710139286,5546,46,8,43,16.992000862956047,164.63999450206757
4,20260825T082827Z,flybrain,0.04,0.040003173710139284,40.0,40.003173710139286,5546,46,8,44,17.11999997496605,163.00800442695618
4,20260825T082827Z,flybrain,0.04,0.040003173710139284,40.0,40.003173710139286,5546,46,8,45,16.992000862956047,166.9439971446991
4,20260825T082827Z,flybrain,0.04,0.040003173710139284,40.0,40.003173710139286,5546,46,8,46,17.055999487638474,164.86400365829468
4,20260825T082827Z,flybrain,0.04,0.040003173710139284,40.0,40.003173710139286,5546,46,8,47,16.896000131964684,162.84799575805664
4,20260825T082827Z,flybrain,0.04,0.040003173710139284,40.0,40.003173710139286,5546,46,8,48,16.92800037562847,162.9440039396286
4,20260825T082827Z,flybrain,0.04,0.040003173710139284,40.0,40.003173710139286,5546,46,8,49,19.13600042462349,162.81600296497345
4,20260825T082827Z,flybrain,0.04,0.040003173710139284,40.0,40.003173710139286,5546,46,8,50,16.992000862956047,163.13600540161133
4,20260825T082827Z,flybrain,0.04,0.040003173710139284,40.0,40.003173710139286,5546,46,8,51,16.79999940097332,167.00799763202667
4,20260825T082827Z,flybrain,0.04,0.040003173710139284,40.0,40.003173710139286,5546,46,8,52,16.92800037562847,164.95999693870544
4,20260825T082827Z,flybrain,0.04,0.040003173710139284,40.0,40.003173710139286,5546,46,8,53,17.152000218629837,164.92800414562225
4,20260825T082827Z,flybrain,0.04,0.040003173710139284,40.0,40.003173710139286,5546,46,8,54,17.184000462293625,162.75200247764587
4,20260825T082827Z,flybrain,0.04,0.040003173710139284,40.0,40.003173710139286,5546,46,8,55,16.96000061929226,168.86399686336517
4,20260825T082827Z,flybrain,0.04,0.040003173710139284,40.0,40.003173710139286,5546,46,8,56,16.92800037562847,160.863995552063
4,20260825T082827Z,flybrain,0.04,0.040003173710139284,40.0,40.003173710139286,5546,46,8,57,17.08799973130226,160.7999950647354
4,20260825T082827Z,flybrain,0.04,0.040003173710139284,40.0,40.003173710139286,5546,46,8,58,17.184000462293625,160.99199652671814
4,20260825T082827Z,flybrain,0.04,0.040003173710139284,40.0,40.003173710139286,5546,46,8,59,16.896000131964684,159.71200168132782
4,20260825T082827Z,flybrain,0.04,0.040003173710139284,40.0,40.003173710139286,5546,46,8,60,17.152000218629837,160.5760008096695
4,20260825T082827Z,flybrain,0.04,0.040003173710139284,40.0,40.003173710139286,5546,46,8,61,17.023999243974686,162.84799575805664
4,20260825T082827Z,flybrain,0.04,0.040003173710139284,40.0,40.003173710139286,5546,46,8,62,16.992000862956047,166.97600483894348
4,20260825T082827Z,flybrain,0.04,0.040003173710139284,40.0,40.003173710139286,5546,46,8,63,16.92800037562847,162.88000345230103
4,20260825T082827Z,flybrain,0.04,0.040003173710139284,40.0,40.003173710139286,5546,46,8,64,16.96000061929226,164.89599645137787
4,20260825T082827Z,flybrain,0.04,0.040003173710139284,40.0,40.003173710139286,5546,46,8,65,17.08799973130226,160.60799360275269
4,20260825T082827Z,flybrain,0.04,0.040003173710139284,40.0,40.003173710139286,5546,46,8,66,16.896000131964684,160.60799360275269
4,20260825T082827Z,flybrain,0.04,0.040003173710139284,40.0,40.003173710139286,5546,46,8,67,16.92800037562847,164.76799547672272
4,20260825T082827Z,flybrain,0.04,0.040003173710139284,40.0,40.003173710139286,5546,46,8,68,16.79999940097332,162.78399527072906
4,20260825T082827Z,flybrain,0.04,0.040003173710139284,40.0,40.003173710139286,5546,46,8,69,17.216000705957413,160.5439931154251
4,20260825T082827Z,flybrain,0.04,0.040003173710139284,40.0,40.003173710139286,5546,46,8,70,17.023999243974686,160.96000373363495
4,20260825T082827Z,flybrain,0.04,0.040003173710139284,40.0,40.003173710139286,5546,46,8,71,16.92800037562847,164.76799547672272
4,20260825T082827Z,flybrain,0.04,0.040003173710139284,40.0,40.003173710139286,5546,46,8,72,17.023999243974686,162.84799575805664
4,20260825T082827Z,flybrain,0.04,0.040003173710139284,40.0,40.003173710139286,5546,46,8,73,17.216000705957413,168.7999963760376
4,20260825T082827Z,flybrain,0.04,0.040003173710139284,40.0,40.003173710139286,5546,46,8,74,17.055999487638474,164.86400365829468
4,20260825T082827Z,flybrain,0.04,0.040003173710139284,40.0,40.003173710139286,5546,46,8,75,16.992000862956047,160.8320027589798
4,20260825T082827Z,flybrain,0.04,0.040003173710139284,40.0,40.003173710139286,5546,46,8,76,17.055999487638474,160.60799360275269
4,20260825T082827Z,flybrain,0.04,0.040003173710139284,40.0,40.003173710139286,5546,46,8,77,17.152000218629837,162.9759967327118
4,20260825T082827Z,flybrain,0.04,0.040003173710139284,40.0,40.003173710139286,5546,46,8,78,16.96000061929226,162.78399527072906
4,20260825T082827Z,flybrain,0.04,0.040003173710139284,40.0,40.003173710139286,5546,46,8,79,16.92800037562847,162.88000345230103
4,20260825T082827Z,flybrain,0.04,0.040003173710139284,40.0,40.003173710139286,5546,46,8,80,16.92800037562847,165.0879979133606
4,20260825T082827Z,flybrain,0.04,0.040003173710139284,40.0,40.003173710139286,5546,46,8,81,17.11999997496605,162.9759967327118
4,20260825T082827Z,flybrain,0.04,0.040003173710139284,40.0,40.003173710139286,5546,46,8,82,16.96000061929226,161.72799468040466
4,20260825T082827Z,flybrain,0.04,0.040003173710139284,40.0,40.003173710139286,5546,46,8,83,16.96000061929226,162.7199947834015
4,20260825T082827Z,flybrain,0.04,0.040003173710139284,40.0,40.003173710139286,5546,46,8,84,17.023999243974686,164.95999693870544
4,20260825T082827Z,flybrain,0.04,0.040003173710139284,40.0,40.003173710139286,5546,46,8,85,18.624000251293182,159.19999778270721
4,20260825T082827Z,flybrain,0.04,0.040003173710139284,40.0,40.003173710139286,5546,46,8,86,19.039999693632126,167.35999286174774
4,20260825T082827Z,flybrain,0.04,0.040003173710139284,40.0,40.003173710139286,5546,46,8,87,18.848000094294548,160.7999950647354
4,20260825T082827Z,flybrain,0.04,0.040003173710139284,40.0,40.003173710139286,5546,46,8,88,19.071999937295914,160.863995552063
4,20260825T082827Z,flybrain,0.04,0.040003173710139284,40.0,40.003173710139286,5546,46,8,89,17.27999933063984,160.89600324630737
4,20260825T082827Z,flybrain,0.04,0.040003173710139284,40.0,40.003173710139286,5546,46,8,90,16.992000862956047,164.76799547672272
4,20260825T082827Z,flybrain,0.04,0.040003173710139284,40.0,40.003173710139286,5546,46,8,91,16.92800037562847,163.13600540161133
4,20260825T082827Z,flybrain,0.04,0.040003173710139284,40.0,40.003173710139286,5546,46,8,92,16.896000131964684,160.863995552063
4,20260825T082827Z,flybrain,0.04,0.040003173710139284,40.0,40.003173710139286,5546,46,8,93,17.184000462293625,166.84800386428833
4,20260825T082827Z,flybrain,0.04,0.040003173710139284,40.0,40.003173710139286,5546,46,8,94,17.055999487638474,161.79199516773224
4,20260825T082827Z,flybrain,0.04,0.040003173710139284,40.0,40.003173710139286,5546,46,8,95,16.96000061929226,169.08800601959229
4,20260825T082827Z,flybrain,0.04,0.040003173710139284,40.0,40.003173710139286,5546,46,8,96,16.92800037562847,160.67199409008026
4,20260825T082827Z,flybrain,0.04,0.040003173710139284,40.0,40.003173710139286,5546,46,8,97,17.055999487638474,164.76799547672272
4,20260825T082827Z,flybrain,0.04,0.040003173710139284,40.0,40.003173710139286,5546,46,8,98,17.023999243974686,160.70400178432465
4,20260825T082827Z,flybrain,0.04,0.040003173710139284,40.0,40.003173710139286,5546,46,8,99,16.863999888300896,160.863995552063
4,20260825T082827Z,flybrain,0.04,0.040003173710139284,40.0,40.003173710139286,5546,46,8,100,16.92800037562847,158.84800255298615
4,20260825T082827Z,flybrain,0.04,0.040003173710139284,40.0,40.003173710139286,5546,46,8,101,16.992000862956047,162.9440039396286
4,20260825T082827Z,flybrain,0.04,0.040003173710139284,40.0,40.003173710139286,5546,46,8,102,16.992000862956047,162.9440039396286
4,20260825T082827Z,flybrain,0.04,0.040003173710139284,40.0,40.003173710139286,5546,46,8,103,16.896000131964684,161.02400422096252
4,20260825T082827Z,flybrain,0.04,0.040003173710139284,40.0,40.003173710139286,5546,46,8,104,16.896000131964684,164.89599645137787
4,20260825T082827Z,flybrain,0.04,0.040003173710139284,40.0,40.003173710139286,5546,46,8,105,16.992000862956047,162.62400150299072
4,20260825T082827Z,flybrain,0.04,0.040003173710139284,40.0,40.003173710139286,5546,46,8,106,17.023999243974686,162.9759967327118
4,20260825T082827Z,flybrain,0.04,0.040003173710139284,40.0,40.003173710139286,5546,46,8,107,16.863999888300896,164.92800414562225
4,20260825T082827Z,flybrain,0.04,0.040003173710139284,40.0,40.003173710139286,5546,46,8,108,16.863999888300896,160.8320027589798
4,20260825T082827Z,flybrain,0.04,0.040003173710139284,40.0,40.003173710139286,5546,46,8,109,17.216000705957413,158.6879938840866
4,20260825T082827Z,flybrain,0.04,0.040003173710139284,40.0,40.003173710139286,5546,46,8,110,16.896000131964684,162.84799575805664
4,20260825T082827Z,flybrain,0.04,0.040003173710139284,40.0,40.003173710139286,5546,46,8,111,16.96000061929226,158.84800255298615
4,20260825T082827Z,flybrain,0.04,0.040003173710139284,40.0,40.003173710139286,5546,46,8,112,16.863999888300896,158.9760035276413
4,20260825T082827Z,flybrain,0.04,0.040003173710139284,40.0,40.003173710139286,5546,46,8,113,17.08799973130226,162.62400150299072
4,20260825T082827Z,flybrain,0.04,0.040003173710139284,40.0,40.003173710139286,5546,46,8,114,17.023999243974686,166.9120043516159
4,20260825T082827Z,flybrain,0.04,0.040003173710139284,40.0,40.003173710139286,5546,46,8,115,16.767999157309532,160.863995552063
4,20260825T082827Z,flybrain,0.04,0.040003173710139284,40.0,40.003173710139286,5546,46,8,116,16.96000061929226,164.8319959640503
4,20260825T082827Z,flybrain,0.04,0.040003173710139284,40.0,40.003173710139286,5546,46,8,117,17.152000218629837,161.43999993801117
4,20260825T082827Z,flybrain,0.04,0.040003173710139284,40.0,40.003173710139286,5546,46,8,118,17.023999243974686,165.12000560760498
4,20260825T082827Z,flybrain,0.04,0.040003173710139284,40.0,40.003173710139286,5546,46,8,119,16.704000532627106,162.78399527072906
4,20260825T082827Z,flybrain,0.04,0.040003173710139284,40.0,40.003173710139286,5546,46,8,120,17.023999243974686,165.0560051202774
4,20260825T082827Z,flybrain,0.04,0.040003173710139284,40.0,40.003173710139286,5546,46,8,121,17.08799973130226,160.5760008096695
4,20260825T082827Z,flybrain,0.04,0.040003173710139284,40.0,40.003173710139286,5546,46,8,122,17.023999243974686,166.75199568271637
4,20260825T082827Z,flybrain,0.04,0.040003173710139284,40.0,40.003173710139286,5546,46,8,123,16.448000445961952,161.56800091266632
4,20260825T082827Z,flybrain,0.04,0.040003173710139284,40.0,40.003173710139286,5546,46,8,124,18.464000895619392,158.81599485874176
4,20260825T082827Z,flybrain,0.04,0.040003173710139284,40.0,40.003173710139286,5546,46,8,125,18.49599927663803,158.91200304031372
4,20260825T082827Z,flybrain,0.04,0.040003173710139284,40.0,40.003173710139286,5546,46,8,126,18.52799952030182,167.58400201797485
4,20260825T082827Z,flybrain,0.04,0.040003173710139284,40.0,40.003173710139286,5546,46,8,127,18.079999834299088,167.58400201797485
4,20260825T082827Z,flybrain,0.04,0.040003173710139284,40.0,40.003173710139286,5546,46,9,0,275.29600262641907,197.24799692630768
4,20260825T082827Z,flybrain,0.04,0.040003173710139284,40.0,40.003173710139286,5546,46,9,1,16.48000068962574,165.8879965543747
4,20260825T082827Z,flybrain,0.04,0.040003173710139284,40.0,40.003173710139286,5546,46,9,2,17.791999503970146,164.73600268363953
4,20260825T082827Z,flybrain,0.04,0.040003173710139284,40.0,40.003173710139286,5546,46,9,3,16.96000061929226,162.81600296497345
4,20260825T082827Z,flybrain,0.04,0.040003173710139284,40.0,40.003173710139286,5546,46,9,4,16.416000202298164,162.81600296497345
4,20260825T082827Z,flybrain,0.04,0.040003173710139284,40.0,40.003173710139286,5546,46,9,5,16.48000068962574,158.55999290943146
4,20260825T082827Z,flybrain,0.04,0.040003173710139284,40.0,40.003173710139286,5546,46,9,6,18.432000651955605,166.9120043516159
4,20260825T082827Z,flybrain,0.04,0.040003173710139284,40.0,40.003173710139286,5546,46,9,7,19.200000911951065,160.5439931154251
4,20260825T082827Z,flybrain,0.04,0.040003173710139284,40.0,40.003173710139286,5546,46,9,8,17.823999747633934,164.89599645137787
4,20260825T082827Z,flybrain,0.04,0.040003173710139284,40.0,40.003173710139286,5546,46,9,9,16.35199971497059,162.56000101566315
4,20260825T082827Z,flybrain,0.04,0.040003173710139284,40.0,40.003173710139286,5546,46,9,10,16.224000602960587,166.78400337696075
4,20260825T082827Z,flybrain,0.04,0.040003173710139284,40.0,40.003173710139286,5546,46,9,11,18.592000007629395,160.64000129699707
4,20260825T082827Z,flybrain,0.04,0.040003173710139284,40.0,40.003173710139286,5546,46,9,12,18.464000895619392,164.12800550460815
4,20260825T082827Z,flybrain,0.04,0.040003173710139284,40.0,40.003173710139286,5546,46,9,13,18.52799952030182,161.79199516773224
4,20260825T082827Z,flybrain,0.04,0.040003173710139284,40.0,40.003173710139286,5546,46,9,14,18.81599985063076,164.73600268363953
4,20260825T082827Z,flybrain,0.04,0.040003173710139284,40.0,40.003173710139286,5546,46,9,15,16.736000776290894,162.75200247764587
4,20260825T082827Z,flybrain,0.04,0.040003173710139284,40.0,40.003173710139286,5546,46,9,16,16.831999644637108,160.51200032234192
4,20260825T082827Z,flybrain,0.04,0.040003173710139284,40.0,40.003173710139286,5546,46,9,17,19.071999937295914,161.43999993801117
4,20260825T082827Z,flybrain,0.04,0.040003173710139284,40.0,40.003173710139286,5546,46,9,18,18.49599927663803,165.6319946050644
4,20260825T082827Z,flybrain,0.04,0.040003173710139284,40.0,40.003173710139286,5546,46,9,19,18.49599927663803,163.58399391174316
4,20260825T082827Z,flybrain,0.04,0.040003173710139284,40.0,40.003173710139286,5546,46,9,20,18.52799952030182,163.00800442695618
4,20260825T082827Z,flybrain,0.04,0.040003173710139284,40.0,40.003173710139286,5546,46,9,21,18.624000251293182,164.95999693870544
4,20260825T082827Z,flybrain,0.04,0.040003173710139284,40.0,40.003173710139286,5546,46,9,22,18.624000251293182,163.00800442695618
4,20260825T082827Z,flybrain,0.04,0.040003173710139284,40.0,40.003173710139286,5546,46,9,23,18.36800016462803,162.9759967327118
4,20260825T082827Z,flybrain,0.04,0.040003173710139284,40.0,40.003173710139286,5546,46,9,24,18.559999763965607,163.00800442695618
4,20260825T082827Z,flybrain,0.04,0.040003173710139284,40.0,40.003173710139286,5546,46,9,25,18.52799952030182,163.61600160598755
4,20260825T082827Z,flybrain,0.04,0.040003173710139284,40.0,40.003173710139286,5546,46,9,26,18.400000408291817,162.88000345230103
4,20260825T082827Z,flybrain,0.04,0.040003173710139284,40.0,40.003173710139286,5546,46,9,27,18.400000408291817,163.5199934244156
4,20260825T082827Z,flybrain,0.04,0.040003173710139284,40.0,40.003173710139286,5546,46,9,28,18.464000895619392,163.00800442695618
4,20260825T082827Z,flybrain,0.04,0.040003173710139284,40.0,40.003173710139286,5546,46,9,29,18.464000895619392,161.40800714492798
4,20260825T082827Z,flybrain,0.04,0.040003173710139284,40.0,40.003173710139286,5546,46,9,30,18.49599927663803,161.6320013999939
4,20260825T082827Z,flybrain,0.04,0.040003173710139284,40.0,40.003173710139286,5546,46,9,31,18.432000651955605,160.863995552063
4,20260825T082827Z,flybrain,0.04,0.040003173710139284,40.0,40.003173710139286,5546,46,9,32,18.624000251293182,158.91200304031372
4,20260825T082827Z,flybrain,0.04,0.040003173710139284,40.0,40.003173710139286,5546,46,9,33,18.592000007629395,163.00800442695618
4,20260825T082827Z,flybrain,0.04,0.040003173710139284,40.0,40.003173710139286,5546,46,9,34,18.592000007629395,165.0560051202774
4,20260825T082827Z,flybrain,0.04,0.040003173710139284,40.0,40.003173710139286,5546,46,9,35,18.624000251293182,160.863995552063
4,20260825T082827Z,flybrain,0.04,0.040003173710139284,40.0,40.003173710139286,5546,46,9,36,18.624000251293182,167.9680049419403
4,20260825T082827Z,flybrain,0.04,0.040003173710139284,40.0,40.003173710139286,5546,46,9,37,18.432000651955605,161.43999993801117
4,20260825T082827Z,flybrain,0.04,0.040003173710139284,40.0,40.003173710139286,5546,46,9,38,18.36800016462803,163.03999722003937
4,20260825T082827Z,flybrain,0.04,0.040003173710139284,40.0,40.003173710139286,5546,46,9,39,18.559999763965607,158.91200304031372
4,20260825T082827Z,flybrain,0.04,0.040003173710139284,40.0,40.003173710139286,5546,46,9,40,18.624000251293182,165.0879979133606
4,20260825T082827Z,flybrain,0.04,0.040003173710139284,40.0,40.003173710139286,5546,46,9,41,18.624000251293182,162.84799575805664
4,20260825T082827Z,flybrain,0.04,0.040003173710139284,40.0,40.003173710139286,5546,46,9,42,18.624000251293182,163.00800442695618
4,20260825T082827Z,flybrain,0.04,0.040003173710139284,40.0,40.003173710139286,5546,46,9,43,18.464000895619392,163.00800442695618
4,20260825T082827Z,flybrain,0.04,0.040003173710139284,40.0,40.003173710139286,5546,46,9,44,18.65600049495697,162.9440039396286
4,20260825T082827Z,flybrain,0.04,0.040003173710139284,40.0,40.003173710139286,5546,46,9,45,18.624000251293182,167.64800250530243
4,20260825T082827Z,flybrain,0.04,0.040003173710139284,40.0,40.003173710139286,5546,46,9,46,18.49599927663803,164.89599645137787
4,20260825T082827Z,flybrain,0.04,0.040003173710139284,40.0,40.003173710139286,5546,46,9,47,18.464000895619392,160.89600324630737
4,20260825T082827Z,flybrain,0.04,0.040003173710139284,40.0,40.003173710139286,5546,46,9,48,18.559999763965607,162.84799575805664
4,20260825T082827Z,flybrain,0.04,0.040003173710139284,40.0,40.003173710139286,5546,46,9,49,18.624000251293182,163.55200111865997
4,20260825T082827Z,flybrain,0.04,0.040003173710139284,40.0,40.003173710139286,5546,46,9,50,18.49599927663803,160.96000373363495
4,20260825T082827Z,flybrain,0.04,0.040003173710139284,40.0,40.003173710139286,5546,46,9,51,18.49599927663803,165.6000018119812
4,20260825T082827Z,flybrain,0.04,0.040003173710139284,40.0,40.003173710139286,5546,46,9,52,18.49599927663803,165.56799411773682
4,20260825T082827Z,flybrain,0.04,0.040003173710139284,40.0,40.003173710139286,5546,46,9,53,18.49599927663803,165.02399742603302
4,20260825T082827Z,flybrain,0.04,0.040003173710139284,40.0,40.003173710139286,5546,46,9,54,18.464000895619392,162.9440039396286
4,20260825T082827Z,flybrain,0.04,0.040003173710139284,40.0,40.003173710139286,5546,46,9,55,18.49599927663803,169.15200650691986
4,20260825T082827Z,flybrain,0.04,0.040003173710139284,40.0,40.003173710139286,5546,46,9,56,18.624000251293182,161.5999937057495
4,20260825T082827Z,flybrain,0.04,0.040003173710139284,40.0,40.003173710139286,5546,46,9,57,18.400000408291817,161.50400042533875
4,20260825T082827Z,flybrain,0.04,0.040003173710139284,40.0,40.003173710139286,5546,46,9,58,18.49599927663803,160.96000373363495
4,20260825T082827Z,flybrain,0.04,0.040003173710139284,40.0,40.003173710139286,5546,46,9,59,18.592000007629395,157.85600244998932
4,20260825T082827Z,flybrain,0.04,0.040003173710139284,40.0,40.003173710139286,5546,46,9,60,18.624000251293182,160.89600324630737
4,20260825T082827Z,flybrain,0.04,0.040003173710139284,40.0,40.003173710139286,5546,46,9,61,18.559999763965607,160.8320027589798
4,20260825T082827Z,flybrain,0.04,0.040003173710139284,40.0,40.003173710139286,5546,46,9,62,18.624000251293182,165.0560051202774
4,20260825T082827Z,flybrain,0.04,0.040003173710139284,40.0,40.003173710139286,5546,46,9,63,18.559999763965607,161.6320013999939
4,20260825T082827Z,flybrain,0.04,0.040003173710139284,40.0,40.003173710139286,5546,46,9,64,18.432000651955605,165.6000018119812
4,20260825T082827Z,flybrain,0.04,0.040003173710139284,40.0,40.003173710139286,5546,46,9,65,18.49599927663803,161.50400042533875
4,20260825T082827Z,flybrain,0.04,0.040003173710139284,40.0,40.003173710139286,5546,46,9,66,18.49599927663803,158.87999534606934
4,20260825T082827Z,flybrain,0.04,0.040003173710139284,40.0,40.003173710139286,5546,46,9,67,18.559999763965607,165.82399606704712
4,20260825T082827Z,flybrain,0.04,0.040003173710139284,40.0,40.003173710139286,5546,46,9,68,18.33599992096424,163.64799439907074
4,20260825T082827Z,flybrain,0.04,0.040003173710139284,40.0,40.003173710139286,5546,46,9,69,18.432000651955605,159.4880074262619
4,20260825T082827Z,flybrain,0.04,0.040003173710139284,40.0,40.003173710139286,5546,46,9,70,18.464000895619392,161.53599321842194
4,20260825T082827Z,flybrain,0.04,0.040003173710139284,40.0,40.003173710139286,5546,46,9,71,18.464000895619392,163.00800442695618
4,20260825T082827Z,flybrain,0.04,0.040003173710139284,40.0,40.003173710139286,5546,46,9,72,18.65600049495697,163.00800442695618
4,20260825T082827Z,flybrain,0.04,0.040003173710139284,40.0,40.003173710139286,5546,46,9,73,18.624000251293182,168.99199783802032
4,20260825T082827Z,flybrain,0.04,0.040003173710139284,40.0,40.003173710139286,5546,46,9,74,18.592000007629395,165.6319946050644
4,20260825T082827Z,flybrain,0.04,0.040003173710139284,40.0,40.003173710139286,5546,46,9,75,17.311999574303627,158.91200304031372
4,20260825T082827Z,flybrain,0.04,0.040003173710139284,40.0,40.003173710139286,5546,46,9,76,18.624000251293182,158.91200304031372
4,20260825T082827Z,flybrain,0.04,0.040003173710139284,40.0,40.003173710139286,5546,46,9,77,18.49599927663803,162.81600296497345
4,20260825T082827Z,flybrain,0.04,0.040003173710139284,40.0,40.003173710139286,5546,46,9,78,18.624000251293182,163.00800442695618
4,20260825T082827Z,flybrain,0.04,0.040003173710139284,40.0,40.003173710139286,5546,46,9,79,18.559999763965607,163.61600160598755
4,20260825T082827Z,flybrain,0.04,0.040003173710139284,40.0,40.003173710139286,5546,46,9,80,18.464000895619392,165.02399742603302
4,20260825T082827Z,flybrain,0.04,0.040003173710139284,40.0,40.003173710139286,5546,46,9,81,18.432000651955605,163.4880006313324
4,20260825T082827Z,flybrain,0.04,0.040003173710139284,40.0,40.003173710139286,5546,46,9,82,18.52799952030182,159.5200002193451
4,20260825T082827Z,flybrain,0.04,0.040003173710139284,40.0,40.003173710139286,5546,46,9,83,18.52799952030182,163.00800442695618
4,20260825T082827Z,flybrain,0.04,0.040003173710139284,40.0,40.003173710139286,5546,46,9,84,18.624000251293182,165.6319946050644
4,20260825T082827Z,flybrain,0.04,0.040003173710139284,40.0,40.003173710139286,5546,46,9,85,18.49599927663803,157.3439985513687
4,20260825T082827Z,flybrain,0.04,0.040003173710139284,40.0,40.003173710139286,5546,46,9,86,18.33599992096424,167.61599481105804
4,20260825T082827Z,flybrain,0.04,0.040003173710139284,40.0,40.003173710139286,5546,46,9,87,18.52799952030182,160.96000373363495
4,20260825T082827Z,flybrain,0.04,0.040003173710139284,40.0,40.003173710139286,5546,46,9,88,18.65600049495697,159.32799875736237
4,20260825T082827Z,flybrain,0.04,0.040003173710139284,40.0,40.003173710139286,5546,46,9,89,18.52799952030182,160.7999950647354
4,20260825T082827Z,flybrain,0.04,0.040003173710139284,40.0,40.003173710139286,5546,46,9,90,18.592000007629395,163.00800442695618
4,20260825T082827Z,flybrain,0.04,0.040003173710139284,40.0,40.003173710139286,5546,46,9,91,18.49599927663803,165.02399742603302
4,20260825T082827Z,flybrain,0.04,0.040003173710139284,40.0,40.003173710139286,5546,46,9,92,18.592000007629395,161.53599321842194
4,20260825T082827Z,flybrain,0.04,0.040003173710139284,40.0,40.003173710139286,5546,46,9,93,18.49599927663803,167.00799763202667
4,20260825T082827Z,flybrain,0.04,0.040003173710139284,40.0,40.003173710139286,5546,46,9,94,18.624000251293182,160.92799603939056
4,20260825T082827Z,flybrain,0.04,0.040003173710139284,40.0,40.003173710139286,5546,46,9,95,18.559999763965607,167.10400581359863
4,20260825T082827Z,flybrain,0.04,0.040003173710139284,40.0,40.003173710139286,5546,46,9,96,18.464000895619392,160.99199652671814
4,20260825T082827Z,flybrain,0.04,0.040003173710139284,40.0,40.003173710139286,5546,46,9,97,18.52799952030182,163.55200111865997
4,20260825T082827Z,flybrain,0.04,0.040003173710139284,40.0,40.003173710139286,5546,46,9,98,18.36800016462803,158.87999534606934
4,20260825T082827Z,flybrain,0.04,0.040003173710139284,40.0,40.003173710139286,5546,46,9,99,18.52799952030182,159.61599349975586
4,20260825T082827Z,flybrain,0.04,0.040003173710139284,40.0,40.003173710139286,5546,46,9,100,18.36800016462803,159.55199301242828
4,20260825T082827Z,flybrain,0.04,0.040003173710139284,40.0,40.003173710139286,5546,46,9,101,18.49599927663803,162.84799575805664
4,20260825T082827Z,flybrain,0.04,0.040003173710139284,40.0,40.003173710139286,5546,46,9,102,18.432000651955605,163.00800442695618
4,20260825T082827Z,flybrain,0.04,0.040003173710139284,40.0,40.003173710139286,5546,46,9,103,18.592000007629395,160.92799603939056
4,20260825T082827Z,flybrain,0.04,0.040003173710139284,40.0,40.003173710139286,5546,46,9,104,18.624000251293182,165.6000018119812
4,20260825T082827Z,flybrain,0.04,0.040003173710139284,40.0,40.003173710139286,5546,46,9,105,18.49599927663803,161.82400286197662
4,20260825T082827Z,flybrain,0.04,0.040003173710139284,40.0,40.003173710139286,5546,46,9,106,18.464000895619392,162.91199624538422
4,20260825T082827Z,flybrain,0.04,0.040003173710139284,40.0,40.003173710139286,5546,46,9,107,17.311999574303627,165.0879979133606
4,20260825T082827Z,flybrain,0.04,0.040003173710139284,40.0,40.003173710139286,5546,46,9,108,18.559999763965607,160.96000373363495
4,20260825T082827Z,flybrain,0.04,0.040003173710139284,40.0,40.003173710139286,5546,46,9,109,18.624000251293182,158.91200304031372
4,20260825T082827Z,flybrain,0.04,0.040003173710139284,40.0,40.003173710139286,5546,46,9,110,18.624000251293182,163.4880006313324
4,20260825T082827Z,flybrain,0.04,0.040003173710139284,40.0,40.003173710139286,5546,46,9,111,18.464000895619392,159.39199924468994
4,20260825T082827Z,flybrain,0.04,0.040003173710139284,40.0,40.003173710139286,5546,46,9,112,18.49599927663803,159.4880074262619
4,20260825T082827Z,flybrain,0.04,0.040003173710139284,40.0,40.003173710139286,5546,46,9,113,18.52799952030182,162.81600296497345
4,20260825T082827Z,flybrain,0.04,0.040003173710139284,40.0,40.003173710139286,5546,46,9,114,18.624000251293182,165.72800278663635
4,20260825T082827Z,flybrain,0.04,0.040003173710139284,40.0,40.003173710139286,5546,46,9,115,18.400000408291817,158.75199437141418
4,20260825T082827Z,flybrain,0.04,0.040003173710139284,40.0,40.003173710139286,5546,46,9,116,18.49599927663803,165.95199704170227
4,20260825T082827Z,flybrain,0.04,0.040003173710139284,40.0,40.003173710139286,5546,46,9,117,16.64000004529953,161.31199896335602
4,20260825T082827Z,flybrain,0.04,0.040003173710139284,40.0,40.003173710139286,5546,46,9,118,18.559999763965607,165.0560051202774
4,20260825T082827Z,flybrain,0.04,0.040003173710139284,40.0,40.003173710139286,5546,46,9,119,18.559999763965607,163.61600160598755
4,20260825T082827Z,flybrain,0.04,0.040003173710139284,40.0,40.003173710139286,5546,46,9,120,18.49599927663803,165.6000018119812
4,20260825T082827Z,flybrain,0.04,0.040003173710139284,40.0,40.003173710139286,5546,46,9,121,18.400000408291817,160.89600324630737
4,20260825T082827Z,flybrain,0.04,0.040003173710139284,40.0,40.003173710139286,5546,46,9,122,18.624000251293182,165.53600132465363
4,20260825T082827Z,flybrain,0.04,0.040003173710139284,40.0,40.003173710139286,5546,46,9,123,18.52799952030182,163.58399391174316
4,20260825T082827Z,flybrain,0.04,0.040003173710139284,40.0,40.003173710139286,5546,46,9,124,18.52799952030182,161.50400042533875
4,20260825T082827Z,flybrain,0.04,0.040003173710139284,40.0,40.003173710139286,5546,46,9,125,18.559999763965607,159.42400693893433
4,20260825T082827Z,flybrain,0.04,0.040003173710139284,40.0,40.003173710139286,5546,46,9,126,18.464000895619392,167.55199432373047
4,20260825T082827Z,flybrain,0.04,0.040003173710139284,40.0,40.003173710139286,5546,46,9,127,18.079999834299088,167.58400201797485
4,20260825T082827Z,flybrain,0.05,0.050000360648879465,50.0,50.000360648879465,6932,47,0,0,198.43199849128723,181.88799917697906
4,20260825T082827Z,flybrain,0.05,0.050000360648879465,50.0,50.000360648879465,6932,47,0,1,18.400000408291817,162.81600296497345
4,20260825T082827Z,flybrain,0.05,0.050000360648879465,50.0,50.000360648879465,6932,47,0,2,19.039999693632126,162.78399527072906
4,20260825T082827Z,flybrain,0.05,0.050000360648879465,50.0,50.000360648879465,6932,47,0,3,18.464000895619392,160.44799983501434
4,20260825T082827Z,flybrain,0.05,0.050000360648879465,50.0,50.000360648879465,6932,47,0,4,17.88800023496151,162.7199947834015
4,20260825T082827Z,flybrain,0.05,0.050000360648879465,50.0,50.000360648879465,6932,47,0,5,18.432000651955605,158.52800011634827
4,20260825T082827Z,flybrain,0.05,0.050000360648879465,50.0,50.000360648879465,6932,47,0,6,19.7759997099638,164.8000031709671
4,20260825T082827Z,flybrain,0.05,0.050000360648879465,50.0,50.000360648879465,6932,47,0,7,18.36800016462803,160.89600324630737
4,20260825T082827Z,flybrain,0.05,0.050000360648879465,50.0,50.000360648879465,6932,47,0,8,19.071999937295914,164.8000031709671
4,20260825T082827Z,flybrain,0.05,0.050000360648879465,50.0,50.000360648879465,6932,47,0,9,19.039999693632126,164.70399498939514
4,20260825T082827Z,flybrain,0.05,0.050000360648879465,50.0,50.000360648879465,6932,47,0,10,19.007999449968338,169.08800601959229
4,20260825T082827Z,flybrain,0.05,0.050000360648879465,50.0,50.000360648879465,6932,47,0,11,19.007999449968338,162.78399527072906
4,20260825T082827Z,flybrain,0.05,0.050000360648879465,50.0,50.000360648879465,6932,47,0,12,16.863999888300896,162.81600296497345
4,20260825T082827Z,flybrain,0.05,0.050000360648879465,50.0,50.000360648879465,6932,47,0,13,16.92800037562847,163.10399770736694
4,20260825T082827Z,flybrain,0.05,0.050000360648879465,50.0,50.000360648879465,6932,47,0,14,16.896000131964684,164.95999693870544
4,20260825T082827Z,flybrain,0.05,0.050000360648879465,50.0,50.000360648879465,6932,47,0,15,19.007999449968338,162.78399527072906
4,20260825T082827Z,flybrain,0.05,0.050000360648879465,50.0,50.000360648879465,6932,47,0,16,17.023999243974686,160.7999950647354
4,20260825T082827Z,flybrain,0.05,0.050000360648879465,50.0,50.000360648879465,6932,47,0,17,16.96000061929226,162.75200247764587
4,20260825T082827Z,flybrain,0.05,0.050000360648879465,50.0,50.000360648879465,6932,47,0,18,16.992000862956047,165.02399742603302
4,20260825T082827Z,flybrain,0.05,0.050000360648879465,50.0,50.000360648879465,6932,47,0,19,16.992000862956047,164.92800414562225
4,20260825T082827Z,flybrain,0.05,0.050000360648879465,50.0,50.000360648879465,6932,47,0,20,17.11999997496605,164.73600268363953
4,20260825T082827Z,flybrain,0.05,0.050000360648879465,50.0,50.000360648879465,6932,47,0,21,17.023999243974686,164.92800414562225
4,20260825T082827Z,flybrain,0.05,0.050000360648879465,50.0,50.000360648879465,6932,47,0,22,17.055999487638474,162.59199380874634
4,20260825T082827Z,flybrain,0.05,0.050000360648879465,50.0,50.000360648879465,6932,47,0,23,18.079999834299088,162.88000345230103
4,20260825T082827Z,flybrain,0.05,0.050000360648879465,50.0,50.000360648879465,6932,47,0,24,17.023999243974686,162.78399527072906
4,20260825T082827Z,flybrain,0.05,0.050000360648879465,50.0,50.000360648879465,6932,47,0,25,16.992000862956047,163.00800442695618
4,20260825T082827Z,flybrain,0.05,0.050000360648879465,50.0,50.000360648879465,6932,47,0,26,16.96000061929226,162.59199380874634
4,20260825T082827Z,flybrain,0.05,0.050000360648879465,50.0,50.000360648879465,6932,47,0,27,16.92800037562847,162.88000345230103
4,20260825T082827Z,flybrain,0.05,0.050000360648879465,50.0,50.000360648879465,6932,47,0,28,16.96000061929226,162.88000345230103
4,20260825T082827Z,flybrain,0.05,0.050000360648879465,50.0,50.000360648879465,6932,47,0,29,16.992000862956047,162.88000345230103
4,20260825T082827Z,flybrain,0.05,0.050000360648879465,50.0,50.000360648879465,6932,47,0,30,17.023999243974686,160.5760008096695
4,20260825T082827Z,flybrain,0.05,0.050000360648879465,50.0,50.000360648879465,6932,47,0,31,17.08799973130226,162.75200247764587
4,20260825T082827Z,flybrain,0.05,0.050000360648879465,50.0,50.000360648879465,6932,47,0,32,16.92800037562847,158.49600732326508
4,20260825T082827Z,flybrain,0.05,0.050000360648879465,50.0,50.000360648879465,6932,47,0,33,17.055999487638474,163.00800442695618
4,20260825T082827Z,flybrain,0.05,0.050000360648879465,50.0,50.000360648879465,6932,47,0,34,16.92800037562847,164.70399498939514
4,20260825T082827Z,flybrain,0.05,0.050000360648879465,50.0,50.000360648879465,6932,47,0,35,17.055999487638474,160.863995552063
4,20260825T082827Z,flybrain,0.05,0.050000360648879465,50.0,50.000360648879465,6932,47,0,36,19.007999449968338,167.10400581359863
4,20260825T082827Z,flybrain,0.05,0.050000360648879465,50.0,50.000360648879465,6932,47,0,37,19.26399953663349,160.5760008096695
4,20260825T082827Z,flybrain,0.05,0.050000360648879465,50.0,50.000360648879465,6932,47,0,38,19.007999449968338,162.78399527072906
4,20260825T082827Z,flybrain,0.05,0.050000360648879465,50.0,50.000360648879465,6932,47,0,39,19.1040001809597,158.87999534606934
4,20260825T082827Z,flybrain,0.05,0.050000360648879465,50.0,50.000360648879465,6932,47,0,40,19.071999937295914,166.87999665737152
4,20260825T082827Z,flybrain,0.05,0.050000360648879465,50.0,50.000360648879465,6932,47,0,41,19.1040001809597,163.07200491428375
4,20260825T082827Z,flybrain,0.05,0.050000360648879465,50.0,50.000360648879465,6932,47,0,42,18.94400082528591,162.78399527072906
4,20260825T082827Z,flybrain,0.05,0.050000360648879465,50.0,50.000360648879465,6932,47,0,43,19.071999937295914,164.86400365829468
4,20260825T082827Z,flybrain,0.05,0.050000360648879465,50.0,50.000360648879465,6932,47,0,44,18.912000581622124,163.00800442695618
4,20260825T082827Z,flybrain,0.05,0.050000360648879465,50.0,50.000360648879465,6932,47,0,45,18.880000337958336,167.00799763202667
4,20260825T082827Z,flybrain,0.05,0.050000360648879465,50.0,50.000360648879465,6932,47,0,46,16.92800037562847,164.73600268363953
4,20260825T082827Z,flybrain,0.05,0.050000360648879465,50.0,50.000360648879465,6932,47,0,47,17.023999243974686,162.9440039396286
4,20260825T082827Z,flybrain,0.05,0.050000360648879465,50.0,50.000360648879465,6932,47,0,48,16.96000061929226,162.84799575805664
4,20260825T082827Z,flybrain,0.05,0.050000360648879465,50.0,50.000360648879465,6932,47,0,49,17.216000705957413,162.75200247764587
4,20260825T082827Z,flybrain,0.05,0.050000360648879465,50.0,50.000360648879465,6932,47,0,50,16.92800037562847,161.02400422096252
4,20260825T082827Z,flybrain,0.05,0.050000360648879465,50.0,50.000360648879465,6932,47,0,51,16.96000061929226,164.73600268363953
4,20260825T082827Z,flybrain,0.05,0.050000360648879465,50.0,50.000360648879465,6932,47,0,52,16.992000862956047,164.99200463294983
4,20260825T082827Z,flybrain,0.05,0.050000360648879465,50.0,50.000360648879465,6932,47,0,53,19.1040001809597,164.8000031709671
4,20260825T082827Z,flybrain,0.05,0.050000360648879465,50.0,50.000360648879465,6932,47,0,54,19.071999937295914,162.84799575805664
4,20260825T082827Z,flybrain,0.05,0.050000360648879465,50.0,50.000360648879465,6932,47,0,55,19.039999693632126,166.87999665737152
4,20260825T082827Z,flybrain,0.05,0.050000360648879465,50.0,50.000360648879465,6932,47,0,56,19.039999693632126,160.863995552063
4,20260825T082827Z,flybrain,0.05,0.050000360648879465,50.0,50.000360648879465,6932,47,0,57,19.328000023961067,161.50400042533875
4,20260825T082827Z,flybrain,0.05,0.050000360648879465,50.0,50.000360648879465,6932,47,0,58,16.96000061929226,160.92799603939056
4,20260825T082827Z,flybrain,0.05,0.050000360648879465,50.0,50.000360648879465,6932,47,0,59,16.992000862956047,158.78400206565857
4,20260825T082827Z,flybrain,0.05,0.050000360648879465,50.0,50.000360648879465,6932,47,0,60,16.831999644637108,160.96000373363495
4,20260825T082827Z,flybrain,0.05,0.050000360648879465,50.0,50.000360648879465,6932,47,0,61,17.023999243974686,162.9440039396286
4,20260825T082827Z,flybrain,0.05,0.050000360648879465,50.0,50.000360648879465,6932,47,0,62,17.055999487638474,165.02399742603302
4,20260825T082827Z,flybrain,0.05,0.050000360648879465,50.0,50.000360648879465,6932,47,0,63,16.92800037562847,162.62400150299072
4,20260825T082827Z,flybrain,0.05,0.050000360648879465,50.0,50.000360648879465,6932,47,0,64,17.152000218629837,164.73600268363953
4,20260825T082827Z,flybrain,0.05,0.050000360648879465,50.0,50.000360648879465,6932,47,0,65,17.055999487638474,160.8320027589798
4,20260825T082827Z,flybrain,0.05,0.050000360648879465,50.0,50.000360648879465,6932,47,0,66,17.055999487638474,158.87999534606934
4,20260825T082827Z,flybrain,0.05,0.050000360648879465,50.0,50.000360648879465,6932,47,0,67,18.94400082528591,165.0560051202774
4,20260825T082827Z,flybrain,0.05,0.050000360648879465,50.0,50.000360648879465,6932,47,0,68,18.912000581622124,162.75200247764587
4,20260825T082827Z,flybrain,0.05,0.050000360648879465,50.0,50.000360648879465,6932,47,0,69,19.1040001809597,159.7760021686554
4,20260825T082827Z,flybrain,0.05,0.050000360648879465,50.0,50.000360648879465,6932,47,0,70,16.96000061929226,161.05599701404572
4,20260825T082827Z,flybrain,0.05,0.050000360648879465,50.0,50.000360648879465,6932,47,0,71,17.023999243974686,162.78399527072906
4,20260825T082827Z,flybrain,0.05,0.050000360648879465,50.0,50.000360648879465,6932,47,0,72,16.96000061929226,162.91199624538422
4,20260825T082827Z,flybrain,0.05,0.050000360648879465,50.0,50.000360648879465,6932,47,0,73,16.992000862956047,169.08800601959229
4,20260825T082827Z,flybrain,0.05,0.050000360648879465,50.0,50.000360648879465,6932,47,0,74,17.055999487638474,164.63999450206757
4,20260825T082827Z,flybrain,0.05,0.050000360648879465,50.0,50.000360648879465,6932,47,0,75,16.992000862956047,160.863995552063
4,20260825T082827Z,flybrain,0.05,0.050000360648879465,50.0,50.000360648879465,6932,47,0,76,16.96000061929226,160.863995552063
4,20260825T082827Z,flybrain,0.05,0.050000360648879465,50.0,50.000360648879465,6932,47,0,77,16.96000061929226,162.84799575805664
4,20260825T082827Z,flybrain,0.05,0.050000360648879465,50.0,50.000360648879465,6932,47,0,78,17.055999487638474,162.6559942960739
4,20260825T082827Z,flybrain,0.05,0.050000360648879465,50.0,50.000360648879465,6932,47,0,79,16.92800037562847,162.78399527072906
4,20260825T082827Z,flybrain,0.05,0.050000360648879465,50.0,50.000360648879465,6932,47,0,80,17.023999243974686,166.81599617004395
4,20260825T082827Z,flybrain,0.05,0.050000360648879465,50.0,50.000360648879465,6932,47,0,81,16.992000862956047,164.8319959640503
4,20260825T082827Z,flybrain,0.05,0.050000360648879465,50.0,50.000360648879465,6932,47,0,82,17.055999487638474,158.59200060367584
4,20260825T082827Z,flybrain,0.05,0.050000360648879465,50.0,50.000360648879465,6932,47,0,83,17.11999997496605,162.91199624538422
4,20260825T082827Z,flybrain,0.05,0.050000360648879465,50.0,50.000360648879465,6932,47,0,84,16.992000862956047,164.8000031709671
4,20260825T082827Z,flybrain,0.05,0.050000360648879465,50.0,50.000360648879465,6932,47,0,85,16.992000862956047,158.87999534606934
4,20260825T082827Z,flybrain,0.05,0.050000360648879465,50.0,50.000360648879465,6932,47,0,86,16.863999888300896,166.97600483894348
4,20260825T082827Z,flybrain,0.05,0.050000360648879465,50.0,50.000360648879465,6932,47,0,87,17.055999487638474,160.89600324630737
4,20260825T082827Z,flybrain,0.05,0.050000360648879465,50.0,50.000360648879465,6932,47,0,88,16.896000131964684,160.96000373363495
4,20260825T082827Z,flybrain,0.05,0.050000360648879465,50.0,50.000360648879465,6932,47,0,89,17.11999997496605,160.73599457740784
4,20260825T082827Z,flybrain,0.05,0.050000360648879465,50.0,50.000360648879465,6932,47,0,90,16.896000131964684,164.89599645137787
4,20260825T082827Z,flybrain,0.05,0.050000360648879465,50.0,50.000360648879465,6932,47,0,91,17.152000218629837,164.8319959640503
4,20260825T082827Z,flybrain,0.05,0.050000360648879465,50.0,50.000360648879465,6932,47,0,92,16.992000862956047,162.08000481128693
4,20260825T082827Z,flybrain,0.05,0.050000360648879465,50.0,50.000360648879465,6932,47,0,93,16.92800037562847,167.04000532627106
4,20260825T082827Z,flybrain,0.05,0.050000360648879465,50.0,50.000360648879465,6932,47,0,94,17.216000705957413,162.7199947834015
4,20260825T082827Z,flybrain,0.05,0.050000360648879465,50.0,50.000360648879465,6932,47,0,95,17.023999243974686,168.89600455760956
4,20260825T082827Z,flybrain,0.05,0.050000360648879465,50.0,50.000360648879465,6932,47,0,96,16.896000131964684,163.00800442695618
4,20260825T082827Z,flybrain,0.05,0.050000360648879465,50.0,50.000360648879465,6932,47,0,97,17.055999487638474,164.8000031709671
4,20260825T082827Z,flybrain,0.05,0.050000360648879465,50.0,50.000360648879465,6932,47,0,98,16.896000131964684,158.6879938840866
4,20260825T082827Z,flybrain,0.05,0.050000360648879465,50.0,50.000360648879465,6932,47,0,99,16.992000862956047,161.02400422096252
4,20260825T082827Z,flybrain,0.05,0.050000360648879465,50.0,50.000360648879465,6932,47,0,100,18.94400082528591,160.64000129699707
4,20260825T082827Z,flybrain,0.05,0.050000360648879465,50.0,50.000360648879465,6932,47,0,101,19.071999937295914,162.75200247764587
4,20260825T082827Z,flybrain,0.05,0.050000360648879465,50.0,50.000360648879465,6932,47,0,102,19.168000668287277,162.9440039396286
4,20260825T082827Z,flybrain,0.05,0.050000360648879465,50.0,50.000360648879465,6932,47,0,103,19.13600042462349,160.70400178432465
4,20260825T082827Z,flybrain,0.05,0.050000360648879465,50.0,50.000360648879465,6932,47,0,104,19.1040001809597,164.95999693870544
4,20260825T082827Z,flybrain,0.05,0.050000360648879465,50.0,50.000360648879465,6932,47,0,105,19.1040001809597,162.91199624538422
4,20260825T082827Z,flybrain,0.05,0.050000360648879465,50.0,50.000360648879465,6932,47,0,106,18.912000581622124,162.62400150299072
4,20260825T082827Z,flybrain,0.05,0.050000360648879465,50.0,50.000360648879465,6932,47,0,107,18.97599920630455,166.78400337696075
4,20260825T082827Z,flybrain,0.05,0.050000360648879465,50.0,50.000360648879465,6932,47,0,108,16.96000061929226,160.67199409008026
4,20260825T082827Z,flybrain,0.05,0.050000360648879465,50.0,50.000360648879465,6932,47,0,109,16.96000061929226,158.84800255298615
4,20260825T082827Z,flybrain,0.05,0.050000360648879465,50.0,50.000360648879465,6932,47,0,110,17.055999487638474,163.00800442695618
4,20260825T082827Z,flybrain,0.05,0.050000360648879465,50.0,50.000360648879465,6932,47,0,111,17.023999243974686,158.62399339675903
4,20260825T082827Z,flybrain,0.05,0.050000360648879465,50.0,50.000360648879465,6932,47,0,112,17.11999997496605,158.59200060367584
4,20260825T082827Z,flybrain,0.05,0.050000360648879465,50.0,50.000360648879465,6932,47,0,113,16.992000862956047,162.91199624538422
4,20260825T082827Z,flybrain,0.05,0.050000360648879465,50.0,50.000360648879465,6932,47,0,114,16.96000061929226,166.81599617004395
4,20260825T082827Z,flybrain,0.05,0.050000360648879465,50.0,50.000360648879465,6932,47,0,115,16.96000061929226,159.64800119400024
4,20260825T082827Z,flybrain,0.05,0.050000360648879465,50.0,50.000360648879465,6932,47,0,116,17.023999243974686,166.6879951953888
4,20260825T082827Z,flybrain,0.05,0.050000360648879465,50.0,50.000360648879465,6932,47,0,117,16.992000862956047,160.92799603939056
4,20260825T082827Z,flybrain,0.05,0.050000360648879465,50.0,50.000360648879465,6932,47,0,118,17.055999487638474,162.4639928340912
4,20260825T082827Z,flybrain,0.05,0.050000360648879465,50.0,50.000360648879465,6932,47,0,119,17.023999243974686,162.91199624538422
4,20260825T082827Z,flybrain,0.05,0.050000360648879465,50.0,50.000360648879465,6932,47,0,120,16.96000061929226,164.76799547672272
4,20260825T082827Z,flybrain,0.05,0.050000360648879465,50.0,50.000360648879465,6932,47,0,121,16.992000862956047,160.67199409008026
4,20260825T082827Z,flybrain,0.05,0.050000360648879465,50.0,50.000360648879465,6932,47,0,122,16.92800037562847,165.0560051202774
4,20260825T082827Z,flybrain,0.05,0.050000360648879465,50.0,50.000360648879465,6932,47,0,123,17.08799973130226,162.75200247764587
4,20260825T082827Z,flybrain,0.05,0.050000360648879465,50.0,50.000360648879465,6932,47,0,124,16.92800037562847,160.99199652671814
4,20260825T082827Z,flybrain,0.05,0.050000360648879465,50.0,50.000360648879465,6932,47,0,125,17.055999487638474,158.75199437141418
4,20260825T082827Z,flybrain,0.05,0.050000360648879465,50.0,50.000360648879465,6932,47,0,126,16.448000445961952,167.58400201797485
4,20260825T082827Z,flybrain,0.05,0.050000360648879465,50.0,50.000360648879465,6932,47,0,127,18.0479995906353,167.58400201797485
4,20260825T082827Z,flybrain,0.05,0.050000360648879465,50.0,50.000360648879465,6932,47,1,0,287.32800483703613,200.51200687885284
4,20260825T082827Z,flybrain,0.05,0.050000360648879465,50.0,50.000360648879465,6932,47,1,1,16.416000202298164,162.9440039396286
4,20260825T082827Z,flybrain,0.05,0.050000360648879465,50.0,50.000360648879465,6932,47,1,2,16.448000445961952,164.63999450206757
4,20260825T082827Z,flybrain,0.05,0.050000360648879465,50.0,50.000360648879465,6932,47,1,3,17.632000148296356,162.6559942960739
4,20260825T082827Z,flybrain,0.05,0.050000360648879465,50.0,50.000360648879465,6932,47,1,4,17.632000148296356,162.62400150299072
4,20260825T082827Z,flybrain,0.05,0.050000360648879465,50.0,50.000360648879465,6932,47,1,5,19.231999292969704,158.49600732326508
4,20260825T082827Z,flybrain,0.05,0.050000360648879465,50.0,50.000360648879465,6932,47,1,6,18.719999119639397,164.8319959640503
4,20260825T082827Z,flybrain,0.05,0.050000360648879465,50.0,50.000360648879465,6932,47,1,7,16.863999888300896,160.60799360275269
4,20260825T082827Z,flybrain,0.05,0.050000360648879465,50.0,50.000360648879465,6932,47,1,8,17.08799973130226,164.95999693870544
4,20260825T082827Z,flybrain,0.05,0.050000360648879465,50.0,50.000360648879465,6932,47,1,9,18.624000251293182,162.6880019903183
4,20260825T082827Z,flybrain,0.05,0.050000360648879465,50.0,50.000360648879465,6932,47,1,10,18.65600049495697,166.9439971446991
4,20260825T082827Z,flybrain,0.05,0.050000360648879465,50.0,50.000360648879465,6932,47,1,11,18.400000408291817,161.6639941930771
4,20260825T082827Z,flybrain,0.05,0.050000360648879465,50.0,50.000360648879465,6932,47,1,12,18.400000408291817,162.84799575805664
4,20260825T082827Z,flybrain,0.05,0.050000360648879465,50.0,50.000360648879465,6932,47,1,13,18.49599927663803,163.4880006313324
4,20260825T082827Z,flybrain,0.05,0.050000360648879465,50.0,50.000360648879465,6932,47,1,14,18.49599927663803,163.5199934244156
4,20260825T082827Z,flybrain,0.05,0.050000360648879465,50.0,50.000360648879465,6932,47,1,15,18.49599927663803,162.84799575805664
4,20260825T082827Z,flybrain,0.05,0.050000360648879465,50.0,50.000360648879465,6932,47,1,16,18.49599927663803,160.92799603939056
4,20260825T082827Z,flybrain,0.05,0.050000360648879465,50.0,50.000360648879465,6932,47,1,17,18.464000895619392,160.8320027589798
4,20260825T082827Z,flybrain,0.05,0.050000360648879465,50.0,50.000360648879465,6932,47,1,18,18.432000651955605,165.50399363040924
4,20260825T082827Z,flybrain,0.05,0.050000360648879465,50.0,50.000360648879465,6932,47,1,19,18.36800016462803,165.56799411773682
4,20260825T082827Z,flybrain,0.05,0.050000360648879465,50.0,50.000360648879465,6932,47,1,20,18.49599927663803,164.89599645137787
4,20260825T082827Z,flybrain,0.05,0.050000360648879465,50.0,50.000360648879465,6932,47,1,21,18.592000007629395,164.95999693870544
4,20260825T082827Z,flybrain,0.05,0.050000360648879465,50.0,50.000360648879465,6932,47,1,22,18.592000007629395,160.7999950647354
4,20260825T082827Z,flybrain,0.05,0.050000360648879465,50.0,50.000360648879465,6932,47,1,23,17.44000054895878,163.58399391174316
4,20260825T082827Z,flybrain,0.05,0.050000360648879465,50.0,50.000360648879465,6932,47,1,24,18.464000895619392,163.03999722003937
4,20260825T082827Z,flybrain,0.05,0.050000360648879465,50.0,50.000360648879465,6932,47,1,25,18.432000651955605,163.4880006313324
4,20260825T082827Z,flybrain,0.05,0.050000360648879465,50.0,50.000360648879465,6932,47,1,26,18.49599927663803,162.9759967327118
4,20260825T082827Z,flybrain,0.05,0.050000360648879465,50.0,50.000360648879465,6932,47,1,27,18.559999763965607,163.61600160598755
4,20260825T082827Z,flybrain,0.05,0.050000360648879465,50.0,50.000360648879465,6932,47,1,28,18.464000895619392,162.81600296497345
4,20260825T082827Z,flybrain,0.05,0.050000360648879465,50.0,50.000360648879465,6932,47,1,29,19.007999449968338,161.05599701404572
4,20260825T082827Z,flybrain,0.05,0.050000360648879465,50.0,50.000360648879465,6932,47,1,30,18.49599927663803,161.50400042533875
4,20260825T082827Z,flybrain,0.05,0.050000360648879465,50.0,50.000360648879465,6932,47,1,31,18.49599927663803,163.68000209331512
4,20260825T082827Z,flybrain,0.05,0.050000360648879465,50.0,50.000360648879465,6932,47,1,32,18.432000651955605,159.42400693893433
4,20260825T082827Z,flybrain,0.05,0.050000360648879465,50.0,50.000360648879465,6932,47,1,33,19.071999937295914,160.76800227165222
4,20260825T082827Z,flybrain,0.05,0.050000360648879465,50.0,50.000360648879465,6932,47,1,34,18.559999763965607,164.89599645137787
4,20260825T082827Z,flybrain,0.05,0.050000360648879465,50.0,50.000360648879465,6932,47,1,35,18.52799952030182,160.92799603939056
4,20260825T082827Z,flybrain,0.05,0.050000360648879465,50.0,50.000360648879465,6932,47,1,36,18.592000007629395,167.04000532627106
4,20260825T082827Z,flybrain,0.05,0.050000360648879465,50.0,50.000360648879465,6932,47,1,37,18.464000895619392,161.31199896335602
4,20260825T082827Z,flybrain,0.05,0.050000360648879465,50.0,50.000360648879465,6932,47,1,38,18.49599927663803,162.84799575805664
4,20260825T082827Z,flybrain,0.05,0.050000360648879465,50.0,50.000360648879465,6932,47,1,39,18.49599927663803,158.84800255298615
4,20260825T082827Z,flybrain,0.05,0.050000360648879465,50.0,50.000360648879465,6932,47,1,40,18.559999763965607,167.61599481105804
4,20260825T082827Z,flybrain,0.05,0.050000360648879465,50.0,50.000360648879465,6932,47,1,41,18.432000651955605,162.84799575805664
4,20260825T082827Z,flybrain,0.05,0.050000360648879465,50.0,50.000360648879465,6932,47,1,42,18.464000895619392,162.9440039396286
4,20260825T082827Z,flybrain,0.05,0.050000360648879465,50.0,50.000360648879465,6932,47,1,43,18.33599992096424,162.9440039396286
4,20260825T082827Z,flybrain,0.05,0.050000360648879465,50.0,50.000360648879465,6932,47,1,44,18.559999763965607,163.00800442695618
4,20260825T082827Z,flybrain,0.05,0.050000360648879465,50.0,50.000360648879465,6932,47,1,45,18.432000651955605,167.55199432373047
4,20260825T082827Z,flybrain,0.05,0.050000360648879465,50.0,50.000360648879465,6932,47,1,46,18.52799952030182,165.82399606704712
4,20260825T082827Z,flybrain,0.05,0.050000360648879465,50.0,50.000360648879465,6932,47,1,47,18.271999433636665,163.00800442695618
4,20260825T082827Z,flybrain,0.05,0.050000360648879465,50.0,50.000360648879465,6932,47,1,48,18.559999763965607,160.96000373363495
4,20260825T082827Z,flybrain,0.05,0.050000360648879465,50.0,50.000360648879465,6932,47,1,49,18.624000251293182,163.58399391174316
4,20260825T082827Z,flybrain,0.05,0.050000360648879465,50.0,50.000360648879465,6932,47,1,50,18.36800016462803,160.7999950647354
4,20260825T082827Z,flybrain,0.05,0.050000360648879465,50.0,50.000360648879465,6932,47,1,51,18.52799952030182,165.0560051202774
4,20260825T082827Z,flybrain,0.05,0.050000360648879465,50.0,50.000360648879465,6932,47,1,52,18.592000007629395,163.00800442695618
4,20260825T082827Z,flybrain,0.05,0.050000360648879465,50.0,50.000360648879465,6932,47,1,53,18.65600049495697,164.95999693870544
4,20260825T082827Z,flybrain,0.05,0.050000360648879465,50.0,50.000360648879465,6932,47,1,54,18.592000007629395,161.43999993801117
4,20260825T082827Z,flybrain,0.05,0.050000360648879465,50.0,50.000360648879465,6932,47,1,55,18.432000651955605,167.61599481105804
4,20260825T082827Z,flybrain,0.05,0.050000360648879465,50.0,50.000360648879465,6932,47,1,56,18.49599927663803,161.53599321842194
4,20260825T082827Z,flybrain,0.05,0.050000360648879465,50.0,50.000360648879465,6932,47,1,57,18.52799952030182,160.38399934768677
4,20260825T082827Z,flybrain,0.05,0.050000360648879465,50.0,50.000360648879465,6932,47,1,58,18.52799952030182,160.8320027589798
4,20260825T082827Z,flybrain,0.05,0.050000360648879465,50.0,50.000360648879465,6932,47,1,59,18.400000408291817,158.87999534606934
4,20260825T082827Z,flybrain,0.05,0.050000360648879465,50.0,50.000360648879465,6932,47,1,60,18.49599927663803,160.96000373363495
4,20260825T082827Z,flybrain,0.05,0.050000360648879465,50.0,50.000360648879465,6932,47,1,61,18.624000251293182,162.75200247764587
4,20260825T082827Z,flybrain,0.05,0.050000360648879465,50.0,50.000360648879465,6932,47,1,62,18.559999763965607,164.92800414562225
4,20260825T082827Z,flybrain,0.05,0.050000360648879465,50.0,50.000360648879465,6932,47,1,63,18.49599927663803,163.455992937088
4,20260825T082827Z,flybrain,0.05,0.050000360648879465,50.0,50.000360648879465,6932,47,1,64,18.49599927663803,165.6319946050644
4,20260825T082827Z,flybrain,0.05,0.050000360648879465,50.0,50.000360648879465,6932,47,1,65,18.49599927663803,161.47199273109436
4,20260825T082827Z,flybrain,0.05,0.050000360648879465,50.0,50.000360648879465,6932,47,1,66,18.464000895619392,158.81599485874176
4,20260825T082827Z,flybrain,0.05,0.050000360648879465,50.0,50.000360648879465,6932,47,1,67,18.559999763965607,165.6319946050644
4,20260825T082827Z,flybrain,0.05,0.050000360648879465,50.0,50.000360648879465,6932,47,1,68,18.49599927663803,163.55200111865997
4,20260825T082827Z,flybrain,0.05,0.050000360648879465,50.0,50.000360648879465,6932,47,1,69,18.464000895619392,161.50400042533875
4,20260825T082827Z,flybrain,0.05,0.050000360648879465,50.0,50.000360648879465,6932,47,1,70,18.49599927663803,161.56800091266632
4,20260825T082827Z,flybrain,0.05,0.050000360648879465,50.0,50.000360648879465,6932,47,1,71,18.432000651955605,162.91199624538422
4,20260825T082827Z,flybrain,0.05,0.050000360648879465,50.0,50.000360648879465,6932,47,1,72,18.464000895619392,163.00800442695618
4,20260825T082827Z,flybrain,0.05,0.050000360648879465,50.0,50.000360648879465,6932,47,1,73,18.624000251293182,169.27999258041382
4,20260825T082827Z,flybrain,0.05,0.050000360648879465,50.0,50.000360648879465,6932,47,1,74,18.52799952030182,165.56799411773682
4,20260825T082827Z,flybrain,0.05,0.050000360648879465,50.0,50.000360648879465,6932,47,1,75,18.400000408291817,158.9439958333969
4,20260825T082827Z,flybrain,0.05,0.050000360648879465,50.0,50.000360648879465,6932,47,1,76,18.624000251293182,159.4880074262619
4,20260825T082827Z,flybrain,0.05,0.050000360648879465,50.0,50.000360648879465,6932,47,1,77,18.49599927663803,162.91199624538422
4,20260825T082827Z,flybrain,0.05,0.050000360648879465,50.0,50.000360648879465,6932,47,1,78,18.464000895619392,162.88000345230103
4,20260825T082827Z,flybrain,0.05,0.050000360648879465,50.0,50.000360648879465,6932,47,1,79,18.559999763965607,160.96000373363495
4,20260825T082827Z,flybrain,0.05,0.050000360648879465,50.0,50.000360648879465,6932,47,1,80,18.624000251293182,165.82399606704712
4,20260825T082827Z,flybrain,0.05,0.050000360648879465,50.0,50.000360648879465,6932,47,1,81,18.592000007629395,163.5199934244156
4,20260825T082827Z,flybrain,0.05,0.050000360648879465,50.0,50.000360648879465,6932,47,1,82,18.49599927663803,159.45599973201752
4,20260825T082827Z,flybrain,0.05,0.050000360648879465,50.0,50.000360648879465,6932,47,1,83,18.400000408291817,160.99199652671814
4,20260825T082827Z,flybrain,0.05,0.050000360648879465,50.0,50.000360648879465,6932,47,1,84,18.49599927663803,165.47200083732605
4,20260825T082827Z,flybrain,0.05,0.050000360648879465,50.0,50.000360648879465,6932,47,1,85,18.464000895619392,157.56799280643463
4,20260825T082827Z,flybrain,0.05,0.050000360648879465,50.0,50.000360648879465,6932,47,1,86,18.303999677300453,166.97600483894348
4,20260825T082827Z,flybrain,0.05,0.050000360648879465,50.0,50.000360648879465,6932,47,1,87,18.559999763965607,160.96000373363495
4,20260825T082827Z,flybrain,0.05,0.050000360648879465,50.0,50.000360648879465,6932,47,1,88,18.52799952030182,159.4880074262619
4,20260825T082827Z,flybrain,0.05,0.050000360648879465,50.0,50.000360648879465,6932,47,1,89,18.432000651955605,160.7999950647354
4,20260825T082827Z,flybrain,0.05,0.050000360648879465,50.0,50.000360648879465,6932,47,1,90,18.624000251293182,162.88000345230103
4,20260825T082827Z,flybrain,0.05,0.050000360648879465,50.0,50.000360648879465,6932,47,1,91,18.464000895619392,163.00800442695618
4,20260825T082827Z,flybrain,0.05,0.050000360648879465,50.0,50.000360648879465,6932,47,1,92,18.592000007629395,161.53599321842194
4,20260825T082827Z,flybrain,0.05,0.050000360648879465,50.0,50.000360648879465,6932,47,1,93,18.49599927663803,166.9439971446991
4,20260825T082827Z,flybrain,0.05,0.050000360648879465,50.0,50.000360648879465,6932,47,1,94,18.592000007629395,162.91199624538422
4,20260825T082827Z,flybrain,0.05,0.050000360648879465,50.0,50.000360648879465,6932,47,1,95,18.559999763965607,167.04000532627106
4,20260825T082827Z,flybrain,0.05,0.050000360648879465,50.0,50.000360648879465,6932,47,1,96,18.624000251293182,160.99199652671814
4,20260825T082827Z,flybrain,0.05,0.050000360648879465,50.0,50.000360648879465,6932,47,1,97,18.624000251293182,163.61600160598755
4,20260825T082827Z,flybrain,0.05,0.050000360648879465,50.0,50.000360648879465,6932,47,1,98,18.432000651955605,158.84800255298615
4,20260825T082827Z,flybrain,0.05,0.050000360648879465,50.0,50.000360648879465,6932,47,1,99,18.36800016462803,158.9439958333969
4,20260825T082827Z,flybrain,0.05,0.050000360648879465,50.0,50.000360648879465,6932,47,1,100,18.624000251293182,158.75199437141418
4,20260825T082827Z,flybrain,0.05,0.050000360648879465,50.0,50.000360648879465,6932,47,1,101,18.624000251293182,162.78399527072906
4,20260825T082827Z,flybrain,0.05,0.050000360648879465,50.0,50.000360648879465,6932,47,1,102,18.52799952030182,160.863995552063
4,20260825T082827Z,flybrain,0.05,0.050000360648879465,50.0,50.000360648879465,6932,47,1,103,18.400000408291817,159.84000265598297
4,20260825T082827Z,flybrain,0.05,0.050000360648879465,50.0,50.000360648879465,6932,47,1,104,18.49599927663803,165.6319946050644
4,20260825T082827Z,flybrain,0.05,0.050000360648879465,50.0,50.000360648879465,6932,47,1,105,18.49599927663803,162.75200247764587
4,20260825T082827Z,flybrain,0.05,0.050000360648879465,50.0,50.000360648879465,6932,47,1,106,18.624000251293182,162.9440039396286
4,20260825T082827Z,flybrain,0.05,0.050000360648879465,50.0,50.000360648879465,6932,47,1,107,18.464000895619392,164.95999693870544
4,20260825T082827Z,flybrain,0.05,0.050000360648879465,50.0,50.000360648879465,6932,47,1,108,18.52799952030182,160.8320027589798
4,20260825T082827Z,flybrain,0.05,0.050000360648879465,50.0,50.000360648879465,6932,47,1,109,18.624000251293182,158.78400206565857
4,20260825T082827Z,flybrain,0.05,0.050000360648879465,50.0,50.000360648879465,6932,47,1,110,18.624000251293182,163.55200111865997
4,20260825T082827Z,flybrain,0.05,0.050000360648879465,50.0,50.000360648879465,6932,47,1,111,18.464000895619392,159.42400693893433
4,20260825T082827Z,flybrain,0.05,0.050000360648879465,50.0,50.000360648879465,6932,47,1,112,18.432000651955605,159.55199301242828
4,20260825T082827Z,flybrain,0.05,0.050000360648879465,50.0,50.000360648879465,6932,47,1,113,18.432000651955605,162.9440039396286
4,20260825T082827Z,flybrain,0.05,0.050000360648879465,50.0,50.000360648879465,6932,47,1,114,18.592000007629395,167.58400201797485
4,20260825T082827Z,flybrain,0.05,0.050000360648879465,50.0,50.000360648879465,6932,47,1,115,18.464000895619392,160.8320027589798
4,20260825T082827Z,flybrain,0.05,0.050000360648879465,50.0,50.000360648879465,6932,47,1,116,18.592000007629395,167.07199811935425
4,20260825T082827Z,flybrain,0.05,0.050000360648879465,50.0,50.000360648879465,6932,47,1,117,18.559999763965607,161.43999993801117
4,20260825T082827Z,flybrain,0.05,0.050000360648879465,50.0,50.000360648879465,6932,47,1,118,18.33599992096424,162.88000345230103
4,20260825T082827Z,flybrain,0.05,0.050000360648879465,50.0,50.000360648879465,6932,47,1,119,18.559999763965607,163.58399391174316
4,20260825T082827Z,flybrain,0.05,0.050000360648879465,50.0,50.000360648879465,6932,47,1,120,18.52799952030182,167.55199432373047
4,20260825T082827Z,flybrain,0.05,0.050000360648879465,50.0,50.000360648879465,6932,47,1,121,18.49599927663803,160.863995552063
4,20260825T082827Z,flybrain,0.05,0.050000360648879465,50.0,50.000360648879465,6932,47,1,122,18.464000895619392,165.6319946050644
4,20260825T082827Z,flybrain,0.05,0.050000360648879465,50.0,50.000360648879465,6932,47,1,123,18.432000651955605,163.55200111865997
4,20260825T082827Z,flybrain,0.05,0.050000360648879465,50.0,50.000360648879465,6932,47,1,124,18.49599927663803,159.61599349975586
4,20260825T082827Z,flybrain,0.05,0.050000360648879465,50.0,50.000360648879465,6932,47,1,125,18.36800016462803,157.3439985513687
4,20260825T082827Z,flybrain,0.05,0.050000360648879465,50.0,50.000360648879465,6932,47,1,126,18.49599927663803,166.52800142765045
4,20260825T082827Z,flybrain,0.05,0.050000360648879465,50.0,50.000360648879465,6932,47,1,127,18.079999834299088,167.55199432373047
4,20260825T082827Z,flybrain,0.05,0.050000360648879465,50.0,50.000360648879465,6932,47,2,0,268.7999904155731,197.31199741363525
4,20260825T082827Z,flybrain,0.05,0.050000360648879465,50.0,50.000360648879465,6932,47,2,1,17.664000391960144,162.9759967327118
4,20260825T082827Z,flybrain,0.05,0.050000360648879465,50.0,50.000360648879465,6932,47,2,2,19.13600042462349,164.8319959640503
4,20260825T082827Z,flybrain,0.05,0.050000360648879465,50.0,50.000360648879465,6932,47,2,3,18.33599992096424,160.41600704193115
4,20260825T082827Z,flybrain,0.05,0.050000360648879465,50.0,50.000360648879465,6932,47,2,4,18.432000651955605,162.52799332141876
4,20260825T082827Z,flybrain,0.05,0.050000360648879465,50.0,50.000360648879465,6932,47,2,5,18.559999763965607,158.49600732326508
4,20260825T082827Z,flybrain,0.05,0.050000360648879465,50.0,50.000360648879465,6932,47,2,6,19.840000197291374,166.72000288963318
4,20260825T082827Z,flybrain,0.05,0.050000360648879465,50.0,50.000360648879465,6932,47,2,7,17.75999926030636,160.67199409008026
4,20260825T082827Z,flybrain,0.05,0.050000360648879465,50.0,50.000360648879465,6932,47,2,8,18.65600049495697,164.8319959640503
4,20260825T082827Z,flybrain,0.05,0.050000360648879465,50.0,50.000360648879465,6932,47,2,9,19.071999937295914,164.73600268363953
4,20260825T082827Z,flybrain,0.05,0.050000360648879465,50.0,50.000360648879465,6932,47,2,10,19.071999937295914,166.6879951953888
4,20260825T082827Z,flybrain,0.05,0.050000360648879465,50.0,50.000360648879465,6932,47,2,11,19.1040001809597,162.9759967327118
4,20260825T082827Z,flybrain,0.05,0.050000360648879465,50.0,50.000360648879465,6932,47,2,12,17.023999243974686,164.76799547672272
4,20260825T082827Z,flybrain,0.05,0.050000360648879465,50.0,50.000360648879465,6932,47,2,13,17.11999997496605,162.7199947834015
4,20260825T082827Z,flybrain,0.05,0.050000360648879465,50.0,50.000360648879465,6932,47,2,14,16.896000131964684,164.76799547672272
4,20260825T082827Z,flybrain,0.05,0.050000360648879465,50.0,50.000360648879465,6932,47,2,15,19.071999937295914,162.9440039396286
4,20260825T082827Z,flybrain,0.05,0.050000360648879465,50.0,50.000360648879465,6932,47,2,16,17.055999487638474,160.47999262809753
4,20260825T082827Z,flybrain,0.05,0.050000360648879465,50.0,50.000360648879465,6932,47,2,17,16.96000061929226,160.64000129699707
4,20260825T082827Z,flybrain,0.05,0.050000360648879465,50.0,50.000360648879465,6932,47,2,18,19.13600042462349,166.9120043516159
4,20260825T082827Z,flybrain,0.05,0.050000360648879465,50.0,50.000360648879465,6932,47,2,19,17.023999243974686,164.76799547672272
4,20260825T082827Z,flybrain,0.05,0.050000360648879465,50.0,50.000360648879465,6932,47,2,20,16.863999888300896,163.07200491428375
4,20260825T082827Z,flybrain,0.05,0.050000360648879465,50.0,50.000360648879465,6932,47,2,21,17.055999487638474,164.8000031709671
4,20260825T082827Z,flybrain,0.05,0.050000360648879465,50.0,50.000360648879465,6932,47,2,22,17.152000218629837,162.91199624538422
4,20260825T082827Z,flybrain,0.05,0.050000360648879465,50.0,50.000360648879465,6932,47,2,23,17.920000478625298,162.91199624538422
4,20260825T082827Z,flybrain,0.05,0.050000360648879465,50.0,50.000360648879465,6932,47,2,24,16.863999888300896,163.00800442695618
4,20260825T082827Z,flybrain,0.05,0.050000360648879465,50.0,50.000360648879465,6932,47,2,25,16.992000862956047,162.9759967327118
4,20260825T082827Z,flybrain,0.05,0.050000360648879465,50.0,50.000360648879465,6932,47,2,26,16.96000061929226,164.92800414562225
4,20260825T082827Z,flybrain,0.05,0.050000360648879465,50.0,50.000360648879465,6932,47,2,27,17.055999487638474,162.91199624538422
4,20260825T082827Z,flybrain,0.05,0.050000360648879465,50.0,50.000360648879465,6932,47,2,28,17.055999487638474,162.6559942960739
4,20260825T082827Z,flybrain,0.05,0.050000360648879465,50.0,50.000360648879465,6932,47,2,29,17.055999487638474,160.8320027589798
4,20260825T082827Z,flybrain,0.05,0.050000360648879465,50.0,50.000360648879465,6932,47,2,30,17.08799973130226,160.76800227165222
4,20260825T082827Z,flybrain,0.05,0.050000360648879465,50.0,50.000360648879465,6932,47,2,31,16.92800037562847,163.03999722003937
4,20260825T082827Z,flybrain,0.05,0.050000360648879465,50.0,50.000360648879465,6932,47,2,32,16.96000061929226,158.87999534606934
4,20260825T082827Z,flybrain,0.05,0.050000360648879465,50.0,50.000360648879465,6932,47,2,33,17.023999243974686,162.81600296497345
4,20260825T082827Z,flybrain,0.05,0.050000360648879465,50.0,50.000360648879465,6932,47,2,34,16.92800037562847,164.70399498939514
4,20260825T082827Z,flybrain,0.05,0.050000360648879465,50.0,50.000360648879465,6932,47,2,35,17.023999243974686,162.84799575805664
4,20260825T082827Z,flybrain,0.05,0.050000360648879465,50.0,50.000360648879465,6932,47,2,36,18.94400082528591,166.97600483894348
4,20260825T082827Z,flybrain,0.05,0.050000360648879465,50.0,50.000360648879465,6932,47,2,37,19.1040001809597,160.863995552063
4,20260825T082827Z,flybrain,0.05,0.050000360648879465,50.0,50.000360648879465,6932,47,2,38,19.071999937295914,162.6880019903183
4,20260825T082827Z,flybrain,0.05,0.050000360648879465,50.0,50.000360648879465,6932,47,2,39,19.1040001809597,158.6879938840866
4,20260825T082827Z,flybrain,0.05,0.050000360648879465,50.0,50.000360648879465,6932,47,2,40,18.848000094294548,164.92800414562225
4,20260825T082827Z,flybrain,0.05,0.050000360648879465,50.0,50.000360648879465,6932,47,2,41,19.071999937295914,164.8319959640503
4,20260825T082827Z,flybrain,0.05,0.050000360648879465,50.0,50.000360648879465,6932,47,2,42,19.071999937295914,162.91199624538422
4,20260825T082827Z,flybrain,0.05,0.050000360648879465,50.0,50.000360648879465,6932,47,2,43,18.97599920630455,162.9440039396286
4,20260825T082827Z,flybrain,0.05,0.050000360648879465,50.0,50.000360648879465,6932,47,2,44,19.039999693632126,160.8320027589798
4,20260825T082827Z,flybrain,0.05,0.050000360648879465,50.0,50.000360648879465,6932,47,2,45,19.1040001809597,166.9439971446991
4,20260825T082827Z,flybrain,0.05,0.050000360648879465,50.0,50.000360648879465,6932,47,2,46,18.144000321626663,164.92800414562225
4,20260825T082827Z,flybrain,0.05,0.050000360648879465,50.0,50.000360648879465,6932,47,2,47,18.94400082528591,162.7199947834015
4,20260825T082827Z,flybrain,0.05,0.050000360648879465,50.0,50.000360648879465,6932,47,2,48,16.992000862956047,162.9440039396286
4,20260825T082827Z,flybrain,0.05,0.050000360648879465,50.0,50.000360648879465,6932,47,2,49,17.023999243974686,162.75200247764587
4,20260825T082827Z,flybrain,0.05,0.050000360648879465,50.0,50.000360648879465,6932,47,2,50,17.023999243974686,160.8320027589798
4,20260825T082827Z,flybrain,0.05,0.050000360648879465,50.0,50.000360648879465,6932,47,2,51,17.11999997496605,164.86400365829468
4,20260825T082827Z,flybrain,0.05,0.050000360648879465,50.0,50.000360648879465,6932,47,2,52,16.992000862956047,164.76799547672272
4,20260825T082827Z,flybrain,0.05,0.050000360648879465,50.0,50.000360648879465,6932,47,2,53,17.11999997496605,164.76799547672272
4,20260825T082827Z,flybrain,0.05,0.050000360648879465,50.0,50.000360648879465,6932,47,2,54,18.94400082528591,160.8320027589798
4,20260825T082827Z,flybrain,0.05,0.050000360648879465,50.0,50.000360648879465,6932,47,2,55,19.039999693632126,169.18399930000305
4,20260825T082827Z,flybrain,0.05,0.050000360648879465,50.0,50.000360648879465,6932,47,2,56,17.055999487638474,160.863995552063
4,20260825T082827Z,flybrain,0.05,0.050000360648879465,50.0,50.000360648879465,6932,47,2,57,19.039999693632126,162.91199624538422
4,20260825T082827Z,flybrain,0.05,0.050000360648879465,50.0,50.000360648879465,6932,47,2,58,16.92800037562847,160.7999950647354
4,20260825T082827Z,flybrain,0.05,0.050000360648879465,50.0,50.000360648879465,6932,47,2,59,17.023999243974686,160.89600324630737
4,20260825T082827Z,flybrain,0.05,0.050000360648879465,50.0,50.000360648879465,6932,47,2,60,16.96000061929226,162.9759967327118
4,20260825T082827Z,flybrain,0.05,0.050000360648879465,50.0,50.000360648879465,6932,47,2,61,16.992000862956047,161.02400422096252
4,20260825T082827Z,flybrain,0.05,0.050000360648879465,50.0,50.000360648879465,6932,47,2,62,16.96000061929226,164.95999693870544
4,20260825T082827Z,flybrain,0.05,0.050000360648879465,50.0,50.000360648879465,6932,47,2,63,16.96000061929226,162.6559942960739
4,20260825T082827Z,flybrain,0.05,0.050000360648879465,50.0,50.000360648879465,6932,47,2,64,17.184000462293625,164.86400365829468
4,20260825T082827Z,flybrain,0.05,0.050000360648879465,50.0,50.000360648879465,6932,47,2,65,16.992000862956047,160.863995552063
4,20260825T082827Z,flybrain,0.05,0.050000360648879465,50.0,50.000360648879465,6932,47,2,66,18.94400082528591,160.47999262809753
4,20260825T082827Z,flybrain,0.05,0.050000360648879465,50.0,50.000360648879465,6932,47,2,67,16.992000862956047,165.0879979133606
4,20260825T082827Z,flybrain,0.05,0.050000360648879465,50.0,50.000360648879465,6932,47,2,68,18.97599920630455,162.88000345230103
4,20260825T082827Z,flybrain,0.05,0.050000360648879465,50.0,50.000360648879465,6932,47,2,69,19.071999937295914,159.64800119400024
4,20260825T082827Z,flybrain,0.05,0.050000360648879465,50.0,50.000360648879465,6932,47,2,70,17.023999243974686,160.92799603939056
4,20260825T082827Z,flybrain,0.05,0.050000360648879465,50.0,50.000360648879465,6932,47,2,71,17.08799973130226,164.8319959640503
4,20260825T082827Z,flybrain,0.05,0.050000360648879465,50.0,50.000360648879465,6932,47,2,72,17.023999243974686,162.88000345230103
4,20260825T082827Z,flybrain,0.05,0.050000360648879465,50.0,50.000360648879465,6932,47,2,73,16.992000862956047,169.0559983253479
4,20260825T082827Z,flybrain,0.05,0.050000360648879465,50.0,50.000360648879465,6932,47,2,74,16.992000862956047,164.8319959640503
4,20260825T082827Z,flybrain,0.05,0.050000360648879465,50.0,50.000360648879465,6932,47,2,75,16.96000061929226,160.7999950647354
4,20260825T082827Z,flybrain,0.05,0.050000360648879465,50.0,50.000360648879465,6932,47,2,76,16.92800037562847,160.863995552063
4,20260825T082827Z,flybrain,0.05,0.050000360648879465,50.0,50.000360648879465,6932,47,2,77,17.023999243974686,162.9440039396286
4,20260825T082827Z,flybrain,0.05,0.050000360648879465,50.0,50.000360648879465,6932,47,2,78,16.96000061929226,162.81600296497345
4,20260825T082827Z,flybrain,0.05,0.050000360648879465,50.0,50.000360648879465,6932,47,2,79,16.863999888300896,163.10399770736694
4,20260825T082827Z,flybrain,0.05,0.050000360648879465,50.0,50.000360648879465,6932,47,2,80,16.992000862956047,164.99200463294983
4,20260825T082827Z,flybrain,0.05,0.050000360648879465,50.0,50.000360648879465,6932,47,2,81,17.023999243974686,162.9440039396286
4,20260825T082827Z,flybrain,0.05,0.050000360648879465,50.0,50.000360648879465,6932,47,2,82,16.92800037562847,158.49600732326508
4,20260825T082827Z,flybrain,0.05,0.050000360648879465,50.0,50.000360648879465,6932,47,2,83,17.11999997496605,162.75200247764587
4,20260825T082827Z,flybrain,0.05,0.050000360648879465,50.0,50.000360648879465,6932,47,2,84,16.992000862956047,164.86400365829468
4,20260825T082827Z,flybrain,0.05,0.050000360648879465,50.0,50.000360648879465,6932,47,2,85,17.023999243974686,158.75199437141418
4,20260825T082827Z,flybrain,0.05,0.050000360648879465,50.0,50.000360648879465,6932,47,2,86,17.023999243974686,166.87999665737152
4,20260825T082827Z,flybrain,0.05,0.050000360648879465,50.0,50.000360648879465,6932,47,2,87,16.992000862956047,160.73599457740784
4,20260825T082827Z,flybrain,0.05,0.050000360648879465,50.0,50.000360648879465,6932,47,2,88,16.831999644637108,160.8320027589798
4,20260825T082827Z,flybrain,0.05,0.050000360648879465,50.0,50.000360648879465,6932,47,2,89,17.023999243974686,160.863995552063
4,20260825T082827Z,flybrain,0.05,0.050000360648879465,50.0,50.000360648879465,6932,47,2,90,17.055999487638474,162.81600296497345
4,20260825T082827Z,flybrain,0.05,0.050000360648879465,50.0,50.000360648879465,6932,47,2,91,17.216000705957413,164.76799547672272
4,20260825T082827Z,flybrain,0.05,0.050000360648879465,50.0,50.000360648879465,6932,47,2,92,17.11999997496605,162.04799711704254
4,20260825T082827Z,flybrain,0.05,0.050000360648879465,50.0,50.000360648879465,6932,47,2,93,16.896000131964684,166.97600483894348
4,20260825T082827Z,flybrain,0.05,0.050000360648879465,50.0,50.000360648879465,6932,47,2,94,17.023999243974686,163.00800442695618
4,20260825T082827Z,flybrain,0.05,0.050000360648879465,50.0,50.000360648879465,6932,47,2,95,16.992000862956047,168.96000504493713
4,20260825T082827Z,flybrain,0.05,0.050000360648879465,50.0,50.000360648879465,6932,47,2,96,17.08799973130226,160.73599457740784
4,20260825T082827Z,flybrain,0.05,0.050000360648879465,50.0,50.000360648879465,6932,47,2,97,17.023999243974686,164.99200463294983
4,20260825T082827Z,flybrain,0.05,0.050000360648879465,50.0,50.000360648879465,6932,47,2,98,17.152000218629837,158.52800011634827
4,20260825T082827Z,flybrain,0.05,0.050000360648879465,50.0,50.000360648879465,6932,47,2,99,17.023999243974686,160.8320027589798
4,20260825T082827Z,flybrain,0.05,0.050000360648879465,50.0,50.000360648879465,6932,47,2,100,18.97599920630455,158.62399339675903
4,20260825T082827Z,flybrain,0.05,0.050000360648879465,50.0,50.000360648879465,6932,47,2,101,18.97599920630455,164.86400365829468
4,20260825T082827Z,flybrain,0.05,0.050000360648879465,50.0,50.000360648879465,6932,47,2,102,19.071999937295914,162.75200247764587
4,20260825T082827Z,flybrain,0.05,0.050000360648879465,50.0,50.000360648879465,6932,47,2,103,18.97599920630455,160.73599457740784
4,20260825T082827Z,flybrain,0.05,0.050000360648879465,50.0,50.000360648879465,6932,47,2,104,19.1040001809597,164.92800414562225
4,20260825T082827Z,flybrain,0.05,0.050000360648879465,50.0,50.000360648879465,6932,47,2,105,18.97599920630455,162.9440039396286
4,20260825T082827Z,flybrain,0.05,0.050000360648879465,50.0,50.000360648879465,6932,47,2,106,18.97599920630455,164.76799547672272
4,20260825T082827Z,flybrain,0.05,0.050000360648879465,50.0,50.000360648879465,6932,47,2,107,19.071999937295914,165.02399742603302
4,20260825T082827Z,flybrain,0.05,0.050000360648879465,50.0,50.000360648879465,6932,47,2,108,16.96000061929226,160.73599457740784
4,20260825T082827Z,flybrain,0.05,0.050000360648879465,50.0,50.000360648879465,6932,47,2,109,16.96000061929226,158.84800255298615
4,20260825T082827Z,flybrain,0.05,0.050000360648879465,50.0,50.000360648879465,6932,47,2,110,17.055999487638474,162.81600296497345
4,20260825T082827Z,flybrain,0.05,0.050000360648879465,50.0,50.000360648879465,6932,47,2,111,17.023999243974686,158.81599485874176
4,20260825T082827Z,flybrain,0.05,0.050000360648879465,50.0,50.000360648879465,6932,47,2,112,16.96000061929226,160.7999950647354
4,20260825T082827Z,flybrain,0.05,0.050000360648879465,50.0,50.000360648879465,6932,47,2,113,16.992000862956047,162.78399527072906
4,20260825T082827Z,flybrain,0.05,0.050000360648879465,50.0,50.000360648879465,6932,47,2,114,16.92800037562847,166.81599617004395
4,20260825T082827Z,flybrain,0.05,0.050000360648879465,50.0,50.000360648879465,6932,47,2,115,16.92800037562847,159.58400070667267
4,20260825T082827Z,flybrain,0.05,0.050000360648879465,50.0,50.000360648879465,6932,47,2,116,16.992000862956047,164.89599645137787
4,20260825T082827Z,flybrain,0.05,0.050000360648879465,50.0,50.000360648879465,6932,47,2,117,17.023999243974686,160.96000373363495
4,20260825T082827Z,flybrain,0.05,0.050000360648879465,50.0,50.000360648879465,6932,47,2,118,17.08799973130226,162.6559942960739
4,20260825T082827Z,flybrain,0.05,0.050000360648879465,50.0,50.000360648879465,6932,47,2,119,17.023999243974686,162.84799575805664
4,20260825T082827Z,flybrain,0.05,0.050000360648879465,50.0,50.000360648879465,6932,47,2,120,16.96000061929226,164.8000031709671
4,20260825T082827Z,flybrain,0.05,0.050000360648879465,50.0,50.000360648879465,6932,47,2,121,19.039999693632126,160.863995552063
4,20260825T082827Z,flybrain,0.05,0.050000360648879465,50.0,50.000360648879465,6932,47,2,122,17.055999487638474,166.81599617004395
4,20260825T082827Z,flybrain,0.05,0.050000360648879465,50.0,50.000360648879465,6932,47,2,123,16.92800037562847,162.91199624538422
4,20260825T082827Z,flybrain,0.05,0.050000360648879465,50.0,50.000360648879465,6932,47,2,124,16.896000131964684,160.60799360275269
4,20260825T082827Z,flybrain,0.05,0.050000360648879465,50.0,50.000360648879465,6932,47,2,125,17.08799973130226,158.720001578331
4,20260825T082827Z,flybrain,0.05,0.050000360648879465,50.0,50.000360648879465,6932,47,2,126,16.51199907064438,167.58400201797485
4,20260825T082827Z,flybrain,0.05,0.050000360648879465,50.0,50.000360648879465,6932,47,2,127,18.0479995906353,167.58400201797485
4,20260825T082827Z,flybrain,0.05,0.050000360648879465,50.0,50.000360648879465,6932,47,3,0,234.75199937820435,191.00800156593323
4,20260825T082827Z,flybrain,0.05,0.050000360648879465,50.0,50.000360648879465,6932,47,3,1,16.383999958634377,160.7999950647354
4,20260825T082827Z,flybrain,0.05,0.050000360648879465,50.0,50.000360648879465,6932,47,3,2,16.416000202298164,164.60800170898438
4,20260825T082827Z,flybrain,0.05,0.050000360648879465,50.0,50.000360648879465,6932,47,3,3,17.44000054895878,160.44799983501434
4,20260825T082827Z,flybrain,0.05,0.050000360648879465,50.0,50.000360648879465,6932,47,3,4,17.055999487638474,162.59199380874634
4,20260825T082827Z,flybrain,0.05,0.050000360648879465,50.0,50.000360648879465,6932,47,3,5,18.94400082528591,158.91200304031372
4,20260825T082827Z,flybrain,0.05,0.050000360648879465,50.0,50.000360648879465,6932,47,3,6,18.719999119639397,166.72000288963318
4,20260825T082827Z,flybrain,0.05,0.050000360648879465,50.0,50.000360648879465,6932,47,3,7,18.719999119639397,160.5439931154251
4,20260825T082827Z,flybrain,0.05,0.050000360648879465,50.0,50.000360648879465,6932,47,3,8,17.823999747633934,164.76799547672272
4,20260825T082827Z,flybrain,0.05,0.050000360648879465,50.0,50.000360648879465,6932,47,3,9,18.592000007629395,162.81600296497345
4,20260825T082827Z,flybrain,0.05,0.050000360648879465,50.0,50.000360648879465,6932,47,3,10,18.65600049495697,166.97600483894348
4,20260825T082827Z,flybrain,0.05,0.050000360648879465,50.0,50.000360648879465,6932,47,3,11,18.36800016462803,162.52799332141876
4,20260825T082827Z,flybrain,0.05,0.050000360648879465,50.0,50.000360648879465,6932,47,3,12,18.49599927663803,163.00800442695618
4,20260825T082827Z,flybrain,0.05,0.050000360648879465,50.0,50.000360648879465,6932,47,3,13,18.624000251293182,163.5199934244156
4,20260825T082827Z,flybrain,0.05,0.050000360648879465,50.0,50.000360648879465,6932,47,3,14,18.49599927663803,165.6000018119812
4,20260825T082827Z,flybrain,0.05,0.050000360648879465,50.0,50.000360648879465,6932,47,3,15,18.464000895619392,162.9759967327118
4,20260825T082827Z,flybrain,0.05,0.050000360648879465,50.0,50.000360648879465,6932,47,3,16,18.49599927663803,160.92799603939056
4,20260825T082827Z,flybrain,0.05,0.050000360648879465,50.0,50.000360648879465,6932,47,3,17,18.52799952030182,161.5999937057495
4,20260825T082827Z,flybrain,0.05,0.050000360648879465,50.0,50.000360648879465,6932,47,3,18,18.33599992096424,165.56799411773682
4,20260825T082827Z,flybrain,0.05,0.050000360648879465,50.0,50.000360648879465,6932,47,3,19,18.49599927663803,165.6319946050644
4,20260825T082827Z,flybrain,0.05,0.050000360648879465,50.0,50.000360648879465,6932,47,3,20,18.432000651955605,163.00800442695618
4,20260825T082827Z,flybrain,0.05,0.050000360648879465,50.0,50.000360648879465,6932,47,3,21,18.624000251293182,164.73600268363953
4,20260825T082827Z,flybrain,0.05,0.050000360648879465,50.0,50.000360648879465,6932,47,3,22,18.624000251293182,162.84799575805664
4,20260825T082827Z,flybrain,0.05,0.050000360648879465,50.0,50.000360648879465,6932,47,3,23,17.535999417304993,162.84799575805664
4,20260825T082827Z,flybrain,0.05,0.050000360648879465,50.0,50.000360648879465,6932,47,3,24,18.303999677300453,162.88000345230103
4,20260825T082827Z,flybrain,0.05,0.050000360648879465,50.0,50.000360648879465,6932,47,3,25,18.592000007629395,163.32800686359406
4,20260825T082827Z,flybrain,0.05,0.050000360648879465,50.0,50.000360648879465,6932,47,3,26,18.49599927663803,163.00800442695618
4,20260825T082827Z,flybrain,0.05,0.050000360648879465,50.0,50.000360648879465,6932,47,3,27,18.52799952030182,163.55200111865997
4,20260825T082827Z,flybrain,0.05,0.050000360648879465,50.0,50.000360648879465,6932,47,3,28,18.464000895619392,163.00800442695618
4,20260825T082827Z,flybrain,0.05,0.050000360648879465,50.0,50.000360648879465,6932,47,3,29,18.592000007629395,161.56800091266632
4,20260825T082827Z,flybrain,0.05,0.050000360648879465,50.0,50.000360648879465,6932,47,3,30,18.400000408291817,161.40800714492798
4,20260825T082827Z,flybrain,0.05,0.050000360648879465,50.0,50.000360648879465,6932,47,3,31,18.49599927663803,163.68000209331512
4,20260825T082827Z,flybrain,0.05,0.050000360648879465,50.0,50.000360648879465,6932,47,3,32,18.400000408291817,158.87999534606934
4,20260825T082827Z,flybrain,0.05,0.050000360648879465,50.0,50.000360648879465,6932,47,3,33,18.624000251293182,160.8320027589798
4,20260825T082827Z,flybrain,0.05,0.050000360648879465,50.0,50.000360648879465,6932,47,3,34,18.624000251293182,165.0560051202774
4,20260825T082827Z,flybrain,0.05,0.050000360648879465,50.0,50.000360648879465,6932,47,3,35,18.432000651955605,160.92799603939056
4,20260825T082827Z,flybrain,0.05,0.050000360648879465,50.0,50.000360648879465,6932,47,3,36,18.592000007629395,167.10400581359863
4,20260825T082827Z,flybrain,0.05,0.050000360648879465,50.0,50.000360648879465,6932,47,3,37,18.52799952030182,161.40800714492798
4,20260825T082827Z,flybrain,0.05,0.050000360648879465,50.0,50.000360648879465,6932,47,3,38,18.49599927663803,162.91199624538422
4,20260825T082827Z,flybrain,0.05,0.050000360648879465,50.0,50.000360648879465,6932,47,3,39,18.36800016462803,158.65600109100342
4,20260825T082827Z,flybrain,0.05,0.050000360648879465,50.0,50.000360648879465,6932,47,3,40,18.49599927663803,167.58400201797485
4,20260825T082827Z,flybrain,0.05,0.050000360648879465,50.0,50.000360648879465,6932,47,3,41,18.464000895619392,162.7199947834015
4,20260825T082827Z,flybrain,0.05,0.050000360648879465,50.0,50.000360648879465,6932,47,3,42,18.624000251293182,162.88000345230103
4,20260825T082827Z,flybrain,0.05,0.050000360648879465,50.0,50.000360648879465,6932,47,3,43,18.432000651955605,162.84799575805664
4,20260825T082827Z,flybrain,0.05,0.050000360648879465,50.0,50.000360648879465,6932,47,3,44,18.464000895619392,160.96000373363495
4,20260825T082827Z,flybrain,0.05,0.050000360648879465,50.0,50.000360648879465,6932,47,3,45,18.624000251293182,166.87999665737152
4,20260825T082827Z,flybrain,0.05,0.050000360648879465,50.0,50.000360648879465,6932,47,3,46,18.49599927663803,165.02399742603302
4,20260825T082827Z,flybrain,0.05,0.050000360648879465,50.0,50.000360648879465,6932,47,3,47,18.52799952030182,160.863995552063
4,20260825T082827Z,flybrain,0.05,0.050000360648879465,50.0,50.000360648879465,6932,47,3,48,18.52799952030182,161.53599321842194
4,20260825T082827Z,flybrain,0.05,0.050000360648879465,50.0,50.000360648879465,6932,47,3,49,18.464000895619392,163.55200111865997
4,20260825T082827Z,flybrain,0.05,0.050000360648879465,50.0,50.000360648879465,6932,47,3,50,18.52799952030182,160.92799603939056
4,20260825T082827Z,flybrain,0.05,0.050000360648879465,50.0,50.000360648879465,6932,47,3,51,18.36800016462803,165.79200327396393
4,20260825T082827Z,flybrain,0.05,0.050000360648879465,50.0,50.000360648879465,6932,47,3,52,18.303999677300453,165.02399742603302
4,20260825T082827Z,flybrain,0.05,0.050000360648879465,50.0,50.000360648879465,6932,47,3,53,18.49599927663803,162.84799575805664
4,20260825T082827Z,flybrain,0.05,0.050000360648879465,50.0,50.000360648879465,6932,47,3,54,18.624000251293182,162.84799575805664
4,20260825T082827Z,flybrain,0.05,0.050000360648879465,50.0,50.000360648879465,6932,47,3,55,18.432000651955605,167.67999529838562
4,20260825T082827Z,flybrain,0.05,0.050000360648879465,50.0,50.000360648879465,6932,47,3,56,18.49599927663803,162.84799575805664
4,20260825T082827Z,flybrain,0.05,0.050000360648879465,50.0,50.000360648879465,6932,47,3,57,18.464000895619392,162.49600052833557
4,20260825T082827Z,flybrain,0.05,0.050000360648879465,50.0,50.000360648879465,6932,47,3,58,18.49599927663803,160.863995552063
4,20260825T082827Z,flybrain,0.05,0.050000360648879465,50.0,50.000360648879465,6932,47,3,59,18.52799952030182,160.863995552063
4,20260825T082827Z,flybrain,0.05,0.050000360648879465,50.0,50.000360648879465,6932,47,3,60,18.432000651955605,160.96000373363495
4,20260825T082827Z,flybrain,0.05,0.050000360648879465,50.0,50.000360648879465,6932,47,3,61,18.52799952030182,160.89600324630737
4,20260825T082827Z,flybrain,0.05,0.050000360648879465,50.0,50.000360648879465,6932,47,3,62,18.624000251293182,164.92800414562225
4,20260825T082827Z,flybrain,0.05,0.050000360648879465,50.0,50.000360648879465,6932,47,3,63,18.36800016462803,161.53599321842194
4,20260825T082827Z,flybrain,0.05,0.050000360648879465,50.0,50.000360648879465,6932,47,3,64,18.49599927663803,165.72800278663635
4,20260825T082827Z,flybrain,0.05,0.050000360648879465,50.0,50.000360648879465,6932,47,3,65,18.400000408291817,161.47199273109436
4,20260825T082827Z,flybrain,0.05,0.050000360648879465,50.0,50.000360648879465,6932,47,3,66,18.432000651955605,158.87999534606934
4,20260825T082827Z,flybrain,0.05,0.050000360648879465,50.0,50.000360648879465,6932,47,3,67,18.464000895619392,165.6319946050644
4,20260825T082827Z,flybrain,0.05,0.050000360648879465,50.0,50.000360648879465,6932,47,3,68,18.52799952030182,165.6000018119812
4,20260825T082827Z,flybrain,0.05,0.050000360648879465,50.0,50.000360648879465,6932,47,3,69,18.464000895619392,161.43999993801117
4,20260825T082827Z,flybrain,0.05,0.050000360648879465,50.0,50.000360648879465,6932,47,3,70,18.49599927663803,161.53599321842194
4,20260825T082827Z,flybrain,0.05,0.050000360648879465,50.0,50.000360648879465,6932,47,3,71,18.464000895619392,163.00800442695618
4,20260825T082827Z,flybrain,0.05,0.050000360648879465,50.0,50.000360648879465,6932,47,3,72,18.592000007629395,162.9440039396286
4,20260825T082827Z,flybrain,0.05,0.050000360648879465,50.0,50.000360648879465,6932,47,3,73,18.624000251293182,167.42399334907532
4,20260825T082827Z,flybrain,0.05,0.050000360648879465,50.0,50.000360648879465,6932,47,3,74,18.559999763965607,165.6000018119812
4,20260825T082827Z,flybrain,0.05,0.050000360648879465,50.0,50.000360648879465,6932,47,3,75,18.400000408291817,158.84800255298615
4,20260825T082827Z,flybrain,0.05,0.050000360648879465,50.0,50.000360648879465,6932,47,3,76,18.592000007629395,159.45599973201752
4,20260825T082827Z,flybrain,0.05,0.050000360648879465,50.0,50.000360648879465,6932,47,3,77,18.49599927663803,162.7199947834015
4,20260825T082827Z,flybrain,0.05,0.050000360648879465,50.0,50.000360648879465,6932,47,3,78,18.559999763965607,162.9759967327118
4,20260825T082827Z,flybrain,0.05,0.050000360648879465,50.0,50.000360648879465,6932,47,3,79,18.559999763965607,163.5199934244156
4,20260825T082827Z,flybrain,0.05,0.050000360648879465,50.0,50.000360648879465,6932,47,3,80,18.49599927663803,166.07999801635742
4,20260825T082827Z,flybrain,0.05,0.050000360648879465,50.0,50.000360648879465,6932,47,3,81,18.464000895619392,163.5199934244156
4,20260825T082827Z,flybrain,0.05,0.050000360648879465,50.0,50.000360648879465,6932,47,3,82,18.49599927663803,159.45599973201752
4,20260825T082827Z,flybrain,0.05,0.050000360648879465,50.0,50.000360648879465,6932,47,3,83,18.52799952030182,162.9440039396286
4,20260825T082827Z,flybrain,0.05,0.050000360648879465,50.0,50.000360648879465,6932,47,3,84,18.49599927663803,165.0879979133606
4,20260825T082827Z,flybrain,0.05,0.050000360648879465,50.0,50.000360648879465,6932,47,3,85,18.559999763965607,159.5200002193451
4,20260825T082827Z,flybrain,0.05,0.050000360648879465,50.0,50.000360648879465,6932,47,3,86,18.36800016462803,167.4879938364029
4,20260825T082827Z,flybrain,0.05,0.050000360648879465,50.0,50.000360648879465,6932,47,3,87,18.400000408291817,160.96000373363495
4,20260825T082827Z,flybrain,0.05,0.050000360648879465,50.0,50.000360648879465,6932,47,3,88,18.49599927663803,161.53599321842194
4,20260825T082827Z,flybrain,0.05,0.050000360648879465,50.0,50.000360648879465,6932,47,3,89,17.472000792622566,160.96000373363495
4,20260825T082827Z,flybrain,0.05,0.050000360648879465,50.0,50.000360648879465,6932,47,3,90,18.624000251293182,162.9759967327118
4,20260825T082827Z,flybrain,0.05,0.050000360648879465,50.0,50.000360648879465,6932,47,3,91,18.592000007629395,164.60800170898438
4,20260825T082827Z,flybrain,0.05,0.050000360648879465,50.0,50.000360648879465,6932,47,3,92,18.49599927663803,161.53599321842194
4,20260825T082827Z,flybrain,0.05,0.050000360648879465,50.0,50.000360648879465,6932,47,3,93,18.464000895619392,167.00799763202667
4,20260825T082827Z,flybrain,0.05,0.050000360648879465,50.0,50.000360648879465,6932,47,3,94,18.464000895619392,160.92799603939056
4,20260825T082827Z,flybrain,0.05,0.050000360648879465,50.0,50.000360648879465,6932,47,3,95,18.36800016462803,169.08800601959229
4,20260825T082827Z,flybrain,0.05,0.050000360648879465,50.0,50.000360648879465,6932,47,3,96,18.52799952030182,160.92799603939056
4,20260825T082827Z,flybrain,0.05,0.050000360648879465,50.0,50.000360648879465,6932,47,3,97,18.624000251293182,163.35999965667725
4,20260825T082827Z,flybrain,0.05,0.050000360648879465,50.0,50.000360648879465,6932,47,3,98,18.49599927663803,159.39199924468994
4,20260825T082827Z,flybrain,0.05,0.050000360648879465,50.0,50.000360648879465,6932,47,3,99,18.49599927663803,159.36000645160675
4,20260825T082827Z,flybrain,0.05,0.050000360648879465,50.0,50.000360648879465,6932,47,3,100,18.49599927663803,159.39199924468994
4,20260825T082827Z,flybrain,0.05,0.050000360648879465,50.0,50.000360648879465,6932,47,3,101,18.49599927663803,162.91199624538422
4,20260825T082827Z,flybrain,0.05,0.050000360648879465,50.0,50.000360648879465,6932,47,3,102,18.624000251293182,162.84799575805664
4,20260825T082827Z,flybrain,0.05,0.050000360648879465,50.0,50.000360648879465,6932,47,3,103,18.36800016462803,159.7760021686554
4,20260825T082827Z,flybrain,0.05,0.050000360648879465,50.0,50.000360648879465,6932,47,3,104,18.624000251293182,165.75999557971954
4,20260825T082827Z,flybrain,0.05,0.050000360648879465,50.0,50.000360648879465,6932,47,3,105,18.400000408291817,162.6880019903183
4,20260825T082827Z,flybrain,0.05,0.050000360648879465,50.0,50.000360648879465,6932,47,3,106,18.624000251293182,160.7999950647354
4,20260825T082827Z,flybrain,0.05,0.050000360648879465,50.0,50.000360648879465,6932,47,3,107,18.432000651955605,165.0560051202774
4,20260825T082827Z,flybrain,0.05,0.050000360648879465,50.0,50.000360648879465,6932,47,3,108,18.52799952030182,160.92799603939056
4,20260825T082827Z,flybrain,0.05,0.050000360648879465,50.0,50.000360648879465,6932,47,3,109,18.432000651955605,158.87999534606934
4,20260825T082827Z,flybrain,0.05,0.050000360648879465,50.0,50.000360648879465,6932,47,3,110,18.559999763965607,163.58399391174316
4,20260825T082827Z,flybrain,0.05,0.050000360648879465,50.0,50.000360648879465,6932,47,3,111,18.49599927663803,158.91200304031372
4,20260825T082827Z,flybrain,0.05,0.050000360648879465,50.0,50.000360648879465,6932,47,3,112,18.432000651955605,159.36000645160675
4,20260825T082827Z,flybrain,0.05,0.050000360648879465,50.0,50.000360648879465,6932,47,3,113,18.52799952030182,163.00800442695618
4,20260825T082827Z,flybrain,0.05,0.050000360648879465,50.0,50.000360648879465,6932,47,3,114,18.624000251293182,167.61599481105804
4,20260825T082827Z,flybrain,0.05,0.050000360648879465,50.0,50.000360648879465,6932,47,3,115,18.464000895619392,158.91200304031372
4,20260825T082827Z,flybrain,0.05,0.050000360648879465,50.0,50.000360648879465,6932,47,3,116,18.592000007629395,167.10400581359863
4,20260825T082827Z,flybrain,0.05,0.050000360648879465,50.0,50.000360648879465,6932,47,3,117,18.559999763965607,161.50400042533875
4,20260825T082827Z,flybrain,0.05,0.050000360648879465,50.0,50.000360648879465,6932,47,3,118,18.432000651955605,162.88000345230103
4,20260825T082827Z,flybrain,0.05,0.050000360648879465,50.0,50.000360648879465,6932,47,3,119,18.400000408291817,163.5199934244156
4,20260825T082827Z,flybrain,0.05,0.050000360648879465,50.0,50.000360648879465,6932,47,3,120,18.49599927663803,164.92800414562225
4,20260825T082827Z,flybrain,0.05,0.050000360648879465,50.0,50.000360648879465,6932,47,3,121,18.624000251293182,160.89600324630737
4,20260825T082827Z,flybrain,0.05,0.050000360648879465,50.0,50.000360648879465,6932,47,3,122,18.624000251293182,165.6319946050644
4,20260825T082827Z,flybrain,0.05,0.050000360648879465,50.0,50.000360648879465,6932,47,3,123,18.400000408291817,163.61600160598755
4,20260825T082827Z,flybrain,0.05,0.050000360648879465,50.0,50.000360648879465,6932,47,3,124,18.464000895619392,159.4880074262619
4,20260825T082827Z,flybrain,0.05,0.050000360648879465,50.0,50.000360648879465,6932,47,3,125,18.49599927663803,159.39199924468994
4,20260825T082827Z,flybrain,0.05,0.050000360648879465,50.0,50.000360648879465,6932,47,3,126,18.49599927663803,166.55999422073364
4,20260825T082827Z,flybrain,0.05,0.050000360648879465,50.0,50.000360648879465,6932,47,3,127,18.079999834299088,167.58400201797485
4,20260825T082827Z,flybrain,0.05,0.050000360648879465,50.0,50.000360648879465,6932,47,4,0,283.6480140686035,198.43199849128723
4,20260825T082827Z,flybrain,0.05,0.050000360648879465,50.0,50.000360648879465,6932,47,4,1,18.624000251293182,162.81600296497345
4,20260825T082827Z,flybrain,0.05,0.050000360648879465,50.0,50.000360648879465,6932,47,4,2,18.624000251293182,164.76799547672272
4,20260825T082827Z,flybrain,0.05,0.050000360648879465,50.0,50.000360648879465,6932,47,4,3,18.20800080895424,160.44799983501434
4,20260825T082827Z,flybrain,0.05,0.050000360648879465,50.0,50.000360648879465,6932,47,4,4,18.592000007629395,162.6559942960739
4,20260825T082827Z,flybrain,0.05,0.050000360648879465,50.0,50.000360648879465,6932,47,4,5,18.49599927663803,158.65600109100342
4,20260825T082827Z,flybrain,0.05,0.050000360648879465,50.0,50.000360648879465,6932,47,4,6,17.75999926030636,164.73600268363953
4,20260825T082827Z,flybrain,0.05,0.050000360648879465,50.0,50.000360648879465,6932,47,4,7,17.855999991297722,160.5760008096695
4,20260825T082827Z,flybrain,0.05,0.050000360648879465,50.0,50.000360648879465,6932,47,4,8,18.65600049495697,164.99200463294983
4,20260825T082827Z,flybrain,0.05,0.050000360648879465,50.0,50.000360648879465,6932,47,4,9,18.97599920630455,164.73600268363953
4,20260825T082827Z,flybrain,0.05,0.050000360648879465,50.0,50.000360648879465,6932,47,4,10,19.039999693632126,166.87999665737152
4,20260825T082827Z,flybrain,0.05,0.050000360648879465,50.0,50.000360648879465,6932,47,4,11,19.13600042462349,161.9199961423874
4,20260825T082827Z,flybrain,0.05,0.050000360648879465,50.0,50.000360648879465,6932,47,4,12,16.896000131964684,162.91199624538422
4,20260825T082827Z,flybrain,0.05,0.050000360648879465,50.0,50.000360648879465,6932,47,4,13,17.055999487638474,162.91199624538422
4,20260825T082827Z,flybrain,0.05,0.050000360648879465,50.0,50.000360648879465,6932,47,4,14,16.992000862956047,164.86400365829468
4,20260825T082827Z,flybrain,0.05,0.050000360648879465,50.0,50.000360648879465,6932,47,4,15,19.1040001809597,162.78399527072906
4,20260825T082827Z,flybrain,0.05,0.050000360648879465,50.0,50.000360648879465,6932,47,4,16,17.023999243974686,160.73599457740784
4,20260825T082827Z,flybrain,0.05,0.050000360648879465,50.0,50.000360648879465,6932,47,4,17,16.96000061929226,162.9759967327118
4,20260825T082827Z,flybrain,0.05,0.050000360648879465,50.0,50.000360648879465,6932,47,4,18,18.97599920630455,166.9439971446991
4,20260825T082827Z,flybrain,0.05,0.050000360648879465,50.0,50.000360648879465,6932,47,4,19,16.992000862956047,164.99200463294983
4,20260825T082827Z,flybrain,0.05,0.050000360648879465,50.0,50.000360648879465,6932,47,4,20,17.11999997496605,164.73600268363953
4,20260825T082827Z,flybrain,0.05,0.050000360648879465,50.0,50.000360648879465,6932,47,4,21,16.92800037562847,165.0560051202774
4,20260825T082827Z,flybrain,0.05,0.050000360648879465,50.0,50.000360648879465,6932,47,4,22,16.992000862956047,160.8320027589798
4,20260825T082827Z,flybrain,0.05,0.050000360648879465,50.0,50.000360648879465,6932,47,4,23,17.952000722289085,162.6880019903183
4,20260825T082827Z,flybrain,0.05,0.050000360648879465,50.0,50.000360648879465,6932,47,4,24,16.992000862956047,163.00800442695618
4,20260825T082827Z,flybrain,0.05,0.050000360648879465,50.0,50.000360648879465,6932,47,4,25,16.992000862956047,162.91199624538422
4,20260825T082827Z,flybrain,0.05,0.050000360648879465,50.0,50.000360648879465,6932,47,4,26,17.023999243974686,162.7199947834015
4,20260825T082827Z,flybrain,0.05,0.050000360648879465,50.0,50.000360648879465,6932,47,4,27,16.96000061929226,162.88000345230103
4,20260825T082827Z,flybrain,0.05,0.050000360648879465,50.0,50.000360648879465,6932,47,4,28,17.023999243974686,162.78399527072906
4,20260825T082827Z,flybrain,0.05,0.050000360648879465,50.0,50.000360648879465,6932,47,4,29,17.055999487638474,160.70400178432465
4,20260825T082827Z,flybrain,0.05,0.050000360648879465,50.0,50.000360648879465,6932,47,4,30,17.055999487638474,160.44799983501434
4,20260825T082827Z,flybrain,0.05,0.050000360648879465,50.0,50.000360648879465,6932,47,4,31,16.992000862956047,163.03999722003937
4,20260825T082827Z,flybrain,0.05,0.050000360648879465,50.0,50.000360648879465,6932,47,4,32,16.96000061929226,160.863995552063
4,20260825T082827Z,flybrain,0.05,0.050000360648879465,50.0,50.000360648879465,6932,47,4,33,17.055999487638474,160.96000373363495
4,20260825T082827Z,flybrain,0.05,0.050000360648879465,50.0,50.000360648879465,6932,47,4,34,16.96000061929226,164.8319959640503
4,20260825T082827Z,flybrain,0.05,0.050000360648879465,50.0,50.000360648879465,6932,47,4,35,16.896000131964684,162.88000345230103
4,20260825T082827Z,flybrain,0.05,0.050000360648879465,50.0,50.000360648879465,6932,47,4,36,18.97599920630455,166.78400337696075
4,20260825T082827Z,flybrain,0.05,0.050000360648879465,50.0,50.000360648879465,6932,47,4,37,19.071999937295914,160.5760008096695
4,20260825T082827Z,flybrain,0.05,0.050000360648879465,50.0,50.000360648879465,6932,47,4,38,18.94400082528591,162.59199380874634
4,20260825T082827Z,flybrain,0.05,0.050000360648879465,50.0,50.000360648879465,6932,47,4,39,19.007999449968338,158.81599485874176
4,20260825T082827Z,flybrain,0.05,0.050000360648879465,50.0,50.000360648879465,6932,47,4,40,19.007999449968338,167.07199811935425
4,20260825T082827Z,flybrain,0.05,0.050000360648879465,50.0,50.000360648879465,6932,47,4,41,19.071999937295914,162.56000101566315
4,20260825T082827Z,flybrain,0.05,0.050000360648879465,50.0,50.000360648879465,6932,47,4,42,19.039999693632126,164.92800414562225
4,20260825T082827Z,flybrain,0.05,0.050000360648879465,50.0,50.000360648879465,6932,47,4,43,18.97599920630455,165.0560051202774
4,20260825T082827Z,flybrain,0.05,0.050000360648879465,50.0,50.000360648879465,6932,47,4,44,18.880000337958336,162.59199380874634
4,20260825T082827Z,flybrain,0.05,0.050000360648879465,50.0,50.000360648879465,6932,47,4,45,18.97599920630455,166.78400337696075
4,20260825T082827Z,flybrain,0.05,0.050000360648879465,50.0,50.000360648879465,6932,47,4,46,17.11999997496605,164.99200463294983
4,20260825T082827Z,flybrain,0.05,0.050000360648879465,50.0,50.000360648879465,6932,47,4,47,18.97599920630455,162.88000345230103
4,20260825T082827Z,flybrain,0.05,0.050000360648879465,50.0,50.000360648879465,6932,47,4,48,17.023999243974686,162.91199624538422
4,20260825T082827Z,flybrain,0.05,0.050000360648879465,50.0,50.000360648879465,6932,47,4,49,16.96000061929226,162.9440039396286
4,20260825T082827Z,flybrain,0.05,0.050000360648879465,50.0,50.000360648879465,6932,47,4,50,16.92800037562847,160.863995552063
4,20260825T082827Z,flybrain,0.05,0.050000360648879465,50.0,50.000360648879465,6932,47,4,51,16.96000061929226,167.1680063009262
4,20260825T082827Z,flybrain,0.05,0.050000360648879465,50.0,50.000360648879465,6932,47,4,52,16.896000131964684,165.02399742603302
4,20260825T082827Z,flybrain,0.05,0.050000360648879465,50.0,50.000360648879465,6932,47,4,53,17.023999243974686,164.76799547672272
4,20260825T082827Z,flybrain,0.05,0.050000360648879465,50.0,50.000360648879465,6932,47,4,54,19.13600042462349,162.75200247764587
4,20260825T082827Z,flybrain,0.05,0.050000360648879465,50.0,50.000360648879465,6932,47,4,55,18.97599920630455,168.86399686336517
4,20260825T082827Z,flybrain,0.05,0.050000360648879465,50.0,50.000360648879465,6932,47,4,56,19.039999693632126,160.76800227165222
4,20260825T082827Z,flybrain,0.05,0.050000360648879465,50.0,50.000360648879465,6932,47,4,57,16.992000862956047,161.72799468040466
4,20260825T082827Z,flybrain,0.05,0.050000360648879465,50.0,50.000360648879465,6932,47,4,58,17.08799973130226,160.64000129699707
4,20260825T082827Z,flybrain,0.05,0.050000360648879465,50.0,50.000360648879465,6932,47,4,59,17.023999243974686,158.62399339675903
4,20260825T082827Z,flybrain,0.05,0.050000360648879465,50.0,50.000360648879465,6932,47,4,60,17.023999243974686,161.02400422096252
4,20260825T082827Z,flybrain,0.05,0.050000360648879465,50.0,50.000360648879465,6932,47,4,61,17.055999487638474,160.863995552063
4,20260825T082827Z,flybrain,0.05,0.050000360648879465,50.0,50.000360648879465,6932,47,4,62,16.92800037562847,164.63999450206757
4,20260825T082827Z,flybrain,0.05,0.050000360648879465,50.0,50.000360648879465,6932,47,4,63,17.11999997496605,162.78399527072906
4,20260825T082827Z,flybrain,0.05,0.050000360648879465,50.0,50.000360648879465,6932,47,4,64,16.863999888300896,165.02399742603302
4,20260825T082827Z,flybrain,0.05,0.050000360648879465,50.0,50.000360648879465,6932,47,4,65,19.071999937295914,160.89600324630737
4,20260825T082827Z,flybrain,0.05,0.050000360648879465,50.0,50.000360648879465,6932,47,4,66,16.96000061929226,159.0079963207245
4,20260825T082827Z,flybrain,0.05,0.050000360648879465,50.0,50.000360648879465,6932,47,4,67,19.007999449968338,164.95999693870544
4,20260825T082827Z,flybrain,0.05,0.050000360648879465,50.0,50.000360648879465,6932,47,4,68,18.94400082528591,163.03999722003937
4,20260825T082827Z,flybrain,0.05,0.050000360648879465,50.0,50.000360648879465,6932,47,4,69,17.023999243974686,161.69600188732147
4,20260825T082827Z,flybrain,0.05,0.050000360648879465,50.0,50.000360648879465,6932,47,4,70,17.055999487638474,160.7999950647354
4,20260825T082827Z,flybrain,0.05,0.050000360648879465,50.0,50.000360648879465,6932,47,4,71,16.992000862956047,165.0560051202774
4,20260825T082827Z,flybrain,0.05,0.050000360648879465,50.0,50.000360648879465,6932,47,4,72,17.023999243974686,162.78399527072906
4,20260825T082827Z,flybrain,0.05,0.050000360648879465,50.0,50.000360648879465,6932,47,4,73,16.96000061929226,169.0240055322647
4,20260825T082827Z,flybrain,0.05,0.050000360648879465,50.0,50.000360648879465,6932,47,4,74,17.055999487638474,164.92800414562225
4,20260825T082827Z,flybrain,0.05,0.050000360648879465,50.0,50.000360648879465,6932,47,4,75,17.023999243974686,160.96000373363495
4,20260825T082827Z,flybrain,0.05,0.050000360648879465,50.0,50.000360648879465,6932,47,4,76,16.96000061929226,160.99199652671814
4,20260825T082827Z,flybrain,0.05,0.050000360648879465,50.0,50.000360648879465,6932,47,4,77,16.863999888300896,162.75200247764587
4,20260825T082827Z,flybrain,0.05,0.050000360648879465,50.0,50.000360648879465,6932,47,4,78,17.11999997496605,162.91199624538422
4,20260825T082827Z,flybrain,0.05,0.050000360648879465,50.0,50.000360648879465,6932,47,4,79,16.992000862956047,162.9440039396286
4,20260825T082827Z,flybrain,0.05,0.050000360648879465,50.0,50.000360648879465,6932,47,4,80,16.96000061929226,164.67200219631195
4,20260825T082827Z,flybrain,0.05,0.050000360648879465,50.0,50.000360648879465,6932,47,4,81,17.216000705957413,162.81600296497345
4,20260825T082827Z,flybrain,0.05,0.050000360648879465,50.0,50.000360648879465,6932,47,4,82,16.831999644637108,158.59200060367584
4,20260825T082827Z,flybrain,0.05,0.050000360648879465,50.0,50.000360648879465,6932,47,4,83,16.96000061929226,163.03999722003937
4,20260825T082827Z,flybrain,0.05,0.050000360648879465,50.0,50.000360648879465,6932,47,4,84,16.992000862956047,165.12000560760498
4,20260825T082827Z,flybrain,0.05,0.050000360648879465,50.0,50.000360648879465,6932,47,4,85,16.92800037562847,157.05600380897522
4,20260825T082827Z,flybrain,0.05,0.050000360648879465,50.0,50.000360648879465,6932,47,4,86,16.863999888300896,166.97600483894348
4,20260825T082827Z,flybrain,0.05,0.050000360648879465,50.0,50.000360648879465,6932,47,4,87,17.023999243974686,160.99199652671814
4,20260825T082827Z,flybrain,0.05,0.050000360648879465,50.0,50.000360648879465,6932,47,4,88,16.96000061929226,160.70400178432465
4,20260825T082827Z,flybrain,0.05,0.050000360648879465,50.0,50.000360648879465,6932,47,4,89,17.11999997496605,160.64000129699707
4,20260825T082827Z,flybrain,0.05,0.050000360648879465,50.0,50.000360648879465,6932,47,4,90,16.96000061929226,162.62400150299072
4,20260825T082827Z,flybrain,0.05,0.050000360648879465,50.0,50.000360648879465,6932,47,4,91,17.055999487638474,164.8000031709671
4,20260825T082827Z,flybrain,0.05,0.050000360648879465,50.0,50.000360648879465,6932,47,4,92,16.992000862956047,161.8880033493042
4,20260825T082827Z,flybrain,0.05,0.050000360648879465,50.0,50.000360648879465,6932,47,4,93,17.11999997496605,166.9120043516159
4,20260825T082827Z,flybrain,0.05,0.050000360648879465,50.0,50.000360648879465,6932,47,4,94,17.08799973130226,162.81600296497345
4,20260825T082827Z,flybrain,0.05,0.050000360648879465,50.0,50.000360648879465,6932,47,4,95,16.896000131964684,169.08800601959229
4,20260825T082827Z,flybrain,0.05,0.050000360648879465,50.0,50.000360648879465,6932,47,4,96,16.863999888300896,160.89600324630737
4,20260825T082827Z,flybrain,0.05,0.050000360648879465,50.0,50.000360648879465,6932,47,4,97,17.023999243974686,164.95999693870544
4,20260825T082827Z,flybrain,0.05,0.050000360648879465,50.0,50.000360648879465,6932,47,4,98,16.92800037562847,160.863995552063
4,20260825T082827Z,flybrain,0.05,0.050000360648879465,50.0,50.000360648879465,6932,47,4,99,17.023999243974686,160.5439931154251
4,20260825T082827Z,flybrain,0.05,0.050000360648879465,50.0,50.000360648879465,6932,47,4,100,19.071999937295914,158.6879938840866
4,20260825T082827Z,flybrain,0.05,0.050000360648879465,50.0,50.000360648879465,6932,47,4,101,19.071999937295914,162.9440039396286
4,20260825T082827Z,flybrain,0.05,0.050000360648879465,50.0,50.000360648879465,6932,47,4,102,19.039999693632126,162.56000101566315
4,20260825T082827Z,flybrain,0.05,0.050000360648879465,50.0,50.000360648879465,6932,47,4,103,19.007999449968338,160.70400178432465
4,20260825T082827Z,flybrain,0.05,0.050000360648879465,50.0,50.000360648879465,6932,47,4,104,18.912000581622124,165.02399742603302
4,20260825T082827Z,flybrain,0.05,0.050000360648879465,50.0,50.000360648879465,6932,47,4,105,19.1040001809597,162.9440039396286
4,20260825T082827Z,flybrain,0.05,0.050000360648879465,50.0,50.000360648879465,6932,47,4,106,19.007999449968338,162.7199947834015
4,20260825T082827Z,flybrain,0.05,0.050000360648879465,50.0,50.000360648879465,6932,47,4,107,19.13600042462349,167.1999990940094
4,20260825T082827Z,flybrain,0.05,0.050000360648879465,50.0,50.000360648879465,6932,47,4,108,17.08799973130226,160.70400178432465
4,20260825T082827Z,flybrain,0.05,0.050000360648879465,50.0,50.000360648879465,6932,47,4,109,16.992000862956047,158.84800255298615
4,20260825T082827Z,flybrain,0.05,0.050000360648879465,50.0,50.000360648879465,6932,47,4,110,16.96000061929226,163.00800442695618
4,20260825T082827Z,flybrain,0.05,0.050000360648879465,50.0,50.000360648879465,6932,47,4,111,17.08799973130226,158.62399339675903
4,20260825T082827Z,flybrain,0.05,0.050000360648879465,50.0,50.000360648879465,6932,47,4,112,16.831999644637108,160.70400178432465
4,20260825T082827Z,flybrain,0.05,0.050000360648879465,50.0,50.000360648879465,6932,47,4,113,17.055999487638474,162.9759967327118
4,20260825T082827Z,flybrain,0.05,0.050000360648879465,50.0,50.000360648879465,6932,47,4,114,17.08799973130226,166.72000288963318
4,20260825T082827Z,flybrain,0.05,0.050000360648879465,50.0,50.000360648879465,6932,47,4,115,17.11999997496605,159.7760021686554
4,20260825T082827Z,flybrain,0.05,0.050000360648879465,50.0,50.000360648879465,6932,47,4,116,16.896000131964684,165.02399742603302
4,20260825T082827Z,flybrain,0.05,0.050000360648879465,50.0,50.000360648879465,6932,47,4,117,16.896000131964684,160.96000373363495
4,20260825T082827Z,flybrain,0.05,0.050000360648879465,50.0,50.000360648879465,6932,47,4,118,16.992000862956047,162.88000345230103
4,20260825T082827Z,flybrain,0.05,0.050000360648879465,50.0,50.000360648879465,6932,47,4,119,16.96000061929226,162.75200247764587
4,20260825T082827Z,flybrain,0.05,0.050000360648879465,50.0,50.000360648879465,6932,47,4,120,17.023999243974686,166.84800386428833
4,20260825T082827Z,flybrain,0.05,0.050000360648879465,50.0,50.000360648879465,6932,47,4,121,17.055999487638474,160.60799360275269
4,20260825T082827Z,flybrain,0.05,0.050000360648879465,50.0,50.000360648879465,6932,47,4,122,17.055999487638474,166.78400337696075
4,20260825T082827Z,flybrain,0.05,0.050000360648879465,50.0,50.000360648879465,6932,47,4,123,16.992000862956047,162.7199947834015
4,20260825T082827Z,flybrain,0.05,0.050000360648879465,50.0,50.000360648879465,6932,47,4,124,17.08799973130226,160.8320027589798
4,20260825T082827Z,flybrain,0.05,0.050000360648879465,50.0,50.000360648879465,6932,47,4,125,16.96000061929226,158.78400206565857
4,20260825T082827Z,flybrain,0.05,0.050000360648879465,50.0,50.000360648879465,6932,47,4,126,16.575999557971954,165.6000018119812
4,20260825T082827Z,flybrain,0.05,0.050000360648879465,50.0,50.000360648879465,6932,47,4,127,18.015999346971512,167.55199432373047
4,20260825T082827Z,flybrain,0.05,0.050000360648879465,50.0,50.000360648879465,6932,47,5,0,281.5679907798767,197.952002286911
4,20260825T082827Z,flybrain,0.05,0.050000360648879465,50.0,50.000360648879465,6932,47,5,1,18.36800016462803,162.4000072479248
4,20260825T082827Z,flybrain,0.05,0.050000360648879465,50.0,50.000360648879465,6932,47,5,2,16.383999958634377,162.56000101566315
4,20260825T082827Z,flybrain,0.05,0.050000360648879465,50.0,50.000360648879465,6932,47,5,3,16.224000602960587,160.64000129699707
4,20260825T082827Z,flybrain,0.05,0.050000360648879465,50.0,50.000360648879465,6932,47,5,4,16.256000846624374,162.62400150299072
4,20260825T082827Z,flybrain,0.05,0.050000360648879465,50.0,50.000360648879465,6932,47,5,5,18.65600049495697,159.39199924468994
4,20260825T082827Z,flybrain,0.05,0.050000360648879465,50.0,50.000360648879465,6932,47,5,6,18.65600049495697,164.89599645137787
4,20260825T082827Z,flybrain,0.05,0.050000360648879465,50.0,50.000360648879465,6932,47,5,7,18.719999119639397,160.5439931154251
4,20260825T082827Z,flybrain,0.05,0.050000360648879465,50.0,50.000360648879465,6932,47,5,8,17.632000148296356,165.56799411773682
4,20260825T082827Z,flybrain,0.05,0.050000360648879465,50.0,50.000360648879465,6932,47,5,9,18.464000895619392,162.59199380874634
4,20260825T082827Z,flybrain,0.05,0.050000360648879465,50.0,50.000360648879465,6932,47,5,10,18.559999763965607,167.04000532627106
4,20260825T082827Z,flybrain,0.05,0.050000360648879465,50.0,50.000360648879465,6932,47,5,11,18.432000651955605,163.64799439907074
4,20260825T082827Z,flybrain,0.05,0.050000360648879465,50.0,50.000360648879465,6932,47,5,12,18.36800016462803,162.81600296497345
4,20260825T082827Z,flybrain,0.05,0.050000360648879465,50.0,50.000360648879465,6932,47,5,13,18.49599927663803,163.55200111865997
4,20260825T082827Z,flybrain,0.05,0.050000360648879465,50.0,50.000360648879465,6932,47,5,14,18.49599927663803,165.6319946050644
4,20260825T082827Z,flybrain,0.05,0.050000360648879465,50.0,50.000360648879465,6932,47,5,15,18.49599927663803,162.9440039396286
4,20260825T082827Z,flybrain,0.05,0.050000360648879465,50.0,50.000360648879465,6932,47,5,16,18.52799952030182,160.96000373363495
4,20260825T082827Z,flybrain,0.05,0.050000360648879465,50.0,50.000360648879465,6932,47,5,17,18.624000251293182,161.43999993801117
4,20260825T082827Z,flybrain,0.05,0.050000360648879465,50.0,50.000360648879465,6932,47,5,18,18.52799952030182,164.99200463294983
4,20260825T082827Z,flybrain,0.05,0.050000360648879465,50.0,50.000360648879465,6932,47,5,19,18.52799952030182,163.55200111865997
4,20260825T082827Z,flybrain,0.05,0.050000360648879465,50.0,50.000360648879465,6932,47,5,20,18.52799952030182,162.88000345230103
4,20260825T082827Z,flybrain,0.05,0.050000360648879465,50.0,50.000360648879465,6932,47,5,21,18.592000007629395,164.8000031709671
4,20260825T082827Z,flybrain,0.05,0.050000360648879465,50.0,50.000360648879465,6932,47,5,22,18.559999763965607,160.7999950647354
4,20260825T082827Z,flybrain,0.05,0.050000360648879465,50.0,50.000360648879465,6932,47,5,23,17.503999173641205,163.61600160598755
4,20260825T082827Z,flybrain,0.05,0.050000360648879465,50.0,50.000360648879465,6932,47,5,24,18.464000895619392,162.9759967327118
4,20260825T082827Z,flybrain,0.05,0.050000360648879465,50.0,50.000360648879465,6932,47,5,25,18.432000651955605,163.4880006313324
4,20260825T082827Z,flybrain,0.05,0.050000360648879465,50.0,50.000360648879465,6932,47,5,26,18.464000895619392,162.84799575805664
4,20260825T082827Z,flybrain,0.05,0.050000360648879465,50.0,50.000360648879465,6932,47,5,27,18.464000895619392,163.55200111865997
4,20260825T082827Z,flybrain,0.05,0.050000360648879465,50.0,50.000360648879465,6932,47,5,28,18.49599927663803,163.00800442695618
4,20260825T082827Z,flybrain,0.05,0.050000360648879465,50.0,50.000360648879465,6932,47,5,29,18.624000251293182,161.43999993801117
4,20260825T082827Z,flybrain,0.05,0.050000360648879465,50.0,50.000360648879465,6932,47,5,30,18.49599927663803,161.47199273109436
4,20260825T082827Z,flybrain,0.05,0.050000360648879465,50.0,50.000360648879465,6932,47,5,31,18.464000895619392,161.43999993801117
4,20260825T082827Z,flybrain,0.05,0.050000360648879465,50.0,50.000360648879465,6932,47,5,32,18.49599927663803,160.92799603939056
4,20260825T082827Z,flybrain,0.05,0.050000360648879465,50.0,50.000360648879465,6932,47,5,33,18.464000895619392,160.89600324630737
4,20260825T082827Z,flybrain,0.05,0.050000360648879465,50.0,50.000360648879465,6932,47,5,34,18.49599927663803,164.92800414562225
4,20260825T082827Z,flybrain,0.05,0.050000360648879465,50.0,50.000360648879465,6932,47,5,35,18.624000251293182,160.8320027589798
4,20260825T082827Z,flybrain,0.05,0.050000360648879465,50.0,50.000360648879465,6932,47,5,36,18.49599927663803,164.92800414562225
4,20260825T082827Z,flybrain,0.05,0.050000360648879465,50.0,50.000360648879465,6932,47,5,37,18.624000251293182,158.84800255298615
4,20260825T082827Z,flybrain,0.05,0.050000360648879465,50.0,50.000360648879465,6932,47,5,38,18.65600049495697,162.9440039396286
4,20260825T082827Z,flybrain,0.05,0.050000360648879465,50.0,50.000360648879465,6932,47,5,39,18.559999763965607,158.91200304031372
4,20260825T082827Z,flybrain,0.05,0.050000360648879465,50.0,50.000360648879465,6932,47,5,40,18.464000895619392,164.99200463294983
4,20260825T082827Z,flybrain,0.05,0.050000360648879465,50.0,50.000360648879465,6932,47,5,41,18.592000007629395,162.81600296497345
4,20260825T082827Z,flybrain,0.05,0.050000360648879465,50.0,50.000360648879465,6932,47,5,42,18.52799952030182,162.91199624538422
4,20260825T082827Z,flybrain,0.05,0.050000360648879465,50.0,50.000360648879465,6932,47,5,43,18.400000408291817,163.00800442695618
4,20260825T082827Z,flybrain,0.05,0.050000360648879465,50.0,50.000360648879465,6932,47,5,44,18.592000007629395,160.92799603939056
4,20260825T082827Z,flybrain,0.05,0.050000360648879465,50.0,50.000360648879465,6932,47,5,45,18.624000251293182,167.64800250530243
4,20260825T082827Z,flybrain,0.05,0.050000360648879465,50.0,50.000360648879465,6932,47,5,46,17.472000792622566,162.88000345230103
4,20260825T082827Z,flybrain,0.05,0.050000360648879465,50.0,50.000360648879465,6932,47,5,47,18.592000007629395,160.92799603939056
4,20260825T082827Z,flybrain,0.05,0.050000360648879465,50.0,50.000360648879465,6932,47,5,48,18.624000251293182,163.00800442695618
4,20260825T082827Z,flybrain,0.05,0.050000360648879465,50.0,50.000360648879465,6932,47,5,49,18.432000651955605,163.5199934244156
4,20260825T082827Z,flybrain,0.05,0.050000360648879465,50.0,50.000360648879465,6932,47,5,50,18.464000895619392,160.92799603939056
4,20260825T082827Z,flybrain,0.05,0.050000360648879465,50.0,50.000360648879465,6932,47,5,51,18.49599927663803,165.50399363040924
4,20260825T082827Z,flybrain,0.05,0.050000360648879465,50.0,50.000360648879465,6932,47,5,52,18.464000895619392,165.69599509239197
4,20260825T082827Z,flybrain,0.05,0.050000360648879465,50.0,50.000360648879465,6932,47,5,53,18.432000651955605,163.64799439907074
4,20260825T082827Z,flybrain,0.05,0.050000360648879465,50.0,50.000360648879465,6932,47,5,54,18.400000408291817,162.81600296497345
4,20260825T082827Z,flybrain,0.05,0.050000360648879465,50.0,50.000360648879465,6932,47,5,55,18.52799952030182,167.07199811935425
4,20260825T082827Z,flybrain,0.05,0.050000360648879465,50.0,50.000360648879465,6932,47,5,56,18.49599927663803,161.56800091266632
4,20260825T082827Z,flybrain,0.05,0.050000360648879465,50.0,50.000360648879465,6932,47,5,57,17.983999103307724,160.41600704193115
4,20260825T082827Z,flybrain,0.05,0.050000360648879465,50.0,50.000360648879465,6932,47,5,58,18.49599927663803,160.8320027589798
4,20260825T082827Z,flybrain,0.05,0.050000360648879465,50.0,50.000360648879465,6932,47,5,59,18.559999763965607,158.78400206565857
4,20260825T082827Z,flybrain,0.05,0.050000360648879465,50.0,50.000360648879465,6932,47,5,60,18.592000007629395,160.8320027589798
4,20260825T082827Z,flybrain,0.05,0.050000360648879465,50.0,50.000360648879465,6932,47,5,61,18.432000651955605,160.863995552063
4,20260825T082827Z,flybrain,0.05,0.050000360648879465,50.0,50.000360648879465,6932,47,5,62,18.624000251293182,165.02399742603302
4,20260825T082827Z,flybrain,0.05,0.050000360648879465,50.0,50.000360648879465,6932,47,5,63,18.52799952030182,163.61600160598755
4,20260825T082827Z,flybrain,0.05,0.050000360648879465,50.0,50.000360648879465,6932,47,5,64,18.49599927663803,165.6000018119812
4,20260825T082827Z,flybrain,0.05,0.050000360648879465,50.0,50.000360648879465,6932,47,5,65,18.464000895619392,161.31199896335602
4,20260825T082827Z,flybrain,0.05,0.050000360648879465,50.0,50.000360648879465,6932,47,5,66,18.49599927663803,158.84800255298615
4,20260825T082827Z,flybrain,0.05,0.050000360648879465,50.0,50.000360648879465,6932,47,5,67,18.559999763965607,165.66400229930878
4,20260825T082827Z,flybrain,0.05,0.050000360648879465,50.0,50.000360648879465,6932,47,5,68,18.464000895619392,163.00800442695618
4,20260825T082827Z,flybrain,0.05,0.050000360648879465,50.0,50.000360648879465,6932,47,5,69,18.624000251293182,161.43999993801117
4,20260825T082827Z,flybrain,0.05,0.050000360648879465,50.0,50.000360648879465,6932,47,5,70,18.36800016462803,161.3759994506836
4,20260825T082827Z,flybrain,0.05,0.050000360648879465,50.0,50.000360648879465,6932,47,5,71,18.49599927663803,163.00800442695618
4,20260825T082827Z,flybrain,0.05,0.050000360648879465,50.0,50.000360648879465,6932,47,5,72,18.464000895619392,162.81600296497345
4,20260825T082827Z,flybrain,0.05,0.050000360648879465,50.0,50.000360648879465,6932,47,5,73,18.432000651955605,169.37600076198578
4,20260825T082827Z,flybrain,0.05,0.050000360648879465,50.0,50.000360648879465,6932,47,5,74,18.52799952030182,165.53600132465363
4,20260825T082827Z,flybrain,0.05,0.050000360648879465,50.0,50.000360648879465,6932,47,5,75,18.432000651955605,161.47199273109436
4,20260825T082827Z,flybrain,0.05,0.050000360648879465,50.0,50.000360648879465,6932,47,5,76,18.464000895619392,161.69600188732147
4,20260825T082827Z,flybrain,0.05,0.050000360648879465,50.0,50.000360648879465,6932,47,5,77,18.36800016462803,162.81600296497345
4,20260825T082827Z,flybrain,0.05,0.050000360648879465,50.0,50.000360648879465,6932,47,5,78,18.592000007629395,162.9759967327118
4,20260825T082827Z,flybrain,0.05,0.050000360648879465,50.0,50.000360648879465,6932,47,5,79,18.559999763965607,161.53599321842194
4,20260825T082827Z,flybrain,0.05,0.050000360648879465,50.0,50.000360648879465,6932,47,5,80,18.52799952030182,166.07999801635742
4,20260825T082827Z,flybrain,0.05,0.050000360648879465,50.0,50.000360648879465,6932,47,5,81,18.464000895619392,163.455992937088
4,20260825T082827Z,flybrain,0.05,0.050000360648879465,50.0,50.000360648879465,6932,47,5,82,18.52799952030182,159.45599973201752
4,20260825T082827Z,flybrain,0.05,0.050000360648879465,50.0,50.000360648879465,6932,47,5,83,18.52799952030182,162.9440039396286
4,20260825T082827Z,flybrain,0.05,0.050000360648879465,50.0,50.000360648879465,6932,47,5,84,18.464000895619392,165.50399363040924
4,20260825T082827Z,flybrain,0.05,0.050000360648879465,50.0,50.000360648879465,6932,47,5,85,18.432000651955605,157.3439985513687
4,20260825T082827Z,flybrain,0.05,0.050000360648879465,50.0,50.000360648879465,6932,47,5,86,18.49599927663803,167.55199432373047
4,20260825T082827Z,flybrain,0.05,0.050000360648879465,50.0,50.000360648879465,6932,47,5,87,18.49599927663803,160.96000373363495
4,20260825T082827Z,flybrain,0.05,0.050000360648879465,50.0,50.000360648879465,6932,47,5,88,18.49599927663803,159.39199924468994
4,20260825T082827Z,flybrain,0.05,0.050000360648879465,50.0,50.000360648879465,6932,47,5,89,18.464000895619392,160.8320027589798
4,20260825T082827Z,flybrain,0.05,0.050000360648879465,50.0,50.000360648879465,6932,47,5,90,18.592000007629395,162.81600296497345
4,20260825T082827Z,flybrain,0.05,0.050000360648879465,50.0,50.000360648879465,6932,47,5,91,18.624000251293182,165.6319946050644
4,20260825T082827Z,flybrain,0.05,0.050000360648879465,50.0,50.000360648879465,6932,47,5,92,18.464000895619392,161.56800091266632
4,20260825T082827Z,flybrain,0.05,0.050000360648879465,50.0,50.000360648879465,6932,47,5,93,17.343999817967415,167.04000532627106
4,20260825T082827Z,flybrain,0.05,0.050000360648879465,50.0,50.000360648879465,6932,47,5,94,18.624000251293182,160.89600324630737
4,20260825T082827Z,flybrain,0.05,0.050000360648879465,50.0,50.000360648879465,6932,47,5,95,18.559999763965607,168.99199783802032
4,20260825T082827Z,flybrain,0.05,0.050000360648879465,50.0,50.000360648879465,6932,47,5,96,18.624000251293182,160.7999950647354
4,20260825T082827Z,flybrain,0.05,0.050000360648879465,50.0,50.000360648879465,6932,47,5,97,18.624000251293182,164.92800414562225
4,20260825T082827Z,flybrain,0.05,0.050000360648879465,50.0,50.000360648879465,6932,47,5,98,18.624000251293182,159.36000645160675
4,20260825T082827Z,flybrain,0.05,0.050000360648879465,50.0,50.000360648879465,6932,47,5,99,18.49599927663803,159.39199924468994
4,20260825T082827Z,flybrain,0.05,0.050000360648879465,50.0,50.000360648879465,6932,47,5,100,18.464000895619392,159.4880074262619
4,20260825T082827Z,flybrain,0.05,0.050000360648879465,50.0,50.000360648879465,6932,47,5,101,18.49599927663803,162.91199624538422
4,20260825T082827Z,flybrain,0.05,0.050000360648879465,50.0,50.000360648879465,6932,47,5,102,18.592000007629395,162.9440039396286
4,20260825T082827Z,flybrain,0.05,0.050000360648879465,50.0,50.000360648879465,6932,47,5,103,18.52799952030182,158.91200304031372
4,20260825T082827Z,flybrain,0.05,0.050000360648879465,50.0,50.000360648879465,6932,47,5,104,18.592000007629395,165.6000018119812
4,20260825T082827Z,flybrain,0.05,0.050000360648879465,50.0,50.000360648879465,6932,47,5,105,18.52799952030182,162.81600296497345
4,20260825T082827Z,flybrain,0.05,0.050000360648879465,50.0,50.000360648879465,6932,47,5,106,18.559999763965607,162.9759967327118
4,20260825T082827Z,flybrain,0.05,0.050000360648879465,50.0,50.000360648879465,6932,47,5,107,18.432000651955605,165.0560051202774
4,20260825T082827Z,flybrain,0.05,0.050000360648879465,50.0,50.000360648879465,6932,47,5,108,18.592000007629395,160.92799603939056
4,20260825T082827Z,flybrain,0.05,0.050000360648879465,50.0,50.000360648879465,6932,47,5,109,18.49599927663803,158.87999534606934
4,20260825T082827Z,flybrain,0.05,0.050000360648879465,50.0,50.000360648879465,6932,47,5,110,18.624000251293182,163.58399391174316
4,20260825T082827Z,flybrain,0.05,0.050000360648879465,50.0,50.000360648879465,6932,47,5,111,18.49599927663803,158.91200304031372
4,20260825T082827Z,flybrain,0.05,0.050000360648879465,50.0,50.000360648879465,6932,47,5,112,18.464000895619392,159.39199924468994
4,20260825T082827Z,flybrain,0.05,0.050000360648879465,50.0,50.000360648879465,6932,47,5,113,18.52799952030182,163.00800442695618
4,20260825T082827Z,flybrain,0.05,0.050000360648879465,50.0,50.000360648879465,6932,47,5,114,18.592000007629395,167.55199432373047
4,20260825T082827Z,flybrain,0.05,0.050000360648879465,50.0,50.000360648879465,6932,47,5,115,18.49599927663803,158.91200304031372
4,20260825T082827Z,flybrain,0.05,0.050000360648879465,50.0,50.000360648879465,6932,47,5,116,18.592000007629395,165.0560051202774
4,20260825T082827Z,flybrain,0.05,0.050000360648879465,50.0,50.000360648879465,6932,47,5,117,18.49599927663803,162.84799575805664
4,20260825T082827Z,flybrain,0.05,0.050000360648879465,50.0,50.000360648879465,6932,47,5,118,18.559999763965607,162.84799575805664
4,20260825T082827Z,flybrain,0.05,0.050000360648879465,50.0,50.000360648879465,6932,47,5,119,18.400000408291817,163.58399391174316
4,20260825T082827Z,flybrain,0.05,0.050000360648879465,50.0,50.000360648879465,6932,47,5,120,18.49599927663803,165.50399363040924
4,20260825T082827Z,flybrain,0.05,0.050000360648879465,50.0,50.000360648879465,6932,47,5,121,18.49599927663803,160.89600324630737
4,20260825T082827Z,flybrain,0.05,0.050000360648879465,50.0,50.000360648879465,6932,47,5,122,18.624000251293182,165.66400229930878
4,20260825T082827Z,flybrain,0.05,0.050000360648879465,50.0,50.000360648879465,6932,47,5,123,18.400000408291817,160.92799603939056
4,20260825T082827Z,flybrain,0.05,0.050000360648879465,50.0,50.000360648879465,6932,47,5,124,18.49599927663803,161.43999993801117
4,20260825T082827Z,flybrain,0.05,0.050000360648879465,50.0,50.000360648879465,6932,47,5,125,18.464000895619392,159.39199924468994
4,20260825T082827Z,flybrain,0.05,0.050000360648879465,50.0,50.000360648879465,6932,47,5,126,18.49599927663803,166.55999422073364
4,20260825T082827Z,flybrain,0.05,0.050000360648879465,50.0,50.000360648879465,6932,47,5,127,18.079999834299088,167.58400201797485
4,20260825T082827Z,flybrain,0.05,0.050000360648879465,50.0,50.000360648879465,6932,47,6,0,292.1279966831207,197.1520036458969
4,20260825T082827Z,flybrain,0.05,0.050000360648879465,50.0,50.000360648879465,6932,47,6,1,18.400000408291817,162.9759967327118
4,20260825T082827Z,flybrain,0.05,0.050000360648879465,50.0,50.000360648879465,6932,47,6,2,18.432000651955605,162.6559942960739
4,20260825T082827Z,flybrain,0.05,0.050000360648879465,50.0,50.000360648879465,6932,47,6,3,18.880000337958336,162.56000101566315
4,20260825T082827Z,flybrain,0.05,0.050000360648879465,50.0,50.000360648879465,6932,47,6,4,18.33599992096424,162.6880019903183
4,20260825T082827Z,flybrain,0.05,0.050000360648879465,50.0,50.000360648879465,6932,47,6,5,18.52799952030182,160.35200655460358
4,20260825T082827Z,flybrain,0.05,0.050000360648879465,50.0,50.000360648879465,6932,47,6,6,20.51199972629547,166.72000288963318
4,20260825T082827Z,flybrain,0.05,0.050000360648879465,50.0,50.000360648879465,6932,47,6,7,17.696000635623932,160.44799983501434
4,20260825T082827Z,flybrain,0.05,0.050000360648879465,50.0,50.000360648879465,6932,47,6,8,18.65600049495697,164.99200463294983
4,20260825T082827Z,flybrain,0.05,0.050000360648879465,50.0,50.000360648879465,6932,47,6,9,18.912000581622124,162.7199947834015
4,20260825T082827Z,flybrain,0.05,0.050000360648879465,50.0,50.000360648879465,6932,47,6,10,18.880000337958336,166.87999665737152
4,20260825T082827Z,flybrain,0.05,0.050000360648879465,50.0,50.000360648879465,6932,47,6,11,18.94400082528591,162.7199947834015
4,20260825T082827Z,flybrain,0.05,0.050000360648879465,50.0,50.000360648879465,6932,47,6,12,16.992000862956047,164.89599645137787
4,20260825T082827Z,flybrain,0.05,0.050000360648879465,50.0,50.000360648879465,6932,47,6,13,16.96000061929226,162.91199624538422
4,20260825T082827Z,flybrain,0.05,0.050000360648879465,50.0,50.000360648879465,6932,47,6,14,17.023999243974686,165.15199840068817
4,20260825T082827Z,flybrain,0.05,0.050000360648879465,50.0,50.000360648879465,6932,47,6,15,19.007999449968338,162.78399527072906
4,20260825T082827Z,flybrain,0.05,0.050000360648879465,50.0,50.000360648879465,6932,47,6,16,17.023999243974686,160.47999262809753
4,20260825T082827Z,flybrain,0.05,0.050000360648879465,50.0,50.000360648879465,6932,47,6,17,18.112000077962875,161.05599701404572
4,20260825T082827Z,flybrain,0.05,0.050000360648879465,50.0,50.000360648879465,6932,47,6,18,18.94400082528591,164.92800414562225
4,20260825T082827Z,flybrain,0.05,0.050000360648879465,50.0,50.000360648879465,6932,47,6,19,17.023999243974686,164.89599645137787
4,20260825T082827Z,flybrain,0.05,0.050000360648879465,50.0,50.000360648879465,6932,47,6,20,16.992000862956047,164.70399498939514
4,20260825T082827Z,flybrain,0.05,0.050000360648879465,50.0,50.000360648879465,6932,47,6,21,17.216000705957413,164.95999693870544
4,20260825T082827Z,flybrain,0.05,0.050000360648879465,50.0,50.000360648879465,6932,47,6,22,16.863999888300896,160.89600324630737
4,20260825T082827Z,flybrain,0.05,0.050000360648879465,50.0,50.000360648879465,6932,47,6,23,16.96000061929226,162.62400150299072
4,20260825T082827Z,flybrain,0.05,0.050000360648879465,50.0,50.000360648879465,6932,47,6,24,16.992000862956047,162.84799575805664
4,20260825T082827Z,flybrain,0.05,0.050000360648879465,50.0,50.000360648879465,6932,47,6,25,16.992000862956047,162.81600296497345
4,20260825T082827Z,flybrain,0.05,0.050000360648879465,50.0,50.000360648879465,6932,47,6,26,16.92800037562847,164.92800414562225
4,20260825T082827Z,flybrain,0.05,0.050000360648879465,50.0,50.000360648879465,6932,47,6,27,17.023999243974686,163.10399770736694
4,20260825T082827Z,flybrain,0.05,0.050000360648879465,50.0,50.000360648879465,6932,47,6,28,17.023999243974686,162.81600296497345
4,20260825T082827Z,flybrain,0.05,0.050000360648879465,50.0,50.000360648879465,6932,47,6,29,17.023999243974686,160.863995552063
4,20260825T082827Z,flybrain,0.05,0.050000360648879465,50.0,50.000360648879465,6932,47,6,30,17.055999487638474,160.7999950647354
4,20260825T082827Z,flybrain,0.05,0.050000360648879465,50.0,50.000360648879465,6932,47,6,31,17.023999243974686,160.863995552063
4,20260825T082827Z,flybrain,0.05,0.050000360648879465,50.0,50.000360648879465,6932,47,6,32,16.992000862956047,158.59200060367584
4,20260825T082827Z,flybrain,0.05,0.050000360648879465,50.0,50.000360648879465,6932,47,6,33,17.055999487638474,162.88000345230103
4,20260825T082827Z,flybrain,0.05,0.050000360648879465,50.0,50.000360648879465,6932,47,6,34,17.023999243974686,164.73600268363953
4,20260825T082827Z,flybrain,0.05,0.050000360648879465,50.0,50.000360648879465,6932,47,6,35,16.992000862956047,160.60799360275269
4,20260825T082827Z,flybrain,0.05,0.050000360648879465,50.0,50.000360648879465,6932,47,6,36,18.97599920630455,166.9120043516159
4,20260825T082827Z,flybrain,0.05,0.050000360648879465,50.0,50.000360648879465,6932,47,6,37,19.200000911951065,160.8320027589798
4,20260825T082827Z,flybrain,0.05,0.050000360648879465,50.0,50.000360648879465,6932,47,6,38,18.94400082528591,162.84799575805664
4,20260825T082827Z,flybrain,0.05,0.050000360648879465,50.0,50.000360648879465,6932,47,6,39,19.071999937295914,158.84800255298615
4,20260825T082827Z,flybrain,0.05,0.050000360648879465,50.0,50.000360648879465,6932,47,6,40,19.007999449968338,166.75199568271637
4,20260825T082827Z,flybrain,0.05,0.050000360648879465,50.0,50.000360648879465,6932,47,6,41,19.1040001809597,162.84799575805664
4,20260825T082827Z,flybrain,0.05,0.050000360648879465,50.0,50.000360648879465,6932,47,6,42,19.007999449968338,162.6559942960739
4,20260825T082827Z,flybrain,0.05,0.050000360648879465,50.0,50.000360648879465,6932,47,6,43,19.007999449968338,162.91199624538422
4,20260825T082827Z,flybrain,0.05,0.050000360648879465,50.0,50.000360648879465,6932,47,6,44,19.071999937295914,162.81600296497345
4,20260825T082827Z,flybrain,0.05,0.050000360648879465,50.0,50.000360648879465,6932,47,6,45,19.007999449968338,166.6879951953888
4,20260825T082827Z,flybrain,0.05,0.050000360648879465,50.0,50.000360648879465,6932,47,6,46,16.992000862956047,163.83999586105347
4,20260825T082827Z,flybrain,0.05,0.050000360648879465,50.0,50.000360648879465,6932,47,6,47,19.007999449968338,160.8320027589798
4,20260825T082827Z,flybrain,0.05,0.050000360648879465,50.0,50.000360648879465,6932,47,6,48,17.023999243974686,161.02400422096252
4,20260825T082827Z,flybrain,0.05,0.050000360648879465,50.0,50.000360648879465,6932,47,6,49,16.96000061929226,162.9440039396286
4,20260825T082827Z,flybrain,0.05,0.050000360648879465,50.0,50.000360648879465,6932,47,6,50,17.023999243974686,162.91199624538422
4,20260825T082827Z,flybrain,0.05,0.050000360648879465,50.0,50.000360648879465,6932,47,6,51,17.055999487638474,164.86400365829468
4,20260825T082827Z,flybrain,0.05,0.050000360648879465,50.0,50.000360648879465,6932,47,6,52,16.992000862956047,164.89599645137787
4,20260825T082827Z,flybrain,0.05,0.050000360648879465,50.0,50.000360648879465,6932,47,6,53,17.08799973130226,164.63999450206757
4,20260825T082827Z,flybrain,0.05,0.050000360648879465,50.0,50.000360648879465,6932,47,6,54,19.168000668287277,162.84799575805664
4,20260825T082827Z,flybrain,0.05,0.050000360648879465,50.0,50.000360648879465,6932,47,6,55,19.13600042462349,168.83200407028198
4,20260825T082827Z,flybrain,0.05,0.050000360648879465,50.0,50.000360648879465,6932,47,6,56,18.912000581622124,160.92799603939056
4,20260825T082827Z,flybrain,0.05,0.050000360648879465,50.0,50.000360648879465,6932,47,6,57,17.11999997496605,160.67199409008026
4,20260825T082827Z,flybrain,0.05,0.050000360648879465,50.0,50.000360648879465,6932,47,6,58,16.896000131964684,162.75200247764587
4,20260825T082827Z,flybrain,0.05,0.050000360648879465,50.0,50.000360648879465,6932,47,6,59,16.992000862956047,158.65600109100342
4,20260825T082827Z,flybrain,0.05,0.050000360648879465,50.0,50.000360648879465,6932,47,6,60,17.184000462293625,160.60799360275269
4,20260825T082827Z,flybrain,0.05,0.050000360648879465,50.0,50.000360648879465,6932,47,6,61,17.055999487638474,162.9440039396286
4,20260825T082827Z,flybrain,0.05,0.050000360648879465,50.0,50.000360648879465,6932,47,6,62,17.023999243974686,166.81599617004395
4,20260825T082827Z,flybrain,0.05,0.050000360648879465,50.0,50.000360648879465,6932,47,6,63,17.023999243974686,162.88000345230103
4,20260825T082827Z,flybrain,0.05,0.050000360648879465,50.0,50.000360648879465,6932,47,6,64,17.023999243974686,164.99200463294983
4,20260825T082827Z,flybrain,0.05,0.050000360648879465,50.0,50.000360648879465,6932,47,6,65,19.039999693632126,160.67199409008026
4,20260825T082827Z,flybrain,0.05,0.050000360648879465,50.0,50.000360648879465,6932,47,6,66,17.152000218629837,160.7999950647354
4,20260825T082827Z,flybrain,0.05,0.050000360648879465,50.0,50.000360648879465,6932,47,6,67,17.055999487638474,164.89599645137787
4,20260825T082827Z,flybrain,0.05,0.050000360648879465,50.0,50.000360648879465,6932,47,6,68,16.863999888300896,162.9440039396286
4,20260825T082827Z,flybrain,0.05,0.050000360648879465,50.0,50.000360648879465,6932,47,6,69,19.007999449968338,159.7760021686554
4,20260825T082827Z,flybrain,0.05,0.050000360648879465,50.0,50.000360648879465,6932,47,6,70,16.96000061929226,160.89600324630737
4,20260825T082827Z,flybrain,0.05,0.050000360648879465,50.0,50.000360648879465,6932,47,6,71,17.055999487638474,164.99200463294983
4,20260825T082827Z,flybrain,0.05,0.050000360648879465,50.0,50.000360648879465,6932,47,6,72,16.992000862956047,162.59199380874634
4,20260825T082827Z,flybrain,0.05,0.050000360648879465,50.0,50.000360648879465,6932,47,6,73,16.96000061929226,169.0559983253479
4,20260825T082827Z,flybrain,0.05,0.050000360648879465,50.0,50.000360648879465,6932,47,6,74,17.055999487638474,164.95999693870544
4,20260825T082827Z,flybrain,0.05,0.050000360648879465,50.0,50.000360648879465,6932,47,6,75,17.11999997496605,160.89600324630737
4,20260825T082827Z,flybrain,0.05,0.050000360648879465,50.0,50.000360648879465,6932,47,6,76,17.055999487638474,160.64000129699707
4,20260825T082827Z,flybrain,0.05,0.050000360648879465,50.0,50.000360648879465,6932,47,6,77,17.023999243974686,162.9440039396286
4,20260825T082827Z,flybrain,0.05,0.050000360648879465,50.0,50.000360648879465,6932,47,6,78,17.023999243974686,165.0560051202774
4,20260825T082827Z,flybrain,0.05,0.050000360648879465,50.0,50.000360648879465,6932,47,6,79,17.023999243974686,163.00800442695618
4,20260825T082827Z,flybrain,0.05,0.050000360648879465,50.0,50.000360648879465,6932,47,6,80,16.863999888300896,166.87999665737152
4,20260825T082827Z,flybrain,0.05,0.050000360648879465,50.0,50.000360648879465,6932,47,6,81,17.152000218629837,162.78399527072906
4,20260825T082827Z,flybrain,0.05,0.050000360648879465,50.0,50.000360648879465,6932,47,6,82,16.992000862956047,158.59200060367584
4,20260825T082827Z,flybrain,0.05,0.050000360648879465,50.0,50.000360648879465,6932,47,6,83,16.92800037562847,163.03999722003937
4,20260825T082827Z,flybrain,0.05,0.050000360648879465,50.0,50.000360648879465,6932,47,6,84,16.96000061929226,165.0879979133606
4,20260825T082827Z,flybrain,0.05,0.050000360648879465,50.0,50.000360648879465,6932,47,6,85,16.992000862956047,158.9760035276413
4,20260825T082827Z,flybrain,0.05,0.050000360648879465,50.0,50.000360648879465,6932,47,6,86,16.896000131964684,166.81599617004395
4,20260825T082827Z,flybrain,0.05,0.050000360648879465,50.0,50.000360648879465,6932,47,6,87,16.96000061929226,161.02400422096252
4,20260825T082827Z,flybrain,0.05,0.050000360648879465,50.0,50.000360648879465,6932,47,6,88,16.96000061929226,160.96000373363495
4,20260825T082827Z,flybrain,0.05,0.050000360648879465,50.0,50.000360648879465,6932,47,6,89,16.992000862956047,160.863995552063
4,20260825T082827Z,flybrain,0.05,0.050000360648879465,50.0,50.000360648879465,6932,47,6,90,17.055999487638474,164.60800170898438
4,20260825T082827Z,flybrain,0.05,0.050000360648879465,50.0,50.000360648879465,6932,47,6,91,16.92800037562847,164.92800414562225
4,20260825T082827Z,flybrain,0.05,0.050000360648879465,50.0,50.000360648879465,6932,47,6,92,16.992000862956047,159.90400314331055
4,20260825T082827Z,flybrain,0.05,0.050000360648879465,50.0,50.000360648879465,6932,47,6,93,16.896000131964684,166.97600483894348
4,20260825T082827Z,flybrain,0.05,0.050000360648879465,50.0,50.000360648879465,6932,47,6,94,16.92800037562847,160.8320027589798
4,20260825T082827Z,flybrain,0.05,0.050000360648879465,50.0,50.000360648879465,6932,47,6,95,16.92800037562847,169.24799978733063
4,20260825T082827Z,flybrain,0.05,0.050000360648879465,50.0,50.000360648879465,6932,47,6,96,16.863999888300896,160.92799603939056
4,20260825T082827Z,flybrain,0.05,0.050000360648879465,50.0,50.000360648879465,6932,47,6,97,16.92800037562847,164.8000031709671
4,20260825T082827Z,flybrain,0.05,0.050000360648879465,50.0,50.000360648879465,6932,47,6,98,16.92800037562847,158.65600109100342
4,20260825T082827Z,flybrain,0.05,0.050000360648879465,50.0,50.000360648879465,6932,47,6,99,16.92800037562847,160.73599457740784
4,20260825T082827Z,flybrain,0.05,0.050000360648879465,50.0,50.000360648879465,6932,47,6,100,19.039999693632126,158.52800011634827
4,20260825T082827Z,flybrain,0.05,0.050000360648879465,50.0,50.000360648879465,6932,47,6,101,19.231999292969704,164.8319959640503
4,20260825T082827Z,flybrain,0.05,0.050000360648879465,50.0,50.000360648879465,6932,47,6,102,19.071999937295914,162.56000101566315
4,20260825T082827Z,flybrain,0.05,0.050000360648879465,50.0,50.000360648879465,6932,47,6,103,19.007999449968338,160.73599457740784
4,20260825T082827Z,flybrain,0.05,0.050000360648879465,50.0,50.000360648879465,6932,47,6,104,18.94400082528591,165.02399742603302
4,20260825T082827Z,flybrain,0.05,0.050000360648879465,50.0,50.000360648879465,6932,47,6,105,19.071999937295914,162.9440039396286
4,20260825T082827Z,flybrain,0.05,0.050000360648879465,50.0,50.000360648879465,6932,47,6,106,19.039999693632126,164.76799547672272
4,20260825T082827Z,flybrain,0.05,0.050000360648879465,50.0,50.000360648879465,6932,47,6,107,18.97599920630455,165.0560051202774
4,20260825T082827Z,flybrain,0.05,0.050000360648879465,50.0,50.000360648879465,6932,47,6,108,17.055999487638474,160.70400178432465
4,20260825T082827Z,flybrain,0.05,0.050000360648879465,50.0,50.000360648879465,6932,47,6,109,16.96000061929226,160.99199652671814
4,20260825T082827Z,flybrain,0.05,0.050000360648879465,50.0,50.000360648879465,6932,47,6,110,17.055999487638474,162.81600296497345
4,20260825T082827Z,flybrain,0.05,0.050000360648879465,50.0,50.000360648879465,6932,47,6,111,16.992000862956047,158.84800255298615
4,20260825T082827Z,flybrain,0.05,0.050000360648879465,50.0,50.000360648879465,6932,47,6,112,16.92800037562847,158.49600732326508
4,20260825T082827Z,flybrain,0.05,0.050000360648879465,50.0,50.000360648879465,6932,47,6,113,17.055999487638474,162.9759967327118
4,20260825T082827Z,flybrain,0.05,0.050000360648879465,50.0,50.000360648879465,6932,47,6,114,17.08799973130226,166.75199568271637
4,20260825T082827Z,flybrain,0.05,0.050000360648879465,50.0,50.000360648879465,6932,47,6,115,17.055999487638474,159.71200168132782
4,20260825T082827Z,flybrain,0.05,0.050000360648879465,50.0,50.000360648879465,6932,47,6,116,16.96000061929226,165.02399742603302
4,20260825T082827Z,flybrain,0.05,0.050000360648879465,50.0,50.000360648879465,6932,47,6,117,16.896000131964684,160.89600324630737
4,20260825T082827Z,flybrain,0.05,0.050000360648879465,50.0,50.000360648879465,6932,47,6,118,16.96000061929226,164.8319959640503
4,20260825T082827Z,flybrain,0.05,0.050000360648879465,50.0,50.000360648879465,6932,47,6,119,17.023999243974686,162.81600296497345
4,20260825T082827Z,flybrain,0.05,0.050000360648879465,50.0,50.000360648879465,6932,47,6,120,16.863999888300896,164.95999693870544
4,20260825T082827Z,flybrain,0.05,0.050000360648879465,50.0,50.000360648879465,6932,47,6,121,17.055999487638474,160.60799360275269
4,20260825T082827Z,flybrain,0.05,0.050000360648879465,50.0,50.000360648879465,6932,47,6,122,17.055999487638474,166.81599617004395
4,20260825T082827Z,flybrain,0.05,0.050000360648879465,50.0,50.000360648879465,6932,47,6,123,17.023999243974686,162.84799575805664
4,20260825T082827Z,flybrain,0.05,0.050000360648879465,50.0,50.000360648879465,6932,47,6,124,17.023999243974686,160.7999950647354
4,20260825T082827Z,flybrain,0.05,0.050000360648879465,50.0,50.000360648879465,6932,47,6,125,16.96000061929226,158.84800255298615
4,20260825T082827Z,flybrain,0.05,0.050000360648879465,50.0,50.000360648879465,6932,47,6,126,16.575999557971954,167.58400201797485
4,20260825T082827Z,flybrain,0.05,0.050000360648879465,50.0,50.000360648879465,6932,47,6,127,18.0479995906353,167.58400201797485
4,20260825T082827Z,flybrain,0.05,0.050000360648879465,50.0,50.000360648879465,6932,47,7,0,218.9439982175827,185.5359971523285
4,20260825T082827Z,flybrain,0.05,0.050000360648879465,50.0,50.000360648879465,6932,47,7,1,16.48000068962574,160.92799603939056
4,20260825T082827Z,flybrain,0.05,0.050000360648879465,50.0,50.000360648879465,6932,47,7,2,17.983999103307724,164.76799547672272
4,20260825T082827Z,flybrain,0.05,0.050000360648879465,50.0,50.000360648879465,6932,47,7,3,19.231999292969704,162.62400150299072
4,20260825T082827Z,flybrain,0.05,0.050000360648879465,50.0,50.000360648879465,6932,47,7,4,16.575999557971954,164.70399498939514
4,20260825T082827Z,flybrain,0.05,0.050000360648879465,50.0,50.000360648879465,6932,47,7,5,18.592000007629395,158.62399339675903
4,20260825T082827Z,flybrain,0.05,0.050000360648879465,50.0,50.000360648879465,6932,47,7,6,19.29599978029728,166.81599617004395
4,20260825T082827Z,flybrain,0.05,0.050000360648879465,50.0,50.000360648879465,6932,47,7,7,18.912000581622124,162.78399527072906
4,20260825T082827Z,flybrain,0.05,0.050000360648879465,50.0,50.000360648879465,6932,47,7,8,18.33599992096424,165.02399742603302
4,20260825T082827Z,flybrain,0.05,0.050000360648879465,50.0,50.000360648879465,6932,47,7,9,18.464000895619392,164.8000031709671
4,20260825T082827Z,flybrain,0.05,0.050000360648879465,50.0,50.000360648879465,6932,47,7,10,18.624000251293182,167.07199811935425
4,20260825T082827Z,flybrain,0.05,0.050000360648879465,50.0,50.000360648879465,6932,47,7,11,18.432000651955605,161.53599321842194
4,20260825T082827Z,flybrain,0.05,0.050000360648879465,50.0,50.000360648879465,6932,47,7,12,18.52799952030182,165.0560051202774
4,20260825T082827Z,flybrain,0.05,0.050000360648879465,50.0,50.000360648879465,6932,47,7,13,18.624000251293182,163.4880006313324
4,20260825T082827Z,flybrain,0.05,0.050000360648879465,50.0,50.000360648879465,6932,47,7,14,18.49599927663803,165.69599509239197
4,20260825T082827Z,flybrain,0.05,0.050000360648879465,50.0,50.000360648879465,6932,47,7,15,18.432000651955605,162.9759967327118
4,20260825T082827Z,flybrain,0.05,0.050000360648879465,50.0,50.000360648879465,6932,47,7,16,18.464000895619392,160.96000373363495
4,20260825T082827Z,flybrain,0.05,0.050000360648879465,50.0,50.000360648879465,6932,47,7,17,18.464000895619392,162.88000345230103
4,20260825T082827Z,flybrain,0.05,0.050000360648879465,50.0,50.000360648879465,6932,47,7,18,18.592000007629395,165.47200083732605
4,20260825T082827Z,flybrain,0.05,0.050000360648879465,50.0,50.000360648879465,6932,47,7,19,18.49599927663803,165.69599509239197
4,20260825T082827Z,flybrain,0.05,0.050000360648879465,50.0,50.000360648879465,6932,47,7,20,18.400000408291817,163.00800442695618
4,20260825T082827Z,flybrain,0.05,0.050000360648879465,50.0,50.000360648879465,6932,47,7,21,18.624000251293182,164.89599645137787
4,20260825T082827Z,flybrain,0.05,0.050000360648879465,50.0,50.000360648879465,6932,47,7,22,18.592000007629395,162.91199624538422
4,20260825T082827Z,flybrain,0.05,0.050000360648879465,50.0,50.000360648879465,6932,47,7,23,18.624000251293182,163.71199488639832
4,20260825T082827Z,flybrain,0.05,0.050000360648879465,50.0,50.000360648879465,6932,47,7,24,18.33599992096424,163.00800442695618
4,20260825T082827Z,flybrain,0.05,0.050000360648879465,50.0,50.000360648879465,6932,47,7,25,18.624000251293182,162.84799575805664
4,20260825T082827Z,flybrain,0.05,0.050000360648879465,50.0,50.000360648879465,6932,47,7,26,18.624000251293182,162.9759967327118
4,20260825T082827Z,flybrain,0.05,0.050000360648879465,50.0,50.000360648879465,6932,47,7,27,18.52799952030182,163.64799439907074
4,20260825T082827Z,flybrain,0.05,0.050000360648879465,50.0,50.000360648879465,6932,47,7,28,18.432000651955605,163.03999722003937
4,20260825T082827Z,flybrain,0.05,0.050000360648879465,50.0,50.000360648879465,6932,47,7,29,18.624000251293182,161.31199896335602
4,20260825T082827Z,flybrain,0.05,0.050000360648879465,50.0,50.000360648879465,6932,47,7,30,18.49599927663803,161.40800714492798
4,20260825T082827Z,flybrain,0.05,0.050000360648879465,50.0,50.000360648879465,6932,47,7,31,18.400000408291817,161.56800091266632
4,20260825T082827Z,flybrain,0.05,0.050000360648879465,50.0,50.000360648879465,6932,47,7,32,18.49599927663803,159.5200002193451
4,20260825T082827Z,flybrain,0.05,0.050000360648879465,50.0,50.000360648879465,6932,47,7,33,18.432000651955605,160.92799603939056
4,20260825T082827Z,flybrain,0.05,0.050000360648879465,50.0,50.000360648879465,6932,47,7,34,18.624000251293182,164.000004529953
4,20260825T082827Z,flybrain,0.05,0.050000360648879465,50.0,50.000360648879465,6932,47,7,35,18.624000251293182,160.92799603939056
4,20260825T082827Z,flybrain,0.05,0.050000360648879465,50.0,50.000360648879465,6932,47,7,36,18.592000007629395,167.07199811935425
4,20260825T082827Z,flybrain,0.05,0.050000360648879465,50.0,50.000360648879465,6932,47,7,37,18.559999763965607,161.43999993801117
4,20260825T082827Z,flybrain,0.05,0.050000360648879465,50.0,50.000360648879465,6932,47,7,38,18.432000651955605,162.9759967327118
4,20260825T082827Z,flybrain,0.05,0.050000360648879465,50.0,50.000360648879465,6932,47,7,39,18.52799952030182,158.91200304031372
4,20260825T082827Z,flybrain,0.05,0.050000360648879465,50.0,50.000360648879465,6932,47,7,40,18.464000895619392,165.50399363040924
4,20260825T082827Z,flybrain,0.05,0.050000360648879465,50.0,50.000360648879465,6932,47,7,41,18.52799952030182,162.81600296497345
4,20260825T082827Z,flybrain,0.05,0.050000360648879465,50.0,50.000360648879465,6932,47,7,42,18.624000251293182,162.91199624538422
4,20260825T082827Z,flybrain,0.05,0.050000360648879465,50.0,50.000360648879465,6932,47,7,43,18.464000895619392,165.0560051202774
4,20260825T082827Z,flybrain,0.05,0.050000360648879465,50.0,50.000360648879465,6932,47,7,44,18.592000007629395,160.96000373363495
4,20260825T082827Z,flybrain,0.05,0.050000360648879465,50.0,50.000360648879465,6932,47,7,45,18.65600049495697,167.04000532627106
4,20260825T082827Z,flybrain,0.05,0.050000360648879465,50.0,50.000360648879465,6932,47,7,46,18.49599927663803,164.95999693870544
4,20260825T082827Z,flybrain,0.05,0.050000360648879465,50.0,50.000360648879465,6932,47,7,47,18.52799952030182,160.96000373363495
4,20260825T082827Z,flybrain,0.05,0.050000360648879465,50.0,50.000360648879465,6932,47,7,48,18.52799952030182,160.92799603939056
4,20260825T082827Z,flybrain,0.05,0.050000360648879465,50.0,50.000360648879465,6932,47,7,49,18.65600049495697,162.9440039396286
4,20260825T082827Z,flybrain,0.05,0.050000360648879465,50.0,50.000360648879465,6932,47,7,50,18.624000251293182,160.89600324630737
4,20260825T082827Z,flybrain,0.05,0.050000360648879465,50.0,50.000360648879465,6932,47,7,51,18.52799952030182,165.6000018119812
4,20260825T082827Z,flybrain,0.05,0.050000360648879465,50.0,50.000360648879465,6932,47,7,52,19.200000911951065,163.35999965667725
4,20260825T082827Z,flybrain,0.05,0.050000360648879465,50.0,50.000360648879465,6932,47,7,53,18.49599927663803,164.99200463294983
4,20260825T082827Z,flybrain,0.05,0.050000360648879465,50.0,50.000360648879465,6932,47,7,54,18.624000251293182,160.8320027589798
4,20260825T082827Z,flybrain,0.05,0.050000360648879465,50.0,50.000360648879465,6932,47,7,55,18.559999763965607,167.67999529838562
4,20260825T082827Z,flybrain,0.05,0.050000360648879465,50.0,50.000360648879465,6932,47,7,56,18.464000895619392,161.56800091266632
4,20260825T082827Z,flybrain,0.05,0.050000360648879465,50.0,50.000360648879465,6932,47,7,57,18.49599927663803,160.288006067276
4,20260825T082827Z,flybrain,0.05,0.050000360648879465,50.0,50.000360648879465,6932,47,7,58,18.52799952030182,160.96000373363495
4,20260825T082827Z,flybrain,0.05,0.050000360648879465,50.0,50.000360648879465,6932,47,7,59,19.13600042462349,158.75199437141418
4,20260825T082827Z,flybrain,0.05,0.050000360648879465,50.0,50.000360648879465,6932,47,7,60,18.400000408291817,160.96000373363495
4,20260825T082827Z,flybrain,0.05,0.050000360648879465,50.0,50.000360648879465,6932,47,7,61,18.624000251293182,162.91199624538422
4,20260825T082827Z,flybrain,0.05,0.050000360648879465,50.0,50.000360648879465,6932,47,7,62,18.592000007629395,164.99200463294983
4,20260825T082827Z,flybrain,0.05,0.050000360648879465,50.0,50.000360648879465,6932,47,7,63,18.52799952030182,163.71199488639832
4,20260825T082827Z,flybrain,0.05,0.050000360648879465,50.0,50.000360648879465,6932,47,7,64,18.33599992096424,165.53600132465363
4,20260825T082827Z,flybrain,0.05,0.050000360648879465,50.0,50.000360648879465,6932,47,7,65,18.464000895619392,161.53599321842194
4,20260825T082827Z,flybrain,0.05,0.050000360648879465,50.0,50.000360648879465,6932,47,7,66,18.400000408291817,158.87999534606934
4,20260825T082827Z,flybrain,0.05,0.050000360648879465,50.0,50.000360648879465,6932,47,7,67,18.559999763965607,165.6319946050644
4,20260825T082827Z,flybrain,0.05,0.050000360648879465,50.0,50.000360648879465,6932,47,7,68,18.432000651955605,163.5199934244156
4,20260825T082827Z,flybrain,0.05,0.050000360648879465,50.0,50.000360648879465,6932,47,7,69,18.49599927663803,161.40800714492798
4,20260825T082827Z,flybrain,0.05,0.050000360648879465,50.0,50.000360648879465,6932,47,7,70,18.49599927663803,161.56800091266632
4,20260825T082827Z,flybrain,0.05,0.050000360648879465,50.0,50.000360648879465,6932,47,7,71,18.464000895619392,163.00800442695618
4,20260825T082827Z,flybrain,0.05,0.050000360648879465,50.0,50.000360648879465,6932,47,7,72,18.65600049495697,161.5999937057495
4,20260825T082827Z,flybrain,0.05,0.050000360648879465,50.0,50.000360648879465,6932,47,7,73,18.432000651955605,167.4879938364029
4,20260825T082827Z,flybrain,0.05,0.050000360648879465,50.0,50.000360648879465,6932,47,7,74,18.49599927663803,165.72800278663635
4,20260825T082827Z,flybrain,0.05,0.050000360648879465,50.0,50.000360648879465,6932,47,7,75,18.33599992096424,158.75199437141418
4,20260825T082827Z,flybrain,0.05,0.050000360648879465,50.0,50.000360648879465,6932,47,7,76,18.49599927663803,159.4880074262619
4,20260825T082827Z,flybrain,0.05,0.050000360648879465,50.0,50.000360648879465,6932,47,7,77,18.49599927663803,162.9440039396286
4,20260825T082827Z,flybrain,0.05,0.050000360648879465,50.0,50.000360648879465,6932,47,7,78,18.592000007629395,162.9759967327118
4,20260825T082827Z,flybrain,0.05,0.050000360648879465,50.0,50.000360648879465,6932,47,7,79,18.52799952030182,161.53599321842194
4,20260825T082827Z,flybrain,0.05,0.050000360648879465,50.0,50.000360648879465,6932,47,7,80,18.49599927663803,164.0319973230362
4,20260825T082827Z,flybrain,0.05,0.050000360648879465,50.0,50.000360648879465,6932,47,7,81,18.624000251293182,163.4880006313324
4,20260825T082827Z,flybrain,0.05,0.050000360648879465,50.0,50.000360648879465,6932,47,7,82,18.49599927663803,159.36000645160675
4,20260825T082827Z,flybrain,0.05,0.050000360648879465,50.0,50.000360648879465,6932,47,7,83,18.52799952030182,162.9440039396286
4,20260825T082827Z,flybrain,0.05,0.050000360648879465,50.0,50.000360648879465,6932,47,7,84,18.464000895619392,165.72800278663635
4,20260825T082827Z,flybrain,0.05,0.050000360648879465,50.0,50.000360648879465,6932,47,7,85,18.400000408291817,157.24800527095795
4,20260825T082827Z,flybrain,0.05,0.050000360648879465,50.0,50.000360648879465,6932,47,7,86,18.49599927663803,167.55199432373047
4,20260825T082827Z,flybrain,0.05,0.050000360648879465,50.0,50.000360648879465,6932,47,7,87,18.464000895619392,160.76800227165222
4,20260825T082827Z,flybrain,0.05,0.050000360648879465,50.0,50.000360648879465,6932,47,7,88,18.52799952030182,159.58400070667267
4,20260825T082827Z,flybrain,0.05,0.050000360648879465,50.0,50.000360648879465,6932,47,7,89,18.49599927663803,160.7999950647354
4,20260825T082827Z,flybrain,0.05,0.050000360648879465,50.0,50.000360648879465,6932,47,7,90,18.624000251293182,162.91199624538422
4,20260825T082827Z,flybrain,0.05,0.050000360648879465,50.0,50.000360648879465,6932,47,7,91,18.624000251293182,165.66400229930878
4,20260825T082827Z,flybrain,0.05,0.050000360648879465,50.0,50.000360648879465,6932,47,7,92,18.464000895619392,161.53599321842194
4,20260825T082827Z,flybrain,0.05,0.050000360648879465,50.0,50.000360648879465,6932,47,7,93,18.36800016462803,167.00799763202667
4,20260825T082827Z,flybrain,0.05,0.050000360648879465,50.0,50.000360648879465,6932,47,7,94,18.624000251293182,161.50400042533875
4,20260825T082827Z,flybrain,0.05,0.050000360648879465,50.0,50.000360648879465,6932,47,7,95,18.52799952030182,167.00799763202667
4,20260825T082827Z,flybrain,0.05,0.050000360648879465,50.0,50.000360648879465,6932,47,7,96,18.49599927663803,160.89600324630737
4,20260825T082827Z,flybrain,0.05,0.050000360648879465,50.0,50.000360648879465,6932,47,7,97,18.559999763965607,163.42400014400482
4,20260825T082827Z,flybrain,0.05,0.050000360648879465,50.0,50.000360648879465,6932,47,7,98,18.49599927663803,159.45599973201752
4,20260825T082827Z,flybrain,0.05,0.050000360648879465,50.0,50.000360648879465,6932,47,7,99,18.49599927663803,159.55199301242828
4,20260825T082827Z,flybrain,0.05,0.050000360648879465,50.0,50.000360648879465,6932,47,7,100,18.432000651955605,159.29600596427917
4,20260825T082827Z,flybrain,0.05,0.050000360648879465,50.0,50.000360648879465,6932,47,7,101,18.49599927663803,162.9440039396286
4,20260825T082827Z,flybrain,0.05,0.050000360648879465,50.0,50.000360648879465,6932,47,7,102,18.624000251293182,160.92799603939056
4,20260825T082827Z,flybrain,0.05,0.050000360648879465,50.0,50.000360648879465,6932,47,7,103,18.400000408291817,159.8079949617386
4,20260825T082827Z,flybrain,0.05,0.050000360648879465,50.0,50.000360648879465,6932,47,7,104,18.464000895619392,165.72800278663635
4,20260825T082827Z,flybrain,0.05,0.050000360648879465,50.0,50.000360648879465,6932,47,7,105,18.464000895619392,162.6880019903183
4,20260825T082827Z,flybrain,0.05,0.050000360648879465,50.0,50.000360648879465,6932,47,7,106,18.624000251293182,162.84799575805664
4,20260825T082827Z,flybrain,0.05,0.050000360648879465,50.0,50.000360648879465,6932,47,7,107,18.303999677300453,164.92800414562225
4,20260825T082827Z,flybrain,0.05,0.050000360648879465,50.0,50.000360648879465,6932,47,7,108,18.559999763965607,160.7999950647354
4,20260825T082827Z,flybrain,0.05,0.050000360648879465,50.0,50.000360648879465,6932,47,7,109,18.592000007629395,158.81599485874176
4,20260825T082827Z,flybrain,0.05,0.050000360648879465,50.0,50.000360648879465,6932,47,7,110,18.624000251293182,161.53599321842194
4,20260825T082827Z,flybrain,0.05,0.050000360648879465,50.0,50.000360648879465,6932,47,7,111,18.49599927663803,159.5200002193451
4,20260825T082827Z,flybrain,0.05,0.050000360648879465,50.0,50.000360648879465,6932,47,7,112,18.464000895619392,159.42400693893433
4,20260825T082827Z,flybrain,0.05,0.050000360648879465,50.0,50.000360648879465,6932,47,7,113,18.49599927663803,163.00800442695618
4,20260825T082827Z,flybrain,0.05,0.050000360648879465,50.0,50.000360648879465,6932,47,7,114,18.624000251293182,167.61599481105804
4,20260825T082827Z,flybrain,0.05,0.050000360648879465,50.0,50.000360648879465,6932,47,7,115,18.49599927663803,158.91200304031372
4,20260825T082827Z,flybrain,0.05,0.050000360648879465,50.0,50.000360648879465,6932,47,7,116,18.624000251293182,165.02399742603302
4,20260825T082827Z,flybrain,0.05,0.050000360648879465,50.0,50.000360648879465,6932,47,7,117,18.559999763965607,161.53599321842194
4,20260825T082827Z,flybrain,0.05,0.050000360648879465,50.0,50.000360648879465,6932,47,7,118,18.36800016462803,162.88000345230103
4,20260825T082827Z,flybrain,0.05,0.050000360648879465,50.0,50.000360648879465,6932,47,7,119,18.559999763965607,163.58399391174316
4,20260825T082827Z,flybrain,0.05,0.050000360648879465,50.0,50.000360648879465,6932,47,7,120,18.49599927663803,164.86400365829468
4,20260825T082827Z,flybrain,0.05,0.050000360648879465,50.0,50.000360648879465,6932,47,7,121,18.624000251293182,160.863995552063
4,20260825T082827Z,flybrain,0.05,0.050000360648879465,50.0,50.000360648879465,6932,47,7,122,18.65600049495697,167.67999529838562
4,20260825T082827Z,flybrain,0.05,0.050000360648879465,50.0,50.000360648879465,6932,47,7,123,18.432000651955605,163.61600160598755
4,20260825T082827Z,flybrain,0.05,0.050000360648879465,50.0,50.000360648879465,6932,47,7,124,18.49599927663803,161.6320013999939
4,20260825T082827Z,flybrain,0.05,0.050000360648879465,50.0,50.000360648879465,6932,47,7,125,18.432000651955605,159.29600596427917
4,20260825T082827Z,flybrain,0.05,0.050000360648879465,50.0,50.000360648879465,6932,47,7,126,18.49599927663803,166.55999422073364
4,20260825T082827Z,flybrain,0.05,0.050000360648879465,50.0,50.000360648879465,6932,47,7,127,18.0479995906353,167.58400201797485
4,20260825T082827Z,flybrain,0.05,0.050000360648879465,50.0,50.000360648879465,6932,47,8,0,280.4799973964691,197.66399264335632
4,20260825T082827Z,flybrain,0.05,0.050000360648879465,50.0,50.000360648879465,6932,47,8,1,18.624000251293182,163.00800442695618
4,20260825T082827Z,flybrain,0.05,0.050000360648879465,50.0,50.000360648879465,6932,47,8,2,18.36800016462803,162.6880019903183
4,20260825T082827Z,flybrain,0.05,0.050000360648879465,50.0,50.000360648879465,6932,47,8,3,18.464000895619392,160.7999950647354
4,20260825T082827Z,flybrain,0.05,0.050000360648879465,50.0,50.000360648879465,6932,47,8,4,18.400000408291817,162.33600676059723
4,20260825T082827Z,flybrain,0.05,0.050000360648879465,50.0,50.000360648879465,6932,47,8,5,18.52799952030182,158.65600109100342
4,20260825T082827Z,flybrain,0.05,0.050000360648879465,50.0,50.000360648879465,6932,47,8,6,18.848000094294548,167.13599860668182
4,20260825T082827Z,flybrain,0.05,0.050000360648879465,50.0,50.000360648879465,6932,47,8,7,19.74399946630001,160.5760008096695
4,20260825T082827Z,flybrain,0.05,0.050000360648879465,50.0,50.000360648879465,6932,47,8,8,18.49599927663803,164.32000696659088
4,20260825T082827Z,flybrain,0.05,0.050000360648879465,50.0,50.000360648879465,6932,47,8,9,18.912000581622124,164.70399498939514
4,20260825T082827Z,flybrain,0.05,0.050000360648879465,50.0,50.000360648879465,6932,47,8,10,19.007999449968338,167.1999990940094
4,20260825T082827Z,flybrain,0.05,0.050000360648879465,50.0,50.000360648879465,6932,47,8,11,18.912000581622124,161.8880033493042
4,20260825T082827Z,flybrain,0.05,0.050000360648879465,50.0,50.000360648879465,6932,47,8,12,19.007999449968338,164.8319959640503
4,20260825T082827Z,flybrain,0.05,0.050000360648879465,50.0,50.000360648879465,6932,47,8,13,19.007999449968338,162.88000345230103
4,20260825T082827Z,flybrain,0.05,0.050000360648879465,50.0,50.000360648879465,6932,47,8,14,19.071999937295914,165.0879979133606
4,20260825T082827Z,flybrain,0.05,0.050000360648879465,50.0,50.000360648879465,6932,47,8,15,19.007999449968338,162.88000345230103
4,20260825T082827Z,flybrain,0.05,0.050000360648879465,50.0,50.000360648879465,6932,47,8,16,16.992000862956047,160.5760008096695
4,20260825T082827Z,flybrain,0.05,0.050000360648879465,50.0,50.000360648879465,6932,47,8,17,16.92800037562847,162.81600296497345
4,20260825T082827Z,flybrain,0.05,0.050000360648879465,50.0,50.000360648879465,6932,47,8,18,16.992000862956047,165.02399742603302
4,20260825T082827Z,flybrain,0.05,0.050000360648879465,50.0,50.000360648879465,6932,47,8,19,16.992000862956047,164.86400365829468
4,20260825T082827Z,flybrain,0.05,0.050000360648879465,50.0,50.000360648879465,6932,47,8,20,16.92800037562847,162.78399527072906
4,20260825T082827Z,flybrain,0.05,0.050000360648879465,50.0,50.000360648879465,6932,47,8,21,16.896000131964684,164.92800414562225
4,20260825T082827Z,flybrain,0.05,0.050000360648879465,50.0,50.000360648879465,6932,47,8,22,17.055999487638474,160.92799603939056
4,20260825T082827Z,flybrain,0.05,0.050000360648879465,50.0,50.000360648879465,6932,47,8,23,17.920000478625298,162.84799575805664
4,20260825T082827Z,flybrain,0.05,0.050000360648879465,50.0,50.000360648879465,6932,47,8,24,16.79999940097332,162.81600296497345
4,20260825T082827Z,flybrain,0.05,0.050000360648879465,50.0,50.000360648879465,6932,47,8,25,16.992000862956047,162.7199947834015
4,20260825T082827Z,flybrain,0.05,0.050000360648879465,50.0,50.000360648879465,6932,47,8,26,17.055999487638474,164.92800414562225
4,20260825T082827Z,flybrain,0.05,0.050000360648879465,50.0,50.000360648879465,6932,47,8,27,17.023999243974686,163.13600540161133
4,20260825T082827Z,flybrain,0.05,0.050000360648879465,50.0,50.000360648879465,6932,47,8,28,17.055999487638474,162.75200247764587
4,20260825T082827Z,flybrain,0.05,0.050000360648879465,50.0,50.000360648879465,6932,47,8,29,17.055999487638474,160.92799603939056
4,20260825T082827Z,flybrain,0.05,0.050000360648879465,50.0,50.000360648879465,6932,47,8,30,16.992000862956047,160.76800227165222
4,20260825T082827Z,flybrain,0.05,0.050000360648879465,50.0,50.000360648879465,6932,47,8,31,17.08799973130226,160.7999950647354
4,20260825T082827Z,flybrain,0.05,0.050000360648879465,50.0,50.000360648879465,6932,47,8,32,16.92800037562847,160.67199409008026
4,20260825T082827Z,flybrain,0.05,0.050000360648879465,50.0,50.000360648879465,6932,47,8,33,16.992000862956047,160.863995552063
4,20260825T082827Z,flybrain,0.05,0.050000360648879465,50.0,50.000360648879465,6932,47,8,34,16.992000862956047,166.9120043516159
4,20260825T082827Z,flybrain,0.05,0.050000360648879465,50.0,50.000360648879465,6932,47,8,35,17.023999243974686,162.91199624538422
4,20260825T082827Z,flybrain,0.05,0.050000360648879465,50.0,50.000360648879465,6932,47,8,36,18.97599920630455,166.75199568271637
4,20260825T082827Z,flybrain,0.05,0.050000360648879465,50.0,50.000360648879465,6932,47,8,37,19.007999449968338,160.92799603939056
4,20260825T082827Z,flybrain,0.05,0.050000360648879465,50.0,50.000360648879465,6932,47,8,38,18.97599920630455,162.81600296497345
4,20260825T082827Z,flybrain,0.05,0.050000360648879465,50.0,50.000360648879465,6932,47,8,39,19.13600042462349,160.8320027589798
4,20260825T082827Z,flybrain,0.05,0.050000360648879465,50.0,50.000360648879465,6932,47,8,40,19.007999449968338,166.97600483894348
4,20260825T082827Z,flybrain,0.05,0.050000360648879465,50.0,50.000360648879465,6932,47,8,41,19.071999937295914,162.91199624538422
4,20260825T082827Z,flybrain,0.05,0.050000360648879465,50.0,50.000360648879465,6932,47,8,42,19.039999693632126,162.9759967327118
4,20260825T082827Z,flybrain,0.05,0.050000360648879465,50.0,50.000360648879465,6932,47,8,43,19.1040001809597,164.86400365829468
4,20260825T082827Z,flybrain,0.05,0.050000360648879465,50.0,50.000360648879465,6932,47,8,44,19.039999693632126,162.88000345230103
4,20260825T082827Z,flybrain,0.05,0.050000360648879465,50.0,50.000360648879465,6932,47,8,45,18.912000581622124,166.9439971446991
4,20260825T082827Z,flybrain,0.05,0.050000360648879465,50.0,50.000360648879465,6932,47,8,46,18.112000077962875,164.8000031709671
4,20260825T082827Z,flybrain,0.05,0.050000360648879465,50.0,50.000360648879465,6932,47,8,47,19.071999937295914,162.84799575805664
4,20260825T082827Z,flybrain,0.05,0.050000360648879465,50.0,50.000360648879465,6932,47,8,48,19.039999693632126,162.9440039396286
4,20260825T082827Z,flybrain,0.05,0.050000360648879465,50.0,50.000360648879465,6932,47,8,49,18.97599920630455,162.75200247764587
4,20260825T082827Z,flybrain,0.05,0.050000360648879465,50.0,50.000360648879465,6932,47,8,50,19.071999937295914,160.8320027589798
4,20260825T082827Z,flybrain,0.05,0.050000360648879465,50.0,50.000360648879465,6932,47,8,51,17.023999243974686,164.70399498939514
4,20260825T082827Z,flybrain,0.05,0.050000360648879465,50.0,50.000360648879465,6932,47,8,52,19.13600042462349,164.86400365829468
4,20260825T082827Z,flybrain,0.05,0.050000360648879465,50.0,50.000360648879465,6932,47,8,53,19.007999449968338,164.60800170898438
4,20260825T082827Z,flybrain,0.05,0.050000360648879465,50.0,50.000360648879465,6932,47,8,54,19.1040001809597,162.88000345230103
4,20260825T082827Z,flybrain,0.05,0.050000360648879465,50.0,50.000360648879465,6932,47,8,55,19.071999937295914,169.0559983253479
4,20260825T082827Z,flybrain,0.05,0.050000360648879465,50.0,50.000360648879465,6932,47,8,56,18.94400082528591,160.96000373363495
4,20260825T082827Z,flybrain,0.05,0.050000360648879465,50.0,50.000360648879465,6932,47,8,57,19.071999937295914,160.863995552063
4,20260825T082827Z,flybrain,0.05,0.050000360648879465,50.0,50.000360648879465,6932,47,8,58,17.11999997496605,160.73599457740784
4,20260825T082827Z,flybrain,0.05,0.050000360648879465,50.0,50.000360648879465,6932,47,8,59,16.992000862956047,158.84800255298615
4,20260825T082827Z,flybrain,0.05,0.050000360648879465,50.0,50.000360648879465,6932,47,8,60,17.11999997496605,162.75200247764587
4,20260825T082827Z,flybrain,0.05,0.050000360648879465,50.0,50.000360648879465,6932,47,8,61,19.039999693632126,162.84799575805664
4,20260825T082827Z,flybrain,0.05,0.050000360648879465,50.0,50.000360648879465,6932,47,8,62,19.007999449968338,164.8319959640503
4,20260825T082827Z,flybrain,0.05,0.050000360648879465,50.0,50.000360648879465,6932,47,8,63,19.039999693632126,162.75200247764587
4,20260825T082827Z,flybrain,0.05,0.050000360648879465,50.0,50.000360648879465,6932,47,8,64,19.231999292969704,164.70399498939514
4,20260825T082827Z,flybrain,0.05,0.050000360648879465,50.0,50.000360648879465,6932,47,8,65,19.1040001809597,160.7999950647354
4,20260825T082827Z,flybrain,0.05,0.050000360648879465,50.0,50.000360648879465,6932,47,8,66,19.200000911951065,158.55999290943146
4,20260825T082827Z,flybrain,0.05,0.050000360648879465,50.0,50.000360648879465,6932,47,8,67,18.912000581622124,164.76799547672272
4,20260825T082827Z,flybrain,0.05,0.050000360648879465,50.0,50.000360648879465,6932,47,8,68,19.039999693632126,162.9759967327118
4,20260825T082827Z,flybrain,0.05,0.050000360648879465,50.0,50.000360648879465,6932,47,8,69,19.007999449968338,160.7999950647354
4,20260825T082827Z,flybrain,0.05,0.050000360648879465,50.0,50.000360648879465,6932,47,8,70,16.831999644637108,161.02400422096252
4,20260825T082827Z,flybrain,0.05,0.050000360648879465,50.0,50.000360648879465,6932,47,8,71,19.007999449968338,162.9759967327118
4,20260825T082827Z,flybrain,0.05,0.050000360648879465,50.0,50.000360648879465,6932,47,8,72,16.992000862956047,162.81600296497345
4,20260825T082827Z,flybrain,0.05,0.050000360648879465,50.0,50.000360648879465,6932,47,8,73,16.96000061929226,169.0559983253479
4,20260825T082827Z,flybrain,0.05,0.050000360648879465,50.0,50.000360648879465,6932,47,8,74,17.055999487638474,166.72000288963318
4,20260825T082827Z,flybrain,0.05,0.050000360648879465,50.0,50.000360648879465,6932,47,8,75,16.992000862956047,160.96000373363495
4,20260825T082827Z,flybrain,0.05,0.050000360648879465,50.0,50.000360648879465,6932,47,8,76,19.007999449968338,160.99199652671814
4,20260825T082827Z,flybrain,0.05,0.050000360648879465,50.0,50.000360648879465,6932,47,8,77,19.071999937295914,162.75200247764587
4,20260825T082827Z,flybrain,0.05,0.050000360648879465,50.0,50.000360648879465,6932,47,8,78,19.231999292969704,162.91199624538422
4,20260825T082827Z,flybrain,0.05,0.050000360648879465,50.0,50.000360648879465,6932,47,8,79,17.055999487638474,162.6559942960739
4,20260825T082827Z,flybrain,0.05,0.050000360648879465,50.0,50.000360648879465,6932,47,8,80,16.831999644637108,165.8560037612915
4,20260825T082827Z,flybrain,0.05,0.050000360648879465,50.0,50.000360648879465,6932,47,8,81,17.184000462293625,164.8000031709671
4,20260825T082827Z,flybrain,0.05,0.050000360648879465,50.0,50.000360648879465,6932,47,8,82,16.863999888300896,160.7999950647354
4,20260825T082827Z,flybrain,0.05,0.050000360648879465,50.0,50.000360648879465,6932,47,8,83,16.896000131964684,163.00800442695618
4,20260825T082827Z,flybrain,0.05,0.050000360648879465,50.0,50.000360648879465,6932,47,8,84,16.992000862956047,164.73600268363953
4,20260825T082827Z,flybrain,0.05,0.050000360648879465,50.0,50.000360648879465,6932,47,8,85,16.92800037562847,158.84800255298615
4,20260825T082827Z,flybrain,0.05,0.050000360648879465,50.0,50.000360648879465,6932,47,8,86,19.168000668287277,166.72000288963318
4,20260825T082827Z,flybrain,0.05,0.050000360648879465,50.0,50.000360648879465,6932,47,8,87,19.039999693632126,160.89600324630737
4,20260825T082827Z,flybrain,0.05,0.050000360648879465,50.0,50.000360648879465,6932,47,8,88,19.071999937295914,160.64000129699707
4,20260825T082827Z,flybrain,0.05,0.050000360648879465,50.0,50.000360648879465,6932,47,8,89,19.1040001809597,160.8320027589798
4,20260825T082827Z,flybrain,0.05,0.050000360648879465,50.0,50.000360648879465,6932,47,8,90,17.055999487638474,164.89599645137787
4,20260825T082827Z,flybrain,0.05,0.050000360648879465,50.0,50.000360648879465,6932,47,8,91,17.055999487638474,164.8000031709671
4,20260825T082827Z,flybrain,0.05,0.050000360648879465,50.0,50.000360648879465,6932,47,8,92,16.92800037562847,162.6559942960739
4,20260825T082827Z,flybrain,0.05,0.050000360648879465,50.0,50.000360648879465,6932,47,8,93,17.023999243974686,166.97600483894348
4,20260825T082827Z,flybrain,0.05,0.050000360648879465,50.0,50.000360648879465,6932,47,8,94,16.992000862956047,162.9440039396286
4,20260825T082827Z,flybrain,0.05,0.050000360648879465,50.0,50.000360648879465,6932,47,8,95,17.023999243974686,168.92799735069275
4,20260825T082827Z,flybrain,0.05,0.050000360648879465,50.0,50.000360648879465,6932,47,8,96,17.08799973130226,160.76800227165222
4,20260825T082827Z,flybrain,0.05,0.050000360648879465,50.0,50.000360648879465,6932,47,8,97,17.023999243974686,165.0560051202774
4,20260825T082827Z,flybrain,0.05,0.050000360648879465,50.0,50.000360648879465,6932,47,8,98,17.023999243974686,158.33599865436554
4,20260825T082827Z,flybrain,0.05,0.050000360648879465,50.0,50.000360648879465,6932,47,8,99,17.023999243974686,160.60799360275269
4,20260825T082827Z,flybrain,0.05,0.050000360648879465,50.0,50.000360648879465,6932,47,8,100,18.97599920630455,158.62399339675903
4,20260825T082827Z,flybrain,0.05,0.050000360648879465,50.0,50.000360648879465,6932,47,8,101,18.94400082528591,164.92800414562225
4,20260825T082827Z,flybrain,0.05,0.050000360648879465,50.0,50.000360648879465,6932,47,8,102,19.039999693632126,162.81600296497345
4,20260825T082827Z,flybrain,0.05,0.050000360648879465,50.0,50.000360648879465,6932,47,8,103,18.912000581622124,159.743994474411
4,20260825T082827Z,flybrain,0.05,0.050000360648879465,50.0,50.000360648879465,6932,47,8,104,19.039999693632126,164.70399498939514
4,20260825T082827Z,flybrain,0.05,0.050000360648879465,50.0,50.000360648879465,6932,47,8,105,19.071999937295914,162.9440039396286
4,20260825T082827Z,flybrain,0.05,0.050000360648879465,50.0,50.000360648879465,6932,47,8,106,19.071999937295914,162.62400150299072
4,20260825T082827Z,flybrain,0.05,0.050000360648879465,50.0,50.000360648879465,6932,47,8,107,19.168000668287277,166.9120043516159
4,20260825T082827Z,flybrain,0.05,0.050000360648879465,50.0,50.000360648879465,6932,47,8,108,19.039999693632126,163.03999722003937
4,20260825T082827Z,flybrain,0.05,0.050000360648879465,50.0,50.000360648879465,6932,47,8,109,18.912000581622124,160.96000373363495
4,20260825T082827Z,flybrain,0.05,0.050000360648879465,50.0,50.000360648879465,6932,47,8,110,19.039999693632126,162.9759967327118
4,20260825T082827Z,flybrain,0.05,0.050000360648879465,50.0,50.000360648879465,6932,47,8,111,18.97599920630455,158.91200304031372
4,20260825T082827Z,flybrain,0.05,0.050000360648879465,50.0,50.000360648879465,6932,47,8,112,19.039999693632126,158.49600732326508
4,20260825T082827Z,flybrain,0.05,0.050000360648879465,50.0,50.000360648879465,6932,47,8,113,19.1040001809597,162.6880019903183
4,20260825T082827Z,flybrain,0.05,0.050000360648879465,50.0,50.000360648879465,6932,47,8,114,19.007999449968338,166.84800386428833
4,20260825T082827Z,flybrain,0.05,0.050000360648879465,50.0,50.000360648879465,6932,47,8,115,19.13600042462349,158.59200060367584
4,20260825T082827Z,flybrain,0.05,0.050000360648879465,50.0,50.000360648879465,6932,47,8,116,19.13600042462349,166.84800386428833
4,20260825T082827Z,flybrain,0.05,0.050000360648879465,50.0,50.000360648879465,6932,47,8,117,19.071999937295914,162.91199624538422
4,20260825T082827Z,flybrain,0.05,0.050000360648879465,50.0,50.000360648879465,6932,47,8,118,19.071999937295914,164.76799547672272
4,20260825T082827Z,flybrain,0.05,0.050000360648879465,50.0,50.000360648879465,6932,47,8,119,19.039999693632126,162.75200247764587
4,20260825T082827Z,flybrain,0.05,0.050000360648879465,50.0,50.000360648879465,6932,47,8,120,19.1040001809597,166.9120043516159
4,20260825T082827Z,flybrain,0.05,0.050000360648879465,50.0,50.000360648879465,6932,47,8,121,18.94400082528591,160.863995552063
4,20260825T082827Z,flybrain,0.05,0.050000360648879465,50.0,50.000360648879465,6932,47,8,122,16.92800037562847,166.78400337696075
4,20260825T082827Z,flybrain,0.05,0.050000360648879465,50.0,50.000360648879465,6932,47,8,123,17.023999243974686,162.7199947834015
4,20260825T082827Z,flybrain,0.05,0.050000360648879465,50.0,50.000360648879465,6932,47,8,124,18.94400082528591,160.96000373363495
4,20260825T082827Z,flybrain,0.05,0.050000360648879465,50.0,50.000360648879465,6932,47,8,125,19.29599978029728,158.52800011634827
4,20260825T082827Z,flybrain,0.05,0.050000360648879465,50.0,50.000360648879465,6932,47,8,126,18.559999763965607,166.55999422073364
4,20260825T082827Z,flybrain,0.05,0.050000360648879465,50.0,50.000360648879465,6932,47,8,127,18.079999834299088,167.58400201797485
4,20260825T082827Z,flybrain,0.05,0.050000360648879465,50.0,50.000360648879465,6932,47,9,0,278.9439857006073,201.02399587631226
4,20260825T082827Z,flybrain,0.05,0.050000360648879465,50.0,50.000360648879465,6932,47,9,1,18.432000651955605,162.52799332141876
4,20260825T082827Z,flybrain,0.05,0.050000360648879465,50.0,50.000360648879465,6932,47,9,2,20.576000213623047,164.70399498939514
4,20260825T082827Z,flybrain,0.05,0.050000360648879465,50.0,50.000360648879465,6932,47,9,3,18.33599992096424,160.5439931154251
4,20260825T082827Z,flybrain,0.05,0.050000360648879465,50.0,50.000360648879465,6932,47,9,4,18.624000251293182,164.5440012216568
4,20260825T082827Z,flybrain,0.05,0.050000360648879465,50.0,50.000360648879465,6932,47,9,5,18.464000895619392,158.4639996290207
4,20260825T082827Z,flybrain,0.05,0.050000360648879465,50.0,50.000360648879465,6932,47,9,6,20.608000457286835,166.6879951953888
4,20260825T082827Z,flybrain,0.05,0.050000360648879465,50.0,50.000360648879465,6932,47,9,7,19.007999449968338,160.70400178432465
4,20260825T082827Z,flybrain,0.05,0.050000360648879465,50.0,50.000360648879465,6932,47,9,8,19.1040001809597,165.0560051202774
4,20260825T082827Z,flybrain,0.05,0.050000360648879465,50.0,50.000360648879465,6932,47,9,9,18.592000007629395,162.62400150299072
4,20260825T082827Z,flybrain,0.05,0.050000360648879465,50.0,50.000360648879465,6932,47,9,10,20.640000700950623,167.07199811935425
4,20260825T082827Z,flybrain,0.05,0.050000360648879465,50.0,50.000360648879465,6932,47,9,11,20.38400061428547,160.5760008096695
4,20260825T082827Z,flybrain,0.05,0.050000360648879465,50.0,50.000360648879465,6932,47,9,12,18.464000895619392,162.91199624538422
4,20260825T082827Z,flybrain,0.05,0.050000360648879465,50.0,50.000360648879465,6932,47,9,13,18.559999763965607,163.5199934244156
4,20260825T082827Z,flybrain,0.05,0.050000360648879465,50.0,50.000360648879465,6932,47,9,14,18.49599927663803,165.40800034999847
4,20260825T082827Z,flybrain,0.05,0.050000360648879465,50.0,50.000360648879465,6932,47,9,15,20.447999238967896,163.00800442695618
4,20260825T082827Z,flybrain,0.05,0.050000360648879465,50.0,50.000360648879465,6932,47,9,16,18.49599927663803,160.96000373363495
4,20260825T082827Z,flybrain,0.05,0.050000360648879465,50.0,50.000360648879465,6932,47,9,17,18.624000251293182,161.43999993801117
4,20260825T082827Z,flybrain,0.05,0.050000360648879465,50.0,50.000360648879465,6932,47,9,18,20.51199972629547,165.56799411773682
4,20260825T082827Z,flybrain,0.05,0.050000360648879465,50.0,50.000360648879465,6932,47,9,19,18.52799952030182,165.6319946050644
4,20260825T082827Z,flybrain,0.05,0.050000360648879465,50.0,50.000360648879465,6932,47,9,20,18.464000895619392,163.00800442695618
4,20260825T082827Z,flybrain,0.05,0.050000360648879465,50.0,50.000360648879465,6932,47,9,21,18.592000007629395,164.8319959640503
4,20260825T082827Z,flybrain,0.05,0.050000360648879465,50.0,50.000360648879465,6932,47,9,22,18.559999763965607,160.7999950647354
4,20260825T082827Z,flybrain,0.05,0.050000360648879465,50.0,50.000360648879465,6932,47,9,23,20.51199972629547,163.4880006313324
4,20260825T082827Z,flybrain,0.05,0.050000360648879465,50.0,50.000360648879465,6932,47,9,24,20.51199972629547,162.9759967327118
4,20260825T082827Z,flybrain,0.05,0.050000360648879465,50.0,50.000360648879465,6932,47,9,25,18.559999763965607,163.455992937088
4,20260825T082827Z,flybrain,0.05,0.050000360648879465,50.0,50.000360648879465,6932,47,9,26,18.49599927663803,162.9759967327118
4,20260825T082827Z,flybrain,0.05,0.050000360648879465,50.0,50.000360648879465,6932,47,9,27,18.592000007629395,163.68000209331512
4,20260825T082827Z,flybrain,0.05,0.050000360648879465,50.0,50.000360648879465,6932,47,9,28,20.447999238967896,162.84799575805664
4,20260825T082827Z,flybrain,0.05,0.050000360648879465,50.0,50.000360648879465,6932,47,9,29,18.49599927663803,160.7999950647354
4,20260825T082827Z,flybrain,0.05,0.050000360648879465,50.0,50.000360648879465,6932,47,9,30,20.67199908196926,161.40800714492798
4,20260825T082827Z,flybrain,0.05,0.050000360648879465,50.0,50.000360648879465,6932,47,9,31,18.49599927663803,160.96000373363495
4,20260825T082827Z,flybrain,0.05,0.050000360648879465,50.0,50.000360648879465,6932,47,9,32,18.624000251293182,159.39199924468994
4,20260825T082827Z,flybrain,0.05,0.050000360648879465,50.0,50.000360648879465,6932,47,9,33,18.49599927663803,160.76800227165222
4,20260825T082827Z,flybrain,0.05,0.050000360648879465,50.0,50.000360648879465,6932,47,9,34,18.592000007629395,165.95199704170227
4,20260825T082827Z,flybrain,0.05,0.050000360648879465,50.0,50.000360648879465,6932,47,9,35,18.52799952030182,160.92799603939056
4,20260825T082827Z,flybrain,0.05,0.050000360648879465,50.0,50.000360648879465,6932,47,9,36,18.592000007629395,167.10400581359863
4,20260825T082827Z,flybrain,0.05,0.050000360648879465,50.0,50.000360648879465,6932,47,9,37,18.464000895619392,161.3759994506836
4,20260825T082827Z,flybrain,0.05,0.050000360648879465,50.0,50.000360648879465,6932,47,9,38,18.432000651955605,162.91199624538422
4,20260825T082827Z,flybrain,0.05,0.050000360648879465,50.0,50.000360648879465,6932,47,9,39,19.1040001809597,158.84800255298615
4,20260825T082827Z,flybrain,0.05,0.050000360648879465,50.0,50.000360648879465,6932,47,9,40,18.624000251293182,165.6000018119812
4,20260825T082827Z,flybrain,0.05,0.050000360648879465,50.0,50.000360648879465,6932,47,9,41,18.432000651955605,162.78399527072906
4,20260825T082827Z,flybrain,0.05,0.050000360648879465,50.0,50.000360648879465,6932,47,9,42,18.49599927663803,162.88000345230103
4,20260825T082827Z,flybrain,0.05,0.050000360648879465,50.0,50.000360648879465,6932,47,9,43,20.416000857949257,163.00800442695618
4,20260825T082827Z,flybrain,0.05,0.050000360648879465,50.0,50.000360648879465,6932,47,9,44,18.592000007629395,163.00800442695618
4,20260825T082827Z,flybrain,0.05,0.050000360648879465,50.0,50.000360648879465,6932,47,9,45,18.49599927663803,167.61599481105804
4,20260825T082827Z,flybrain,0.05,0.050000360648879465,50.0,50.000360648879465,6932,47,9,46,18.49599927663803,163.00800442695618
4,20260825T082827Z,flybrain,0.05,0.050000360648879465,50.0,50.000360648879465,6932,47,9,47,18.49599927663803,163.00800442695618
4,20260825T082827Z,flybrain,0.05,0.050000360648879465,50.0,50.000360648879465,6932,47,9,48,18.592000007629395,161.5999937057495
4,20260825T082827Z,flybrain,0.05,0.050000360648879465,50.0,50.000360648879465,6932,47,9,49,18.432000651955605,162.78399527072906
4,20260825T082827Z,flybrain,0.05,0.050000360648879465,50.0,50.000360648879465,6932,47,9,50,19.13600042462349,160.76800227165222
4,20260825T082827Z,flybrain,0.05,0.050000360648879465,50.0,50.000360648879465,6932,47,9,51,18.559999763965607,165.6000018119812
4,20260825T082827Z,flybrain,0.05,0.050000360648879465,50.0,50.000360648879465,6932,47,9,52,18.49599927663803,165.6319946050644
4,20260825T082827Z,flybrain,0.05,0.050000360648879465,50.0,50.000360648879465,6932,47,9,53,20.54399996995926,164.95999693870544
4,20260825T082827Z,flybrain,0.05,0.050000360648879465,50.0,50.000360648879465,6932,47,9,54,20.640000700950623,162.56000101566315
4,20260825T082827Z,flybrain,0.05,0.050000360648879465,50.0,50.000360648879465,6932,47,9,55,18.52799952030182,169.0559983253479
4,20260825T082827Z,flybrain,0.05,0.050000360648879465,50.0,50.000360648879465,6932,47,9,56,18.52799952030182,161.50400042533875
4,20260825T082827Z,flybrain,0.05,0.050000360648879465,50.0,50.000360648879465,6932,47,9,57,19.13600042462349,162.36799955368042
4,20260825T082827Z,flybrain,0.05,0.050000360648879465,50.0,50.000360648879465,6932,47,9,58,18.49599927663803,160.92799603939056
4,20260825T082827Z,flybrain,0.05,0.050000360648879465,50.0,50.000360648879465,6932,47,9,59,18.464000895619392,158.87999534606934
4,20260825T082827Z,flybrain,0.05,0.050000360648879465,50.0,50.000360648879465,6932,47,9,60,18.592000007629395,160.99199652671814
4,20260825T082827Z,flybrain,0.05,0.050000360648879465,50.0,50.000360648879465,6932,47,9,61,18.624000251293182,160.7999950647354
4,20260825T082827Z,flybrain,0.05,0.050000360648879465,50.0,50.000360648879465,6932,47,9,62,18.592000007629395,164.8319959640503
4,20260825T082827Z,flybrain,0.05,0.050000360648879465,50.0,50.000360648879465,6932,47,9,63,18.49599927663803,161.43999993801117
4,20260825T082827Z,flybrain,0.05,0.050000360648879465,50.0,50.000360648879465,6932,47,9,64,18.464000895619392,165.6000018119812
4,20260825T082827Z,flybrain,0.05,0.050000360648879465,50.0,50.000360648879465,6932,47,9,65,18.49599927663803,161.3440066576004
4,20260825T082827Z,flybrain,0.05,0.050000360648879465,50.0,50.000360648879465,6932,47,9,66,18.464000895619392,160.863995552063
4,20260825T082827Z,flybrain,0.05,0.050000360648879465,50.0,50.000360648879465,6932,47,9,67,18.52799952030182,165.66400229930878
4,20260825T082827Z,flybrain,0.05,0.050000360648879465,50.0,50.000360648879465,6932,47,9,68,18.464000895619392,163.4880006313324
4,20260825T082827Z,flybrain,0.05,0.050000360648879465,50.0,50.000360648879465,6932,47,9,69,18.49599927663803,161.43999993801117
4,20260825T082827Z,flybrain,0.05,0.050000360648879465,50.0,50.000360648879465,6932,47,9,70,18.464000895619392,161.47199273109436
4,20260825T082827Z,flybrain,0.05,0.050000360648879465,50.0,50.000360648879465,6932,47,9,71,19.1040001809597,164.86400365829468
4,20260825T082827Z,flybrain,0.05,0.050000360648879465,50.0,50.000360648879465,6932,47,9,72,18.624000251293182,163.00800442695618
4,20260825T082827Z,flybrain,0.05,0.050000360648879465,50.0,50.000360648879465,6932,47,9,73,20.67199908196926,169.3120002746582
4,20260825T082827Z,flybrain,0.05,0.050000360648879465,50.0,50.000360648879465,6932,47,9,74,18.49599927663803,165.69599509239197
4,20260825T082827Z,flybrain,0.05,0.050000360648879465,50.0,50.000360648879465,6932,47,9,75,20.447999238967896,159.4880074262619
4,20260825T082827Z,flybrain,0.05,0.050000360648879465,50.0,50.000360648879465,6932,47,9,76,20.447999238967896,159.4880074262619
4,20260825T082827Z,flybrain,0.05,0.050000360648879465,50.0,50.000360648879465,6932,47,9,77,18.49599927663803,162.75200247764587
4,20260825T082827Z,flybrain,0.05,0.050000360648879465,50.0,50.000360648879465,6932,47,9,78,18.592000007629395,163.00800442695618
4,20260825T082827Z,flybrain,0.05,0.050000360648879465,50.0,50.000360648879465,6932,47,9,79,18.52799952030182,163.58399391174316
4,20260825T082827Z,flybrain,0.05,0.050000360648879465,50.0,50.000360648879465,6932,47,9,80,18.49599927663803,164.06400501728058
4,20260825T082827Z,flybrain,0.05,0.050000360648879465,50.0,50.000360648879465,6932,47,9,81,18.65600049495697,163.455992937088
4,20260825T082827Z,flybrain,0.05,0.050000360648879465,50.0,50.000360648879465,6932,47,9,82,20.54399996995926,159.29600596427917
4,20260825T082827Z,flybrain,0.05,0.050000360648879465,50.0,50.000360648879465,6932,47,9,83,18.52799952030182,162.9440039396286
4,20260825T082827Z,flybrain,0.05,0.050000360648879465,50.0,50.000360648879465,6932,47,9,84,20.51199972629547,165.50399363040924
4,20260825T082827Z,flybrain,0.05,0.050000360648879465,50.0,50.000360648879465,6932,47,9,85,18.52799952030182,157.44000673294067
4,20260825T082827Z,flybrain,0.05,0.050000360648879465,50.0,50.000360648879465,6932,47,9,86,19.039999693632126,167.4879938364029
4,20260825T082827Z,flybrain,0.05,0.050000360648879465,50.0,50.000360648879465,6932,47,9,87,18.97599920630455,160.89600324630737
4,20260825T082827Z,flybrain,0.05,0.050000360648879465,50.0,50.000360648879465,6932,47,9,88,18.49599927663803,160.92799603939056
4,20260825T082827Z,flybrain,0.05,0.050000360648879465,50.0,50.000360648879465,6932,47,9,89,19.168000668287277,160.70400178432465
4,20260825T082827Z,flybrain,0.05,0.050000360648879465,50.0,50.000360648879465,6932,47,9,90,18.624000251293182,162.9759967327118
4,20260825T082827Z,flybrain,0.05,0.050000360648879465,50.0,50.000360648879465,6932,47,9,91,18.52799952030182,163.58399391174316
4,20260825T082827Z,flybrain,0.05,0.050000360648879465,50.0,50.000360648879465,6932,47,9,92,20.54399996995926,161.5999937057495
4,20260825T082827Z,flybrain,0.05,0.050000360648879465,50.0,50.000360648879465,6932,47,9,93,18.49599927663803,166.87999665737152
4,20260825T082827Z,flybrain,0.05,0.050000360648879465,50.0,50.000360648879465,6932,47,9,94,19.29599978029728,162.75200247764587
4,20260825T082827Z,flybrain,0.05,0.050000360648879465,50.0,50.000360648879465,6932,47,9,95,18.49599927663803,169.0559983253479
4,20260825T082827Z,flybrain,0.05,0.050000360648879465,50.0,50.000360648879465,6932,47,9,96,18.559999763965607,160.8320027589798
4,20260825T082827Z,flybrain,0.05,0.050000360648879465,50.0,50.000360648879465,6932,47,9,97,18.624000251293182,165.56799411773682
4,20260825T082827Z,flybrain,0.05,0.050000360648879465,50.0,50.000360648879465,6932,47,9,98,18.432000651955605,159.5200002193451
4,20260825T082827Z,flybrain,0.05,0.050000360648879465,50.0,50.000360648879465,6932,47,9,99,19.007999449968338,161.43999993801117
4,20260825T082827Z,flybrain,0.05,0.050000360648879465,50.0,50.000360648879465,6932,47,9,100,18.464000895619392,159.55199301242828
4,20260825T082827Z,flybrain,0.05,0.050000360648879465,50.0,50.000360648879465,6932,47,9,101,18.464000895619392,162.75200247764587
4,20260825T082827Z,flybrain,0.05,0.050000360648879465,50.0,50.000360648879465,6932,47,9,102,20.51199972629547,161.47199273109436
4,20260825T082827Z,flybrain,0.05,0.050000360648879465,50.0,50.000360648879465,6932,47,9,103,19.551999866962433,158.91200304031372
4,20260825T082827Z,flybrain,0.05,0.050000360648879465,50.0,50.000360648879465,6932,47,9,104,18.624000251293182,165.69599509239197
4,20260825T082827Z,flybrain,0.05,0.050000360648879465,50.0,50.000360648879465,6932,47,9,105,19.039999693632126,162.84799575805664
4,20260825T082827Z,flybrain,0.05,0.050000360648879465,50.0,50.000360648879465,6932,47,9,106,18.464000895619392,160.863995552063
4,20260825T082827Z,flybrain,0.05,0.050000360648879465,50.0,50.000360648879465,6932,47,9,107,20.479999482631683,165.0560051202774
4,20260825T082827Z,flybrain,0.05,0.050000360648879465,50.0,50.000360648879465,6932,47,9,108,18.559999763965607,160.96000373363495
4,20260825T082827Z,flybrain,0.05,0.050000360648879465,50.0,50.000360648879465,6932,47,9,109,18.624000251293182,160.863995552063
4,20260825T082827Z,flybrain,0.05,0.050000360648879465,50.0,50.000360648879465,6932,47,9,110,18.559999763965607,163.4880006313324
4,20260825T082827Z,flybrain,0.05,0.050000360648879465,50.0,50.000360648879465,6932,47,9,111,18.49599927663803,159.4880074262619
4,20260825T082827Z,flybrain,0.05,0.050000360648879465,50.0,50.000360648879465,6932,47,9,112,18.49599927663803,159.36000645160675
4,20260825T082827Z,flybrain,0.05,0.050000360648879465,50.0,50.000360648879465,6932,47,9,113,20.54399996995926,162.91199624538422
4,20260825T082827Z,flybrain,0.05,0.050000360648879465,50.0,50.000360648879465,6932,47,9,114,18.592000007629395,165.56799411773682
4,20260825T082827Z,flybrain,0.05,0.050000360648879465,50.0,50.000360648879465,6932,47,9,115,20.416000857949257,158.91200304031372
4,20260825T082827Z,flybrain,0.05,0.050000360648879465,50.0,50.000360648879465,6932,47,9,116,18.464000895619392,165.02399742603302
4,20260825T082827Z,flybrain,0.05,0.050000360648879465,50.0,50.000360648879465,6932,47,9,117,18.592000007629395,161.43999993801117
4,20260825T082827Z,flybrain,0.05,0.050000360648879465,50.0,50.000360648879465,6932,47,9,118,18.52799952030182,163.39200735092163
4,20260825T082827Z,flybrain,0.05,0.050000360648879465,50.0,50.000360648879465,6932,47,9,119,20.416000857949257,163.55200111865997
4,20260825T082827Z,flybrain,0.05,0.050000360648879465,50.0,50.000360648879465,6932,47,9,120,18.52799952030182,165.75999557971954
4,20260825T082827Z,flybrain,0.05,0.050000360648879465,50.0,50.000360648879465,6932,47,9,121,20.479999482631683,160.73599457740784
4,20260825T082827Z,flybrain,0.05,0.050000360648879465,50.0,50.000360648879465,6932,47,9,122,18.65600049495697,165.69599509239197
4,20260825T082827Z,flybrain,0.05,0.050000360648879465,50.0,50.000360648879465,6932,47,9,123,18.36800016462803,163.64799439907074
4,20260825T082827Z,flybrain,0.05,0.050000360648879465,50.0,50.000360648879465,6932,47,9,124,19.168000668287277,161.28000617027283
4,20260825T082827Z,flybrain,0.05,0.050000360648879465,50.0,50.000360648879465,6932,47,9,125,20.54399996995926,159.42400693893433
4,20260825T082827Z,flybrain,0.05,0.050000360648879465,50.0,50.000360648879465,6932,47,9,126,18.49599927663803,167.58400201797485
4,20260825T082827Z,flybrain,0.05,0.050000360648879465,50.0,50.000360648879465,6932,47,9,127,18.079999834299088,167.58400201797485
