schema_version,run_id,dataset,dataset_replicas,n_neuron,edge_count,mean_fanout,t_steps,warmup_steps,seed,timing_method,update_backend,current_backend,cusparse_primitive,cusparse_algorithm,baseline_cuda_graph,cudagraph_proxy_requested,kernel_active_profile_requested,component_consistency_rtol,requested_average_firing_partition,actual_average_firing_partition,requested_firing_rate_hz,actual_firing_rate_hz,n_active_per_step,spike_seed,repeat,cudagraph_status,eager_kernel_profile_status,cudagraph_kernel_profile_status,component_consistency_status,eager_wall_total_ms,eager_gpu_total_ms,eager_host_submission_ms,eager_boundary_ms,instrumented_wall_total_ms,instrumented_gpu_total_ms,update_phase_elapsed_ms,current_phase_elapsed_ms,raw_inter_phase_residual_ms,inter_phase_residual_ms,instrumentation_wall_delta_ms,cudagraph_wall_total_ms,cudagraph_gpu_total_ms,cudagraph_host_submission_ms,raw_graph_removable_wall_ms,raw_graph_removable_gpu_ms,graph_removable_wall_ms,graph_removable_gpu_ms,eager_update_kernel_active_ms,eager_propagation_kernel_active_ms,eager_non_kernel_critical_path_residual_ms,cudagraph_update_kernel_active_ms,cudagraph_propagation_kernel_active_ms,cudagraph_non_kernel_critical_path_residual_ms,eager_update_kernel_count,eager_propagation_kernel_count,eager_ignored_device_event_count,eager_cpu_kernel_launch_count,eager_cpu_graph_launch_count,eager_cpu_launch_api_count,cudagraph_update_kernel_count,cudagraph_propagation_kernel_count,cudagraph_ignored_device_event_count,cudagraph_cpu_kernel_launch_count,cudagraph_cpu_graph_launch_count,cudagraph_cpu_launch_api_count,eager_wall_us_per_step,eager_gpu_us_per_step,eager_host_submission_us_per_step,update_phase_elapsed_us_per_step,current_phase_elapsed_us_per_step,inter_phase_residual_us_per_step,cudagraph_wall_us_per_step,cudagraph_gpu_us_per_step,cudagraph_host_submission_us_per_step,graph_removable_wall_us_per_step,graph_removable_gpu_us_per_step,eager_update_kernel_active_us_per_step,eager_propagation_kernel_active_us_per_step,eager_non_kernel_critical_path_residual_us_per_step,cudagraph_update_kernel_active_us_per_step,cudagraph_propagation_kernel_active_us_per_step,cudagraph_non_kernel_critical_path_residual_us_per_step,update_fraction_of_instrumented_gpu,current_fraction_of_instrumented_gpu,inter_phase_fraction_of_instrumented_gpu,graph_removable_wall_fraction_of_eager
5,20260825T092923Z,uniform,1,16384,1572864,96.0,128,100,42,separate_eager_and_cudagraph_wall_cupti_profiles_plus_phase_events,pytorch_cuda_eager,cusparse_direct_eager,SpMV,CUSPARSE_SPMV_ALG_DEFAULT,False,True,True,0.15,0.0,0.0,0.0,0.0,0,42,0,ok,ok,ok,ok,10.943011962808669,10.90220832824707,10.663123975973576,0.0408036345615983,19.580544030759484,19.528352737426758,14.189472019672394,2.912671996280551,2.426208721473813,2.426208721473813,8.637532067950815,2.2724210284650326,2.2564799785614014,0.011886004358530045,8.670590934343636,8.645728349685669,8.670590934343636,8.645728349685669,1.2872740000000609,0.9766459999999966,8.679091962808611,1.2758609999999853,0.9505810000000029,0.045979028465044425,1536,384,0,1920,0,1920,1536,384,0,0,1,1,85.49228095944272,85.17350256443024,83.30565606229356,110.85525015369058,22.755249970941804,18.954755636514165,17.753289284883067,17.628749832510948,0.09285940905101597,67.73899167455966,67.54475273191929,10.056828125000475,7.630046874999973,67.80540595944227,9.967664062499885,7.426414062500022,0.35921115988315955,0.7266087524360303,0.14915093123539883,0.12424031632857085,0.7923404419013551
5,20260825T092923Z,uniform,1,16384,1572864,96.0,128,100,42,separate_eager_and_cudagraph_wall_cupti_profiles_plus_phase_events,pytorch_cuda_eager,cusparse_direct_eager,SpMV,CUSPARSE_SPMV_ALG_DEFAULT,False,True,True,0.15,0.0,0.0,0.0,0.0,0,42,1,ok,ok,ok,ok,13.945378013886511,13.928319931030273,13.896949007175863,0.01705808285623789,19.387775973882526,19.3439998626709,14.163360007107258,2.83334400691092,2.3472958486527205,2.3472958486527205,5.442397959996015,2.701153978705406,2.681407928466797,0.307559035718441,11.244224035181105,11.246912002563477,11.244224035181105,11.246912002563477,1.2869369999999736,0.976826000000026,11.681615013886512,1.2735410000000111,0.9502689999999948,0.47734397870540024,1536,384,0,1920,0,1920,1536,384,0,0,1,1,108.94826573348837,108.81499946117401,108.56991411856143,110.65125005552545,22.135500053991564,18.33824881759938,21.102765458635986,20.94849944114685,2.4028049665503204,87.84550027485238,87.86650002002716,10.054195312499793,7.631453125000203,91.26261729598838,9.949539062500087,7.423976562499959,3.729249833635939,0.7321836283941986,0.1464714654169621,0.1213449061888393,0.8063047142920289
5,20260825T092923Z,uniform,1,16384,1572864,96.0,128,100,42,separate_eager_and_cudagraph_wall_cupti_profiles_plus_phase_events,pytorch_cuda_eager,cusparse_direct_eager,SpMV,CUSPARSE_SPMV_ALG_DEFAULT,False,True,True,0.15,0.0,0.0,0.0,0.0,0,42,2,ok,ok,ok,ok,13.720672985073179,13.701024055480957,13.80906195845455,0.019648929592221975,19.100459991022944,19.06015968322754,13.96227202564478,2.7990080062299967,2.298879651352763,2.298879651352763,5.379787005949765,2.7027539908885956,2.686271905899048,0.3197839832864702,11.017918994184583,11.01475214958191,11.017918994184583,11.01475214958191,1.2871410000000065,0.977208999999993,11.456322985073179,1.274223000000031,0.9504099999999908,0.47812099088857385,1536,384,0,1920,0,1920,1536,384,0,0,1,1,107.19275769588421,107.03925043344498,107.88329655042617,109.08025020034984,21.86725004867185,17.959997276193462,21.115265553817153,20.98649926483631,2.4983123694255482,86.07749214206706,86.05275116860867,10.05578906250005,7.634445312499945,89.50252332088421,9.954867187500241,7.425078124999928,3.735320241316983,0.7325369911738582,0.14685123591556545,0.12061177291057637,0.8030159312280861
5,20260825T092923Z,uniform,1,16384,1572864,96.0,128,100,42,separate_eager_and_cudagraph_wall_cupti_profiles_plus_phase_events,pytorch_cuda_eager,cusparse_direct_eager,SpMV,CUSPARSE_SPMV_ALG_DEFAULT,False,True,True,0.15,0.0,0.0,0.0,0.0,0,42,3,ok,ok,ok,ok,13.901621976401657,13.885855674743652,13.863877044059336,0.015766301658004522,19.136526971124113,19.092639923095703,13.985791996121407,2.788448005914688,2.3183999210596085,2.3183999210596085,5.234904994722456,2.563869988080114,2.544287919998169,0.2601699670776725,11.337751988321543,11.341567754745483,11.337751988321543,11.341567754745483,1.2869799999999905,0.9769070000000247,11.63773497640164,1.2696649999999992,0.9488929999999809,0.3453119880801341,1536,384,0,1920,0,1920,1536,384,0,0,1,1,108.60642169063794,108.48324745893478,108.31153940671356,109.26399996969849,21.7847500462085,18.11249938327819,20.03023428187589,19.877249374985695,2.0325778677943163,88.57618740876205,88.60599808394909,10.054531249999926,7.632085937500193,90.91980450313781,9.919257812499993,7.413226562499851,2.6977499068760475,0.7325226921188243,0.14604832108846297,0.12142898679271276,0.8155704426122112
5,20260825T092923Z,uniform,1,16384,1572864,96.0,128,100,42,separate_eager_and_cudagraph_wall_cupti_profiles_plus_phase_events,pytorch_cuda_eager,cusparse_direct_eager,SpMV,CUSPARSE_SPMV_ALG_DEFAULT,False,True,True,0.15,0.0,0.0,0.0,0.0,0,42,4,ok,ok,ok,ok,13.806298025883734,13.786879539489746,13.975593959912658,0.019418486393988132,19.170528976246715,19.12403106689453,13.99328001588583,2.8139199912548065,2.316831059753895,2.316831059753895,5.36423095036298,2.7452899958007038,2.7291200160980225,0.3762230044230819,11.06100803008303,11.057759523391724,11.06100803008303,11.057759523391724,1.2883430000000367,0.9776679999999857,11.540287025883712,1.2732269999999963,0.9507489999999889,0.5213139958007186,1536,384,0,1920,0,1920,1536,384,0,0,1,1,107.86170332721667,107.70999640226364,109.18432781181764,109.32250012410805,21.983749931678176,18.100242654327303,21.447578092192998,21.3212501257658,2.939242222055327,86.41412523502368,86.38874627649784,10.065179687500287,7.638031249999888,90.1584923897165,9.94708593749997,7.427726562499913,4.072765592193114,0.7317118429131552,0.14714052604348477,0.1211476310433601,0.801156690181981
5,20260825T092923Z,uniform,1,16384,1572864,96.0,128,100,42,separate_eager_and_cudagraph_wall_cupti_profiles_plus_phase_events,pytorch_cuda_eager,cusparse_direct_eager,SpMV,CUSPARSE_SPMV_ALG_DEFAULT,False,True,True,0.15,0.0,0.0,0.0,0.0,0,42,5,ok,ok,ok,ok,13.851048948708922,13.835519790649414,13.763690018095076,0.015529158059507608,19.235930987633765,19.17046356201172,14.031295955181122,2.812320001423359,2.326847605407238,2.326847605407238,5.384882038924843,2.7574749547056854,2.739423990249634,0.3807229804806411,11.093573994003236,11.09609580039978,11.093573994003236,11.09609580039978,1.2875029999999716,0.9766769999999702,11.586868948708979,1.2706760000000055,0.9481340000000005,0.5386649547056794,1536,384,0,1920,0,1920,1536,384,0,0,1,1,108.21131991178845,108.08999836444855,107.52882826636778,109.61949964985251,21.97125001111999,18.178496917244047,21.542773083638167,21.401749923825264,2.974398285005009,86.66854682815028,86.68824844062328,10.05861718749978,7.630289062499767,90.5224136617889,9.927156250000042,7.407296875000004,4.20831995863812,0.7319226219957249,0.14670067796358693,0.12137670004068812,0.8009194130410814
5,20260825T092923Z,uniform,1,16384,1572864,96.0,128,100,42,separate_eager_and_cudagraph_wall_cupti_profiles_plus_phase_events,pytorch_cuda_eager,cusparse_direct_eager,SpMV,CUSPARSE_SPMV_ALG_DEFAULT,False,True,True,0.15,0.0,0.0,0.0,0.0,0,42,6,ok,ok,ok,ok,13.763652998022735,13.743712425231934,13.834310986567289,0.019940572790801525,19.132732995785773,19.08790397644043,13.968928053975105,2.8071360047906637,2.3118399176746607,2.3118399176746607,5.369079997763038,2.703746024053544,2.6873600482940674,0.32894202740862966,11.059906973969191,11.056352376937866,11.059906973969191,11.056352376937866,1.2872860000000168,0.9772209999999885,11.499145998022732,1.2729879999999945,0.9502769999999923,0.4804810240535571,1536,384,0,1920,0,1920,1536,384,0,0,1,1,107.52853904705262,107.37275332212448,108.08055458255694,109.13225042168051,21.93075003742706,18.061249356833287,21.12301581291831,20.9950003772974,2.569859589129919,86.40552323413431,86.37775294482708,10.056921875000132,7.634539062499909,89.83707810955259,9.945218749999956,7.42403906249994,3.7537580004184146,0.7318209516988609,0.147063606787598,0.12111544151354116,0.8035589807123181
5,20260825T092923Z,uniform,1,16384,1572864,96.0,128,100,42,separate_eager_and_cudagraph_wall_cupti_profiles_plus_phase_events,pytorch_cuda_eager,cusparse_direct_eager,SpMV,CUSPARSE_SPMV_ALG_DEFAULT,False,True,True,0.15,0.0,0.0,0.0,0.0,0,42,7,ok,ok,ok,ok,13.885251013562083,13.869471549987793,13.875364966224879,0.015779463574290276,22.073002997785807,22.02582359313965,16.839584103785455,2.979135991074145,2.2071034982800484,2.2071034982800484,8.187751984223723,2.7433219947852194,2.7240641117095947,0.3500760067254305,11.141929018776864,11.145407438278198,11.141929018776864,11.145407438278198,1.2882919999999407,0.9772089999999878,11.619750013562154,1.2733639999999786,0.9499799999999918,0.519977994785249,1536,384,0,1920,0,1920,1536,384,0,0,1,1,108.47852354345378,108.35524648427963,108.40128879863187,131.55925081082387,23.274499930266757,17.242996080312878,21.432203084259527,21.28175087273121,2.7349688025424257,87.04632045919425,87.07349561154842,10.064781249999537,7.6344453124999045,90.77929698095433,9.948156249999833,7.421718749999936,4.062328084259757,0.7645382263494772,0.13525650827431723,0.10020526537620558,0.8024290672091022
5,20260825T092923Z,uniform,1,16384,1572864,96.0,128,100,42,separate_eager_and_cudagraph_wall_cupti_profiles_plus_phase_events,pytorch_cuda_eager,cusparse_direct_eager,SpMV,CUSPARSE_SPMV_ALG_DEFAULT,False,True,True,0.15,0.0,0.0,0.0,0.0,0,42,8,ok,ok,ok,ok,16.818004951346666,16.78348731994629,13.880642014555633,0.03451763140037656,19.152148975990713,19.10748863220215,14.012160010635853,2.804608006030321,2.2907206155359745,2.2907206155359745,2.334144024644047,3.1792549998499453,3.1498560905456543,0.40095701115205884,13.63874995149672,13.633631229400635,13.63874995149672,13.633631229400635,1.2867819999999996,0.9768589999999611,14.554363951346705,1.2719909999999932,0.9496860000000051,0.957577999849947,1536,384,0,1920,0,1920,1536,384,0,0,1,1,131.39066368239583,131.12099468708038,108.44251573871588,109.4700000830926,21.911000047111884,17.8962548088748,24.837929686327698,24.608250707387924,3.1324766496254597,106.55273399606813,106.51274397969246,10.052984374999998,7.631710937499696,113.70596836989613,9.937429687499947,7.41942187500004,7.481078123827711,0.7333334212755171,0.14678056651064397,0.11988601221383889,0.8109612282165862
5,20260825T092923Z,uniform,1,16384,1572864,96.0,128,100,42,separate_eager_and_cudagraph_wall_cupti_profiles_plus_phase_events,pytorch_cuda_eager,cusparse_direct_eager,SpMV,CUSPARSE_SPMV_ALG_DEFAULT,False,True,True,0.15,0.0,0.0,0.0,0.0,0,42,9,ok,ok,ok,ok,13.997374975588173,13.976287841796875,13.853723008651286,0.021087133791297674,19.12452996475622,19.076927185058594,13.98406396061182,2.8394240103662014,2.253439214080572,2.253439214080572,5.127154989168048,2.753544016741216,2.7344961166381836,0.3768799942918122,11.243830958846956,11.241791725158691,11.243830958846956,11.241791725158691,1.3008209999999594,0.9900130000000142,11.706540975588199,1.2705850000000136,0.9489250000000079,0.5340340167411947,1536,384,0,1920,0,1920,1536,384,0,0,1,1,109.3544919967826,109.18974876403809,108.23221100508817,109.25049969227985,22.18300008098595,17.60499386000447,21.51206263079075,21.36325091123581,2.9443749554047827,87.84242936599185,87.82649785280228,10.162664062499683,7.734476562500111,91.4573513717828,9.926445312500107,7.413476562500062,4.172140755790584,0.733035452982407,0.14884074268470718,0.11812380433288584,0.8032813994378606
5,20260825T092923Z,uniform,1,16384,1572864,96.0,128,100,42,separate_eager_and_cudagraph_wall_cupti_profiles_plus_phase_events,pytorch_cuda_eager,cusparse_direct_eager,SpMV,CUSPARSE_SPMV_ALG_DEFAULT,False,True,True,0.15,0.0,0.0,0.0,0.0,0,42,10,ok,ok,ok,ok,13.702941010706127,13.6843843460083,13.819082989357412,0.01855666469782591,19.449825980700552,19.387168884277344,13.993504025042057,2.9733439926058054,2.4203208666294813,2.4203208666294813,5.746884969994426,2.91734398342669,2.8999359607696533,0.3590919659473002,10.785597027279437,10.784448385238647,10.785597027279437,10.784448385238647,1.2919200000000068,1.0790589999999787,11.331962010706143,1.2743189999999978,1.0183380000000053,0.624686983426687,1536,384,0,1920,0,1920,1536,384,0,0,1,1,107.05422664614161,106.90925270318985,107.96158585435478,109.32425019564107,23.229249942232855,18.908756770542823,22.791749870521016,22.655749693512917,2.805405983963283,84.2624767756206,84.25350300967693,10.093125000000054,8.430148437499833,88.53095320864173,9.955617187499982,7.9557656250000415,4.880367058020992,0.7217920320687228,0.15336659057100058,0.12484137736027665,0.7871008872367351
5,20260825T092923Z,uniform,1,16384,1572864,96.0,128,100,42,separate_eager_and_cudagraph_wall_cupti_profiles_plus_phase_events,pytorch_cuda_eager,cusparse_direct_eager,SpMV,CUSPARSE_SPMV_ALG_DEFAULT,False,True,True,0.15,0.0,0.0,0.0,0.0,0,42,11,ok,ok,ok,ok,14.019414025824517,14.001791954040527,13.857868034392595,0.017622071783989668,17.073340015485883,17.031776428222656,12.513631969690323,2.504767988808453,2.0133764697238803,2.0133764697238803,3.0539259896613657,2.7755980263464153,2.756256103515625,0.3695860505104065,11.243815999478102,11.245535850524902,11.243815999478102,11.245535850524902,1.2886280000000165,1.000609999999982,11.730176025824518,1.2735480000000117,0.9727270000000126,0.5293230263463911,1536,384,0,1920,0,1920,1536,384,0,0,1,1,109.52667207675404,109.38899964094162,108.26459401869215,97.76274976320565,19.56849991256604,15.729503669717815,21.68435958083137,21.53325080871582,2.8873910196125507,87.84231249592267,87.8557488322258,10.06740625000013,7.81726562499986,91.64200020175404,9.94959375000009,7.599429687500098,4.13533614333118,0.7347226534135628,0.14706440043787242,0.1182129461485648,0.8020175435839463
5,20260825T092923Z,uniform,1,16384,1572864,96.0,128,100,42,separate_eager_and_cudagraph_wall_cupti_profiles_plus_phase_events,pytorch_cuda_eager,cusparse_direct_eager,SpMV,CUSPARSE_SPMV_ALG_DEFAULT,False,True,True,0.15,0.0,0.0,0.0,0.0,0,42,12,ok,ok,ok,ok,14.303068979643285,14.276415824890137,12.210677959956229,0.026653154753148556,17.0989420148544,17.048383712768555,12.555871993303299,2.461856004782021,2.0306557146832347,2.0306557146832347,2.795873035211116,2.7367810253053904,2.7169599533081055,0.3361869603395462,11.566287954337895,11.559455871582031,11.566287954337895,11.559455871582031,1.2875660000000297,0.9803530000000044,12.03514997964325,1.2715780000000345,1.0043129999999938,0.46089002530536205,1536,384,0,1920,0,1920,1536,384,0,0,1,1,111.74272640346317,111.5344986319542,95.39592156215804,98.09274994768202,19.23325003735954,15.864497770962771,21.381101760198362,21.226249635219574,2.6264606276527047,90.3616246432648,90.30824899673462,10.059109375000233,7.659007812500034,94.0246092159629,9.93420312500027,7.846195312499952,3.600703322698141,0.7364845961262272,0.14440407057111165,0.11911133330266113,0.8086577762296686
5,20260825T092923Z,uniform,1,16384,1572864,96.0,128,100,42,separate_eager_and_cudagraph_wall_cupti_profiles_plus_phase_events,pytorch_cuda_eager,cusparse_direct_eager,SpMV,CUSPARSE_SPMV_ALG_DEFAULT,False,True,True,0.15,0.0,0.0,0.0,0.0,0,42,13,ok,ok,ok,mismatch,12.364091002382338,12.350272178649902,12.236469949129969,0.013818823732435703,17.024144995957613,16.98736000061035,12.430752009153366,2.541408007964492,2.0151999834924936,2.0151999834924936,4.660053993575275,2.7009250479750335,2.682784080505371,0.3131910343654454,9.663165954407305,9.667488098144531,9.663165954407305,9.667488098144531,1.306564000000015,1.3504350000000267,9.707092002382296,1.2711810000000114,0.9497900000000031,0.47995404797501895,1536,384,0,1920,0,1920,1536,384,0,0,1,1,96.59446095611202,96.48650139570236,95.59742147757788,97.11525007151067,19.854750062222593,15.743749871035106,21.10097693730495,20.95925062894821,2.446804955980042,75.49348401880707,75.52725076675415,10.207531250000116,10.55027343750021,75.83665626861169,9.93110156250009,7.420234375000025,3.7496409998048357,0.7317647950421214,0.1496058250295031,0.11862937992837545,0.781550859868743
5,20260825T092923Z,uniform,1,16384,1572864,96.0,128,100,42,separate_eager_and_cudagraph_wall_cupti_profiles_plus_phase_events,pytorch_cuda_eager,cusparse_direct_eager,SpMV,CUSPARSE_SPMV_ALG_DEFAULT,False,True,True,0.15,0.0,0.0,0.0,0.0,0,42,14,ok,ok,ok,mismatch,12.275072047486901,12.258912086486816,12.38614396424964,0.016159961000084877,17.043091007508337,16.999040603637695,12.31411200016737,2.585568000562489,2.0993606029078364,2.0993606029078364,4.768018960021436,2.7006420423276722,2.6856958866119385,0.31199504155665636,9.574430005159229,9.573216199874878,9.574430005159229,9.573216199874878,1.287376000000029,0.9884470000000161,9.999249047486856,1.2746110000000035,2.269307000000026,0.0,1536,384,0,1920,0,1920,1536,384,0,0,1,1,95.89900037099142,95.77275067567825,96.76674972070032,96.20400000130758,20.199750004394446,16.401254710217472,21.09876595568494,20.98199911415577,2.437461262161378,74.80023441530648,74.79075156152248,10.057625000000225,7.722242187500125,78.11913318349106,9.957898437500027,17.728960937500204,0.0,0.7244004110168559,0.1521008191491226,0.12349876983402143,0.7799897196627388
5,20260825T092923Z,uniform,1,16384,1572864,96.0,128,100,42,separate_eager_and_cudagraph_wall_cupti_profiles_plus_phase_events,pytorch_cuda_eager,cusparse_direct_eager,SpMV,CUSPARSE_SPMV_ALG_DEFAULT,False,True,True,0.15,0.0,0.0,0.0,0.0,0,42,15,ok,ok,ok,ok,12.252465006895363,12.2391996383667,12.178616016171873,0.013265368528664112,17.017699021380395,16.9770565032959,12.434400007128716,2.4960320042446256,2.0466244919225574,2.0466244919225574,4.765234014485031,2.71179701667279,2.695103883743286,0.2830910379998386,9.540667990222573,9.544095754623413,9.540667990222573,9.544095754623413,1.287198999999991,1.0060610000000039,9.959205006895369,1.2734820000000209,0.9796410000000005,0.45867401667276864,1536,384,0,1920,0,1920,1536,384,0,0,1,1,95.72238286637003,95.61874717473984,95.14543762634275,97.14375005569309,19.500250033161137,15.98925384314498,21.185914192756172,21.055499091744423,2.211648734373739,74.53646867361385,74.56324808299541,10.056242187499931,7.8598515625000305,77.80628911637007,9.949078125000163,7.653445312500004,3.583390755256005,0.7324237864623188,0.1470238379521238,0.12055237558555743,0.7786733514320047
5,20260825T092923Z,uniform,1,16384,1572864,96.0,128,100,42,separate_eager_and_cudagraph_wall_cupti_profiles_plus_phase_events,pytorch_cuda_eager,cusparse_direct_eager,SpMV,CUSPARSE_SPMV_ALG_DEFAULT,False,True,True,0.15,0.0,0.0,0.0,0.0,0,42,16,ok,ok,ok,ok,12.19895895337686,12.181695938110352,12.18548504402861,0.017263015266507864,16.87192398821935,16.83283233642578,12.30252805352211,2.4882240016013384,2.042080281302333,2.042080281302333,4.672965034842491,2.7463060105219483,2.7315518856048584,0.48698001774027944,9.452652942854911,9.450144052505493,9.452652942854911,9.450144052505493,1.287066000000032,0.9801749999999914,9.931717953376836,1.2734679999999976,0.9515270000000091,0.5213110105219416,1536,384,0,1920,0,1920,1536,384,0,0,1,1,95.30436682325671,95.16949951648712,95.19910190647352,96.11350041814148,19.439250012510456,15.953752197674476,21.45551570720272,21.340249106287956,3.804531388595933,73.84885111605399,73.82925041019917,10.05520312500025,7.657617187499932,77.59154651075653,9.948968749999981,7.433804687500071,4.072742269702669,0.7308650028492104,0.14781968666181572,0.12131531048897386,0.7748737395528551
5,20260825T092923Z,uniform,1,16384,1572864,96.0,128,100,42,separate_eager_and_cudagraph_wall_cupti_profiles_plus_phase_events,pytorch_cuda_eager,cusparse_direct_eager,SpMV,CUSPARSE_SPMV_ALG_DEFAULT,False,True,True,0.15,0.0,0.0,0.0,0.0,0,42,17,ok,ok,ok,ok,12.211502995342016,12.198080062866211,12.185839004814625,0.013422932475805283,16.961084969807416,16.922399520874023,12.211680047214031,2.6346560046076775,2.0760634690523148,2.0760634690523148,4.7495819744654,2.6871360023505986,2.669343948364258,0.3449159557931125,9.524366992991418,9.528736114501953,9.524366992991418,9.528736114501953,1.2894780000000132,0.9864789999999984,9.935545995342004,1.2710950000000016,0.9500399999999946,0.4660010023506024,1536,384,0,1920,0,1920,1536,384,0,0,1,1,95.4023671511095,95.29750049114227,95.20186722511426,95.40375036885962,20.58325003599748,16.21924585197121,20.99325001836405,20.854249596595764,2.6946559046336915,74.40911713274545,74.44325089454651,10.074046875000104,7.706867187499988,77.6214530886094,9.930429687500013,7.422187499999957,3.640632830864081,0.7216281610743647,0.15569045048001565,0.1226813884456197,0.779950428430015
5,20260825T092923Z,uniform,1,16384,1572864,96.0,128,100,42,separate_eager_and_cudagraph_wall_cupti_profiles_plus_phase_events,pytorch_cuda_eager,cusparse_direct_eager,SpMV,CUSPARSE_SPMV_ALG_DEFAULT,False,True,True,0.15,0.0,0.0,0.0,0.0,0,42,18,ok,ok,ok,ok,12.19098799629137,12.175904273986816,13.851473981048912,0.015083722304552794,17.06494396785274,17.018720626831055,12.38704001903534,2.5857920087873936,2.0458885990083218,2.0458885990083218,4.873955971561372,2.8185140108689666,2.7902719974517822,0.4082409432157874,9.372473985422403,9.385632276535034,9.372473985422403,9.385632276535034,1.2890129999999556,1.0028250000000147,9.8991499962914,1.2743989999999912,0.9806169999999974,0.563498010868978,1536,384,0,1920,0,1920,1536,384,0,0,1,1,95.24209372102632,95.124252140522,108.21464047694462,96.77375014871359,20.201500068651512,15.983504679752514,22.0196407099138,21.79899998009205,3.189382368873339,73.22245301111252,73.32525216042995,10.070414062499653,7.834570312500115,77.33710934602655,9.956242187499932,7.66107031249998,4.4023282099138905,0.7278478970685031,0.1519380960229604,0.12021400690853654,0.7688034791170011
5,20260825T092923Z,uniform,1,16384,1572864,96.0,128,100,42,separate_eager_and_cudagraph_wall_cupti_profiles_plus_phase_events,pytorch_cuda_eager,cusparse_direct_eager,SpMV,CUSPARSE_SPMV_ALG_DEFAULT,False,True,True,0.15,0.0,0.0,0.0,0.0,0,42,19,ok,ok,ok,ok,12.300784001126885,12.28774356842041,12.248484999872744,0.013040432706475258,17.022966989316046,16.98374366760254,12.32768003642559,2.5863679964095354,2.069695634767413,2.069695634767413,4.722182988189161,2.6795589947141707,2.662048101425171,0.2766480320133269,9.621225006412715,9.62569546699524,9.621225006412715,9.62569546699524,1.2885139999999793,0.9999329999999856,10.01233700112692,1.2736050000000023,0.9684800000000009,0.4374739947141675,1536,384,0,1920,0,1920,1536,384,0,0,1,1,96.09987500880379,95.99799662828445,95.69128906150581,96.31000028457493,20.205999971949495,16.169497146620415,20.93405464620446,20.797250792384148,2.1613127501041163,75.16582036259933,75.2007458359003,10.066515624999838,7.811976562499888,78.22138282130406,9.950039062500018,7.566250000000007,3.4177655837044334,0.7258517484541023,0.15228491709652803,0.12186333444936971,0.782163560105706
5,20260825T092923Z,uniform,1,16384,1572864,96.0,128,100,42,separate_eager_and_cudagraph_wall_cupti_profiles_plus_phase_events,pytorch_cuda_eager,cusparse_direct_eager,SpMV,CUSPARSE_SPMV_ALG_DEFAULT,False,True,True,0.15,0.01,0.010009765625,10.0,10.009765625,164,43,0,ok,ok,ok,ok,13.27416900312528,13.245759963989258,13.206022034864873,0.02840903913602233,18.220263009425253,18.152320861816406,13.475999973714352,2.581504006870091,2.0948168812319636,2.0948168812319636,4.9460940062999725,2.6714149862527847,2.6566081047058105,0.23740000324323773,10.602754016872495,10.589151859283447,10.602754016872495,10.589151859283447,1.4458750000000264,0.9925389999999729,10.835755003125282,1.425023000000032,0.9700380000000027,0.2763539862527501,1664,384,0,2048,0,2048,1664,384,0,0,1,1,103.70444533691625,103.48249971866608,103.17204714738182,105.28124979464337,20.168000053672586,16.365756884624716,20.87042958009988,20.754750818014145,1.8546875253377948,82.83401575681637,82.72774890065193,11.295898437500206,7.754210937499788,84.65433596191626,11.13299218750025,7.578421875000021,2.15901551759961,0.742384407828602,0.1422134407231811,0.11540215144821687,0.7987508682747805
5,20260825T092923Z,uniform,1,16384,1572864,96.0,128,100,42,separate_eager_and_cudagraph_wall_cupti_profiles_plus_phase_events,pytorch_cuda_eager,cusparse_direct_eager,SpMV,CUSPARSE_SPMV_ALG_DEFAULT,False,True,True,0.15,0.01,0.010009765625,10.0,10.009765625,164,43,1,ok,ok,ok,ok,13.250191987026483,13.236512184143066,13.170030026230961,0.013679802883416414,18.027973012067378,17.98624038696289,13.399072036147118,2.543936002999544,2.043232347816229,2.043232347816229,4.777781025040895,2.7888829936273396,2.773344039916992,0.2919340040534735,10.461308993399143,10.463168144226074,10.461308993399143,10.463168144226074,1.4460370000000053,0.9809929999999699,10.823161987026507,1.436233999999997,0.9659199999999939,0.3867289936273488,1664,384,0,2048,0,2048,1664,384,0,0,1,1,103.5171248986444,103.4102514386177,102.89085957992938,104.68025028239936,19.87450002343394,15.962752717314288,21.78814838771359,21.6667503118515,2.2807344066677615,81.7289765109308,81.7435011267662,11.297164062500041,7.664007812499765,84.55595302364459,11.220578124999976,7.546249999999953,3.0213202627136626,0.7449623572172022,0.14143789631787004,0.11359974646492778,0.7895213143811057
5,20260825T092923Z,uniform,1,16384,1572864,96.0,128,100,42,separate_eager_and_cudagraph_wall_cupti_profiles_plus_phase_events,pytorch_cuda_eager,cusparse_direct_eager,SpMV,CUSPARSE_SPMV_ALG_DEFAULT,False,True,True,0.15,0.01,0.010009765625,10.0,10.009765625,164,43,2,ok,ok,ok,ok,13.11780302785337,13.101247787475586,13.183096947614104,0.016555240377783775,18.174642988014966,18.135072708129883,13.489087969064713,2.5668160002678633,2.079168738797307,2.079168738797307,5.0568399601615965,2.9448569985106587,2.9295361042022705,0.3925139899365604,10.172946029342711,10.171711683273315,10.172946029342711,10.171711683273315,1.443820999999991,0.9760029999999972,10.697979027853382,1.424794999999994,0.9534359999999842,0.5666259985106805,1664,384,0,2048,0,2048,1664,384,0,0,1,1,102.48283615510445,102.35349833965302,102.99294490323518,105.38349975831807,20.053250002092682,16.24350577185396,23.00669530086452,22.88700081408024,3.066515546379378,79.47614085423993,79.46649752557278,11.279851562499928,7.625023437499978,83.57796115510455,11.131210937499953,7.448718749999877,4.426765613364692,0.743812180196973,0.14153877635776832,0.11464904344525863,0.7755068442285825
5,20260825T092923Z,uniform,1,16384,1572864,96.0,128,100,42,separate_eager_and_cudagraph_wall_cupti_profiles_plus_phase_events,pytorch_cuda_eager,cusparse_direct_eager,SpMV,CUSPARSE_SPMV_ALG_DEFAULT,False,True,True,0.15,0.01,0.010009765625,10.0,10.009765625,164,43,3,ok,ok,ok,ok,13.191103003919125,13.17750358581543,13.103763049002737,0.013599418103694916,18.073006998747587,18.035295486450195,13.457695975899696,2.5314239971339703,2.0461755134165287,2.0461755134165287,4.881903994828463,2.8293320210650563,2.8119359016418457,0.2832869649864733,10.361770982854068,10.365567684173584,10.361770982854068,10.365567684173584,1.4467689999999598,0.9762539999999919,10.768080003919172,1.4212419999999861,0.9496349999999996,0.45845502106507063,1664,384,0,2048,0,2048,1664,384,0,0,1,1,103.05549221811816,102.94924676418304,102.37314882033388,105.13824981171638,19.776749977609143,15.98574619856663,22.104156414570753,21.96824923157692,2.213179413956823,80.95133580354741,80.98099753260612,11.302882812499686,7.626984374999936,84.12562503061854,11.103453124999891,7.419023437499996,3.5816798520708644,0.746186608697949,0.1403594412431897,0.11345395005886139,0.7855120970380982
5,20260825T092923Z,uniform,1,16384,1572864,96.0,128,100,42,separate_eager_and_cudagraph_wall_cupti_profiles_plus_phase_events,pytorch_cuda_eager,cusparse_direct_eager,SpMV,CUSPARSE_SPMV_ALG_DEFAULT,False,True,True,0.15,0.01,0.010009765625,10.0,10.009765625,164,43,4,ok,ok,ok,ok,13.243605964817107,13.221376419067383,13.203302980400622,0.02222954574972391,18.019996990915388,17.978303909301758,13.401120014488697,2.549248004332185,2.027935890480876,2.027935890480876,4.776391026098281,2.9077589861117303,2.8933119773864746,0.4452170105651021,10.335846978705376,10.328064441680908,10.335846978705376,10.328064441680908,1.4439899999999621,0.9752550000000003,10.824360964817144,1.4248639999999921,0.951390999999993,0.5315039861117452,1664,384,0,2048,0,2048,1664,384,0,0,1,1,103.46567160013365,103.29200327396393,103.15080453437986,104.69625011319295,19.916000033845194,15.843249144381844,22.716867078997893,22.603999823331833,3.47825789503986,80.74880452113575,80.6880034506321,11.281171874999703,7.619179687500003,84.56532003763394,11.131749999999938,7.4327421874999455,4.15237489149801,0.7454051328810344,0.141795801049577,0.11279906606938858,0.7804405390921123
5,20260825T092923Z,uniform,1,16384,1572864,96.0,128,100,42,separate_eager_and_cudagraph_wall_cupti_profiles_plus_phase_events,pytorch_cuda_eager,cusparse_direct_eager,SpMV,CUSPARSE_SPMV_ALG_DEFAULT,False,True,True,0.15,0.01,0.010009765625,10.0,10.009765625,164,43,5,ok,ok,ok,ok,13.202153029851615,13.18934440612793,13.153398991562426,0.012808623723685741,19.035611010622233,18.99385643005371,14.210719987750053,2.6350400000810623,2.148096442222595,2.148096442222595,5.833457980770618,2.7492910157889128,2.7324159145355225,0.28925196966156363,10.452862014062703,10.456928491592407,10.452862014062703,10.456928491592407,1.4464129999999746,0.9759390000000081,10.779801029851633,1.422517000000002,0.9503600000000018,0.376414015788909,1664,384,0,2048,0,2048,1664,384,0,0,1,1,103.14182054571575,103.04175317287445,102.76092962158145,111.02124990429729,20.5862500006333,16.782003454864025,21.47883606085088,21.34699933230877,2.259781012980966,81.66298448486486,81.69475384056568,11.300101562499801,7.624523437500064,84.21719554571588,11.113414062500016,7.424687500000013,2.9407344983508517,0.7481745500226396,0.13873117393430834,0.11309427604305214,0.791754344191251
5,20260825T092923Z,uniform,1,16384,1572864,96.0,128,100,42,separate_eager_and_cudagraph_wall_cupti_profiles_plus_phase_events,pytorch_cuda_eager,cusparse_direct_eager,SpMV,CUSPARSE_SPMV_ALG_DEFAULT,False,True,True,0.15,0.01,0.010009765625,10.0,10.009765625,164,43,6,ok,ok,ok,ok,15.237823012284935,15.216832160949707,13.163262978196144,0.02099085133522749,18.015606969129294,17.976543426513672,13.395295970141888,2.5315840002149343,2.04966345615685,2.04966345615685,2.7777839568443596,2.895481011364609,2.878783941268921,0.3604090306907892,12.342342000920326,12.338048219680786,12.342342000920326,12.338048219680786,1.4450700000000158,0.9749150000000065,12.817838012284913,1.424541000000003,0.9545060000000014,0.5164340113646047,1664,384,0,2048,0,2048,1664,384,0,0,1,1,119.04549228347605,118.88150125741959,102.83799201715738,104.6507497667335,19.778000001679175,16.01299575122539,22.620945401286008,22.490499541163445,2.815695552271791,96.42454688219004,96.39100171625614,11.289609375000124,7.616523437500051,100.13935947097588,11.129226562500023,7.457078125000011,4.034640713785974,0.745154151847964,0.14082707337836103,0.11401877477367497,0.8099806639681906
5,20260825T092923Z,uniform,1,16384,1572864,96.0,128,100,42,separate_eager_and_cudagraph_wall_cupti_profiles_plus_phase_events,pytorch_cuda_eager,cusparse_direct_eager,SpMV,CUSPARSE_SPMV_ALG_DEFAULT,False,True,True,0.15,0.01,0.010009765625,10.0,10.009765625,164,43,7,ok,ok,ok,ok,13.262260996270925,13.248671531677246,13.133763975929469,0.013589464593678713,18.025600991677493,17.986528396606445,13.409023933112621,2.530112000182271,2.047392463311553,2.047392463311553,4.763339995406568,2.8657480143010616,2.8502719402313232,0.3822430153377354,10.396512981969863,10.398399591445923,10.396512981969863,10.398399591445923,1.4436450000000018,0.9751390000000026,10.84347699627092,1.421023000000047,0.9504890000000205,0.4942360143009942,1664,384,0,2048,0,2048,1664,384,0,0,1,1,103.6114140333666,103.50524634122849,102.60753106194898,104.75799947744235,19.766500001423992,15.995253619621508,22.388656361727044,22.267749533057213,2.986273557326058,81.22275767163956,81.23749680817127,11.278476562500014,7.6182734375000205,84.71466403336657,11.101742187500367,7.42569531250016,3.861218861726517,0.745503725757469,0.14066705616519262,0.1138292180773383,0.7839170850953053
5,20260825T092923Z,uniform,1,16384,1572864,96.0,128,100,42,separate_eager_and_cudagraph_wall_cupti_profiles_plus_phase_events,pytorch_cuda_eager,cusparse_direct_eager,SpMV,CUSPARSE_SPMV_ALG_DEFAULT,False,True,True,0.15,0.01,0.010009765625,10.0,10.009765625,164,43,8,ok,ok,ok,ok,13.153020991012454,13.136896133422852,13.170733989682049,0.01612485758960247,17.951353976968676,17.909088134765625,13.35436798632145,2.514751994982362,2.039968153461814,2.039968153461814,4.798332985956222,2.9022739618085325,2.887455940246582,0.36561599699780345,10.250747029203922,10.24944019317627,10.250747029203922,10.24944019317627,1.4448010000000229,0.9751399999999901,10.73307999101244,1.4256100000000462,0.9528620000000129,0.5238019618084734,1664,384,0,2048,0,2048,1664,384,0,0,1,1,102.7579764922848,102.63200104236603,102.896359294391,104.33099989313632,19.6464999607997,15.937251198920421,22.67401532662916,22.558249533176422,2.8563749765453395,80.08396116565564,80.0737515091896,11.287507812500179,7.618281249999923,83.85218742978469,11.137578125000362,7.4442343750001,4.092202826628698,0.7456754853083544,0.14041764583762667,0.11390686885401889,0.7793454474229399
5,20260825T092923Z,uniform,1,16384,1572864,96.0,128,100,42,separate_eager_and_cudagraph_wall_cupti_profiles_plus_phase_events,pytorch_cuda_eager,cusparse_direct_eager,SpMV,CUSPARSE_SPMV_ALG_DEFAULT,False,True,True,0.15,0.01,0.010009765625,10.0,10.009765625,164,43,9,ok,ok,ok,ok,13.208329968620092,13.195039749145508,13.145253993570805,0.013290219474583864,18.0313530145213,17.989791870117188,13.42204800248146,2.5195520035922527,2.048191864043474,2.048191864043474,4.823023045901209,2.824659983161837,2.807136058807373,0.3255390329286456,10.383669985458255,10.387903690338135,10.383669985458255,10.387903690338135,1.4454640000000467,0.9748940000000228,10.787971968620022,1.4213600000000084,0.950625,0.4526749831618284,1664,384,0,2048,0,2048,1664,384,0,0,1,1,103.19007787984447,103.08624804019928,102.69729682477191,104.85975001938641,19.684000028064474,16.001498937839642,22.06765611845185,21.930750459432602,2.543273694755044,81.12242176139262,81.15549758076668,11.292687500000365,7.616359375000178,84.28103100484392,11.104375000000065,7.4267578125,3.5365233059517847,0.7460924561765944,0.14005453880639254,0.11385300501701313,0.7861455619391271
5,20260825T092923Z,uniform,1,16384,1572864,96.0,128,100,42,separate_eager_and_cudagraph_wall_cupti_profiles_plus_phase_events,pytorch_cuda_eager,cusparse_direct_eager,SpMV,CUSPARSE_SPMV_ALG_DEFAULT,False,True,True,0.15,0.01,0.010009765625,10.0,10.009765625,164,43,10,ok,ok,ok,ok,13.159825000911951,13.144800186157227,13.16685602068901,0.015024814754724503,18.17246404243633,18.13337516784668,13.508192025125027,2.5547840017825365,2.0703991409391165,2.0703991409391165,5.0126390415243804,2.8797019622288644,2.864959955215454,0.33956801053136587,10.280123038683087,10.279840230941772,10.280123038683087,10.279840230941772,1.4447380000000325,0.9744519999999702,10.740635000911947,1.4239209999999758,0.9533679999999868,0.5024129622289019,1664,384,0,2048,0,2048,1664,384,0,0,1,1,102.81113281962462,102.69375145435333,102.8660626616329,105.53275019628927,19.959250013926066,16.174993288586847,22.497671579913003,22.382499650120735,2.652875082276296,80.31346123971161,80.3112518042326,11.287015625000254,7.612906249999767,83.91121094462459,11.12438281249981,7.4481874999998965,3.9251012674132957,0.7449353416057465,0.14088849859085084,0.11417615980340269,0.7811747525495737
5,20260825T092923Z,uniform,1,16384,1572864,96.0,128,100,42,separate_eager_and_cudagraph_wall_cupti_profiles_plus_phase_events,pytorch_cuda_eager,cusparse_direct_eager,SpMV,CUSPARSE_SPMV_ALG_DEFAULT,False,True,True,0.15,0.01,0.010009765625,10.0,10.009765625,164,43,11,ok,ok,ok,ok,13.204507005866617,13.191967964172363,13.115111971274018,0.012539041694253683,18.01481400616467,17.97385597229004,13.412128008902073,2.5247680004686117,2.0369599629193544,2.0369599629193544,4.810307000298053,2.7896760147996247,2.77455997467041,0.27434498770162463,10.414830991066992,10.417407989501953,10.414830991066992,10.417407989501953,1.4461310000000178,0.9756809999999828,10.782695005866618,1.421572000000011,0.9510090000000017,0.4170950147996121,1664,384,0,2048,0,2048,1664,384,0,0,1,1,103.16021098333295,103.06224972009659,102.46181227557827,104.78225006954744,19.72475000366103,15.913749710307457,21.794343865622068,21.67624980211258,2.1433202164189424,81.36586711771088,81.38599991798401,11.29789843750014,7.622507812499865,84.23980473333295,11.106031250000086,7.4297578125000125,3.2585548031219695,0.7462020408742177,0.14046891242263207,0.11332904670315028,0.788733042925404
5,20260825T092923Z,uniform,1,16384,1572864,96.0,128,100,42,separate_eager_and_cudagraph_wall_cupti_profiles_plus_phase_events,pytorch_cuda_eager,cusparse_direct_eager,SpMV,CUSPARSE_SPMV_ALG_DEFAULT,False,True,True,0.15,0.01,0.010009765625,10.0,10.009765625,164,43,12,ok,ok,ok,ok,13.16631498048082,13.1495361328125,13.159408990759403,0.01677884766831994,18.19965901086107,18.15497589111328,13.529407992959023,2.559168007224798,2.0663998909294605,2.0663998909294605,5.033344030380249,2.948379027657211,2.9342401027679443,0.4271320067346096,10.21793595282361,10.215296030044556,10.21793595282361,10.215296030044556,1.4447460000000265,0.9761160000000241,10.745452980480769,1.4257239999999927,0.9533019999999827,0.5693530276572355,1664,384,0,2048,0,2048,1664,384,0,0,1,1,102.8618357850064,102.73075103759766,102.80788274030783,105.69849994499236,19.993500056443736,16.14374914788641,23.03421115357196,22.923750802874565,3.3369688026141375,79.82762463143445,79.80700023472309,11.287078125000207,7.625906250000188,83.948851410006,11.138468749999943,7.447671874999864,4.448070528572153,0.7452176237579893,0.14096234677334332,0.11382002946866744,0.7760664975714002
5,20260825T092923Z,uniform,1,16384,1572864,96.0,128,100,42,separate_eager_and_cudagraph_wall_cupti_profiles_plus_phase_events,pytorch_cuda_eager,cusparse_direct_eager,SpMV,CUSPARSE_SPMV_ALG_DEFAULT,False,True,True,0.15,0.01,0.010009765625,10.0,10.009765625,164,43,13,ok,ok,ok,ok,13.264591048937291,13.25158405303955,13.126552978064865,0.013006995897740126,18.058516026940197,18.017375946044922,13.435583971440792,2.54169600084424,2.0400959737598896,2.0400959737598896,4.793924978002906,2.8819689759984612,2.8659520149230957,0.3637620247900486,10.38262207293883,10.385632038116455,10.38262207293883,10.385632038116455,1.4456559999999594,0.9765659999999929,10.84236904893734,1.4223679999999894,0.9507089999999822,0.5088919759984897,1664,384,0,2048,0,2048,1664,384,0,0,1,1,103.62961756982259,103.52800041437149,102.55119514113176,104.96549977688119,19.857000006595626,15.938249794999138,22.51538262498798,22.390250116586685,2.8418908186722547,81.1142349448346,81.1377502977848,11.294187499999683,7.629421874999945,84.70600819482296,11.112249999999918,7.42741406249986,3.9757185624882005,0.7457014834832316,0.14106915504542045,0.11322936147134792,0.782732165253647
5,20260825T092923Z,uniform,1,16384,1572864,96.0,128,100,42,separate_eager_and_cudagraph_wall_cupti_profiles_plus_phase_events,pytorch_cuda_eager,cusparse_direct_eager,SpMV,CUSPARSE_SPMV_ALG_DEFAULT,False,True,True,0.15,0.01,0.010009765625,10.0,10.009765625,164,43,14,ok,ok,ok,ok,13.157929992303252,13.141951560974121,13.147760997526348,0.015978431329131126,18.080295994877815,18.040895462036133,13.449504032731056,2.5363200064748526,2.055071422830224,2.055071422830224,4.922366002574563,2.887736016418785,2.87337589263916,0.3643899690359831,10.270193975884467,10.268575668334961,10.270193975884467,10.268575668334961,1.4445860000000161,0.9752540000000042,10.738089992303232,1.422712000000028,0.9510550000000279,0.513969016418729,1664,384,0,2048,0,2048,1664,384,0,0,1,1,102.79632806486916,102.67149657011032,102.71688279317459,105.07425025571138,19.815000050584786,16.055245490861125,22.560437628271757,22.44824916124344,2.846796633093618,80.2358904365974,80.22324740886688,11.285828125000126,7.619171875000033,83.891328064869,11.114937500000218,7.430117187500217,4.015382940771321,0.7455009126921196,0.1405872569802363,0.11391183032764408,0.7805326507962902
5,20260825T092923Z,uniform,1,16384,1572864,96.0,128,100,42,separate_eager_and_cudagraph_wall_cupti_profiles_plus_phase_events,pytorch_cuda_eager,cusparse_direct_eager,SpMV,CUSPARSE_SPMV_ALG_DEFAULT,False,True,True,0.15,0.01,0.010009765625,10.0,10.009765625,164,43,15,ok,ok,ok,ok,13.196538959164172,13.18336009979248,13.120736985001713,0.013178859371691942,18.055894994176924,18.0130558013916,13.436895981431007,2.5339839961379766,2.0421758238226175,2.0421758238226175,4.859356035012752,2.787168021313846,2.770944118499756,0.3091300022788346,10.409370937850326,10.412415981292725,10.409370937850326,10.412415981292725,1.446199999999976,0.9763900000000035,10.773948959164192,1.4233770000000103,0.9499270000000137,0.41386402131382205,1664,384,0,2048,0,2048,1664,384,0,0,1,1,103.0979606184701,102.99500077962875,102.50575769532588,104.97574985492975,19.796749969827943,15.9544986236142,21.774750166514423,21.648000925779343,2.415078142803395,81.32321045195567,81.34699985384941,11.298437499999812,7.628046875000027,84.17147624347025,11.120132812500081,7.421304687500108,3.2333126665142347,0.7459531647258284,0.14067485406569458,0.11337198120847707,0.7887955296507246
5,20260825T092923Z,uniform,1,16384,1572864,96.0,128,100,42,separate_eager_and_cudagraph_wall_cupti_profiles_plus_phase_events,pytorch_cuda_eager,cusparse_direct_eager,SpMV,CUSPARSE_SPMV_ALG_DEFAULT,False,True,True,0.15,0.01,0.010009765625,10.0,10.009765625,164,43,16,ok,ok,ok,ok,13.240768981631845,13.223679542541504,13.217287021689117,0.01708943909034133,18.076581007335335,18.037567138671875,13.476064033806324,2.5152320004999638,2.0462711043655872,2.0462711043655872,4.83581202570349,2.893399039749056,2.8792641162872314,0.37340796552598476,10.34736994188279,10.344415426254272,10.34736994188279,10.344415426254272,1.4452529999999784,0.9751279999999822,10.820387981631885,1.4249300000000023,0.9522200000000001,0.5162490397490538,1664,384,0,2048,0,2048,1664,384,0,0,1,1,103.44350766899879,103.3099964261055,103.26005485694623,105.2817502641119,19.650250003905967,15.98649300285615,22.6046799980395,22.494250908493996,2.917249730671756,80.83882767095929,80.8157455176115,11.29103906249983,7.618187499999861,84.53428110649911,11.132265625000018,7.43921875,4.033195623039482,0.7471109562727083,0.13944408251750312,0.11344496120978853,0.7814780211207596
5,20260825T092923Z,uniform,1,16384,1572864,96.0,128,100,42,separate_eager_and_cudagraph_wall_cupti_profiles_plus_phase_events,pytorch_cuda_eager,cusparse_direct_eager,SpMV,CUSPARSE_SPMV_ALG_DEFAULT,False,True,True,0.15,0.01,0.010009765625,10.0,10.009765625,164,43,17,ok,ok,ok,ok,13.28574400395155,13.272512435913086,13.183726987335831,0.013231568038463593,18.05041905026883,18.009727478027344,13.421888023614883,2.5298880003392696,2.0579514540731907,2.0579514540731907,4.764675046317279,2.8049430111423135,2.789088010787964,0.292272015940398,10.480800992809236,10.483424425125122,10.480800992809236,10.483424425125122,1.4440560000000113,0.9759620000000128,10.865726003951526,1.4241670000000157,0.9497190000000086,0.4310570111422891,1664,384,0,2048,0,2048,1664,384,0,0,1,1,103.79487503087148,103.69150340557098,102.99786708856118,104.85850018449128,19.764750002650544,16.077745734946802,21.913617274549324,21.789750084280968,2.283375124534359,81.88125775632216,81.90175332129002,11.28168750000009,7.624703125000099,84.8884844058713,11.126304687500124,7.419679687500068,3.367632899549134,0.7452576969857081,0.14047341934661942,0.11426888366767246,0.7888757294805586
5,20260825T092923Z,uniform,1,16384,1572864,96.0,128,100,42,separate_eager_and_cudagraph_wall_cupti_profiles_plus_phase_events,pytorch_cuda_eager,cusparse_direct_eager,SpMV,CUSPARSE_SPMV_ALG_DEFAULT,False,True,True,0.15,0.01,0.010009765625,10.0,10.009765625,164,43,18,ok,ok,ok,ok,13.173366955015808,13.157088279724121,13.170747959520668,0.01627867529168725,17.973288020584732,17.932767868041992,13.363584011793137,2.5282880067825317,2.040895849466324,2.040895849466324,4.799921065568924,2.892757998779416,2.8781120777130127,0.35889301216229796,10.280608956236392,10.278976202011108,10.280608956236392,10.278976202011108,1.4446620000000145,0.9752619999999791,10.753442955015814,1.423722999999994,0.9517739999999921,0.5172609987794299,1664,384,0,2048,0,2048,1664,384,0,0,1,1,102.916929336061,102.7897521853447,102.89646843375522,104.40300009213388,19.75225005298853,15.944498823955655,22.599671865464188,22.48525060713291,2.803851657517953,80.31725747059681,80.30450157821178,11.286421875000114,7.619234374999837,84.01127308606104,11.122835937499953,7.435734374999939,4.041101552964296,0.7452047620383464,0.14098704814487656,0.11380818981677708,0.7804086071042007
5,20260825T092923Z,uniform,1,16384,1572864,96.0,128,100,42,separate_eager_and_cudagraph_wall_cupti_profiles_plus_phase_events,pytorch_cuda_eager,cusparse_direct_eager,SpMV,CUSPARSE_SPMV_ALG_DEFAULT,False,True,True,0.15,0.01,0.010009765625,10.0,10.009765625,164,43,19,ok,ok,ok,ok,13.153761974535882,13.14022445678711,13.074114976916462,0.013537517748773098,18.022747011855245,17.97769546508789,13.399647995829582,2.520256010815501,2.057791458442807,2.057791458442807,4.868985037319362,2.818627981469035,2.801919937133789,0.34462998155504465,10.335133993066847,10.33830451965332,10.335133993066847,10.33830451965332,1.44581899999998,0.975293000000001,10.732649974535901,1.4214819999999926,0.9494840000000049,0.4476619814690377,1664,384,0,2048,0,2048,1664,384,0,0,1,1,102.76376542606158,102.65800356864929,102.14152325715986,104.68474996741861,19.689500084496103,16.07649576908443,22.020531105226837,21.889999508857727,2.6924217308987863,80.74323432083474,80.76800405979156,11.295460937499843,7.619476562500007,83.84882792606173,11.105328124999943,7.4178437500000385,3.497359230226857,0.7453484803906747,0.14018793541751542,0.11446358419180992,0.7857169692650997
5,20260825T092923Z,uniform,1,16384,1572864,96.0,128,100,42,separate_eager_and_cudagraph_wall_cupti_profiles_plus_phase_events,pytorch_cuda_eager,cusparse_direct_eager,SpMV,CUSPARSE_SPMV_ALG_DEFAULT,False,True,True,0.15,0.02,0.02001953125,20.0,20.01953125,328,44,0,ok,ok,ok,ok,13.300377991981804,13.267807960510254,13.22001701919362,0.032570031471550465,18.15468299901113,18.112415313720703,13.518368013203144,2.541087992489338,2.052959308028221,2.052959308028221,4.854305007029325,2.6911740424111485,2.675391912460327,0.24894200032576919,10.609203949570656,10.592416048049927,10.609203949570656,10.592416048049927,1.4728329999999912,0.9764429999999927,10.851101991981821,1.4521899999999932,0.9519839999999913,0.28700004241116406,1664,384,0,2048,0,2048,1664,384,0,0,1,1,103.90920306235785,103.65474969148636,103.28138296245015,105.61225010314956,19.852249941322953,16.038744593970478,21.024797206337098,20.901499316096306,1.9448593775450718,82.88440585602075,82.75325037539005,11.506507812499931,7.628460937499943,84.77423431235798,11.345234374999947,7.437374999999932,2.242187831337219,0.7463592115714447,0.1402953691418718,0.11334541928668355,0.7976618375783353
5,20260825T092923Z,uniform,1,16384,1572864,96.0,128,100,42,separate_eager_and_cudagraph_wall_cupti_profiles_plus_phase_events,pytorch_cuda_eager,cusparse_direct_eager,SpMV,CUSPARSE_SPMV_ALG_DEFAULT,False,True,True,0.15,0.02,0.02001953125,20.0,20.01953125,328,44,1,ok,ok,ok,ok,13.289559981785715,13.276032447814941,13.283500971738249,0.01352753397077322,18.031593004707247,17.991199493408203,13.423167988657951,2.531648002564907,2.0363835021853447,2.0363835021853447,4.742033022921532,2.913139993324876,2.89683198928833,0.3556580049917102,10.376419988460839,10.379200458526611,10.376419988460839,10.379200458526611,1.473378999999982,0.9750669999999813,10.841113981785751,1.4466119999999982,0.951514999999999,0.5150129933248786,1664,384,0,2048,0,2048,1664,384,0,0,1,1,103.8246873577009,103.71900349855423,103.77735134170507,104.86849991139024,19.778500020038337,15.909246110823005,22.758906197850592,22.63149991631508,2.778578163997736,81.0657811598503,81.08750358223915,11.510773437499859,7.6177109374998535,84.69620298270118,11.301656249999986,7.433710937499992,4.023539010350614,0.7460963341313661,0.14071590965863492,0.11318775620999898,0.7807948496927256
5,20260825T092923Z,uniform,1,16384,1572864,96.0,128,100,42,separate_eager_and_cudagraph_wall_cupti_profiles_plus_phase_events,pytorch_cuda_eager,cusparse_direct_eager,SpMV,CUSPARSE_SPMV_ALG_DEFAULT,False,True,True,0.15,0.02,0.02001953125,20.0,20.01953125,328,44,2,ok,ok,ok,ok,13.22934398194775,13.21401596069336,13.24737397953868,0.015328021254390478,18.407586961984634,18.36617660522461,13.69846399128437,2.591456001624465,2.076256612315774,2.076256612315774,5.1782429800368845,2.9435830074362457,2.929471969604492,0.36142102908343077,10.285760974511504,10.284543991088867,10.285760974511504,10.284543991088867,1.4717809999999887,0.9752440000000129,10.782318981947748,1.4490739999999613,0.9535899999999808,0.5409190074363035,1664,384,0,2048,0,2048,1664,384,0,0,1,1,103.3542498589668,103.23449969291687,103.49510921514593,107.01924993190914,20.245750012691133,16.220754783716984,22.99674224559567,22.886499762535095,2.823601789714303,80.35750761337113,80.34799993038177,11.49828906249991,7.619093750000101,84.23686704646678,11.320890624999699,7.44992187499985,4.225929745596121,0.7458527861148618,0.14109937290308294,0.1130478409820552,0.7774959203228108
5,20260825T092923Z,uniform,1,16384,1572864,96.0,128,100,42,separate_eager_and_cudagraph_wall_cupti_profiles_plus_phase_events,pytorch_cuda_eager,cusparse_direct_eager,SpMV,CUSPARSE_SPMV_ALG_DEFAULT,False,True,True,0.15,0.02,0.02001953125,20.0,20.01953125,328,44,3,ok,ok,ok,ok,13.150561018846929,13.137311935424805,13.165704964194447,0.013249083422124386,18.042431969661266,18.000383377075195,13.40886402130127,2.534880006685853,2.0566393490880728,2.0566393490880728,4.8918709508143365,2.79515195870772,2.7799999713897705,0.2933120122179389,10.355409060139209,10.357311964035034,10.355409060139209,10.357311964035034,1.4718810000000013,0.9752250000000152,10.703455018846912,1.448290999999981,0.9518549999999885,0.3950059587077507,1664,384,0,2048,0,2048,1664,384,0,0,1,1,102.73875795974163,102.63524949550629,102.85707003276912,104.75675016641617,19.803750052233227,16.06749491475057,21.837124677404063,21.718749776482582,2.2915000954526477,80.90163328233757,80.9164997190237,11.49907031250001,7.618945312500119,83.6207423347415,11.31477343749985,7.4363671874999095,3.085984052404302,0.7449210242032088,0.14082366767333457,0.1142553081234566,0.7874499837153863
5,20260825T092923Z,uniform,1,16384,1572864,96.0,128,100,42,separate_eager_and_cudagraph_wall_cupti_profiles_plus_phase_events,pytorch_cuda_eager,cusparse_direct_eager,SpMV,CUSPARSE_SPMV_ALG_DEFAULT,False,True,True,0.15,0.02,0.02001953125,20.0,20.01953125,328,44,4,ok,ok,ok,ok,13.129275990650058,13.111743927001953,13.178686960600317,0.017532063648104668,18.256968003697693,18.20627212524414,13.621568024158478,2.535007994621992,2.0496961064636707,2.0496961064636707,5.1276920130476356,2.9346689698286355,2.9193921089172363,0.34912099363282323,10.194607020821422,10.192351818084717,10.194607020821422,10.192351818084717,1.4718319999999694,0.9752659999999979,10.682177990650091,1.447004999999977,0.9528299999999865,0.5348339698286719,1664,384,0,2048,0,2048,1664,384,0,0,1,1,102.57246867695358,102.43549942970276,102.95849187968997,106.41850018873811,19.804749957984313,16.013250831747428,22.927101326786214,22.80775085091591,2.7275077627564315,79.64536735016736,79.62774857878685,11.498687499999761,7.619265624999983,83.45451555195383,11.30472656249982,7.443984374999895,4.178390389286499,0.7481799640504834,0.13923816897732974,0.11258186697218692,0.7764789945829044
5,20260825T092923Z,uniform,1,16384,1572864,96.0,128,100,42,separate_eager_and_cudagraph_wall_cupti_profiles_plus_phase_events,pytorch_cuda_eager,cusparse_direct_eager,SpMV,CUSPARSE_SPMV_ALG_DEFAULT,False,True,True,0.15,0.02,0.02001953125,20.0,20.01953125,328,44,5,ok,ok,ok,ok,13.301920029334724,13.28809642791748,13.220449967775494,0.01382360141724348,18.16427003359422,18.12272071838379,13.528671994805336,2.5354559998959303,2.0585927236825228,2.0585927236825228,4.862350004259497,2.9471449670381844,2.9302079677581787,0.3599589690566063,10.35477506229654,10.357888460159302,10.35477506229654,10.357888460159302,1.4727770000000264,0.9758979999999866,10.853245029334712,1.447443000000042,0.951552000000018,0.5481499670381244,1664,384,0,2048,0,2048,1664,384,0,0,1,1,103.92125022917753,103.81325334310532,103.28476537324605,105.69274995941669,19.808249999186955,16.08275565376971,23.024570054985816,22.89224974811077,2.8121794457547367,80.89668017419172,80.92100359499454,11.506070312500206,7.624203124999895,84.79097679167744,11.308148437500328,7.434000000000141,4.282421617485347,0.7465033647559207,0.13990482109697522,0.11359181414710402,0.7784421376358567
5,20260825T092923Z,uniform,1,16384,1572864,96.0,128,100,42,separate_eager_and_cudagraph_wall_cupti_profiles_plus_phase_events,pytorch_cuda_eager,cusparse_direct_eager,SpMV,CUSPARSE_SPMV_ALG_DEFAULT,False,True,True,0.15,0.02,0.02001953125,20.0,20.01953125,328,44,6,ok,ok,ok,ok,13.143568008672446,13.126303672790527,13.17536603892222,0.01726433588191867,18.18978996016085,18.14678382873535,13.53167998790741,2.5621760115027428,2.052927829325199,2.052927829325199,5.0462219514884055,2.9225519974716008,2.9068479537963867,0.3588239778764546,10.221016011200845,10.21945571899414,10.221016011200845,10.21945571899414,1.4716070000000407,0.9756650000000132,10.696296008672391,1.4481809999999904,0.9531179999999999,0.5212529974716105,1664,384,0,2048,0,2048,1664,384,0,0,1,1,102.68412506775348,102.549247443676,102.93254717907985,105.71624990552664,20.017000089865178,16.038498666603118,22.83243748024688,22.70974963903427,2.8033123271598015,79.8516875875066,79.83949780464172,11.496929687500318,7.622382812500104,83.56481256775305,11.313914062499926,7.4462343749999995,4.072289042746957,0.7456792407743379,0.1411917415054864,0.11312901772017568,0.7776439399451329
5,20260825T092923Z,uniform,1,16384,1572864,96.0,128,100,42,separate_eager_and_cudagraph_wall_cupti_profiles_plus_phase_events,pytorch_cuda_eager,cusparse_direct_eager,SpMV,CUSPARSE_SPMV_ALG_DEFAULT,False,True,True,0.15,0.02,0.02001953125,20.0,20.01953125,328,44,7,ok,ok,ok,ok,13.280792976729572,13.2674560546875,13.204026967287064,0.01333692204207182,18.086578988004476,18.04742431640625,13.47539197653532,2.530527990311384,2.0415043495595455,2.0415043495595455,4.805786011274904,2.845584007445723,2.8283519744873047,0.2707410021685064,10.435208969283849,10.439104080200195,10.435208969283849,10.439104080200195,1.4740089999999921,0.9767320000000151,10.830051976729566,1.4479240000000009,0.9522740000000058,0.4453860074457161,1664,384,0,2048,0,2048,1664,384,0,0,1,1,103.75619513069978,103.6520004272461,103.15646068193018,105.27649981668219,19.76974992430769,15.94925273093395,22.23112505816971,22.096499800682068,2.115164079441456,81.52507007253007,81.55550062656403,11.515695312499938,7.630718750000118,84.60978106819974,11.311906250000007,7.439640625000045,3.4795781831696573,0.7466656593365146,0.1402154648744516,0.11311887578903372,0.785736889925796
5,20260825T092923Z,uniform,1,16384,1572864,96.0,128,100,42,separate_eager_and_cudagraph_wall_cupti_profiles_plus_phase_events,pytorch_cuda_eager,cusparse_direct_eager,SpMV,CUSPARSE_SPMV_ALG_DEFAULT,False,True,True,0.15,0.02,0.02001953125,20.0,20.01953125,328,44,8,ok,ok,ok,ok,13.170273043215275,13.154751777648926,13.217792962677777,0.01552126556634903,18.046748999040574,18.008960723876953,13.426688015460968,2.5349760092794895,2.0472966991364956,2.0472966991364956,4.876475955825299,2.9296920401975513,2.915616035461426,0.3631499712355435,10.240581003017724,10.2391357421875,10.240581003017724,10.2391357421875,1.4729059999999914,0.9746509999999983,10.722716043215286,1.449201999999997,0.9534710000000077,0.5270190401975465,1664,384,0,2048,0,2048,1664,384,0,0,1,1,102.89275815011933,102.77149826288223,103.26400752092013,104.89600012078881,19.804500072496012,15.994505462003872,22.88821906404337,22.77825027704239,2.8371091502776835,80.00453908607597,79.99324798583984,11.507078124999932,7.614460937499986,83.77121908761941,11.321890624999977,7.44899218750006,4.117336251543332,0.7455559607978579,0.14076192669566565,0.11368211250647646,0.7775526725539836
5,20260825T092923Z,uniform,1,16384,1572864,96.0,128,100,42,separate_eager_and_cudagraph_wall_cupti_profiles_plus_phase_events,pytorch_cuda_eager,cusparse_direct_eager,SpMV,CUSPARSE_SPMV_ALG_DEFAULT,False,True,True,0.15,0.02,0.02001953125,20.0,20.01953125,328,44,9,ok,ok,ok,ok,13.244190020486712,13.23078441619873,13.198065978940576,0.013405604287981987,18.117247032932937,18.079999923706055,13.50390399247408,2.5335680097341537,2.042527921497822,2.042527921497822,4.873057012446225,2.8933609719388187,2.876703977584839,0.30866602901369333,10.350829048547894,10.354080438613892,10.350829048547894,10.354080438613892,1.4720319999999731,0.9754459999999869,10.796712020486751,1.4475720000000187,0.9522530000000042,0.4935359719387957,1664,384,0,2048,0,2048,1664,384,0,0,1,1,103.47023453505244,103.36550325155258,103.10989046047325,105.49924994120374,19.793500076048076,15.957249386701733,22.60438259327202,22.474249824881554,2.411453351669479,80.86585194178042,80.89125342667103,11.50024999999979,7.620671874999898,84.34931266005275,11.309156250000147,7.439476562500033,3.8557497807718417,0.7468973478682425,0.1401309745810453,0.11297167755071222,0.7815373407159488
5,20260825T092923Z,uniform,1,16384,1572864,96.0,128,100,42,separate_eager_and_cudagraph_wall_cupti_profiles_plus_phase_events,pytorch_cuda_eager,cusparse_direct_eager,SpMV,CUSPARSE_SPMV_ALG_DEFAULT,False,True,True,0.15,0.02,0.02001953125,20.0,20.01953125,328,44,10,ok,ok,ok,ok,13.12262297142297,13.107104301452637,13.144434953574091,0.015518669970333576,18.068289034999907,18.02739143371582,13.444415979087353,2.5368960052728653,2.0460794493556023,2.0460794493556023,4.945666063576937,2.8447540244087577,2.8296959400177,0.29607402393594384,10.277868947014213,10.277408361434937,10.277868947014213,10.277408361434937,1.471739000000032,0.9758009999999859,10.675082971422952,1.4490510000000154,0.9533120000000163,0.442391024408726,1664,384,0,2048,0,2048,1664,384,0,0,1,1,102.52049196424196,102.39925235509872,102.69089807479759,105.03449983661994,19.81950004119426,15.984995698090643,22.22464081569342,22.106999531388283,2.3130783119995613,80.29585114854854,80.29225282371044,11.49796093750025,7.62344531249989,83.39908571424182,11.32071093750012,7.447750000000127,3.456179878193172,0.7457771152593307,0.14072451993959717,0.1134983648010722,0.7832175754341373
5,20260825T092923Z,uniform,1,16384,1572864,96.0,128,100,42,separate_eager_and_cudagraph_wall_cupti_profiles_plus_phase_events,pytorch_cuda_eager,cusparse_direct_eager,SpMV,CUSPARSE_SPMV_ALG_DEFAULT,False,True,True,0.15,0.02,0.02001953125,20.0,20.01953125,328,44,11,ok,ok,ok,ok,13.201749010477215,13.187999725341797,13.120712013915181,0.013749285135418177,18.108522053807974,18.063264846801758,13.452832020819187,2.5515519957989454,2.058880830183625,2.058880830183625,4.906773043330759,2.9450799920596182,2.929311990737915,0.3663090174086392,10.256669018417597,10.258687734603882,10.256669018417597,10.258687734603882,1.47253800000003,0.9757740000000047,10.75343701047718,1.4461639999999794,0.9511659999999915,0.5477499920596474,1664,384,0,2048,0,2048,1664,384,0,0,1,1,103.13866414435324,103.03124785423279,102.50556260871235,105.1002501626499,19.93399996717926,16.085006485809572,23.008437437965767,22.88524992763996,2.8617891985049937,80.13022670638748,80.14599792659283,11.504203125000235,7.623234375000036,84.01122664435297,11.298156249999838,7.430984374999934,4.279296812965995,0.7447619317391073,0.14125641280461643,0.11398165545627628,0.776917438005954
5,20260825T092923Z,uniform,1,16384,1572864,96.0,128,100,42,separate_eager_and_cudagraph_wall_cupti_profiles_plus_phase_events,pytorch_cuda_eager,cusparse_direct_eager,SpMV,CUSPARSE_SPMV_ALG_DEFAULT,False,True,True,0.15,0.02,0.02001953125,20.0,20.01953125,328,44,12,ok,ok,ok,ok,13.196876971051097,13.180447578430176,13.220742985140532,0.016429392620921135,18.106051022186875,18.065824508666992,13.488319978117943,2.5245440043509007,2.0529605261981487,2.0529605261981487,4.909174051135778,2.9292829567566514,2.9156479835510254,0.3323900164104998,10.267594014294446,10.26479959487915,10.267594014294446,10.26479959487915,1.4722580000000411,0.975001999999999,10.749616971051058,1.4487120000000333,0.952984000000027,0.5275869567565911,1664,384,0,2048,0,2048,1664,384,0,0,1,1,103.1006013363367,102.97224670648575,103.28705457141041,105.37749982904643,19.72300003399141,16.038754110923037,22.88502309966134,22.778499871492386,2.5967970032070298,80.21557823667536,80.19374683499336,11.502015625000322,7.6172031249999925,83.9813825863364,11.318062500000261,7.445187500000211,4.121773099660867,0.7466207795634784,0.13974142188416383,0.11363779855235784,0.7780321084160762
5,20260825T092923Z,uniform,1,16384,1572864,96.0,128,100,42,separate_eager_and_cudagraph_wall_cupti_profiles_plus_phase_events,pytorch_cuda_eager,cusparse_direct_eager,SpMV,CUSPARSE_SPMV_ALG_DEFAULT,False,True,True,0.15,0.02,0.02001953125,20.0,20.01953125,328,44,13,ok,ok,ok,ok,13.297377969138324,13.284576416015625,13.2321190321818,0.01280155312269926,18.090453988406807,18.04924774169922,13.476863957941532,2.533247996121645,2.0391357876360416,2.0391357876360416,4.793076019268483,2.8900260222144425,2.874176025390625,0.3269889857620001,10.407351946923882,10.410400390625,10.407351946923882,10.410400390625,1.4725510000000066,0.9749819999999987,10.849844969138319,1.4479749999999705,0.9503989999999983,0.4916520222144737,1664,384,0,2048,0,2048,1664,384,0,0,1,1,103.88576538389316,103.78575325012207,103.37592993892031,105.28799967141822,19.79099996970035,15.930748340906575,22.578328298550332,22.454500198364258,2.5546014512656257,81.30743708534283,81.33125305175781,11.504304687500051,7.61704687499999,84.76441382139312,11.31230468749977,7.424992187499987,3.8410314235505756,0.7466717810518996,0.14035199873006765,0.11297622021803277,0.7826619632139615
5,20260825T092923Z,uniform,1,16384,1572864,96.0,128,100,42,separate_eager_and_cudagraph_wall_cupti_profiles_plus_phase_events,pytorch_cuda_eager,cusparse_direct_eager,SpMV,CUSPARSE_SPMV_ALG_DEFAULT,False,True,True,0.15,0.02,0.02001953125,20.0,20.01953125,328,44,14,ok,ok,ok,ok,13.207864947617054,13.187999725341797,13.279704027809203,0.01986522227525711,18.44375499058515,18.396575927734375,13.736575968563557,2.5867520049214363,2.073247954249382,2.073247954249382,5.235890042968094,2.9661449952982366,2.951263904571533,0.3517779987305403,10.241719952318817,10.236735820770264,10.241719952318817,10.236735820770264,1.4729879999999544,0.975578000000024,10.759298947617076,1.449774999999979,0.9533709999999842,0.5629989952982735,1664,384,0,2048,0,2048,1664,384,0,0,1,1,103.18644490325823,103.03124785423279,103.7476877172594,107.31699975440279,20.20900003844872,16.197249642573297,23.173007775767474,23.056749254465103,2.748265615082346,80.01343712749076,79.97449859976768,11.507718749999643,7.621703125000188,84.0570230282584,11.326367187499836,7.448210937499876,4.398429650767762,0.7466919943430625,0.1406105144284862,0.11269749122845124,0.7754258536817198
5,20260825T092923Z,uniform,1,16384,1572864,96.0,128,100,42,separate_eager_and_cudagraph_wall_cupti_profiles_plus_phase_events,pytorch_cuda_eager,cusparse_direct_eager,SpMV,CUSPARSE_SPMV_ALG_DEFAULT,False,True,True,0.15,0.02,0.02001953125,20.0,20.01953125,328,44,15,ok,ok,ok,ok,13.215871003922075,13.202752113342285,13.142274983692914,0.013118890579789877,18.08442600304261,18.042240142822266,13.480351984500885,2.511839995160699,2.0500481631606817,2.0500481631606817,4.8685549991205335,2.860640990547836,2.8442559242248535,0.30659500043839216,10.35523001337424,10.358496189117432,10.35523001337424,10.358496189117432,1.4699730000000022,0.9752660000000203,10.770632003922051,1.4474700000000087,0.9518380000000034,0.46133299054782373,1664,384,0,2048,0,2048,1664,384,0,0,1,1,103.24899221814121,103.1465008854866,102.67402331010089,105.31524987891316,19.62374996219296,16.016001274692826,22.348757738654967,22.220749408006668,2.3952734409249388,80.90023447948624,80.92575147747993,11.484164062500017,7.619265625000159,84.14556253064103,11.308359375000068,7.436234375000026,3.604163988654873,0.747155113654984,0.13921996244795481,0.11362492389706115,0.7835450278155043
5,20260825T092923Z,uniform,1,16384,1572864,96.0,128,100,42,separate_eager_and_cudagraph_wall_cupti_profiles_plus_phase_events,pytorch_cuda_eager,cusparse_direct_eager,SpMV,CUSPARSE_SPMV_ALG_DEFAULT,False,True,True,0.15,0.02,0.02001953125,20.0,20.01953125,328,44,16,ok,ok,ok,ok,13.139916001819074,13.122591972351074,13.185895048081875,0.017324029467999935,18.121122964657843,18.082111358642578,13.498336002230644,2.5467519983649254,2.0370233580470085,2.0370233580470085,4.981206962838769,2.9793860157951713,2.965536117553711,0.37359201814979315,10.160529986023903,10.157055854797363,10.160529986023903,10.157055854797363,1.4717499999999908,0.9757089999999659,10.692457001819117,1.4502549999999839,0.9545919999999919,0.5745390157951955,1664,384,0,2048,0,2048,1664,384,0,0,1,1,102.65559376421152,102.52024978399277,103.01480506313965,105.45575001742691,19.89649998722598,15.914244984742254,23.276453248399775,23.168250918388367,2.918687641795259,79.37914051581174,79.3519988656044,11.498046874999927,7.622726562499733,83.53482032671185,11.330117187499875,7.457749999999937,4.488586060899965,0.7465022051077537,0.14084372935507183,0.11265406553717451,0.7732568446112815
5,20260825T092923Z,uniform,1,16384,1572864,96.0,128,100,42,separate_eager_and_cudagraph_wall_cupti_profiles_plus_phase_events,pytorch_cuda_eager,cusparse_direct_eager,SpMV,CUSPARSE_SPMV_ALG_DEFAULT,False,True,True,0.15,0.02,0.02001953125,20.0,20.01953125,328,44,17,ok,ok,ok,ok,13.285180029924959,13.272000312805176,13.227442977949977,0.013179717119783163,18.132538010831922,18.091615676879883,13.511103987693787,2.539680017158389,2.040831672027707,2.040831672027707,4.847357980906963,2.8873630217276514,2.8713600635528564,0.3644920070655644,10.397817008197308,10.40064024925232,10.397817008197308,10.40064024925232,1.472382999999995,0.9932570000000489,10.819540029924914,1.5137939999999994,0.997487000000003,0.37608202172764893,1664,384,0,2048,0,2048,1664,384,0,0,1,1,103.79046898378874,103.68750244379044,103.3393982652342,105.55549990385771,19.841250134049915,15.943997437716462,22.557523607247276,22.43250049650669,2.847593805199722,81.23294537654147,81.25500194728374,11.50299218749996,7.759820312500382,84.52765648378839,11.826515624999995,7.792867187500024,2.938140794747257,0.7468157752743032,0.14037883970771967,0.11280538501797718,0.7826628607799182
5,20260825T092923Z,uniform,1,16384,1572864,96.0,128,100,42,separate_eager_and_cudagraph_wall_cupti_profiles_plus_phase_events,pytorch_cuda_eager,cusparse_direct_eager,SpMV,CUSPARSE_SPMV_ALG_DEFAULT,False,True,True,0.15,0.02,0.02001953125,20.0,20.01953125,328,44,18,ok,ok,ok,ok,13.13857699278742,13.122048377990723,13.183620991185308,0.016528614796698093,18.140325031708926,18.100608825683594,13.482399962842464,2.5957120079547167,2.0224968548864126,2.0224968548864126,5.001748038921505,2.93716904707253,2.922528028488159,0.36508700577542186,10.201407945714891,10.199520349502563,10.201407945714891,10.199520349502563,1.4728530000000752,0.9907649999999795,10.674958992787365,1.4482180000000058,1.0013430000000183,0.4876080470725057,1664,384,0,2048,0,2048,1664,384,0,0,1,1,102.64513275615172,102.51600295305252,102.99703899363521,105.33124970970675,20.279000062146224,15.800756678800099,22.94663318025414,22.832250222563744,2.8522422326204833,79.69849957589759,79.68375273048878,11.506664062500588,7.74035156249984,83.3981171311513,11.314203125000045,7.822992187500143,3.809437867753951,0.7448589211934027,0.14340467953053432,0.11173639927606305,0.7764469433268972
5,20260825T092923Z,uniform,1,16384,1572864,96.0,128,100,42,separate_eager_and_cudagraph_wall_cupti_profiles_plus_phase_events,pytorch_cuda_eager,cusparse_direct_eager,SpMV,CUSPARSE_SPMV_ALG_DEFAULT,False,True,True,0.15,0.02,0.02001953125,20.0,20.01953125,328,44,19,ok,ok,ok,ok,13.2650249870494,13.251359939575195,13.187870034016669,0.013665047474205494,18.152805976569653,18.008352279663086,13.812575933523476,3.665727968327701,0.5300483778119087,0.5300483778119087,4.887780989520252,2.96658999286592,2.950655937194824,0.3753249766305089,10.29843499418348,10.300704002380371,10.29843499418348,10.300704002380371,1.4733549999999866,0.9945860000000125,10.797083987049401,1.4467989999999935,0.9729489999999964,0.5468419928659302,1664,384,0,2048,0,2048,1664,384,0,0,1,1,103.63300771132344,103.52624952793121,103.03023464075522,107.91074948065216,28.638499752560165,4.141002951655537,23.176484319265,23.051999509334564,2.932226379925851,80.45652339205844,80.47425001859665,11.510585937499895,7.770203125000098,84.35221864882345,11.30311718749995,7.601164062499972,4.272203069265079,0.7670094253499294,0.20355710013888523,0.029433474511185276,0.776360014718239
5,20260825T092923Z,uniform,1,16384,1572864,96.0,128,100,42,separate_eager_and_cudagraph_wall_cupti_profiles_plus_phase_events,pytorch_cuda_eager,cusparse_direct_eager,SpMV,CUSPARSE_SPMV_ALG_DEFAULT,False,True,True,0.15,0.03,0.030029296875,30.0,30.029296875,492,45,0,ok,ok,ok,ok,13.428068021312356,13.285632133483887,13.188601995352656,0.14243588782846928,18.180890998337418,18.144575119018555,14.474175880663097,3.2126399921253324,0.4577592462301254,0.4577592462301254,4.752822977025062,3.392574959434569,3.183743953704834,0.2517180400900543,10.035493061877787,10.101888179779053,10.035493061877787,10.101888179779053,1.6561320000000914,1.1402100000000013,10.631726021312263,1.7590819999999603,1.025241999999985,0.6082509594346235,1664,384,0,2048,0,2048,1664,384,0,0,1,1,104.90678141650278,103.79400104284286,103.03595308869262,113.07949906768044,25.09874993847916,3.576244111172855,26.50449187058257,24.872999638319016,1.966547188203549,78.40228954592021,78.92100140452385,12.938531250000715,8.90789062500001,83.06035954150205,13.74282812499969,8.009703124999884,4.751960620582996,0.7977136849840994,0.17705787934146483,0.025228435674435664,0.7473519679785622
5,20260825T092923Z,uniform,1,16384,1572864,96.0,128,100,42,separate_eager_and_cudagraph_wall_cupti_profiles_plus_phase_events,pytorch_cuda_eager,cusparse_direct_eager,SpMV,CUSPARSE_SPMV_ALG_DEFAULT,False,True,True,0.15,0.03,0.030029296875,30.0,30.029296875,492,45,1,ok,ok,ok,ok,13.294077012687922,13.158432006835938,13.221707020420581,0.13564500585198402,18.26588000403717,18.14134407043457,14.382623973302543,3.518271972425282,0.24044812470674515,0.24044812470674515,4.97180299134925,3.328989027068019,3.184159994125366,0.3474460099823773,9.965087985619903,9.974272012710571,9.965087985619903,9.974272012710571,1.6639359999999594,1.2349340000000102,10.395207012687953,1.586045000000026,1.1747079999999945,0.5682360270679985,1664,384,0,2048,0,2048,1664,384,0,0,1,1,103.85997666162439,102.80025005340576,103.29458609703579,112.36424979142612,27.486499784572516,1.8785009742714465,26.007726773968898,24.876249954104424,2.7144219529873226,77.85224988765549,77.92400009930134,12.999499999999683,9.64792187500008,81.21255478662464,12.390976562500203,9.177406249999958,4.439343961468738,0.7928091721022086,0.19393667628845115,0.013254151609340226,0.7495885555732212
5,20260825T092923Z,uniform,1,16384,1572864,96.0,128,100,42,separate_eager_and_cudagraph_wall_cupti_profiles_plus_phase_events,pytorch_cuda_eager,cusparse_direct_eager,SpMV,CUSPARSE_SPMV_ALG_DEFAULT,False,True,True,0.15,0.03,0.030029296875,30.0,30.029296875,492,45,2,ok,ok,ok,ok,13.274986995384097,13.140352249145508,13.193913968279958,0.1346347462385893,18.154970020987093,17.986976623535156,13.647647960111499,3.1349119879305363,1.2044166754931211,1.2044166754931211,4.879983025602996,3.397463005967438,3.268127918243408,0.363896950148046,9.877523989416659,9.8722243309021,9.877523989416659,9.8722243309021,1.6525560000000614,1.200646000000006,10.42178499538403,1.6003939999999888,1.027896999999989,0.7691720059674605,1664,384,0,2048,0,2048,1664,384,0,0,1,1,103.71083590143826,102.65900194644928,103.07745287718717,106.62224968837108,24.491499905707315,9.409505277290009,26.54267973412061,25.532249361276627,2.8429449230316095,77.16815616731765,77.12675258517265,12.91059375000048,9.380046875000048,81.42019527643774,12.503078124999913,8.030445312499914,6.009156296620785,0.7587516371291749,0.17428787803218934,0.06696048483863573,0.7440703326377054
5,20260825T092923Z,uniform,1,16384,1572864,96.0,128,100,42,separate_eager_and_cudagraph_wall_cupti_profiles_plus_phase_events,pytorch_cuda_eager,cusparse_direct_eager,SpMV,CUSPARSE_SPMV_ALG_DEFAULT,False,True,True,0.15,0.03,0.030029296875,30.0,30.029296875,492,45,3,ok,ok,ok,ok,13.317128003109246,13.304224014282227,13.18098499905318,0.01290398882701993,18.134520039893687,18.00115203857422,13.553823962807655,3.191072008572519,1.2562560671940446,1.2562560671940446,4.81739203678444,2.992070047184825,2.9754559993743896,0.4043190274387598,10.325057955924422,10.328768014907837,10.325057955924422,10.328768014907837,1.6614119999999943,1.2833259999999918,10.37239000310926,1.599275000000019,1.2950039999999885,0.09779104718481735,1664,384,0,2048,0,2048,1664,384,0,0,1,1,104.04006252429099,103.9392501115799,102.97644530510297,105.88924970943481,24.930250066972803,9.814500524953473,23.375547243631445,23.24574999511242,3.158742401865311,80.66451528065954,80.69350011646748,12.979781249999956,10.025984374999936,81.03429689929109,12.49433593750015,10.11721874999991,0.7639925561313855,0.7529420302524807,0.1772704325664519,0.06978753718106735,0.7753216724742569
5,20260825T092923Z,uniform,1,16384,1572864,96.0,128,100,42,separate_eager_and_cudagraph_wall_cupti_profiles_plus_phase_events,pytorch_cuda_eager,cusparse_direct_eager,SpMV,CUSPARSE_SPMV_ALG_DEFAULT,False,True,True,0.15,0.03,0.030029296875,30.0,30.029296875,492,45,4,ok,ok,ok,ok,13.305903994478285,13.290623664855957,14.756248972844332,0.015280329622328281,18.39598303195089,18.253183364868164,14.300095935352147,3.714111980982125,0.23897544853389263,0.23897544853389263,5.090079037472606,3.5359219764359295,3.3928000926971436,1.3152449973858893,9.769982018042356,9.897823572158813,9.769982018042356,9.897823572158813,1.647290999999989,1.139741999999978,10.518870994478318,1.8452460000000428,1.037173000000004,0.6535029764358828,1664,384,0,2048,0,2048,1664,384,0,0,1,1,103.9523749568616,103.83299738168716,115.28319510034635,111.71949949493865,29.01649985142285,1.8669956916710362,27.6243904409057,26.506250724196434,10.27535154207726,76.3279845159559,77.32674665749073,12.869460937499914,8.90423437499983,82.17867964436186,14.415984375000335,8.10291406250003,5.105492003405335,0.7834302460838415,0.20347749248663455,0.013092261429524004,0.7342591696209987
5,20260825T092923Z,uniform,1,16384,1572864,96.0,128,100,42,separate_eager_and_cudagraph_wall_cupti_profiles_plus_phase_events,pytorch_cuda_eager,cusparse_direct_eager,SpMV,CUSPARSE_SPMV_ALG_DEFAULT,False,True,True,0.15,0.03,0.030029296875,30.0,30.029296875,492,45,5,ok,ok,ok,ok,13.35291500436142,13.215744018554688,13.138476002495736,0.13717098580673337,18.052073020953685,18.006336212158203,13.414111964404583,2.5695680007338524,2.0226562470197678,2.0226562470197678,4.699158016592264,3.4688019659370184,3.3064000606536865,0.37188600981608033,9.884113038424402,9.909343957901001,9.884113038424402,9.909343957901001,1.6453340000000323,1.2042619999999684,10.50331900436142,1.856161999999982,1.0447540000000008,0.5678859659370354,1664,384,0,2048,0,2048,1664,384,0,0,1,1,104.3196484715736,103.2480001449585,102.64434376949794,104.7977497219108,20.07475000573322,15.802001929841936,27.100015358882956,25.831250473856926,2.9053594516881276,77.21963311269064,77.41674967110157,12.854171875000253,9.408296874999753,82.0571797215736,14.50126562499986,8.162140625000006,4.436609108883089,0.7449662055819625,0.1427035444889024,0.11233024992913515,0.7402213700301384
5,20260825T092923Z,uniform,1,16384,1572864,96.0,128,100,42,separate_eager_and_cudagraph_wall_cupti_profiles_plus_phase_events,pytorch_cuda_eager,cusparse_direct_eager,SpMV,CUSPARSE_SPMV_ALG_DEFAULT,False,True,True,0.15,0.03,0.030029296875,30.0,30.029296875,492,45,6,ok,ok,ok,ok,13.124745979439467,13.108896255493164,13.172161998227239,0.01584972394630313,18.292665015906096,18.167295455932617,14.786432085558772,3.169567970559001,0.21129539981484413,0.21129539981484413,5.167919036466628,3.2002689549699426,3.184864044189453,0.37368800258263946,9.924477024469525,9.924032211303711,9.924477024469525,9.924032211303711,1.50420499999999,0.9965790000000218,10.623961979439455,1.6034749999999658,1.1440589999999975,0.4527349549699793,1664,384,0,2048,0,2048,1664,384,0,0,1,1,102.53707796437084,102.41325199604034,102.9075156111503,115.5190006684279,24.762249769992195,1.6507453110534698,25.002101210702676,24.881750345230103,2.9194375201768707,77.53497675366816,77.53150165081024,11.751601562499921,7.78577343750017,82.99970296437074,12.527148437499733,8.93796093749998,3.5369918357029633,0.8139038703600866,0.17446559275965115,0.011630536880262197,0.7561652652185944
5,20260825T092923Z,uniform,1,16384,1572864,96.0,128,100,42,separate_eager_and_cudagraph_wall_cupti_profiles_plus_phase_events,pytorch_cuda_eager,cusparse_direct_eager,SpMV,CUSPARSE_SPMV_ALG_DEFAULT,False,True,True,0.15,0.03,0.030029296875,30.0,30.029296875,492,45,7,ok,ok,ok,ok,13.576449011452496,13.449088096618652,13.16786400275305,0.1273609148338437,18.59906001482159,18.35273551940918,14.29366402886808,3.846399982459843,0.21267150808125734,0.21267150808125734,5.022611003369093,3.4031399991363287,3.2657599449157715,0.4214890068396926,10.173309012316167,10.18332815170288,10.173309012316167,10.18332815170288,1.6629060000000138,1.3453779999999913,10.568165011452491,1.6046589999999887,1.1454959999999927,0.6529849991363472,1664,384,0,2048,0,2048,1664,384,0,0,1,1,106.06600790197263,105.07100075483322,102.8739375215082,111.66925022553187,30.049999862967525,1.661496156884823,26.587031243252568,25.513749569654465,3.2928828659350984,79.47897665872006,79.55725118517876,12.991453125000108,10.510765624999932,82.56378915197259,12.536398437499912,8.949187499999944,5.101445305752713,0.7788301647866949,0.20958183472932587,0.011588000483979283,0.7493350436284488
5,20260825T092923Z,uniform,1,16384,1572864,96.0,128,100,42,separate_eager_and_cudagraph_wall_cupti_profiles_plus_phase_events,pytorch_cuda_eager,cusparse_direct_eager,SpMV,CUSPARSE_SPMV_ALG_DEFAULT,False,True,True,0.15,0.03,0.030029296875,30.0,30.029296875,492,45,8,ok,ok,ok,mismatch,13.386567996349186,13.193120002746582,13.255907979328185,0.19344799360260367,18.217245989944786,17.952512741088867,14.756383976899087,2.9782079635187984,0.2179208006709814,0.2179208006709814,4.8306779935956,4.013323050457984,3.556191921234131,0.40623603854328394,9.373244945891201,9.636928081512451,9.373244945891201,9.636928081512451,1.6612399999999623,1.3608629999999589,10.364464996349264,1.7712069999999767,1.0196259999999957,1.222490050458012,1664,384,0,2048,0,2048,1664,384,0,0,1,1,104.58256247147801,103.07125002145767,103.56178108850145,115.28424981952412,23.267249714990612,1.7025062552420422,31.354086331703,27.782749384641647,3.1737190511194058,73.22847613977501,75.28850063681602,12.978437499999705,10.631742187499679,80.97238278397863,13.837554687499818,7.965828124999966,9.55070351920322,0.8219676091985368,0.16589365547154944,0.012138735329913707,0.7001977615507943
5,20260825T092923Z,uniform,1,16384,1572864,96.0,128,100,42,separate_eager_and_cudagraph_wall_cupti_profiles_plus_phase_events,pytorch_cuda_eager,cusparse_direct_eager,SpMV,CUSPARSE_SPMV_ALG_DEFAULT,False,True,True,0.15,0.03,0.030029296875,30.0,30.029296875,492,45,9,ok,ok,ok,mismatch,13.225104019511491,13.097887992858887,13.134970038663596,0.12721602665260434,18.35348503664136,18.228639602661133,13.244960011914372,4.76518396101892,0.21849562972784042,0.21849562972784042,5.128381017129868,3.418401989620179,3.2832961082458496,0.2798620262183249,9.806702029891312,9.814591884613037,9.806702029891312,9.814591884613037,1.6608790000000027,1.3591040000000034,10.205121019511484,1.6071430000000164,1.004579999999999,0.8066789896201636,1664,384,0,2048,0,2048,1664,384,0,0,1,1,103.32112515243352,102.32724994421005,102.61695342705934,103.47625009308103,37.22799969546031,1.7069971072487533,26.706265543907648,25.6507508456707,2.1864220798306633,76.61485960852588,76.67649909853935,12.97561718750002,10.618000000000027,79.72750796493347,12.555804687500128,7.848281249999991,6.302179606407528,0.726601671908681,0.26141193555240777,0.0119863925389113,0.7415217313544844
5,20260825T092923Z,uniform,1,16384,1572864,96.0,128,100,42,separate_eager_and_cudagraph_wall_cupti_profiles_plus_phase_events,pytorch_cuda_eager,cusparse_direct_eager,SpMV,CUSPARSE_SPMV_ALG_DEFAULT,False,True,True,0.15,0.03,0.030029296875,30.0,30.029296875,492,45,10,ok,ok,ok,mismatch,13.408697035629302,13.207263946533203,13.187567004933953,0.20143308909609914,18.395820981822908,18.084064483642578,14.983999971300364,2.8864959962666035,0.21356851607561111,0.21356851607561111,4.987123946193606,4.020058026071638,3.5615038871765137,0.4442850477062166,9.388639009557664,9.64576005935669,9.388639009557664,9.64576005935669,1.6598380000000086,1.3498429999999781,10.399016035629316,1.6044049999999992,1.0168559999999967,1.3987970260716422,1664,384,0,2048,0,2048,1664,384,0,0,1,1,104.75544559085392,103.18174958229065,103.02786722604651,117.06249977578409,22.55074997083284,1.6685040318407118,31.40670332868467,27.824249118566513,3.470976935204817,73.34874226216925,75.35750046372414,12.967484375000067,10.54564843749983,81.24231277835403,12.534414062499994,7.944187499999974,10.928101766184705,0.8285747921798062,0.15961544479547177,0.011809763024722036,0.7001902559667337
5,20260825T092923Z,uniform,1,16384,1572864,96.0,128,100,42,separate_eager_and_cudagraph_wall_cupti_profiles_plus_phase_events,pytorch_cuda_eager,cusparse_direct_eager,SpMV,CUSPARSE_SPMV_ALG_DEFAULT,False,True,True,0.15,0.03,0.030029296875,30.0,30.029296875,492,45,11,ok,ok,ok,ok,13.343427970539778,13.20905590057373,13.234158977866173,0.134372069966048,17.998747003730386,17.962879180908203,13.384351998567581,2.583392011001706,1.9951351713389158,1.9951351713389158,4.655319033190608,3.2929839799180627,2.742176055908203,0.38499501533806324,10.050443990621716,10.466879844665527,10.050443990621716,10.466879844665527,1.6602920000000079,1.357223999999968,10.325911970539803,1.6050179999999832,1.1880539999999977,0.4999119799180818,1664,384,0,2048,0,2048,1664,384,0,0,1,1,104.24553101984202,103.19574922323227,103.39186701457947,104.56524998880923,20.18275008595083,15.58699352608528,25.726437343109865,21.423250436782837,3.007773557328619,78.51909367673215,81.77249878644943,12.971031250000062,10.60331249999975,80.6711872698422,12.539203124999869,9.281671874999983,3.905562343110014,0.7451117309074318,0.14381837037279954,0.1110698987197687,0.7532130433657332
5,20260825T092923Z,uniform,1,16384,1572864,96.0,128,100,42,separate_eager_and_cudagraph_wall_cupti_profiles_plus_phase_events,pytorch_cuda_eager,cusparse_direct_eager,SpMV,CUSPARSE_SPMV_ALG_DEFAULT,False,True,True,0.15,0.03,0.030029296875,30.0,30.029296875,492,45,12,ok,ok,ok,ok,13.16657499410212,13.149951934814453,13.172443024814129,0.016623059287667274,18.063791969325393,18.021631240844727,13.419168010354042,2.5815359987318516,2.020927231758833,2.020927231758833,4.897216975223273,2.886070986278355,2.8717761039733887,0.30993897235020995,10.280504007823765,10.278175830841064,10.280504007823765,10.278175830841064,1.5088930000000165,0.9982060000000226,10.659475994102081,1.4791470000000109,0.9777620000000011,0.4291619862783431,1664,384,0,2048,0,2048,1664,384,0,0,1,1,102.86386714142282,102.73399949073792,102.90971113136038,104.83725008089095,20.16824999009259,15.788493998115882,22.54742958029965,22.4357508122921,2.4213982214860152,80.31643756112317,80.29824867844582,11.788226562500128,7.798484375000176,83.27715620392252,11.555835937500085,7.638765625000008,3.3528280177995557,0.7446145041487957,0.14324652215061345,0.11213897370059084,0.7808032090675706
5,20260825T092923Z,uniform,1,16384,1572864,96.0,128,100,42,separate_eager_and_cudagraph_wall_cupti_profiles_plus_phase_events,pytorch_cuda_eager,cusparse_direct_eager,SpMV,CUSPARSE_SPMV_ALG_DEFAULT,False,True,True,0.15,0.03,0.030029296875,30.0,30.029296875,492,45,13,ok,ok,ok,ok,13.243230991065502,13.229215621948242,13.215532002504915,0.01401536911725998,18.095914972946048,18.053375244140625,13.43055995553732,2.5388159956783056,2.083999292925,2.083999292925,4.852683981880546,2.969233028125018,2.952415943145752,0.3833320224657655,10.273997962940484,10.27679967880249,10.273997962940484,10.27679967880249,1.5042329999999589,0.9914190000000243,10.74757899106552,1.4776639999999266,0.968022999999977,0.5235460281251143,1664,384,0,2048,0,2048,1664,384,0,0,1,1,103.46274211769924,103.35324704647064,103.24634376956965,104.9262496526353,19.834499966236763,16.281244475976564,23.197133032226702,23.065749555826187,2.994781425513793,80.26560908547253,80.28749749064445,11.751820312499678,7.745460937500189,83.96546086769938,11.544249999999426,7.56267968749982,4.090203344727455,0.7439362320847078,0.1406283291265604,0.11543543878873175,0.7757924006514573
5,20260825T092923Z,uniform,1,16384,1572864,96.0,128,100,42,separate_eager_and_cudagraph_wall_cupti_profiles_plus_phase_events,pytorch_cuda_eager,cusparse_direct_eager,SpMV,CUSPARSE_SPMV_ALG_DEFAULT,False,True,True,0.15,0.03,0.030029296875,30.0,30.029296875,492,45,14,ok,ok,ok,ok,13.198658009059727,13.18233585357666,13.188812998123467,0.016322155483067036,18.102194997482002,18.060287475585938,13.453344017267227,2.5851520020514727,2.0217914562672377,2.0217914562672377,4.903536988422275,3.049878985621035,3.035007953643799,0.44043699745088816,10.148779023438692,10.147327899932861,10.148779023438692,10.147327899932861,1.503129000000065,0.9898239999999728,10.70570500905969,1.4790929999999916,0.9658000000000029,0.6049859856210407,1664,384,0,2048,0,2048,1664,384,0,0,1,1,103.11451569577912,102.98699885606766,103.03760154783959,105.10425013490021,20.19650001602713,15.795245752087794,23.827179575164337,23.71099963784218,3.4409140425850637,79.28733612061478,79.27599921822548,11.743195312500507,7.732999999999787,83.63832038327882,11.555414062499935,7.545312500000023,4.72645301266438,0.7449130605176457,0.1431401358115758,0.11194680367077843,0.7689250692360118
5,20260825T092923Z,uniform,1,16384,1572864,96.0,128,100,42,separate_eager_and_cudagraph_wall_cupti_profiles_plus_phase_events,pytorch_cuda_eager,cusparse_direct_eager,SpMV,CUSPARSE_SPMV_ALG_DEFAULT,False,True,True,0.15,0.03,0.030029296875,30.0,30.029296875,492,45,15,ok,ok,ok,ok,13.325287029147148,13.311712265014648,13.235045014880598,0.013574764132499695,18.056494009215385,18.00931167602539,13.413440018892288,2.561600001528859,2.0342716556042433,2.0342716556042433,4.731206980068237,2.931750030256808,2.9150400161743164,0.34610595321282744,10.39353699889034,10.396672248840332,10.39353699889034,10.396672248840332,1.5047559999999747,0.989109999999982,10.83142102914719,1.4791750000000239,0.9641149999999857,0.4884600302567982,1664,384,0,2048,0,2048,1664,384,0,0,1,1,104.1038049152121,103.99775207042694,103.39878917875467,104.792500147596,20.012500011944212,15.89274730940815,22.90429711138131,22.773750126361847,2.7039527594752144,81.19950780383078,81.2240019440651,11.755906249999802,7.727421874999859,84.62047679021242,11.556054687500186,7.532148437499888,3.8160939863812358,0.7448058126923705,0.14223752954084015,0.11295665776678933,0.7799859752481109
5,20260825T092923Z,uniform,1,16384,1572864,96.0,128,100,42,separate_eager_and_cudagraph_wall_cupti_profiles_plus_phase_events,pytorch_cuda_eager,cusparse_direct_eager,SpMV,CUSPARSE_SPMV_ALG_DEFAULT,False,True,True,0.15,0.03,0.030029296875,30.0,30.029296875,492,45,16,ok,ok,ok,ok,13.19838798372075,13.181535720825195,13.250680000055581,0.016852262895554304,18.370445992331952,18.32793617248535,13.677184030413628,2.627968003973365,2.022784138098359,2.022784138098359,5.172058008611202,3.0419689719565213,3.026240110397339,0.4433679860085249,10.156419011764228,10.155295610427856,10.156419011764228,10.155295610427856,1.5033770000000124,0.9884180000000004,10.706592983720736,1.4828279999999958,0.9654950000000003,0.5936459719565251,1664,384,0,2048,0,2048,1664,384,0,0,1,1,103.11240612281836,102.98074781894684,103.52093750043423,106.85300023760647,20.531000031041913,15.80300107889343,23.765382593410322,23.64250086247921,3.4638123906916007,79.34702352940803,79.33824695646763,11.745132812500097,7.722015625000003,83.64525768531824,11.584593749999968,7.542929687500003,4.637859155910353,0.7462479082040004,0.14338592077369727,0.11036617102230231,0.7695196583318684
5,20260825T092923Z,uniform,1,16384,1572864,96.0,128,100,42,separate_eager_and_cudagraph_wall_cupti_profiles_plus_phase_events,pytorch_cuda_eager,cusparse_direct_eager,SpMV,CUSPARSE_SPMV_ALG_DEFAULT,False,True,True,0.15,0.03,0.030029296875,30.0,30.029296875,492,45,17,ok,ok,ok,ok,13.276148994918913,13.262975692749023,13.162821996957064,0.013173302169889212,17.998986004386097,17.954431533813477,13.382560022175312,2.552384005859494,2.0194875057786703,2.0194875057786703,4.7228370094671845,2.914345997851342,2.8979198932647705,0.4050519783049822,10.36180299706757,10.365055799484253,10.36180299706757,10.365055799484253,1.5038710000000324,0.9878990000000113,10.78437899491887,1.4791430000000119,0.9618009999999927,0.4734019978513374,1664,384,0,2048,0,2048,1664,384,0,0,1,1,103.719914022804,103.61699759960175,102.83454685122706,104.55125017324463,19.9405000457773,15.777246138895862,22.76832810821361,22.63999916613102,3.1644685805076733,80.9515859145904,80.97699843347073,11.748992187500253,7.717960937500088,84.25296089780366,11.555804687500093,7.514070312499943,3.6984531082135734,0.7453625026764014,0.14215899852092806,0.11247849880267059,0.7804825782712494
5,20260825T092923Z,uniform,1,16384,1572864,96.0,128,100,42,separate_eager_and_cudagraph_wall_cupti_profiles_plus_phase_events,pytorch_cuda_eager,cusparse_direct_eager,SpMV,CUSPARSE_SPMV_ALG_DEFAULT,False,True,True,0.15,0.03,0.030029296875,30.0,30.029296875,492,45,18,ok,ok,ok,ok,13.195646984968334,13.179007530212402,13.172578997910023,0.016639454755932093,18.11450900277123,18.069408416748047,13.495200015604496,2.563168004155159,2.011040396988392,2.011040396988392,4.918862017802894,2.979487006086856,2.964479923248291,0.3816619864664972,10.216159978881478,10.214527606964111,10.216159978881478,10.214527606964111,1.5045950000000183,0.9876319999999766,10.70341998496834,1.4829089999999938,0.9644420000000005,0.5321360060868618,1664,384,0,2048,0,2048,1664,384,0,0,1,1,103.09099207006511,102.9609963297844,102.91077342117205,105.43125012191013,20.02475003246218,15.711253101471812,23.277242235053563,23.159999400377274,2.9817342692695092,79.81374983501155,79.80099692940712,11.754648437500144,7.7158749999998175,83.62046863256515,11.585226562499951,7.534703125000004,4.157312547553608,0.7468534500053782,0.141851240784365,0.11129530921025686,0.7742068267299888
5,20260825T092923Z,uniform,1,16384,1572864,96.0,128,100,42,separate_eager_and_cudagraph_wall_cupti_profiles_plus_phase_events,pytorch_cuda_eager,cusparse_direct_eager,SpMV,CUSPARSE_SPMV_ALG_DEFAULT,False,True,True,0.15,0.03,0.030029296875,30.0,30.029296875,492,45,19,ok,ok,ok,ok,13.286980043631047,13.273632049560547,13.150290003977716,0.013347994070500135,18.16750696161762,18.124351501464844,13.546432003378868,2.544544003903866,2.03337549418211,2.03337549418211,4.880526917986572,3.010106971487403,2.9934399127960205,0.44577301014214754,10.276873072143644,10.280192136764526,10.276873072143644,10.280192136764526,1.504349000000021,0.987977000000019,10.794654043631008,1.4794470000000106,0.9626700000000028,0.5679899714873895,1664,384,0,2048,0,2048,1664,384,0,0,1,1,103.80453159086755,103.70025038719177,102.7366406560759,105.8315000263974,19.87925003049895,15.885746048297733,23.516460714745335,23.38624931871891,3.4826016417355277,80.28807087612222,80.31400106847286,11.752726562500165,7.718570312500148,84.33323471586725,11.558179687500083,7.520859375000022,4.437421652245231,0.7474160938825326,0.1403936578750534,0.11219024824241401,0.773454392073821
5,20260825T092923Z,uniform,1,16384,1572864,96.0,128,100,42,separate_eager_and_cudagraph_wall_cupti_profiles_plus_phase_events,pytorch_cuda_eager,cusparse_direct_eager,SpMV,CUSPARSE_SPMV_ALG_DEFAULT,False,True,True,0.15,0.04,0.03997802734375,40.0,39.97802734375,655,46,0,ok,ok,ok,ok,13.373067020438612,13.339743614196777,13.18125199759379,0.033323406241834164,18.106620002072304,18.065631866455078,13.49532800912857,2.552448010072112,2.0178558472543955,2.0178558472543955,4.733552981633693,2.7733640163205564,2.758143901824951,0.24488900089636445,10.599703004118055,10.581599712371826,10.599703004118055,10.581599712371826,1.5600029999999858,0.98831999999999,10.824744020438636,1.5369749999999376,0.9666320000000033,0.26975701632061555,1664,384,0,2048,0,2048,1664,384,0,0,1,1,104.47708609717665,104.21674698591232,102.97853123120149,105.43225007131696,19.941000078688376,15.764498806674965,21.666906377504347,21.54799923300743,1.9131953195028473,82.8101797196723,82.66874775290489,12.18752343749989,7.721249999999921,84.56831265967685,12.007617187499513,7.551812500000025,2.107476690004809,0.7470166617414133,0.14128750264260562,0.11169583561598107,0.7926157094642605
5,20260825T092923Z,uniform,1,16384,1572864,96.0,128,100,42,separate_eager_and_cudagraph_wall_cupti_profiles_plus_phase_events,pytorch_cuda_eager,cusparse_direct_eager,SpMV,CUSPARSE_SPMV_ALG_DEFAULT,False,True,True,0.15,0.04,0.03997802734375,40.0,39.97802734375,655,46,1,ok,ok,ok,ok,13.304192980285734,13.290623664855957,13.16778501495719,0.013569315429776907,18.05502502247691,18.015167236328125,13.435231983661652,2.5400959867984056,2.0398392658680677,2.0398392658680677,4.750832042191178,3.016085014678538,2.999135971069336,0.3485770430415869,10.288107965607196,10.291487693786621,10.288107965607196,10.291487693786621,1.559150000000052,0.9904479999999867,10.754594980285695,1.5332190000000174,0.9637120000000146,0.5191540146785059,1664,384,0,2048,0,2048,1664,384,0,0,1,1,103.9390076584823,103.83299738168716,102.87332042935304,104.96274987235665,19.844499896862544,15.93624426459428,23.563164177176077,23.430749773979187,2.7232581487623975,80.37584348130622,80.40224760770798,12.180859375000406,7.737874999999896,84.020273283482,11.978273437500135,7.529000000000114,4.055890739675827,0.7457733701505198,0.14099763568534773,0.11322899416413247,0.7732981610272943
5,20260825T092923Z,uniform,1,16384,1572864,96.0,128,100,42,separate_eager_and_cudagraph_wall_cupti_profiles_plus_phase_events,pytorch_cuda_eager,cusparse_direct_eager,SpMV,CUSPARSE_SPMV_ALG_DEFAULT,False,True,True,0.15,0.04,0.03997802734375,40.0,39.97802734375,655,46,2,ok,ok,ok,ok,13.151719002053142,13.134367942810059,13.163399009499699,0.017351059243083,18.114484031684697,18.072704315185547,13.481023997068405,2.542592005804181,2.0490883123129606,2.0490883123129606,4.962765029631555,2.930741000454873,2.9160640239715576,0.3075010026805103,10.220978001598269,10.218303918838501,10.220978001598269,10.218303918838501,1.559846000000007,0.990071000000042,10.601802002053093,1.5351700000000206,0.964050999999992,0.4315200004548603,1664,384,0,2048,0,2048,1664,384,0,0,1,1,102.74780470354017,102.61224955320358,102.8390547617164,105.32049997709692,19.864000045345165,16.008502439945005,22.896414066053694,22.781750187277794,2.4023515834414866,79.85139063748647,79.83049936592579,12.186296875000055,7.734929687500328,82.82657814103979,11.99351562500016,7.531648437499937,3.371250003553596,0.7459328588550529,0.14068685911425963,0.11338028203068752,0.7771590922831191
5,20260825T092923Z,uniform,1,16384,1572864,96.0,128,100,42,separate_eager_and_cudagraph_wall_cupti_profiles_plus_phase_events,pytorch_cuda_eager,cusparse_direct_eager,SpMV,CUSPARSE_SPMV_ALG_DEFAULT,False,True,True,0.15,0.04,0.03997802734375,40.0,39.97802734375,655,46,3,ok,ok,ok,ok,13.239604013506323,13.225728034973145,13.123345037456602,0.013875978533178568,18.041981966234744,17.9965763092041,13.427744023501873,2.534336006268859,2.0344962794333696,2.0344962794333696,4.8023779527284205,3.0111640226095915,2.994719982147217,0.3329950268380344,10.228439990896732,10.231008052825928,10.228439990896732,10.231008052825928,1.560341000000025,0.9893579999999916,10.689905013506305,1.532513000000009,0.9635429999999956,0.515108022609587,1664,384,0,2048,0,2048,1664,384,0,0,1,1,103.43440635551815,103.32600027322769,102.5261331051297,104.90425018360838,19.79950004897546,15.8945021830732,23.524718926637433,23.39624986052513,2.6015236471721437,79.90968742888072,79.92975041270256,12.190164062500196,7.729359374999935,83.514882918018,11.972757812500069,7.527679687499965,4.0242814266373985,0.7461276963349099,0.14082323008141875,0.11304907358367128,0.7725638909186584
5,20260825T092923Z,uniform,1,16384,1572864,96.0,128,100,42,separate_eager_and_cudagraph_wall_cupti_profiles_plus_phase_events,pytorch_cuda_eager,cusparse_direct_eager,SpMV,CUSPARSE_SPMV_ALG_DEFAULT,False,True,True,0.15,0.04,0.03997802734375,40.0,39.97802734375,655,46,4,ok,ok,ok,ok,13.140260009095073,13.122943878173828,13.828539988026023,0.01731613092124462,18.17440998274833,18.131935119628906,13.54134400933981,2.553311984986067,2.03727912530303,2.03727912530303,5.034149973653257,3.0458380351774395,3.0311360359191895,0.37534203147515655,10.094421973917633,10.091807842254639,10.094421973917633,10.091807842254639,1.5590460000000004,0.9903030000000068,10.590911009095066,1.5333089999999927,0.9658780000000086,0.5466510351774382,1664,384,0,2048,0,2048,1664,384,0,0,1,1,102.65828132105526,102.52299904823303,108.0354686564533,105.79175007296726,19.947749882703647,15.916243166429922,23.795609649823746,23.680750280618668,2.9323596208996605,78.86267167123151,78.84224876761436,12.180046875000002,7.736742187500053,82.74149225855521,11.978976562499943,7.545921875000067,4.270711212323736,0.7468228801834005,0.14081850437584864,0.1123586154407509,0.7682056494263239
5,20260825T092923Z,uniform,1,16384,1572864,96.0,128,100,42,separate_eager_and_cudagraph_wall_cupti_profiles_plus_phase_events,pytorch_cuda_eager,cusparse_direct_eager,SpMV,CUSPARSE_SPMV_ALG_DEFAULT,False,True,True,0.15,0.04,0.03997802734375,40.0,39.97802734375,655,46,5,ok,ok,ok,ok,13.343959988560528,13.330431938171387,13.261310989037156,0.013528050389140844,18.050276034045964,18.008352279663086,13.432575985789299,2.529119996353984,2.046656297519803,2.046656297519803,4.706316045485437,2.9973610071465373,2.9813759326934814,0.3580530174076557,10.34659898141399,10.349056005477905,10.34659898141399,10.349056005477905,1.5594370000000448,0.9919879999999806,10.7925349885605,1.5340329999999625,0.9630050000000027,0.5003230071465722,1664,384,0,2048,0,2048,1664,384,0,0,1,1,104.24968741062912,104.14399951696396,103.60399210185278,104.9419998889789,19.7587499715155,15.989502324373461,23.416882868332323,23.291999474167824,2.7972891984973103,80.8328045422968,80.85200004279613,12.183101562500351,7.749906249999848,84.31667959812891,11.984632812499706,7.52347656250002,3.9087734933325953,0.7459081084813499,0.14044149942635956,0.1136503920922905,0.7753769488430641
5,20260825T092923Z,uniform,1,16384,1572864,96.0,128,100,42,separate_eager_and_cudagraph_wall_cupti_profiles_plus_phase_events,pytorch_cuda_eager,cusparse_direct_eager,SpMV,CUSPARSE_SPMV_ALG_DEFAULT,False,True,True,0.15,0.04,0.03997802734375,40.0,39.97802734375,655,46,6,ok,ok,ok,ok,13.193216000217944,13.175616264343262,13.14220402855426,0.017599735874682665,18.172926967963576,18.128448486328125,13.524640016257763,2.552992006763816,2.050816463306546,2.050816463306546,4.979710967745632,2.9926549759693444,2.977695941925049,0.378847005777061,10.2005610242486,10.197920322418213,10.2005610242486,10.197920322418213,1.5602630000000353,0.9894899999999943,10.643463000217915,1.5368300000000163,0.9659769999999971,0.48984797596933094,1664,384,0,2048,0,2048,1664,384,0,0,1,1,103.07200000170269,102.93450206518173,102.67346897308016,105.66125012701377,19.94525005284231,16.022003619582392,23.380116999760503,23.263249546289444,2.959742232633289,79.69188300194219,79.67125251889229,12.189554687500275,7.730390624999956,83.15205468920246,12.006484375000127,7.546695312499978,3.826937312260398,0.7460450918597694,0.1408279372991681,0.11312697084106255,0.7731671356006066
5,20260825T092923Z,uniform,1,16384,1572864,96.0,128,100,42,separate_eager_and_cudagraph_wall_cupti_profiles_plus_phase_events,pytorch_cuda_eager,cusparse_direct_eager,SpMV,CUSPARSE_SPMV_ALG_DEFAULT,False,True,True,0.15,0.04,0.03997802734375,40.0,39.97802734375,655,46,7,ok,ok,ok,ok,13.276344980113208,13.26255989074707,13.20943102473393,0.013785089366137981,18.175322969909757,18.131999969482422,13.513375923037529,2.557727998122573,2.06089604832232,2.06089604832232,4.898977989796549,2.982566016726196,2.9655680656433105,0.3572040004655719,10.293778963387012,10.29699182510376,10.293778963387012,10.29699182510376,1.5594719999999689,0.989251999999987,10.727620980113253,1.5338929999999837,0.9635420000000127,0.4851310167261994,1664,384,0,2048,0,2048,1664,384,0,0,1,1,103.72144515713444,103.61374914646149,103.19867988073383,105.5732493987307,19.9822499853326,16.100750377518125,23.301297005673405,23.168500512838364,2.7906562536372803,80.42014815146104,80.44524863362312,12.183374999999756,7.728531249999898,83.8095389071348,11.983539062499872,7.527671875000099,3.7900860681734327,0.7452777380201633,0.14106154877715804,0.11366071320267868,0.7753473549238276
5,20260825T092923Z,uniform,1,16384,1572864,96.0,128,100,42,separate_eager_and_cudagraph_wall_cupti_profiles_plus_phase_events,pytorch_cuda_eager,cusparse_direct_eager,SpMV,CUSPARSE_SPMV_ALG_DEFAULT,False,True,True,0.15,0.04,0.03997802734375,40.0,39.97802734375,655,46,8,ok,ok,ok,ok,13.180186040699482,13.163007736206055,13.237503997515887,0.017178304493427277,18.074297986458987,18.034751892089844,13.469664014875889,2.539392001926899,2.025695875287056,2.025695875287056,4.894111945759505,3.01819498417899,3.003232002258301,0.34119596239179373,10.161991056520492,10.159775733947754,10.161991056520492,10.159775733947754,1.559397999999997,0.9907809999999941,10.63000704069949,1.535270000000026,0.9656649999999845,0.5172599841789798,1664,384,0,2048,0,2048,1664,384,0,0,1,1,102.9702034429647,102.8359979391098,103.41799998059287,105.23175011621788,19.839000015053898,15.825749025680125,23.57964831389836,23.462750017642975,2.6655934561858885,79.39055512906634,79.37324792146683,12.182796874999976,7.740476562499954,83.04693000546477,11.994296875000202,7.544257812499879,4.04109362639828,0.7468727097257029,0.14080548582654426,0.11232180444775285,0.7710051303631817
5,20260825T092923Z,uniform,1,16384,1572864,96.0,128,100,42,separate_eager_and_cudagraph_wall_cupti_profiles_plus_phase_events,pytorch_cuda_eager,cusparse_direct_eager,SpMV,CUSPARSE_SPMV_ALG_DEFAULT,False,True,True,0.15,0.04,0.03997802734375,40.0,39.97802734375,655,46,9,ok,ok,ok,ok,13.314376992639154,13.301216125488281,13.194639992434531,0.013160867150872946,18.179879989475012,18.137983322143555,13.526719994843006,2.5622720047831535,2.048991322517395,2.048991322517395,4.865502996835858,2.959426026791334,2.9430720806121826,0.3307259758003056,10.35495096584782,10.358144044876099,10.35495096584782,10.358144044876099,1.5599429999999908,0.9887190000000058,10.76571499263916,1.53274799999998,0.9621629999999973,0.4645150267913568,1664,384,0,2048,0,2048,1664,384,0,0,1,1,104.01857025499339,103.9157509803772,103.08312494089478,105.67749995971099,20.017750037368387,16.00774470716715,23.120515834307298,22.992750629782677,2.5837966859398875,80.8980544206861,80.92300035059452,12.187054687499927,7.724367187500045,84.10714837999343,11.974593749999844,7.516898437499979,3.6290236468074752,0.7457675836722741,0.1412655397943294,0.11296687653339646,0.7777270368393916
5,20260825T092923Z,uniform,1,16384,1572864,96.0,128,100,42,separate_eager_and_cudagraph_wall_cupti_profiles_plus_phase_events,pytorch_cuda_eager,cusparse_direct_eager,SpMV,CUSPARSE_SPMV_ALG_DEFAULT,False,True,True,0.15,0.04,0.03997802734375,40.0,39.97802734375,655,46,10,ok,ok,ok,ok,13.214917969889939,13.198368072509766,13.190263009164482,0.016549897380173206,17.948965018149465,17.9105281829834,13.383424013853073,2.522528011351824,2.0045761577785015,2.0045761577785015,4.7340470482595265,3.039836010430008,3.0248639583587646,0.3526490181684494,10.17508195945993,10.173504114151001,10.17508195945993,10.173504114151001,1.559643999999986,0.9887880000000225,10.66648596988993,1.5358949999999927,0.9646340000000017,0.5393070104300138,1664,384,0,2048,0,2048,1664,384,0,0,1,1,103.24154663976515,103.11225056648254,103.04892975909752,104.55800010822713,19.707250088686123,15.660751232644543,23.74871883148444,23.63174967467785,2.755070454441011,79.49282780828071,79.4805008918047,12.184718749999892,7.724906250000176,83.33192163976507,11.999179687499943,7.5362031250000125,4.213336018984483,0.7472378188471583,0.14084051489606267,0.11192166625677895,0.7699693620984825
5,20260825T092923Z,uniform,1,16384,1572864,96.0,128,100,42,separate_eager_and_cudagraph_wall_cupti_profiles_plus_phase_events,pytorch_cuda_eager,cusparse_direct_eager,SpMV,CUSPARSE_SPMV_ALG_DEFAULT,False,True,True,0.15,0.04,0.03997802734375,40.0,39.97802734375,655,46,11,ok,ok,ok,ok,13.224127003923059,13.209471702575684,13.104250014293939,0.014655301347374916,18.06735899299383,18.027263641357422,13.429568007588387,2.554111996665597,2.0435836371034384,2.0435836371034384,4.843231989070773,2.8958339826203883,2.8786559104919434,0.2948809997178614,10.32829302130267,10.33081579208374,10.32829302130267,10.33081579208374,1.558673000000018,0.9876919999999887,10.677762003923052,1.531804000000018,0.9623620000000083,0.4016679826203621,1664,384,0,2048,0,2048,1664,384,0,0,1,1,103.3134922181489,103.19899767637253,102.3769532366714,104.91850005928427,19.953999973949976,15.965497164870612,22.623702989221783,22.489499300718307,2.3037578102957923,80.68978922892711,80.70949837565422,12.17713281250014,7.716343749999911,83.42001565564884,11.96721875000014,7.518453125000065,3.1380311142215787,0.7449587621705833,0.14168051499541262,0.11336072283400411,0.781018892077994
5,20260825T092923Z,uniform,1,16384,1572864,96.0,128,100,42,separate_eager_and_cudagraph_wall_cupti_profiles_plus_phase_events,pytorch_cuda_eager,cusparse_direct_eager,SpMV,CUSPARSE_SPMV_ALG_DEFAULT,False,True,True,0.15,0.04,0.03997802734375,40.0,39.97802734375,655,46,12,ok,ok,ok,ok,13.140336028300226,13.124640464782715,13.177413027733564,0.01569556351751089,18.094803963322192,18.055007934570312,13.468191981315613,2.5435840003192425,2.0432319529354572,2.0432319529354572,4.954467935021967,3.0740589718334377,3.0592000484466553,0.40234997868537903,10.066277056466788,10.06544041633606,10.066277056466788,10.06544041633606,1.5595689999999338,0.9884409999999957,10.592326028300295,1.5357260000000206,0.9644740000000301,0.573858971833387,1664,384,0,2048,0,2048,1664,384,0,0,1,1,102.65887522109551,102.53625363111496,102.94853927916847,105.22024985402822,19.871750002494082,15.96274963230826,24.016085717448732,23.900000378489494,3.1433592084795237,78.64278950364678,78.63625325262547,12.184132812499483,7.7221953124999665,82.75254709609605,11.99785937500016,7.534953125000236,4.483273217448335,0.7459532574077564,0.14087969440594858,0.113167048186295,0.766059333245903
5,20260825T092923Z,uniform,1,16384,1572864,96.0,128,100,42,separate_eager_and_cudagraph_wall_cupti_profiles_plus_phase_events,pytorch_cuda_eager,cusparse_direct_eager,SpMV,CUSPARSE_SPMV_ALG_DEFAULT,False,True,True,0.15,0.04,0.03997802734375,40.0,39.97802734375,655,46,13,ok,ok,ok,ok,13.2427160278894,13.230143547058105,13.200132991187274,0.012572480831295252,18.073744024150074,18.036672592163086,13.421439945697784,2.5405760016292334,2.074656644836068,2.074656644836068,4.831027996260673,2.962811035104096,2.945535898208618,0.34218200016766787,10.279904992785305,10.284607648849487,10.279904992785305,10.284607648849487,1.5592870000000116,0.9883380000000133,10.695091027889376,1.5316180000000021,0.9630329999999947,0.4681600351040991,1664,384,0,2048,0,2048,1664,384,0,0,1,1,103.45871896788594,103.36049646139145,103.12603899365058,104.85499957576394,19.848250012728386,16.208255037781782,23.14696121175075,23.01199920475483,2.673296876309905,80.3117577561352,80.34849725663662,12.18192968750009,7.721390625000104,83.55539865538574,11.965765625000017,7.523695312499958,3.6575002742507743,0.7441195085799465,0.14085613566734648,0.11502435575270707,0.776268627306939
5,20260825T092923Z,uniform,1,16384,1572864,96.0,128,100,42,separate_eager_and_cudagraph_wall_cupti_profiles_plus_phase_events,pytorch_cuda_eager,cusparse_direct_eager,SpMV,CUSPARSE_SPMV_ALG_DEFAULT,False,True,True,0.15,0.04,0.03997802734375,40.0,39.97802734375,655,46,14,ok,ok,ok,ok,13.16814502933994,13.150848388671875,13.168680015951395,0.017296640668064356,18.668474978767335,18.62998390197754,13.89980798959732,2.627199998125434,2.1029759142547846,2.1029759142547846,5.500329949427396,2.862214983906597,2.8483200073242188,0.283047033008188,10.305930045433342,10.302528381347656,10.305930045433342,10.302528381347656,1.5600480000000136,0.9877639999999852,10.620333029339939,1.533587000000024,0.9633860000000023,0.3652419839065706,1664,384,0,2048,0,2048,1664,384,0,0,1,1,102.87613304171828,102.74100303649902,102.88031262462027,108.59224991872907,20.524999985354953,16.429499330115505,22.36105456177029,22.25250005722046,2.211304945376469,80.51507847994799,80.48850297927856,12.187875000000107,7.716906249999885,82.97135179171828,11.981148437500188,7.5264531250000175,2.8534529992700826,0.7460987654488462,0.14101998219368087,0.11288125235747291,0.7826409887247371
5,20260825T092923Z,uniform,1,16384,1572864,96.0,128,100,42,separate_eager_and_cudagraph_wall_cupti_profiles_plus_phase_events,pytorch_cuda_eager,cusparse_direct_eager,SpMV,CUSPARSE_SPMV_ALG_DEFAULT,False,True,True,0.15,0.04,0.03997802734375,40.0,39.97802734375,655,46,15,ok,ok,ok,ok,13.214664009865373,13.197279930114746,13.1816909997724,0.01738407975062728,18.105607014149427,18.064128875732422,13.468383990228176,2.5518720019608736,2.043872883543372,2.043872883543372,4.890943004284054,2.9068010044284165,2.8884479999542236,0.2943220315501094,10.307863005436957,10.308831930160522,10.307863005436957,10.308831930160522,1.5595970000000356,0.9881320000000036,10.666935009865334,1.5346570000000181,0.9617369999999844,0.41040700442841394,1664,384,0,2048,0,2048,1664,384,0,0,1,1,103.23956257707323,103.10374945402145,102.98196093572187,105.22174992365763,19.936500015319325,15.967756902682595,22.709382847097004,22.565999999642372,2.2993908714852296,80.53017972997623,80.53774945437908,12.184351562500279,7.719781250000028,83.33542976457292,11.989507812500142,7.513570312499878,3.206304722096984,0.7455872399317175,0.14126737134770392,0.11314538872057853,0.7800321671244648
5,20260825T092923Z,uniform,1,16384,1572864,96.0,128,100,42,separate_eager_and_cudagraph_wall_cupti_profiles_plus_phase_events,pytorch_cuda_eager,cusparse_direct_eager,SpMV,CUSPARSE_SPMV_ALG_DEFAULT,False,True,True,0.15,0.04,0.03997802734375,40.0,39.97802734375,655,46,16,ok,ok,ok,ok,13.199011038523167,13.18115234375,13.197135005611926,0.017858694773167372,18.06293398840353,18.023103713989258,13.440415978431702,2.550912005826831,2.0317757297307253,2.0317757297307253,4.863922949880362,3.0207340023480356,3.002336025238037,0.3403889713808894,10.178277036175132,10.178816318511963,10.178277036175132,10.178816318511963,1.560163999999974,0.9883000000000284,10.650547038523165,1.5352129999999697,0.9645949999999917,0.5209260023480742,1664,384,0,2048,0,2048,1664,384,0,0,1,1,103.11727373846225,102.97775268554688,103.10261723134317,105.00324983149767,19.929000045522116,15.873247888521291,23.599484393344028,23.455750197172165,2.6592888389131986,79.51778934511822,79.52200248837471,12.188781249999796,7.721093750000222,83.20739873846222,11.993851562499763,7.5358984374999345,4.06973439334433,0.7457325992081739,0.14153566701426967,0.11273173377755641,0.7711393684321045
5,20260825T092923Z,uniform,1,16384,1572864,96.0,128,100,42,separate_eager_and_cudagraph_wall_cupti_profiles_plus_phase_events,pytorch_cuda_eager,cusparse_direct_eager,SpMV,CUSPARSE_SPMV_ALG_DEFAULT,False,True,True,0.15,0.04,0.03997802734375,40.0,39.97802734375,655,46,17,ok,ok,ok,ok,13.242840010207146,13.229920387268066,13.124960998538882,0.01291962293908,18.11968197580427,18.074687957763672,13.449440009891987,2.5844800006598234,2.0407679472118616,2.0407679472118616,4.876841965597123,2.9786289669573307,2.9617600440979004,0.33365399576723576,10.264211043249816,10.268160343170166,10.264211043249816,10.268160343170166,1.5599589999999404,0.9882470000000065,10.6946340102072,1.5336149999999735,0.9620220000000077,0.4829919669573495,1664,384,0,2048,0,2048,1664,384,0,0,1,1,103.45968757974333,103.35875302553177,102.53875780108501,105.07375007728115,20.19125000515487,15.943499587592669,23.270538804354146,23.138750344514847,2.6066718419315293,80.18914877538919,80.22000268101692,12.187179687499533,7.720679687500051,83.55182820474374,11.981367187499794,7.51579687500006,3.7733747418542927,0.744103579620306,0.14298891392754054,0.11290750645215343,0.7750762702968924
5,20260825T092923Z,uniform,1,16384,1572864,96.0,128,100,42,separate_eager_and_cudagraph_wall_cupti_profiles_plus_phase_events,pytorch_cuda_eager,cusparse_direct_eager,SpMV,CUSPARSE_SPMV_ALG_DEFAULT,False,True,True,0.15,0.04,0.03997802734375,40.0,39.97802734375,655,46,18,ok,ok,ok,ok,13.188069977331907,13.17091178894043,13.252200034912676,0.01715818839147687,18.02142197266221,17.983232498168945,13.410975977778435,2.555264003574848,2.0169925168156624,2.0169925168156624,4.833351995330304,3.0430039623752236,3.028064012527466,0.3364120493642986,10.145066014956683,10.142847776412964,10.145066014956683,10.142847776412964,1.559953000000011,0.9951080000000118,10.633008977331883,1.5362110000000218,0.9870079999999837,0.5197849623752182,1664,384,0,2048,0,2048,1664,384,0,0,1,1,103.03179669790552,102.8977483510971,103.53281277275528,104.77324982639402,19.9630000279285,15.757754037622362,23.773468456056435,23.656750097870827,2.6282191356585827,79.25832824184909,79.24099825322628,12.187132812500087,7.774281250000092,83.07038263540534,12.00164843750017,7.710999999999872,4.0608200185563925,0.7457489068855636,0.14209147347869885,0.1121596196357375,0.7692608571530452
5,20260825T092923Z,uniform,1,16384,1572864,96.0,128,100,42,separate_eager_and_cudagraph_wall_cupti_profiles_plus_phase_events,pytorch_cuda_eager,cusparse_direct_eager,SpMV,CUSPARSE_SPMV_ALG_DEFAULT,False,True,True,0.15,0.04,0.03997802734375,40.0,39.97802734375,655,46,19,ok,ok,ok,ok,13.208632008172572,13.195808410644531,13.14413797808811,0.012823597528040409,18.117687024641782,18.07526397705078,13.435231991112232,2.617984002456069,2.02204798348248,2.02204798348248,4.90905501646921,2.8792910161428154,2.862623929977417,0.28011499671265483,10.329340992029756,10.333184480667114,10.329340992029756,10.333184480667114,1.5599770000000357,1.027608000000003,10.621047008172534,1.5339480000000079,0.969917000000004,0.37542601614280346,1664,384,0,2048,0,2048,1664,384,0,0,1,1,103.19243756384822,103.0922532081604,102.68857795381336,104.96274993056431,20.45300001918804,15.797249870956875,22.494461063615745,22.36424945294857,2.188398411817616,80.69797650023247,80.72800375521183,12.18732031250028,8.028187500000023,82.97692975134792,11.983968750000061,7.577476562500031,2.933015751115652,0.743293819009794,0.14483794016950383,0.1118682408207022,0.7820144421949743
5,20260825T092923Z,uniform,1,16384,1572864,96.0,128,100,42,separate_eager_and_cudagraph_wall_cupti_profiles_plus_phase_events,pytorch_cuda_eager,cusparse_direct_eager,SpMV,CUSPARSE_SPMV_ALG_DEFAULT,False,True,True,0.15,0.05,0.04998779296875,50.0,49.98779296875,819,47,0,ok,ok,ok,ok,13.263181026559323,13.232192039489746,13.169747951906174,0.03098898706957698,18.309020961169153,18.16748809814453,14.675519946962595,3.251424001529813,0.24054414965212345,0.24054414965212345,5.04583993460983,2.8042109915986657,2.788640022277832,0.24025997845456004,10.458970034960657,10.443552017211914,10.458970034960657,10.443552017211914,1.6204170000000477,1.090174999999993,10.552589026559282,1.7639610000000312,1.0470949999999748,0.0,1664,384,0,2048,0,2048,1664,384,0,0,1,1,103.61860176999471,103.37650030851364,102.88865587426699,114.65249958564527,25.401750011951663,1.8792511691572145,21.907898371864576,21.786250174045563,1.8770310816762503,81.71070339813014,81.59025013446808,12.659507812500372,8.516992187499945,82.4421017699944,13.780945312500243,8.180429687499803,0.0,0.8077902606944009,0.1789693756211617,0.013240363684437505,0.7885717622353736
5,20260825T092923Z,uniform,1,16384,1572864,96.0,128,100,42,separate_eager_and_cudagraph_wall_cupti_profiles_plus_phase_events,pytorch_cuda_eager,cusparse_direct_eager,SpMV,CUSPARSE_SPMV_ALG_DEFAULT,False,True,True,0.15,0.05,0.04998779296875,50.0,49.98779296875,819,47,1,ok,ok,ok,mismatch,13.388345018029213,13.252767562866211,13.205158989876509,0.13557745516300201,18.21932103484869,18.06265640258789,14.384671945124865,3.4344319915398955,0.2435524659231305,0.2435524659231305,4.830976016819477,3.535326977726072,3.3978559970855713,0.3461809828877449,9.85301804030314,9.85491156578064,9.85301804030314,9.85491156578064,1.8632270000000088,1.3364769999999915,10.188641018029212,1.5600139999999996,0.9706500000000069,1.0046629777260656,1664,384,0,2048,0,2048,1664,384,0,0,1,1,104.59644545335323,103.53724658489227,103.16530460841022,112.380249571288,26.831499933905434,1.9027536400244571,27.619742013484938,26.545749977231026,2.704538928810507,76.97670343986829,76.99149660766125,14.55646093750007,10.441226562499933,79.59875795335323,12.187609374999997,7.583203125000054,7.8489295134848875,0.7963763260792543,0.19013991713023087,0.013483756790514823,0.7359399557626221
5,20260825T092923Z,uniform,1,16384,1572864,96.0,128,100,42,separate_eager_and_cudagraph_wall_cupti_profiles_plus_phase_events,pytorch_cuda_eager,cusparse_direct_eager,SpMV,CUSPARSE_SPMV_ALG_DEFAULT,False,True,True,0.15,0.05,0.04998779296875,50.0,49.98779296875,819,47,2,ok,ok,ok,ok,13.27041198965162,13.131872177124023,13.29109602374956,0.13853981252759695,18.226179003249854,18.091999053955078,14.31126401387155,3.5352320158854127,0.24550302419811487,0.24550302419811487,4.9557670135982335,3.6714610178023577,3.5273919105529785,0.36704097874462605,9.598950971849263,9.604480266571045,9.598950971849263,9.604480266571045,1.8279099999999937,1.233176000000024,10.209325989651603,1.766543000000006,1.2265919999999846,0.6783260178023671,1664,384,0,2048,0,2048,1664,384,0,0,1,1,103.67509366915328,102.59275138378143,103.83668768554344,111.80675010837149,27.619000124104787,1.9179923765477724,28.68328920158092,27.557749301195145,2.867507646442391,74.99180446757236,75.03500208258629,14.280546874999951,9.634187500000188,79.76035929415315,13.801117187500047,9.58274999999988,5.299422014080993,0.7910272364701996,0.1954030621681123,0.013569701361688146,0.7233348127650149
5,20260825T092923Z,uniform,1,16384,1572864,96.0,128,100,42,separate_eager_and_cudagraph_wall_cupti_profiles_plus_phase_events,pytorch_cuda_eager,cusparse_direct_eager,SpMV,CUSPARSE_SPMV_ALG_DEFAULT,False,True,True,0.15,0.05,0.04998779296875,50.0,49.98779296875,819,47,3,ok,ok,ok,ok,13.31134105566889,13.297375679016113,13.18455400178209,0.013965376652777195,18.03300197934732,17.892032623291016,12.703071970492601,4.571839990094304,0.6171206627041101,0.6171206627041101,4.721660923678428,3.3633559942245483,3.226111888885498,0.38613099604845047,9.947985061444342,10.071263790130615,9.947985061444342,10.071263790130615,1.784961999999979,1.0559279999999986,10.470451055668914,2.0803289999999905,1.0385239999999853,0.24450299422457245,1664,384,0,2048,0,2048,1664,384,0,0,1,1,103.9948519974132,103.88574749231339,103.00432813892257,99.24274976947345,35.71749992261175,4.8212551773758605,26.276218704879284,25.203999131917953,3.0166484066285193,77.71863329253392,78.68174836039543,13.945015624999836,8.24943749999999,81.80039887241338,16.252570312499927,8.113468749999885,1.9101796423794721,0.7099848428599629,0.2555237901893212,0.034491366950715883,0.7473315438197567
5,20260825T092923Z,uniform,1,16384,1572864,96.0,128,100,42,separate_eager_and_cudagraph_wall_cupti_profiles_plus_phase_events,pytorch_cuda_eager,cusparse_direct_eager,SpMV,CUSPARSE_SPMV_ALG_DEFAULT,False,True,True,0.15,0.05,0.04998779296875,50.0,49.98779296875,819,47,4,ok,ok,ok,mismatch,13.233910023700446,13.217887878417969,13.110385974869132,0.01602214528247714,18.193011987023056,18.142751693725586,13.580735934898257,2.7851200131699443,1.7768957456573844,1.7768957456573844,4.95910196332261,3.6201440379954875,3.26963210105896,0.32491300953552127,9.613765985704958,9.948255777359009,9.613765985704958,9.948255777359009,1.8296349999999753,1.2565839999999966,10.147691023700474,1.7646739999999936,1.0246969999999977,0.8307730379954961,1664,384,0,2048,0,2048,1664,384,0,0,1,1,103.38992206015973,103.26474905014038,102.4248904286651,106.09949949139263,21.75875010289019,13.881998012948316,28.282375296839746,25.544000789523125,2.53838288699626,75.10754676331999,77.72074826061726,14.294023437499806,9.817062499999974,79.27883612265995,13.78651562499995,8.005445312499983,6.490414359339813,0.7485488510320605,0.15351144413959755,0.09793970482834193,0.7264493991940238
5,20260825T092923Z,uniform,1,16384,1572864,96.0,128,100,42,separate_eager_and_cudagraph_wall_cupti_profiles_plus_phase_events,pytorch_cuda_eager,cusparse_direct_eager,SpMV,CUSPARSE_SPMV_ALG_DEFAULT,False,True,True,0.15,0.05,0.04998779296875,50.0,49.98779296875,819,47,5,ok,ok,ok,ok,13.2359080016613,13.095808029174805,13.124658027663827,0.14009997248649597,18.141695007216185,18.016416549682617,14.254655936732888,3.3439999958500266,0.41776061709970236,0.41776061709970236,4.905787005554885,3.8202060386538506,3.6935040950775146,0.3172020078636706,9.41570196300745,9.40230393409729,9.41570196300745,9.40230393409729,1.817375999999974,1.1658850000000003,10.252647001661327,1.763952000000022,1.0379780000000023,1.0182760386538263,1664,384,0,2048,0,2048,1664,384,0,0,1,1,103.40553126297891,102.31100022792816,102.53639084112365,111.36449950572569,26.124999967578333,3.2637548210914247,29.845359676983207,28.855500742793083,2.4781406864349265,73.5601715859957,73.45549948513508,14.198249999999796,9.108476562500002,80.09880470047912,13.780875000000172,8.109203125000018,7.955281551983018,0.7912037278569696,0.1856084969299256,0.023187775213104837,0.7113755974902244
5,20260825T092923Z,uniform,1,16384,1572864,96.0,128,100,42,separate_eager_and_cudagraph_wall_cupti_profiles_plus_phase_events,pytorch_cuda_eager,cusparse_direct_eager,SpMV,CUSPARSE_SPMV_ALG_DEFAULT,False,True,True,0.15,0.05,0.04998779296875,50.0,49.98779296875,819,47,6,ok,ok,ok,ok,13.196501997299492,13.181599617004395,13.250377960503101,0.014902380295097828,18.243047001305968,18.189151763916016,13.512256026268005,2.6655999971553683,2.011295740492642,2.011295740492642,5.046545004006475,3.2688970095478,3.2543039321899414,0.35845895763486624,9.927604987751693,9.927295684814453,9.927604987751693,9.927295684814453,1.8240390000000064,1.1058619999999941,10.266600997299491,1.761596999999987,1.002914999999985,0.504385009547828,1664,384,0,2048,0,2048,1664,384,0,0,1,1,103.09767185390228,102.98124700784683,103.51857781643048,105.56450020521879,20.824999977776315,15.713247972598765,25.538257887092186,25.424249470233917,2.8004606065223925,77.5594139668101,77.55699753761292,14.25030468750005,8.639546874999954,80.20782029140227,13.762476562499899,7.8352734374998825,3.940507887092406,0.7428744452544442,0.1465488897862426,0.1105766649593132,0.7522906441254856
5,20260825T092923Z,uniform,1,16384,1572864,96.0,128,100,42,separate_eager_and_cudagraph_wall_cupti_profiles_plus_phase_events,pytorch_cuda_eager,cusparse_direct_eager,SpMV,CUSPARSE_SPMV_ALG_DEFAULT,False,True,True,0.15,0.05,0.04998779296875,50.0,49.98779296875,819,47,7,ok,ok,ok,ok,13.348700013011694,13.330368041992188,13.212449033744633,0.018331971019506454,18.17148202098906,18.044736862182617,13.582304008305073,4.248928024433553,0.21350482944399118,0.21350482944399118,4.8227820079773664,2.9857400222681463,2.957376003265381,0.32850803108885884,10.362959990743548,10.372992038726807,10.362959990743548,10.372992038726807,1.583238000000013,0.9962829999999974,10.769179013011684,1.5595799999999875,0.970412999999995,0.45574702226816377,1664,384,0,2048,0,2048,1664,384,0,0,1,1,104.28671885165386,104.14350032806396,103.22225807612995,106.11175006488338,33.194750190887135,1.6680064800311811,23.326093923969893,23.104500025510788,2.5664689928817097,80.96062492768397,81.03900030255318,12.369046875000102,7.78346093749998,84.13421103915378,12.184218749999902,7.581351562499961,3.5605236114700296,0.7527016942413985,0.23546633330731875,0.011831972451282757,0.7763272813564028
5,20260825T092923Z,uniform,1,16384,1572864,96.0,128,100,42,separate_eager_and_cudagraph_wall_cupti_profiles_plus_phase_events,pytorch_cuda_eager,cusparse_direct_eager,SpMV,CUSPARSE_SPMV_ALG_DEFAULT,False,True,True,0.15,0.05,0.04998779296875,50.0,49.98779296875,819,47,8,ok,ok,ok,ok,13.375339971389621,13.248640060424805,13.202241971157491,0.1266999109648168,18.33317900309339,18.207775115966797,14.668896023184061,3.3259839974343777,0.21289509534835815,0.21289509534835815,4.95783903170377,3.704309987369925,3.437920093536377,0.35157898673787713,9.671029984019697,9.810719966888428,9.671029984019697,9.810719966888428,1.8271069999999807,1.3608939999999814,10.18733897138966,1.7658100000000145,1.1809519999999942,0.757547987369916,1664,384,0,2048,0,2048,1664,384,0,0,1,1,104.49484352648142,103.50500047206879,103.1425153996679,114.60075018112548,25.984249979956076,1.663242932409048,28.939921776327537,26.858750730752945,2.746710833889665,75.55492175015388,76.64624974131584,14.274273437499849,10.631984374999854,79.58858571398173,13.795390625000113,9.226187499999956,5.9183436513274685,0.8056391255799609,0.18266833680946276,0.011692537610576361,0.723049283585046
5,20260825T092923Z,uniform,1,16384,1572864,96.0,128,100,42,separate_eager_and_cudagraph_wall_cupti_profiles_plus_phase_events,pytorch_cuda_eager,cusparse_direct_eager,SpMV,CUSPARSE_SPMV_ALG_DEFAULT,False,True,True,0.15,0.05,0.04998779296875,50.0,49.98779296875,819,47,9,ok,ok,ok,mismatch,13.358513009734452,13.234687805175781,13.070621993392706,0.12382520455867052,18.240426026750356,18.107839584350586,14.309503927826881,3.5906559946015477,0.2076796619221568,0.2076796619221568,4.881913017015904,3.7383079761639237,3.608191967010498,0.322653038892895,9.620205033570528,9.626495838165283,9.620205033570528,9.626495838165283,1.8230560000000695,1.3459820000000096,10.189475009734373,1.7689160000000053,1.0050449999999995,0.964346976163919,1664,384,0,2048,0,2048,1664,384,0,0,1,1,104.3633828885504,103.39599847793579,102.11423432338051,111.79299943614751,28.05199995782459,1.62249735876685,29.205531063780654,28.188999742269516,2.520726866350742,75.15785182476975,75.20699873566628,14.242625000000544,10.515484375000074,79.60527351354979,13.81965625000004,7.851914062499996,7.533960751280617,0.7902380546928218,0.19829289838113628,0.01146904692604195,0.7201553815578283
5,20260825T092923Z,uniform,1,16384,1572864,96.0,128,100,42,separate_eager_and_cudagraph_wall_cupti_profiles_plus_phase_events,pytorch_cuda_eager,cusparse_direct_eager,SpMV,CUSPARSE_SPMV_ALG_DEFAULT,False,True,True,0.15,0.05,0.04998779296875,50.0,49.98779296875,819,47,10,ok,ok,ok,mismatch,13.28691397793591,13.150527954101562,13.24506604578346,0.13638602383434772,18.3313520392403,18.17510414123535,13.923936078324914,4.04160001501441,0.20956804789602757,0.20956804789602757,5.04443806130439,3.562386962585151,3.423520088195801,0.3710840246640146,9.724527015350759,9.727007865905762,9.724527015350759,9.727007865905762,1.8274870000000032,1.3568220000000213,10.102604977935886,1.923172999999989,0.9874230000000207,0.6517909625851416,1664,384,0,2048,0,2048,1664,384,0,0,1,1,103.8040154526243,102.73849964141846,103.47707848268328,108.78075061191339,31.57500011730008,1.6372503741877154,27.831148145196494,26.746250689029694,2.899093942687614,75.9728673074278,75.99224895238876,14.277242187500025,10.600171875000166,78.92660139012412,15.024789062499913,7.714242187500162,5.092116895196418,0.7660993835372055,0.2223701159348463,0.011530500527948191,0.7318875572987973
5,20260825T092923Z,uniform,1,16384,1572864,96.0,128,100,42,separate_eager_and_cudagraph_wall_cupti_profiles_plus_phase_events,pytorch_cuda_eager,cusparse_direct_eager,SpMV,CUSPARSE_SPMV_ALG_DEFAULT,False,True,True,0.15,0.05,0.04998779296875,50.0,49.98779296875,819,47,11,ok,ok,ok,ok,13.306842010933906,13.171615600585938,13.176987995393574,0.13522641034796834,18.26693897601217,18.11350440979004,15.137216087430716,2.7665279945358634,0.2097603278234601,0.2097603278234601,4.9600969650782645,3.634002001490444,3.477407932281494,0.285585003439337,9.672840009443462,9.694207668304443,9.672840009443462,9.694207668304443,1.8268360000000234,1.3602569999999965,10.119749010933885,1.7683690000000278,1.3671710000000221,0.498462001490394,1664,384,0,2048,0,2048,1664,384,0,0,1,1,103.95970321042114,102.90324687957764,102.9452187140123,118.25950068305247,21.613499957311433,1.638752561120782,28.390640636644093,27.167249470949173,2.2311328393698204,75.56906257377705,75.73599740862846,14.272156250000183,10.627007812499972,79.06053914792098,13.815382812500218,10.681023437500173,3.8942343866437032,0.8356867751802523,0.1527328965145255,0.011580328305222275,0.7269072557933375
5,20260825T092923Z,uniform,1,16384,1572864,96.0,128,100,42,separate_eager_and_cudagraph_wall_cupti_profiles_plus_phase_events,pytorch_cuda_eager,cusparse_direct_eager,SpMV,CUSPARSE_SPMV_ALG_DEFAULT,False,True,True,0.15,0.05,0.04998779296875,50.0,49.98779296875,819,47,12,ok,ok,ok,mismatch,13.397531991358846,13.246560096740723,13.181361020542681,0.15097189461812377,18.128997005987912,18.08038330078125,13.428319990634918,2.603839997202158,2.048223312944174,2.048223312944174,4.731465014629066,3.4850550000555813,2.932255983352661,0.3317139926366508,9.912476991303265,10.314304113388062,9.912476991303265,10.314304113388062,1.827207000000012,1.367649000000012,10.202675991358822,1.7654510000000032,0.9853710000000073,0.7342330000555708,1664,384,0,2048,0,2048,1664,384,0,0,1,1,104.66821868249099,103.4887507557869,102.9793829729897,104.9087499268353,20.34249997814186,16.001744632376358,27.22699218793423,22.908249869942665,2.5915155674738344,77.44122649455676,80.58050088584423,14.275054687500093,10.684757812500095,79.70840618249079,13.792585937500025,7.698210937500058,5.7361953129341465,0.7427010681822593,0.14401464581172052,0.11328428600602015,0.7398733585929576
5,20260825T092923Z,uniform,1,16384,1572864,96.0,128,100,42,separate_eager_and_cudagraph_wall_cupti_profiles_plus_phase_events,pytorch_cuda_eager,cusparse_direct_eager,SpMV,CUSPARSE_SPMV_ALG_DEFAULT,False,True,True,0.15,0.05,0.04998779296875,50.0,49.98779296875,819,47,13,ok,ok,ok,ok,13.202820031438023,13.188896179199219,13.161932991351932,0.013923852238804102,18.086163036059588,18.046207427978516,13.463168017566204,2.542304003611207,2.0407354068011045,2.0407354068011045,4.883343004621565,2.8674440109170973,2.852544069290161,0.24645403027534485,10.335376020520926,10.336352109909058,10.335376020520926,10.336352109909058,1.5869290000000205,0.998131000000005,10.617760031437998,1.5651940000000322,0.9677589999999923,0.3344910109170729,1664,384,0,2048,0,2048,1664,384,0,0,1,1,103.14703149560955,103.0382513999939,102.82760149493697,105.18100013723597,19.861750028212555,15.94324536563363,22.401906335289823,22.285500541329384,1.9254221115261316,80.74512516031973,80.75275085866451,12.39788281250016,7.797898437500039,82.95125024560936,12.228078125000252,7.56061718749994,2.613211022789632,0.7460386383841044,0.1408774676760982,0.11308389393979729,0.7828157920740224
5,20260825T092923Z,uniform,1,16384,1572864,96.0,128,100,42,separate_eager_and_cudagraph_wall_cupti_profiles_plus_phase_events,pytorch_cuda_eager,cusparse_direct_eager,SpMV,CUSPARSE_SPMV_ALG_DEFAULT,False,True,True,0.15,0.05,0.04998779296875,50.0,49.98779296875,819,47,14,ok,ok,ok,ok,13.243067020084709,13.226592063903809,13.29116796841845,0.016474956180900335,18.1395550025627,18.101472854614258,13.53158400207758,2.5420159939676523,2.027872858569026,2.027872858569026,4.896487982477993,3.0449029873125255,3.0306239128112793,0.3537199809215963,10.198164032772183,10.19596815109253,10.198164032772183,10.19596815109253,1.5820880000000588,0.9929589999999832,10.668020020084667,1.5588409999999744,0.9622699999999961,0.523791987312555,1664,384,0,2048,0,2048,1664,384,0,0,1,1,103.46146109441179,103.3327504992485,103.83724975326913,105.71550001623109,19.859499952872284,15.842756707570516,23.788304588379106,23.67674931883812,2.763437350949971,79.67315650603268,79.65600118041039,12.36006250000046,7.757492187499868,83.34390640691146,12.1784453124998,7.51773437499997,4.092124900879337,0.7475404963319454,0.14043144524119017,0.1120280584268644,0.7700756944977653
5,20260825T092923Z,uniform,1,16384,1572864,96.0,128,100,42,separate_eager_and_cudagraph_wall_cupti_profiles_plus_phase_events,pytorch_cuda_eager,cusparse_direct_eager,SpMV,CUSPARSE_SPMV_ALG_DEFAULT,False,True,True,0.15,0.05,0.04998779296875,50.0,49.98779296875,819,47,15,ok,ok,ok,ok,13.31919600488618,13.305855751037598,13.230420008767396,0.013340253848582506,17.931281006895006,17.895584106445312,13.363263979554176,2.501920010894537,2.030400115996599,2.030400115996599,4.6120850020088255,2.9887669952586293,2.9726080894470215,0.3425630275160074,10.33042900962755,10.333247661590576,10.33042900962755,10.333247661590576,1.581977000000003,0.9910070000000014,10.746212004886175,1.5591159999999813,0.9618270000000091,0.46782399525863894,1664,384,0,2048,0,2048,1664,384,0,0,1,1,104.05621878817328,103.95199805498123,103.36265631849528,104.400499840267,19.54625008511357,15.862500906223431,23.34974215045804,23.223500698804855,2.676273652468808,80.70647663771524,80.72849735617638,12.359195312500024,7.742242187500011,83.95478128817324,12.180593749999854,7.514273437500071,3.6548749629581168,0.7467352783830752,0.13980655764085623,0.11345816397606859,0.7756045489410778
5,20260825T092923Z,uniform,1,16384,1572864,96.0,128,100,42,separate_eager_and_cudagraph_wall_cupti_profiles_plus_phase_events,pytorch_cuda_eager,cusparse_direct_eager,SpMV,CUSPARSE_SPMV_ALG_DEFAULT,False,True,True,0.15,0.05,0.04998779296875,50.0,49.98779296875,819,47,16,ok,ok,ok,ok,13.109136023558676,13.092255592346191,13.108374027069658,0.016880431212484837,18.01917201373726,17.979520797729492,13.416160017251968,2.5421120040118694,2.0212487764656544,2.0212487764656544,4.910035990178585,2.895370009355247,2.8808960914611816,0.2789700520224869,10.21376601420343,10.21135950088501,10.21376601420343,10.21135950088501,1.5829340000000025,0.9907799999999902,10.535422023558684,1.5584519999999944,0.9607330000000088,0.3761850093552438,1664,384,0,2048,0,2048,1664,384,0,0,1,1,102.41512518405216,102.28324681520462,102.4091720864817,104.813750134781,19.86025003134273,15.791006066137925,22.620078198087867,22.50700071454048,2.179453531425679,79.79504698596429,79.77624610066414,12.36667187500002,7.740468749999923,82.30798455905222,12.175406249999956,7.505726562500069,2.938945385587842,0.7461911898645375,0.14138930801386515,0.11241950212159735,0.7791334223588859
5,20260825T092923Z,uniform,1,16384,1572864,96.0,128,100,42,separate_eager_and_cudagraph_wall_cupti_profiles_plus_phase_events,pytorch_cuda_eager,cusparse_direct_eager,SpMV,CUSPARSE_SPMV_ALG_DEFAULT,False,True,True,0.15,0.05,0.04998779296875,50.0,49.98779296875,819,47,17,ok,ok,ok,ok,13.251855969429016,13.238847732543945,13.185967982281,0.0130082368850708,18.212201015558094,18.173120498657227,13.546656019985676,2.577184012159705,2.0492804665118456,2.0492804665118456,4.960345046129078,2.979799988679588,2.9635839462280273,0.2767450059764087,10.272055980749428,10.275263786315918,10.272055980749428,10.275263786315918,1.5821229999999873,0.9898219999999938,10.679910969429036,1.559943000000012,0.9611850000000065,0.45867198867956926,1664,384,0,2048,0,2048,1664,384,0,0,1,1,103.53012476116419,103.42849791049957,103.01537486157031,105.83325015613809,20.134250094997697,16.010003644623794,23.27968741155928,23.152999579906464,2.162070359190693,80.25043734960491,80.27549833059311,12.360335937499901,7.732984374999951,83.43680444866435,12.187054687500094,7.509257812500051,3.583374911559135,0.7454226708608799,0.14181296009951225,0.11276436903960785,0.7751409315379105
5,20260825T092923Z,uniform,1,16384,1572864,96.0,128,100,42,separate_eager_and_cudagraph_wall_cupti_profiles_plus_phase_events,pytorch_cuda_eager,cusparse_direct_eager,SpMV,CUSPARSE_SPMV_ALG_DEFAULT,False,True,True,0.15,0.05,0.04998779296875,50.0,49.98779296875,819,47,18,ok,ok,ok,ok,13.159364985767752,13.143391609191895,13.192045968025923,0.0159733765758574,18.130717042367905,18.093088150024414,13.517824031412601,2.5368320029228926,2.03843211568892,2.03843211568892,4.9713520566001534,3.0392519547604024,3.0246400833129883,0.3467600326985121,10.12011303100735,10.118751525878906,10.12011303100735,10.118751525878906,1.583965000000022,0.9907309999999987,10.584668985767731,1.5632980000000034,0.9629810000000002,0.5129729547603988,1664,384,0,2048,0,2048,1664,384,0,0,1,1,102.80753895131056,102.68274694681168,103.06285912520252,105.60800024541095,19.819000022835098,15.925250903819688,23.744155896565644,23.63000065088272,2.7090627554571256,79.06338305474492,79.05274629592896,12.374726562500172,7.74008593749999,82.6927264513104,12.213265625000027,7.523289062500002,4.007601209065616,0.7471264119936519,0.14021000626802724,0.11266358173832085,0.7690426583617489
5,20260825T092923Z,uniform,1,16384,1572864,96.0,128,100,42,separate_eager_and_cudagraph_wall_cupti_profiles_plus_phase_events,pytorch_cuda_eager,cusparse_direct_eager,SpMV,CUSPARSE_SPMV_ALG_DEFAULT,False,True,True,0.15,0.05,0.04998779296875,50.0,49.98779296875,819,47,19,ok,ok,ok,ok,13.214547012466937,13.202079772949219,13.155177002772689,0.012467239517718554,18.03218200802803,17.994688034057617,13.420736022293568,2.5278720036149025,2.046080008149147,2.046080008149147,4.817634995561093,2.9436579789035022,2.9280641078948975,0.2714629517868161,10.270889033563435,10.274015665054321,10.270889033563435,10.274015665054321,1.582101999999977,0.9897249999999869,10.642720012466972,1.5606100000000094,0.9596789999999946,0.4233689789034982,1664,384,0,2048,0,2048,1664,384,0,0,1,1,103.23864853489795,103.14124822616577,102.77482033416163,104.8495001741685,19.749000028241426,15.985000063665211,22.99732796018361,22.875500842928886,2.120804310834501,80.24132057471434,80.26574738323689,12.360171874999821,7.732226562499897,83.14625009739822,12.192265625000074,7.497492187499958,3.3075701476835797,0.7458165430205199,0.14047879012020267,0.11370466685927742,0.7772410983042869
