provider,dataset,gpu,torch_version,cuda_version,connectome_root,weight_scale,microns_variant,multiarea_n_scaling,multiarea_k_scaling,multiarea_seed,multiarea_max_nnz,workload_id,input_seed,n_neuron,t_steps,batch_size,graph_synapses,average_fanout,graph_type,graph_seed,graph_max_fanout,graph_fanout_std,graph_fanout_cv,graph_fanout_gini,graph_p95_fanout,graph_p99_fanout,timestep_ms,external_event_rate,requested_activity,measured_activity,requested_firing_rate_hz,measured_firing_rate_hz,mean_active_neurons,p95_active_neurons,max_active_neurons,mean_active_edges,p95_active_edges,max_active_edges,mean_collision_ratio,p95_collision_ratio,temporal_cv,burst_factor,collision_method,calibration_status,calibration_input_amplitude,calibration_target_activity,calibration_measured_activity,calibration_activity_error,calibration_stable,calibration_iterations,direct_cusparse_primitive,direct_cusparse_algorithm,framework_version,build_time_s,timing_method,timing_scope,benchmark_mode,execution_class,state_semantics,fusion_level,logical_shape,physical_shape,logical_n,physical_n,logical_batch,physical_batch,input_layout,operator_layout,required_layout,layout_transform_mode,layout_transform_in_timing,need_layout_transform,input_contiguous,input_address_mod,index_dtype,value_dtype,compute_dtype,spike_representation,selected_kernels,selector_model,uses_host_control,uses_internal_sync,uses_d2h,uses_h2d,allocates_during_run,graph_capturable,padding_ratio,workspace_bytes,total_prepared_bytes,persistent_bytes,run_allocated_bytes,run_reserved_delta,profiler_audited,profiler_cuda_malloc,profiler_cuda_free,profiler_d2h,profiler_h2d,profiler_internal_sync,profiler_unexpected_alloc_ops,latency_samples_ms,sample_count,latency_mean_ms,latency_std_ms,latency_min_ms,latency_max_ms,status,spike_mismatches,spike_mismatch_rate,v_max_abs_diff,psc_max_abs_diff,v_max_normalized_error,psc_max_normalized_error,v_compared_max_normalized_error,psc_compared_max_normalized_error,state_compared_neurons,state_excluded_neurons,correctness_mode,correctness_status,status_detail,latency_ms,speedup_vs_dense_eager,speedup_vs_dense_cudagraph,speedup_vs_csr_eager,speedup_vs_csr_host_e2e,speedup_vs_csr_cudagraph,speedup_vs_cusparse_direct_eager,speedup_vs_cusparse_direct_cudagraph,speedup_vs_genn,speedup_vs_brian2cuda,speedup_vs_same_eager,activity_sweep_speedup_vs_cusparse
cusparse_direct_cudagraph,flybrain,NVIDIA GeForce RTX 5090,2.11.0+cu128,12.8,default,0.0003816247733734,,,,,,84156b34b4ba481b,0,138639,256,1,15091983,108.85813515677408,flybrain,0,9783,163.19999046318512,1.499198844699568,0.4816346156348125,288.0,599.6199999999953,1.0,0.0,0.0,0.0,0.0,0.0,0.0,0.0,0,0.0,0.0,0,0.0,0.0,0.0,0.0,sampled_16_timesteps_max_2048_sources,converged,50.0,0.0,0.0,0.0,True,20,SpMV,CUSPARSE_SPMV_ALG_DEFAULT,,,torch_cuda_event,gpu_execution,full_rsnn,device_native,independent_inference,sparse_only,"(256, 1, 138639)","(256, 1, 138639)",138639,138639,1,1,BN,csr_post_by_pre,csr_post_by_pre,none,False,False,True,0,torch.int32,torch.float32,torch.float32,dense,,,False,False,False,False,False,True,1.0,58960,406886764,406886764,0,0,False,unknown,unknown,unknown,unknown,unknown,,41.8368301;41.7759361;41.7931519;41.7931519;41.7972488;41.7869759;41.7972488;41.805439;41.8156815;41.7911034;41.7521935;41.7532158;41.8320656;41.8955536;41.9057922;41.8832626;41.8566399;41.8484497;41.8894081;41.8402557,20,41.82248020172119,0.0461056598958683,41.75219345092773,41.905792236328125,passed,0,0.0,0.0,0.0,0.0,0.0,0.0,0.0,138639,0,full_state,passed,,41.81056022644043,,,,,,,1.0,,,,1.0
tilespmspv_cudagraph,flybrain,NVIDIA GeForce RTX 5090,2.11.0+cu128,12.8,default,0.0003816247733734,,,,,,84156b34b4ba481b,0,138639,256,1,15091983,108.85813515677408,flybrain,0,9783,163.19999046318512,1.499198844699568,0.4816346156348125,288.0,599.6199999999953,1.0,0.0,0.0,0.0,0.0,0.0,0.0,0.0,0,0.0,0.0,0,0.0,0.0,0.0,0.0,sampled_16_timesteps_max_2048_sources,converged,50.0,0.0,0.0,0.0,True,20,SpMV,CUSPARSE_SPMV_ALG_DEFAULT,,,torch_cuda_event_cudagraph_replay,gpu_execution,full_rsnn,device_adapted,independent_inference,sparse_only,"(256, 1, 138639)","(256, 1, 138639)",138639,138639,1,1,BN,spmspv_csc_dense_device,spmspv_csc_dense_device,none,False,False,True,0,torch.int64,torch.float32,torch.float32,dense_device,,,False,False,False,False,False,True,1.0,554556,325842920,325842920,0,0,False,unknown,unknown,unknown,unknown,unknown,,6.3928318;6.37955189;6.37811184;6.38015985;6.37820816;6.38012791;6.37811184;6.38022423;6.37811184;6.37804794;6.37769604;6.38220787;6.38220787;6.37811184;6.38220787;6.38012791;6.38015985;6.38015985;6.3801918;6.37814379,20,6.380235099792481,0.0033135021259914,6.3776960372924805,6.392831802368164,passed,0,0.0,0.0,0.0,0.0,0.0,0.0,0.0,138639,0,full_state,passed,,6.380127906799316,,,,,,,,,,,6.553247965747336
globalatomic_cudagraph,flybrain,NVIDIA GeForce RTX 5090,2.11.0+cu128,12.8,default,0.0003816247733734,,,,,,84156b34b4ba481b,0,138639,256,1,15091983,108.85813515677408,flybrain,0,9783,163.19999046318512,1.499198844699568,0.4816346156348125,288.0,599.6199999999953,1.0,0.0,0.0,0.0,0.0,0.0,0.0,0.0,0,0.0,0.0,0,0.0,0.0,0.0,0.0,sampled_16_timesteps_max_2048_sources,converged,50.0,0.0,0.0,0.0,True,20,SpMV,CUSPARSE_SPMV_ALG_DEFAULT,,,torch_cuda_event_cudagraph_replay,gpu_execution,full_rsnn,device_adapted,independent_inference,sparse_only,"(256, 1, 138639)","(256, 1, 138639)",138639,138639,1,1,BN,spmspv_csc_dense_device,spmspv_csc_dense_device,none,False,False,True,0,torch.int64,torch.float32,torch.float32,dense_device,,,False,False,False,False,False,True,1.0,554556,325842920,325842920,0,0,False,unknown,unknown,unknown,unknown,unknown,,11.3281918;11.3134079;11.3082876;11.3137922;11.3214722;11.3328638;11.3338556;11.3271999;11.3316164;11.3318396;11.32864;11.3240318;11.3230076;11.3281279;11.3260803;11.3291521;11.3281279;11.3271036;11.3260803;11.3281279,20,11.325550317764282,0.0067396498707174,11.308287620544434,11.333855628967283,passed,0,0.0,0.0,0.0,0.0,0.0,0.0,0.0,138639,0,full_state,passed,,11.327663898468018,,,,,,,,,,,3.691013487087572
vdha_cudagraph,flybrain,NVIDIA GeForce RTX 5090,2.11.0+cu128,12.8,default,0.0003816247733734,,,,,,84156b34b4ba481b,0,138639,256,1,15091983,108.85813515677408,flybrain,0,9783,163.19999046318512,1.499198844699568,0.4816346156348125,288.0,599.6199999999953,1.0,0.0,0.0,0.0,0.0,0.0,0.0,0.0,0,0.0,0.0,0,0.0,0.0,0.0,0.0,sampled_16_timesteps_max_2048_sources,converged,50.0,0.0,0.0,0.0,True,20,SpMV,CUSPARSE_SPMV_ALG_DEFAULT,,,torch_cuda_event_cudagraph_replay,gpu_execution,full_rsnn,device_adapted,independent_inference,sparse_only,"(256, 1, 138639)","(256, 1, 138639)",138639,138639,1,1,BN,spmspv_csc_dense_device,spmspv_csc_dense_device,none,False,False,True,0,torch.int64,torch.float32,torch.float32,dense_device,,,False,False,False,False,False,True,1.0,554556,325842920,325842920,0,0,False,unknown,unknown,unknown,unknown,unknown,,6.72416019;6.6562562;6.65254402;6.65267181;6.64995193;6.65094423;6.65043211;6.65251207;6.65049601;6.65052795;6.65593576;6.64694405;6.64982414;6.6520319;6.65254402;6.65052795;6.65254402;6.6515522;6.64847994;6.65049601,20,6.655068826675415,0.0164051682229386,6.646944046020508,6.724160194396973,passed,0,0.0,0.0,0.0,0.0,0.0,0.0,0.0,138639,0,full_state,passed,,6.651248216629028,,,,,,,,,,,6.286122373528073
persistent_spike_block,flybrain,NVIDIA GeForce RTX 5090,2.11.0+cu128,12.8,default,0.0003816247733734,,,,,,84156b34b4ba481b,0,138639,256,1,15091983,108.85813515677408,flybrain,0,9783,163.19999046318512,1.499198844699568,0.4816346156348125,288.0,599.6199999999953,1.0,0.0,0.0,0.0,0.0,0.0,0.0,0.0,0,0.0,0.0,0,0.0,0.0,0.0,0.0,sampled_16_timesteps_max_2048_sources,converged,50.0,0.0,0.0,0.0,True,20,SpMV,CUSPARSE_SPMV_ALG_DEFAULT,,,torch_cuda_event,gpu_execution,full_rsnn,device_native,independent_inference,full_fusion,"(256, 1, 138639)","(256, 1, 138639)",138639,138639,1,1,BN,event_csr,event_csr,dense_to_events_precomputed,False,True,True,0,torch.int32,torch.float32,torch.float32,windowed_events,,,False,False,False,False,False,False,1.0,3685120,122400564,122400564,0,0,False,unknown,unknown,unknown,unknown,unknown,,2.13270402;2.08073592;2.07849598;2.08323193;2.07872009;2.08166409;2.08076811;2.08019209;2.07878399;2.08076811;2.07881594;2.08432007;2.08076811;2.08422399;2.08070397;2.08422399;2.08076811;2.08220792;2.08076811;2.0848639,20,2.083886420726776,0.0116585802092647,2.078495979309082,2.132704019546509,passed,0,0.0,0.0,0.0,0.0,0.0,0.0,0.0,138639,0,full_state,passed,,2.08076810836792,,,,,,,20.09381057807308,,,,20.09381057807308
cusparse_direct_cudagraph,flybrain,NVIDIA GeForce RTX 5090,2.11.0+cu128,12.8,default,0.0003816247733734,,,,,,8253bed5efd6fe5c,0,138639,256,1,15091983,108.85813515677408,flybrain,0,9783,163.19999046318512,1.499198844699568,0.4816346156348125,288.0,599.6199999999953,1.0,0.0001,0.0001,9.999553697011664e-05,0.1,0.0999955369701166,13.86328125,14.0,14,1500.18359375,2374.0,4761,0.0186534475135465,0.0186534475135465,0.0247813042463172,1.009861932938856,sampled_16_timesteps_max_2048_sources,converged,1.5625,0.0001,9.999553731177002e-05,4.462688229982877e-09,True,20,SpMV,CUSPARSE_SPMV_ALG_DEFAULT,,,torch_cuda_event,gpu_execution,full_rsnn,device_native,independent_inference,sparse_only,"(256, 1, 138639)","(256, 1, 138639)",138639,138639,1,1,BN,csr_post_by_pre,csr_post_by_pre,none,False,False,True,0,torch.int32,torch.float32,torch.float32,dense,,,False,False,False,False,False,True,1.0,58960,406886764,406886764,0,0,False,unknown,unknown,unknown,unknown,unknown,,41.9440956;41.8832016;41.8975983;41.877121;41.877121;41.8504944;41.8484497;41.8423042;41.8320656;41.8525429;41.8341103;41.8627853;41.8627853;41.8648338;41.8545265;41.8443527;41.8525429;41.8545914;41.8464317;41.8740463,20,41.86280002593994,0.0254191504998135,41.83206558227539,41.944095611572266,passed,0,0.0,5.960464477539064e-08,1.862645149230957e-09,2.967920806895563e-07,3.697212491715618e-07,2.967920806895563e-07,3.697212491715618e-07,138639,0,full_state,passed,,41.85455894470215,,,,,,,1.0,,,,1.0
tilespmspv_cudagraph,flybrain,NVIDIA GeForce RTX 5090,2.11.0+cu128,12.8,default,0.0003816247733734,,,,,,8253bed5efd6fe5c,0,138639,256,1,15091983,108.85813515677408,flybrain,0,9783,163.19999046318512,1.499198844699568,0.4816346156348125,288.0,599.6199999999953,1.0,0.0001,0.0001,9.999553697011664e-05,0.1,0.0999955369701166,13.86328125,14.0,14,1500.18359375,2374.0,4761,0.0186534475135465,0.0186534475135465,0.0247813042463172,1.009861932938856,sampled_16_timesteps_max_2048_sources,converged,1.5625,0.0001,9.999553731177002e-05,4.462688229982877e-09,True,20,SpMV,CUSPARSE_SPMV_ALG_DEFAULT,,,torch_cuda_event_cudagraph_replay,gpu_execution,full_rsnn,device_adapted,independent_inference,sparse_only,"(256, 1, 138639)","(256, 1, 138639)",138639,138639,1,1,BN,spmspv_csc_dense_device,spmspv_csc_dense_device,none,False,False,True,0,torch.int64,torch.float32,torch.float32,dense_device,,,False,False,False,False,False,True,1.0,554556,325842920,325842920,0,0,False,unknown,unknown,unknown,unknown,unknown,,6.52307177;6.51299191;6.51254416;6.51340818;6.50707197;6.51350403;6.51046419;6.51488018;6.5112319;6.51372814;6.51260805;6.51331186;6.50713587;6.50713587;6.50915194;6.50921583;6.5112319;6.51532793;6.50921583;6.51228809,20,6.511975979804992,0.0036374268632386,6.507071971893311,6.523071765899658,passed,0,0.0,7.450580596923828e-09,0.0,3.7230325489190363e-08,0.0,3.7230325489190363e-08,0.0,138639,0,full_state,passed,,6.512416124343872,,,,,,,,,,,6.426886449753548
globalatomic_cudagraph,flybrain,NVIDIA GeForce RTX 5090,2.11.0+cu128,12.8,default,0.0003816247733734,,,,,,8253bed5efd6fe5c,0,138639,256,1,15091983,108.85813515677408,flybrain,0,9783,163.19999046318512,1.499198844699568,0.4816346156348125,288.0,599.6199999999953,1.0,0.0001,0.0001,9.999553697011664e-05,0.1,0.0999955369701166,13.86328125,14.0,14,1500.18359375,2374.0,4761,0.0186534475135465,0.0186534475135465,0.0247813042463172,1.009861932938856,sampled_16_timesteps_max_2048_sources,converged,1.5625,0.0001,9.999553731177002e-05,4.462688229982877e-09,True,20,SpMV,CUSPARSE_SPMV_ALG_DEFAULT,,,torch_cuda_event_cudagraph_replay,gpu_execution,full_rsnn,device_adapted,independent_inference,sparse_only,"(256, 1, 138639)","(256, 1, 138639)",138639,138639,1,1,BN,spmspv_csc_dense_device,spmspv_csc_dense_device,none,False,False,True,0,torch.int64,torch.float32,torch.float32,dense_device,,,False,False,False,False,False,True,1.0,554556,325842920,325842920,0,0,False,unknown,unknown,unknown,unknown,unknown,,11.3305922;11.3176317;11.3189116;11.3241596;11.3342075;11.3394556;11.3423996;11.3395519;11.3342724;11.3392639;11.3377924;11.3363523;11.3353281;11.3363199;11.3332481;11.3342724;11.3342724;11.3373442;11.3383999;11.3373756,20,11.334057569503784,0.0066199124611858,11.317631721496582,11.342399597167969,passed,0,0.0,7.450580596923828e-09,0.0,3.7230325489190363e-08,0.0,3.7230325489190363e-08,0.0,138639,0,full_state,passed,,11.335824012756348,,,,,,,,,,,3.692237890920208
vdha_cudagraph,flybrain,NVIDIA GeForce RTX 5090,2.11.0+cu128,12.8,default,0.0003816247733734,,,,,,8253bed5efd6fe5c,0,138639,256,1,15091983,108.85813515677408,flybrain,0,9783,163.19999046318512,1.499198844699568,0.4816346156348125,288.0,599.6199999999953,1.0,0.0001,0.0001,9.999553697011664e-05,0.1,0.0999955369701166,13.86328125,14.0,14,1500.18359375,2374.0,4761,0.0186534475135465,0.0186534475135465,0.0247813042463172,1.009861932938856,sampled_16_timesteps_max_2048_sources,converged,1.5625,0.0001,9.999553731177002e-05,4.462688229982877e-09,True,20,SpMV,CUSPARSE_SPMV_ALG_DEFAULT,,,torch_cuda_event_cudagraph_replay,gpu_execution,full_rsnn,device_adapted,independent_inference,sparse_only,"(256, 1, 138639)","(256, 1, 138639)",138639,138639,1,1,BN,spmspv_csc_dense_device,spmspv_csc_dense_device,none,False,False,True,0,torch.int64,torch.float32,torch.float32,dense_device,,,False,False,False,False,False,True,1.0,554556,325842920,325842920,0,0,False,unknown,unknown,unknown,unknown,unknown,,10.0848961;10.0743361;10.072608;10.0686722;10.0655041;10.0706558;10.0707836;10.0679045;10.0707521;10.0676804;10.0747843;10.0725756;10.062624;10.0658236;10.0757761;10.0706882;10.0686398;10.0706558;10.0645437;10.0676165,20,10.070376014709472,0.0048718732579255,10.062623977661133,10.084896087646484,passed,0,0.0,0.0,0.0,0.0,0.0,0.0,0.0,138639,0,full_state,passed,,10.070655822753906,,,,,,,,,,,4.156090693729682
persistent_spike_block,flybrain,NVIDIA GeForce RTX 5090,2.11.0+cu128,12.8,default,0.0003816247733734,,,,,,8253bed5efd6fe5c,0,138639,256,1,15091983,108.85813515677408,flybrain,0,9783,163.19999046318512,1.499198844699568,0.4816346156348125,288.0,599.6199999999953,1.0,0.0001,0.0001,9.999553697011664e-05,0.1,0.0999955369701166,13.86328125,14.0,14,1500.18359375,2374.0,4761,0.0186534475135465,0.0186534475135465,0.0247813042463172,1.009861932938856,sampled_16_timesteps_max_2048_sources,converged,1.5625,0.0001,9.999553731177002e-05,4.462688229982877e-09,True,20,SpMV,CUSPARSE_SPMV_ALG_DEFAULT,,,torch_cuda_event,gpu_execution,full_rsnn,device_native,independent_inference,full_fusion,"(256, 1, 138639)","(256, 1, 138639)",138639,138639,1,1,BN,event_csr,event_csr,dense_to_events_precomputed,False,True,True,0,torch.int32,torch.float32,torch.float32,windowed_events,,,False,False,False,False,False,False,1.0,3685120,122414760,122414760,0,0,False,unknown,unknown,unknown,unknown,unknown,,3.13107204;3.09401608;3.09356809;3.09203196;3.08940792;3.09430408;3.09158397;3.09363198;3.09350395;3.09545588;3.09360003;3.09961605;3.09756804;3.09113598;3.09366393;3.0995841;3.09344006;3.09814405;3.09247994;3.09552002,20,3.0961664080619813,0.0086453040639736,3.0894079208374023,3.1310720443725586,passed,0,0.0,5.960464477539064e-08,3.725290298461914e-09,2.967920806895563e-07,7.38692563118093e-07,2.967920806895563e-07,7.38692563118093e-07,138639,0,full_state,passed,,3.0936479568481445,,,,,,,13.529192567645676,,,,13.529192567645676
cusparse_direct_cudagraph,flybrain,NVIDIA GeForce RTX 5090,2.11.0+cu128,12.8,default,0.0003816247733734,,,,,,0e41e878f98a94c4,0,138639,256,1,15091983,108.85813515677408,flybrain,0,9783,163.19999046318512,1.499198844699568,0.4816346156348125,288.0,599.6199999999953,1.0,0.0002,0.0002,0.0001999910739402,0.2,0.1999910739402332,27.7265625,28.0,28,3023.03125,4383.0,7144,0.0323879419145279,0.0323879419145279,0.0160756853486569,1.009861932938856,sampled_16_timesteps_max_2048_sources,converged,1.5625,0.0002,0.0001999910746235,8.925376459965753e-09,True,20,SpMV,CUSPARSE_SPMV_ALG_DEFAULT,,,torch_cuda_event,gpu_execution,full_rsnn,device_native,independent_inference,sparse_only,"(256, 1, 138639)","(256, 1, 138639)",138639,138639,1,1,BN,csr_post_by_pre,csr_post_by_pre,none,False,False,True,0,torch.int32,torch.float32,torch.float32,dense,,,False,False,False,False,False,True,1.0,58960,406886764,406886764,0,0,False,unknown,unknown,unknown,unknown,unknown,,41.7723198;41.835968;41.8811836;41.8586578;41.8607368;41.8791695;41.8648338;41.8832626;41.8709755;41.8996811;41.873024;41.8791695;41.8504944;41.8607368;41.873024;41.8566399;41.8668785;41.8812141;41.8627853;41.8668785,20,41.86388168334961,0.0255502223436176,41.77231979370117,41.899681091308594,passed,0,0.0,5.960464477539064e-08,3.725290298461914e-09,2.970608079522208e-07,7.367522698586981e-07,2.970608079522208e-07,7.367522698586981e-07,138639,0,full_state,passed,,41.86687850952149,,,,,,,1.0,,,,1.0
tilespmspv_cudagraph,flybrain,NVIDIA GeForce RTX 5090,2.11.0+cu128,12.8,default,0.0003816247733734,,,,,,0e41e878f98a94c4,0,138639,256,1,15091983,108.85813515677408,flybrain,0,9783,163.19999046318512,1.499198844699568,0.4816346156348125,288.0,599.6199999999953,1.0,0.0002,0.0002,0.0001999910739402,0.2,0.1999910739402332,27.7265625,28.0,28,3023.03125,4383.0,7144,0.0323879419145279,0.0323879419145279,0.0160756853486569,1.009861932938856,sampled_16_timesteps_max_2048_sources,converged,1.5625,0.0002,0.0001999910746235,8.925376459965753e-09,True,20,SpMV,CUSPARSE_SPMV_ALG_DEFAULT,,,torch_cuda_event_cudagraph_replay,gpu_execution,full_rsnn,device_adapted,independent_inference,sparse_only,"(256, 1, 138639)","(256, 1, 138639)",138639,138639,1,1,BN,spmspv_csc_dense_device,spmspv_csc_dense_device,none,False,False,True,0,torch.int64,torch.float32,torch.float32,dense_device,,,False,False,False,False,False,True,1.0,554556,325842920,325842920,0,0,False,unknown,unknown,unknown,unknown,unknown,,6.599648;6.58038378;6.58444786;6.58652782;6.58505583;6.58297586;6.58697605;6.58806419;6.58438396;6.58319998;6.58623981;6.58294392;6.58499193;6.58492804;6.58185577;6.587008;6.58294392;6.58499193;6.58294392;6.58499193,20,6.58527512550354,0.0038808277734251,6.580383777618408,6.599647998809815,passed,0,0.0,5.960464477539064e-08,3.725290298461914e-09,2.9610595220219693e-07,7.311637091333978e-07,2.9610595220219693e-07,7.311637091333978e-07,138639,0,full_state,passed,,6.584959983825684,,,,,,,,,,,6.357954886947994
globalatomic_cudagraph,flybrain,NVIDIA GeForce RTX 5090,2.11.0+cu128,12.8,default,0.0003816247733734,,,,,,0e41e878f98a94c4,0,138639,256,1,15091983,108.85813515677408,flybrain,0,9783,163.19999046318512,1.499198844699568,0.4816346156348125,288.0,599.6199999999953,1.0,0.0002,0.0002,0.0001999910739402,0.2,0.1999910739402332,27.7265625,28.0,28,3023.03125,4383.0,7144,0.0323879419145279,0.0323879419145279,0.0160756853486569,1.009861932938856,sampled_16_timesteps_max_2048_sources,converged,1.5625,0.0002,0.0001999910746235,8.925376459965753e-09,True,20,SpMV,CUSPARSE_SPMV_ALG_DEFAULT,,,torch_cuda_event_cudagraph_replay,gpu_execution,full_rsnn,device_adapted,independent_inference,sparse_only,"(256, 1, 138639)","(256, 1, 138639)",138639,138639,1,1,BN,spmspv_csc_dense_device,spmspv_csc_dense_device,none,False,False,True,0,torch.int64,torch.float32,torch.float32,dense_device,,,False,False,False,False,False,True,1.0,554556,325842920,325842920,0,0,False,unknown,unknown,unknown,unknown,unknown,,11.3582077;11.3487682;11.3414717;11.3439035;11.343648;11.3418884;11.3420162;11.345088;11.3467197;11.3455677;11.339776;11.3465595;11.3455362;11.3404484;11.3455362;11.3424644;11.3465919;11.3434563;11.3424644;11.3475838,20,11.344884824752809,0.0039815030354399,11.339776039123535,11.35820770263672,passed,0,0.0,5.960464477539064e-08,3.725290298461914e-09,2.9610595220219693e-07,7.311637091333978e-07,2.9610595220219693e-07,7.311637091333978e-07,138639,0,full_state,passed,,11.34449577331543,,,,,,,,,,,3.690501486015882
vdha_cudagraph,flybrain,NVIDIA GeForce RTX 5090,2.11.0+cu128,12.8,default,0.0003816247733734,,,,,,0e41e878f98a94c4,0,138639,256,1,15091983,108.85813515677408,flybrain,0,9783,163.19999046318512,1.499198844699568,0.4816346156348125,288.0,599.6199999999953,1.0,0.0002,0.0002,0.0001999910739402,0.2,0.1999910739402332,27.7265625,28.0,28,3023.03125,4383.0,7144,0.0323879419145279,0.0323879419145279,0.0160756853486569,1.009861932938856,sampled_16_timesteps_max_2048_sources,converged,1.5625,0.0002,0.0001999910746235,8.925376459965753e-09,True,20,SpMV,CUSPARSE_SPMV_ALG_DEFAULT,,,torch_cuda_event_cudagraph_replay,gpu_execution,full_rsnn,device_adapted,independent_inference,sparse_only,"(256, 1, 138639)","(256, 1, 138639)",138639,138639,1,1,BN,spmspv_csc_dense_device,spmspv_csc_dense_device,none,False,False,True,0,torch.int64,torch.float32,torch.float32,dense_device,,,False,False,False,False,False,True,1.0,554556,325842920,325842920,0,0,False,unknown,unknown,unknown,unknown,unknown,,11.2752323;11.2525759;11.2533436;11.2482882;11.2544317;11.2472324;11.2482243;11.2559357;11.2528963;11.2524481;11.2543364;11.2513599;11.2564802;11.2568321;11.2544317;11.2503042;11.2575045;11.2482882;11.2482557;11.251296,20,11.253484869003296,0.0060158656745278,11.247232437133787,11.275232315063477,passed,0,0.0,5.960464477539064e-08,3.725290298461914e-09,2.9610595220219693e-07,7.311637091333978e-07,2.9610595220219693e-07,7.311637091333978e-07,138639,0,full_state,passed,,11.25273609161377,,,,,,,,,,,3.720595432849728
persistent_spike_block,flybrain,NVIDIA GeForce RTX 5090,2.11.0+cu128,12.8,default,0.0003816247733734,,,,,,0e41e878f98a94c4,0,138639,256,1,15091983,108.85813515677408,flybrain,0,9783,163.19999046318512,1.499198844699568,0.4816346156348125,288.0,599.6199999999953,1.0,0.0002,0.0002,0.0001999910739402,0.2,0.1999910739402332,27.7265625,28.0,28,3023.03125,4383.0,7144,0.0323879419145279,0.0323879419145279,0.0160756853486569,1.009861932938856,sampled_16_timesteps_max_2048_sources,converged,1.5625,0.0002,0.0001999910746235,8.925376459965753e-09,True,20,SpMV,CUSPARSE_SPMV_ALG_DEFAULT,,,torch_cuda_event,gpu_execution,full_rsnn,device_native,independent_inference,full_fusion,"(256, 1, 138639)","(256, 1, 138639)",138639,138639,1,1,BN,event_csr,event_csr,dense_to_events_precomputed,False,True,True,0,torch.int32,torch.float32,torch.float32,windowed_events,,,False,False,False,False,False,False,1.0,3685120,122428956,122428956,0,0,False,unknown,unknown,unknown,unknown,unknown,,3.40307212;3.34828806;3.35036802;3.35865593;3.35472012;3.35651207;3.35164809;3.35142398;3.35139203;3.35001612;3.34960008;3.35302401;3.35270405;3.35055995;3.35548806;3.35136008;3.34652805;3.35619211;3.35360003;3.35360003,20,3.354937648773193,0.0117060886155667,3.3465280532836914,3.4030721187591557,passed,0,0.0,5.960464477539064e-08,1.862645149230957e-09,2.965168448554323e-07,3.7047024648018123e-07,2.965168448554323e-07,3.7047024648018123e-07,138639,0,full_state,passed,,3.352176070213318,,,,,,,12.489462854156482,,,,12.489462854156482
cusparse_direct_cudagraph,flybrain,NVIDIA GeForce RTX 5090,2.11.0+cu128,12.8,default,0.0003816247733734,,,,,,0d7401c4485640d1,0,138639,256,1,15091983,108.85813515677408,flybrain,0,9783,163.19999046318512,1.499198844699568,0.4816346156348125,288.0,599.6199999999953,1.0,0.0005,0.0005,0.0004999776848505,0.5,0.4999776848505831,69.31640625,70.0,71,8233.4140625,15856.25,21042,0.0720620252481745,0.0720620252481745,0.0131707883452094,1.0242885319808397,sampled_16_timesteps_max_2048_sources,converged,1.0692596435546875,0.0005,0.0004999776720069,2.23279930651292e-08,True,20,SpMV,CUSPARSE_SPMV_ALG_DEFAULT,,,torch_cuda_event,gpu_execution,full_rsnn,device_native,independent_inference,sparse_only,"(256, 1, 138639)","(256, 1, 138639)",138639,138639,1,1,BN,csr_post_by_pre,csr_post_by_pre,none,False,False,True,0,torch.int32,torch.float32,torch.float32,dense,,,False,False,False,False,False,True,1.0,58960,406886764,406886764,0,0,False,unknown,unknown,unknown,unknown,unknown,,41.7524147;41.7457924;41.7378578;41.8177261;41.8545914;41.8525429;41.8627853;41.8566399;41.8607368;41.8484154;41.8423042;41.8464012;41.8423042;41.8504944;41.8382072;41.8474579;41.8341103;41.8832626;41.8443527;41.868927,20,41.83436622619629,0.0407110272268444,41.73785781860352,41.883262634277344,passed,0,0.0,2.384185791015625e-07,1.4901161193847656e-08,1.180840172310127e-06,2.8381905394780915e-06,1.180840172310127e-06,2.8381905394780915e-06,138639,0,full_state,passed,,41.8469295501709,,,,,,,1.0,,,,1.0
tilespmspv_cudagraph,flybrain,NVIDIA GeForce RTX 5090,2.11.0+cu128,12.8,default,0.0003816247733734,,,,,,0d7401c4485640d1,0,138639,256,1,15091983,108.85813515677408,flybrain,0,9783,163.19999046318512,1.499198844699568,0.4816346156348125,288.0,599.6199999999953,1.0,0.0005,0.0005,0.0004999776848505,0.5,0.4999776848505831,69.31640625,70.0,71,8233.4140625,15856.25,21042,0.0720620252481745,0.0720620252481745,0.0131707883452094,1.0242885319808397,sampled_16_timesteps_max_2048_sources,converged,1.0692596435546875,0.0005,0.0004999776720069,2.23279930651292e-08,True,20,SpMV,CUSPARSE_SPMV_ALG_DEFAULT,,,torch_cuda_event_cudagraph_replay,gpu_execution,full_rsnn,device_adapted,independent_inference,sparse_only,"(256, 1, 138639)","(256, 1, 138639)",138639,138639,1,1,BN,spmspv_csc_dense_device,spmspv_csc_dense_device,none,False,False,True,0,torch.int64,torch.float32,torch.float32,dense_device,,,False,False,False,False,False,True,1.0,554556,325842920,325842920,0,0,False,unknown,unknown,unknown,unknown,unknown,,6.62911987;6.61737585;6.61580801;6.62374401;6.61772823;6.62182379;6.62703991;6.61910391;6.61974382;6.61977577;6.61718416;6.61977577;6.62083197;6.61772823;6.6198082;6.61568022;6.61977577;6.61772823;6.61977577;6.61878395,20,6.619916772842407,0.0034008227722927,6.61568021774292,6.629119873046875,passed,0,0.0,5.960464477539064e-08,3.725290298461914e-09,2.95497443403292e-07,7.399612513836473e-07,2.95497443403292e-07,7.399612513836473e-07,138639,0,full_state,passed,,6.619759798049927,,,,,,,,,,,6.321517823425908
globalatomic_cudagraph,flybrain,NVIDIA GeForce RTX 5090,2.11.0+cu128,12.8,default,0.0003816247733734,,,,,,0d7401c4485640d1,0,138639,256,1,15091983,108.85813515677408,flybrain,0,9783,163.19999046318512,1.499198844699568,0.4816346156348125,288.0,599.6199999999953,1.0,0.0005,0.0005,0.0004999776848505,0.5,0.4999776848505831,69.31640625,70.0,71,8233.4140625,15856.25,21042,0.0720620252481745,0.0720620252481745,0.0131707883452094,1.0242885319808397,sampled_16_timesteps_max_2048_sources,converged,1.0692596435546875,0.0005,0.0004999776720069,2.23279930651292e-08,True,20,SpMV,CUSPARSE_SPMV_ALG_DEFAULT,,,torch_cuda_event_cudagraph_replay,gpu_execution,full_rsnn,device_adapted,independent_inference,sparse_only,"(256, 1, 138639)","(256, 1, 138639)",138639,138639,1,1,BN,spmspv_csc_dense_device,spmspv_csc_dense_device,none,False,False,True,0,torch.int64,torch.float32,torch.float32,dense_device,,,False,False,False,False,False,True,1.0,554556,325842920,325842920,0,0,False,unknown,unknown,unknown,unknown,unknown,,11.3902082;11.365984;11.3633919;11.3664322;11.3681917;11.3690557;11.3705282;11.3696642;11.367136;11.3701124;11.3685122;11.3701439;11.3670397;11.3711357;11.3660164;11.3711357;11.3680964;11.3711042;11.3711357;11.3680639,20,11.369654417037964,0.0052845668281163,11.363391876220703,11.39020824432373,passed,0,0.0,5.960464477539064e-08,3.725290298461914e-09,2.95497443403292e-07,7.399612513836473e-07,2.95497443403292e-07,7.399612513836473e-07,138639,0,full_state,passed,,11.368783950805664,,,,,,,,,,,3.680862415122715
vdha_cudagraph,flybrain,NVIDIA GeForce RTX 5090,2.11.0+cu128,12.8,default,0.0003816247733734,,,,,,0d7401c4485640d1,0,138639,256,1,15091983,108.85813515677408,flybrain,0,9783,163.19999046318512,1.499198844699568,0.4816346156348125,288.0,599.6199999999953,1.0,0.0005,0.0005,0.0004999776848505,0.5,0.4999776848505831,69.31640625,70.0,71,8233.4140625,15856.25,21042,0.0720620252481745,0.0720620252481745,0.0131707883452094,1.0242885319808397,sampled_16_timesteps_max_2048_sources,converged,1.0692596435546875,0.0005,0.0004999776720069,2.23279930651292e-08,True,20,SpMV,CUSPARSE_SPMV_ALG_DEFAULT,,,torch_cuda_event_cudagraph_replay,gpu_execution,full_rsnn,device_adapted,independent_inference,sparse_only,"(256, 1, 138639)","(256, 1, 138639)",138639,138639,1,1,BN,spmspv_csc_dense_device,spmspv_csc_dense_device,none,False,False,True,0,torch.int64,torch.float32,torch.float32,dense_device,,,False,False,False,False,False,True,1.0,554556,325842920,325842920,0,0,False,unknown,unknown,unknown,unknown,unknown,,11.6205759;11.6051197;11.6107836;11.6097918;11.6045761;11.6028795;11.6079359;11.6097279;11.6065922;11.6098881;11.6024637;11.6052485;11.6020164;11.6092157;11.600544;11.6056004;11.6015358;11.6148481;11.6036158;11.6107521,20,11.607185554504394,0.0049361813593575,11.600543975830078,11.620575904846191,passed,0,0.0,5.960464477539064e-08,7.450580596923828e-09,2.95497443403292e-07,1.4565770243279983e-06,2.95497443403292e-07,1.4565770243279983e-06,138639,0,full_state,passed,,11.606096267700195,,,,,,,,,,,3.605599039069755
persistent_spike_block,flybrain,NVIDIA GeForce RTX 5090,2.11.0+cu128,12.8,default,0.0003816247733734,,,,,,0d7401c4485640d1,0,138639,256,1,15091983,108.85813515677408,flybrain,0,9783,163.19999046318512,1.499198844699568,0.4816346156348125,288.0,599.6199999999953,1.0,0.0005,0.0005,0.0004999776848505,0.5,0.4999776848505831,69.31640625,70.0,71,8233.4140625,15856.25,21042,0.0720620252481745,0.0720620252481745,0.0131707883452094,1.0242885319808397,sampled_16_timesteps_max_2048_sources,converged,1.0692596435546875,0.0005,0.0004999776720069,2.23279930651292e-08,True,20,SpMV,CUSPARSE_SPMV_ALG_DEFAULT,,,torch_cuda_event,gpu_execution,full_rsnn,device_native,independent_inference,full_fusion,"(256, 1, 138639)","(256, 1, 138639)",138639,138639,1,1,BN,event_csr,event_csr,dense_to_events_precomputed,False,True,True,0,torch.int32,torch.float32,torch.float32,windowed_events,,,False,False,False,False,False,False,1.0,3685120,122471548,122471548,0,0,False,unknown,unknown,unknown,unknown,unknown,,3.84915209;3.80924797;3.80569601;3.8082881;3.80300808;3.8072319;3.81123209;3.802176;3.80784011;3.80624008;3.8101759;3.80409598;3.80511999;3.81238389;3.80979204;3.81231999;3.8122561;3.81132793;3.8072319;3.80927992,20,3.810204803943634,0.0096708942543489,3.802175998687744,3.849152088165283,passed,0,0.0,1.788139343261719e-07,2.9802322387695312e-08,8.854959219206648e-07,5.676381078956183e-06,8.854959219206648e-07,5.676381078956183e-06,138639,0,full_state,passed,,3.8087680339813232,,,,,,,10.986998729462687,,,,10.986998729462687
cusparse_direct_cudagraph,flybrain,NVIDIA GeForce RTX 5090,2.11.0+cu128,12.8,default,0.0003816247733734,,,,,,9e8c84a2283cdb8c,0,138639,256,1,15091983,108.85813515677408,flybrain,0,9783,163.19999046318512,1.499198844699568,0.4816346156348125,288.0,599.6199999999953,1.0,0.001,0.001,0.0009999835453948,1.0,0.9999835453948746,138.63671875,141.0,142,17780.0625,28303.5,33592,0.1240171796037687,0.1240171796037687,0.0193758360627955,1.0242596714660055,sampled_16_timesteps_max_2048_sources,converged,1.030731201171875,0.001,0.0009999835165217,1.648347824814017e-08,True,20,SpMV,CUSPARSE_SPMV_ALG_DEFAULT,,,torch_cuda_event,gpu_execution,full_rsnn,device_native,independent_inference,sparse_only,"(256, 1, 138639)","(256, 1, 138639)",138639,138639,1,1,BN,csr_post_by_pre,csr_post_by_pre,none,False,False,True,0,torch.int32,torch.float32,torch.float32,dense,,,False,False,False,False,False,True,1.0,58960,406886764,406886764,0,0,False,unknown,unknown,unknown,unknown,unknown,,41.862751;41.8317108;41.8382072;41.8484802;41.8259201;41.8484497;41.8423042;41.8300171;41.8382072;41.8381767;41.8525429;41.8402557;41.8320656;41.8320656;41.8402557;41.8586884;41.8668785;41.8576622;41.8853111;41.8320656,20,41.84510078430176,0.0150530889813559,41.82592010498047,41.88531112670898,passed,0,0.0,4.76837158203125e-07,1.4901161193847656e-08,2.262169118694146e-06,2.891119038395118e-06,2.262169118694146e-06,2.891119038395118e-06,138639,0,full_state,passed,,41.84025573730469,,,,,,,1.0,,,,1.0
tilespmspv_cudagraph,flybrain,NVIDIA GeForce RTX 5090,2.11.0+cu128,12.8,default,0.0003816247733734,,,,,,9e8c84a2283cdb8c,0,138639,256,1,15091983,108.85813515677408,flybrain,0,9783,163.19999046318512,1.499198844699568,0.4816346156348125,288.0,599.6199999999953,1.0,0.001,0.001,0.0009999835453948,1.0,0.9999835453948746,138.63671875,141.0,142,17780.0625,28303.5,33592,0.1240171796037687,0.1240171796037687,0.0193758360627955,1.0242596714660055,sampled_16_timesteps_max_2048_sources,converged,1.030731201171875,0.001,0.0009999835165217,1.648347824814017e-08,True,20,SpMV,CUSPARSE_SPMV_ALG_DEFAULT,,,torch_cuda_event_cudagraph_replay,gpu_execution,full_rsnn,device_adapted,independent_inference,sparse_only,"(256, 1, 138639)","(256, 1, 138639)",138639,138639,1,1,BN,spmspv_csc_dense_device,spmspv_csc_dense_device,none,False,False,True,0,torch.int64,torch.float32,torch.float32,dense_device,,,False,False,False,False,False,True,1.0,554556,325842920,325842920,0,0,False,unknown,unknown,unknown,unknown,unknown,,6.64601612;6.63388777;6.64172792;6.6403842;6.63411188;6.63801622;6.63497591;6.63619184;6.63206387;6.63622379;6.63769579;6.63820791;6.63718414;6.6361599;6.6361599;6.63823986;6.64028788;6.64028788;6.64128017;6.63823986,20,6.637867140769958,0.0032055792380544,6.632063865661621,6.6460161209106445,passed,0,0.0,1.1920928955078125e-07,1.4901161193847656e-08,5.958536348771304e-07,2.801215032377513e-06,5.958536348771304e-07,2.801215032377513e-06,138639,0,full_state,passed,,6.6378560066223145,,,,,,,,,,,6.3032786031457135
globalatomic_cudagraph,flybrain,NVIDIA GeForce RTX 5090,2.11.0+cu128,12.8,default,0.0003816247733734,,,,,,9e8c84a2283cdb8c,0,138639,256,1,15091983,108.85813515677408,flybrain,0,9783,163.19999046318512,1.499198844699568,0.4816346156348125,288.0,599.6199999999953,1.0,0.001,0.001,0.0009999835453948,1.0,0.9999835453948746,138.63671875,141.0,142,17780.0625,28303.5,33592,0.1240171796037687,0.1240171796037687,0.0193758360627955,1.0242596714660055,sampled_16_timesteps_max_2048_sources,converged,1.030731201171875,0.001,0.0009999835165217,1.648347824814017e-08,True,20,SpMV,CUSPARSE_SPMV_ALG_DEFAULT,,,torch_cuda_event_cudagraph_replay,gpu_execution,full_rsnn,device_adapted,independent_inference,sparse_only,"(256, 1, 138639)","(256, 1, 138639)",138639,138639,1,1,BN,spmspv_csc_dense_device,spmspv_csc_dense_device,none,False,False,True,0,torch.int64,torch.float32,torch.float32,dense_device,,,False,False,False,False,False,True,1.0,554556,325842920,325842920,0,0,False,unknown,unknown,unknown,unknown,unknown,,11.3240643;11.3155203;11.312768;11.3132801;11.3216;11.331296;11.3342724;11.333312;11.3317118;11.3358078;11.3367996;11.3383684;11.3332481;11.3343039;11.3342724;11.3352957;11.3322563;11.3311996;11.3363199;11.3342724,20,11.329998445510864,0.0079995962506764,11.31276798248291,11.33836841583252,passed,0,0.0,1.1920928955078125e-07,1.4901161193847656e-08,5.958536348771304e-07,2.801215032377513e-06,5.958536348771304e-07,2.801215032377513e-06,138639,0,full_state,passed,,11.333280086517334,,,,,,,,,,,3.691804615954039
vdha_cudagraph,flybrain,NVIDIA GeForce RTX 5090,2.11.0+cu128,12.8,default,0.0003816247733734,,,,,,9e8c84a2283cdb8c,0,138639,256,1,15091983,108.85813515677408,flybrain,0,9783,163.19999046318512,1.499198844699568,0.4816346156348125,288.0,599.6199999999953,1.0,0.001,0.001,0.0009999835453948,1.0,0.9999835453948746,138.63671875,141.0,142,17780.0625,28303.5,33592,0.1240171796037687,0.1240171796037687,0.0193758360627955,1.0242596714660055,sampled_16_timesteps_max_2048_sources,converged,1.030731201171875,0.001,0.0009999835165217,1.648347824814017e-08,True,20,SpMV,CUSPARSE_SPMV_ALG_DEFAULT,,,torch_cuda_event_cudagraph_replay,gpu_execution,full_rsnn,device_adapted,independent_inference,sparse_only,"(256, 1, 138639)","(256, 1, 138639)",138639,138639,1,1,BN,spmspv_csc_dense_device,spmspv_csc_dense_device,none,False,False,True,0,torch.int64,torch.float32,torch.float32,dense_device,,,False,False,False,False,False,True,1.0,554556,325842920,325842920,0,0,False,unknown,unknown,unknown,unknown,unknown,,10.4572163;10.4335356;10.4408321;10.4365759;10.4366398;10.4388475;10.4347525;10.4348478;10.4369278;10.4388161;10.4409285;10.4373436;10.4326715;10.43888;10.4351997;10.4392958;10.4372797;10.4392958;10.4393282;10.4352322,20,10.438222312927246,0.0050390061635683,10.432671546936035,10.457216262817385,passed,0,0.0,2.384185791015625e-07,1.4901161193847656e-08,1.1861055781992036e-06,2.801215032377513e-06,1.1861055781992036e-06,2.801215032377513e-06,138639,0,full_state,passed,,10.43731164932251,,,,,,,,,,,4.00871959591439
persistent_spike_block,flybrain,NVIDIA GeForce RTX 5090,2.11.0+cu128,12.8,default,0.0003816247733734,,,,,,9e8c84a2283cdb8c,0,138639,256,1,15091983,108.85813515677408,flybrain,0,9783,163.19999046318512,1.499198844699568,0.4816346156348125,288.0,599.6199999999953,1.0,0.001,0.001,0.0009999835453948,1.0,0.9999835453948746,138.63671875,141.0,142,17780.0625,28303.5,33592,0.1240171796037687,0.1240171796037687,0.0193758360627955,1.0242596714660055,sampled_16_timesteps_max_2048_sources,converged,1.030731201171875,0.001,0.0009999835165217,1.648347824814017e-08,True,20,SpMV,CUSPARSE_SPMV_ALG_DEFAULT,,,torch_cuda_event,gpu_execution,full_rsnn,device_native,independent_inference,full_fusion,"(256, 1, 138639)","(256, 1, 138639)",138639,138639,1,1,BN,event_csr,event_csr,dense_to_events_precomputed,False,True,True,0,torch.int32,torch.float32,torch.float32,windowed_events,,,False,False,False,False,False,False,1.0,3685120,122542532,122542532,0,0,False,unknown,unknown,unknown,unknown,unknown,,3.323488;3.28265595;3.2787199;3.2797761;3.28134394;3.28396797;3.28848004;3.27993608;3.28131199;3.28502393;3.2869761;3.28496003;3.28467202;3.28707194;3.2869761;3.28803205;3.289536;3.28598404;3.28908801;3.288064,20,3.286803209781646,0.0092433613409457,3.278719902038574,3.3234879970550537,passed,0,0.0,3.5762786865234375e-07,3.725290298461914e-08,1.7691337461656076e-06,7.112297225830844e-06,1.7691337461656076e-06,7.112297225830844e-06,138639,0,full_state,passed,,3.28550398349762,,,,,,,12.73480596811305,,,,12.73480596811305
cusparse_direct_cudagraph,flybrain,NVIDIA GeForce RTX 5090,2.11.0+cu128,12.8,default,0.0003816247733734,,,,,,006be97930dca9f1,0,138639,256,1,15091983,108.85813515677408,flybrain,0,9783,163.19999046318512,1.499198844699568,0.4816346156348125,288.0,599.6199999999953,1.0,0.002,0.002,0.0019999952664834,2.0,1.9999952664834568,277.27734375,281.0,284,37727.85546875,50601.25,65821,0.2089854349921442,0.2089854349921441,0.0086048121816023,1.0242452418184635,sampled_16_timesteps_max_2048_sources,converged,1.2488365173339844,0.002,0.0019999952055513,4.794448614162117e-09,True,20,SpMV,CUSPARSE_SPMV_ALG_DEFAULT,,,torch_cuda_event,gpu_execution,full_rsnn,device_native,independent_inference,sparse_only,"(256, 1, 138639)","(256, 1, 138639)",138639,138639,1,1,BN,csr_post_by_pre,csr_post_by_pre,none,False,False,True,0,torch.int32,torch.float32,torch.float32,dense,,,False,False,False,False,False,True,1.0,58960,406886764,406886764,0,0,False,unknown,unknown,unknown,unknown,unknown,,41.8505592;41.8441925;41.8484497;41.8525429;41.870945;41.8361931;41.8422737;41.8648338;41.8545914;41.8709755;41.8361588;41.8545914;41.8423347;41.8750725;41.8586884;41.8504944;41.8545914;41.8525429;41.8556175;41.8505287,20,41.853308868408206,0.0108317547697401,41.836158752441406,41.87507247924805,passed,0,0.0,4.76837158203125e-07,5.960464477539064e-08,2.362359282415128e-06,1.005518060992472e-05,2.362359282415128e-06,1.005518060992472e-05,138639,0,full_state,passed,,41.85254287719727,,,,,,,1.0,,,,1.0
tilespmspv_cudagraph,flybrain,NVIDIA GeForce RTX 5090,2.11.0+cu128,12.8,default,0.0003816247733734,,,,,,006be97930dca9f1,0,138639,256,1,15091983,108.85813515677408,flybrain,0,9783,163.19999046318512,1.499198844699568,0.4816346156348125,288.0,599.6199999999953,1.0,0.002,0.002,0.0019999952664834,2.0,1.9999952664834568,277.27734375,281.0,284,37727.85546875,50601.25,65821,0.2089854349921442,0.2089854349921441,0.0086048121816023,1.0242452418184635,sampled_16_timesteps_max_2048_sources,converged,1.2488365173339844,0.002,0.0019999952055513,4.794448614162117e-09,True,20,SpMV,CUSPARSE_SPMV_ALG_DEFAULT,,,torch_cuda_event_cudagraph_replay,gpu_execution,full_rsnn,device_adapted,independent_inference,sparse_only,"(256, 1, 138639)","(256, 1, 138639)",138639,138639,1,1,BN,spmspv_csc_dense_device,spmspv_csc_dense_device,none,False,False,True,0,torch.int64,torch.float32,torch.float32,dense_device,,,False,False,False,False,False,True,1.0,554556,325842920,325842920,0,0,False,unknown,unknown,unknown,unknown,unknown,,7.23667192;7.21967983;7.22083187;7.2152319;7.22092819;7.21814394;7.22051191;7.22806406;7.2152319;7.22710419;7.21929598;7.21680021;7.22803211;7.21878386;7.22192001;7.21676779;7.22192001;7.21782398;7.22700787;7.213696,20,7.221222376823425,0.0056313691538576,7.213696002960205,7.236671924591064,passed,0,0.0,9.5367431640625e-07,5.960464477539064e-08,4.375310709292535e-06,1.0218464012723416e-05,4.375310709292535e-06,1.0218464012723416e-05,138639,0,full_state,passed,,7.220095872879028,,,,,,,,,,,5.796674118194012
globalatomic_cudagraph,flybrain,NVIDIA GeForce RTX 5090,2.11.0+cu128,12.8,default,0.0003816247733734,,,,,,006be97930dca9f1,0,138639,256,1,15091983,108.85813515677408,flybrain,0,9783,163.19999046318512,1.499198844699568,0.4816346156348125,288.0,599.6199999999953,1.0,0.002,0.002,0.0019999952664834,2.0,1.9999952664834568,277.27734375,281.0,284,37727.85546875,50601.25,65821,0.2089854349921442,0.2089854349921441,0.0086048121816023,1.0242452418184635,sampled_16_timesteps_max_2048_sources,converged,1.2488365173339844,0.002,0.0019999952055513,4.794448614162117e-09,True,20,SpMV,CUSPARSE_SPMV_ALG_DEFAULT,,,torch_cuda_event_cudagraph_replay,gpu_execution,full_rsnn,device_adapted,independent_inference,sparse_only,"(256, 1, 138639)","(256, 1, 138639)",138639,138639,1,1,BN,spmspv_csc_dense_device,spmspv_csc_dense_device,none,False,False,True,0,torch.int64,torch.float32,torch.float32,dense_device,,,False,False,False,False,False,True,1.0,554556,325842920,325842920,0,0,False,unknown,unknown,unknown,unknown,unknown,,11.4013119;11.364192;11.3640957;11.3665276;11.3676796;11.3671684;11.3649921;11.3675518;11.369216;11.3619204;11.36656;11.3649921;11.3618879;11.3670721;11.3639679;11.3629436;11.3680325;11.3670397;11.3649921;11.3721924,20,11.367716789245604,0.0082945212495269,11.36188793182373,11.401311874389648,passed,0,0.0,9.5367431640625e-07,5.960464477539064e-08,4.375310709292535e-06,1.005518060992472e-05,4.375310709292535e-06,1.005518060992472e-05,138639,0,full_state,passed,,11.366543769836426,,,,,,,,,,,3.682081706161376
vdha_cudagraph,flybrain,NVIDIA GeForce RTX 5090,2.11.0+cu128,12.8,default,0.0003816247733734,,,,,,006be97930dca9f1,0,138639,256,1,15091983,108.85813515677408,flybrain,0,9783,163.19999046318512,1.499198844699568,0.4816346156348125,288.0,599.6199999999953,1.0,0.002,0.002,0.0019999952664834,2.0,1.9999952664834568,277.27734375,281.0,284,37727.85546875,50601.25,65821,0.2089854349921442,0.2089854349921441,0.0086048121816023,1.0242452418184635,sampled_16_timesteps_max_2048_sources,converged,1.2488365173339844,0.002,0.0019999952055513,4.794448614162117e-09,True,20,SpMV,CUSPARSE_SPMV_ALG_DEFAULT,,,torch_cuda_event_cudagraph_replay,gpu_execution,full_rsnn,device_adapted,independent_inference,sparse_only,"(256, 1, 138639)","(256, 1, 138639)",138639,138639,1,1,BN,spmspv_csc_dense_device,spmspv_csc_dense_device,none,False,False,True,0,torch.int64,torch.float32,torch.float32,dense_device,,,False,False,False,False,False,True,1.0,554556,325842920,325842920,0,0,False,unknown,unknown,unknown,unknown,unknown,,12.2412157;12.2282238;12.2302399;12.2241917;12.2262077;12.2271357;12.2281599;12.2281923;12.2318077;12.2215996;12.2283201;12.2272644;12.2323523;12.2236156;12.2261763;12.2221117;12.2302723;12.2292805;12.2262077;12.2281923,20,12.228038358688355,0.0042335772390626,12.221599578857422,12.241215705871582,passed,0,0.0,4.76837158203125e-07,5.960464477539064e-08,2.3241452709044097e-06,1.0218464012723416e-05,2.3241452709044097e-06,1.0218464012723416e-05,138639,0,full_state,passed,,12.22817611694336,,,,,,,,,,,3.422631672699446
persistent_spike_block,flybrain,NVIDIA GeForce RTX 5090,2.11.0+cu128,12.8,default,0.0003816247733734,,,,,,006be97930dca9f1,0,138639,256,1,15091983,108.85813515677408,flybrain,0,9783,163.19999046318512,1.499198844699568,0.4816346156348125,288.0,599.6199999999953,1.0,0.002,0.002,0.0019999952664834,2.0,1.9999952664834568,277.27734375,281.0,284,37727.85546875,50601.25,65821,0.2089854349921442,0.2089854349921441,0.0086048121816023,1.0242452418184635,sampled_16_timesteps_max_2048_sources,converged,1.2488365173339844,0.002,0.0019999952055513,4.794448614162117e-09,True,20,SpMV,CUSPARSE_SPMV_ALG_DEFAULT,,,torch_cuda_event,gpu_execution,full_rsnn,device_native,independent_inference,full_fusion,"(256, 1, 138639)","(256, 1, 138639)",138639,138639,1,1,BN,event_csr,event_csr,dense_to_events_precomputed,False,True,True,0,torch.int32,torch.float32,torch.float32,windowed_events,,,False,False,False,False,False,False,1.0,3685120,122684496,122684496,0,0,False,unknown,unknown,unknown,unknown,unknown,,4.66847992;4.61788797;4.61100817;4.60995197;4.62761593;4.61913586;4.61520004;4.61808014;4.62128019;4.61971188;4.61920023;4.62579203;4.62336016;4.61913586;4.62230396;4.61817598;4.623456;4.62271976;4.62336016;4.61619186,20,4.622102403640747,0.0117772463651203,4.609951972961426,4.668479919433594,passed,0,0.0,9.5367431640625e-07,8.940696716308595e-08,4.599428848450771e-06,1.51436233863933e-05,4.599428848450771e-06,1.51436233863933e-05,138639,0,full_state,passed,,4.619456052780151,,,,,,,9.060058673360238,,,,9.060058673360238
cusparse_direct_cudagraph,flybrain,NVIDIA GeForce RTX 5090,2.11.0+cu128,12.8,default,0.0003816247733734,,,,,,b56f3864c9286da7,0,138639,256,1,15091983,108.85813515677408,flybrain,0,9783,163.19999046318512,1.499198844699568,0.4816346156348125,288.0,599.6199999999953,1.0,0.005,0.005,0.0059777833528083,5.0,5.977783352808373,828.75390625,1225.0,1282,228040.59765625,361441.5,372938,0.6399070326834286,0.6399070326834287,0.5113045765018135,1.5469007027681807,sampled_16_timesteps_max_2048_sources,best_effort,1.0000228881835938,0.005,0.0059777833521366,0.0009777833521366,True,20,SpMV,CUSPARSE_SPMV_ALG_DEFAULT,,,torch_cuda_event,gpu_execution,full_rsnn,device_native,independent_inference,sparse_only,"(256, 1, 138639)","(256, 1, 138639)",138639,138639,1,1,BN,csr_post_by_pre,csr_post_by_pre,none,False,False,True,0,torch.int32,torch.float32,torch.float32,dense,,,False,False,False,False,False,True,1.0,58960,406886764,406886764,0,0,False,unknown,unknown,unknown,unknown,unknown,,41.8958397;41.8831367;41.873024;41.8525772;41.8381767;41.8341446;41.877121;41.8668785;41.8382072;41.8648338;41.8504639;41.815712;41.815712;41.8177261;41.8300476;41.8197746;41.8218231;41.8269424;41.8259506;41.8300171,20,41.84390544891357,0.0248913698292392,41.815711975097656,41.89583969116211,passed,0,0.0,3.0517578125e-05,9.5367431640625e-07,5.633840555674397e-05,6.100666359998286e-05,5.633840555674397e-05,6.100666359998286e-05,138639,0,full_state,passed,,41.83616065979004,,,,,,,1.0,,,,1.0
tilespmspv_cudagraph,flybrain,NVIDIA GeForce RTX 5090,2.11.0+cu128,12.8,default,0.0003816247733734,,,,,,b56f3864c9286da7,0,138639,256,1,15091983,108.85813515677408,flybrain,0,9783,163.19999046318512,1.499198844699568,0.4816346156348125,288.0,599.6199999999953,1.0,0.005,0.005,0.0059777833528083,5.0,5.977783352808373,828.75390625,1225.0,1282,228040.59765625,361441.5,372938,0.6399070326834286,0.6399070326834287,0.5113045765018135,1.5469007027681807,sampled_16_timesteps_max_2048_sources,best_effort,1.0000228881835938,0.005,0.0059777833521366,0.0009777833521366,True,20,SpMV,CUSPARSE_SPMV_ALG_DEFAULT,,,torch_cuda_event_cudagraph_replay,gpu_execution,full_rsnn,device_adapted,independent_inference,sparse_only,"(256, 1, 138639)","(256, 1, 138639)",138639,138639,1,1,BN,spmspv_csc_dense_device,spmspv_csc_dense_device,none,False,False,True,0,torch.int64,torch.float32,torch.float32,dense_device,,,False,False,False,False,False,True,1.0,554556,325842920,325842920,0,0,False,unknown,unknown,unknown,unknown,unknown,,7.58675194;7.19516802;7.18403196;7.19119978;7.19164801;7.18716812;7.19731188;7.18809605;7.19065619;7.1903038;7.18652821;7.19424009;7.18908787;7.18911982;7.19833612;7.1870718;7.18812799;7.1870718;7.19017601;7.18915176,20,7.210062360763549,0.0887387588487685,7.184031963348389,7.586751937866211,passed,0,0.0,5.340576171875e-05,3.337860107421875e-06,0.0001381109468638,0.0002041220286628,0.0001381109468638,0.0002041220286628,138639,0,full_state,passed,,7.189663887023926,,,,,,,,,,,5.818931359962032
globalatomic_cudagraph,flybrain,NVIDIA GeForce RTX 5090,2.11.0+cu128,12.8,default,0.0003816247733734,,,,,,b56f3864c9286da7,0,138639,256,1,15091983,108.85813515677408,flybrain,0,9783,163.19999046318512,1.499198844699568,0.4816346156348125,288.0,599.6199999999953,1.0,0.005,0.005,0.0059777833528083,5.0,5.977783352808373,828.75390625,1225.0,1282,228040.59765625,361441.5,372938,0.6399070326834286,0.6399070326834287,0.5113045765018135,1.5469007027681807,sampled_16_timesteps_max_2048_sources,best_effort,1.0000228881835938,0.005,0.0059777833521366,0.0009777833521366,True,20,SpMV,CUSPARSE_SPMV_ALG_DEFAULT,,,torch_cuda_event_cudagraph_replay,gpu_execution,full_rsnn,device_adapted,independent_inference,sparse_only,"(256, 1, 138639)","(256, 1, 138639)",138639,138639,1,1,BN,spmspv_csc_dense_device,spmspv_csc_dense_device,none,False,False,True,0,torch.int64,torch.float32,torch.float32,dense_device,,,False,False,False,False,False,True,1.0,554556,325842920,325842920,0,0,False,unknown,unknown,unknown,unknown,unknown,,11.3722878;11.3648319;11.363328;11.3604803;11.3696318;11.3646078;11.365056;11.3675518;11.3650236;11.3634243;11.3646078;11.3650236;11.3640003;11.3629436;11.3619518;11.3670721;11.3619518;11.3629436;11.3649921;11.3619204,20,11.36468152999878,0.0027806770673669,11.360480308532717,11.37228775024414,passed,0,0.0,6.103515625e-05,3.337860107421875e-06,0.0001578410738147,0.0002041220286628,0.0001578410738147,0.0002041220286628,138639,0,full_state,passed,,11.36460781097412,,,,,,,,,,,3.6812674362058817
vdha_cudagraph,flybrain,NVIDIA GeForce RTX 5090,2.11.0+cu128,12.8,default,0.0003816247733734,,,,,,b56f3864c9286da7,0,138639,256,1,15091983,108.85813515677408,flybrain,0,9783,163.19999046318512,1.499198844699568,0.4816346156348125,288.0,599.6199999999953,1.0,0.005,0.005,0.0059777833528083,5.0,5.977783352808373,828.75390625,1225.0,1282,228040.59765625,361441.5,372938,0.6399070326834286,0.6399070326834287,0.5113045765018135,1.5469007027681807,sampled_16_timesteps_max_2048_sources,best_effort,1.0000228881835938,0.005,0.0059777833521366,0.0009777833521366,True,20,SpMV,CUSPARSE_SPMV_ALG_DEFAULT,,,torch_cuda_event_cudagraph_replay,gpu_execution,full_rsnn,device_adapted,independent_inference,sparse_only,"(256, 1, 138639)","(256, 1, 138639)",138639,138639,1,1,BN,spmspv_csc_dense_device,spmspv_csc_dense_device,none,False,False,True,0,torch.int64,torch.float32,torch.float32,dense_device,,,False,False,False,False,False,True,1.0,554556,325842920,325842920,0,0,False,unknown,unknown,unknown,unknown,unknown,,13.3616323;13.3343039;13.3330564;13.3321276;13.341856;13.3388157;13.3424959;13.3361921;13.3372478;13.3361921;13.342432;13.3370876;13.3340797;13.3357439;13.3352003;13.3403196;13.3331203;13.3361921;13.3382721;13.3351679,20,13.338076782226562,0.0063375751775125,13.332127571105955,13.361632347106934,passed,0,0.0,3.0517578125e-05,1.430511474609375e-06,8.000381058081985e-05,0.0001063321396941,8.000381058081985e-05,0.0001063321396941,138639,0,full_state,passed,,13.33619213104248,,,,,,,,,,,3.137039437397468
persistent_spike_block,flybrain,NVIDIA GeForce RTX 5090,2.11.0+cu128,12.8,default,0.0003816247733734,,,,,,b56f3864c9286da7,0,138639,256,1,15091983,108.85813515677408,flybrain,0,9783,163.19999046318512,1.499198844699568,0.4816346156348125,288.0,599.6199999999953,1.0,0.005,0.005,0.0059777833528083,5.0,5.977783352808373,828.75390625,1225.0,1282,228040.59765625,361441.5,372938,0.6399070326834286,0.6399070326834287,0.5113045765018135,1.5469007027681807,sampled_16_timesteps_max_2048_sources,best_effort,1.0000228881835938,0.005,0.0059777833521366,0.0009777833521366,True,20,SpMV,CUSPARSE_SPMV_ALG_DEFAULT,,,torch_cuda_event,gpu_execution,full_rsnn,device_native,independent_inference,full_fusion,"(256, 1, 138639)","(256, 1, 138639)",138639,138639,1,1,BN,event_csr,event_csr,dense_to_events_precomputed,False,True,True,0,torch.int32,torch.float32,torch.float32,windowed_events,,,False,False,False,False,False,False,1.0,3685120,123110396,123110396,0,0,False,unknown,unknown,unknown,unknown,unknown,,5.30515194;5.01142406;5.26483202;5.00224018;5.27603197;5.00019217;5.27347183;5.01033592;5.27040005;5.0145278;5.27651215;5.01030397;5.26988792;5.00534391;5.26275206;5.00537586;5.25708818;5.01145601;5.27564812;5.0042882,20,5.1403632164001465,0.1365927029368863,5.000192165374756,5.30515193939209,passed_causal_masked_state,24,6.762166489948716e-07,0.0554479360580444,0.0003716349601745,0.2750240266323089,0.0682433173060417,0.0014929677126929,0.0018881576834246,138094,545,causal_masked_state,passed_causal_masked_state,,5.135807991027832,,,,,,,8.145974447034837,,,,8.145974447034837
cusparse_direct_cudagraph,flybrain,NVIDIA GeForce RTX 5090,2.11.0+cu128,12.8,default,0.0003816247733734,,,,,,f14d854b58dc2801,0,138639,256,1,15091983,108.85813515677408,flybrain,0,9783,163.19999046318512,1.499198844699568,0.4816346156348125,288.0,599.6199999999953,1.0,0.01,0.01,0.0100094433655032,10.0,10.009443365503213,1387.69921875,2020.0,2102,330892.12890625,469724.25,489165,0.686794505722185,0.6867945057221851,0.4404394306168137,1.5147374673118443,sampled_16_timesteps_max_2048_sources,converged,0.972270965576172,0.01,0.0100094433873891,9.443387389182836e-06,True,20,SpMV,CUSPARSE_SPMV_ALG_DEFAULT,,,torch_cuda_event,gpu_execution,full_rsnn,device_native,independent_inference,sparse_only,"(256, 1, 138639)","(256, 1, 138639)",138639,138639,1,1,BN,csr_post_by_pre,csr_post_by_pre,none,False,False,True,0,torch.int32,torch.float32,torch.float32,dense,,,False,False,False,False,False,True,1.0,58960,406886764,406886764,0,0,False,unknown,unknown,unknown,unknown,unknown,,41.8985939;41.901535;41.8648338;41.8423042;41.8443527;41.8484497;41.8504944;41.8464012;41.8443527;41.8709755;41.8341103;41.8668785;41.8587189;41.8361931;41.8627853;41.8423347;41.8382072;41.8484497;41.8402557;41.8453751,20,41.85428009033203,0.018825398291437,41.834110260009766,41.90153503417969,passed,0,0.0,1.52587890625e-05,9.5367431640625e-07,4.389004607219249e-05,6.541344191646203e-05,4.389004607219249e-05,6.541344191646203e-05,138639,0,full_state,passed,,41.84742546081543,,,,,,,1.0,,,,1.0
tilespmspv_cudagraph,flybrain,NVIDIA GeForce RTX 5090,2.11.0+cu128,12.8,default,0.0003816247733734,,,,,,f14d854b58dc2801,0,138639,256,1,15091983,108.85813515677408,flybrain,0,9783,163.19999046318512,1.499198844699568,0.4816346156348125,288.0,599.6199999999953,1.0,0.01,0.01,0.0100094433655032,10.0,10.009443365503213,1387.69921875,2020.0,2102,330892.12890625,469724.25,489165,0.686794505722185,0.6867945057221851,0.4404394306168137,1.5147374673118443,sampled_16_timesteps_max_2048_sources,converged,0.972270965576172,0.01,0.0100094433873891,9.443387389182836e-06,True,20,SpMV,CUSPARSE_SPMV_ALG_DEFAULT,,,torch_cuda_event_cudagraph_replay,gpu_execution,full_rsnn,device_adapted,independent_inference,sparse_only,"(256, 1, 138639)","(256, 1, 138639)",138639,138639,1,1,BN,spmspv_csc_dense_device,spmspv_csc_dense_device,none,False,False,True,0,torch.int64,torch.float32,torch.float32,dense_device,,,False,False,False,False,False,True,1.0,554556,325842920,325842920,0,0,False,unknown,unknown,unknown,unknown,unknown,,7.32636786;7.31203222;7.3213439;7.31196785;7.31318378;7.3100481;7.32108784;7.31606388;7.31510401;7.31830406;7.30835199;7.31814384;7.31712008;7.31404781;7.32121611;7.32019186;7.31916809;7.31612778;7.31715202;7.31814384,20,7.316758346557617,0.0043577920259846,7.308351993560791,7.326367855072021,passed,0,0.0,4.57763671875e-05,2.86102294921875e-06,0.000128999032313,0.0001757188292685,0.000128999032313,0.0001757188292685,138639,0,full_state,passed,,7.31713604927063,,,,,,,,,,,5.71909899980427
globalatomic_cudagraph,flybrain,NVIDIA GeForce RTX 5090,2.11.0+cu128,12.8,default,0.0003816247733734,,,,,,f14d854b58dc2801,0,138639,256,1,15091983,108.85813515677408,flybrain,0,9783,163.19999046318512,1.499198844699568,0.4816346156348125,288.0,599.6199999999953,1.0,0.01,0.01,0.0100094433655032,10.0,10.009443365503213,1387.69921875,2020.0,2102,330892.12890625,469724.25,489165,0.686794505722185,0.6867945057221851,0.4404394306168137,1.5147374673118443,sampled_16_timesteps_max_2048_sources,converged,0.972270965576172,0.01,0.0100094433873891,9.443387389182836e-06,True,20,SpMV,CUSPARSE_SPMV_ALG_DEFAULT,,,torch_cuda_event_cudagraph_replay,gpu_execution,full_rsnn,device_adapted,independent_inference,sparse_only,"(256, 1, 138639)","(256, 1, 138639)",138639,138639,1,1,BN,spmspv_csc_dense_device,spmspv_csc_dense_device,none,False,False,True,0,torch.int64,torch.float32,torch.float32,dense_device,,,False,False,False,False,False,True,1.0,554556,325842920,325842920,0,0,False,unknown,unknown,unknown,unknown,unknown,,11.3708801;11.3527679;11.3618565;11.3568316;11.3578243;11.3608961;11.3587837;11.3558722;11.356864;11.357728;11.3543358;11.3568001;11.3578243;11.352704;11.3598719;11.354784;11.3516798;11.3588476;11.3547516;11.3578243,20,11.357486391067503,0.0041497981493916,11.351679801940918,11.370880126953123,passed,0,0.0,5.340576171875e-05,3.337860107421875e-06,0.0001380888134008,0.0002045476285275,0.0001380888134008,0.0002045476285275,138639,0,full_state,passed,,11.357295989990234,,,,,,,,,,,3.684629290079056
vdha_cudagraph,flybrain,NVIDIA GeForce RTX 5090,2.11.0+cu128,12.8,default,0.0003816247733734,,,,,,f14d854b58dc2801,0,138639,256,1,15091983,108.85813515677408,flybrain,0,9783,163.19999046318512,1.499198844699568,0.4816346156348125,288.0,599.6199999999953,1.0,0.01,0.01,0.0100094433655032,10.0,10.009443365503213,1387.69921875,2020.0,2102,330892.12890625,469724.25,489165,0.686794505722185,0.6867945057221851,0.4404394306168137,1.5147374673118443,sampled_16_timesteps_max_2048_sources,converged,0.972270965576172,0.01,0.0100094433873891,9.443387389182836e-06,True,20,SpMV,CUSPARSE_SPMV_ALG_DEFAULT,,,torch_cuda_event_cudagraph_replay,gpu_execution,full_rsnn,device_adapted,independent_inference,sparse_only,"(256, 1, 138639)","(256, 1, 138639)",138639,138639,1,1,BN,spmspv_csc_dense_device,spmspv_csc_dense_device,none,False,False,True,0,torch.int64,torch.float32,torch.float32,dense_device,,,False,False,False,False,False,True,1.0,554556,325842920,325842920,0,0,False,unknown,unknown,unknown,unknown,unknown,,13.248064;13.208992;13.2112322;13.2081604;13.2092161;13.2024317;13.2061119;13.203104;13.2092161;13.2044802;13.1994877;13.2109118;13.2044163;13.2097921;13.2051201;13.2072001;13.2061443;13.2072001;13.2051201;13.2030401,20,13.208472061157227,0.009811165290533,13.199487686157228,13.248064041137695,passed_causal_masked_state,2,5.6351387416239296e-08,0.0299373269081115,0.0001783370971679,0.1483327597379684,0.0197998844087123,0.0001196894736494,0.0001192944691865,138539,100,causal_masked_state,passed_causal_masked_state,,13.206672191619871,,,,,,,,,,,3.16865784609761
persistent_spike_block,flybrain,NVIDIA GeForce RTX 5090,2.11.0+cu128,12.8,default,0.0003816247733734,,,,,,f14d854b58dc2801,0,138639,256,1,15091983,108.85813515677408,flybrain,0,9783,163.19999046318512,1.499198844699568,0.4816346156348125,288.0,599.6199999999953,1.0,0.01,0.01,0.0100094433655032,10.0,10.009443365503213,1387.69921875,2020.0,2102,330892.12890625,469724.25,489165,0.686794505722185,0.6867945057221851,0.4404394306168137,1.5147374673118443,sampled_16_timesteps_max_2048_sources,converged,0.972270965576172,0.01,0.0100094433873891,9.443387389182836e-06,True,20,SpMV,CUSPARSE_SPMV_ALG_DEFAULT,,,torch_cuda_event,gpu_execution,full_rsnn,device_native,independent_inference,full_fusion,"(256, 1, 138639)","(256, 1, 138639)",138639,138639,1,1,BN,event_csr,event_csr,dense_to_events_precomputed,False,True,True,0,torch.int32,torch.float32,torch.float32,windowed_events,,,False,False,False,False,False,False,1.0,3685120,123820228,123820228,0,0,False,unknown,unknown,unknown,unknown,unknown,,5.04809618;4.98070383;4.99443197;4.98793602;4.98476791;4.98080015;4.98428822;4.98486423;4.99193621;4.98793602;4.99148798;4.99177599;4.98623991;4.98492813;4.98726416;4.98483181;4.99036789;4.98179197;4.98585606;4.98483181,20,4.98975682258606,0.0142425250429149,4.980703830718994,5.048096179962158,passed_causal_masked_state,3879,0.0001092935158937,0.9992084503173828,0.3940925598144531,4.995785236358643,58.13495635986328,0.0001513748575234,0.0001959163491846,73847,64792,causal_masked_state,passed_causal_masked_state,,4.986047983169556,,,,,,,8.392904681637992,,,,8.392904681637992
cusparse_direct_cudagraph,flybrain,NVIDIA GeForce RTX 5090,2.11.0+cu128,12.8,default,0.0003816247733734,,,,,,c176f9d18b76d780,0,138639,256,1,15091983,108.85813515677408,flybrain,0,9783,163.19999046318512,1.499198844699568,0.4816346156348125,288.0,599.6199999999953,1.0,0.01,0.02,0.0200000653676094,20.0,20.0000653676094,2772.7890625,3329.5,3397,566106.8515625,656196.5,678857,0.7584330855086806,0.7584330855086804,0.2121912502005277,1.2251202393799114,sampled_16_timesteps_max_2048_sources,converged,1.9443511962890625,0.02,0.0200000647455453,6.474554538685173e-08,True,20,SpMV,CUSPARSE_SPMV_ALG_DEFAULT,,,torch_cuda_event,gpu_execution,full_rsnn,device_native,independent_inference,sparse_only,"(256, 1, 138639)","(256, 1, 138639)",138639,138639,1,1,BN,csr_post_by_pre,csr_post_by_pre,none,False,False,True,0,torch.int32,torch.float32,torch.float32,dense,,,False,False,False,False,False,True,1.0,58960,406886764,406886764,0,0,False,unknown,unknown,unknown,unknown,unknown,,41.896801;41.831871;41.8320961;41.8423042;41.8443527;41.8300171;41.8504639;41.8607368;41.8545914;41.8484497;41.8423042;41.8525429;41.8443527;41.8668785;41.8607368;41.8586884;41.8443527;41.8402557;41.853569;41.8443527,20,41.849985885620114,0.0148919921005564,41.83001708984375,41.89680099487305,passed,0,0.0,3.0517578125e-05,9.5367431640625e-07,4.9445316108176485e-05,6.084859705879353e-05,4.9445316108176485e-05,6.084859705879353e-05,138639,0,full_state,passed,,41.84640121459961,,,,,,,1.0,,,,1.0
tilespmspv_cudagraph,flybrain,NVIDIA GeForce RTX 5090,2.11.0+cu128,12.8,default,0.0003816247733734,,,,,,c176f9d18b76d780,0,138639,256,1,15091983,108.85813515677408,flybrain,0,9783,163.19999046318512,1.499198844699568,0.4816346156348125,288.0,599.6199999999953,1.0,0.01,0.02,0.0200000653676094,20.0,20.0000653676094,2772.7890625,3329.5,3397,566106.8515625,656196.5,678857,0.7584330855086806,0.7584330855086804,0.2121912502005277,1.2251202393799114,sampled_16_timesteps_max_2048_sources,converged,1.9443511962890625,0.02,0.0200000647455453,6.474554538685173e-08,True,20,SpMV,CUSPARSE_SPMV_ALG_DEFAULT,,,torch_cuda_event_cudagraph_replay,gpu_execution,full_rsnn,device_adapted,independent_inference,sparse_only,"(256, 1, 138639)","(256, 1, 138639)",138639,138639,1,1,BN,spmspv_csc_dense_device,spmspv_csc_dense_device,none,False,False,True,0,torch.int64,torch.float32,torch.float32,dense_device,,,False,False,False,False,False,True,1.0,554556,325842920,325842920,0,0,False,unknown,unknown,unknown,unknown,unknown,,7.62553596;7.60806417;7.61913586;7.620224;7.614048;7.61513615;7.60179186;7.60787201;7.61305618;7.60380793;7.61062384;7.61407995;7.60179186;7.61715221;7.60796785;7.61820793;7.6089921;7.60790396;7.60896015;7.61199999,20,7.611817598342895,0.0062699696624024,7.601791858673096,7.62553596496582,passed,0,0.0,5.340576171875e-05,2.86102294921875e-06,0.0001505324471509,0.0001732560194795,0.0001505324471509,0.0001732560194795,138639,0,full_state,passed,,7.611311912536621,,,,,,,,,,,5.497922263003601
globalatomic_cudagraph,flybrain,NVIDIA GeForce RTX 5090,2.11.0+cu128,12.8,default,0.0003816247733734,,,,,,c176f9d18b76d780,0,138639,256,1,15091983,108.85813515677408,flybrain,0,9783,163.19999046318512,1.499198844699568,0.4816346156348125,288.0,599.6199999999953,1.0,0.01,0.02,0.0200000653676094,20.0,20.0000653676094,2772.7890625,3329.5,3397,566106.8515625,656196.5,678857,0.7584330855086806,0.7584330855086804,0.2121912502005277,1.2251202393799114,sampled_16_timesteps_max_2048_sources,converged,1.9443511962890625,0.02,0.0200000647455453,6.474554538685173e-08,True,20,SpMV,CUSPARSE_SPMV_ALG_DEFAULT,,,torch_cuda_event_cudagraph_replay,gpu_execution,full_rsnn,device_adapted,independent_inference,sparse_only,"(256, 1, 138639)","(256, 1, 138639)",138639,138639,1,1,BN,spmspv_csc_dense_device,spmspv_csc_dense_device,none,False,False,True,0,torch.int64,torch.float32,torch.float32,dense_device,,,False,False,False,False,False,True,1.0,554556,325842920,325842920,0,0,False,unknown,unknown,unknown,unknown,unknown,,11.3716478;11.3601923;11.362112;11.3644476;11.3558397;11.36448;11.3584318;11.361536;11.3630724;11.3552322;11.358304;11.3588476;11.3557758;11.35888;11.3578558;11.3588476;11.3557758;11.3588476;11.3568316;11.3578243,20,11.359739112854005,0.00394788266646,11.355232238769531,11.371647834777832,passed,0,0.0,6.866455078125e-05,3.814697265625e-06,0.0001774108823155,0.0001750266965245,0.0001774108823155,0.0001750266965245,138639,0,full_state,passed,,11.358847618103027,,,,,,,,,,,3.6840357949610496
vdha_cudagraph,flybrain,NVIDIA GeForce RTX 5090,2.11.0+cu128,12.8,default,0.0003816247733734,,,,,,c176f9d18b76d780,0,138639,256,1,15091983,108.85813515677408,flybrain,0,9783,163.19999046318512,1.499198844699568,0.4816346156348125,288.0,599.6199999999953,1.0,0.01,0.02,0.0200000653676094,20.0,20.0000653676094,2772.7890625,3329.5,3397,566106.8515625,656196.5,678857,0.7584330855086806,0.7584330855086804,0.2121912502005277,1.2251202393799114,sampled_16_timesteps_max_2048_sources,converged,1.9443511962890625,0.02,0.0200000647455453,6.474554538685173e-08,True,20,SpMV,CUSPARSE_SPMV_ALG_DEFAULT,,,torch_cuda_event_cudagraph_replay,gpu_execution,full_rsnn,device_adapted,independent_inference,sparse_only,"(256, 1, 138639)","(256, 1, 138639)",138639,138639,1,1,BN,spmspv_csc_dense_device,spmspv_csc_dense_device,none,False,False,True,0,torch.int64,torch.float32,torch.float32,dense_device,,,False,False,False,False,False,True,1.0,554556,325842920,325842920,0,0,False,unknown,unknown,unknown,unknown,unknown,,13.8500795;13.8267517;13.8237438;13.8262396;13.8194561;13.8240957;13.8226557;13.8189764;13.8301439;13.8277121;13.8262396;13.8184643;13.8257923;13.8241282;13.8175039;13.8246403;13.8185282;13.8256321;13.8226242;13.8297596,20,13.82515835762024,0.0069371419499033,13.817503929138184,13.850079536437988,passed,0,0.0,3.814697265625e-05,2.86102294921875e-06,9.181463974528016e-05,0.0001344247866654,9.181463974528016e-05,0.0001344247866654,138639,0,full_state,passed,,13.824384212493896,,,,,,,,,,,3.0269992913522032
persistent_spike_block,flybrain,NVIDIA GeForce RTX 5090,2.11.0+cu128,12.8,default,0.0003816247733734,,,,,,c176f9d18b76d780,0,138639,256,1,15091983,108.85813515677408,flybrain,0,9783,163.19999046318512,1.499198844699568,0.4816346156348125,288.0,599.6199999999953,1.0,0.01,0.02,0.0200000653676094,20.0,20.0000653676094,2772.7890625,3329.5,3397,566106.8515625,656196.5,678857,0.7584330855086806,0.7584330855086804,0.2121912502005277,1.2251202393799114,sampled_16_timesteps_max_2048_sources,converged,1.9443511962890625,0.02,0.0200000647455453,6.474554538685173e-08,True,20,SpMV,CUSPARSE_SPMV_ALG_DEFAULT,,,torch_cuda_event,gpu_execution,full_rsnn,device_native,independent_inference,full_fusion,"(256, 1, 138639)","(256, 1, 138639)",138639,138639,1,1,BN,event_csr,event_csr,dense_to_events_precomputed,False,True,True,0,torch.int32,torch.float32,torch.float32,windowed_events,,,False,False,False,False,False,False,1.0,3685120,123820228,123820228,0,0,False,unknown,unknown,unknown,unknown,unknown,,5.9891839;5.93507195;5.92460823;5.93347216;5.94531202;5.93599987;5.92889595;5.9242878;5.93923187;5.93311977;5.94329596;5.93247986;5.93715191;5.94371223;5.93513584;5.93142414;5.92691183;5.93139219;5.94329596;5.93408012,20,5.9374031782150265,0.0136268454360942,5.924287796020508,5.989183902740479,passed_causal_masked_state,5741,0.0001617566575783,0.9997273087501526,0.3219296932220459,4.99863338470459,39.00060272216797,0.0001875821471912,0.0002918355748988,56170,82469,causal_masked_state,passed_causal_masked_state,,5.934576034545898,,,,,,,7.051287399640101,,,,7.051287399640101
cusparse_direct_cudagraph,flybrain,NVIDIA GeForce RTX 5090,2.11.0+cu128,12.8,default,0.0003816247733734,,,,,,191f5baba13114a2,0,138639,256,1,15091983,108.85813515677408,flybrain,0,9783,163.19999046318512,1.499198844699568,0.4816346156348125,288.0,599.6199999999953,1.0,0.01,0.05,0.0499979938906079,50.0,49.99799389060798,6931.671875,7272.5,7335,1132673.69140625,1193714.25,1220582,0.7170343482474555,0.7170343482474553,0.0888917406140476,1.0581862690954338,sampled_16_timesteps_max_2048_sources,converged,5.335712432861328,0.05,0.0499979928135871,2.007186412814055e-06,True,20,SpMV,CUSPARSE_SPMV_ALG_DEFAULT,,,torch_cuda_event,gpu_execution,full_rsnn,device_native,independent_inference,sparse_only,"(256, 1, 138639)","(256, 1, 138639)",138639,138639,1,1,BN,csr_post_by_pre,csr_post_by_pre,none,False,False,True,0,torch.int32,torch.float32,torch.float32,dense,,,False,False,False,False,False,True,1.0,58960,406886764,406886764,0,0,False,unknown,unknown,unknown,unknown,unknown,,41.8575363;41.8463669;41.8648643;41.8729935;41.8648338;41.8668785;41.8566399;41.8361931;41.8791695;41.8771515;41.8709755;41.8464012;41.8627853;41.9057922;41.9098892;41.8996468;41.8382072;41.8279686;41.8320961;41.8341103,20,41.86252498626709,0.0240482089607915,41.82796859741211,41.909889221191406,passed,0,0.0,6.103515625e-05,1.9073486328125e-06,7.185926369857043e-05,7.020271004876122e-05,7.185926369857043e-05,7.020271004876122e-05,138639,0,full_state,passed,,41.86380958557129,,,,,,,1.0,,,,1.0
tilespmspv_cudagraph,flybrain,NVIDIA GeForce RTX 5090,2.11.0+cu128,12.8,default,0.0003816247733734,,,,,,191f5baba13114a2,0,138639,256,1,15091983,108.85813515677408,flybrain,0,9783,163.19999046318512,1.499198844699568,0.4816346156348125,288.0,599.6199999999953,1.0,0.01,0.05,0.0499979938906079,50.0,49.99799389060798,6931.671875,7272.5,7335,1132673.69140625,1193714.25,1220582,0.7170343482474555,0.7170343482474553,0.0888917406140476,1.0581862690954338,sampled_16_timesteps_max_2048_sources,converged,5.335712432861328,0.05,0.0499979928135871,2.007186412814055e-06,True,20,SpMV,CUSPARSE_SPMV_ALG_DEFAULT,,,torch_cuda_event_cudagraph_replay,gpu_execution,full_rsnn,device_adapted,independent_inference,sparse_only,"(256, 1, 138639)","(256, 1, 138639)",138639,138639,1,1,BN,spmspv_csc_dense_device,spmspv_csc_dense_device,none,False,False,True,0,torch.int64,torch.float32,torch.float32,dense_device,,,False,False,False,False,False,True,1.0,554556,325842920,325842920,0,0,False,unknown,unknown,unknown,unknown,unknown,,8.89644814;8.87299156;8.87574387;8.86736012;8.87887955;8.86726379;8.86748791;8.85929585;8.88492775;8.87964821;8.87315178;8.879776;8.86131191;8.8541441;8.88182354;8.86544037;8.85110378;8.86643219;8.8695364;8.88182354,20,8.871729516983033,0.0110370862249047,8.851103782653809,8.896448135375977,passed,0,0.0,6.103515625e-05,2.86102294921875e-06,0.0001549380540382,0.0002075336815323,0.0001549380540382,0.0002075336815323,138639,0,full_state,passed,,8.871263980865479,,,,,,,,,,,4.719035492108878
globalatomic_cudagraph,flybrain,NVIDIA GeForce RTX 5090,2.11.0+cu128,12.8,default,0.0003816247733734,,,,,,191f5baba13114a2,0,138639,256,1,15091983,108.85813515677408,flybrain,0,9783,163.19999046318512,1.499198844699568,0.4816346156348125,288.0,599.6199999999953,1.0,0.01,0.05,0.0499979938906079,50.0,49.99799389060798,6931.671875,7272.5,7335,1132673.69140625,1193714.25,1220582,0.7170343482474555,0.7170343482474553,0.0888917406140476,1.0581862690954338,sampled_16_timesteps_max_2048_sources,converged,5.335712432861328,0.05,0.0499979928135871,2.007186412814055e-06,True,20,SpMV,CUSPARSE_SPMV_ALG_DEFAULT,,,torch_cuda_event_cudagraph_replay,gpu_execution,full_rsnn,device_adapted,independent_inference,sparse_only,"(256, 1, 138639)","(256, 1, 138639)",138639,138639,1,1,BN,spmspv_csc_dense_device,spmspv_csc_dense_device,none,False,False,True,0,torch.int64,torch.float32,torch.float32,dense_device,,,False,False,False,False,False,True,1.0,554556,325842920,325842920,0,0,False,unknown,unknown,unknown,unknown,unknown,,11.5434237;11.5279684;11.5233278;11.5221443;11.5252161;11.5242882;11.5192318;11.5263042;11.5293121;11.5242882;11.5273275;11.5226879;11.5237122;11.5288639;11.5237122;11.5267839;11.5237436;11.5227203;11.5237122;11.5288324,20,11.52588005065918,0.0048863151497993,11.519231796264648,11.543423652648926,passed,0,0.0,0.000152587890625,5.7220458984375e-06,0.0001796481665223,0.0002223575138486,0.0001796481665223,0.0002223575138486,138639,0,full_state,passed,,11.524288177490234,,,,,,,,,,,3.632659036359538
vdha_cudagraph,flybrain,NVIDIA GeForce RTX 5090,2.11.0+cu128,12.8,default,0.0003816247733734,,,,,,191f5baba13114a2,0,138639,256,1,15091983,108.85813515677408,flybrain,0,9783,163.19999046318512,1.499198844699568,0.4816346156348125,288.0,599.6199999999953,1.0,0.01,0.05,0.0499979938906079,50.0,49.99799389060798,6931.671875,7272.5,7335,1132673.69140625,1193714.25,1220582,0.7170343482474555,0.7170343482474553,0.0888917406140476,1.0581862690954338,sampled_16_timesteps_max_2048_sources,converged,5.335712432861328,0.05,0.0499979928135871,2.007186412814055e-06,True,20,SpMV,CUSPARSE_SPMV_ALG_DEFAULT,,,torch_cuda_event_cudagraph_replay,gpu_execution,full_rsnn,device_adapted,independent_inference,sparse_only,"(256, 1, 138639)","(256, 1, 138639)",138639,138639,1,1,BN,spmspv_csc_dense_device,spmspv_csc_dense_device,none,False,False,True,0,torch.int64,torch.float32,torch.float32,dense_device,,,False,False,False,False,False,True,1.0,554556,325842920,325842920,0,0,False,unknown,unknown,unknown,unknown,unknown,,16.4725437;16.4409924;16.4409924;16.4445438;16.4451199;16.4424953;16.4442234;16.4450245;16.4492474;16.4471035;16.4490871;16.4409275;16.4522877;16.4322243;16.449152;16.4491844;16.4430408;16.4471035;16.4440632;16.4450874,20,16.44622220993042,0.0075532600236691,16.43222427368164,16.472543716430664,passed,0,0.0,0.0001220703125,2.86102294921875e-06,0.0001618554233573,0.0001798450830392,0.0001618554233573,0.0001798450830392,138639,0,full_state,passed,,16.445055961608887,,,,,,,,,,,2.5456775387875044
persistent_spike_block,flybrain,NVIDIA GeForce RTX 5090,2.11.0+cu128,12.8,default,0.0003816247733734,,,,,,191f5baba13114a2,0,138639,256,1,15091983,108.85813515677408,flybrain,0,9783,163.19999046318512,1.499198844699568,0.4816346156348125,288.0,599.6199999999953,1.0,0.01,0.05,0.0499979938906079,50.0,49.99799389060798,6931.671875,7272.5,7335,1132673.69140625,1193714.25,1220582,0.7170343482474555,0.7170343482474553,0.0888917406140476,1.0581862690954338,sampled_16_timesteps_max_2048_sources,converged,5.335712432861328,0.05,0.0499979928135871,2.007186412814055e-06,True,20,SpMV,CUSPARSE_SPMV_ALG_DEFAULT,,,torch_cuda_event,gpu_execution,full_rsnn,device_native,independent_inference,full_fusion,"(256, 1, 138639)","(256, 1, 138639)",138639,138639,1,1,BN,event_csr,event_csr,dense_to_events_precomputed,False,True,True,0,torch.int32,torch.float32,torch.float32,windowed_events,,,False,False,False,False,False,False,1.0,3685120,123820228,123820228,0,0,False,unknown,unknown,unknown,unknown,unknown,,7.77491188;7.74947214;7.69683218;7.74131203;7.69267178;7.75065613;7.69321585;7.73228788;7.69638395;7.73724794;7.69785595;7.73836803;7.6865921;7.74047995;7.68860817;7.73942423;7.68755198;7.73839998;7.69843197;7.74860811,20,7.721465611457825,0.0277613692905039,7.686592102050781,7.774911880493164,passed_causal_masked_state,7324,0.0002063587807182,0.9997209906578064,0.3023788332939148,4.998597621917725,46.08773422241211,0.000174952976522,0.0002795254695229,50543,88096,causal_masked_state,passed_causal_masked_state,,7.734767913818359,,,,,,,5.412419616467163,,,,5.412419616467163
cusparse_direct_cudagraph,flybrain,NVIDIA GeForce RTX 5090,2.11.0+cu128,12.8,default,0.0003816247733734,,,,,,095cd27f665a18e1,1,138639,256,1,15091983,108.85813515677408,flybrain,1,9783,163.19999046318512,1.499198844699568,0.4816346156348125,288.0,599.6199999999953,1.0,0.0,0.0,0.0,0.0,0.0,0.0,0.0,0,0.0,0.0,0,0.0,0.0,0.0,0.0,sampled_16_timesteps_max_2048_sources,converged,50.0,0.0,0.0,0.0,True,20,SpMV,CUSPARSE_SPMV_ALG_DEFAULT,,,torch_cuda_event,gpu_execution,full_rsnn,device_native,independent_inference,sparse_only,"(256, 1, 138639)","(256, 1, 138639)",138639,138639,1,1,BN,csr_post_by_pre,csr_post_by_pre,none,False,False,True,0,torch.int32,torch.float32,torch.float32,dense,,,False,False,False,False,False,True,1.0,58960,406886764,406886764,0,0,False,unknown,unknown,unknown,unknown,unknown,,41.9964485;41.8995514;41.9057922;41.9242249;41.9037437;41.9201279;41.8996468;41.9119034;41.9057922;41.9119034;41.9160652;41.9058228;41.9139824;41.9057922;41.9160309;41.9078407;41.8894081;41.8894081;41.8668785;41.8873596,20,41.90888614654541,0.0244954876255179,41.86687850952149,41.9964485168457,passed,0,0.0,0.0,0.0,0.0,0.0,0.0,0.0,138639,0,full_state,passed,,41.90580749511719,,,,,,,1.0,,,,1.0
tilespmspv_cudagraph,flybrain,NVIDIA GeForce RTX 5090,2.11.0+cu128,12.8,default,0.0003816247733734,,,,,,095cd27f665a18e1,1,138639,256,1,15091983,108.85813515677408,flybrain,1,9783,163.19999046318512,1.499198844699568,0.4816346156348125,288.0,599.6199999999953,1.0,0.0,0.0,0.0,0.0,0.0,0.0,0.0,0,0.0,0.0,0,0.0,0.0,0.0,0.0,sampled_16_timesteps_max_2048_sources,converged,50.0,0.0,0.0,0.0,True,20,SpMV,CUSPARSE_SPMV_ALG_DEFAULT,,,torch_cuda_event_cudagraph_replay,gpu_execution,full_rsnn,device_adapted,independent_inference,sparse_only,"(256, 1, 138639)","(256, 1, 138639)",138639,138639,1,1,BN,spmspv_csc_dense_device,spmspv_csc_dense_device,none,False,False,True,0,torch.int64,torch.float32,torch.float32,dense_device,,,False,False,False,False,False,True,1.0,554556,325842920,325842920,0,0,False,unknown,unknown,unknown,unknown,unknown,,6.40486383;6.37766409;6.37606382;6.37824011;6.37593603;6.37827206;6.38000011;6.37814379;6.37753582;6.3784318;6.38147211;6.3801918;6.37811184;6.38012791;6.37814379;6.37606382;6.3801918;6.37609577;6.37609577;6.38015985,20,6.379590296745301,0.006179983227835,6.375936031341553,6.404863834381104,passed,0,0.0,0.0,0.0,0.0,0.0,0.0,0.0,138639,0,full_state,passed,,6.378191947937012,,,,,,,,,,,6.570170329958692
globalatomic_cudagraph,flybrain,NVIDIA GeForce RTX 5090,2.11.0+cu128,12.8,default,0.0003816247733734,,,,,,095cd27f665a18e1,1,138639,256,1,15091983,108.85813515677408,flybrain,1,9783,163.19999046318512,1.499198844699568,0.4816346156348125,288.0,599.6199999999953,1.0,0.0,0.0,0.0,0.0,0.0,0.0,0.0,0,0.0,0.0,0,0.0,0.0,0.0,0.0,sampled_16_timesteps_max_2048_sources,converged,50.0,0.0,0.0,0.0,True,20,SpMV,CUSPARSE_SPMV_ALG_DEFAULT,,,torch_cuda_event_cudagraph_replay,gpu_execution,full_rsnn,device_adapted,independent_inference,sparse_only,"(256, 1, 138639)","(256, 1, 138639)",138639,138639,1,1,BN,spmspv_csc_dense_device,spmspv_csc_dense_device,none,False,False,True,0,torch.int64,torch.float32,torch.float32,dense_device,,,False,False,False,False,False,True,1.0,554556,325842920,325842920,0,0,False,unknown,unknown,unknown,unknown,unknown,,11.3487682;11.3277121;11.3291836;11.3280964;11.3262081;11.3290558;11.3280964;11.3270397;11.3260479;11.3281603;11.3266239;11.3280964;11.3311996;11.3301764;11.3240643;11.3250561;11.3260803;11.3250875;11.3260803;11.3281279,20,11.328448057174684,0.0051031149007388,11.324064254760742,11.34876823425293,passed,0,0.0,0.0,0.0,0.0,0.0,0.0,0.0,138639,0,full_state,passed,,11.327904224395752,,,,,,,,,,,3.699343379410723
vdha_cudagraph,flybrain,NVIDIA GeForce RTX 5090,2.11.0+cu128,12.8,default,0.0003816247733734,,,,,,095cd27f665a18e1,1,138639,256,1,15091983,108.85813515677408,flybrain,1,9783,163.19999046318512,1.499198844699568,0.4816346156348125,288.0,599.6199999999953,1.0,0.0,0.0,0.0,0.0,0.0,0.0,0.0,0,0.0,0.0,0,0.0,0.0,0.0,0.0,sampled_16_timesteps_max_2048_sources,converged,50.0,0.0,0.0,0.0,True,20,SpMV,CUSPARSE_SPMV_ALG_DEFAULT,,,torch_cuda_event_cudagraph_replay,gpu_execution,full_rsnn,device_adapted,independent_inference,sparse_only,"(256, 1, 138639)","(256, 1, 138639)",138639,138639,1,1,BN,spmspv_csc_dense_device,spmspv_csc_dense_device,none,False,False,True,0,torch.int64,torch.float32,torch.float32,dense_device,,,False,False,False,False,False,True,1.0,554556,325842920,325842920,0,0,False,unknown,unknown,unknown,unknown,unknown,,6.66409588;6.650208;6.65049601;6.65046406;6.65052795;6.65305614;6.65043211;6.64230394;6.65046406;6.65254402;6.65052795;6.65167999;6.65187216;6.64790392;6.65254402;6.65254402;6.64847994;6.6515522;6.65049601;6.64844799,20,6.651032018661499,0.0038725602390409,6.642303943634033,6.664095878601074,passed,0,0.0,0.0,0.0,0.0,0.0,0.0,0.0,138639,0,full_state,passed,,6.650511980056763,,,,,,,,,,,6.301140065724612
persistent_spike_block,flybrain,NVIDIA GeForce RTX 5090,2.11.0+cu128,12.8,default,0.0003816247733734,,,,,,095cd27f665a18e1,1,138639,256,1,15091983,108.85813515677408,flybrain,1,9783,163.19999046318512,1.499198844699568,0.4816346156348125,288.0,599.6199999999953,1.0,0.0,0.0,0.0,0.0,0.0,0.0,0.0,0,0.0,0.0,0,0.0,0.0,0.0,0.0,sampled_16_timesteps_max_2048_sources,converged,50.0,0.0,0.0,0.0,True,20,SpMV,CUSPARSE_SPMV_ALG_DEFAULT,,,torch_cuda_event,gpu_execution,full_rsnn,device_native,independent_inference,full_fusion,"(256, 1, 138639)","(256, 1, 138639)",138639,138639,1,1,BN,event_csr,event_csr,dense_to_events_precomputed,False,True,True,0,torch.int32,torch.float32,torch.float32,windowed_events,,,False,False,False,False,False,False,1.0,3685120,122400564,122400564,0,0,False,unknown,unknown,unknown,unknown,unknown,,2.15228796;2.08182406;2.08067203;2.0822401;2.08073592;2.08166409;2.07868791;2.082304;2.08080006;2.08169603;2.080832;2.08438396;2.0829761;2.08428788;2.08073592;2.08425593;2.08076811;2.08428788;2.08076811;2.08383989,20,2.085502398014069,0.0157993929271822,2.078687906265259,2.1522879600524902,passed,0,0.0,0.0,0.0,0.0,0.0,0.0,0.0,138639,0,full_state,passed,,2.081760048866272,,,,,,,20.129989293405416,,,,20.129989293405416
cusparse_direct_cudagraph,flybrain,NVIDIA GeForce RTX 5090,2.11.0+cu128,12.8,default,0.0003816247733734,,,,,,bdae60c35a7b5fc0,1,138639,256,1,15091983,108.85813515677408,flybrain,1,9783,163.19999046318512,1.499198844699568,0.4816346156348125,288.0,599.6199999999953,1.0,0.0001,0.0001,9.999553697011664e-05,0.1,0.0999955369701166,13.86328125,14.0,15,1487.1953125,2267.5,6011,0.0160165108168801,0.0160165108168801,0.0278695545593145,1.0819949281487744,sampled_16_timesteps_max_2048_sources,converged,1.055908203125,0.0001,9.999553731177002e-05,4.462688229982877e-09,True,20,SpMV,CUSPARSE_SPMV_ALG_DEFAULT,,,torch_cuda_event,gpu_execution,full_rsnn,device_native,independent_inference,sparse_only,"(256, 1, 138639)","(256, 1, 138639)",138639,138639,1,1,BN,csr_post_by_pre,csr_post_by_pre,none,False,False,True,0,torch.int32,torch.float32,torch.float32,dense,,,False,False,False,False,False,True,1.0,58960,406886764,406886764,0,0,False,unknown,unknown,unknown,unknown,unknown,,41.9659843;41.9015694;41.8689613;41.8832626;41.8566399;41.8545914;41.8648643;41.866848;41.8586884;41.8566399;41.8484497;41.8852806;41.8628159;41.8587189;41.8587189;41.862751;41.8484497;41.8709755;41.8709755;41.8484497,20,41.86968173980713,0.0262884592601799,41.84844970703125,41.96598434448242,passed,0,0.0,5.960464477539064e-08,1.862645149230957e-09,2.969960632981383e-07,3.699725539263455e-07,2.969960632981383e-07,3.699725539263455e-07,138639,0,full_state,passed,,41.86278343200684,,,,,,,1.0,,,,1.0
tilespmspv_cudagraph,flybrain,NVIDIA GeForce RTX 5090,2.11.0+cu128,12.8,default,0.0003816247733734,,,,,,bdae60c35a7b5fc0,1,138639,256,1,15091983,108.85813515677408,flybrain,1,9783,163.19999046318512,1.499198844699568,0.4816346156348125,288.0,599.6199999999953,1.0,0.0001,0.0001,9.999553697011664e-05,0.1,0.0999955369701166,13.86328125,14.0,15,1487.1953125,2267.5,6011,0.0160165108168801,0.0160165108168801,0.0278695545593145,1.0819949281487744,sampled_16_timesteps_max_2048_sources,converged,1.055908203125,0.0001,9.999553731177002e-05,4.462688229982877e-09,True,20,SpMV,CUSPARSE_SPMV_ALG_DEFAULT,,,torch_cuda_event_cudagraph_replay,gpu_execution,full_rsnn,device_adapted,independent_inference,sparse_only,"(256, 1, 138639)","(256, 1, 138639)",138639,138639,1,1,BN,spmspv_csc_dense_device,spmspv_csc_dense_device,none,False,False,True,0,torch.int64,torch.float32,torch.float32,dense_device,,,False,False,False,False,False,True,1.0,554556,325842920,325842920,0,0,False,unknown,unknown,unknown,unknown,unknown,,6.53718376;6.51724815;6.51948786;6.51929617;6.52153587;6.51955223;6.51724815;6.51743984;6.517344;6.51427221;6.51696014;6.51945591;6.52150393;6.52150393;6.51740789;6.51740789;6.51737595;6.52351999;6.51433611;6.52147198,20,6.519577598571777,0.0047991920480261,6.514272212982178,6.53718376159668,passed,0,0.0,0.0,0.0,0.0,0.0,0.0,0.0,138639,0,full_state,passed,,6.518368005752564,,,,,,,,,,,6.422279839840626
globalatomic_cudagraph,flybrain,NVIDIA GeForce RTX 5090,2.11.0+cu128,12.8,default,0.0003816247733734,,,,,,bdae60c35a7b5fc0,1,138639,256,1,15091983,108.85813515677408,flybrain,1,9783,163.19999046318512,1.499198844699568,0.4816346156348125,288.0,599.6199999999953,1.0,0.0001,0.0001,9.999553697011664e-05,0.1,0.0999955369701166,13.86328125,14.0,15,1487.1953125,2267.5,6011,0.0160165108168801,0.0160165108168801,0.0278695545593145,1.0819949281487744,sampled_16_timesteps_max_2048_sources,converged,1.055908203125,0.0001,9.999553731177002e-05,4.462688229982877e-09,True,20,SpMV,CUSPARSE_SPMV_ALG_DEFAULT,,,torch_cuda_event_cudagraph_replay,gpu_execution,full_rsnn,device_adapted,independent_inference,sparse_only,"(256, 1, 138639)","(256, 1, 138639)",138639,138639,1,1,BN,spmspv_csc_dense_device,spmspv_csc_dense_device,none,False,False,True,0,torch.int64,torch.float32,torch.float32,dense_device,,,False,False,False,False,False,True,1.0,554556,325842920,325842920,0,0,False,unknown,unknown,unknown,unknown,unknown,,11.3516483;11.3421116;11.3394241;11.336256;11.3415356;11.3382721;11.3363199;11.3414402;11.3384962;11.3454399;11.3379517;11.3383999;11.3394241;11.3363523;11.3353281;11.3404484;11.3383684;11.3394241;11.3363199;11.3373756,20,11.339516830444335,0.0037590713261825,11.335328102111816,11.351648330688477,passed,0,0.0,0.0,0.0,0.0,0.0,0.0,0.0,138639,0,full_state,passed,,11.33844804763794,,,,,,,,,,,3.692108766219361
vdha_cudagraph,flybrain,NVIDIA GeForce RTX 5090,2.11.0+cu128,12.8,default,0.0003816247733734,,,,,,bdae60c35a7b5fc0,1,138639,256,1,15091983,108.85813515677408,flybrain,1,9783,163.19999046318512,1.499198844699568,0.4816346156348125,288.0,599.6199999999953,1.0,0.0001,0.0001,9.999553697011664e-05,0.1,0.0999955369701166,13.86328125,14.0,15,1487.1953125,2267.5,6011,0.0160165108168801,0.0160165108168801,0.0278695545593145,1.0819949281487744,sampled_16_timesteps_max_2048_sources,converged,1.055908203125,0.0001,9.999553731177002e-05,4.462688229982877e-09,True,20,SpMV,CUSPARSE_SPMV_ALG_DEFAULT,,,torch_cuda_event_cudagraph_replay,gpu_execution,full_rsnn,device_adapted,independent_inference,sparse_only,"(256, 1, 138639)","(256, 1, 138639)",138639,138639,1,1,BN,spmspv_csc_dense_device,spmspv_csc_dense_device,none,False,False,True,0,torch.int64,torch.float32,torch.float32,dense_device,,,False,False,False,False,False,True,1.0,554556,325842920,325842920,0,0,False,unknown,unknown,unknown,unknown,unknown,,10.0815039;10.0561275;10.0604162;10.0619516;10.0615997;10.0583677;10.0604162;10.0604477;10.0604162;10.0630398;10.0644798;10.0603838;10.0626879;10.0576639;10.0614719;10.0562878;10.0562878;10.0624962;10.0604162;10.0614719,20,10.06139669418335,0.0052745004565608,10.056127548217772,10.081503868103027,passed,0,0.0,1.862645149230957e-09,0.0,9.311393434074944e-09,0.0,9.311393434074944e-09,0.0,138639,0,full_state,passed,,10.060431957244871,,,,,,,,,,,4.161131809242044
persistent_spike_block,flybrain,NVIDIA GeForce RTX 5090,2.11.0+cu128,12.8,default,0.0003816247733734,,,,,,bdae60c35a7b5fc0,1,138639,256,1,15091983,108.85813515677408,flybrain,1,9783,163.19999046318512,1.499198844699568,0.4816346156348125,288.0,599.6199999999953,1.0,0.0001,0.0001,9.999553697011664e-05,0.1,0.0999955369701166,13.86328125,14.0,15,1487.1953125,2267.5,6011,0.0160165108168801,0.0160165108168801,0.0278695545593145,1.0819949281487744,sampled_16_timesteps_max_2048_sources,converged,1.055908203125,0.0001,9.999553731177002e-05,4.462688229982877e-09,True,20,SpMV,CUSPARSE_SPMV_ALG_DEFAULT,,,torch_cuda_event,gpu_execution,full_rsnn,device_native,independent_inference,full_fusion,"(256, 1, 138639)","(256, 1, 138639)",138639,138639,1,1,BN,event_csr,event_csr,dense_to_events_precomputed,False,True,True,0,torch.int32,torch.float32,torch.float32,windowed_events,,,False,False,False,False,False,False,1.0,3685120,122414760,122414760,0,0,False,unknown,unknown,unknown,unknown,unknown,,3.13660789;3.06572795;3.06275201;3.06527996;3.06278396;3.06624007;3.05910397;3.0646081;3.06486392;3.06262398;3.06489611;3.06470394;3.06707191;3.06624007;3.06592011;3.06217599;3.06380796;3.0682559;3.05971193;3.06687999,20,3.06801278591156,0.0163145292138054,3.0591039657592773,3.1366078853607178,passed,0,0.0,2.9802322387695312e-08,4.656612873077393e-10,1.4849803164906916e-07,9.294904401713212e-08,1.4849803164906916e-07,9.294904401713212e-08,138639,0,full_state,passed,,3.0648800134658813,,,,,,,13.658865354623403,,,,13.658865354623403
cusparse_direct_cudagraph,flybrain,NVIDIA GeForce RTX 5090,2.11.0+cu128,12.8,default,0.0003816247733734,,,,,,7b52a35ed5582490,1,138639,256,1,15091983,108.85813515677408,flybrain,1,9783,163.19999046318512,1.499198844699568,0.4816346156348125,288.0,599.6199999999953,1.0,0.0002,0.0002,0.0001999910739402,0.2,0.1999910739402332,27.7265625,28.0,31,3011.69921875,4659.0,8463,0.0341207871442707,0.0341207871442707,0.0181539179124763,1.1180614257537334,sampled_16_timesteps_max_2048_sources,converged,1.104736328125,0.0002,0.0001999910746235,8.925376459965753e-09,True,20,SpMV,CUSPARSE_SPMV_ALG_DEFAULT,,,torch_cuda_event,gpu_execution,full_rsnn,device_native,independent_inference,sparse_only,"(256, 1, 138639)","(256, 1, 138639)",138639,138639,1,1,BN,csr_post_by_pre,csr_post_by_pre,none,False,False,True,0,torch.int32,torch.float32,torch.float32,dense,,,False,False,False,False,False,True,1.0,58960,406886764,406886764,0,0,False,unknown,unknown,unknown,unknown,unknown,,41.9452171;41.8872948;41.8566399;41.8566399;41.8402557;41.8894386;41.8914566;41.8935051;41.868927;41.8566704;41.8607368;41.8504944;41.8688965;41.8484497;41.8505287;41.8648338;41.8607368;41.8709755;41.8361588;41.8546257,20,41.86762409210205,0.0245605434496193,41.836158752441406,41.94521713256836,passed,0,0.0,5.960464477539064e-08,3.725290298461914e-09,2.974051653836796e-07,7.374997608167178e-07,2.974051653836796e-07,7.374997608167178e-07,138639,0,full_state,passed,,41.86073684692383,,,,,,,1.0,,,,1.0
tilespmspv_cudagraph,flybrain,NVIDIA GeForce RTX 5090,2.11.0+cu128,12.8,default,0.0003816247733734,,,,,,7b52a35ed5582490,1,138639,256,1,15091983,108.85813515677408,flybrain,1,9783,163.19999046318512,1.499198844699568,0.4816346156348125,288.0,599.6199999999953,1.0,0.0002,0.0002,0.0001999910739402,0.2,0.1999910739402332,27.7265625,28.0,31,3011.69921875,4659.0,8463,0.0341207871442707,0.0341207871442707,0.0181539179124763,1.1180614257537334,sampled_16_timesteps_max_2048_sources,converged,1.104736328125,0.0002,0.0001999910746235,8.925376459965753e-09,True,20,SpMV,CUSPARSE_SPMV_ALG_DEFAULT,,,torch_cuda_event_cudagraph_replay,gpu_execution,full_rsnn,device_adapted,independent_inference,sparse_only,"(256, 1, 138639)","(256, 1, 138639)",138639,138639,1,1,BN,spmspv_csc_dense_device,spmspv_csc_dense_device,none,False,False,True,0,torch.int64,torch.float32,torch.float32,dense_device,,,False,False,False,False,False,True,1.0,554556,325842920,325842920,0,0,False,unknown,unknown,unknown,unknown,unknown,,6.58617592;6.56835222;6.5743041;6.57011223;6.57219219;6.56672001;6.57052803;6.56550407;6.56857586;6.56655979;6.5700798;6.56854391;6.56652784;6.56860781;6.56451178;6.57366419;6.57062387;6.56857586;6.5664959;6.56652784,20,6.569659161567688,0.0046844027804605,6.564511775970459,6.586175918579102,passed,0,0.0,4.656612873077393e-10,1.1641532182693479e-10,2.3281570005195813e-09,2.32696848456726e-08,2.3281570005195813e-09,2.32696848456726e-08,138639,0,full_state,passed,,6.568575859069824,,,,,,,,,,,6.372878649048856
globalatomic_cudagraph,flybrain,NVIDIA GeForce RTX 5090,2.11.0+cu128,12.8,default,0.0003816247733734,,,,,,7b52a35ed5582490,1,138639,256,1,15091983,108.85813515677408,flybrain,1,9783,163.19999046318512,1.499198844699568,0.4816346156348125,288.0,599.6199999999953,1.0,0.0002,0.0002,0.0001999910739402,0.2,0.1999910739402332,27.7265625,28.0,31,3011.69921875,4659.0,8463,0.0341207871442707,0.0341207871442707,0.0181539179124763,1.1180614257537334,sampled_16_timesteps_max_2048_sources,converged,1.104736328125,0.0002,0.0001999910746235,8.925376459965753e-09,True,20,SpMV,CUSPARSE_SPMV_ALG_DEFAULT,,,torch_cuda_event_cudagraph_replay,gpu_execution,full_rsnn,device_adapted,independent_inference,sparse_only,"(256, 1, 138639)","(256, 1, 138639)",138639,138639,1,1,BN,spmspv_csc_dense_device,spmspv_csc_dense_device,none,False,False,True,0,torch.int64,torch.float32,torch.float32,dense_device,,,False,False,False,False,False,True,1.0,554556,325842920,325842920,0,0,False,unknown,unknown,unknown,unknown,unknown,,11.3568964;11.344512;11.3511038;11.3481598;11.3470716;11.3440962;11.3461761;11.3449917;11.3480644;11.3451519;11.3481598;11.344512;11.3455677;11.3424644;11.3434877;11.3486404;11.344512;11.3455677;11.344512;11.3434877,20,11.346356773376463,0.0032742298984975,11.342464447021484,11.35689640045166,passed,0,0.0,4.656612873077393e-10,1.1641532182693479e-10,2.3281570005195813e-09,2.32696848456726e-08,2.3281570005195813e-09,2.32696848456726e-08,138639,0,full_state,passed,,11.345359802246094,,,,,,,,,,,3.6896790914146647
vdha_cudagraph,flybrain,NVIDIA GeForce RTX 5090,2.11.0+cu128,12.8,default,0.0003816247733734,,,,,,7b52a35ed5582490,1,138639,256,1,15091983,108.85813515677408,flybrain,1,9783,163.19999046318512,1.499198844699568,0.4816346156348125,288.0,599.6199999999953,1.0,0.0002,0.0002,0.0001999910739402,0.2,0.1999910739402332,27.7265625,28.0,31,3011.69921875,4659.0,8463,0.0341207871442707,0.0341207871442707,0.0181539179124763,1.1180614257537334,sampled_16_timesteps_max_2048_sources,converged,1.104736328125,0.0002,0.0001999910746235,8.925376459965753e-09,True,20,SpMV,CUSPARSE_SPMV_ALG_DEFAULT,,,torch_cuda_event_cudagraph_replay,gpu_execution,full_rsnn,device_adapted,independent_inference,sparse_only,"(256, 1, 138639)","(256, 1, 138639)",138639,138639,1,1,BN,spmspv_csc_dense_device,spmspv_csc_dense_device,none,False,False,True,0,torch.int64,torch.float32,torch.float32,dense_device,,,False,False,False,False,False,True,1.0,554556,325842920,325842920,0,0,False,unknown,unknown,unknown,unknown,unknown,,11.2899837;11.2768316;11.2738876;11.2770557;11.276288;11.2740164;11.2790079;11.2728319;11.2719364;11.2767677;11.2738237;11.2703037;11.2729282;11.275424;11.2748804;11.2728643;11.2738562;11.2728319;11.2799997;11.3035841,20,11.27695517539978,0.007516020016312,11.270303726196287,11.303584098815918,passed,0,0.0,1.862645149230957e-09,1.1641532182693479e-10,9.313213311656911e-09,2.32696848456726e-08,9.313213311656911e-09,2.32696848456726e-08,138639,0,full_state,passed,,11.27444839477539,,,,,,,,,,,3.712885578182451
persistent_spike_block,flybrain,NVIDIA GeForce RTX 5090,2.11.0+cu128,12.8,default,0.0003816247733734,,,,,,7b52a35ed5582490,1,138639,256,1,15091983,108.85813515677408,flybrain,1,9783,163.19999046318512,1.499198844699568,0.4816346156348125,288.0,599.6199999999953,1.0,0.0002,0.0002,0.0001999910739402,0.2,0.1999910739402332,27.7265625,28.0,31,3011.69921875,4659.0,8463,0.0341207871442707,0.0341207871442707,0.0181539179124763,1.1180614257537334,sampled_16_timesteps_max_2048_sources,converged,1.104736328125,0.0002,0.0001999910746235,8.925376459965753e-09,True,20,SpMV,CUSPARSE_SPMV_ALG_DEFAULT,,,torch_cuda_event,gpu_execution,full_rsnn,device_native,independent_inference,full_fusion,"(256, 1, 138639)","(256, 1, 138639)",138639,138639,1,1,BN,event_csr,event_csr,dense_to_events_precomputed,False,True,True,0,torch.int32,torch.float32,torch.float32,windowed_events,,,False,False,False,False,False,False,1.0,3685120,122428956,122428956,0,0,False,unknown,unknown,unknown,unknown,unknown,,3.44524789;3.37872005;3.37113595;3.37958407;3.38035202;3.37996793;3.38016009;3.38064003;3.38025594;3.38448;3.38121605;3.38185596;3.38329601;3.38470411;3.37827206;3.38060808;3.38025594;3.37913609;3.37305593;3.37612796,20,3.382953608036041,0.0150248664765932,3.371135950088501,3.4452478885650635,passed,0,0.0,5.960464477539064e-08,1.862645149230957e-09,2.965777525787417e-07,3.699077524288441e-07,2.965777525787417e-07,3.699077524288441e-07,138639,0,full_state,passed,,3.380255937576294,,,,,,,12.383895663515572,,,,12.383895663515572
cusparse_direct_cudagraph,flybrain,NVIDIA GeForce RTX 5090,2.11.0+cu128,12.8,default,0.0003816247733734,,,,,,b0d0a05d76d189b9,1,138639,256,1,15091983,108.85813515677408,flybrain,1,9783,163.19999046318512,1.499198844699568,0.4816346156348125,288.0,599.6199999999953,1.0,0.0005,0.0005,0.0005000058605442,0.5,0.5000058605442913,69.3203125,70.0,87,8213.0625,15953.0,19469,0.0671891491935404,0.0671891491935404,0.0206336018104853,1.2550433900597318,sampled_16_timesteps_max_2048_sources,converged,1.088714599609375,0.0005,0.0005000058445148,5.844514816989027e-09,True,20,SpMV,CUSPARSE_SPMV_ALG_DEFAULT,,,torch_cuda_event,gpu_execution,full_rsnn,device_native,independent_inference,sparse_only,"(256, 1, 138639)","(256, 1, 138639)",138639,138639,1,1,BN,csr_post_by_pre,csr_post_by_pre,none,False,False,True,0,torch.int32,torch.float32,torch.float32,dense,,,False,False,False,False,False,True,1.0,58960,406886764,406886764,0,0,False,unknown,unknown,unknown,unknown,unknown,,41.92976;41.8484154;41.8648338;41.8361282;41.8668785;41.8504944;41.8627853;41.8545914;41.8648338;41.8341103;41.8648338;41.8607368;41.8402557;41.8668785;41.8443527;41.8423347;41.8668785;41.8525429;41.8505287;41.8515205,20,41.8576847076416,0.0200492637064648,41.834110260009766,41.92975997924805,passed,0,0.0,2.384185791015625e-07,1.1175870895385742e-08,1.1743678669517976e-06,2.182552407248295e-06,1.1743678669517976e-06,2.182552407248295e-06,138639,0,full_state,passed,,41.853567123413086,,,,,,,1.0,,,,1.0
tilespmspv_cudagraph,flybrain,NVIDIA GeForce RTX 5090,2.11.0+cu128,12.8,default,0.0003816247733734,,,,,,b0d0a05d76d189b9,1,138639,256,1,15091983,108.85813515677408,flybrain,1,9783,163.19999046318512,1.499198844699568,0.4816346156348125,288.0,599.6199999999953,1.0,0.0005,0.0005,0.0005000058605442,0.5,0.5000058605442913,69.3203125,70.0,87,8213.0625,15953.0,19469,0.0671891491935404,0.0671891491935404,0.0206336018104853,1.2550433900597318,sampled_16_timesteps_max_2048_sources,converged,1.088714599609375,0.0005,0.0005000058445148,5.844514816989027e-09,True,20,SpMV,CUSPARSE_SPMV_ALG_DEFAULT,,,torch_cuda_event_cudagraph_replay,gpu_execution,full_rsnn,device_adapted,independent_inference,sparse_only,"(256, 1, 138639)","(256, 1, 138639)",138639,138639,1,1,BN,spmspv_csc_dense_device,spmspv_csc_dense_device,none,False,False,True,0,torch.int64,torch.float32,torch.float32,dense_device,,,False,False,False,False,False,True,1.0,554556,325842920,325842920,0,0,False,unknown,unknown,unknown,unknown,unknown,,6.64633608;6.63161612;6.63628817;6.63411188;6.63564777;6.63632011;6.63520002;6.63823986;6.62793589;6.63011217;6.637568;6.63414383;6.63308811;6.63411188;6.6300478;6.63414383;6.63619184;6.63206387;6.63312006;6.63414383,20,6.634521555900574,0.0038089680541396,6.627935886383057,6.646336078643799,passed,0,0.0,3.91155481338501e-08,7.450580596923828e-09,1.955326212055297e-07,1.4445237184190771e-06,1.955326212055297e-07,1.4445237184190771e-06,138639,0,full_state,passed,,6.634143829345703,,,,,,,,,,,6.308812139145455
globalatomic_cudagraph,flybrain,NVIDIA GeForce RTX 5090,2.11.0+cu128,12.8,default,0.0003816247733734,,,,,,b0d0a05d76d189b9,1,138639,256,1,15091983,108.85813515677408,flybrain,1,9783,163.19999046318512,1.499198844699568,0.4816346156348125,288.0,599.6199999999953,1.0,0.0005,0.0005,0.0005000058605442,0.5,0.5000058605442913,69.3203125,70.0,87,8213.0625,15953.0,19469,0.0671891491935404,0.0671891491935404,0.0206336018104853,1.2550433900597318,sampled_16_timesteps_max_2048_sources,converged,1.088714599609375,0.0005,0.0005000058445148,5.844514816989027e-09,True,20,SpMV,CUSPARSE_SPMV_ALG_DEFAULT,,,torch_cuda_event_cudagraph_replay,gpu_execution,full_rsnn,device_adapted,independent_inference,sparse_only,"(256, 1, 138639)","(256, 1, 138639)",138639,138639,1,1,BN,spmspv_csc_dense_device,spmspv_csc_dense_device,none,False,False,True,0,torch.int64,torch.float32,torch.float32,dense_device,,,False,False,False,False,False,True,1.0,554556,325842920,325842920,0,0,False,unknown,unknown,unknown,unknown,unknown,,11.3781118;11.3663683;11.3676481;11.3686724;11.3676157;11.3686399;11.3666563;11.3635521;11.362464;11.3635521;11.3664961;11.3639364;11.3711042;11.3649921;11.3640003;11.3650236;11.3660164;11.3670721;11.3690882;11.3619204,20,11.36664652824402,0.0036032470042859,11.361920356750488,11.378111839294434,passed,0,0.0,3.91155481338501e-08,7.450580596923828e-09,1.955326212055297e-07,1.4445237184190771e-06,1.955326212055297e-07,1.4445237184190771e-06,138639,0,full_state,passed,,11.366432189941406,,,,,,,,,,,3.682207963238537
vdha_cudagraph,flybrain,NVIDIA GeForce RTX 5090,2.11.0+cu128,12.8,default,0.0003816247733734,,,,,,b0d0a05d76d189b9,1,138639,256,1,15091983,108.85813515677408,flybrain,1,9783,163.19999046318512,1.499198844699568,0.4816346156348125,288.0,599.6199999999953,1.0,0.0005,0.0005,0.0005000058605442,0.5,0.5000058605442913,69.3203125,70.0,87,8213.0625,15953.0,19469,0.0671891491935404,0.0671891491935404,0.0206336018104853,1.2550433900597318,sampled_16_timesteps_max_2048_sources,converged,1.088714599609375,0.0005,0.0005000058445148,5.844514816989027e-09,True,20,SpMV,CUSPARSE_SPMV_ALG_DEFAULT,,,torch_cuda_event_cudagraph_replay,gpu_execution,full_rsnn,device_adapted,independent_inference,sparse_only,"(256, 1, 138639)","(256, 1, 138639)",138639,138639,1,1,BN,spmspv_csc_dense_device,spmspv_csc_dense_device,none,False,False,True,0,torch.int64,torch.float32,torch.float32,dense_device,,,False,False,False,False,False,True,1.0,554556,325842920,325842920,0,0,False,unknown,unknown,unknown,unknown,unknown,,11.6065598;11.5976324;11.6024961;11.5974398;11.5903044;11.5954561;11.6021757;11.5994558;11.5979843;11.5973759;11.5984964;11.5933762;11.5980482;11.597024;11.6005116;11.5933762;11.594368;11.5994883;11.5933762;11.5923204,20,11.59736328125,0.0039120469510384,11.590304374694824,11.606559753417969,passed,0,0.0,3.91155481338501e-08,7.450580596923828e-09,1.955326212055297e-07,1.4445237184190771e-06,1.955326212055297e-07,1.4445237184190771e-06,138639,0,full_state,passed,,11.597536087036133,,,,,,,,,,,3.608832670087357
persistent_spike_block,flybrain,NVIDIA GeForce RTX 5090,2.11.0+cu128,12.8,default,0.0003816247733734,,,,,,b0d0a05d76d189b9,1,138639,256,1,15091983,108.85813515677408,flybrain,1,9783,163.19999046318512,1.499198844699568,0.4816346156348125,288.0,599.6199999999953,1.0,0.0005,0.0005,0.0005000058605442,0.5,0.5000058605442913,69.3203125,70.0,87,8213.0625,15953.0,19469,0.0671891491935404,0.0671891491935404,0.0206336018104853,1.2550433900597318,sampled_16_timesteps_max_2048_sources,converged,1.088714599609375,0.0005,0.0005000058445148,5.844514816989027e-09,True,20,SpMV,CUSPARSE_SPMV_ALG_DEFAULT,,,torch_cuda_event,gpu_execution,full_rsnn,device_native,independent_inference,full_fusion,"(256, 1, 138639)","(256, 1, 138639)",138639,138639,1,1,BN,event_csr,event_csr,dense_to_events_precomputed,False,True,True,0,torch.int32,torch.float32,torch.float32,windowed_events,,,False,False,False,False,False,False,1.0,3685120,122471548,122471548,0,0,False,unknown,unknown,unknown,unknown,unknown,,3.84243202;3.7988801;3.80009604;3.80563211;3.79379201;3.79843211;3.79590392;3.79327989;3.79801607;3.78969598;3.79910398;3.79689598;3.80025601;3.79331207;3.79788804;3.79737592;3.79494405;3.80047989;3.80006409;3.80006409,20,3.799827218055725,0.0106085532513536,3.789695978164673,3.842432022094727,passed,0,0.0,7.152557373046875e-07,7.450580596923828e-09,3.523103487168555e-06,1.4680684898848997e-06,3.523103487168555e-06,1.4680684898848997e-06,138639,0,full_state,passed,,3.798224091529846,,,,,,,11.019246393794353,,,,11.019246393794353
cusparse_direct_cudagraph,flybrain,NVIDIA GeForce RTX 5090,2.11.0+cu128,12.8,default,0.0003816247733734,,,,,,307f194623fea176,1,138639,256,1,15091983,108.85813515677408,flybrain,1,9783,163.19999046318512,1.499198844699568,0.4816346156348125,288.0,599.6199999999953,1.0,0.001,0.001,0.0010000117210885,1.0,1.0000117210885826,138.640625,140.0,211,17676.91015625,26180.0,37910,0.1248389796973721,0.1248389796973721,0.0369466582493759,1.521920432773583,sampled_16_timesteps_max_2048_sources,converged,1.1343002319335938,0.001,0.0010000116890296,1.1689029633978054e-08,True,20,SpMV,CUSPARSE_SPMV_ALG_DEFAULT,,,torch_cuda_event,gpu_execution,full_rsnn,device_native,independent_inference,sparse_only,"(256, 1, 138639)","(256, 1, 138639)",138639,138639,1,1,BN,csr_post_by_pre,csr_post_by_pre,none,False,False,True,0,torch.int32,torch.float32,torch.float32,dense,,,False,False,False,False,False,True,1.0,58960,406886764,406886764,0,0,False,unknown,unknown,unknown,unknown,unknown,,42.0006714;41.8892479;41.8382416;41.8566399;41.8627853;41.8709755;41.8484497;41.8341103;41.8443527;41.8341103;41.8443527;41.8566093;41.8320656;41.8504944;41.8361588;41.8484497;41.8566399;41.8443527;41.8474236;41.8464012,20,41.85712661743164,0.0364464662650898,41.83206558227539,42.00067138671875,passed,0,0.0,2.384185791015625e-07,1.4901161193847656e-08,1.173773512164189e-06,2.8962806482013548e-06,1.173773512164189e-06,2.8962806482013548e-06,138639,0,full_state,passed,,41.84793663024902,,,,,,,1.0,,,,1.0
tilespmspv_cudagraph,flybrain,NVIDIA GeForce RTX 5090,2.11.0+cu128,12.8,default,0.0003816247733734,,,,,,307f194623fea176,1,138639,256,1,15091983,108.85813515677408,flybrain,1,9783,163.19999046318512,1.499198844699568,0.4816346156348125,288.0,599.6199999999953,1.0,0.001,0.001,0.0010000117210885,1.0,1.0000117210885826,138.640625,140.0,211,17676.91015625,26180.0,37910,0.1248389796973721,0.1248389796973721,0.0369466582493759,1.521920432773583,sampled_16_timesteps_max_2048_sources,converged,1.1343002319335938,0.001,0.0010000116890296,1.1689029633978054e-08,True,20,SpMV,CUSPARSE_SPMV_ALG_DEFAULT,,,torch_cuda_event_cudagraph_replay,gpu_execution,full_rsnn,device_adapted,independent_inference,sparse_only,"(256, 1, 138639)","(256, 1, 138639)",138639,138639,1,1,BN,spmspv_csc_dense_device,spmspv_csc_dense_device,none,False,False,True,0,torch.int64,torch.float32,torch.float32,dense_device,,,False,False,False,False,False,True,1.0,554556,325842920,325842920,0,0,False,unknown,unknown,unknown,unknown,unknown,,6.82899189;6.82159996;6.81599998;6.81190395;6.81500816;6.81443214;6.81420803;6.80815983;6.81078386;6.81651211;6.82201576;6.81228781;6.81129599;6.81027222;6.82051182;6.81638384;6.8194561;6.81027222;6.81228781;6.81436777,20,6.815337562561036,0.0050801321621755,6.808159828186035,6.828991889953613,passed,0,0.0,1.1920928955078125e-07,1.4901161193847656e-08,5.918190595366468e-07,2.824749344654265e-06,5.918190595366468e-07,2.824749344654265e-06,138639,0,full_state,passed,,6.81439995765686,,,,,,,,,,,6.141103676080452
globalatomic_cudagraph,flybrain,NVIDIA GeForce RTX 5090,2.11.0+cu128,12.8,default,0.0003816247733734,,,,,,307f194623fea176,1,138639,256,1,15091983,108.85813515677408,flybrain,1,9783,163.19999046318512,1.499198844699568,0.4816346156348125,288.0,599.6199999999953,1.0,0.001,0.001,0.0010000117210885,1.0,1.0000117210885826,138.640625,140.0,211,17676.91015625,26180.0,37910,0.1248389796973721,0.1248389796973721,0.0369466582493759,1.521920432773583,sampled_16_timesteps_max_2048_sources,converged,1.1343002319335938,0.001,0.0010000116890296,1.1689029633978054e-08,True,20,SpMV,CUSPARSE_SPMV_ALG_DEFAULT,,,torch_cuda_event_cudagraph_replay,gpu_execution,full_rsnn,device_adapted,independent_inference,sparse_only,"(256, 1, 138639)","(256, 1, 138639)",138639,138639,1,1,BN,spmspv_csc_dense_device,spmspv_csc_dense_device,none,False,False,True,0,torch.int64,torch.float32,torch.float32,dense_device,,,False,False,False,False,False,True,1.0,554556,325842920,325842920,0,0,False,unknown,unknown,unknown,unknown,unknown,,11.4010239;11.3825922;11.3845758;11.3854723;11.3864956;11.3890238;11.3849602;11.3840637;11.3829441;11.3866243;11.3890562;11.3844805;11.3875198;11.3875198;11.390624;11.3834238;11.3844481;11.3875198;11.3844805;11.3834562,20,11.38651523590088,0.0040785729275126,11.38259220123291,11.401023864746094,passed,0,0.0,2.384185791015625e-07,1.4901161193847656e-08,1.1703994005074492e-06,2.824749344654265e-06,1.1703994005074492e-06,2.824749344654265e-06,138639,0,full_state,passed,,11.385216236114502,,,,,,,,,,,3.675638280589277
vdha_cudagraph,flybrain,NVIDIA GeForce RTX 5090,2.11.0+cu128,12.8,default,0.0003816247733734,,,,,,307f194623fea176,1,138639,256,1,15091983,108.85813515677408,flybrain,1,9783,163.19999046318512,1.499198844699568,0.4816346156348125,288.0,599.6199999999953,1.0,0.001,0.001,0.0010000117210885,1.0,1.0000117210885826,138.640625,140.0,211,17676.91015625,26180.0,37910,0.1248389796973721,0.1248389796973721,0.0369466582493759,1.521920432773583,sampled_16_timesteps_max_2048_sources,converged,1.1343002319335938,0.001,0.0010000116890296,1.1689029633978054e-08,True,20,SpMV,CUSPARSE_SPMV_ALG_DEFAULT,,,torch_cuda_event_cudagraph_replay,gpu_execution,full_rsnn,device_adapted,independent_inference,sparse_only,"(256, 1, 138639)","(256, 1, 138639)",138639,138639,1,1,BN,spmspv_csc_dense_device,spmspv_csc_dense_device,none,False,False,True,0,torch.int64,torch.float32,torch.float32,dense_device,,,False,False,False,False,False,True,1.0,554556,325842920,325842920,0,0,False,unknown,unknown,unknown,unknown,unknown,,12.1755838;12.1603203;12.1647997;12.1646719;12.1555519;12.1647682;12.1626883;12.1545277;12.1668158;12.1596479;12.1539516;12.1647043;12.1606398;12.1581116;12.159584;12.1606398;12.1585922;12.1565437;12.1585922;12.1596165,20,12.161017560958864,0.0049879557285084,12.15395164489746,12.175583839416504,passed,0,0.0,2.384185791015625e-07,7.450580596923828e-09,1.170727841781627e-06,1.4751661865375354e-06,1.170727841781627e-06,1.4751661865375354e-06,138639,0,full_state,passed,,12.159984111785889,,,,,,,,,,,3.44144665367519
persistent_spike_block,flybrain,NVIDIA GeForce RTX 5090,2.11.0+cu128,12.8,default,0.0003816247733734,,,,,,307f194623fea176,1,138639,256,1,15091983,108.85813515677408,flybrain,1,9783,163.19999046318512,1.499198844699568,0.4816346156348125,288.0,599.6199999999953,1.0,0.001,0.001,0.0010000117210885,1.0,1.0000117210885826,138.640625,140.0,211,17676.91015625,26180.0,37910,0.1248389796973721,0.1248389796973721,0.0369466582493759,1.521920432773583,sampled_16_timesteps_max_2048_sources,converged,1.1343002319335938,0.001,0.0010000116890296,1.1689029633978054e-08,True,20,SpMV,CUSPARSE_SPMV_ALG_DEFAULT,,,torch_cuda_event,gpu_execution,full_rsnn,device_native,independent_inference,full_fusion,"(256, 1, 138639)","(256, 1, 138639)",138639,138639,1,1,BN,event_csr,event_csr,dense_to_events_precomputed,False,True,True,0,torch.int32,torch.float32,torch.float32,windowed_events,,,False,False,False,False,False,False,1.0,3685120,122542532,122542532,0,0,False,unknown,unknown,unknown,unknown,unknown,,4.2432642;4.17481613;4.17526388;4.17705584;4.17782402;4.18108797;4.18604803;4.18287992;4.18547201;4.18726397;4.18598413;4.18294382;4.1917119;4.18508816;4.18345594;4.18508816;4.18710423;4.1912322;4.17791986;4.18508816,20,4.186329627037049,0.0142251843943051,4.174816131591797,4.243264198303223,passed,0,0.0,4.76837158203125e-07,1.862645149230957e-08,2.3246493583428678e-06,3.651203087429167e-06,2.3246493583428678e-06,3.651203087429167e-06,138639,0,full_state,passed,,4.185088157653809,,,,,,,9.999296323953493,,,,9.999296323953493
cusparse_direct_cudagraph,flybrain,NVIDIA GeForce RTX 5090,2.11.0+cu128,12.8,default,0.0003816247733734,,,,,,5eae6f0f05d731bf,1,138639,256,1,15091983,108.85813515677408,flybrain,1,9783,163.19999046318512,1.499198844699568,0.4816346156348125,288.0,599.6199999999953,1.0,0.002,0.002,0.0019711997075137,2.0,1.9711997075137588,273.28515625,278.0,551,36932.2890625,50642.0,65606,0.2190910501994354,0.2190910501994354,0.0697295933207783,2.016209030745701,sampled_16_timesteps_max_2048_sources,nonmonotonic_best_effort,1.1766433715820312,0.002,0.0019711996428668,2.8800357133150142e-05,True,20,SpMV,CUSPARSE_SPMV_ALG_DEFAULT,,,torch_cuda_event,gpu_execution,full_rsnn,device_native,independent_inference,sparse_only,"(256, 1, 138639)","(256, 1, 138639)",138639,138639,1,1,BN,csr_post_by_pre,csr_post_by_pre,none,False,False,True,0,torch.int32,torch.float32,torch.float32,dense,,,False,False,False,False,False,True,1.0,58960,406886764,406886764,0,0,False,unknown,unknown,unknown,unknown,unknown,,41.9085121;41.8339195;41.8525429;41.8505287;41.873024;41.8935051;41.8484497;41.8750381;41.8996811;41.9078407;41.8545914;41.8689613;41.8648338;41.8361588;41.8423347;41.8422737;41.8484497;41.8648643;41.866848;41.8484802,20,41.86404190063477,0.022977758117006,41.83391952514648,41.90851211547852,passed,0,0.0,7.152557373046875e-07,2.9802322387695312e-08,3.447291646807571e-06,5.591465196630452e-06,3.447291646807571e-06,5.591465196630452e-06,138639,0,full_state,passed,,41.85971260070801,,,,,,,1.0,,,,1.0
tilespmspv_cudagraph,flybrain,NVIDIA GeForce RTX 5090,2.11.0+cu128,12.8,default,0.0003816247733734,,,,,,5eae6f0f05d731bf,1,138639,256,1,15091983,108.85813515677408,flybrain,1,9783,163.19999046318512,1.499198844699568,0.4816346156348125,288.0,599.6199999999953,1.0,0.002,0.002,0.0019711997075137,2.0,1.9711997075137588,273.28515625,278.0,551,36932.2890625,50642.0,65606,0.2190910501994354,0.2190910501994354,0.0697295933207783,2.016209030745701,sampled_16_timesteps_max_2048_sources,nonmonotonic_best_effort,1.1766433715820312,0.002,0.0019711996428668,2.8800357133150142e-05,True,20,SpMV,CUSPARSE_SPMV_ALG_DEFAULT,,,torch_cuda_event_cudagraph_replay,gpu_execution,full_rsnn,device_adapted,independent_inference,sparse_only,"(256, 1, 138639)","(256, 1, 138639)",138639,138639,1,1,BN,spmspv_csc_dense_device,spmspv_csc_dense_device,none,False,False,True,0,torch.int64,torch.float32,torch.float32,dense_device,,,False,False,False,False,False,True,1.0,554556,325842920,325842920,0,0,False,unknown,unknown,unknown,unknown,unknown,,7.21273613;7.20492792;7.20204782;7.20099211;7.20188808;7.2054081;7.20448017;7.19939184;7.20345592;7.20038414;7.19884777;7.20656013;7.20755196;7.19628811;7.19939184;7.20755196;7.20854378;7.20342398;7.19836807;7.2075839,20,7.203491187095642,0.0041721021305089,7.196288108825684,7.212736129760742,passed,0,0.0,9.5367431640625e-07,2.9802322387695312e-08,4.496555902733235e-06,5.612163022306049e-06,4.496555902733235e-06,5.612163022306049e-06,138639,0,full_state,passed,,7.203439950942993,,,,,,,,,,,5.811072610555767
globalatomic_cudagraph,flybrain,NVIDIA GeForce RTX 5090,2.11.0+cu128,12.8,default,0.0003816247733734,,,,,,5eae6f0f05d731bf,1,138639,256,1,15091983,108.85813515677408,flybrain,1,9783,163.19999046318512,1.499198844699568,0.4816346156348125,288.0,599.6199999999953,1.0,0.002,0.002,0.0019711997075137,2.0,1.9711997075137588,273.28515625,278.0,551,36932.2890625,50642.0,65606,0.2190910501994354,0.2190910501994354,0.0697295933207783,2.016209030745701,sampled_16_timesteps_max_2048_sources,nonmonotonic_best_effort,1.1766433715820312,0.002,0.0019711996428668,2.8800357133150142e-05,True,20,SpMV,CUSPARSE_SPMV_ALG_DEFAULT,,,torch_cuda_event_cudagraph_replay,gpu_execution,full_rsnn,device_adapted,independent_inference,sparse_only,"(256, 1, 138639)","(256, 1, 138639)",138639,138639,1,1,BN,spmspv_csc_dense_device,spmspv_csc_dense_device,none,False,False,True,0,torch.int64,torch.float32,torch.float32,dense_device,,,False,False,False,False,False,True,1.0,554556,325842920,325842920,0,0,False,unknown,unknown,unknown,unknown,unknown,,11.3716803;11.3661118;11.3634243;11.3609276;11.3701439;11.36304;11.3649282;11.3660479;11.36448;11.3675518;11.3624315;11.3650236;11.3639679;11.3649921;11.3639679;11.3629761;11.3639679;11.3608961;11.3609276;11.3660479,20,11.36467671394348,0.0028045053293432,11.360896110534668,11.37168025970459,passed,0,0.0,9.5367431640625e-07,2.9802322387695312e-08,4.496555902733235e-06,5.612163022306049e-06,4.496555902733235e-06,5.612163022306049e-06,138639,0,full_state,passed,,11.364223957061768,,,,,,,,,,,3.683464243477553
vdha_cudagraph,flybrain,NVIDIA GeForce RTX 5090,2.11.0+cu128,12.8,default,0.0003816247733734,,,,,,5eae6f0f05d731bf,1,138639,256,1,15091983,108.85813515677408,flybrain,1,9783,163.19999046318512,1.499198844699568,0.4816346156348125,288.0,599.6199999999953,1.0,0.002,0.002,0.0019711997075137,2.0,1.9711997075137588,273.28515625,278.0,551,36932.2890625,50642.0,65606,0.2190910501994354,0.2190910501994354,0.0697295933207783,2.016209030745701,sampled_16_timesteps_max_2048_sources,nonmonotonic_best_effort,1.1766433715820312,0.002,0.0019711996428668,2.8800357133150142e-05,True,20,SpMV,CUSPARSE_SPMV_ALG_DEFAULT,,,torch_cuda_event_cudagraph_replay,gpu_execution,full_rsnn,device_adapted,independent_inference,sparse_only,"(256, 1, 138639)","(256, 1, 138639)",138639,138639,1,1,BN,spmspv_csc_dense_device,spmspv_csc_dense_device,none,False,False,True,0,torch.int64,torch.float32,torch.float32,dense_device,,,False,False,False,False,False,True,1.0,554556,325842920,325842920,0,0,False,unknown,unknown,unknown,unknown,unknown,,12.3530235;12.3328962;12.3326721;12.3362885;12.3423042;12.3429441;12.3347521;12.3408003;12.329216;12.3408003;12.3307199;12.3341761;12.3449917;12.3650236;12.3675203;12.3613443;12.3675203;12.3603516;12.3674879;12.3633919,20,12.347411251068117,0.0141542533346236,12.329216003417969,12.367520332336426,passed,0,0.0,9.5367431640625e-07,2.9802322387695312e-08,4.496555902733235e-06,5.612163022306049e-06,4.496555902733235e-06,5.612163022306049e-06,138639,0,full_state,passed,,12.342624187469482,,,,,,,,,,,3.391475910220531
persistent_spike_block,flybrain,NVIDIA GeForce RTX 5090,2.11.0+cu128,12.8,default,0.0003816247733734,,,,,,5eae6f0f05d731bf,1,138639,256,1,15091983,108.85813515677408,flybrain,1,9783,163.19999046318512,1.499198844699568,0.4816346156348125,288.0,599.6199999999953,1.0,0.002,0.002,0.0019711997075137,2.0,1.9711997075137588,273.28515625,278.0,551,36932.2890625,50642.0,65606,0.2190910501994354,0.2190910501994354,0.0697295933207783,2.016209030745701,sampled_16_timesteps_max_2048_sources,nonmonotonic_best_effort,1.1766433715820312,0.002,0.0019711996428668,2.8800357133150142e-05,True,20,SpMV,CUSPARSE_SPMV_ALG_DEFAULT,,,torch_cuda_event,gpu_execution,full_rsnn,device_native,independent_inference,full_fusion,"(256, 1, 138639)","(256, 1, 138639)",138639,138639,1,1,BN,event_csr,event_csr,dense_to_events_precomputed,False,True,True,0,torch.int32,torch.float32,torch.float32,windowed_events,,,False,False,False,False,False,False,1.0,3685120,122684496,122684496,0,0,False,unknown,unknown,unknown,unknown,unknown,,4.67475224;4.62025595;4.62134409;4.61868811;4.61721611;4.62601614;4.61721611;4.62380791;4.61718416;4.61696005;4.61721611;4.62419224;4.62140799;4.61676788;4.61206388;4.62476778;4.62121582;4.61664009;4.61721611;4.61823988,20,4.622158432006836,0.0128527513281422,4.612063884735107,4.674752235412598,passed,0,0.0,1.430511474609375e-06,1.1920928955078125e-07,6.958745416341117e-06,2.1411389752756804e-05,6.958745416341117e-06,2.1411389752756804e-05,138639,0,full_state,passed,,4.61846399307251,,,,,,,9.063557205056856,,,,9.063557205056856
cusparse_direct_cudagraph,flybrain,NVIDIA GeForce RTX 5090,2.11.0+cu128,12.8,default,0.0003816247733734,,,,,,9ccdbe9fe3c7d051,1,138639,256,1,15091983,108.85813515677408,flybrain,1,9783,163.19999046318512,1.499198844699568,0.4816346156348125,288.0,599.6199999999953,1.0,0.005,0.005,0.0051010402916928,5.0,5.101040291692813,707.203125,1371.0,1410,138725.67578125,370202.0,393000,0.4790964124310611,0.4790964124310612,0.5362733793813734,1.9937694704049844,sampled_16_timesteps_max_2048_sources,nonmonotonic_best_effort,1.013946533203125,0.005,0.0051010400056838,0.0001010400056838,True,20,SpMV,CUSPARSE_SPMV_ALG_DEFAULT,,,torch_cuda_event,gpu_execution,full_rsnn,device_native,independent_inference,sparse_only,"(256, 1, 138639)","(256, 1, 138639)",138639,138639,1,1,BN,csr_post_by_pre,csr_post_by_pre,none,False,False,True,0,torch.int32,torch.float32,torch.float32,dense,,,False,False,False,False,False,True,1.0,58960,406886764,406886764,0,0,False,unknown,unknown,unknown,unknown,unknown,,41.9340477;41.8503342;41.8443527;41.8381767;41.8402252;41.8504944;41.8341103;41.8586884;41.8238716;41.8484497;41.8238716;41.8218231;41.8341446;41.8300171;41.8341103;41.8279686;41.8351059;41.8423042;41.8505287;41.815712,20,41.841916847229,0.0244520299809222,41.815711975097656,41.93404769897461,passed,0,0.0,3.0517578125e-05,9.5367431640625e-07,5.713788777939044e-05,5.96553654759191e-05,5.713788777939044e-05,5.96553654759191e-05,138639,0,full_state,passed,,41.83664131164551,,,,,,,1.0,,,,1.0
tilespmspv_cudagraph,flybrain,NVIDIA GeForce RTX 5090,2.11.0+cu128,12.8,default,0.0003816247733734,,,,,,9ccdbe9fe3c7d051,1,138639,256,1,15091983,108.85813515677408,flybrain,1,9783,163.19999046318512,1.499198844699568,0.4816346156348125,288.0,599.6199999999953,1.0,0.005,0.005,0.0051010402916928,5.0,5.101040291692813,707.203125,1371.0,1410,138725.67578125,370202.0,393000,0.4790964124310611,0.4790964124310612,0.5362733793813734,1.9937694704049844,sampled_16_timesteps_max_2048_sources,nonmonotonic_best_effort,1.013946533203125,0.005,0.0051010400056838,0.0001010400056838,True,20,SpMV,CUSPARSE_SPMV_ALG_DEFAULT,,,torch_cuda_event_cudagraph_replay,gpu_execution,full_rsnn,device_adapted,independent_inference,sparse_only,"(256, 1, 138639)","(256, 1, 138639)",138639,138639,1,1,BN,spmspv_csc_dense_device,spmspv_csc_dense_device,none,False,False,True,0,torch.int64,torch.float32,torch.float32,dense_device,,,False,False,False,False,False,True,1.0,554556,325842920,325842920,0,0,False,unknown,unknown,unknown,unknown,unknown,,7.23228788;7.21484804;7.21216011;7.2118082;7.21420813;7.21583986;7.21459198;7.213696;7.21321583;7.21478415;7.21318388;7.21468782;7.21779203;7.20652819;7.21779203;7.2147522;7.21372795;7.22192001;7.21680021;7.21372795,20,7.2154176235198975,0.0049485287218641,7.206528186798096,7.232287883758545,passed,0,0.0,6.103515625e-05,2.86102294921875e-06,0.0001604310091352,0.0001754878030624,0.0001604310091352,0.0001754878030624,138639,0,full_state,passed,,7.214639902114868,,,,,,,,,,,5.79885370292448
globalatomic_cudagraph,flybrain,NVIDIA GeForce RTX 5090,2.11.0+cu128,12.8,default,0.0003816247733734,,,,,,9ccdbe9fe3c7d051,1,138639,256,1,15091983,108.85813515677408,flybrain,1,9783,163.19999046318512,1.499198844699568,0.4816346156348125,288.0,599.6199999999953,1.0,0.005,0.005,0.0051010402916928,5.0,5.101040291692813,707.203125,1371.0,1410,138725.67578125,370202.0,393000,0.4790964124310611,0.4790964124310612,0.5362733793813734,1.9937694704049844,sampled_16_timesteps_max_2048_sources,nonmonotonic_best_effort,1.013946533203125,0.005,0.0051010400056838,0.0001010400056838,True,20,SpMV,CUSPARSE_SPMV_ALG_DEFAULT,,,torch_cuda_event_cudagraph_replay,gpu_execution,full_rsnn,device_adapted,independent_inference,sparse_only,"(256, 1, 138639)","(256, 1, 138639)",138639,138639,1,1,BN,spmspv_csc_dense_device,spmspv_csc_dense_device,none,False,False,True,0,torch.int64,torch.float32,torch.float32,dense_device,,,False,False,False,False,False,True,1.0,554556,325842920,325842920,0,0,False,unknown,unknown,unknown,unknown,unknown,,11.3807039;11.3602562;11.361536;11.3608961;11.3613443;11.3645763;11.3624964;11.3593283;11.3651199;11.3614082;11.3625603;11.3629761;11.3598719;11.3649921;11.3619518;11.3608961;11.3619518;11.3608961;11.3670721;11.3619204,20,11.36313772201538,0.0045646371271001,11.359328269958496,11.380703926086426,passed,0,0.0,6.103515625e-05,2.86102294921875e-06,0.0001604310091352,0.0002005574933718,0.0001604310091352,0.0002005574933718,138639,0,full_state,passed,,11.361936092376707,,,,,,,,,,,3.6821753767578222
vdha_cudagraph,flybrain,NVIDIA GeForce RTX 5090,2.11.0+cu128,12.8,default,0.0003816247733734,,,,,,9ccdbe9fe3c7d051,1,138639,256,1,15091983,108.85813515677408,flybrain,1,9783,163.19999046318512,1.499198844699568,0.4816346156348125,288.0,599.6199999999953,1.0,0.005,0.005,0.0051010402916928,5.0,5.101040291692813,707.203125,1371.0,1410,138725.67578125,370202.0,393000,0.4790964124310611,0.4790964124310612,0.5362733793813734,1.9937694704049844,sampled_16_timesteps_max_2048_sources,nonmonotonic_best_effort,1.013946533203125,0.005,0.0051010400056838,0.0001010400056838,True,20,SpMV,CUSPARSE_SPMV_ALG_DEFAULT,,,torch_cuda_event_cudagraph_replay,gpu_execution,full_rsnn,device_adapted,independent_inference,sparse_only,"(256, 1, 138639)","(256, 1, 138639)",138639,138639,1,1,BN,spmspv_csc_dense_device,spmspv_csc_dense_device,none,False,False,True,0,torch.int64,torch.float32,torch.float32,dense_device,,,False,False,False,False,False,True,1.0,554556,325842920,325842920,0,0,False,unknown,unknown,unknown,unknown,unknown,,13.3943357;13.3790398;13.3801918;13.3724804;13.3786879;13.3696003;13.3763199;13.376544;13.3761282;13.377408;13.3817596;13.3751678;13.3825283;13.3736639;13.3751364;13.3720322;13.3792;13.3792;13.3781757;13.3751364,20,13.377636814117432,0.0051133701822333,13.369600296020508,13.394335746765137,passed,0,0.0,3.0517578125e-05,1.9073486328125e-06,8.146025356836617e-05,0.000119380223623,8.146025356836617e-05,0.000119380223623,138639,0,full_state,passed,,13.376976013183594,,,,,,,,,,,3.127511125863848
persistent_spike_block,flybrain,NVIDIA GeForce RTX 5090,2.11.0+cu128,12.8,default,0.0003816247733734,,,,,,9ccdbe9fe3c7d051,1,138639,256,1,15091983,108.85813515677408,flybrain,1,9783,163.19999046318512,1.499198844699568,0.4816346156348125,288.0,599.6199999999953,1.0,0.005,0.005,0.0051010402916928,5.0,5.101040291692813,707.203125,1371.0,1410,138725.67578125,370202.0,393000,0.4790964124310611,0.4790964124310612,0.5362733793813734,1.9937694704049844,sampled_16_timesteps_max_2048_sources,nonmonotonic_best_effort,1.013946533203125,0.005,0.0051010400056838,0.0001010400056838,True,20,SpMV,CUSPARSE_SPMV_ALG_DEFAULT,,,torch_cuda_event,gpu_execution,full_rsnn,device_native,independent_inference,full_fusion,"(256, 1, 138639)","(256, 1, 138639)",138639,138639,1,1,BN,event_csr,event_csr,dense_to_events_precomputed,False,True,True,0,torch.int32,torch.float32,torch.float32,windowed_events,,,False,False,False,False,False,False,1.0,3685120,123110396,123110396,0,0,False,unknown,unknown,unknown,unknown,unknown,,5.11196804;4.92543983;5.04307222;4.91417599;5.03494406;4.91926384;5.03545618;4.91004801;5.0425601;4.91616011;5.03183985;4.91641617;5.05024004;4.91929579;5.03481579;4.92748785;5.04975986;4.91839981;5.04012823;4.92643213,20,4.983395195007324,0.0678215962859537,4.910048007965088,5.111968040466309,passed_causal_masked_state,38,1.0706763609085466e-06,0.1329733282327652,0.0247853584587574,0.664688766002655,4.8129658699035645,0.0013592188479378,0.0017432527383789,135960,2679,causal_masked_state,passed_causal_masked_state,,4.979663848876953,,,,,,,8.4014990933737,,,,8.4014990933737
cusparse_direct_cudagraph,flybrain,NVIDIA GeForce RTX 5090,2.11.0+cu128,12.8,default,0.0003816247733734,,,,,,b06c7961bc3a673f,1,138639,256,1,15091983,108.85813515677408,flybrain,1,9783,163.19999046318512,1.499198844699568,0.4816346156348125,288.0,599.6199999999953,1.0,0.01,0.01,0.010147307034817,10.0,10.147307034817045,1406.8125,1593.25,2148,355072.75,405037.0,434312,0.8105351374773613,0.8105351374773615,0.1928776712521401,1.526855924296948,sampled_16_timesteps_max_2048_sources,converged,1.0000228881835938,0.01,0.0101473070681095,0.0001473070681095,True,20,SpMV,CUSPARSE_SPMV_ALG_DEFAULT,,,torch_cuda_event,gpu_execution,full_rsnn,device_native,independent_inference,sparse_only,"(256, 1, 138639)","(256, 1, 138639)",138639,138639,1,1,BN,csr_post_by_pre,csr_post_by_pre,none,False,False,True,0,torch.int32,torch.float32,torch.float32,dense,,,False,False,False,False,False,True,1.0,58960,406886764,406886764,0,0,False,unknown,unknown,unknown,unknown,unknown,,41.8946877;41.8729286;41.8504944;41.8504944;41.8361588;41.8239021;41.8238411;41.8484497;41.8504944;41.8586884;41.8484802;41.8443832;41.8279686;41.8300171;41.8300171;41.8300171;41.8505287;41.8474236;41.8320656;41.8341446,20,41.84425926208496,0.0174662430554866,41.8238410949707,41.89468765258789,passed,0,0.0,3.0517578125e-05,1.430511474609375e-06,5.598208372248337e-05,8.085457375273108e-05,5.598208372248337e-05,8.085457375273108e-05,138639,0,full_state,passed,,41.845903396606445,,,,,,,1.0,,,,1.0
tilespmspv_cudagraph,flybrain,NVIDIA GeForce RTX 5090,2.11.0+cu128,12.8,default,0.0003816247733734,,,,,,b06c7961bc3a673f,1,138639,256,1,15091983,108.85813515677408,flybrain,1,9783,163.19999046318512,1.499198844699568,0.4816346156348125,288.0,599.6199999999953,1.0,0.01,0.01,0.010147307034817,10.0,10.147307034817045,1406.8125,1593.25,2148,355072.75,405037.0,434312,0.8105351374773613,0.8105351374773615,0.1928776712521401,1.526855924296948,sampled_16_timesteps_max_2048_sources,converged,1.0000228881835938,0.01,0.0101473070681095,0.0001473070681095,True,20,SpMV,CUSPARSE_SPMV_ALG_DEFAULT,,,torch_cuda_event_cudagraph_replay,gpu_execution,full_rsnn,device_adapted,independent_inference,sparse_only,"(256, 1, 138639)","(256, 1, 138639)",138639,138639,1,1,BN,spmspv_csc_dense_device,spmspv_csc_dense_device,none,False,False,True,0,torch.int64,torch.float32,torch.float32,dense_device,,,False,False,False,False,False,True,1.0,554556,325842920,325842920,0,0,False,unknown,unknown,unknown,unknown,unknown,,7.30937576;7.2914238;7.29392004;7.29577589;7.28585577;7.28966379;7.29244804;7.28745604;7.28998423;7.29167986;7.2961278;7.28742409;7.28643179;7.2894721;7.29257584;7.28745604;7.28844786;7.29152012;7.2884798;7.29360008,20,7.291455936431885,0.0051638863205077,7.285855770111084,7.309375762939453,passed,0,0.0,6.103515625e-05,2.86102294921875e-06,0.0001569051091792,0.0001751554664224,0.0001569051091792,0.0001751554664224,138639,0,full_state,passed,,7.290704011917114,,,,,,,,,,,5.739624503779976
globalatomic_cudagraph,flybrain,NVIDIA GeForce RTX 5090,2.11.0+cu128,12.8,default,0.0003816247733734,,,,,,b06c7961bc3a673f,1,138639,256,1,15091983,108.85813515677408,flybrain,1,9783,163.19999046318512,1.499198844699568,0.4816346156348125,288.0,599.6199999999953,1.0,0.01,0.01,0.010147307034817,10.0,10.147307034817045,1406.8125,1593.25,2148,355072.75,405037.0,434312,0.8105351374773613,0.8105351374773615,0.1928776712521401,1.526855924296948,sampled_16_timesteps_max_2048_sources,converged,1.0000228881835938,0.01,0.0101473070681095,0.0001473070681095,True,20,SpMV,CUSPARSE_SPMV_ALG_DEFAULT,,,torch_cuda_event_cudagraph_replay,gpu_execution,full_rsnn,device_adapted,independent_inference,sparse_only,"(256, 1, 138639)","(256, 1, 138639)",138639,138639,1,1,BN,spmspv_csc_dense_device,spmspv_csc_dense_device,none,False,False,True,0,torch.int64,torch.float32,torch.float32,dense_device,,,False,False,False,False,False,True,1.0,554556,325842920,325842920,0,0,False,unknown,unknown,unknown,unknown,unknown,,11.3823042;11.3690557;11.3680639;11.3690882;11.3701763;11.3690882;11.3649921;11.365984;11.3650885;11.3681602;11.3664961;11.3680639;11.3670397;11.3690557;11.3660479;11.3711357;11.3680639;11.3650236;11.3670397;11.3639364,20,11.368195199966433,0.003824639580814,11.363936424255373,11.382304191589355,passed_causal_masked_state,4706,0.0001325948145904,0.9995059967041016,0.2172284126281738,4.995236873626709,39.4559326171875,7.976330380188301e-06,1.6995005353237502e-05,54647,83992,causal_masked_state,passed_causal_masked_state,,11.368063926696776,,,,,,,,,,,3.6810052851950874
vdha_cudagraph,flybrain,NVIDIA GeForce RTX 5090,2.11.0+cu128,12.8,default,0.0003816247733734,,,,,,b06c7961bc3a673f,1,138639,256,1,15091983,108.85813515677408,flybrain,1,9783,163.19999046318512,1.499198844699568,0.4816346156348125,288.0,599.6199999999953,1.0,0.01,0.01,0.010147307034817,10.0,10.147307034817045,1406.8125,1593.25,2148,355072.75,405037.0,434312,0.8105351374773613,0.8105351374773615,0.1928776712521401,1.526855924296948,sampled_16_timesteps_max_2048_sources,converged,1.0000228881835938,0.01,0.0101473070681095,0.0001473070681095,True,20,SpMV,CUSPARSE_SPMV_ALG_DEFAULT,,,torch_cuda_event_cudagraph_replay,gpu_execution,full_rsnn,device_adapted,independent_inference,sparse_only,"(256, 1, 138639)","(256, 1, 138639)",138639,138639,1,1,BN,spmspv_csc_dense_device,spmspv_csc_dense_device,none,False,False,True,0,torch.int64,torch.float32,torch.float32,dense_device,,,False,False,False,False,False,True,1.0,554556,325842920,325842920,0,0,False,unknown,unknown,unknown,unknown,unknown,,13.3891201;13.3707838;13.3755522;13.3772478;13.3685436;13.3797121;13.3707523;13.3643198;13.3715839;13.3746557;13.3816004;13.3790722;13.3668804;13.37568;13.375104;13.375104;13.3740797;13.3730564;13.3638401;13.3689919,20,13.373784017562866,0.0060373828380963,13.363840103149414,13.389120101928713,passed,0,0.0,6.103515625e-05,2.86102294921875e-06,0.0001119641674449,0.0001176368969026,0.0001119641674449,0.0001176368969026,138639,0,full_state,passed,,13.374367713928224,,,,,,,,,,,3.1288135851856107
persistent_spike_block,flybrain,NVIDIA GeForce RTX 5090,2.11.0+cu128,12.8,default,0.0003816247733734,,,,,,b06c7961bc3a673f,1,138639,256,1,15091983,108.85813515677408,flybrain,1,9783,163.19999046318512,1.499198844699568,0.4816346156348125,288.0,599.6199999999953,1.0,0.01,0.01,0.010147307034817,10.0,10.147307034817045,1406.8125,1593.25,2148,355072.75,405037.0,434312,0.8105351374773613,0.8105351374773615,0.1928776712521401,1.526855924296948,sampled_16_timesteps_max_2048_sources,converged,1.0000228881835938,0.01,0.0101473070681095,0.0001473070681095,True,20,SpMV,CUSPARSE_SPMV_ALG_DEFAULT,,,torch_cuda_event,gpu_execution,full_rsnn,device_native,independent_inference,full_fusion,"(256, 1, 138639)","(256, 1, 138639)",138639,138639,1,1,BN,event_csr,event_csr,dense_to_events_precomputed,False,True,True,0,torch.int32,torch.float32,torch.float32,windowed_events,,,False,False,False,False,False,False,1.0,3685120,123820228,123820228,0,0,False,unknown,unknown,unknown,unknown,unknown,,5.37209606;5.44025612;5.33043194;5.44566393;5.33990383;5.42716789;5.3447361;5.43347216;5.32627201;5.4363842;5.33487988;5.43024015;5.33343983;5.44265604;5.33750391;5.44563198;5.3339839;5.43535995;5.33913612;5.43232012,20,5.388076806068421,0.0510495024221339,5.326272010803223,5.445663928985596,passed_causal_masked_state,4706,0.0001325948145904,0.9995059967041016,0.2172417640686035,4.995240211486816,39.4559326171875,0.0001177190788439,0.000204463256523,54647,83992,causal_masked_state,passed_causal_masked_state,,5.399631977081299,,,,,,,7.749769535075927,,,,7.749769535075927
cusparse_direct_cudagraph,flybrain,NVIDIA GeForce RTX 5090,2.11.0+cu128,12.8,default,0.0003816247733734,,,,,,644d30dad20f010a,1,138639,256,1,15091983,108.85813515677408,flybrain,1,9783,163.19999046318512,1.499198844699568,0.4816346156348125,288.0,599.6199999999953,1.0,0.01,0.02,0.0199978676635001,20.0,19.99786766350017,2772.484375,3111.75,3556,574645.734375,616904.5,638417,0.7740917529835387,0.7740917529835385,0.0785260325834309,1.2826041625572733,sampled_16_timesteps_max_2048_sources,converged,2.049541473388672,0.02,0.0199978668242692,2.1331757307056776e-06,True,20,SpMV,CUSPARSE_SPMV_ALG_DEFAULT,,,torch_cuda_event,gpu_execution,full_rsnn,device_native,independent_inference,sparse_only,"(256, 1, 138639)","(256, 1, 138639)",138639,138639,1,1,BN,csr_post_by_pre,csr_post_by_pre,none,False,False,True,0,torch.int32,torch.float32,torch.float32,dense,,,False,False,False,False,False,True,1.0,58960,406886764,406886764,0,0,False,unknown,unknown,unknown,unknown,unknown,,41.8375053;41.8298569;41.8341103;41.8402863;41.8095665;41.8320656;41.8504639;41.8402557;41.8217926;41.8320961;41.8566399;41.8402557;41.7992973;41.8361588;41.8586884;41.8300171;41.8474236;41.8259201;41.8443527;41.8504944,20,41.83586235046387,0.0146429848090605,41.79929733276367,41.85868835449219,passed,0,0.0,2.288818359375e-05,9.5367431640625e-07,5.8677378547145054e-05,5.7754892623052e-05,5.8677378547145054e-05,5.7754892623052e-05,138639,0,full_state,passed,,41.83683204650879,,,,,,,1.0,,,,1.0
tilespmspv_cudagraph,flybrain,NVIDIA GeForce RTX 5090,2.11.0+cu128,12.8,default,0.0003816247733734,,,,,,644d30dad20f010a,1,138639,256,1,15091983,108.85813515677408,flybrain,1,9783,163.19999046318512,1.499198844699568,0.4816346156348125,288.0,599.6199999999953,1.0,0.01,0.02,0.0199978676635001,20.0,19.99786766350017,2772.484375,3111.75,3556,574645.734375,616904.5,638417,0.7740917529835387,0.7740917529835385,0.0785260325834309,1.2826041625572733,sampled_16_timesteps_max_2048_sources,converged,2.049541473388672,0.02,0.0199978668242692,2.1331757307056776e-06,True,20,SpMV,CUSPARSE_SPMV_ALG_DEFAULT,,,torch_cuda_event_cudagraph_replay,gpu_execution,full_rsnn,device_adapted,independent_inference,sparse_only,"(256, 1, 138639)","(256, 1, 138639)",138639,138639,1,1,BN,spmspv_csc_dense_device,spmspv_csc_dense_device,none,False,False,True,0,torch.int64,torch.float32,torch.float32,dense_device,,,False,False,False,False,False,True,1.0,554556,325842920,325842920,0,0,False,unknown,unknown,unknown,unknown,unknown,,7.67699194;7.66707182;7.66217613;7.65705585;7.66531181;7.66374397;7.66527987;7.67139196;7.6642561;7.65913582;7.65862417;7.66428804;7.65916777;7.64889622;7.66835213;7.64886379;7.66940784;7.658144;7.67350388;7.66732788,20,7.663449549674988,0.0072509336970346,7.648863792419434,7.676991939544678,passed_causal_masked_state,2,5.6351387416239296e-08,0.001528650522232,2.86102294921875e-06,0.0076199751347303,0.0001744286273606,0.0001558093208586,0.0001744286273606,138549,90,causal_masked_state,passed_causal_masked_state,,7.66427206993103,,,,,,,,,,,5.458683051016125
globalatomic_cudagraph,flybrain,NVIDIA GeForce RTX 5090,2.11.0+cu128,12.8,default,0.0003816247733734,,,,,,644d30dad20f010a,1,138639,256,1,15091983,108.85813515677408,flybrain,1,9783,163.19999046318512,1.499198844699568,0.4816346156348125,288.0,599.6199999999953,1.0,0.01,0.02,0.0199978676635001,20.0,19.99786766350017,2772.484375,3111.75,3556,574645.734375,616904.5,638417,0.7740917529835387,0.7740917529835385,0.0785260325834309,1.2826041625572733,sampled_16_timesteps_max_2048_sources,converged,2.049541473388672,0.02,0.0199978668242692,2.1331757307056776e-06,True,20,SpMV,CUSPARSE_SPMV_ALG_DEFAULT,,,torch_cuda_event_cudagraph_replay,gpu_execution,full_rsnn,device_adapted,independent_inference,sparse_only,"(256, 1, 138639)","(256, 1, 138639)",138639,138639,1,1,BN,spmspv_csc_dense_device,spmspv_csc_dense_device,none,False,False,True,0,torch.int64,torch.float32,torch.float32,dense_device,,,False,False,False,False,False,True,1.0,554556,325842920,325842920,0,0,False,unknown,unknown,unknown,unknown,unknown,,11.3759356;11.3666878;11.3619518;11.365056;11.3618565;11.3651199;11.3690243;11.3660803;11.3628798;11.3640957;11.36448;11.3629761;11.3639679;11.3670397;11.3640003;11.3670397;11.3680964;11.3608961;11.3568001;11.3598719,20,11.364692783355713,0.0039545488807563,11.356800079345703,11.375935554504396,passed_causal_masked_state,2,5.6351387416239296e-08,0.001528650522232,3.814697265625e-06,0.0076199751347303,0.0002325715031474,0.0001947616401594,0.0002325715031474,138549,90,causal_masked_state,passed_causal_masked_state,,11.364287853240969,,,,,,,,,,,3.681430159706611
vdha_cudagraph,flybrain,NVIDIA GeForce RTX 5090,2.11.0+cu128,12.8,default,0.0003816247733734,,,,,,644d30dad20f010a,1,138639,256,1,15091983,108.85813515677408,flybrain,1,9783,163.19999046318512,1.499198844699568,0.4816346156348125,288.0,599.6199999999953,1.0,0.01,0.02,0.0199978676635001,20.0,19.99786766350017,2772.484375,3111.75,3556,574645.734375,616904.5,638417,0.7740917529835387,0.7740917529835385,0.0785260325834309,1.2826041625572733,sampled_16_timesteps_max_2048_sources,converged,2.049541473388672,0.02,0.0199978668242692,2.1331757307056776e-06,True,20,SpMV,CUSPARSE_SPMV_ALG_DEFAULT,,,torch_cuda_event_cudagraph_replay,gpu_execution,full_rsnn,device_adapted,independent_inference,sparse_only,"(256, 1, 138639)","(256, 1, 138639)",138639,138639,1,1,BN,spmspv_csc_dense_device,spmspv_csc_dense_device,none,False,False,True,0,torch.int64,torch.float32,torch.float32,dense_device,,,False,False,False,False,False,True,1.0,554556,325842920,325842920,0,0,False,unknown,unknown,unknown,unknown,unknown,,13.7466564;13.7360001;13.7308798;13.7381763;13.7355518;13.7385921;13.7376003;13.7306242;13.731328;13.7381124;13.7304001;13.7309437;13.736064;13.7351685;13.7284164;13.7335043;13.73456;13.7294083;13.7325125;13.7314882,20,13.734299373626708,0.004296530744209,13.728416442871094,13.74665641784668,passed_causal_masked_state,2,5.6351387416239296e-08,0.0015284121036529,1.9073486328125e-06,0.0076187863014638,0.0001459200575482,9.100259194383398e-05,0.0001459200575482,138549,90,causal_masked_state,passed_causal_masked_state,,13.734032154083252,,,,,,,,,,,3.04621625878969
persistent_spike_block,flybrain,NVIDIA GeForce RTX 5090,2.11.0+cu128,12.8,default,0.0003816247733734,,,,,,644d30dad20f010a,1,138639,256,1,15091983,108.85813515677408,flybrain,1,9783,163.19999046318512,1.499198844699568,0.4816346156348125,288.0,599.6199999999953,1.0,0.01,0.02,0.0199978676635001,20.0,19.99786766350017,2772.484375,3111.75,3556,574645.734375,616904.5,638417,0.7740917529835387,0.7740917529835385,0.0785260325834309,1.2826041625572733,sampled_16_timesteps_max_2048_sources,converged,2.049541473388672,0.02,0.0199978668242692,2.1331757307056776e-06,True,20,SpMV,CUSPARSE_SPMV_ALG_DEFAULT,,,torch_cuda_event,gpu_execution,full_rsnn,device_native,independent_inference,full_fusion,"(256, 1, 138639)","(256, 1, 138639)",138639,138639,1,1,BN,event_csr,event_csr,dense_to_events_precomputed,False,True,True,0,torch.int32,torch.float32,torch.float32,windowed_events,,,False,False,False,False,False,False,1.0,3685120,123820228,123820228,0,0,False,unknown,unknown,unknown,unknown,unknown,,6.25791979;6.21673584;6.21504021;6.20537615;6.21043205;6.20748806;6.20691204;6.20745611;6.21337605;6.21363211;6.21606398;6.20134401;6.21420813;6.20748806;6.20790386;6.20137596;6.20630407;6.19513607;6.19827223;6.20646381,20,6.210446429252625,0.0126297353030356,6.195136070251465,6.257919788360596,passed_causal_masked_state,665,1.8736836315899567e-05,0.9991074800491332,0.1034715175628662,4.995494365692139,18.74552154541016,0.0018434261437505,0.0022161668166518,99675,38964,causal_masked_state,passed_causal_masked_state,,6.207488059997559,,,,,,,6.739736209259054,,,,6.739736209259054
cusparse_direct_cudagraph,flybrain,NVIDIA GeForce RTX 5090,2.11.0+cu128,12.8,default,0.0003816247733734,,,,,,b4429e7614b188be,1,138639,256,1,15091983,108.85813515677408,flybrain,1,9783,163.19999046318512,1.499198844699568,0.4816346156348125,288.0,599.6199999999953,1.0,0.01,0.05,0.0499983319989324,50.0,49.99833199893248,6931.71875,7079.5,11455,1142065.19140625,1187323.25,1601489,0.7185017612897303,0.7185017612897304,0.1086079567928,1.6525482947501295,sampled_16_timesteps_max_2048_sources,converged,5.497360229492188,0.05,0.0499983318150043,1.6681849956540209e-06,True,20,SpMV,CUSPARSE_SPMV_ALG_DEFAULT,,,torch_cuda_event,gpu_execution,full_rsnn,device_native,independent_inference,sparse_only,"(256, 1, 138639)","(256, 1, 138639)",138639,138639,1,1,BN,csr_post_by_pre,csr_post_by_pre,none,False,False,True,0,torch.int32,torch.float32,torch.float32,dense,,,False,False,False,False,False,True,1.0,58960,406886764,406886764,0,0,False,unknown,unknown,unknown,unknown,unknown,,41.8380165;41.8093452;41.8300171;41.8361931;41.8238716;41.8238716;41.8300476;41.8177605;41.8218231;41.8177261;41.8197746;41.809536;41.8156815;41.8177261;41.8208008;41.8238411;41.813633;41.8074875;41.8095665;41.8177261,20,41.82022228240967,0.0085962776383488,41.80748748779297,41.838016510009766,passed,0,0.0,1.52587890625e-05,9.5367431640625e-07,4.5165932533564046e-05,6.003037196933292e-05,4.5165932533564046e-05,6.003037196933292e-05,138639,0,full_state,passed,,41.81876754760742,,,,,,,1.0,,,,1.0
tilespmspv_cudagraph,flybrain,NVIDIA GeForce RTX 5090,2.11.0+cu128,12.8,default,0.0003816247733734,,,,,,b4429e7614b188be,1,138639,256,1,15091983,108.85813515677408,flybrain,1,9783,163.19999046318512,1.499198844699568,0.4816346156348125,288.0,599.6199999999953,1.0,0.01,0.05,0.0499983319989324,50.0,49.99833199893248,6931.71875,7079.5,11455,1142065.19140625,1187323.25,1601489,0.7185017612897303,0.7185017612897304,0.1086079567928,1.6525482947501295,sampled_16_timesteps_max_2048_sources,converged,5.497360229492188,0.05,0.0499983318150043,1.6681849956540209e-06,True,20,SpMV,CUSPARSE_SPMV_ALG_DEFAULT,,,torch_cuda_event_cudagraph_replay,gpu_execution,full_rsnn,device_adapted,independent_inference,sparse_only,"(256, 1, 138639)","(256, 1, 138639)",138639,138639,1,1,BN,spmspv_csc_dense_device,spmspv_csc_dense_device,none,False,False,True,0,torch.int64,torch.float32,torch.float32,dense_device,,,False,False,False,False,False,True,1.0,554556,325842920,325842920,0,0,False,unknown,unknown,unknown,unknown,unknown,,8.94531155;8.93904018;8.9308157;8.94425583;8.93302441;8.93507195;8.94528008;8.93609619;8.93699169;8.93699169;8.93056011;8.92790413;8.93916798;8.93712044;8.93507195;8.94428825;8.93712044;8.94323158;8.94937611;8.92172813,20,8.93742241859436,0.0067296287756682,8.921728134155273,8.949376106262207,passed,0,0.0,9.1552734375e-05,5.7220458984375e-06,0.0001381776091875,0.0001807641529012,0.0001381776091875,0.0001807641529012,138639,0,full_state,passed,,8.937056064605713,,,,,,,,,,,4.679255366118417
globalatomic_cudagraph,flybrain,NVIDIA GeForce RTX 5090,2.11.0+cu128,12.8,default,0.0003816247733734,,,,,,b4429e7614b188be,1,138639,256,1,15091983,108.85813515677408,flybrain,1,9783,163.19999046318512,1.499198844699568,0.4816346156348125,288.0,599.6199999999953,1.0,0.01,0.05,0.0499983319989324,50.0,49.99833199893248,6931.71875,7079.5,11455,1142065.19140625,1187323.25,1601489,0.7185017612897303,0.7185017612897304,0.1086079567928,1.6525482947501295,sampled_16_timesteps_max_2048_sources,converged,5.497360229492188,0.05,0.0499983318150043,1.6681849956540209e-06,True,20,SpMV,CUSPARSE_SPMV_ALG_DEFAULT,,,torch_cuda_event_cudagraph_replay,gpu_execution,full_rsnn,device_adapted,independent_inference,sparse_only,"(256, 1, 138639)","(256, 1, 138639)",138639,138639,1,1,BN,spmspv_csc_dense_device,spmspv_csc_dense_device,none,False,False,True,0,torch.int64,torch.float32,torch.float32,dense_device,,,False,False,False,False,False,True,1.0,554556,325842920,325842920,0,0,False,unknown,unknown,unknown,unknown,unknown,,11.4519358;11.4404478;11.4413118;11.4342403;11.4372797;11.4387836;11.4392643;11.444416;11.4372158;11.4402237;11.4403839;11.4376965;11.4387522;11.439744;11.4367037;11.4417601;11.4387522;11.439744;11.4448643;11.4336319,20,11.439857578277588,0.0039785767027091,11.433631896972656,11.45193576812744,passed,0,0.0,0.0001220703125,3.814697265625e-06,0.000145839920151,0.0001841172634158,0.000145839920151,0.0001841172634158,138639,0,full_state,passed,,11.439504146575928,,,,,,,,,,,3.655645123405512
vdha_cudagraph,flybrain,NVIDIA GeForce RTX 5090,2.11.0+cu128,12.8,default,0.0003816247733734,,,,,,b4429e7614b188be,1,138639,256,1,15091983,108.85813515677408,flybrain,1,9783,163.19999046318512,1.499198844699568,0.4816346156348125,288.0,599.6199999999953,1.0,0.01,0.05,0.0499983319989324,50.0,49.99833199893248,6931.71875,7079.5,11455,1142065.19140625,1187323.25,1601489,0.7185017612897303,0.7185017612897304,0.1086079567928,1.6525482947501295,sampled_16_timesteps_max_2048_sources,converged,5.497360229492188,0.05,0.0499983318150043,1.6681849956540209e-06,True,20,SpMV,CUSPARSE_SPMV_ALG_DEFAULT,,,torch_cuda_event_cudagraph_replay,gpu_execution,full_rsnn,device_adapted,independent_inference,sparse_only,"(256, 1, 138639)","(256, 1, 138639)",138639,138639,1,1,BN,spmspv_csc_dense_device,spmspv_csc_dense_device,none,False,False,True,0,torch.int64,torch.float32,torch.float32,dense_device,,,False,False,False,False,False,True,1.0,554556,325842920,325842920,0,0,False,unknown,unknown,unknown,unknown,unknown,,15.9637442;15.9492798;15.9545918;15.9555521;15.9474239;15.9545918;15.953536;15.9445124;15.9508476;15.9490242;15.9423361;15.9412165;15.9524803;15.9468803;15.945344;15.9504957;15.9473925;15.9504642;15.9371519;15.9474239,20,15.949214458465576,0.0058643292449692,15.937151908874512,15.963744163513184,passed_causal_masked_state,10,2.817569370811965e-07,0.0695301592350006,0.001418113708496,0.346291571855545,0.1170527040958404,0.000179312119144,0.0002207696670666,138547,92,causal_masked_state,passed_causal_masked_state,,15.949151992797852,,,,,,,,,,,2.6220057070427
persistent_spike_block,flybrain,NVIDIA GeForce RTX 5090,2.11.0+cu128,12.8,default,0.0003816247733734,,,,,,b4429e7614b188be,1,138639,256,1,15091983,108.85813515677408,flybrain,1,9783,163.19999046318512,1.499198844699568,0.4816346156348125,288.0,599.6199999999953,1.0,0.01,0.05,0.0499983319989324,50.0,49.99833199893248,6931.71875,7079.5,11455,1142065.19140625,1187323.25,1601489,0.7185017612897303,0.7185017612897304,0.1086079567928,1.6525482947501295,sampled_16_timesteps_max_2048_sources,converged,5.497360229492188,0.05,0.0499983318150043,1.6681849956540209e-06,True,20,SpMV,CUSPARSE_SPMV_ALG_DEFAULT,,,torch_cuda_event,gpu_execution,full_rsnn,device_native,independent_inference,full_fusion,"(256, 1, 138639)","(256, 1, 138639)",138639,138639,1,1,BN,event_csr,event_csr,dense_to_events_precomputed,False,True,True,0,torch.int32,torch.float32,torch.float32,windowed_events,,,False,False,False,False,False,False,1.0,3685120,123820228,123820228,0,0,False,unknown,unknown,unknown,unknown,unknown,,7.91520023;7.90575981;7.86329603;7.89648008;7.86444807;7.91232014;7.87763214;7.89814377;7.86435223;7.90060806;7.88176012;7.89651203;7.86022377;7.90460777;7.86127996;7.88982391;7.85411215;7.90588808;7.85305595;7.89811182,20,7.885180807113647,0.0209271366230221,7.853055953979492,7.915200233459473,passed_causal_masked_state,442,1.2453656618988885e-05,0.9959480166435242,0.0679264068603515,4.930627346038818,11.77241325378418,0.0017328533576801,0.0027249851264059,120354,18285,causal_masked_state,passed_causal_masked_state,,7.8931519985198975,,,,,,,5.2981074677706905,,,,5.2981074677706905
cusparse_direct_cudagraph,flybrain,NVIDIA GeForce RTX 5090,2.11.0+cu128,12.8,default,0.0003816247733734,,,,,,3cd82fa0ea78407c,2,138639,256,1,15091983,108.85813515677408,flybrain,2,9783,163.19999046318512,1.499198844699568,0.4816346156348125,288.0,599.6199999999953,1.0,0.0,0.0,0.0,0.0,0.0,0.0,0.0,0,0.0,0.0,0,0.0,0.0,0.0,0.0,sampled_16_timesteps_max_2048_sources,converged,50.0,0.0,0.0,0.0,True,20,SpMV,CUSPARSE_SPMV_ALG_DEFAULT,,,torch_cuda_event,gpu_execution,full_rsnn,device_native,independent_inference,sparse_only,"(256, 1, 138639)","(256, 1, 138639)",138639,138639,1,1,BN,csr_post_by_pre,csr_post_by_pre,none,False,False,True,0,torch.int32,torch.float32,torch.float32,dense,,,False,False,False,False,False,True,1.0,58960,406886764,406886764,0,0,False,unknown,unknown,unknown,unknown,unknown,,41.9096336;41.9014702;41.9037437;41.8996468;41.8709755;41.8279686;41.8504944;41.8341103;41.8504944;41.8791046;41.873024;41.8525429;41.9016953;41.9201279;41.9098892;41.9078407;41.9180794;41.9119377;41.8464012;41.8320656,20,41.88006229400635,0.0319324520458148,41.82796859741211,41.92012786865234,passed,0,0.0,0.0,0.0,0.0,0.0,0.0,0.0,138639,0,full_state,passed,,41.88937568664551,,,,,,,1.0,,,,1.0
tilespmspv_cudagraph,flybrain,NVIDIA GeForce RTX 5090,2.11.0+cu128,12.8,default,0.0003816247733734,,,,,,3cd82fa0ea78407c,2,138639,256,1,15091983,108.85813515677408,flybrain,2,9783,163.19999046318512,1.499198844699568,0.4816346156348125,288.0,599.6199999999953,1.0,0.0,0.0,0.0,0.0,0.0,0.0,0.0,0,0.0,0.0,0,0.0,0.0,0.0,0.0,sampled_16_timesteps_max_2048_sources,converged,50.0,0.0,0.0,0.0,True,20,SpMV,CUSPARSE_SPMV_ALG_DEFAULT,,,torch_cuda_event_cudagraph_replay,gpu_execution,full_rsnn,device_adapted,independent_inference,sparse_only,"(256, 1, 138639)","(256, 1, 138639)",138639,138639,1,1,BN,spmspv_csc_dense_device,spmspv_csc_dense_device,none,False,False,True,0,torch.int64,torch.float32,torch.float32,dense_device,,,False,False,False,False,False,True,1.0,554556,325842920,325842920,0,0,False,unknown,unknown,unknown,unknown,unknown,,6.39558411;6.38047981;6.38409615;6.38364792;6.38643217;6.38217592;6.38425589;6.38233614;6.38150406;6.38438416;6.38163185;6.38220787;6.3801918;6.38633585;6.38425589;6.38015985;6.38223982;6.3801918;6.3801918;6.38425589,20,6.383327937126159,0.0034935734254226,6.380159854888916,6.3955841064453125,passed,0,0.0,0.0,0.0,0.0,0.0,0.0,0.0,138639,0,full_state,passed,,6.382287979125977,,,,,,,,,,,6.563379124171401
globalatomic_cudagraph,flybrain,NVIDIA GeForce RTX 5090,2.11.0+cu128,12.8,default,0.0003816247733734,,,,,,3cd82fa0ea78407c,2,138639,256,1,15091983,108.85813515677408,flybrain,2,9783,163.19999046318512,1.499198844699568,0.4816346156348125,288.0,599.6199999999953,1.0,0.0,0.0,0.0,0.0,0.0,0.0,0.0,0,0.0,0.0,0,0.0,0.0,0.0,0.0,sampled_16_timesteps_max_2048_sources,converged,50.0,0.0,0.0,0.0,True,20,SpMV,CUSPARSE_SPMV_ALG_DEFAULT,,,torch_cuda_event_cudagraph_replay,gpu_execution,full_rsnn,device_adapted,independent_inference,sparse_only,"(256, 1, 138639)","(256, 1, 138639)",138639,138639,1,1,BN,spmspv_csc_dense_device,spmspv_csc_dense_device,none,False,False,True,0,torch.int64,torch.float32,torch.float32,dense_device,,,False,False,False,False,False,True,1.0,554556,325842920,325842920,0,0,False,unknown,unknown,unknown,unknown,unknown,,11.351264;11.3306236;11.3291197;11.3260164;11.3280964;11.3293123;11.3240957;11.3270082;11.3220797;11.3260164;11.3266239;11.3281279;11.3332796;11.3260803;11.3260803;11.3291521;11.3301764;11.3291521;11.3281279;11.3321924,20,11.329131269454956,0.0058344344997562,11.3220796585083,11.351263999938965,passed,0,0.0,0.0,0.0,0.0,0.0,0.0,0.0,138639,0,full_state,passed,,11.32812786102295,,,,,,,,,,,3.697819816350733
vdha_cudagraph,flybrain,NVIDIA GeForce RTX 5090,2.11.0+cu128,12.8,default,0.0003816247733734,,,,,,3cd82fa0ea78407c,2,138639,256,1,15091983,108.85813515677408,flybrain,2,9783,163.19999046318512,1.499198844699568,0.4816346156348125,288.0,599.6199999999953,1.0,0.0,0.0,0.0,0.0,0.0,0.0,0.0,0,0.0,0.0,0,0.0,0.0,0.0,0.0,sampled_16_timesteps_max_2048_sources,converged,50.0,0.0,0.0,0.0,True,20,SpMV,CUSPARSE_SPMV_ALG_DEFAULT,,,torch_cuda_event_cudagraph_replay,gpu_execution,full_rsnn,device_adapted,independent_inference,sparse_only,"(256, 1, 138639)","(256, 1, 138639)",138639,138639,1,1,BN,spmspv_csc_dense_device,spmspv_csc_dense_device,none,False,False,True,0,torch.int64,torch.float32,torch.float32,dense_device,,,False,False,False,False,False,True,1.0,554556,325842920,325842920,0,0,False,unknown,unknown,unknown,unknown,unknown,,6.66422415;6.64777613;6.64844799;6.65251207;6.65065622;6.65145588;6.65046406;6.64643192;6.65670395;6.65049601;6.65254402;6.6515522;6.65049601;6.64784002;6.65459204;6.65462399;6.64847994;6.65151978;6.65049601;6.65254402,20,6.651692819595337,0.0038863017096074,6.646431922912598,6.664224147796631,passed,0,0.0,0.0,0.0,0.0,0.0,0.0,0.0,138639,0,full_state,passed,,6.6510560512542725,,,,,,,,,,,6.298154062127608
persistent_spike_block,flybrain,NVIDIA GeForce RTX 5090,2.11.0+cu128,12.8,default,0.0003816247733734,,,,,,3cd82fa0ea78407c,2,138639,256,1,15091983,108.85813515677408,flybrain,2,9783,163.19999046318512,1.499198844699568,0.4816346156348125,288.0,599.6199999999953,1.0,0.0,0.0,0.0,0.0,0.0,0.0,0.0,0,0.0,0.0,0,0.0,0.0,0.0,0.0,sampled_16_timesteps_max_2048_sources,converged,50.0,0.0,0.0,0.0,True,20,SpMV,CUSPARSE_SPMV_ALG_DEFAULT,,,torch_cuda_event,gpu_execution,full_rsnn,device_native,independent_inference,full_fusion,"(256, 1, 138639)","(256, 1, 138639)",138639,138639,1,1,BN,event_csr,event_csr,dense_to_events_precomputed,False,True,True,0,torch.int32,torch.float32,torch.float32,windowed_events,,,False,False,False,False,False,False,1.0,3685120,122400564,122400564,0,0,False,unknown,unknown,unknown,unknown,unknown,,2.12495995;2.08275199;2.08064008;2.08432007;2.08067203;2.08374405;2.08291197;2.082304;2.08080006;2.08166409;2.08169603;2.08441591;2.08076811;2.0822401;2.080832;2.0822401;2.08278394;2.08428788;2.08076811;2.08076811,20,2.084278428554535,0.0096644274413537,2.0806400775909424,2.124959945678711,passed,0,0.0,0.0,0.0,0.0,0.0,0.0,0.0,138639,0,full_state,passed,,2.082240104675293,,,,,,,20.11745696021823,,,,20.11745696021823
cusparse_direct_cudagraph,flybrain,NVIDIA GeForce RTX 5090,2.11.0+cu128,12.8,default,0.0003816247733734,,,,,,008401501817939c,2,138639,256,1,15091983,108.85813515677408,flybrain,2,9783,163.19999046318512,1.499198844699568,0.4816346156348125,288.0,599.6199999999953,1.0,0.0001,0.0001,9.999553697011664e-05,0.1,0.0999955369701166,13.86328125,14.0,16,1515.86328125,2518.75,6754,0.0135195377723874,0.0135195377723874,0.02858954055474,1.1541279233586923,sampled_16_timesteps_max_2048_sources,converged,1.06353759765625,0.0001,9.999553731177002e-05,4.462688229982877e-09,True,20,SpMV,CUSPARSE_SPMV_ALG_DEFAULT,,,torch_cuda_event,gpu_execution,full_rsnn,device_native,independent_inference,sparse_only,"(256, 1, 138639)","(256, 1, 138639)",138639,138639,1,1,BN,csr_post_by_pre,csr_post_by_pre,none,False,False,True,0,torch.int32,torch.float32,torch.float32,dense,,,False,False,False,False,False,True,1.0,58960,406886764,406886764,0,0,False,unknown,unknown,unknown,unknown,unknown,,41.8781128;41.852417;41.8259201;41.8832321;41.8627853;41.8914566;41.8586884;41.8566399;41.8607368;41.8996468;41.8955536;41.9037437;41.8975983;41.873024;41.8852806;41.9180794;41.9139824;41.9078712;41.8709755;41.875103,20,41.88054237365723,0.0235719788189027,41.82592010498047,41.9180793762207,passed,0,0.0,2.9802322387695312e-08,1.862645149230957e-09,1.488382110892417e-07,3.711652141191736e-07,1.488382110892417e-07,3.711652141191736e-07,138639,0,full_state,passed,,41.880672454833984,,,,,,,1.0,,,,1.0
tilespmspv_cudagraph,flybrain,NVIDIA GeForce RTX 5090,2.11.0+cu128,12.8,default,0.0003816247733734,,,,,,008401501817939c,2,138639,256,1,15091983,108.85813515677408,flybrain,2,9783,163.19999046318512,1.499198844699568,0.4816346156348125,288.0,599.6199999999953,1.0,0.0001,0.0001,9.999553697011664e-05,0.1,0.0999955369701166,13.86328125,14.0,16,1515.86328125,2518.75,6754,0.0135195377723874,0.0135195377723874,0.02858954055474,1.1541279233586923,sampled_16_timesteps_max_2048_sources,converged,1.06353759765625,0.0001,9.999553731177002e-05,4.462688229982877e-09,True,20,SpMV,CUSPARSE_SPMV_ALG_DEFAULT,,,torch_cuda_event_cudagraph_replay,gpu_execution,full_rsnn,device_adapted,independent_inference,sparse_only,"(256, 1, 138639)","(256, 1, 138639)",138639,138639,1,1,BN,spmspv_csc_dense_device,spmspv_csc_dense_device,none,False,False,True,0,torch.int64,torch.float32,torch.float32,dense_device,,,False,False,False,False,False,True,1.0,554556,325842920,325842920,0,0,False,unknown,unknown,unknown,unknown,unknown,,6.52739191;6.51763201;6.51737595;6.51542377;6.5172801;6.51743984;6.51724815;6.51740789;6.51743984;6.5162878;6.51484823;6.52150393;6.51532793;6.51740789;6.51532793;6.51740789;6.51532793;6.51740789;6.51228809;6.5112319,20,6.516950345039367,0.0032561147929856,6.511231899261475,6.5273919105529785,passed,0,0.0,9.313225746154783e-10,1.1641532182693479e-10,4.656284691151313e-09,2.3280980698814343e-08,4.656284691151313e-09,2.3280980698814343e-08,138639,0,full_state,passed,,6.5173280239105225,,,,,,,,,,,6.426049494698408
globalatomic_cudagraph,flybrain,NVIDIA GeForce RTX 5090,2.11.0+cu128,12.8,default,0.0003816247733734,,,,,,008401501817939c,2,138639,256,1,15091983,108.85813515677408,flybrain,2,9783,163.19999046318512,1.499198844699568,0.4816346156348125,288.0,599.6199999999953,1.0,0.0001,0.0001,9.999553697011664e-05,0.1,0.0999955369701166,13.86328125,14.0,16,1515.86328125,2518.75,6754,0.0135195377723874,0.0135195377723874,0.02858954055474,1.1541279233586923,sampled_16_timesteps_max_2048_sources,converged,1.06353759765625,0.0001,9.999553731177002e-05,4.462688229982877e-09,True,20,SpMV,CUSPARSE_SPMV_ALG_DEFAULT,,,torch_cuda_event_cudagraph_replay,gpu_execution,full_rsnn,device_adapted,independent_inference,sparse_only,"(256, 1, 138639)","(256, 1, 138639)",138639,138639,1,1,BN,spmspv_csc_dense_device,spmspv_csc_dense_device,none,False,False,True,0,torch.int64,torch.float32,torch.float32,dense_device,,,False,False,False,False,False,True,1.0,554556,325842920,325842920,0,0,False,unknown,unknown,unknown,unknown,unknown,,11.3446398;11.3400965;11.3367682;11.338336;11.3388796;11.3419523;11.3426237;11.3373117;11.3358078;11.3369598;11.3379841;11.340416;11.3394241;11.338336;11.3373756;11.3383684;11.3363199;11.3352957;11.340416;11.3353281,20,11.338631963729858,0.0024907705936631,11.33529567718506,11.344639778137209,passed,0,0.0,9.313225746154783e-10,1.1641532182693479e-10,4.656284691151313e-09,2.3280980698814343e-08,4.656284691151313e-09,2.3280980698814343e-08,138639,0,full_state,passed,,11.338335990905762,,,,,,,,,,,3.693723002072401
vdha_cudagraph,flybrain,NVIDIA GeForce RTX 5090,2.11.0+cu128,12.8,default,0.0003816247733734,,,,,,008401501817939c,2,138639,256,1,15091983,108.85813515677408,flybrain,2,9783,163.19999046318512,1.499198844699568,0.4816346156348125,288.0,599.6199999999953,1.0,0.0001,0.0001,9.999553697011664e-05,0.1,0.0999955369701166,13.86328125,14.0,16,1515.86328125,2518.75,6754,0.0135195377723874,0.0135195377723874,0.02858954055474,1.1541279233586923,sampled_16_timesteps_max_2048_sources,converged,1.06353759765625,0.0001,9.999553731177002e-05,4.462688229982877e-09,True,20,SpMV,CUSPARSE_SPMV_ALG_DEFAULT,,,torch_cuda_event_cudagraph_replay,gpu_execution,full_rsnn,device_adapted,independent_inference,sparse_only,"(256, 1, 138639)","(256, 1, 138639)",138639,138639,1,1,BN,spmspv_csc_dense_device,spmspv_csc_dense_device,none,False,False,True,0,torch.int64,torch.float32,torch.float32,dense_device,,,False,False,False,False,False,True,1.0,554556,325842920,325842920,0,0,False,unknown,unknown,unknown,unknown,unknown,,10.1734076;10.1648321;10.1566401;10.1581116;10.158144;10.1526403;10.1552324;10.1643524;10.1607676;10.1561918;10.158144;10.1588478;10.1572475;10.1520958;10.15872;10.154624;10.15872;10.1545916;10.1638403;10.1587524,20,10.158795166015626,0.0048982658490663,10.152095794677734,10.173407554626465,passed,0,0.0,1.862645149230957e-09,1.1641532182693479e-10,9.311915682985727e-09,2.3280980698814343e-08,9.311915682985727e-09,2.3280980698814343e-08,138639,0,full_state,passed,,10.158143997192385,,,,,,,,,,,4.122866585314149
persistent_spike_block,flybrain,NVIDIA GeForce RTX 5090,2.11.0+cu128,12.8,default,0.0003816247733734,,,,,,008401501817939c,2,138639,256,1,15091983,108.85813515677408,flybrain,2,9783,163.19999046318512,1.499198844699568,0.4816346156348125,288.0,599.6199999999953,1.0,0.0001,0.0001,9.999553697011664e-05,0.1,0.0999955369701166,13.86328125,14.0,16,1515.86328125,2518.75,6754,0.0135195377723874,0.0135195377723874,0.02858954055474,1.1541279233586923,sampled_16_timesteps_max_2048_sources,converged,1.06353759765625,0.0001,9.999553731177002e-05,4.462688229982877e-09,True,20,SpMV,CUSPARSE_SPMV_ALG_DEFAULT,,,torch_cuda_event,gpu_execution,full_rsnn,device_native,independent_inference,full_fusion,"(256, 1, 138639)","(256, 1, 138639)",138639,138639,1,1,BN,event_csr,event_csr,dense_to_events_precomputed,False,True,True,0,torch.int32,torch.float32,torch.float32,windowed_events,,,False,False,False,False,False,False,1.0,3685120,122414760,122414760,0,0,False,unknown,unknown,unknown,unknown,unknown,,3.12768006;3.09628797;3.09295988;3.09651208;3.09292793;3.09049606;3.09504008;3.09452796;3.09302402;3.09452796;3.08934402;3.09260798;3.08825588;3.09241605;3.09027195;3.08838391;3.09190392;3.09446406;3.09247994;3.09452796,20,3.094431984424591,0.0081789748100974,3.088255882263184,3.1276800632476807,passed,0,0.0,2.9802322387695312e-08,9.313225746154783e-10,1.487142924361251e-07,1.8561283354756602e-07,1.487142924361251e-07,1.8561283354756602e-07,138639,0,full_state,passed,,3.0929439067840576,,,,,,,13.540715162332232,,,,13.540715162332232
cusparse_direct_cudagraph,flybrain,NVIDIA GeForce RTX 5090,2.11.0+cu128,12.8,default,0.0003816247733734,,,,,,c33a3f045de515f2,2,138639,256,1,15091983,108.85813515677408,flybrain,2,9783,163.19999046318512,1.499198844699568,0.4816346156348125,288.0,599.6199999999953,1.0,0.0002,0.0002,0.0001999910739402,0.2,0.1999910739402332,27.7265625,28.0,34,3048.9140625,4502.0,10830,0.0315234004302215,0.0315234004302215,0.0217218527722829,1.2262609185686109,sampled_16_timesteps_max_2048_sources,converged,1.5625,0.0002,0.0001999910746235,8.925376459965753e-09,True,20,SpMV,CUSPARSE_SPMV_ALG_DEFAULT,,,torch_cuda_event,gpu_execution,full_rsnn,device_native,independent_inference,sparse_only,"(256, 1, 138639)","(256, 1, 138639)",138639,138639,1,1,BN,csr_post_by_pre,csr_post_by_pre,none,False,False,True,0,torch.int32,torch.float32,torch.float32,dense,,,False,False,False,False,False,True,1.0,58960,406886764,406886764,0,0,False,unknown,unknown,unknown,unknown,unknown,,41.8864975;41.8605766;41.8587189;41.8935051;41.8484497;41.8443527;41.8935356;41.8873901;41.8894081;41.8812485;41.868927;41.8935051;41.8464012;41.8504944;41.8402557;41.8607368;41.8504944;41.8464012;41.8729935;41.8975983,20,41.86857452392578,0.0200674660227742,41.84025573730469,41.89759826660156,passed,0,0.0,5.960464477539064e-08,7.450580596923828e-09,2.9732194661846734e-07,1.4475723446594202e-06,2.9732194661846734e-07,1.4475723446594202e-06,138639,0,full_state,passed,,41.86483192443848,,,,,,,1.0,,,,1.0
tilespmspv_cudagraph,flybrain,NVIDIA GeForce RTX 5090,2.11.0+cu128,12.8,default,0.0003816247733734,,,,,,c33a3f045de515f2,2,138639,256,1,15091983,108.85813515677408,flybrain,2,9783,163.19999046318512,1.499198844699568,0.4816346156348125,288.0,599.6199999999953,1.0,0.0002,0.0002,0.0001999910739402,0.2,0.1999910739402332,27.7265625,28.0,34,3048.9140625,4502.0,10830,0.0315234004302215,0.0315234004302215,0.0217218527722829,1.2262609185686109,sampled_16_timesteps_max_2048_sources,converged,1.5625,0.0002,0.0001999910746235,8.925376459965753e-09,True,20,SpMV,CUSPARSE_SPMV_ALG_DEFAULT,,,torch_cuda_event_cudagraph_replay,gpu_execution,full_rsnn,device_adapted,independent_inference,sparse_only,"(256, 1, 138639)","(256, 1, 138639)",138639,138639,1,1,BN,spmspv_csc_dense_device,spmspv_csc_dense_device,none,False,False,True,0,torch.int64,torch.float32,torch.float32,dense_device,,,False,False,False,False,False,True,1.0,554556,325842920,325842920,0,0,False,unknown,unknown,unknown,unknown,unknown,,6.57465601;6.56576014;6.56614399;6.56451178;6.56396818;6.56652784;6.56441593;6.56569576;6.56383991;6.56665611;6.56192017;6.56655979;6.56652784;6.56652784;6.56447983;6.56345606;6.56652784;6.56246424;6.56451178;6.56447983,20,6.565481543540955,0.002591006937795,6.561920166015625,6.574656009674072,passed,0,0.0,7.450580596923828e-09,1.1641532182693479e-10,3.7232151584021274e-08,2.327632486753828e-08,3.7232151584021274e-08,2.327632486753828e-08,138639,0,full_state,passed,,6.565103769302368,,,,,,,,,,,6.376872840943257
globalatomic_cudagraph,flybrain,NVIDIA GeForce RTX 5090,2.11.0+cu128,12.8,default,0.0003816247733734,,,,,,c33a3f045de515f2,2,138639,256,1,15091983,108.85813515677408,flybrain,2,9783,163.19999046318512,1.499198844699568,0.4816346156348125,288.0,599.6199999999953,1.0,0.0002,0.0002,0.0001999910739402,0.2,0.1999910739402332,27.7265625,28.0,34,3048.9140625,4502.0,10830,0.0315234004302215,0.0315234004302215,0.0217218527722829,1.2262609185686109,sampled_16_timesteps_max_2048_sources,converged,1.5625,0.0002,0.0001999910746235,8.925376459965753e-09,True,20,SpMV,CUSPARSE_SPMV_ALG_DEFAULT,,,torch_cuda_event_cudagraph_replay,gpu_execution,full_rsnn,device_adapted,independent_inference,sparse_only,"(256, 1, 138639)","(256, 1, 138639)",138639,138639,1,1,BN,spmspv_csc_dense_device,spmspv_csc_dense_device,none,False,False,True,0,torch.int64,torch.float32,torch.float32,dense_device,,,False,False,False,False,False,True,1.0,554556,325842920,325842920,0,0,False,unknown,unknown,unknown,unknown,unknown,,11.3558083;11.3438396;11.3431044;11.3405762;11.3491201;11.3446722;11.3460159;11.347168;11.3440323;11.345664;11.3439999;11.3445444;11.3414717;11.340416;11.3455677;11.3404484;11.3465919;11.3455677;11.3404484;11.3455362,20,11.344729661941528,0.0035808763881747,11.340415954589844,11.35580825805664,passed,0,0.0,7.450580596923828e-09,1.1641532182693479e-10,3.7232151584021274e-08,2.327632486753828e-08,3.7232151584021274e-08,2.327632486753828e-08,138639,0,full_state,passed,,11.344608306884766,,,,,,,,,,,3.690284476285685
vdha_cudagraph,flybrain,NVIDIA GeForce RTX 5090,2.11.0+cu128,12.8,default,0.0003816247733734,,,,,,c33a3f045de515f2,2,138639,256,1,15091983,108.85813515677408,flybrain,2,9783,163.19999046318512,1.499198844699568,0.4816346156348125,288.0,599.6199999999953,1.0,0.0002,0.0002,0.0001999910739402,0.2,0.1999910739402332,27.7265625,28.0,34,3048.9140625,4502.0,10830,0.0315234004302215,0.0315234004302215,0.0217218527722829,1.2262609185686109,sampled_16_timesteps_max_2048_sources,converged,1.5625,0.0002,0.0001999910746235,8.925376459965753e-09,True,20,SpMV,CUSPARSE_SPMV_ALG_DEFAULT,,,torch_cuda_event_cudagraph_replay,gpu_execution,full_rsnn,device_adapted,independent_inference,sparse_only,"(256, 1, 138639)","(256, 1, 138639)",138639,138639,1,1,BN,spmspv_csc_dense_device,spmspv_csc_dense_device,none,False,False,True,0,torch.int64,torch.float32,torch.float32,dense_device,,,False,False,False,False,False,True,1.0,554556,325842920,325842920,0,0,False,unknown,unknown,unknown,unknown,unknown,,10.9920645;10.9776316;10.9737597;10.9795198;10.9748478;10.975872;10.9718723;10.9754562;10.9802237;10.975296;10.9778881;10.9779196;10.9749756;10.9794559;10.982048;10.9799681;10.9779196;10.9728003;10.9779196;10.977952,20,10.97776951789856,0.004270532070837,10.971872329711914,10.992064476013184,passed,0,0.0,1.4901161193847656e-08,4.656612873077393e-10,7.443573224463762e-08,9.298970837789967e-08,7.443573224463762e-08,9.298970837789967e-08,138639,0,full_state,passed,,10.977903842926024,,,,,,,,,,,3.813554256208526
persistent_spike_block,flybrain,NVIDIA GeForce RTX 5090,2.11.0+cu128,12.8,default,0.0003816247733734,,,,,,c33a3f045de515f2,2,138639,256,1,15091983,108.85813515677408,flybrain,2,9783,163.19999046318512,1.499198844699568,0.4816346156348125,288.0,599.6199999999953,1.0,0.0002,0.0002,0.0001999910739402,0.2,0.1999910739402332,27.7265625,28.0,34,3048.9140625,4502.0,10830,0.0315234004302215,0.0315234004302215,0.0217218527722829,1.2262609185686109,sampled_16_timesteps_max_2048_sources,converged,1.5625,0.0002,0.0001999910746235,8.925376459965753e-09,True,20,SpMV,CUSPARSE_SPMV_ALG_DEFAULT,,,torch_cuda_event,gpu_execution,full_rsnn,device_native,independent_inference,full_fusion,"(256, 1, 138639)","(256, 1, 138639)",138639,138639,1,1,BN,event_csr,event_csr,dense_to_events_precomputed,False,True,True,0,torch.int32,torch.float32,torch.float32,windowed_events,,,False,False,False,False,False,False,1.0,3685120,122428956,122428956,0,0,False,unknown,unknown,unknown,unknown,unknown,,3.40473604;3.3505919;3.34950399;3.35350394;3.34988809;3.34755206;3.34073591;3.34438396;3.34214401;3.34847999;3.34534407;3.35356808;3.34518409;3.34745598;3.352;3.34947205;3.34284806;3.35039997;3.34335995;3.34847999,20,3.350481605529785,0.0132937028912314,3.340735912322998,3.404736042022705,passed,0,0.0,5.960464477539064e-08,7.450580596923828e-09,2.9732194661846734e-07,1.4524516700475942e-06,2.9732194661846734e-07,1.4524516700475942e-06,138639,0,full_state,passed,,3.348479986190796,,,,,,,12.50263764367413,,,,12.50263764367413
cusparse_direct_cudagraph,flybrain,NVIDIA GeForce RTX 5090,2.11.0+cu128,12.8,default,0.0003816247733734,,,,,,7c69c5dbaa0ae6f4,2,138639,256,1,15091983,108.85813515677408,flybrain,2,9783,163.19999046318512,1.499198844699568,0.4816346156348125,288.0,599.6199999999953,1.0,0.0005,0.0005,0.0005000058605442,0.5,0.5000058605442913,69.3203125,70.0,103,8580.2265625,16787.0,24597,0.0616815120495295,0.0616815120495295,0.0335386726311717,1.4858559675419811,sampled_16_timesteps_max_2048_sources,converged,1.1104583740234375,0.0005,0.0005000058445148,5.844514816989027e-09,True,20,SpMV,CUSPARSE_SPMV_ALG_DEFAULT,,,torch_cuda_event,gpu_execution,full_rsnn,device_native,independent_inference,sparse_only,"(256, 1, 138639)","(256, 1, 138639)",138639,138639,1,1,BN,csr_post_by_pre,csr_post_by_pre,none,False,False,True,0,torch.int32,torch.float32,torch.float32,dense,,,False,False,False,False,False,True,1.0,58960,406886764,406886764,0,0,False,unknown,unknown,unknown,unknown,unknown,,41.9525757;41.8688011;41.8484497;41.8566399;41.8361588;41.8464012;41.8464012;41.8300476;41.8382072;41.8464012;41.8525429;41.8525772;41.8279991;41.8545914;41.8382072;41.8299828;41.8545914;41.8330879;41.8443527;41.8607368,20,41.85093765258789,0.0263419005535592,41.82799911499024,41.95257568359375,passed,0,0.0,1.1920928955078125e-07,7.450580596923828e-09,5.917643193242839e-07,1.4713359632878564e-06,5.917643193242839e-07,1.4713359632878564e-06,138639,0,full_state,passed,,41.84640121459961,,,,,,,1.0,,,,1.0
tilespmspv_cudagraph,flybrain,NVIDIA GeForce RTX 5090,2.11.0+cu128,12.8,default,0.0003816247733734,,,,,,7c69c5dbaa0ae6f4,2,138639,256,1,15091983,108.85813515677408,flybrain,2,9783,163.19999046318512,1.499198844699568,0.4816346156348125,288.0,599.6199999999953,1.0,0.0005,0.0005,0.0005000058605442,0.5,0.5000058605442913,69.3203125,70.0,103,8580.2265625,16787.0,24597,0.0616815120495295,0.0616815120495295,0.0335386726311717,1.4858559675419811,sampled_16_timesteps_max_2048_sources,converged,1.1104583740234375,0.0005,0.0005000058445148,5.844514816989027e-09,True,20,SpMV,CUSPARSE_SPMV_ALG_DEFAULT,,,torch_cuda_event_cudagraph_replay,gpu_execution,full_rsnn,device_adapted,independent_inference,sparse_only,"(256, 1, 138639)","(256, 1, 138639)",138639,138639,1,1,BN,spmspv_csc_dense_device,spmspv_csc_dense_device,none,False,False,True,0,torch.int64,torch.float32,torch.float32,dense_device,,,False,False,False,False,False,True,1.0,554556,325842920,325842920,0,0,False,unknown,unknown,unknown,unknown,unknown,,6.74255991;6.72236776;6.72416019;6.72374392;6.72476816;6.72230387;6.72012806;6.71808004;6.71958399;6.72134399;6.72761583;6.72425604;6.72422409;6.72422409;6.72115183;6.72425604;6.72422409;6.72422409;6.72016001;6.72524786,20,6.723931193351746,0.0049471537755916,6.718080043792725,6.742559909820557,passed,0,0.0,8.940696716308595e-08,9.313225746154783e-10,4.455662860891607e-07,1.855773348324874e-07,4.455662860891607e-07,1.855773348324874e-07,138639,0,full_state,passed,,6.724192142486572,,,,,,,,,,,6.223260776591227
globalatomic_cudagraph,flybrain,NVIDIA GeForce RTX 5090,2.11.0+cu128,12.8,default,0.0003816247733734,,,,,,7c69c5dbaa0ae6f4,2,138639,256,1,15091983,108.85813515677408,flybrain,2,9783,163.19999046318512,1.499198844699568,0.4816346156348125,288.0,599.6199999999953,1.0,0.0005,0.0005,0.0005000058605442,0.5,0.5000058605442913,69.3203125,70.0,103,8580.2265625,16787.0,24597,0.0616815120495295,0.0616815120495295,0.0335386726311717,1.4858559675419811,sampled_16_timesteps_max_2048_sources,converged,1.1104583740234375,0.0005,0.0005000058445148,5.844514816989027e-09,True,20,SpMV,CUSPARSE_SPMV_ALG_DEFAULT,,,torch_cuda_event_cudagraph_replay,gpu_execution,full_rsnn,device_adapted,independent_inference,sparse_only,"(256, 1, 138639)","(256, 1, 138639)",138639,138639,1,1,BN,spmspv_csc_dense_device,spmspv_csc_dense_device,none,False,False,True,0,torch.int64,torch.float32,torch.float32,dense_device,,,False,False,False,False,False,True,1.0,554556,325842920,325842920,0,0,False,unknown,unknown,unknown,unknown,unknown,,11.3779202;11.3665924;11.3635197;11.3691196;11.3613758;11.3683519;11.3727999;11.3635836;11.3693438;11.367424;11.3666563;11.3660479;11.3649921;11.3608961;11.3619204;11.3711681;11.3680639;11.3649597;11.3690882;11.3701124,20,11.367196798324583,0.0041328068080741,11.360896110534668,11.377920150756836,passed,0,0.0,8.940696716308595e-08,9.313225746154783e-10,4.455662860891607e-07,1.855773348324874e-07,4.455662860891607e-07,1.855773348324874e-07,138639,0,full_state,passed,,11.367040157318115,,,,,,,,,,,3.6813806087998064
vdha_cudagraph,flybrain,NVIDIA GeForce RTX 5090,2.11.0+cu128,12.8,default,0.0003816247733734,,,,,,7c69c5dbaa0ae6f4,2,138639,256,1,15091983,108.85813515677408,flybrain,2,9783,163.19999046318512,1.499198844699568,0.4816346156348125,288.0,599.6199999999953,1.0,0.0005,0.0005,0.0005000058605442,0.5,0.5000058605442913,69.3203125,70.0,103,8580.2265625,16787.0,24597,0.0616815120495295,0.0616815120495295,0.0335386726311717,1.4858559675419811,sampled_16_timesteps_max_2048_sources,converged,1.1104583740234375,0.0005,0.0005000058445148,5.844514816989027e-09,True,20,SpMV,CUSPARSE_SPMV_ALG_DEFAULT,,,torch_cuda_event_cudagraph_replay,gpu_execution,full_rsnn,device_adapted,independent_inference,sparse_only,"(256, 1, 138639)","(256, 1, 138639)",138639,138639,1,1,BN,spmspv_csc_dense_device,spmspv_csc_dense_device,none,False,False,True,0,torch.int64,torch.float32,torch.float32,dense_device,,,False,False,False,False,False,True,1.0,554556,325842920,325842920,0,0,False,unknown,unknown,unknown,unknown,unknown,,12.1065283;12.0872316;12.0931196;12.0928965;12.0941763;12.0965757;12.0869761;12.0869436;12.0858879;12.0870399;12.0888958;12.0847998;12.0961285;12.0946236;12.0889597;12.0869122;12.0920324;12.0827837;12.0910397;12.0889597,20,12.090625524520874,0.005390857412241,12.082783699035645,12.106528282165527,passed,0,0.0,1.788139343261719e-07,4.6566128730773926e-09,8.911325721783214e-07,9.292911613556498e-07,8.911325721783214e-07,9.292911613556498e-07,138639,0,full_state,passed,,12.088959693908691,,,,,,,,,,,3.461538649656092
persistent_spike_block,flybrain,NVIDIA GeForce RTX 5090,2.11.0+cu128,12.8,default,0.0003816247733734,,,,,,7c69c5dbaa0ae6f4,2,138639,256,1,15091983,108.85813515677408,flybrain,2,9783,163.19999046318512,1.499198844699568,0.4816346156348125,288.0,599.6199999999953,1.0,0.0005,0.0005,0.0005000058605442,0.5,0.5000058605442913,69.3203125,70.0,103,8580.2265625,16787.0,24597,0.0616815120495295,0.0616815120495295,0.0335386726311717,1.4858559675419811,sampled_16_timesteps_max_2048_sources,converged,1.1104583740234375,0.0005,0.0005000058445148,5.844514816989027e-09,True,20,SpMV,CUSPARSE_SPMV_ALG_DEFAULT,,,torch_cuda_event,gpu_execution,full_rsnn,device_native,independent_inference,full_fusion,"(256, 1, 138639)","(256, 1, 138639)",138639,138639,1,1,BN,event_csr,event_csr,dense_to_events_precomputed,False,True,True,0,torch.int32,torch.float32,torch.float32,windowed_events,,,False,False,False,False,False,False,1.0,3685120,122471548,122471548,0,0,False,unknown,unknown,unknown,unknown,unknown,,3.88032007;3.83936;3.83894396;3.83836794;3.83081603;3.84294391;3.83488011;3.829216;3.83488011;3.84294391;3.8267839;3.8415041;3.83702397;3.84451199;3.83891201;3.84140801;3.83888006;3.83583999;3.84102392;3.83590388,20,3.839723193645477,0.0106238535553888,3.8267838954925537,3.880320072174072,passed,0,0.0,1.1920928955078125e-07,1.4901161193847656e-08,5.931457280894392e-07,2.9110715331626125e-06,5.931457280894392e-07,2.9110715331626125e-06,138639,0,full_state,passed,,3.8388960361480713,,,,,,,10.90063414600518,,,,10.90063414600518
cusparse_direct_cudagraph,flybrain,NVIDIA GeForce RTX 5090,2.11.0+cu128,12.8,default,0.0003816247733734,,,,,,7451e02186d79a05,2,138639,256,1,15091983,108.85813515677408,flybrain,2,9783,163.19999046318512,1.499198844699568,0.4816346156348125,288.0,599.6199999999953,1.0,0.001,0.001,0.0010000398967822,1.0,1.0000398967822908,138.64453125,140.0,275,17922.7421875,27503.0,36188,0.1262995748529054,0.1262995748529054,0.0718087429003736,1.983489702194799,sampled_16_timesteps_max_2048_sources,converged,1.1260986328125,0.001,0.0010000398615375,3.9861537516096286e-08,True,20,SpMV,CUSPARSE_SPMV_ALG_DEFAULT,,,torch_cuda_event,gpu_execution,full_rsnn,device_native,independent_inference,sparse_only,"(256, 1, 138639)","(256, 1, 138639)",138639,138639,1,1,BN,csr_post_by_pre,csr_post_by_pre,none,False,False,True,0,torch.int32,torch.float32,torch.float32,dense,,,False,False,False,False,False,True,1.0,58960,406886764,406886764,0,0,False,unknown,unknown,unknown,unknown,unknown,,41.9048653;41.8901749;41.8730545;41.8382072;41.8607368;41.8628159;41.8464012;41.8669128;41.8935051;41.877121;41.873024;41.8484497;41.8443527;41.8586884;41.8320656;41.8320656;41.8259201;41.8361588;41.8382072;41.8412819,20,41.85720043182373,0.0226347466416144,41.82592010498047,41.90486526489258,passed,0,0.0,4.76837158203125e-07,2.9802322387695312e-08,2.3369821064989083e-06,5.666004653903656e-06,2.3369821064989083e-06,5.666004653903656e-06,138639,0,full_state,passed,,41.85356903076172,,,,,,,1.0,,,,1.0
tilespmspv_cudagraph,flybrain,NVIDIA GeForce RTX 5090,2.11.0+cu128,12.8,default,0.0003816247733734,,,,,,7451e02186d79a05,2,138639,256,1,15091983,108.85813515677408,flybrain,2,9783,163.19999046318512,1.499198844699568,0.4816346156348125,288.0,599.6199999999953,1.0,0.001,0.001,0.0010000398967822,1.0,1.0000398967822908,138.64453125,140.0,275,17922.7421875,27503.0,36188,0.1262995748529054,0.1262995748529054,0.0718087429003736,1.983489702194799,sampled_16_timesteps_max_2048_sources,converged,1.1260986328125,0.001,0.0010000398615375,3.9861537516096286e-08,True,20,SpMV,CUSPARSE_SPMV_ALG_DEFAULT,,,torch_cuda_event_cudagraph_replay,gpu_execution,full_rsnn,device_adapted,independent_inference,sparse_only,"(256, 1, 138639)","(256, 1, 138639)",138639,138639,1,1,BN,spmspv_csc_dense_device,spmspv_csc_dense_device,none,False,False,True,0,torch.int64,torch.float32,torch.float32,dense_device,,,False,False,False,False,False,True,1.0,554556,325842920,325842920,0,0,False,unknown,unknown,unknown,unknown,unknown,,7.14572811;7.09929609;7.10198402;7.10054398;7.09849596;7.08784008;7.10115194;7.09587193;7.09433603;7.09692812;7.09747219;7.09900808;7.09289598;7.09388781;7.1010561;7.09798384;7.09699202;7.09696007;7.09593582;7.09699202,20,7.099568009376526,0.011346923802415,7.087840080261231,7.14572811126709,passed,0,0.0,2.384185791015625e-07,2.9802322387695312e-08,1.168491053249454e-06,5.397075256041717e-06,1.168491053249454e-06,5.397075256041717e-06,138639,0,full_state,passed,,7.097232103347778,,,,,,,,,,,5.897167856609806
globalatomic_cudagraph,flybrain,NVIDIA GeForce RTX 5090,2.11.0+cu128,12.8,default,0.0003816247733734,,,,,,7451e02186d79a05,2,138639,256,1,15091983,108.85813515677408,flybrain,2,9783,163.19999046318512,1.499198844699568,0.4816346156348125,288.0,599.6199999999953,1.0,0.001,0.001,0.0010000398967822,1.0,1.0000398967822908,138.64453125,140.0,275,17922.7421875,27503.0,36188,0.1262995748529054,0.1262995748529054,0.0718087429003736,1.983489702194799,sampled_16_timesteps_max_2048_sources,converged,1.1260986328125,0.001,0.0010000398615375,3.9861537516096286e-08,True,20,SpMV,CUSPARSE_SPMV_ALG_DEFAULT,,,torch_cuda_event_cudagraph_replay,gpu_execution,full_rsnn,device_adapted,independent_inference,sparse_only,"(256, 1, 138639)","(256, 1, 138639)",138639,138639,1,1,BN,spmspv_csc_dense_device,spmspv_csc_dense_device,none,False,False,True,0,torch.int64,torch.float32,torch.float32,dense_device,,,False,False,False,False,False,True,1.0,554556,325842920,325842920,0,0,False,unknown,unknown,unknown,unknown,unknown,,11.3829441;11.3627844;11.3662081;11.3629436;11.3634558;11.3604803;11.3645439;11.3635836;11.3651838;11.3654718;11.3645439;11.3629436;11.3640003;11.3629761;11.3619204;11.3650236;11.3660479;11.3649921;11.3629436;11.3640003,20,11.36484956741333,0.0044883552629574,11.360480308532717,11.382944107055664,passed,0,0.0,2.384185791015625e-07,2.9802322387695312e-08,1.168491053249454e-06,5.397075256041717e-06,1.168491053249454e-06,5.397075256041717e-06,138639,0,full_state,passed,,11.36400032043457,,,,,,,,,,,3.682996114977336
vdha_cudagraph,flybrain,NVIDIA GeForce RTX 5090,2.11.0+cu128,12.8,default,0.0003816247733734,,,,,,7451e02186d79a05,2,138639,256,1,15091983,108.85813515677408,flybrain,2,9783,163.19999046318512,1.499198844699568,0.4816346156348125,288.0,599.6199999999953,1.0,0.001,0.001,0.0010000398967822,1.0,1.0000398967822908,138.64453125,140.0,275,17922.7421875,27503.0,36188,0.1262995748529054,0.1262995748529054,0.0718087429003736,1.983489702194799,sampled_16_timesteps_max_2048_sources,converged,1.1260986328125,0.001,0.0010000398615375,3.9861537516096286e-08,True,20,SpMV,CUSPARSE_SPMV_ALG_DEFAULT,,,torch_cuda_event_cudagraph_replay,gpu_execution,full_rsnn,device_adapted,independent_inference,sparse_only,"(256, 1, 138639)","(256, 1, 138639)",138639,138639,1,1,BN,spmspv_csc_dense_device,spmspv_csc_dense_device,none,False,False,True,0,torch.int64,torch.float32,torch.float32,dense_device,,,False,False,False,False,False,True,1.0,554556,325842920,325842920,0,0,False,unknown,unknown,unknown,unknown,unknown,,12.2173119;12.1971521;12.193408;12.1995201;12.1975365;12.2041283;12.1976004;12.1934404;12.193408;12.1969919;12.1986237;12.2011204;12.1914558;12.2011204;12.197504;12.1975365;12.2005758;12.183136;12.2036161;12.199584,20,12.198238515853882,0.0064950251609248,12.183135986328123,12.21731185913086,passed,0,0.0,2.384185791015625e-07,2.9802322387695312e-08,1.1733042128980742e-06,5.397075256041717e-06,1.1733042128980742e-06,5.397075256041717e-06,138639,0,full_state,passed,,12.19756841659546,,,,,,,,,,,3.431304306013783
persistent_spike_block,flybrain,NVIDIA GeForce RTX 5090,2.11.0+cu128,12.8,default,0.0003816247733734,,,,,,7451e02186d79a05,2,138639,256,1,15091983,108.85813515677408,flybrain,2,9783,163.19999046318512,1.499198844699568,0.4816346156348125,288.0,599.6199999999953,1.0,0.001,0.001,0.0010000398967822,1.0,1.0000398967822908,138.64453125,140.0,275,17922.7421875,27503.0,36188,0.1262995748529054,0.1262995748529054,0.0718087429003736,1.983489702194799,sampled_16_timesteps_max_2048_sources,converged,1.1260986328125,0.001,0.0010000398615375,3.9861537516096286e-08,True,20,SpMV,CUSPARSE_SPMV_ALG_DEFAULT,,,torch_cuda_event,gpu_execution,full_rsnn,device_native,independent_inference,full_fusion,"(256, 1, 138639)","(256, 1, 138639)",138639,138639,1,1,BN,event_csr,event_csr,dense_to_events_precomputed,False,True,True,0,torch.int32,torch.float32,torch.float32,windowed_events,,,False,False,False,False,False,False,1.0,3685120,122542532,122542532,0,0,False,unknown,unknown,unknown,unknown,unknown,,4.3144002;4.25177622;4.25248003;4.25676823;4.25062418;4.25062418;4.25971222;4.24854422;4.25622416;4.26287985;4.26438379;4.26281595;4.26240015;4.26089621;4.26070404;4.25871992;4.25663996;4.2567358;4.257792;4.25881577,20,4.260196852684021,0.0135471487017183,4.248544216156006,4.31440019607544,passed,0,0.0,4.76837158203125e-07,5.960464477539064e-08,2.376952579652425e-06,1.0304810530215036e-05,2.376952579652425e-06,1.0304810530215036e-05,138639,0,full_state,passed,,4.258255958557129,,,,,,,9.828805369638564,,,,9.828805369638564
cusparse_direct_cudagraph,flybrain,NVIDIA GeForce RTX 5090,2.11.0+cu128,12.8,default,0.0003816247733734,,,,,,20279e53dc30236a,2,138639,256,1,15091983,108.85813515677408,flybrain,2,9783,163.19999046318512,1.499198844699568,0.4816346156348125,288.0,599.6199999999953,1.0,0.002,0.002,0.0027065007862145,2.0,2.706500786214557,375.2265625,1098.0,1151,79618.81640625,335696.75,354255,0.3431965023430506,0.3431965023430507,0.7692577164405572,3.0674800641279227,sampled_16_timesteps_max_2048_sources,nonmonotonic_best_effort,1.025390625,0.002,0.0027065007016062,0.0007065007016062,True,20,SpMV,CUSPARSE_SPMV_ALG_DEFAULT,,,torch_cuda_event,gpu_execution,full_rsnn,device_native,independent_inference,sparse_only,"(256, 1, 138639)","(256, 1, 138639)",138639,138639,1,1,BN,csr_post_by_pre,csr_post_by_pre,none,False,False,True,0,torch.int32,torch.float32,torch.float32,dense,,,False,False,False,False,False,True,1.0,58960,406886764,406886764,0,0,False,unknown,unknown,unknown,unknown,unknown,,42.0073929;41.8688965;41.8464012;41.8750725;41.8586884;41.8382072;41.8505287;41.8402557;41.8361588;41.8423042;41.8197746;41.8300171;41.8238716;41.8320656;41.8218231;41.8156815;41.8105583;41.8320656;41.8259201;41.8443527,20,41.8460018157959,0.0415426267433409,41.8105583190918,42.00739288330078,passed,0,0.0,2.288818359375e-05,9.5367431640625e-07,5.74618716200348e-05,6.097125151427463e-05,5.74618716200348e-05,6.097125151427463e-05,138639,0,full_state,passed,,41.83718299865723,,,,,,,1.0,,,,1.0
tilespmspv_cudagraph,flybrain,NVIDIA GeForce RTX 5090,2.11.0+cu128,12.8,default,0.0003816247733734,,,,,,20279e53dc30236a,2,138639,256,1,15091983,108.85813515677408,flybrain,2,9783,163.19999046318512,1.499198844699568,0.4816346156348125,288.0,599.6199999999953,1.0,0.002,0.002,0.0027065007862145,2.0,2.706500786214557,375.2265625,1098.0,1151,79618.81640625,335696.75,354255,0.3431965023430506,0.3431965023430507,0.7692577164405572,3.0674800641279227,sampled_16_timesteps_max_2048_sources,nonmonotonic_best_effort,1.025390625,0.002,0.0027065007016062,0.0007065007016062,True,20,SpMV,CUSPARSE_SPMV_ALG_DEFAULT,,,torch_cuda_event_cudagraph_replay,gpu_execution,full_rsnn,device_adapted,independent_inference,sparse_only,"(256, 1, 138639)","(256, 1, 138639)",138639,138639,1,1,BN,spmspv_csc_dense_device,spmspv_csc_dense_device,none,False,False,True,0,torch.int64,torch.float32,torch.float32,dense_device,,,False,False,False,False,False,True,1.0,554556,325842920,325842920,0,0,False,unknown,unknown,unknown,unknown,unknown,,7.13078403;7.12319994;7.1282239;7.1231041;7.12319994;7.11657619;7.11744022;7.11852789;7.11891222;7.12166405;7.11999989;7.11744022;7.12048006;7.11948776;7.11948776;7.11846399;7.11747217;7.12259197;7.11747217;7.12361622,20,7.120907235145569,0.0037290997549581,7.116576194763184,7.130784034729004,passed,0,0.0,3.814697265625e-05,2.86102294921875e-06,0.0001173218843177,0.0001765602064551,0.0001173218843177,0.0001765602064551,138639,0,full_state,passed,,7.119743824005127,,,,,,,,,,,5.876220273206715
globalatomic_cudagraph,flybrain,NVIDIA GeForce RTX 5090,2.11.0+cu128,12.8,default,0.0003816247733734,,,,,,20279e53dc30236a,2,138639,256,1,15091983,108.85813515677408,flybrain,2,9783,163.19999046318512,1.499198844699568,0.4816346156348125,288.0,599.6199999999953,1.0,0.002,0.002,0.0027065007862145,2.0,2.706500786214557,375.2265625,1098.0,1151,79618.81640625,335696.75,354255,0.3431965023430506,0.3431965023430507,0.7692577164405572,3.0674800641279227,sampled_16_timesteps_max_2048_sources,nonmonotonic_best_effort,1.025390625,0.002,0.0027065007016062,0.0007065007016062,True,20,SpMV,CUSPARSE_SPMV_ALG_DEFAULT,,,torch_cuda_event_cudagraph_replay,gpu_execution,full_rsnn,device_adapted,independent_inference,sparse_only,"(256, 1, 138639)","(256, 1, 138639)",138639,138639,1,1,BN,spmspv_csc_dense_device,spmspv_csc_dense_device,none,False,False,True,0,torch.int64,torch.float32,torch.float32,dense_device,,,False,False,False,False,False,True,1.0,554556,325842920,325842920,0,0,False,unknown,unknown,unknown,unknown,unknown,,11.3799038;11.3645124;11.3660164;11.36448;11.3635836;11.36656;11.3646078;11.3615036;11.3604479;11.361536;11.3583679;11.3649921;11.3660479;11.3608637;11.3680639;11.35888;11.3640003;11.3670721;11.3609276;11.3619204,20,11.364214372634889,0.0045955027339062,11.358367919921877,11.37990379333496,passed,0,0.0,5.340576171875e-05,2.384185791015625e-06,0.0001519846991868,0.0002017830993281,0.0001519846991868,0.0002017830993281,138639,0,full_state,passed,,11.364240169525146,,,,,,,,,,,3.681476488929694
vdha_cudagraph,flybrain,NVIDIA GeForce RTX 5090,2.11.0+cu128,12.8,default,0.0003816247733734,,,,,,20279e53dc30236a,2,138639,256,1,15091983,108.85813515677408,flybrain,2,9783,163.19999046318512,1.499198844699568,0.4816346156348125,288.0,599.6199999999953,1.0,0.002,0.002,0.0027065007862145,2.0,2.706500786214557,375.2265625,1098.0,1151,79618.81640625,335696.75,354255,0.3431965023430506,0.3431965023430507,0.7692577164405572,3.0674800641279227,sampled_16_timesteps_max_2048_sources,nonmonotonic_best_effort,1.025390625,0.002,0.0027065007016062,0.0007065007016062,True,20,SpMV,CUSPARSE_SPMV_ALG_DEFAULT,,,torch_cuda_event_cudagraph_replay,gpu_execution,full_rsnn,device_adapted,independent_inference,sparse_only,"(256, 1, 138639)","(256, 1, 138639)",138639,138639,1,1,BN,spmspv_csc_dense_device,spmspv_csc_dense_device,none,False,False,True,0,torch.int64,torch.float32,torch.float32,dense_device,,,False,False,False,False,False,True,1.0,554556,325842920,325842920,0,0,False,unknown,unknown,unknown,unknown,unknown,,13.3873281;13.1948481;13.1942396;13.1932478;13.1985283;13.1927996;13.1959038;13.1887999;13.1900797;13.1881599;13.1958723;13.1907196;13.1847038;13.1934404;13.188736;13.1866884;13.1866884;13.1959362;13.1928644;13.1907845,20,13.201518440246582,0.0438896155860214,13.184703826904297,13.387328147888184,passed,0,0.0,3.0517578125e-05,1.9073486328125e-06,8.516649540979415e-05,0.0001015337256831,8.516649540979415e-05,0.0001015337256831,138639,0,full_state,passed,,13.192831993103027,,,,,,,,,,,3.171205622911665
persistent_spike_block,flybrain,NVIDIA GeForce RTX 5090,2.11.0+cu128,12.8,default,0.0003816247733734,,,,,,20279e53dc30236a,2,138639,256,1,15091983,108.85813515677408,flybrain,2,9783,163.19999046318512,1.499198844699568,0.4816346156348125,288.0,599.6199999999953,1.0,0.002,0.002,0.0027065007862145,2.0,2.706500786214557,375.2265625,1098.0,1151,79618.81640625,335696.75,354255,0.3431965023430506,0.3431965023430507,0.7692577164405572,3.0674800641279227,sampled_16_timesteps_max_2048_sources,nonmonotonic_best_effort,1.025390625,0.002,0.0027065007016062,0.0007065007016062,True,20,SpMV,CUSPARSE_SPMV_ALG_DEFAULT,,,torch_cuda_event,gpu_execution,full_rsnn,device_native,independent_inference,full_fusion,"(256, 1, 138639)","(256, 1, 138639)",138639,138639,1,1,BN,event_csr,event_csr,dense_to_events_precomputed,False,True,True,0,torch.int32,torch.float32,torch.float32,windowed_events,,,False,False,False,False,False,False,1.0,3685120,122684496,122684496,0,0,False,unknown,unknown,unknown,unknown,unknown,,4.73596811;4.68124819;4.69283199;4.68767977;4.68585587;4.68166399;4.68057585;4.68832016;4.67782402;4.68374395;4.68070412;4.68572807;4.67555189;4.68422413;4.68495989;4.68416023;4.6837759;4.67961597;4.68278408;4.6786561,20,4.685793614387512,0.0124572565375379,4.675551891326904,4.735968112945557,passed_causal_masked_state,2,5.6351387416239296e-08,0.0505218505859375,0.0092172622680664,0.2490695416927337,0.5822322964668274,0.0011539482511579,0.0018943495815619,138495,144,causal_masked_state,passed_causal_masked_state,,4.683759927749634,,,,,,,8.932392702449713,,,,8.932392702449713
cusparse_direct_cudagraph,flybrain,NVIDIA GeForce RTX 5090,2.11.0+cu128,12.8,default,0.0003816247733734,,,,,,b8aee70da1cbc674,2,138639,256,1,15091983,108.85813515677408,flybrain,2,9783,163.19999046318512,1.499198844699568,0.4816346156348125,288.0,599.6199999999953,1.0,0.005,0.005,0.0046568504803843,5.0,4.656850480384308,645.62109375,674.75,1358,88148.40234375,110225.75,174539,0.3757587841637774,0.3757587841637773,0.1731853846714582,2.1034009160268394,sampled_16_timesteps_max_2048_sources,converged,1.1690139770507812,0.005,0.0046568503603339,0.000343149639666,True,20,SpMV,CUSPARSE_SPMV_ALG_DEFAULT,,,torch_cuda_event,gpu_execution,full_rsnn,device_native,independent_inference,sparse_only,"(256, 1, 138639)","(256, 1, 138639)",138639,138639,1,1,BN,csr_post_by_pre,csr_post_by_pre,none,False,False,True,0,torch.int32,torch.float32,torch.float32,dense,,,False,False,False,False,False,True,1.0,58960,406886764,406886764,0,0,False,unknown,unknown,unknown,unknown,unknown,,41.8973427;41.8667831;41.8423042;41.8566399;41.8484497;41.8402557;41.8320656;41.8382416;41.8361588;41.8259201;41.8443527;41.8566399;41.8382072;41.8382072;41.8464012;41.8300476;41.8382416;41.8413124;41.8341446;41.8443527,20,41.844803428649904,0.0156895803360317,41.82592010498047,41.897342681884766,passed,0,0.0,9.5367431640625e-07,1.1920928955078125e-07,4.504091066337423e-06,1.9709052139660344e-05,4.504091066337423e-06,1.9709052139660344e-05,138639,0,full_state,passed,,41.84078407287598,,,,,,,1.0,,,,1.0
tilespmspv_cudagraph,flybrain,NVIDIA GeForce RTX 5090,2.11.0+cu128,12.8,default,0.0003816247733734,,,,,,b8aee70da1cbc674,2,138639,256,1,15091983,108.85813515677408,flybrain,2,9783,163.19999046318512,1.499198844699568,0.4816346156348125,288.0,599.6199999999953,1.0,0.005,0.005,0.0046568504803843,5.0,4.656850480384308,645.62109375,674.75,1358,88148.40234375,110225.75,174539,0.3757587841637774,0.3757587841637773,0.1731853846714582,2.1034009160268394,sampled_16_timesteps_max_2048_sources,converged,1.1690139770507812,0.005,0.0046568503603339,0.000343149639666,True,20,SpMV,CUSPARSE_SPMV_ALG_DEFAULT,,,torch_cuda_event_cudagraph_replay,gpu_execution,full_rsnn,device_adapted,independent_inference,sparse_only,"(256, 1, 138639)","(256, 1, 138639)",138639,138639,1,1,BN,spmspv_csc_dense_device,spmspv_csc_dense_device,none,False,False,True,0,torch.int64,torch.float32,torch.float32,dense_device,,,False,False,False,False,False,True,1.0,554556,325842920,325842920,0,0,False,unknown,unknown,unknown,unknown,unknown,,7.33766413;7.33440018;7.32531214;7.33199978;7.33504009;7.338624;7.32726383;7.32844782;7.33907223;7.32860804;7.33088017;7.3325119;7.32736015;7.33452797;7.3335042;7.32838392;7.3273921;7.33657598;7.32118416;7.32022381,20,7.330948829650879,0.0053938032675645,7.320223808288574,7.339072227478027,passed,0,0.0,9.5367431640625e-07,5.960464477539064e-08,4.5171159399615135e-06,9.854526069830172e-06,4.5171159399615135e-06,9.854526069830172e-06,138639,0,full_state,passed,,7.331439971923828,,,,,,,,,,,5.70703493898984
globalatomic_cudagraph,flybrain,NVIDIA GeForce RTX 5090,2.11.0+cu128,12.8,default,0.0003816247733734,,,,,,b8aee70da1cbc674,2,138639,256,1,15091983,108.85813515677408,flybrain,2,9783,163.19999046318512,1.499198844699568,0.4816346156348125,288.0,599.6199999999953,1.0,0.005,0.005,0.0046568504803843,5.0,4.656850480384308,645.62109375,674.75,1358,88148.40234375,110225.75,174539,0.3757587841637774,0.3757587841637773,0.1731853846714582,2.1034009160268394,sampled_16_timesteps_max_2048_sources,converged,1.1690139770507812,0.005,0.0046568503603339,0.000343149639666,True,20,SpMV,CUSPARSE_SPMV_ALG_DEFAULT,,,torch_cuda_event_cudagraph_replay,gpu_execution,full_rsnn,device_adapted,independent_inference,sparse_only,"(256, 1, 138639)","(256, 1, 138639)",138639,138639,1,1,BN,spmspv_csc_dense_device,spmspv_csc_dense_device,none,False,False,True,0,torch.int64,torch.float32,torch.float32,dense_device,,,False,False,False,False,False,True,1.0,554556,325842920,325842920,0,0,False,unknown,unknown,unknown,unknown,unknown,,11.3754244;11.3647356;11.3593922;11.3584318;11.3614397;11.3630075;11.3608961;11.3573122;11.3584642;11.3572798;11.3584642;11.3609276;11.3557758;11.3527365;11.3578243;11.35888;11.3619518;11.3629436;11.3609276;11.3557758,20,11.36012954711914,0.0046039002680122,11.352736473083496,11.3754243850708,passed,0,0.0,4.76837158203125e-07,1.1920928955078125e-07,2.361354063395993e-06,1.9709052139660344e-05,2.361354063395993e-06,1.9709052139660344e-05,138639,0,full_state,passed,,11.35913610458374,,,,,,,,,,,3.6834477276834474
vdha_cudagraph,flybrain,NVIDIA GeForce RTX 5090,2.11.0+cu128,12.8,default,0.0003816247733734,,,,,,b8aee70da1cbc674,2,138639,256,1,15091983,108.85813515677408,flybrain,2,9783,163.19999046318512,1.499198844699568,0.4816346156348125,288.0,599.6199999999953,1.0,0.005,0.005,0.0046568504803843,5.0,4.656850480384308,645.62109375,674.75,1358,88148.40234375,110225.75,174539,0.3757587841637774,0.3757587841637773,0.1731853846714582,2.1034009160268394,sampled_16_timesteps_max_2048_sources,converged,1.1690139770507812,0.005,0.0046568503603339,0.000343149639666,True,20,SpMV,CUSPARSE_SPMV_ALG_DEFAULT,,,torch_cuda_event_cudagraph_replay,gpu_execution,full_rsnn,device_adapted,independent_inference,sparse_only,"(256, 1, 138639)","(256, 1, 138639)",138639,138639,1,1,BN,spmspv_csc_dense_device,spmspv_csc_dense_device,none,False,False,True,0,torch.int64,torch.float32,torch.float32,dense_device,,,False,False,False,False,False,True,1.0,554556,325842920,325842920,0,0,False,unknown,unknown,unknown,unknown,unknown,,12.4640322;12.4534721;12.4514561;12.4495039;12.4493761;12.4529924;12.4515839;12.4555836;12.453536;12.4473276;12.4680004;12.477952;12.4862404;12.4858236;12.4821758;12.4862719;12.4832001;12.4862719;12.4863043;12.4822083,20,12.46766562461853,0.0159913399959872,12.447327613830566,12.48630428314209,passed,0,0.0,9.5367431640625e-07,2.9802322387695312e-08,4.397498287289636e-06,5.71821919947979e-06,4.397498287289636e-06,5.71821919947979e-06,138639,0,full_state,passed,,12.46601629257202,,,,,,,,,,,3.356387725708906
persistent_spike_block,flybrain,NVIDIA GeForce RTX 5090,2.11.0+cu128,12.8,default,0.0003816247733734,,,,,,b8aee70da1cbc674,2,138639,256,1,15091983,108.85813515677408,flybrain,2,9783,163.19999046318512,1.499198844699568,0.4816346156348125,288.0,599.6199999999953,1.0,0.005,0.005,0.0046568504803843,5.0,4.656850480384308,645.62109375,674.75,1358,88148.40234375,110225.75,174539,0.3757587841637774,0.3757587841637773,0.1731853846714582,2.1034009160268394,sampled_16_timesteps_max_2048_sources,converged,1.1690139770507812,0.005,0.0046568503603339,0.000343149639666,True,20,SpMV,CUSPARSE_SPMV_ALG_DEFAULT,,,torch_cuda_event,gpu_execution,full_rsnn,device_native,independent_inference,full_fusion,"(256, 1, 138639)","(256, 1, 138639)",138639,138639,1,1,BN,event_csr,event_csr,dense_to_events_precomputed,False,True,True,0,torch.int32,torch.float32,torch.float32,windowed_events,,,False,False,False,False,False,False,1.0,3685120,123110396,123110396,0,0,False,unknown,unknown,unknown,unknown,unknown,,4.97715187;4.90227222;4.91827202;4.8967042;4.90809584;4.89315224;4.9101758;4.89980793;4.90905619;4.89411211;4.9079361;4.9007678;4.90393591;4.90185595;4.91311979;4.89827204;4.91007996;4.89436817;4.90598392;4.89164782,20,4.906838393211364,0.0180587373863671,4.891647815704346,4.977151870727539,passed,0,0.0,3.337860107421875e-06,2.384185791015625e-07,1.5764318959554657e-05,4.143148908042349e-05,1.5764318959554657e-05,4.143148908042349e-05,138639,0,full_state,passed,,4.903104066848755,,,,,,,8.53352967883613,,,,8.53352967883613
cusparse_direct_cudagraph,flybrain,NVIDIA GeForce RTX 5090,2.11.0+cu128,12.8,default,0.0003816247733734,,,,,,4627bd4490bb138a,2,138639,256,1,15091983,108.85813515677408,flybrain,2,9783,163.19999046318512,1.499198844699568,0.4816346156348125,288.0,599.6199999999953,1.0,0.01,0.01,0.0104674392667286,10.0,10.467439266728698,1451.1953125,1823.0,1985,367409.328125,429530.25,482539,0.8218524815995424,0.8218524815995426,0.1276913385033426,1.3678379353227137,sampled_16_timesteps_max_2048_sources,converged,1.0000228881835938,0.01,0.0104674389585852,0.0004674389585852,True,20,SpMV,CUSPARSE_SPMV_ALG_DEFAULT,,,torch_cuda_event,gpu_execution,full_rsnn,device_native,independent_inference,sparse_only,"(256, 1, 138639)","(256, 1, 138639)",138639,138639,1,1,BN,csr_post_by_pre,csr_post_by_pre,none,False,False,True,0,torch.int32,torch.float32,torch.float32,dense,,,False,False,False,False,False,True,1.0,58960,406886764,406886764,0,0,False,unknown,unknown,unknown,unknown,unknown,,41.8538895;41.8297615;41.8177605;41.8320656;41.8279686;41.8341103;41.8259201;41.811615;41.8382072;41.8320656;41.8320961;41.8218231;41.8484497;41.8402557;41.8484497;41.8269424;41.8320961;41.8320656;41.8382072;41.8238716,20,41.832381057739255,0.010359057569981,41.811614990234375,41.85388946533203,passed,0,0.0,1.52587890625e-05,9.5367431640625e-07,4.233993240632117e-05,6.086188659537584e-05,4.233993240632117e-05,6.086188659537584e-05,138639,0,full_state,passed,,41.83206558227539,,,,,,,1.0,,,,1.0
tilespmspv_cudagraph,flybrain,NVIDIA GeForce RTX 5090,2.11.0+cu128,12.8,default,0.0003816247733734,,,,,,4627bd4490bb138a,2,138639,256,1,15091983,108.85813515677408,flybrain,2,9783,163.19999046318512,1.499198844699568,0.4816346156348125,288.0,599.6199999999953,1.0,0.01,0.01,0.0104674392667286,10.0,10.467439266728698,1451.1953125,1823.0,1985,367409.328125,429530.25,482539,0.8218524815995424,0.8218524815995426,0.1276913385033426,1.3678379353227137,sampled_16_timesteps_max_2048_sources,converged,1.0000228881835938,0.01,0.0104674389585852,0.0004674389585852,True,20,SpMV,CUSPARSE_SPMV_ALG_DEFAULT,,,torch_cuda_event_cudagraph_replay,gpu_execution,full_rsnn,device_adapted,independent_inference,sparse_only,"(256, 1, 138639)","(256, 1, 138639)",138639,138639,1,1,BN,spmspv_csc_dense_device,spmspv_csc_dense_device,none,False,False,True,0,torch.int64,torch.float32,torch.float32,dense_device,,,False,False,False,False,False,True,1.0,554556,325842920,325842920,0,0,False,unknown,unknown,unknown,unknown,unknown,,7.31571198;7.28255987;7.28249598;7.284832;7.27983999;7.27724791;7.28636789;7.27715206;7.28233624;7.27718401;7.27561617;7.28124809;7.28438377;7.28745604;7.27414417;7.27308798;7.28329611;7.2782402;7.27513599;7.28025579,20,7.281929612159729,0.0089501367676581,7.273087978363037,7.315711975097656,passed,0,0.0,5.340576171875e-05,2.86102294921875e-06,0.0001380337926093,0.0001748977956594,0.0001380337926093,0.0001748977956594,138639,0,full_state,passed,,7.280751943588257,,,,,,,,,,,5.745569400852134
globalatomic_cudagraph,flybrain,NVIDIA GeForce RTX 5090,2.11.0+cu128,12.8,default,0.0003816247733734,,,,,,4627bd4490bb138a,2,138639,256,1,15091983,108.85813515677408,flybrain,2,9783,163.19999046318512,1.499198844699568,0.4816346156348125,288.0,599.6199999999953,1.0,0.01,0.01,0.0104674392667286,10.0,10.467439266728698,1451.1953125,1823.0,1985,367409.328125,429530.25,482539,0.8218524815995424,0.8218524815995426,0.1276913385033426,1.3678379353227137,sampled_16_timesteps_max_2048_sources,converged,1.0000228881835938,0.01,0.0104674389585852,0.0004674389585852,True,20,SpMV,CUSPARSE_SPMV_ALG_DEFAULT,,,torch_cuda_event_cudagraph_replay,gpu_execution,full_rsnn,device_adapted,independent_inference,sparse_only,"(256, 1, 138639)","(256, 1, 138639)",138639,138639,1,1,BN,spmspv_csc_dense_device,spmspv_csc_dense_device,none,False,False,True,0,torch.int64,torch.float32,torch.float32,dense_device,,,False,False,False,False,False,True,1.0,554556,325842920,325842920,0,0,False,unknown,unknown,unknown,unknown,unknown,,11.3839998;11.3625917;11.3655043;11.3589764;11.3593283;11.3589764;11.3608637;11.3634882;11.358304;11.3599043;11.3583364;11.3588476;11.3619204;11.3608961;11.3619518;11.3629436;11.3599043;11.3588476;11.3629761;11.3557758,20,11.361716842651369,0.0057193077579867,11.355775833129885,11.383999824523926,passed,0,0.0,6.103515625e-05,4.291534423828125e-06,0.0001577529037604,0.0002623467007651,0.0001577529037604,0.0002623467007651,138639,0,full_state,passed,,11.360383987426758,,,,,,,,,,,3.682275672070023
vdha_cudagraph,flybrain,NVIDIA GeForce RTX 5090,2.11.0+cu128,12.8,default,0.0003816247733734,,,,,,4627bd4490bb138a,2,138639,256,1,15091983,108.85813515677408,flybrain,2,9783,163.19999046318512,1.499198844699568,0.4816346156348125,288.0,599.6199999999953,1.0,0.01,0.01,0.0104674392667286,10.0,10.467439266728698,1451.1953125,1823.0,1985,367409.328125,429530.25,482539,0.8218524815995424,0.8218524815995426,0.1276913385033426,1.3678379353227137,sampled_16_timesteps_max_2048_sources,converged,1.0000228881835938,0.01,0.0104674389585852,0.0004674389585852,True,20,SpMV,CUSPARSE_SPMV_ALG_DEFAULT,,,torch_cuda_event_cudagraph_replay,gpu_execution,full_rsnn,device_adapted,independent_inference,sparse_only,"(256, 1, 138639)","(256, 1, 138639)",138639,138639,1,1,BN,spmspv_csc_dense_device,spmspv_csc_dense_device,none,False,False,True,0,torch.int64,torch.float32,torch.float32,dense_device,,,False,False,False,False,False,True,1.0,554556,325842920,325842920,0,0,False,unknown,unknown,unknown,unknown,unknown,,13.4563522;13.4328642;13.4312639;13.4344959;13.4334717;13.4303999;13.4365759;13.437088;13.4339838;13.4315844;13.4303684;13.4364796;13.4355841;13.4237442;13.4396162;13.4303999;13.4324484;13.4355516;13.4324799;13.4314241,20,13.434308815002442,0.0061868893785709,13.423744201660156,13.45635223388672,passed,0,0.0,3.0517578125e-05,1.9073486328125e-06,7.670950435567647e-05,0.0001131596654886,7.670950435567647e-05,0.0001131596654886,138639,0,full_state,passed,,13.433167934417725,,,,,,,,,,,3.1140878895063597
persistent_spike_block,flybrain,NVIDIA GeForce RTX 5090,2.11.0+cu128,12.8,default,0.0003816247733734,,,,,,4627bd4490bb138a,2,138639,256,1,15091983,108.85813515677408,flybrain,2,9783,163.19999046318512,1.499198844699568,0.4816346156348125,288.0,599.6199999999953,1.0,0.01,0.01,0.0104674392667286,10.0,10.467439266728698,1451.1953125,1823.0,1985,367409.328125,429530.25,482539,0.8218524815995424,0.8218524815995426,0.1276913385033426,1.3678379353227137,sampled_16_timesteps_max_2048_sources,converged,1.0000228881835938,0.01,0.0104674389585852,0.0004674389585852,True,20,SpMV,CUSPARSE_SPMV_ALG_DEFAULT,,,torch_cuda_event,gpu_execution,full_rsnn,device_native,independent_inference,full_fusion,"(256, 1, 138639)","(256, 1, 138639)",138639,138639,1,1,BN,event_csr,event_csr,dense_to_events_precomputed,False,True,True,0,torch.int32,torch.float32,torch.float32,windowed_events,,,False,False,False,False,False,False,1.0,3685120,123820228,123820228,0,0,False,unknown,unknown,unknown,unknown,unknown,,5.52105618;5.46927977;5.45180798;5.46611214;5.46604776;5.46739197;5.46560001;5.45488024;5.46086407;5.45382404;5.46969604;5.45164824;5.46095991;5.45580816;5.45427179;5.45276785;5.46038389;5.45484781;5.45993614;5.44870377,20,5.462294387817383,0.015256590485133,5.448703765869141,5.521056175231934,passed_causal_masked_state,618,1.7412578711617942e-05,0.9986554384231568,0.0638602897524833,4.987910747528076,12.293416976928713,0.0003104513452854,0.0004570792079903,117339,21300,causal_masked_state,passed_causal_masked_state,,5.46016001701355,,,,,,,7.66132594135136,,,,7.66132594135136
cusparse_direct_cudagraph,flybrain,NVIDIA GeForce RTX 5090,2.11.0+cu128,12.8,default,0.0003816247733734,,,,,,7848524804644f28,2,138639,256,1,15091983,108.85813515677408,flybrain,2,9783,163.19999046318512,1.499198844699568,0.4816346156348125,288.0,599.6199999999953,1.0,0.01,0.02,0.0199998681377534,20.0,19.999868137753445,2772.76171875,3282.5,4029,577484.2578125,627571.25,752730,0.7680201648139722,0.7680201648139722,0.0982654377485762,1.4530639155737948,sampled_16_timesteps_max_2048_sources,converged,2.048301696777344,0.02,0.0199998673051595,1.326948404316297e-07,True,20,SpMV,CUSPARSE_SPMV_ALG_DEFAULT,,,torch_cuda_event,gpu_execution,full_rsnn,device_native,independent_inference,sparse_only,"(256, 1, 138639)","(256, 1, 138639)",138639,138639,1,1,BN,csr_post_by_pre,csr_post_by_pre,none,False,False,True,0,torch.int32,torch.float32,torch.float32,dense,,,False,False,False,False,False,True,1.0,58960,406886764,406886764,0,0,False,unknown,unknown,unknown,unknown,unknown,,42.3925438;41.8544006;41.8607674;41.8218575;41.8464012;41.8279686;41.8361931;41.8320961;41.8238716;41.8259506;41.8075218;41.813633;41.8177605;41.8156471;41.8074875;41.8228493;41.809536;41.8361588;41.8218575;41.8279343,20,41.855121803283694,0.12732588747633,41.80748748779297,42.39254379272461,passed,0,0.0,2.288818359375e-05,9.5367431640625e-07,5.747954128310084e-05,5.292179048410617e-05,5.747954128310084e-05,5.292179048410617e-05,138639,0,full_state,passed,,41.82491111755371,,,,,,,1.0,,,,1.0
tilespmspv_cudagraph,flybrain,NVIDIA GeForce RTX 5090,2.11.0+cu128,12.8,default,0.0003816247733734,,,,,,7848524804644f28,2,138639,256,1,15091983,108.85813515677408,flybrain,2,9783,163.19999046318512,1.499198844699568,0.4816346156348125,288.0,599.6199999999953,1.0,0.01,0.02,0.0199998681377534,20.0,19.999868137753445,2772.76171875,3282.5,4029,577484.2578125,627571.25,752730,0.7680201648139722,0.7680201648139722,0.0982654377485762,1.4530639155737948,sampled_16_timesteps_max_2048_sources,converged,2.048301696777344,0.02,0.0199998673051595,1.326948404316297e-07,True,20,SpMV,CUSPARSE_SPMV_ALG_DEFAULT,,,torch_cuda_event_cudagraph_replay,gpu_execution,full_rsnn,device_adapted,independent_inference,sparse_only,"(256, 1, 138639)","(256, 1, 138639)",138639,138639,1,1,BN,spmspv_csc_dense_device,spmspv_csc_dense_device,none,False,False,True,0,torch.int64,torch.float32,torch.float32,dense_device,,,False,False,False,False,False,True,1.0,554556,325842920,325842920,0,0,False,unknown,unknown,unknown,unknown,unknown,,8.11484814;7.68143988;7.69712019;7.68774414;7.69548798;7.68889618;7.6754241;7.69398403;7.69292784;7.68166399;7.6852479;7.68681622;7.68783998;7.68783998;7.68473577;7.67964792;7.68985605;7.69292784;7.70012808;7.68783998,20,7.709620809555053,0.095574707411436,7.675424098968506,8.114848136901855,passed,0,0.0,6.103515625e-05,2.86102294921875e-06,0.0001575136557221,0.0001749042421579,0.0001575136557221,0.0001749042421579,138639,0,full_state,passed,,7.687839984893799,,,,,,,,,,,5.440398239263234
globalatomic_cudagraph,flybrain,NVIDIA GeForce RTX 5090,2.11.0+cu128,12.8,default,0.0003816247733734,,,,,,7848524804644f28,2,138639,256,1,15091983,108.85813515677408,flybrain,2,9783,163.19999046318512,1.499198844699568,0.4816346156348125,288.0,599.6199999999953,1.0,0.01,0.02,0.0199998681377534,20.0,19.999868137753445,2772.76171875,3282.5,4029,577484.2578125,627571.25,752730,0.7680201648139722,0.7680201648139722,0.0982654377485762,1.4530639155737948,sampled_16_timesteps_max_2048_sources,converged,2.048301696777344,0.02,0.0199998673051595,1.326948404316297e-07,True,20,SpMV,CUSPARSE_SPMV_ALG_DEFAULT,,,torch_cuda_event_cudagraph_replay,gpu_execution,full_rsnn,device_adapted,independent_inference,sparse_only,"(256, 1, 138639)","(256, 1, 138639)",138639,138639,1,1,BN,spmspv_csc_dense_device,spmspv_csc_dense_device,none,False,False,True,0,torch.int64,torch.float32,torch.float32,dense_device,,,False,False,False,False,False,True,1.0,554556,325842920,325842920,0,0,False,unknown,unknown,unknown,unknown,unknown,,11.3709764;11.358016;11.3614721;11.3603516;11.3635836;11.3651524;11.3610239;11.3632956;11.3650885;11.3614082;11.3646078;11.3609276;11.3639679;11.3650236;11.3599043;11.3629436;11.3619204;11.3609276;11.3568316;11.3598719,20,11.362364721298215,0.0030813165893863,11.356831550598145,11.370976448059082,passed,0,0.0,7.62939453125e-05,3.814697265625e-06,0.0001575136557221,0.0002332056610612,0.0001575136557221,0.0002332056610612,138639,0,full_state,passed,,11.361696243286133,,,,,,,,,,,3.681220675325565
vdha_cudagraph,flybrain,NVIDIA GeForce RTX 5090,2.11.0+cu128,12.8,default,0.0003816247733734,,,,,,7848524804644f28,2,138639,256,1,15091983,108.85813515677408,flybrain,2,9783,163.19999046318512,1.499198844699568,0.4816346156348125,288.0,599.6199999999953,1.0,0.01,0.02,0.0199998681377534,20.0,19.999868137753445,2772.76171875,3282.5,4029,577484.2578125,627571.25,752730,0.7680201648139722,0.7680201648139722,0.0982654377485762,1.4530639155737948,sampled_16_timesteps_max_2048_sources,converged,2.048301696777344,0.02,0.0199998673051595,1.326948404316297e-07,True,20,SpMV,CUSPARSE_SPMV_ALG_DEFAULT,,,torch_cuda_event_cudagraph_replay,gpu_execution,full_rsnn,device_adapted,independent_inference,sparse_only,"(256, 1, 138639)","(256, 1, 138639)",138639,138639,1,1,BN,spmspv_csc_dense_device,spmspv_csc_dense_device,none,False,False,True,0,torch.int64,torch.float32,torch.float32,dense_device,,,False,False,False,False,False,True,1.0,554556,325842920,325842920,0,0,False,unknown,unknown,unknown,unknown,unknown,,13.834816;13.8080645;13.8190718;13.8206081;13.8175039;13.8164158;13.8220158;13.8169918;13.8185282;13.8134403;13.8241282;13.8138237;13.8195524;13.8201284;13.8195524;13.8164797;13.8133764;13.8184958;13.8144321;13.8093119,20,13.81783685684204,0.0056492799705967,13.808064460754396,13.834815979003906,passed,0,0.0,4.57763671875e-05,2.384185791015625e-06,8.34471284179017e-05,0.0001407506933901,8.34471284179017e-05,0.0001407506933901,138639,0,full_state,passed,,13.817999839782717,,,,,,,,,,,3.026842640216111
persistent_spike_block,flybrain,NVIDIA GeForce RTX 5090,2.11.0+cu128,12.8,default,0.0003816247733734,,,,,,7848524804644f28,2,138639,256,1,15091983,108.85813515677408,flybrain,2,9783,163.19999046318512,1.499198844699568,0.4816346156348125,288.0,599.6199999999953,1.0,0.01,0.02,0.0199998681377534,20.0,19.999868137753445,2772.76171875,3282.5,4029,577484.2578125,627571.25,752730,0.7680201648139722,0.7680201648139722,0.0982654377485762,1.4530639155737948,sampled_16_timesteps_max_2048_sources,converged,2.048301696777344,0.02,0.0199998673051595,1.326948404316297e-07,True,20,SpMV,CUSPARSE_SPMV_ALG_DEFAULT,,,torch_cuda_event,gpu_execution,full_rsnn,device_native,independent_inference,full_fusion,"(256, 1, 138639)","(256, 1, 138639)",138639,138639,1,1,BN,event_csr,event_csr,dense_to_events_precomputed,False,True,True,0,torch.int32,torch.float32,torch.float32,windowed_events,,,False,False,False,False,False,False,1.0,3685120,123820228,123820228,0,0,False,unknown,unknown,unknown,unknown,unknown,,6.2782402;6.23814392;6.22361612;6.2361598;6.2217598;6.23401594;6.21977615;6.22793579;6.22025585;6.22595215;6.22281599;6.23206377;6.22575998;6.22998381;6.22579193;6.2259202;6.21958399;6.23212814;6.23001623;6.23308802,20,6.2301503896713255,0.0125794189512526,6.219583988189697,6.278240203857422,passed_causal_masked_state,91,2.563988127438888e-06,0.9992005228996276,0.0900634303689003,4.946542263031006,17.496620178222656,0.0007863849750719,0.0010799837764352,131628,7011,causal_masked_state,passed_causal_masked_state,,6.2269439697265625,,,,,,,6.716763683902286,,,,6.716763683902286
cusparse_direct_cudagraph,flybrain,NVIDIA GeForce RTX 5090,2.11.0+cu128,12.8,default,0.0003816247733734,,,,,,d5782cfdc3afb93e,2,138639,256,1,15091983,108.85813515677408,flybrain,2,9783,163.19999046318512,1.499198844699568,0.4816346156348125,288.0,599.6199999999953,1.0,0.01,0.05,0.0500002197704109,50.0,50.00021977041092,6931.98046875,10839.25,12083,1142671.6015625,1517006.25,1878425,0.7161883088156203,0.7161883088156203,0.1809767882232285,1.743080502674707,sampled_16_timesteps_max_2048_sources,nonmonotonic_best_effort,5.4874420166015625,0.05,0.0500002168118953,2.1681189536770787e-07,True,20,SpMV,CUSPARSE_SPMV_ALG_DEFAULT,,,torch_cuda_event,gpu_execution,full_rsnn,device_native,independent_inference,sparse_only,"(256, 1, 138639)","(256, 1, 138639)",138639,138639,1,1,BN,csr_post_by_pre,csr_post_by_pre,none,False,False,True,0,torch.int32,torch.float32,torch.float32,dense,,,False,False,False,False,False,True,1.0,58960,406886764,406886764,0,0,False,unknown,unknown,unknown,unknown,unknown,,41.8194885;41.8072319;41.819809;41.8218575;41.8423347;41.8607368;41.8873901;41.8464012;41.8033905;41.8300171;41.8033905;41.8300171;41.8525429;41.815712;41.8361588;41.8167038;41.7890244;41.7910728;41.7911034;41.7952003,20,41.82297916412354,0.0258886187259952,41.789024353027344,41.88739013671875,passed,0,0.0,1.52587890625e-05,1.9073486328125e-06,4.509442442213185e-05,6.1029131757095456e-05,4.509442442213185e-05,6.1029131757095456e-05,138639,0,full_state,passed,,41.81964874267578,,,,,,,1.0,,,,1.0
tilespmspv_cudagraph,flybrain,NVIDIA GeForce RTX 5090,2.11.0+cu128,12.8,default,0.0003816247733734,,,,,,d5782cfdc3afb93e,2,138639,256,1,15091983,108.85813515677408,flybrain,2,9783,163.19999046318512,1.499198844699568,0.4816346156348125,288.0,599.6199999999953,1.0,0.01,0.05,0.0500002197704109,50.0,50.00021977041092,6931.98046875,10839.25,12083,1142671.6015625,1517006.25,1878425,0.7161883088156203,0.7161883088156203,0.1809767882232285,1.743080502674707,sampled_16_timesteps_max_2048_sources,nonmonotonic_best_effort,5.4874420166015625,0.05,0.0500002168118953,2.1681189536770787e-07,True,20,SpMV,CUSPARSE_SPMV_ALG_DEFAULT,,,torch_cuda_event_cudagraph_replay,gpu_execution,full_rsnn,device_adapted,independent_inference,sparse_only,"(256, 1, 138639)","(256, 1, 138639)",138639,138639,1,1,BN,spmspv_csc_dense_device,spmspv_csc_dense_device,none,False,False,True,0,torch.int64,torch.float32,torch.float32,dense_device,,,False,False,False,False,False,True,1.0,554556,325842920,325842920,0,0,False,unknown,unknown,unknown,unknown,unknown,,8.90665627;8.92089558;8.91859245;8.91657639;8.90537643;8.92220783;8.90431976;8.9119997;8.9233284;8.91881561;8.93039989;8.92483234;8.9238081;8.90639973;8.91660786;8.91046429;8.92790413;8.91459179;8.91660786;8.91664028,20,8.916851234436034,0.0075508004128186,8.904319763183594,8.930399894714355,passed_causal_masked_state,54,1.521487460238461e-06,0.4468271136283874,0.0057697296142578,2.224024772644043,0.2435296028852462,0.0001483595842728,0.0001749083166942,138537,102,causal_masked_state,passed_causal_masked_state,,8.916624069213867,,,,,,,,,,,4.690076470428433
globalatomic_cudagraph,flybrain,NVIDIA GeForce RTX 5090,2.11.0+cu128,12.8,default,0.0003816247733734,,,,,,d5782cfdc3afb93e,2,138639,256,1,15091983,108.85813515677408,flybrain,2,9783,163.19999046318512,1.499198844699568,0.4816346156348125,288.0,599.6199999999953,1.0,0.01,0.05,0.0500002197704109,50.0,50.00021977041092,6931.98046875,10839.25,12083,1142671.6015625,1517006.25,1878425,0.7161883088156203,0.7161883088156203,0.1809767882232285,1.743080502674707,sampled_16_timesteps_max_2048_sources,nonmonotonic_best_effort,5.4874420166015625,0.05,0.0500002168118953,2.1681189536770787e-07,True,20,SpMV,CUSPARSE_SPMV_ALG_DEFAULT,,,torch_cuda_event_cudagraph_replay,gpu_execution,full_rsnn,device_adapted,independent_inference,sparse_only,"(256, 1, 138639)","(256, 1, 138639)",138639,138639,1,1,BN,spmspv_csc_dense_device,spmspv_csc_dense_device,none,False,False,True,0,torch.int64,torch.float32,torch.float32,dense_device,,,False,False,False,False,False,True,1.0,554556,325842920,325842920,0,0,False,unknown,unknown,unknown,unknown,unknown,,11.5668163;11.5440321;11.5452805;11.5477762;11.5530243;11.5479364;11.5488644;11.5494719;11.5494719;11.5476799;11.5445757;11.5524158;11.5493116;11.5462723;11.545248;11.5462723;11.5472641;11.5482883;11.5493441;11.5483198,20,11.548883295059204,0.0048182385260996,11.544032096862791,11.566816329956056,passed_causal_masked_state,54,1.521487460238461e-06,0.4468269944190979,0.0057716369628906,2.2240240573883057,0.2435442060232162,0.0001483595842728,0.0001934986648848,138537,102,causal_masked_state,passed_causal_masked_state,,11.548112392425535,,,,,,,,,,,3.621340641792289
vdha_cudagraph,flybrain,NVIDIA GeForce RTX 5090,2.11.0+cu128,12.8,default,0.0003816247733734,,,,,,d5782cfdc3afb93e,2,138639,256,1,15091983,108.85813515677408,flybrain,2,9783,163.19999046318512,1.499198844699568,0.4816346156348125,288.0,599.6199999999953,1.0,0.01,0.05,0.0500002197704109,50.0,50.00021977041092,6931.98046875,10839.25,12083,1142671.6015625,1517006.25,1878425,0.7161883088156203,0.7161883088156203,0.1809767882232285,1.743080502674707,sampled_16_timesteps_max_2048_sources,nonmonotonic_best_effort,5.4874420166015625,0.05,0.0500002168118953,2.1681189536770787e-07,True,20,SpMV,CUSPARSE_SPMV_ALG_DEFAULT,,,torch_cuda_event_cudagraph_replay,gpu_execution,full_rsnn,device_adapted,independent_inference,sparse_only,"(256, 1, 138639)","(256, 1, 138639)",138639,138639,1,1,BN,spmspv_csc_dense_device,spmspv_csc_dense_device,none,False,False,True,0,torch.int64,torch.float32,torch.float32,dense_device,,,False,False,False,False,False,True,1.0,554556,325842920,325842920,0,0,False,unknown,unknown,unknown,unknown,unknown,,16.1333447;16.1151047;16.1173439;16.1116791;16.114912;16.1167355;16.1157761;16.1153278;16.1173763;16.1096325;16.1147518;16.1134071;16.1197433;16.1128006;16.1194553;16.1122246;16.1153278;16.1091843;16.1061115;16.1173763,20,16.11538076400757,0.0054503354383914,16.106111526489258,16.133344650268555,passed,0,0.0,6.103515625e-05,3.814697265625e-06,0.000138543153298,0.0001987657451536,0.000138543153298,0.0001987657451536,138639,0,full_state,passed,,16.11521625518799,,,,,,,,,,,2.595041113966605
persistent_spike_block,flybrain,NVIDIA GeForce RTX 5090,2.11.0+cu128,12.8,default,0.0003816247733734,,,,,,d5782cfdc3afb93e,2,138639,256,1,15091983,108.85813515677408,flybrain,2,9783,163.19999046318512,1.499198844699568,0.4816346156348125,288.0,599.6199999999953,1.0,0.01,0.05,0.0500002197704109,50.0,50.00021977041092,6931.98046875,10839.25,12083,1142671.6015625,1517006.25,1878425,0.7161883088156203,0.7161883088156203,0.1809767882232285,1.743080502674707,sampled_16_timesteps_max_2048_sources,nonmonotonic_best_effort,5.4874420166015625,0.05,0.0500002168118953,2.1681189536770787e-07,True,20,SpMV,CUSPARSE_SPMV_ALG_DEFAULT,,,torch_cuda_event,gpu_execution,full_rsnn,device_native,independent_inference,full_fusion,"(256, 1, 138639)","(256, 1, 138639)",138639,138639,1,1,BN,event_csr,event_csr,dense_to_events_precomputed,False,True,True,0,torch.int32,torch.float32,torch.float32,windowed_events,,,False,False,False,False,False,False,1.0,3685120,123820228,123820228,0,0,False,unknown,unknown,unknown,unknown,unknown,,7.92451191;7.91651201;7.87564802;7.92313623;7.89289618;7.92358398;7.88377619;7.93948793;7.88278389;7.93279982;7.89395189;7.9205122;7.88191986;7.93910408;7.89609623;7.92672014;7.89801598;7.91648006;7.88787222;7.93289614,20,7.909435248374939,0.0212380367893473,7.875648021697998,7.939487934112549,passed_causal_masked_state,284,8.00189701310598e-06,0.9995324015617372,0.0586717128753662,4.99764347076416,6.158066272735596,0.0022215952631086,0.0027775960043072,130081,8558,causal_masked_state,passed_causal_masked_state,,7.91649603843689,,,,,,,5.282595802439517,,,,5.282595802439517
cusparse_direct_cudagraph,microns_mm3,NVIDIA GeForce RTX 5090,2.11.0+cu128,12.8,default,0.15,condensed,,,,,5ba9b718f457e712,0,60048,256,1,6965260,115.99487077005062,microns_mm3,0,4531,251.05142100284277,2.1643320893087554,0.6903498928976086,412.0,1353.0,1.0,0.0,0.0,0.0,0.0,0.0,0.0,0.0,0,0.0,0.0,0,0.0,0.0,0.0,0.0,exact,converged,50.0,0.0,0.0,0.0,True,20,SpMV,CUSPARSE_SPMV_ALG_DEFAULT,,,torch_cuda_event,gpu_execution,full_rsnn,device_native,independent_inference,sparse_only,"(256, 1, 60048)","(256, 1, 60048)",60048,60048,1,1,BN,csr_post_by_pre,csr_post_by_pre,none,False,False,True,0,torch.int32,torch.float32,torch.float32,dense,,,False,False,False,False,False,True,1.0,27216,179661156,179661156,0,0,False,unknown,unknown,unknown,unknown,unknown,,20.8491516;20.8280315;20.8196163;20.8196163;20.8175678;20.8216648;20.8236485;20.8195515;20.8031998;20.8052807;20.8155193;20.8278084;20.8185921;20.8032322;20.8093758;20.8072643;20.8052807;20.8093758;20.8196163;20.8155193,20,20.81694564819336,0.0108534676546493,20.803199768066406,20.849151611328125,passed,0,0.0,0.0,0.0,0.0,0.0,0.0,0.0,60048,0,full_state,passed,,20.818079948425293,,,,,,,1.0,,,,1.0
tilespmspv_cudagraph,microns_mm3,NVIDIA GeForce RTX 5090,2.11.0+cu128,12.8,default,0.15,condensed,,,,,5ba9b718f457e712,0,60048,256,1,6965260,115.99487077005062,microns_mm3,0,4531,251.05142100284277,2.1643320893087554,0.6903498928976086,412.0,1353.0,1.0,0.0,0.0,0.0,0.0,0.0,0.0,0.0,0,0.0,0.0,0,0.0,0.0,0.0,0.0,exact,converged,50.0,0.0,0.0,0.0,True,20,SpMV,CUSPARSE_SPMV_ALG_DEFAULT,,,torch_cuda_event_cudagraph_replay,gpu_execution,full_rsnn,device_adapted,independent_inference,sparse_only,"(256, 1, 60048)","(256, 1, 60048)",60048,60048,1,1,BN,spmspv_csc_dense_device,spmspv_csc_dense_device,none,False,False,True,0,torch.int64,torch.float32,torch.float32,dense_device,,,False,False,False,False,False,True,1.0,240192,146273240,146273240,0,0,False,unknown,unknown,unknown,unknown,unknown,,4.94320011;4.93334389;4.93014383;4.93132782;4.93103981;4.93430424;4.93123198;4.93327999;4.93430424;4.93728018;4.94912004;4.94863987;4.94966412;4.9476161;4.94659185;4.9476161;4.94659185;4.94556808;4.9476161;4.94659185,20,4.940753602981568,0.0075279598217776,4.9301438331604,4.949664115905762,passed,0,0.0,0.0,0.0,0.0,0.0,0.0,0.0,60048,0,full_state,passed,,4.9443840980529785,,,,,,,,,,,4.210449579882584
globalatomic_cudagraph,microns_mm3,NVIDIA GeForce RTX 5090,2.11.0+cu128,12.8,default,0.15,condensed,,,,,5ba9b718f457e712,0,60048,256,1,6965260,115.99487077005062,microns_mm3,0,4531,251.05142100284277,2.1643320893087554,0.6903498928976086,412.0,1353.0,1.0,0.0,0.0,0.0,0.0,0.0,0.0,0.0,0,0.0,0.0,0,0.0,0.0,0.0,0.0,exact,converged,50.0,0.0,0.0,0.0,True,20,SpMV,CUSPARSE_SPMV_ALG_DEFAULT,,,torch_cuda_event_cudagraph_replay,gpu_execution,full_rsnn,device_adapted,independent_inference,sparse_only,"(256, 1, 60048)","(256, 1, 60048)",60048,60048,1,1,BN,spmspv_csc_dense_device,spmspv_csc_dense_device,none,False,False,True,0,torch.int64,torch.float32,torch.float32,dense_device,,,False,False,False,False,False,True,1.0,240192,146273240,146273240,0,0,False,unknown,unknown,unknown,unknown,unknown,,7.25158405;7.23641586;7.24131203;7.23827219;7.23923206;7.24035215;7.23734379;7.24022388;7.23932791;7.23827219;7.23782396;7.23932791;7.23830414;7.23932791;7.23625612;7.24137592;7.23830414;7.24137592;7.24240017;7.24342394,20,7.240012812614441,0.0033219660111881,7.236256122589111,7.251584053039551,passed,0,0.0,0.0,0.0,0.0,0.0,0.0,0.0,60048,0,full_state,passed,,7.239327907562256,,,,,,,,,,,2.8756923590487693
vdha_cudagraph,microns_mm3,NVIDIA GeForce RTX 5090,2.11.0+cu128,12.8,default,0.15,condensed,,,,,5ba9b718f457e712,0,60048,256,1,6965260,115.99487077005062,microns_mm3,0,4531,251.05142100284277,2.1643320893087554,0.6903498928976086,412.0,1353.0,1.0,0.0,0.0,0.0,0.0,0.0,0.0,0.0,0,0.0,0.0,0,0.0,0.0,0.0,0.0,exact,converged,50.0,0.0,0.0,0.0,True,20,SpMV,CUSPARSE_SPMV_ALG_DEFAULT,,,torch_cuda_event_cudagraph_replay,gpu_execution,full_rsnn,device_adapted,independent_inference,sparse_only,"(256, 1, 60048)","(256, 1, 60048)",60048,60048,1,1,BN,spmspv_csc_dense_device,spmspv_csc_dense_device,none,False,False,True,0,torch.int64,torch.float32,torch.float32,dense_device,,,False,False,False,False,False,True,1.0,240192,146273240,146273240,0,0,False,unknown,unknown,unknown,unknown,unknown,,6.11801577;6.10383987;6.10166407;6.09961605;6.10175991;6.10767984;6.10361624;6.10591984;6.10761595;6.10169601;6.10464001;6.10566378;6.10163212;6.1010561;6.10371208;6.10371208;6.1057601;6.10780811;6.10166407;6.1057601,20,6.104641604423523,0.0039567179002711,6.099616050720215,6.118015766143799,passed,0,0.0,0.0,0.0,0.0,0.0,0.0,0.0,60048,0,full_state,passed,,6.103775978088379,,,,,,,,,,,3.4106887315587944
persistent_spike_block,microns_mm3,NVIDIA GeForce RTX 5090,2.11.0+cu128,12.8,default,0.15,condensed,,,,,5ba9b718f457e712,0,60048,256,1,6965260,115.99487077005062,microns_mm3,0,4531,251.05142100284277,2.1643320893087554,0.6903498928976086,412.0,1353.0,1.0,0.0,0.0,0.0,0.0,0.0,0.0,0.0,0,0.0,0.0,0,0.0,0.0,0.0,0.0,exact,converged,50.0,0.0,0.0,0.0,True,20,SpMV,CUSPARSE_SPMV_ALG_DEFAULT,,,torch_cuda_event,gpu_execution,full_rsnn,device_native,independent_inference,full_fusion,"(256, 1, 60048)","(256, 1, 60048)",60048,60048,1,1,BN,event_csr,event_csr,dense_to_events_precomputed,False,True,True,0,torch.int32,torch.float32,torch.float32,windowed_events,,,False,False,False,False,False,False,1.0,1636312,56443688,56443688,0,0,False,unknown,unknown,unknown,unknown,unknown,,1.61516798;1.57376003;1.57327998;1.57484806;1.57641602;1.57606399;1.576352;1.57392001;1.57740796;1.57699203;1.57753599;1.57596803;1.57740796;1.57296002;1.57737601;1.57376003;1.57744002;1.57286406;1.57695997;1.57593596,20,1.577620804309845,0.0089919713402405,1.572864055633545,1.6151679754257202,passed,0,0.0,0.0,0.0,0.0,0.0,0.0,0.0,60048,0,full_state,passed,,1.576207995414734,,,,,,,13.207698482044314,,,,13.207698482044314
cusparse_direct_cudagraph,microns_mm3,NVIDIA GeForce RTX 5090,2.11.0+cu128,12.8,default,0.15,condensed,,,,,690682f4f13fab62,0,60048,256,1,6965260,115.99487077005062,microns_mm3,0,4531,251.05142100284277,2.1643320893087554,0.6903498928976086,412.0,1353.0,1.0,0.0001,0.0001,9.99851160738076e-05,0.1,0.0999851160738076,6.00390625,6.0,7,640.0234375,1860.0,3001,0.0044948587026807,0.0191106361992437,0.0180187149305481,1.16590761223162,exact,converged,1.5625,0.0001,9.998511814046652e-05,1.4881859533493544e-08,True,20,SpMV,CUSPARSE_SPMV_ALG_DEFAULT,,,torch_cuda_event,gpu_execution,full_rsnn,device_native,independent_inference,sparse_only,"(256, 1, 60048)","(256, 1, 60048)",60048,60048,1,1,BN,csr_post_by_pre,csr_post_by_pre,none,False,False,True,0,torch.int32,torch.float32,torch.float32,dense,,,False,False,False,False,False,True,1.0,27216,179661156,179661156,0,0,False,unknown,unknown,unknown,unknown,unknown,,20.8569603;20.836256;20.8196163;20.8278084;20.8114243;20.8257599;20.8216324;20.842144;20.8319035;20.8360004;20.833952;20.8278084;20.833952;20.8247356;20.8319035;20.8175678;20.8237114;20.8073273;20.8216648;20.8175678,20,20.8274847984314,0.0111728577093068,20.80732727050781,20.85696029663086,passed,0,0.0,5.960464477539064e-08,2.3283064365386963e-10,2.971128196804784e-07,4.6527819819175427e-08,2.971128196804784e-07,4.6527819819175427e-08,60048,0,full_state,passed,,20.826784133911133,,,,,,,1.0,,,,1.0
tilespmspv_cudagraph,microns_mm3,NVIDIA GeForce RTX 5090,2.11.0+cu128,12.8,default,0.15,condensed,,,,,690682f4f13fab62,0,60048,256,1,6965260,115.99487077005062,microns_mm3,0,4531,251.05142100284277,2.1643320893087554,0.6903498928976086,412.0,1353.0,1.0,0.0001,0.0001,9.99851160738076e-05,0.1,0.0999851160738076,6.00390625,6.0,7,640.0234375,1860.0,3001,0.0044948587026807,0.0191106361992437,0.0180187149305481,1.16590761223162,exact,converged,1.5625,0.0001,9.998511814046652e-05,1.4881859533493544e-08,True,20,SpMV,CUSPARSE_SPMV_ALG_DEFAULT,,,torch_cuda_event_cudagraph_replay,gpu_execution,full_rsnn,device_adapted,independent_inference,sparse_only,"(256, 1, 60048)","(256, 1, 60048)",60048,60048,1,1,BN,spmspv_csc_dense_device,spmspv_csc_dense_device,none,False,False,True,0,torch.int64,torch.float32,torch.float32,dense_device,,,False,False,False,False,False,True,1.0,240192,146273240,146273240,0,0,False,unknown,unknown,unknown,unknown,unknown,,5.1141758;5.10745621;5.10627222;5.10745621;5.10620785;5.10937595;5.10835218;5.10729599;5.10531187;5.10422421;5.10275221;5.10838413;5.10531187;5.10633612;5.10527992;5.10527992;5.10224009;5.10326385;5.1042881;5.10326385,20,5.106126427650452,0.002743557390237,5.102240085601807,5.114175796508789,passed,0,0.0,0.0,0.0,0.0,0.0,0.0,0.0,60048,0,full_state,passed,,5.105759859085083,,,,,,,,,,,4.079076319434097
globalatomic_cudagraph,microns_mm3,NVIDIA GeForce RTX 5090,2.11.0+cu128,12.8,default,0.15,condensed,,,,,690682f4f13fab62,0,60048,256,1,6965260,115.99487077005062,microns_mm3,0,4531,251.05142100284277,2.1643320893087554,0.6903498928976086,412.0,1353.0,1.0,0.0001,0.0001,9.99851160738076e-05,0.1,0.0999851160738076,6.00390625,6.0,7,640.0234375,1860.0,3001,0.0044948587026807,0.0191106361992437,0.0180187149305481,1.16590761223162,exact,converged,1.5625,0.0001,9.998511814046652e-05,1.4881859533493544e-08,True,20,SpMV,CUSPARSE_SPMV_ALG_DEFAULT,,,torch_cuda_event_cudagraph_replay,gpu_execution,full_rsnn,device_adapted,independent_inference,sparse_only,"(256, 1, 60048)","(256, 1, 60048)",60048,60048,1,1,BN,spmspv_csc_dense_device,spmspv_csc_dense_device,none,False,False,True,0,torch.int64,torch.float32,torch.float32,dense_device,,,False,False,False,False,False,True,1.0,240192,146273240,146273240,0,0,False,unknown,unknown,unknown,unknown,unknown,,7.30294418;7.26668787;7.26537609;7.26636791;7.26399994;7.26492786;7.26947212;7.27059221;7.26543999;7.26841593;7.2613759;7.27107191;7.27004814;7.26492786;7.26281595;7.26800013;7.26492786;7.27004814;7.26492786;7.26185608,20,7.268211197853089,0.00866683714096,7.261375904083252,7.302944183349609,passed,0,0.0,0.0,0.0,0.0,0.0,0.0,0.0,60048,0,full_state,passed,,7.265903949737549,,,,,,,,,,,2.866372068497192
vdha_cudagraph,microns_mm3,NVIDIA GeForce RTX 5090,2.11.0+cu128,12.8,default,0.15,condensed,,,,,690682f4f13fab62,0,60048,256,1,6965260,115.99487077005062,microns_mm3,0,4531,251.05142100284277,2.1643320893087554,0.6903498928976086,412.0,1353.0,1.0,0.0001,0.0001,9.99851160738076e-05,0.1,0.0999851160738076,6.00390625,6.0,7,640.0234375,1860.0,3001,0.0044948587026807,0.0191106361992437,0.0180187149305481,1.16590761223162,exact,converged,1.5625,0.0001,9.998511814046652e-05,1.4881859533493544e-08,True,20,SpMV,CUSPARSE_SPMV_ALG_DEFAULT,,,torch_cuda_event_cudagraph_replay,gpu_execution,full_rsnn,device_adapted,independent_inference,sparse_only,"(256, 1, 60048)","(256, 1, 60048)",60048,60048,1,1,BN,spmspv_csc_dense_device,spmspv_csc_dense_device,none,False,False,True,0,torch.int64,torch.float32,torch.float32,dense_device,,,False,False,False,False,False,True,1.0,240192,146273240,146273240,0,0,False,unknown,unknown,unknown,unknown,unknown,,8.06486416;8.044384;8.04422379;8.04211235;8.04422379;8.03916836;8.04614353;8.04422379;8.04201603;8.04415989;8.04214382;8.04822445;8.047328;8.04358387;8.04828835;8.04419231;8.04419231;8.04623985;8.03907204;8.04214382,20,8.045046424865722,0.0052961070797322,8.039072036743164,8.064864158630371,passed,0,0.0,0.0,0.0,0.0,0.0,0.0,0.0,60048,0,full_state,passed,,8.04420804977417,,,,,,,,,,,2.589040960283942
persistent_spike_block,microns_mm3,NVIDIA GeForce RTX 5090,2.11.0+cu128,12.8,default,0.15,condensed,,,,,690682f4f13fab62,0,60048,256,1,6965260,115.99487077005062,microns_mm3,0,4531,251.05142100284277,2.1643320893087554,0.6903498928976086,412.0,1353.0,1.0,0.0001,0.0001,9.99851160738076e-05,0.1,0.0999851160738076,6.00390625,6.0,7,640.0234375,1860.0,3001,0.0044948587026807,0.0191106361992437,0.0180187149305481,1.16590761223162,exact,converged,1.5625,0.0001,9.998511814046652e-05,1.4881859533493544e-08,True,20,SpMV,CUSPARSE_SPMV_ALG_DEFAULT,,,torch_cuda_event,gpu_execution,full_rsnn,device_native,independent_inference,full_fusion,"(256, 1, 60048)","(256, 1, 60048)",60048,60048,1,1,BN,event_csr,event_csr,dense_to_events_precomputed,False,True,True,0,torch.int32,torch.float32,torch.float32,windowed_events,,,False,False,False,False,False,False,1.0,1636312,56449836,56449836,0,0,False,unknown,unknown,unknown,unknown,unknown,,2.54345608;2.50515199;2.4985919;2.49907207;2.50275207;2.50009608;2.49871993;2.49907207;2.50252795;2.50227189;2.49955201;2.503232;2.5025599;2.50307202;2.50265598;2.49798393;2.5025599;2.5;2.50060797;2.50163198,20,2.503278386592865,0.0096568426686283,2.497983932495117,2.543456077575684,passed,0,0.0,5.960464477539064e-08,5.820766091346741e-11,2.971128196804784e-07,1.1638330299490462e-08,2.971128196804784e-07,1.1638330299490462e-08,60048,0,full_state,passed,,2.5019519329071045,,,,,,,8.324214330413524,,,,8.324214330413524
cusparse_direct_cudagraph,microns_mm3,NVIDIA GeForce RTX 5090,2.11.0+cu128,12.8,default,0.15,condensed,,,,,244dc2fe34bd57f1,0,60048,256,1,6965260,115.99487077005062,microns_mm3,0,4531,251.05142100284277,2.1643320893087554,0.6903498928976086,412.0,1353.0,1.0,0.0002,0.0002,0.0001999702321476,0.2,0.1999702321476152,12.0078125,12.0,13,1273.62890625,2937.75,5189,0.0123505654420528,0.0335061659000234,0.0103895376855376,1.0826284970722186,exact,converged,1.5625,0.0002,0.0001999702362809,2.9763719066987085e-08,True,20,SpMV,CUSPARSE_SPMV_ALG_DEFAULT,,,torch_cuda_event,gpu_execution,full_rsnn,device_native,independent_inference,sparse_only,"(256, 1, 60048)","(256, 1, 60048)",60048,60048,1,1,BN,csr_post_by_pre,csr_post_by_pre,none,False,False,True,0,torch.int32,torch.float32,torch.float32,dense,,,False,False,False,False,False,True,1.0,27216,179661156,179661156,0,0,False,unknown,unknown,unknown,unknown,unknown,,20.8497925;20.8445759;20.8400955;20.8360004;20.8319035;20.8319035;20.8380489;20.833952;20.8441925;20.8360004;20.8380489;20.8441925;20.8441925;20.8462391;20.8370247;20.8400955;20.8257599;20.8400326;20.833952;20.8360004,20,20.838600158691406,0.0058075217937366,20.825759887695312,20.84979248046875,passed,0,0.0,5.960464477539064e-08,5.820766091346741e-10,2.965910823604645e-07,1.1633376573172428e-07,2.965910823604645e-07,1.1633376573172428e-07,60048,0,full_state,passed,,20.838048934936523,,,,,,,1.0,,,,1.0
tilespmspv_cudagraph,microns_mm3,NVIDIA GeForce RTX 5090,2.11.0+cu128,12.8,default,0.15,condensed,,,,,244dc2fe34bd57f1,0,60048,256,1,6965260,115.99487077005062,microns_mm3,0,4531,251.05142100284277,2.1643320893087554,0.6903498928976086,412.0,1353.0,1.0,0.0002,0.0002,0.0001999702321476,0.2,0.1999702321476152,12.0078125,12.0,13,1273.62890625,2937.75,5189,0.0123505654420528,0.0335061659000234,0.0103895376855376,1.0826284970722186,exact,converged,1.5625,0.0002,0.0001999702362809,2.9763719066987085e-08,True,20,SpMV,CUSPARSE_SPMV_ALG_DEFAULT,,,torch_cuda_event_cudagraph_replay,gpu_execution,full_rsnn,device_adapted,independent_inference,sparse_only,"(256, 1, 60048)","(256, 1, 60048)",60048,60048,1,1,BN,spmspv_csc_dense_device,spmspv_csc_dense_device,none,False,False,True,0,torch.int64,torch.float32,torch.float32,dense_device,,,False,False,False,False,False,True,1.0,240192,146273240,146273240,0,0,False,unknown,unknown,unknown,unknown,unknown,,5.13894415;5.12752008;5.12902403;5.12979221;5.13491201;5.14425611;5.14118385;5.14624023;5.14319992;5.14412785;5.1436801;5.14319992;5.14627218;5.14115191;5.14217615;5.14524794;5.14217615;5.14115191;5.14624023;5.1421442,20,5.140632057189942,0.005765111346759,5.127520084381104,5.1462721824646,passed,0,0.0,0.0,0.0,0.0,0.0,0.0,0.0,60048,0,full_state,passed,,5.142176151275635,,,,,,,,,,,4.052379444404519
globalatomic_cudagraph,microns_mm3,NVIDIA GeForce RTX 5090,2.11.0+cu128,12.8,default,0.15,condensed,,,,,244dc2fe34bd57f1,0,60048,256,1,6965260,115.99487077005062,microns_mm3,0,4531,251.05142100284277,2.1643320893087554,0.6903498928976086,412.0,1353.0,1.0,0.0002,0.0002,0.0001999702321476,0.2,0.1999702321476152,12.0078125,12.0,13,1273.62890625,2937.75,5189,0.0123505654420528,0.0335061659000234,0.0103895376855376,1.0826284970722186,exact,converged,1.5625,0.0002,0.0001999702362809,2.9763719066987085e-08,True,20,SpMV,CUSPARSE_SPMV_ALG_DEFAULT,,,torch_cuda_event_cudagraph_replay,gpu_execution,full_rsnn,device_adapted,independent_inference,sparse_only,"(256, 1, 60048)","(256, 1, 60048)",60048,60048,1,1,BN,spmspv_csc_dense_device,spmspv_csc_dense_device,none,False,False,True,0,torch.int64,torch.float32,torch.float32,dense_device,,,False,False,False,False,False,True,1.0,240192,146273240,146273240,0,0,False,unknown,unknown,unknown,unknown,unknown,,7.28534412;7.27088022;7.27625608;7.27254391;7.27216005;7.27308798;7.27004814;7.27311993;7.27152014;7.27116823;7.27347183;7.27516794;7.2782402;7.27107191;7.27510405;7.27619219;7.27107191;7.27414417;7.27107191;7.27414417,20,7.273790454864502,0.0034863742501815,7.270048141479492,7.285344123840332,passed,0,0.0,0.0,0.0,0.0,0.0,0.0,0.0,60048,0,full_state,passed,,7.273103952407837,,,,,,,,,,,2.865083335985851
vdha_cudagraph,microns_mm3,NVIDIA GeForce RTX 5090,2.11.0+cu128,12.8,default,0.15,condensed,,,,,244dc2fe34bd57f1,0,60048,256,1,6965260,115.99487077005062,microns_mm3,0,4531,251.05142100284277,2.1643320893087554,0.6903498928976086,412.0,1353.0,1.0,0.0002,0.0002,0.0001999702321476,0.2,0.1999702321476152,12.0078125,12.0,13,1273.62890625,2937.75,5189,0.0123505654420528,0.0335061659000234,0.0103895376855376,1.0826284970722186,exact,converged,1.5625,0.0002,0.0001999702362809,2.9763719066987085e-08,True,20,SpMV,CUSPARSE_SPMV_ALG_DEFAULT,,,torch_cuda_event_cudagraph_replay,gpu_execution,full_rsnn,device_adapted,independent_inference,sparse_only,"(256, 1, 60048)","(256, 1, 60048)",60048,60048,1,1,BN,spmspv_csc_dense_device,spmspv_csc_dense_device,none,False,False,True,0,torch.int64,torch.float32,torch.float32,dense_device,,,False,False,False,False,False,True,1.0,240192,146273240,146273240,0,0,False,unknown,unknown,unknown,unknown,unknown,,9.39785576;9.37766361;9.37651157;9.37932777;9.37849617;9.3794241;9.38051224;9.38147163;9.37635231;9.38160038;9.37225628;9.38368034;9.37443161;9.38086414;9.38051224;9.37948799;9.37744045;9.37433624;9.37744045;9.37436771,20,9.379201650619509,0.0052702764857484,9.3722562789917,9.397855758666992,passed,0,0.0,0.0,0.0,0.0,0.0,0.0,0.0,60048,0,full_state,passed,,9.378911972045898,,,,,,,,,,,2.221798114434264
persistent_spike_block,microns_mm3,NVIDIA GeForce RTX 5090,2.11.0+cu128,12.8,default,0.15,condensed,,,,,244dc2fe34bd57f1,0,60048,256,1,6965260,115.99487077005062,microns_mm3,0,4531,251.05142100284277,2.1643320893087554,0.6903498928976086,412.0,1353.0,1.0,0.0002,0.0002,0.0001999702321476,0.2,0.1999702321476152,12.0078125,12.0,13,1273.62890625,2937.75,5189,0.0123505654420528,0.0335061659000234,0.0103895376855376,1.0826284970722186,exact,converged,1.5625,0.0002,0.0001999702362809,2.9763719066987085e-08,True,20,SpMV,CUSPARSE_SPMV_ALG_DEFAULT,,,torch_cuda_event,gpu_execution,full_rsnn,device_native,independent_inference,full_fusion,"(256, 1, 60048)","(256, 1, 60048)",60048,60048,1,1,BN,event_csr,event_csr,dense_to_events_precomputed,False,True,True,0,torch.int32,torch.float32,torch.float32,windowed_events,,,False,False,False,False,False,False,1.0,1636312,56455984,56455984,0,0,False,unknown,unknown,unknown,unknown,unknown,,2.86038399;2.81228805;2.81904006;2.81855989;2.81788802;2.82150412;2.80982399;2.816576;2.81487989;2.81433606;2.81599998;2.81536007;2.818048;2.81846404;2.81487989;2.81859207;2.81395197;2.81024003;2.82012796;2.81702399,20,2.8183984041213987,0.0103489951614675,2.809823989868164,2.860383987426758,passed,0,0.0,5.960464477539064e-08,4.656612873077393e-10,2.965910823604645e-07,9.299814962560049e-08,2.965910823604645e-07,9.299814962560049e-08,60048,0,full_state,passed,,2.8167999982833862,,,,,,,7.397773696263719,,,,7.397773696263719
cusparse_direct_cudagraph,microns_mm3,NVIDIA GeForce RTX 5090,2.11.0+cu128,12.8,default,0.15,condensed,,,,,924c7a919e58b8d2,0,60048,256,1,6965260,115.99487077005062,microns_mm3,0,4531,251.05142100284277,2.1643320893087554,0.6903498928976086,412.0,1353.0,1.0,0.0005,0.0005,0.000499990632494,0.5,0.4999906324940048,30.0234375,30.0,31,3216.6328125,5569.0,7835,0.0361401045478893,0.0638493339457969,0.0058359774894628,1.0325266718709345,exact,converged,1.5625,0.0005,0.0004999906523153,9.347684681425966e-09,True,20,SpMV,CUSPARSE_SPMV_ALG_DEFAULT,,,torch_cuda_event,gpu_execution,full_rsnn,device_native,independent_inference,sparse_only,"(256, 1, 60048)","(256, 1, 60048)",60048,60048,1,1,BN,csr_post_by_pre,csr_post_by_pre,none,False,False,True,0,torch.int32,torch.float32,torch.float32,dense,,,False,False,False,False,False,True,1.0,27216,179661156,179661156,0,0,False,unknown,unknown,unknown,unknown,unknown,,21.1630402;20.8465595;20.8421116;20.8318405;20.8400955;20.8196163;20.8237114;20.8257599;20.8360004;20.8196163;20.8278084;20.8216648;20.8278084;20.8349762;20.8155193;20.8216648;20.8400955;20.8360004;20.8441925;20.842144,20,20.848011302948,0.0747391373178114,20.815519332885746,21.16304016113281,passed,0,0.0,8.940696716308595e-08,9.313225746154783e-10,4.449781556559174e-07,1.8596664119741038e-07,4.449781556559174e-07,1.8596664119741038e-07,60048,0,full_state,passed,,20.83340835571289,,,,,,,1.0,,,,1.0
tilespmspv_cudagraph,microns_mm3,NVIDIA GeForce RTX 5090,2.11.0+cu128,12.8,default,0.15,condensed,,,,,924c7a919e58b8d2,0,60048,256,1,6965260,115.99487077005062,microns_mm3,0,4531,251.05142100284277,2.1643320893087554,0.6903498928976086,412.0,1353.0,1.0,0.0005,0.0005,0.000499990632494,0.5,0.4999906324940048,30.0234375,30.0,31,3216.6328125,5569.0,7835,0.0361401045478893,0.0638493339457969,0.0058359774894628,1.0325266718709345,exact,converged,1.5625,0.0005,0.0004999906523153,9.347684681425966e-09,True,20,SpMV,CUSPARSE_SPMV_ALG_DEFAULT,,,torch_cuda_event_cudagraph_replay,gpu_execution,full_rsnn,device_adapted,independent_inference,sparse_only,"(256, 1, 60048)","(256, 1, 60048)",60048,60048,1,1,BN,spmspv_csc_dense_device,spmspv_csc_dense_device,none,False,False,True,0,torch.int64,torch.float32,torch.float32,dense_device,,,False,False,False,False,False,True,1.0,240192,146273240,146273240,0,0,False,unknown,unknown,unknown,unknown,unknown,,5.11769581;5.11318398;5.11199999;5.11302423;5.10995197;5.11696005;5.10988808;5.11302423;5.11295986;5.11388779;5.11500788;5.11043215;5.11350393;5.11043215;5.11350393;5.11555195;5.11452818;5.11350393;5.11452818;5.11350393,20,5.113353610038757,0.0021206919746017,5.109888076782227,5.1176958084106445,passed,0,0.0,1.862645149230957e-09,0.0,9.31229138245726e-09,0.0,9.31229138245726e-09,0.0,60048,0,full_state,passed,,5.113503932952881,,,,,,,,,,,4.074194256790623
globalatomic_cudagraph,microns_mm3,NVIDIA GeForce RTX 5090,2.11.0+cu128,12.8,default,0.15,condensed,,,,,924c7a919e58b8d2,0,60048,256,1,6965260,115.99487077005062,microns_mm3,0,4531,251.05142100284277,2.1643320893087554,0.6903498928976086,412.0,1353.0,1.0,0.0005,0.0005,0.000499990632494,0.5,0.4999906324940048,30.0234375,30.0,31,3216.6328125,5569.0,7835,0.0361401045478893,0.0638493339457969,0.0058359774894628,1.0325266718709345,exact,converged,1.5625,0.0005,0.0004999906523153,9.347684681425966e-09,True,20,SpMV,CUSPARSE_SPMV_ALG_DEFAULT,,,torch_cuda_event_cudagraph_replay,gpu_execution,full_rsnn,device_adapted,independent_inference,sparse_only,"(256, 1, 60048)","(256, 1, 60048)",60048,60048,1,1,BN,spmspv_csc_dense_device,spmspv_csc_dense_device,none,False,False,True,0,torch.int64,torch.float32,torch.float32,dense_device,,,False,False,False,False,False,True,1.0,240192,146273240,146273240,0,0,False,unknown,unknown,unknown,unknown,unknown,,7.28857613;7.28332806;7.29670382;7.29964781;7.29667187;7.29561615;7.29871988;7.29756784;7.30508804;7.29350424;7.30012798;7.29769611;7.29871988;7.29769611;7.29257584;7.29155207;7.29257584;7.29769611;7.29052782;7.29155207,20,7.295307183265686,0.0048406241250876,7.283328056335449,7.305088043212891,passed,0,0.0,1.862645149230957e-09,0.0,9.31229138245726e-09,0.0,9.31229138245726e-09,0.0,60048,0,full_state,passed,,7.296687841415405,,,,,,,,,,,2.855187012039101
vdha_cudagraph,microns_mm3,NVIDIA GeForce RTX 5090,2.11.0+cu128,12.8,default,0.15,condensed,,,,,924c7a919e58b8d2,0,60048,256,1,6965260,115.99487077005062,microns_mm3,0,4531,251.05142100284277,2.1643320893087554,0.6903498928976086,412.0,1353.0,1.0,0.0005,0.0005,0.000499990632494,0.5,0.4999906324940048,30.0234375,30.0,31,3216.6328125,5569.0,7835,0.0361401045478893,0.0638493339457969,0.0058359774894628,1.0325266718709345,exact,converged,1.5625,0.0005,0.0004999906523153,9.347684681425966e-09,True,20,SpMV,CUSPARSE_SPMV_ALG_DEFAULT,,,torch_cuda_event_cudagraph_replay,gpu_execution,full_rsnn,device_adapted,independent_inference,sparse_only,"(256, 1, 60048)","(256, 1, 60048)",60048,60048,1,1,BN,spmspv_csc_dense_device,spmspv_csc_dense_device,none,False,False,True,0,torch.int64,torch.float32,torch.float32,dense_device,,,False,False,False,False,False,True,1.0,240192,146273240,146273240,0,0,False,unknown,unknown,unknown,unknown,unknown,,10.6361284;10.6217279;10.6214724;10.6277437;10.617568;10.623744;10.627552;10.6277122;10.6237764;10.6296644;10.6215677;10.6235838;10.6256638;10.6230402;10.6195517;10.6267204;10.6256962;10.6216002;10.6236477;10.6236477,20,10.62459044456482,0.0040491306030959,10.617568016052246,10.636128425598145,passed,0,0.0,1.862645149230957e-09,1.1641532182693479e-10,9.310612725244027e-09,2.3275626759300397e-08,9.310612725244027e-09,2.3275626759300397e-08,60048,0,full_state,passed,,10.623695850372314,,,,,,,,,,,1.9610320785852289
persistent_spike_block,microns_mm3,NVIDIA GeForce RTX 5090,2.11.0+cu128,12.8,default,0.15,condensed,,,,,924c7a919e58b8d2,0,60048,256,1,6965260,115.99487077005062,microns_mm3,0,4531,251.05142100284277,2.1643320893087554,0.6903498928976086,412.0,1353.0,1.0,0.0005,0.0005,0.000499990632494,0.5,0.4999906324940048,30.0234375,30.0,31,3216.6328125,5569.0,7835,0.0361401045478893,0.0638493339457969,0.0058359774894628,1.0325266718709345,exact,converged,1.5625,0.0005,0.0004999906523153,9.347684681425966e-09,True,20,SpMV,CUSPARSE_SPMV_ALG_DEFAULT,,,torch_cuda_event,gpu_execution,full_rsnn,device_native,independent_inference,full_fusion,"(256, 1, 60048)","(256, 1, 60048)",60048,60048,1,1,BN,event_csr,event_csr,dense_to_events_precomputed,False,True,True,0,torch.int32,torch.float32,torch.float32,windowed_events,,,False,False,False,False,False,False,1.0,1636312,56474432,56474432,0,0,False,unknown,unknown,unknown,unknown,unknown,,2.92182398;2.881984;2.87849593;2.881984;2.87955189;2.87891197;2.88364792;2.87791991;2.87843204;2.88201594;2.88256001;2.88000011;2.87337589;2.87699199;2.87743998;2.8811841;2.88345599;2.87583995;2.88256001;2.87641597,20,2.881729578971863,0.0098439870189019,2.87337589263916,2.9218239784240723,passed,0,0.0,8.940696716308595e-08,9.313225746154783e-10,4.449781556559174e-07,1.8551294544977281e-07,4.449781556559174e-07,1.8551294544977281e-07,60048,0,full_state,passed,,2.8797760009765625,,,,,,,7.23438501767084,,,,7.23438501767084
cusparse_direct_cudagraph,microns_mm3,NVIDIA GeForce RTX 5090,2.11.0+cu128,12.8,default,0.15,condensed,,,,,199d42b38202cdef,0,60048,256,1,6965260,115.99487077005062,microns_mm3,0,4531,251.05142100284277,2.1643320893087554,0.6903498928976086,412.0,1353.0,1.0,0.001,0.001,0.000999981264988,1.0,0.9999812649880097,60.046875,60.25,61,6599.23046875,9063.0,14737,0.0735038084125708,0.113829513262941,0.0038154770488199,1.0158730158730158,exact,converged,1.5625,0.001,0.0009999813046306,1.869536936285193e-08,True,20,SpMV,CUSPARSE_SPMV_ALG_DEFAULT,,,torch_cuda_event,gpu_execution,full_rsnn,device_native,independent_inference,sparse_only,"(256, 1, 60048)","(256, 1, 60048)",60048,60048,1,1,BN,csr_post_by_pre,csr_post_by_pre,none,False,False,True,0,torch.int32,torch.float32,torch.float32,dense,,,False,False,False,False,False,True,1.0,27216,179661156,179661156,0,0,False,unknown,unknown,unknown,unknown,unknown,,20.8503036;20.8423672;20.8380489;20.833952;20.8380489;20.8196163;20.8380489;20.8278084;20.8360004;20.8441925;20.8441277;20.8380489;20.8319035;20.833952;20.8308792;20.8298569;20.833952;20.8319035;20.8360004;20.833952,20,20.835648155212404,0.0066588182981668,20.819616317749023,20.850303649902344,passed,0,0.0,1.1920928955078125e-07,1.862645149230957e-09,5.938877052358293e-07,3.700658623984055e-07,5.938877052358293e-07,3.700658623984055e-07,60048,0,full_state,passed,,20.834976196289062,,,,,,,1.0,,,,1.0
tilespmspv_cudagraph,microns_mm3,NVIDIA GeForce RTX 5090,2.11.0+cu128,12.8,default,0.15,condensed,,,,,199d42b38202cdef,0,60048,256,1,6965260,115.99487077005062,microns_mm3,0,4531,251.05142100284277,2.1643320893087554,0.6903498928976086,412.0,1353.0,1.0,0.001,0.001,0.000999981264988,1.0,0.9999812649880097,60.046875,60.25,61,6599.23046875,9063.0,14737,0.0735038084125708,0.113829513262941,0.0038154770488199,1.0158730158730158,exact,converged,1.5625,0.001,0.0009999813046306,1.869536936285193e-08,True,20,SpMV,CUSPARSE_SPMV_ALG_DEFAULT,,,torch_cuda_event_cudagraph_replay,gpu_execution,full_rsnn,device_adapted,independent_inference,sparse_only,"(256, 1, 60048)","(256, 1, 60048)",60048,60048,1,1,BN,spmspv_csc_dense_device,spmspv_csc_dense_device,none,False,False,True,0,torch.int64,torch.float32,torch.float32,dense_device,,,False,False,False,False,False,True,1.0,240192,146273240,146273240,0,0,False,unknown,unknown,unknown,unknown,unknown,,5.22368002;5.20569611;5.20879984;5.20556784;5.20873594;5.2075839;5.20876789;5.20771217;5.20879984;5.20559978;5.21023989;5.20771217;5.20873594;5.20976019;5.20668793;5.20771217;5.20668793;5.20771217;5.20668793;5.20566416,20,5.20842719078064,0.003848380026903,5.205567836761475,5.223680019378662,passed,0,0.0,7.450580596923828e-09,9.313225746154783e-10,3.7238940819861455e-08,1.859034739482013e-07,3.7238940819861455e-08,1.859034739482013e-07,60048,0,full_state,passed,,5.207712173461914,,,,,,,,,,,4.00079257499338
globalatomic_cudagraph,microns_mm3,NVIDIA GeForce RTX 5090,2.11.0+cu128,12.8,default,0.15,condensed,,,,,199d42b38202cdef,0,60048,256,1,6965260,115.99487077005062,microns_mm3,0,4531,251.05142100284277,2.1643320893087554,0.6903498928976086,412.0,1353.0,1.0,0.001,0.001,0.000999981264988,1.0,0.9999812649880097,60.046875,60.25,61,6599.23046875,9063.0,14737,0.0735038084125708,0.113829513262941,0.0038154770488199,1.0158730158730158,exact,converged,1.5625,0.001,0.0009999813046306,1.869536936285193e-08,True,20,SpMV,CUSPARSE_SPMV_ALG_DEFAULT,,,torch_cuda_event_cudagraph_replay,gpu_execution,full_rsnn,device_adapted,independent_inference,sparse_only,"(256, 1, 60048)","(256, 1, 60048)",60048,60048,1,1,BN,spmspv_csc_dense_device,spmspv_csc_dense_device,none,False,False,True,0,torch.int64,torch.float32,torch.float32,dense_device,,,False,False,False,False,False,True,1.0,240192,146273240,146273240,0,0,False,unknown,unknown,unknown,unknown,unknown,,7.35856009;7.31801605;7.31296015;7.31606388;7.32339191;7.32832003;7.32953596;7.324224;7.32534409;7.32646418;7.3288002;7.32636786;7.3273921;7.32431984;7.32534409;7.32841587;7.32329607;7.32841587;7.32944012;7.32636786,20,7.326552009582519,0.008763505055599,7.312960147857666,7.358560085296631,passed,0,0.0,7.450580596923828e-09,9.313225746154783e-10,3.7238940819861455e-08,1.858891920392125e-07,3.7238940819861455e-08,1.858891920392125e-07,60048,0,full_state,passed,,7.326367855072021,,,,,,,,,,,2.8438342994018617
vdha_cudagraph,microns_mm3,NVIDIA GeForce RTX 5090,2.11.0+cu128,12.8,default,0.15,condensed,,,,,199d42b38202cdef,0,60048,256,1,6965260,115.99487077005062,microns_mm3,0,4531,251.05142100284277,2.1643320893087554,0.6903498928976086,412.0,1353.0,1.0,0.001,0.001,0.000999981264988,1.0,0.9999812649880097,60.046875,60.25,61,6599.23046875,9063.0,14737,0.0735038084125708,0.113829513262941,0.0038154770488199,1.0158730158730158,exact,converged,1.5625,0.001,0.0009999813046306,1.869536936285193e-08,True,20,SpMV,CUSPARSE_SPMV_ALG_DEFAULT,,,torch_cuda_event_cudagraph_replay,gpu_execution,full_rsnn,device_adapted,independent_inference,sparse_only,"(256, 1, 60048)","(256, 1, 60048)",60048,60048,1,1,BN,spmspv_csc_dense_device,spmspv_csc_dense_device,none,False,False,True,0,torch.int64,torch.float32,torch.float32,dense_device,,,False,False,False,False,False,True,1.0,240192,146273240,146273240,0,0,False,unknown,unknown,unknown,unknown,unknown,,11.8607359;11.8369284;11.8360319;11.8391361;11.8433285;11.8421116;11.8411837;11.8412476;11.8420801;11.8391037;11.8350077;11.8360643;11.8432961;11.839488;11.8391361;11.8329916;11.8422079;11.8391361;11.8452797;11.8401604,20,11.840732765197751,0.0056368869680465,11.83299160003662,11.860735893249512,passed,0,0.0,7.450580596923828e-09,9.313225746154783e-10,3.7238940819861455e-08,1.858891920392125e-07,3.7238940819861455e-08,1.858891920392125e-07,60048,0,full_state,passed,,11.839824199676514,,,,,,,,,,,1.7597369559641192
persistent_spike_block,microns_mm3,NVIDIA GeForce RTX 5090,2.11.0+cu128,12.8,default,0.15,condensed,,,,,199d42b38202cdef,0,60048,256,1,6965260,115.99487077005062,microns_mm3,0,4531,251.05142100284277,2.1643320893087554,0.6903498928976086,412.0,1353.0,1.0,0.001,0.001,0.000999981264988,1.0,0.9999812649880097,60.046875,60.25,61,6599.23046875,9063.0,14737,0.0735038084125708,0.113829513262941,0.0038154770488199,1.0158730158730158,exact,converged,1.5625,0.001,0.0009999813046306,1.869536936285193e-08,True,20,SpMV,CUSPARSE_SPMV_ALG_DEFAULT,,,torch_cuda_event,gpu_execution,full_rsnn,device_native,independent_inference,full_fusion,"(256, 1, 60048)","(256, 1, 60048)",60048,60048,1,1,BN,event_csr,event_csr,dense_to_events_precomputed,False,True,True,0,torch.int32,torch.float32,torch.float32,windowed_events,,,False,False,False,False,False,False,1.0,1636312,56505176,56505176,0,0,False,unknown,unknown,unknown,unknown,unknown,,3.29452801;3.22720003;3.22969604;3.23327994;3.23158407;3.227072;3.22758389;3.22927999;3.23180795;3.22710395;3.2256;3.22652793;3.22646403;3.22332811;3.23075199;3.23011208;3.22860789;3.23232007;3.22867203;3.22662401,20,3.2319072008132936,0.0149532462356362,3.223328113555908,3.294528007507324,passed,0,0.0,5.960464477539064e-08,9.313225746154783e-10,2.974360029384116e-07,1.852579174510538e-07,2.974360029384116e-07,1.852579174510538e-07,60048,0,full_state,passed,,3.228639960289001,,,,,,,6.453174232045399,,,,6.453174232045399
cusparse_direct_cudagraph,microns_mm3,NVIDIA GeForce RTX 5090,2.11.0+cu128,12.8,default,0.15,condensed,,,,,074b553534728a5d,0,60048,256,1,6965260,115.99487077005062,microns_mm3,0,4531,251.05142100284277,2.1643320893087554,0.6903498928976086,412.0,1353.0,1.0,0.002,0.002,0.0020000275821009,2.0,2.000027582100986,120.09765625,121.0,121,13922.98046875,19310.0,22016,0.1535246260668713,0.2112205331291611,0.0320994524118043,1.0075134168157425,exact,converged,1.5625,0.002,0.0020000275690108,2.7569010853725762e-08,True,20,SpMV,CUSPARSE_SPMV_ALG_DEFAULT,,,torch_cuda_event,gpu_execution,full_rsnn,device_native,independent_inference,sparse_only,"(256, 1, 60048)","(256, 1, 60048)",60048,60048,1,1,BN,csr_post_by_pre,csr_post_by_pre,none,False,False,True,0,torch.int32,torch.float32,torch.float32,dense,,,False,False,False,False,False,True,1.0,27216,179661156,179661156,0,0,False,unknown,unknown,unknown,unknown,unknown,,20.8657913;20.8588161;20.8462391;20.8585281;20.8626232;20.8523846;20.8400955;20.8564796;20.8400955;20.8318405;20.8319035;20.8400955;20.8216648;20.8360004;20.8319035;20.8124485;20.8298569;20.8175049;20.833952;20.8237114,20,20.83959674835205,0.0154830224231925,20.812448501586918,20.86579132080078,passed,0,0.0,1.1920928955078125e-07,1.862645149230957e-09,5.938553613304975e-07,3.712179079684575e-07,5.938553613304975e-07,3.712179079684575e-07,60048,0,full_state,passed,,20.838047981262207,,,,,,,1.0,,,,1.0
tilespmspv_cudagraph,microns_mm3,NVIDIA GeForce RTX 5090,2.11.0+cu128,12.8,default,0.15,condensed,,,,,074b553534728a5d,0,60048,256,1,6965260,115.99487077005062,microns_mm3,0,4531,251.05142100284277,2.1643320893087554,0.6903498928976086,412.0,1353.0,1.0,0.002,0.002,0.0020000275821009,2.0,2.000027582100986,120.09765625,121.0,121,13922.98046875,19310.0,22016,0.1535246260668713,0.2112205331291611,0.0320994524118043,1.0075134168157425,exact,converged,1.5625,0.002,0.0020000275690108,2.7569010853725762e-08,True,20,SpMV,CUSPARSE_SPMV_ALG_DEFAULT,,,torch_cuda_event_cudagraph_replay,gpu_execution,full_rsnn,device_adapted,independent_inference,sparse_only,"(256, 1, 60048)","(256, 1, 60048)",60048,60048,1,1,BN,spmspv_csc_dense_device,spmspv_csc_dense_device,none,False,False,True,0,torch.int64,torch.float32,torch.float32,dense_device,,,False,False,False,False,False,True,1.0,240192,146273240,146273240,0,0,False,unknown,unknown,unknown,unknown,unknown,,5.43225622;5.42329597;5.41856003;5.42185593;5.42262411;5.41964817;5.42390394;5.42259216;5.41968012;5.4227519;5.41926384;5.42377615;5.4227519;5.42377615;5.42684793;5.42172813;5.42473602;5.42169619;5.41968012;5.42070389,20,5.422606444358825,0.0030761338819199,5.418560028076172,5.43225622177124,passed,0,0.0,2.9802322387695312e-08,9.313225746154783e-10,1.4886886390286238e-07,1.862574947608664e-07,1.4886886390286238e-07,1.862574947608664e-07,60048,0,full_state,passed,,5.422608137130737,,,,,,,,,,,3.842809115889432
globalatomic_cudagraph,microns_mm3,NVIDIA GeForce RTX 5090,2.11.0+cu128,12.8,default,0.15,condensed,,,,,074b553534728a5d,0,60048,256,1,6965260,115.99487077005062,microns_mm3,0,4531,251.05142100284277,2.1643320893087554,0.6903498928976086,412.0,1353.0,1.0,0.002,0.002,0.0020000275821009,2.0,2.000027582100986,120.09765625,121.0,121,13922.98046875,19310.0,22016,0.1535246260668713,0.2112205331291611,0.0320994524118043,1.0075134168157425,exact,converged,1.5625,0.002,0.0020000275690108,2.7569010853725762e-08,True,20,SpMV,CUSPARSE_SPMV_ALG_DEFAULT,,,torch_cuda_event_cudagraph_replay,gpu_execution,full_rsnn,device_adapted,independent_inference,sparse_only,"(256, 1, 60048)","(256, 1, 60048)",60048,60048,1,1,BN,spmspv_csc_dense_device,spmspv_csc_dense_device,none,False,False,True,0,torch.int64,torch.float32,torch.float32,dense_device,,,False,False,False,False,False,True,1.0,240192,146273240,146273240,0,0,False,unknown,unknown,unknown,unknown,unknown,,7.35417604;7.33888006;7.34774399;7.34889603;7.3499198;7.3498559;7.34889603;7.34988785;7.35299206;7.35193586;7.35052776;7.34787178;7.35299206;7.3499198;7.34684801;7.3499198;7.35299206;7.35401583;7.35504007;7.35398388,20,7.350364732742309,0.0036183719592158,7.338880062103271,7.355040073394775,passed,0,0.0,2.9802322387695312e-08,9.313225746154783e-10,1.4886886390286238e-07,1.862574947608664e-07,1.4886886390286238e-07,1.862574947608664e-07,60048,0,full_state,passed,,7.34991979598999,,,,,,,,,,,2.8351395062339515
vdha_cudagraph,microns_mm3,NVIDIA GeForce RTX 5090,2.11.0+cu128,12.8,default,0.15,condensed,,,,,074b553534728a5d,0,60048,256,1,6965260,115.99487077005062,microns_mm3,0,4531,251.05142100284277,2.1643320893087554,0.6903498928976086,412.0,1353.0,1.0,0.002,0.002,0.0020000275821009,2.0,2.000027582100986,120.09765625,121.0,121,13922.98046875,19310.0,22016,0.1535246260668713,0.2112205331291611,0.0320994524118043,1.0075134168157425,exact,converged,1.5625,0.002,0.0020000275690108,2.7569010853725762e-08,True,20,SpMV,CUSPARSE_SPMV_ALG_DEFAULT,,,torch_cuda_event_cudagraph_replay,gpu_execution,full_rsnn,device_adapted,independent_inference,sparse_only,"(256, 1, 60048)","(256, 1, 60048)",60048,60048,1,1,BN,spmspv_csc_dense_device,spmspv_csc_dense_device,none,False,False,True,0,torch.int64,torch.float32,torch.float32,dense_device,,,False,False,False,False,False,True,1.0,240192,146273240,146273240,0,0,False,unknown,unknown,unknown,unknown,unknown,,13.1453762;13.1276484;13.1271677;13.1262398;13.1294079;13.1272964;13.1334076;13.1303043;13.1293764;13.1294403;13.1292477;13.1303997;13.1294718;13.1267204;13.1252804;13.1344957;13.1293764;13.1313915;13.1253119;13.1201601,20,13.12937602996826,0.0048762200737838,13.120160102844238,13.145376205444336,passed,0,0.0,2.9802322387695312e-08,9.313225746154783e-10,1.4886886390286238e-07,1.862574947608664e-07,1.4886886390286238e-07,1.862574947608664e-07,60048,0,full_state,passed,,13.129376411437988,,,,,,,,,,,1.5871315840338476
persistent_spike_block,microns_mm3,NVIDIA GeForce RTX 5090,2.11.0+cu128,12.8,default,0.15,condensed,,,,,074b553534728a5d,0,60048,256,1,6965260,115.99487077005062,microns_mm3,0,4531,251.05142100284277,2.1643320893087554,0.6903498928976086,412.0,1353.0,1.0,0.002,0.002,0.0020000275821009,2.0,2.000027582100986,120.09765625,121.0,121,13922.98046875,19310.0,22016,0.1535246260668713,0.2112205331291611,0.0320994524118043,1.0075134168157425,exact,converged,1.5625,0.002,0.0020000275690108,2.7569010853725762e-08,True,20,SpMV,CUSPARSE_SPMV_ALG_DEFAULT,,,torch_cuda_event,gpu_execution,full_rsnn,device_native,independent_inference,full_fusion,"(256, 1, 60048)","(256, 1, 60048)",60048,60048,1,1,BN,event_csr,event_csr,dense_to_events_precomputed,False,True,True,0,torch.int32,torch.float32,torch.float32,windowed_events,,,False,False,False,False,False,False,1.0,1636312,56566668,56566668,0,0,False,unknown,unknown,unknown,unknown,unknown,,4.42108822;4.37388802;4.37964821;4.36979198;4.36940813;4.36723185;4.36742401;4.37398386;4.37753582;4.37302399;4.3653121;4.37913609;4.37145615;4.36566401;4.37347221;4.36569595;4.3816638;4.37187195;4.37555218;4.37244797,20,4.374764823913575,0.0119074287572248,4.365312099456787,4.421088218688965,passed,0,0.0,8.940696716308595e-08,2.3283064365386963e-09,4.4565885559677554e-07,4.646614684133965e-07,4.4565885559677554e-07,4.646614684133965e-07,60048,0,full_state,passed,,4.372735977172852,,,,,,,4.765448472087912,,,,4.765448472087912
cusparse_direct_cudagraph,microns_mm3,NVIDIA GeForce RTX 5090,2.11.0+cu128,12.8,default,0.15,condensed,,,,,01f3928e82dc4c6a,0,60048,256,1,6965260,115.99487077005062,microns_mm3,0,4531,251.05142100284277,2.1643320893087554,0.6903498928976086,412.0,1353.0,1.0,0.005,0.005,0.004999971377065,5.0,4.999971377065014,300.23828125,301.0,301,32977.6953125,41564.0,45758,0.3027713299319742,0.3663988066596092,0.0014491967805504,1.0025370473972497,exact,converged,1.5625,0.005,0.0049999714829027,2.851709723483004e-08,True,20,SpMV,CUSPARSE_SPMV_ALG_DEFAULT,,,torch_cuda_event,gpu_execution,full_rsnn,device_native,independent_inference,sparse_only,"(256, 1, 60048)","(256, 1, 60048)",60048,60048,1,1,BN,csr_post_by_pre,csr_post_by_pre,none,False,False,True,0,torch.int32,torch.float32,torch.float32,dense,,,False,False,False,False,False,True,1.0,27216,179661156,179661156,0,0,False,unknown,unknown,unknown,unknown,unknown,,20.8488636;20.8363209;20.8256969;20.8257599;20.8441925;20.8319035;20.8360004;20.8278084;20.8360004;20.8319035;20.8298569;20.8175678;20.8237114;20.8247356;20.8196163;20.8257599;20.8278084;20.8237114;20.8237114;20.8298569,20,20.82953929901123,0.0077632123714444,20.817567825317383,20.84886360168457,passed,0,0.0,1.1920928955078125e-07,3.725290298461914e-09,5.946492933617264e-07,7.404181587844505e-07,5.946492933617264e-07,7.404181587844505e-07,60048,0,full_state,passed,,20.827808380126957,,,,,,,1.0,,,,1.0
tilespmspv_cudagraph,microns_mm3,NVIDIA GeForce RTX 5090,2.11.0+cu128,12.8,default,0.15,condensed,,,,,01f3928e82dc4c6a,0,60048,256,1,6965260,115.99487077005062,microns_mm3,0,4531,251.05142100284277,2.1643320893087554,0.6903498928976086,412.0,1353.0,1.0,0.005,0.005,0.004999971377065,5.0,4.999971377065014,300.23828125,301.0,301,32977.6953125,41564.0,45758,0.3027713299319742,0.3663988066596092,0.0014491967805504,1.0025370473972497,exact,converged,1.5625,0.005,0.0049999714829027,2.851709723483004e-08,True,20,SpMV,CUSPARSE_SPMV_ALG_DEFAULT,,,torch_cuda_event_cudagraph_replay,gpu_execution,full_rsnn,device_adapted,independent_inference,sparse_only,"(256, 1, 60048)","(256, 1, 60048)",60048,60048,1,1,BN,spmspv_csc_dense_device,spmspv_csc_dense_device,none,False,False,True,0,torch.int64,torch.float32,torch.float32,dense_device,,,False,False,False,False,False,True,1.0,240192,146273240,146273240,0,0,False,unknown,unknown,unknown,unknown,unknown,,5.3003521;5.28419209;5.28924799;5.2881918;5.28704023;5.28681612;5.28899193;5.2881279;5.28915215;5.28857613;5.29302406;5.29065609;5.28553581;5.29267216;5.28963184;5.28860807;5.29167986;5.28451204;5.28758383;5.28860807,20,5.2891600131988525,0.0035259835804079,5.284192085266113,5.300352096557617,passed,0,0.0,1.1920928955078125e-07,3.725290298461914e-09,5.935509079790791e-07,7.404181587844505e-07,5.935509079790791e-07,7.404181587844505e-07,60048,0,full_state,passed,,5.288608074188232,,,,,,,,,,,3.938240097953163
globalatomic_cudagraph,microns_mm3,NVIDIA GeForce RTX 5090,2.11.0+cu128,12.8,default,0.15,condensed,,,,,01f3928e82dc4c6a,0,60048,256,1,6965260,115.99487077005062,microns_mm3,0,4531,251.05142100284277,2.1643320893087554,0.6903498928976086,412.0,1353.0,1.0,0.005,0.005,0.004999971377065,5.0,4.999971377065014,300.23828125,301.0,301,32977.6953125,41564.0,45758,0.3027713299319742,0.3663988066596092,0.0014491967805504,1.0025370473972497,exact,converged,1.5625,0.005,0.0049999714829027,2.851709723483004e-08,True,20,SpMV,CUSPARSE_SPMV_ALG_DEFAULT,,,torch_cuda_event_cudagraph_replay,gpu_execution,full_rsnn,device_adapted,independent_inference,sparse_only,"(256, 1, 60048)","(256, 1, 60048)",60048,60048,1,1,BN,spmspv_csc_dense_device,spmspv_csc_dense_device,none,False,False,True,0,torch.int64,torch.float32,torch.float32,dense_device,,,False,False,False,False,False,True,1.0,240192,146273240,146273240,0,0,False,unknown,unknown,unknown,unknown,unknown,,7.30092812;7.2913599;7.29628801;7.29974413;7.30636787;7.30796814;7.30025578;7.29363203;7.29055977;7.30185604;7.30015993;7.29360008;7.29871988;7.30384016;7.30281591;7.30179214;7.3007679;7.29974413;7.3007679;7.29769611,20,7.299443197250366,0.0045620904835019,7.290559768676758,7.307968139648437,passed,0,0.0,1.1920928955078125e-07,3.725290298461914e-09,5.935509079790791e-07,7.404181587844505e-07,5.935509079790791e-07,7.404181587844505e-07,60048,0,full_state,passed,,7.300207853317261,,,,,,,,,,,2.8530432007716966
vdha_cudagraph,microns_mm3,NVIDIA GeForce RTX 5090,2.11.0+cu128,12.8,default,0.15,condensed,,,,,01f3928e82dc4c6a,0,60048,256,1,6965260,115.99487077005062,microns_mm3,0,4531,251.05142100284277,2.1643320893087554,0.6903498928976086,412.0,1353.0,1.0,0.005,0.005,0.004999971377065,5.0,4.999971377065014,300.23828125,301.0,301,32977.6953125,41564.0,45758,0.3027713299319742,0.3663988066596092,0.0014491967805504,1.0025370473972497,exact,converged,1.5625,0.005,0.0049999714829027,2.851709723483004e-08,True,20,SpMV,CUSPARSE_SPMV_ALG_DEFAULT,,,torch_cuda_event_cudagraph_replay,gpu_execution,full_rsnn,device_adapted,independent_inference,sparse_only,"(256, 1, 60048)","(256, 1, 60048)",60048,60048,1,1,BN,spmspv_csc_dense_device,spmspv_csc_dense_device,none,False,False,True,0,torch.int64,torch.float32,torch.float32,dense_device,,,False,False,False,False,False,True,1.0,240192,146273240,146273240,0,0,False,unknown,unknown,unknown,unknown,unknown,,12.1124802;12.0972157;12.0972481;12.0967684;12.1022396;12.0971842;12.0988798;12.1009283;12.1038723;12.1012163;12.0992317;12.1033278;12.0976;12.1008644;12.0971518;12.0971842;12.0992317;12.0982084;12.0971203;12.0992317,20,12.099859237670898,0.0036960748552971,12.096768379211426,12.11248016357422,passed,0,0.0,1.788139343261719e-07,3.725290298461914e-09,8.872264061210444e-07,7.404181587844505e-07,8.872264061210444e-07,7.404181587844505e-07,60048,0,full_state,passed,,12.099055767059326,,,,,,,,,,,1.7214408116732856
persistent_spike_block,microns_mm3,NVIDIA GeForce RTX 5090,2.11.0+cu128,12.8,default,0.15,condensed,,,,,01f3928e82dc4c6a,0,60048,256,1,6965260,115.99487077005062,microns_mm3,0,4531,251.05142100284277,2.1643320893087554,0.6903498928976086,412.0,1353.0,1.0,0.005,0.005,0.004999971377065,5.0,4.999971377065014,300.23828125,301.0,301,32977.6953125,41564.0,45758,0.3027713299319742,0.3663988066596092,0.0014491967805504,1.0025370473972497,exact,converged,1.5625,0.005,0.0049999714829027,2.851709723483004e-08,True,20,SpMV,CUSPARSE_SPMV_ALG_DEFAULT,,,torch_cuda_event,gpu_execution,full_rsnn,device_native,independent_inference,full_fusion,"(256, 1, 60048)","(256, 1, 60048)",60048,60048,1,1,BN,event_csr,event_csr,dense_to_events_precomputed,False,True,True,0,torch.int32,torch.float32,torch.float32,windowed_events,,,False,False,False,False,False,False,1.0,1636312,56751132,56751132,0,0,False,unknown,unknown,unknown,unknown,unknown,,3.26233602;3.20857596;3.20912004;3.21065593;3.2112;3.20652795;3.20313597;3.21270394;3.19910407;3.21062398;3.20515203;3.20560002;3.20512009;3.20563197;3.20515203;3.21062398;3.20604801;3.20550394;3.20617604;3.20819211,20,3.209859204292297,0.0127574505276503,3.199104070663452,3.262336015701294,passed,0,0.0,1.1920928955078125e-07,7.450580596923828e-09,5.946492933617264e-07,1.474855139349529e-06,5.946492933617264e-07,1.474855139349529e-06,60048,0,full_state,passed,,3.20635199546814,,,,,,,6.49579597298269,,,,6.49579597298269
cusparse_direct_cudagraph,microns_mm3,NVIDIA GeForce RTX 5090,2.11.0+cu128,12.8,default,0.15,condensed,,,,,5fbcbc7d73d11d3d,0,60048,256,1,6965260,115.99487077005062,microns_mm3,0,4531,251.05142100284277,2.1643320893087554,0.6903498928976086,412.0,1353.0,1.0,0.01,0.01,0.0100000078062549,10.0,10.000007806254995,600.48046875,607.0,608,66982.265625,76692.0,78209,0.452244885579965,0.4522448855799649,0.0954931353003647,1.0125225242806868,sampled_16_timesteps_max_2048_sources,converged,1.18255615234375,0.01,0.0100000081583857,8.158385753423425e-09,True,20,SpMV,CUSPARSE_SPMV_ALG_DEFAULT,,,torch_cuda_event,gpu_execution,full_rsnn,device_native,independent_inference,sparse_only,"(256, 1, 60048)","(256, 1, 60048)",60048,60048,1,1,BN,csr_post_by_pre,csr_post_by_pre,none,False,False,True,0,torch.int32,torch.float32,torch.float32,dense,,,False,False,False,False,False,True,1.0,27216,179661156,179661156,0,0,False,unknown,unknown,unknown,unknown,unknown,,20.8642883;20.8445129;20.8360004;20.8319035;20.833952;20.8360004;20.8278084;20.8298569;20.833952;20.8278084;20.8319035;20.8278084;20.8298569;20.8298569;20.8247356;20.8318405;20.8278084;20.8175678;20.8359356;20.8216648,20,20.832253074646,0.009472735545595,20.817567825317383,20.864288330078125,passed,0,0.0,4.76837158203125e-07,3.725290298461914e-09,2.370094534853706e-06,7.416376206492714e-07,2.370094534853706e-06,7.416376206492714e-07,60048,0,full_state,passed,,20.830848693847656,,,,,,,1.0,,,,1.0
tilespmspv_cudagraph,microns_mm3,NVIDIA GeForce RTX 5090,2.11.0+cu128,12.8,default,0.15,condensed,,,,,5fbcbc7d73d11d3d,0,60048,256,1,6965260,115.99487077005062,microns_mm3,0,4531,251.05142100284277,2.1643320893087554,0.6903498928976086,412.0,1353.0,1.0,0.01,0.01,0.0100000078062549,10.0,10.000007806254995,600.48046875,607.0,608,66982.265625,76692.0,78209,0.452244885579965,0.4522448855799649,0.0954931353003647,1.0125225242806868,sampled_16_timesteps_max_2048_sources,converged,1.18255615234375,0.01,0.0100000081583857,8.158385753423425e-09,True,20,SpMV,CUSPARSE_SPMV_ALG_DEFAULT,,,torch_cuda_event_cudagraph_replay,gpu_execution,full_rsnn,device_adapted,independent_inference,sparse_only,"(256, 1, 60048)","(256, 1, 60048)",60048,60048,1,1,BN,spmspv_csc_dense_device,spmspv_csc_dense_device,none,False,False,True,0,torch.int64,torch.float32,torch.float32,dense_device,,,False,False,False,False,False,True,1.0,240192,146273240,146273240,0,0,False,unknown,unknown,unknown,unknown,unknown,,5.33423996;5.31942415;5.31827211;5.32137585;5.31830406;5.32339191;5.32025623;5.32339191;5.32646418;5.32342386;5.3198719;5.32342386;5.32240009;5.32342386;5.31932783;5.32240009;5.31932783;5.32035208;5.32342386;5.31830406,20,5.322039985656739,0.0036622239115072,5.318272113800049,5.334239959716797,passed,0,0.0,2.384185791015625e-07,5.587935447692871e-09,1.181735342470347e-06,1.1074047279180377e-06,1.181735342470347e-06,1.1074047279180377e-06,60048,0,full_state,passed,,5.321887969970703,,,,,,,,,,,3.914183990979864
globalatomic_cudagraph,microns_mm3,NVIDIA GeForce RTX 5090,2.11.0+cu128,12.8,default,0.15,condensed,,,,,5fbcbc7d73d11d3d,0,60048,256,1,6965260,115.99487077005062,microns_mm3,0,4531,251.05142100284277,2.1643320893087554,0.6903498928976086,412.0,1353.0,1.0,0.01,0.01,0.0100000078062549,10.0,10.000007806254995,600.48046875,607.0,608,66982.265625,76692.0,78209,0.452244885579965,0.4522448855799649,0.0954931353003647,1.0125225242806868,sampled_16_timesteps_max_2048_sources,converged,1.18255615234375,0.01,0.0100000081583857,8.158385753423425e-09,True,20,SpMV,CUSPARSE_SPMV_ALG_DEFAULT,,,torch_cuda_event_cudagraph_replay,gpu_execution,full_rsnn,device_adapted,independent_inference,sparse_only,"(256, 1, 60048)","(256, 1, 60048)",60048,60048,1,1,BN,spmspv_csc_dense_device,spmspv_csc_dense_device,none,False,False,True,0,torch.int64,torch.float32,torch.float32,dense_device,,,False,False,False,False,False,True,1.0,240192,146273240,146273240,0,0,False,unknown,unknown,unknown,unknown,unknown,,7.32543993;7.30976009;7.30899191;7.30790377;7.31100798;7.30995178;7.31097603;7.30803204;7.30880022;7.31001616;7.30844784;7.31203222;7.30895996;7.30998421;7.30895996;7.30998421;7.30895996;7.31203222;7.30691195;7.30998421,20,7.310356831550598,0.003783950779118,7.306911945343018,7.325439929962158,passed,0,0.0,2.384185791015625e-07,5.587935447692871e-09,1.181735342470347e-06,1.1074047279180377e-06,1.181735342470347e-06,1.1074047279180377e-06,60048,0,full_state,passed,,7.309855937957764,,,,,,,,,,,2.849693464638566
vdha_cudagraph,microns_mm3,NVIDIA GeForce RTX 5090,2.11.0+cu128,12.8,default,0.15,condensed,,,,,5fbcbc7d73d11d3d,0,60048,256,1,6965260,115.99487077005062,microns_mm3,0,4531,251.05142100284277,2.1643320893087554,0.6903498928976086,412.0,1353.0,1.0,0.01,0.01,0.0100000078062549,10.0,10.000007806254995,600.48046875,607.0,608,66982.265625,76692.0,78209,0.452244885579965,0.4522448855799649,0.0954931353003647,1.0125225242806868,sampled_16_timesteps_max_2048_sources,converged,1.18255615234375,0.01,0.0100000081583857,8.158385753423425e-09,True,20,SpMV,CUSPARSE_SPMV_ALG_DEFAULT,,,torch_cuda_event_cudagraph_replay,gpu_execution,full_rsnn,device_adapted,independent_inference,sparse_only,"(256, 1, 60048)","(256, 1, 60048)",60048,60048,1,1,BN,spmspv_csc_dense_device,spmspv_csc_dense_device,none,False,False,True,0,torch.int64,torch.float32,torch.float32,dense_device,,,False,False,False,False,False,True,1.0,240192,146273240,146273240,0,0,False,unknown,unknown,unknown,unknown,unknown,,12.2374077;12.2243843;12.2262402;12.2200317;12.2261763;12.2252483;12.2240639;12.2323837;12.2262077;12.2261763;12.2283516;12.227232;12.224;12.225728;12.2241602;12.2262077;12.2241602;12.2251844;12.2221117;12.2261763,20,12.226081609725952,0.0036070910408615,12.22003173828125,12.237407684326172,passed,0,0.0,2.384185791015625e-07,5.587935447692871e-09,1.181735342470347e-06,1.1074047279180377e-06,1.181735342470347e-06,1.1074047279180377e-06,60048,0,full_state,passed,,12.2259521484375,,,,,,,,,,,1.7038222005890868
persistent_spike_block,microns_mm3,NVIDIA GeForce RTX 5090,2.11.0+cu128,12.8,default,0.15,condensed,,,,,5fbcbc7d73d11d3d,0,60048,256,1,6965260,115.99487077005062,microns_mm3,0,4531,251.05142100284277,2.1643320893087554,0.6903498928976086,412.0,1353.0,1.0,0.01,0.01,0.0100000078062549,10.0,10.000007806254995,600.48046875,607.0,608,66982.265625,76692.0,78209,0.452244885579965,0.4522448855799649,0.0954931353003647,1.0125225242806868,sampled_16_timesteps_max_2048_sources,converged,1.18255615234375,0.01,0.0100000081583857,8.158385753423425e-09,True,20,SpMV,CUSPARSE_SPMV_ALG_DEFAULT,,,torch_cuda_event,gpu_execution,full_rsnn,device_native,independent_inference,full_fusion,"(256, 1, 60048)","(256, 1, 60048)",60048,60048,1,1,BN,event_csr,event_csr,dense_to_events_precomputed,False,True,True,0,torch.int32,torch.float32,torch.float32,windowed_events,,,False,False,False,False,False,False,1.0,1636312,57058580,57058580,0,0,False,unknown,unknown,unknown,unknown,unknown,,3.46192002;3.40889597;3.41747189;3.40991998;3.41756797;3.40681601;3.415488;3.4119041;3.4144001;3.40483189;3.41443205;3.41187191;3.41340804;3.40889597;3.41347194;3.41196799;3.41852808;3.41001606;3.41196799;3.40582395,20,3.4144799947738647,0.0117976603766645,3.404831886291504,3.461920022964477,passed,0,0.0,4.76837158203125e-07,1.1175870895385742e-08,2.370094534853706e-06,2.2052950043871533e-06,2.370094534853706e-06,2.2052950043871533e-06,60048,0,full_state,passed,,3.4119679927825928,,,,,,,6.105229808108279,,,,6.105229808108279
cusparse_direct_cudagraph,microns_mm3,NVIDIA GeForce RTX 5090,2.11.0+cu128,12.8,default,0.15,condensed,,,,,37d63378ef786184,0,60048,256,1,6965260,115.99487077005062,microns_mm3,0,4531,251.05142100284277,2.1643320893087554,0.6903498928976086,412.0,1353.0,1.0,0.01,0.02,0.0200000156125099,20.0,20.000015612509998,1200.9609375,1217.0,1220,136728.5390625,151490.5,157087,0.6086933666444236,0.6086933666444234,0.087264220513122,1.0158531904789785,sampled_16_timesteps_max_2048_sources,converged,2.247142791748047,0.02,0.0200000163167715,1.631677150684685e-08,True,20,SpMV,CUSPARSE_SPMV_ALG_DEFAULT,,,torch_cuda_event,gpu_execution,full_rsnn,device_native,independent_inference,sparse_only,"(256, 1, 60048)","(256, 1, 60048)",60048,60048,1,1,BN,csr_post_by_pre,csr_post_by_pre,none,False,False,True,0,torch.int32,torch.float32,torch.float32,dense,,,False,False,False,False,False,True,1.0,27216,179661156,179661156,0,0,False,unknown,unknown,unknown,unknown,unknown,,20.8713913;20.8464642;20.8380489;20.842144;20.8420792;20.8359356;20.833952;20.8380489;20.842144;20.8380489;20.8216648;20.842144;20.8278084;20.8400955;20.8329277;20.8380489;20.8380489;20.8298569;20.8441925;20.8298569,20,20.83864507675171,0.0098379281993528,20.821664810180664,20.87139129638672,passed,0,0.0,4.172325134277344e-07,7.450580596923828e-09,2.075618567687343e-06,1.4751748267372022e-06,2.075618567687343e-06,1.4751748267372022e-06,60048,0,full_state,passed,,20.838048934936523,,,,,,,1.0,,,,1.0
tilespmspv_cudagraph,microns_mm3,NVIDIA GeForce RTX 5090,2.11.0+cu128,12.8,default,0.15,condensed,,,,,37d63378ef786184,0,60048,256,1,6965260,115.99487077005062,microns_mm3,0,4531,251.05142100284277,2.1643320893087554,0.6903498928976086,412.0,1353.0,1.0,0.01,0.02,0.0200000156125099,20.0,20.000015612509998,1200.9609375,1217.0,1220,136728.5390625,151490.5,157087,0.6086933666444236,0.6086933666444234,0.087264220513122,1.0158531904789785,sampled_16_timesteps_max_2048_sources,converged,2.247142791748047,0.02,0.0200000163167715,1.631677150684685e-08,True,20,SpMV,CUSPARSE_SPMV_ALG_DEFAULT,,,torch_cuda_event_cudagraph_replay,gpu_execution,full_rsnn,device_adapted,independent_inference,sparse_only,"(256, 1, 60048)","(256, 1, 60048)",60048,60048,1,1,BN,spmspv_csc_dense_device,spmspv_csc_dense_device,none,False,False,True,0,torch.int64,torch.float32,torch.float32,dense_device,,,False,False,False,False,False,True,1.0,240192,146273240,146273240,0,0,False,unknown,unknown,unknown,unknown,unknown,,5.47017622;5.45827198;5.44732809;5.45667219;5.45334387;5.45452785;5.45241594;5.45763206;5.4523201;5.45552015;5.45200014;5.45859194;5.45552015;5.45859194;5.45756817;5.45654392;5.45244789;5.45552015;5.45244789;5.45142412,20,5.455443239212036,0.0045474623362607,5.447328090667725,5.4701762199401855,passed,0,0.0,2.384185791015625e-07,1.1175870895385742e-08,1.18903426482575e-06,2.2072179035603767e-06,1.18903426482575e-06,2.2072179035603767e-06,60048,0,full_state,passed,,5.455520153045654,,,,,,,,,,,3.8196264243113935
globalatomic_cudagraph,microns_mm3,NVIDIA GeForce RTX 5090,2.11.0+cu128,12.8,default,0.15,condensed,,,,,37d63378ef786184,0,60048,256,1,6965260,115.99487077005062,microns_mm3,0,4531,251.05142100284277,2.1643320893087554,0.6903498928976086,412.0,1353.0,1.0,0.01,0.02,0.0200000156125099,20.0,20.000015612509998,1200.9609375,1217.0,1220,136728.5390625,151490.5,157087,0.6086933666444236,0.6086933666444234,0.087264220513122,1.0158531904789785,sampled_16_timesteps_max_2048_sources,converged,2.247142791748047,0.02,0.0200000163167715,1.631677150684685e-08,True,20,SpMV,CUSPARSE_SPMV_ALG_DEFAULT,,,torch_cuda_event_cudagraph_replay,gpu_execution,full_rsnn,device_adapted,independent_inference,sparse_only,"(256, 1, 60048)","(256, 1, 60048)",60048,60048,1,1,BN,spmspv_csc_dense_device,spmspv_csc_dense_device,none,False,False,True,0,torch.int64,torch.float32,torch.float32,dense_device,,,False,False,False,False,False,True,1.0,240192,146273240,146273240,0,0,False,unknown,unknown,unknown,unknown,unknown,,7.32470417;7.3101759;7.31708813;7.3100481;7.3129921;7.31401587;7.31110382;7.31203222;7.31718397;7.30979204;7.30851221;7.30998421;7.31302404;7.31612778;7.31920004;7.32022381;7.31715202;7.30998421;7.31100798;7.31817579,20,7.314126420021057,0.0043836295574209,7.308512210845947,7.324704170227051,passed,0,0.0,2.384185791015625e-07,1.1175870895385742e-08,1.18903426482575e-06,2.2072179035603767e-06,1.18903426482575e-06,2.2072179035603767e-06,60048,0,full_state,passed,,7.313008069992065,,,,,,,,,,,2.8494497388075675
vdha_cudagraph,microns_mm3,NVIDIA GeForce RTX 5090,2.11.0+cu128,12.8,default,0.15,condensed,,,,,37d63378ef786184,0,60048,256,1,6965260,115.99487077005062,microns_mm3,0,4531,251.05142100284277,2.1643320893087554,0.6903498928976086,412.0,1353.0,1.0,0.01,0.02,0.0200000156125099,20.0,20.000015612509998,1200.9609375,1217.0,1220,136728.5390625,151490.5,157087,0.6086933666444236,0.6086933666444234,0.087264220513122,1.0158531904789785,sampled_16_timesteps_max_2048_sources,converged,2.247142791748047,0.02,0.0200000163167715,1.631677150684685e-08,True,20,SpMV,CUSPARSE_SPMV_ALG_DEFAULT,,,torch_cuda_event_cudagraph_replay,gpu_execution,full_rsnn,device_adapted,independent_inference,sparse_only,"(256, 1, 60048)","(256, 1, 60048)",60048,60048,1,1,BN,spmspv_csc_dense_device,spmspv_csc_dense_device,none,False,False,True,0,torch.int64,torch.float32,torch.float32,dense_device,,,False,False,False,False,False,True,1.0,240192,146273240,146273240,0,0,False,unknown,unknown,unknown,unknown,unknown,,12.5629444;12.5396156;12.5394564;12.5411844;12.5430403;12.5436802;12.5430403;12.5455999;12.5416002;12.5410242;12.5428476;12.5387201;12.5412483;12.5368958;12.5395517;12.5436478;12.5436478;12.5395517;12.5416002;12.5436478,20,12.542627239227295,0.0052368472123129,12.536895751953123,12.562944412231444,passed,0,0.0,2.980232238769531e-07,1.1175870895385742e-08,1.48622734741366e-06,2.2031142634659773e-06,1.48622734741366e-06,2.2031142634659773e-06,60048,0,full_state,passed,,12.541600227355955,,,,,,,,,,,1.661514364768557
persistent_spike_block,microns_mm3,NVIDIA GeForce RTX 5090,2.11.0+cu128,12.8,default,0.15,condensed,,,,,37d63378ef786184,0,60048,256,1,6965260,115.99487077005062,microns_mm3,0,4531,251.05142100284277,2.1643320893087554,0.6903498928976086,412.0,1353.0,1.0,0.01,0.02,0.0200000156125099,20.0,20.000015612509998,1200.9609375,1217.0,1220,136728.5390625,151490.5,157087,0.6086933666444236,0.6086933666444234,0.087264220513122,1.0158531904789785,sampled_16_timesteps_max_2048_sources,converged,2.247142791748047,0.02,0.0200000163167715,1.631677150684685e-08,True,20,SpMV,CUSPARSE_SPMV_ALG_DEFAULT,,,torch_cuda_event,gpu_execution,full_rsnn,device_native,independent_inference,full_fusion,"(256, 1, 60048)","(256, 1, 60048)",60048,60048,1,1,BN,event_csr,event_csr,dense_to_events_precomputed,False,True,True,0,torch.int32,torch.float32,torch.float32,windowed_events,,,False,False,False,False,False,False,1.0,1636312,57058580,57058580,0,0,False,unknown,unknown,unknown,unknown,unknown,,4.17126417;4.04623985;4.07654381;4.0462079;4.07641602;4.04828787;4.07033587;4.05030394;4.07263994;4.03804779;4.07651186;4.04623985;4.07244778;4.0462079;4.06640005;4.04521608;4.06019211;4.05340815;4.06835222;4.04684782,20,4.063905549049378,0.028404954783608,4.038047790527344,4.171264171600342,passed,0,0.0,6.854534149169922e-07,2.9802322387695312e-08,3.4149134080507797e-06,5.805015007354086e-06,3.4149134080507797e-06,5.805015007354086e-06,60048,0,full_state,passed,,4.056800127029419,,,,,,,5.13657273773434,,,,5.13657273773434
cusparse_direct_cudagraph,microns_mm3,NVIDIA GeForce RTX 5090,2.11.0+cu128,12.8,default,0.15,condensed,,,,,063ae95eaabd81f5,0,60048,256,1,6965260,115.99487077005062,microns_mm3,0,4531,251.05142100284277,2.1643320893087554,0.6903498928976086,412.0,1353.0,1.0,0.01,0.05,0.0499997137706501,50.0,49.99971377065015,3002.3828125,3055.25,3072,365318.47265625,388188.0,399759,0.7670069297558849,0.7670069297558848,0.0787977264448286,1.023187312160914,sampled_16_timesteps_max_2048_sources,converged,5.764007568359375,0.05,0.049999713897705,2.8610229492465056e-07,True,20,SpMV,CUSPARSE_SPMV_ALG_DEFAULT,,,torch_cuda_event,gpu_execution,full_rsnn,device_native,independent_inference,sparse_only,"(256, 1, 60048)","(256, 1, 60048)",60048,60048,1,1,BN,csr_post_by_pre,csr_post_by_pre,none,False,False,True,0,torch.int32,torch.float32,torch.float32,dense,,,False,False,False,False,False,True,1.0,27216,179661156,179661156,0,0,False,unknown,unknown,unknown,unknown,unknown,,20.8771515;20.8587513;20.8441925;20.8441277;20.8360004;20.8360004;20.8482876;20.8278084;20.8380489;20.8379841;20.833952;20.8319035;20.8278084;20.833952;20.8267841;20.8237114;20.8278084;20.8216648;20.8237114;20.8298569,20,20.83647527694702,0.0132893115121929,20.821664810180664,20.87715148925781,passed,0,0.0,9.5367431640625e-07,2.9802322387695312e-08,4.7213229663611855e-06,5.640883500745986e-06,4.7213229663611855e-06,5.640883500745986e-06,60048,0,full_state,passed,,20.83395195007324,,,,,,,1.0,,,,1.0
tilespmspv_cudagraph,microns_mm3,NVIDIA GeForce RTX 5090,2.11.0+cu128,12.8,default,0.15,condensed,,,,,063ae95eaabd81f5,0,60048,256,1,6965260,115.99487077005062,microns_mm3,0,4531,251.05142100284277,2.1643320893087554,0.6903498928976086,412.0,1353.0,1.0,0.01,0.05,0.0499997137706501,50.0,49.99971377065015,3002.3828125,3055.25,3072,365318.47265625,388188.0,399759,0.7670069297558849,0.7670069297558848,0.0787977264448286,1.023187312160914,sampled_16_timesteps_max_2048_sources,converged,5.764007568359375,0.05,0.049999713897705,2.8610229492465056e-07,True,20,SpMV,CUSPARSE_SPMV_ALG_DEFAULT,,,torch_cuda_event_cudagraph_replay,gpu_execution,full_rsnn,device_adapted,independent_inference,sparse_only,"(256, 1, 60048)","(256, 1, 60048)",60048,60048,1,1,BN,spmspv_csc_dense_device,spmspv_csc_dense_device,none,False,False,True,0,torch.int64,torch.float32,torch.float32,dense_device,,,False,False,False,False,False,True,1.0,240192,146273240,146273240,0,0,False,unknown,unknown,unknown,unknown,unknown,,5.75974417;5.74918413;5.753088;5.74988794;5.7469759;5.75103998;5.74755192;5.74780798;5.75107193;5.74684811;5.753088;5.75043201;5.75145578;5.75145578;5.75145578;5.74633598;5.74736023;5.74531221;5.74531221;5.74633598,20,5.749587202072144,0.0034619156853031,5.745312213897705,5.759744167327881,passed,0,0.0,9.5367431640625e-07,4.4703483581542975e-08,4.728926342068007e-06,8.247402547567617e-06,4.728926342068007e-06,8.247402547567617e-06,60048,0,full_state,passed,,5.749536037445068,,,,,,,,,,,3.6235883755467793
globalatomic_cudagraph,microns_mm3,NVIDIA GeForce RTX 5090,2.11.0+cu128,12.8,default,0.15,condensed,,,,,063ae95eaabd81f5,0,60048,256,1,6965260,115.99487077005062,microns_mm3,0,4531,251.05142100284277,2.1643320893087554,0.6903498928976086,412.0,1353.0,1.0,0.01,0.05,0.0499997137706501,50.0,49.99971377065015,3002.3828125,3055.25,3072,365318.47265625,388188.0,399759,0.7670069297558849,0.7670069297558848,0.0787977264448286,1.023187312160914,sampled_16_timesteps_max_2048_sources,converged,5.764007568359375,0.05,0.049999713897705,2.8610229492465056e-07,True,20,SpMV,CUSPARSE_SPMV_ALG_DEFAULT,,,torch_cuda_event_cudagraph_replay,gpu_execution,full_rsnn,device_adapted,independent_inference,sparse_only,"(256, 1, 60048)","(256, 1, 60048)",60048,60048,1,1,BN,spmspv_csc_dense_device,spmspv_csc_dense_device,none,False,False,True,0,torch.int64,torch.float32,torch.float32,dense_device,,,False,False,False,False,False,True,1.0,240192,146273240,146273240,0,0,False,unknown,unknown,unknown,unknown,unknown,,7.39024019;7.2750721;7.27609587;7.28134394;7.27622414;7.27712011;7.28230381;7.28336;7.27820778;7.28543997;7.27782393;7.27926397;7.27817583;7.27715206;7.27414417;7.27311993;7.27516794;7.27612782;7.27516794;7.2782402,20,7.2834895849227905,0.0253250154610968,7.273119926452637,7.39024019241333,passed,0,0.0,9.5367431640625e-07,4.4703483581542975e-08,4.709098902822007e-06,8.247402547567617e-06,4.709098902822007e-06,8.247402547567617e-06,60048,0,full_state,passed,,7.277487993240356,,,,,,,,,,,2.862794410574736
vdha_cudagraph,microns_mm3,NVIDIA GeForce RTX 5090,2.11.0+cu128,12.8,default,0.15,condensed,,,,,063ae95eaabd81f5,0,60048,256,1,6965260,115.99487077005062,microns_mm3,0,4531,251.05142100284277,2.1643320893087554,0.6903498928976086,412.0,1353.0,1.0,0.01,0.05,0.0499997137706501,50.0,49.99971377065015,3002.3828125,3055.25,3072,365318.47265625,388188.0,399759,0.7670069297558849,0.7670069297558848,0.0787977264448286,1.023187312160914,sampled_16_timesteps_max_2048_sources,converged,5.764007568359375,0.05,0.049999713897705,2.8610229492465056e-07,True,20,SpMV,CUSPARSE_SPMV_ALG_DEFAULT,,,torch_cuda_event_cudagraph_replay,gpu_execution,full_rsnn,device_adapted,independent_inference,sparse_only,"(256, 1, 60048)","(256, 1, 60048)",60048,60048,1,1,BN,spmspv_csc_dense_device,spmspv_csc_dense_device,none,False,False,True,0,torch.int64,torch.float32,torch.float32,dense_device,,,False,False,False,False,False,True,1.0,240192,146273240,146273240,0,0,False,unknown,unknown,unknown,unknown,unknown,,13.2928324;13.2583361;13.25424;13.2573757;13.2522564;13.2502079;13.2511683;13.2543364;13.2522879;13.2532158;13.2563524;13.2603836;13.2532482;13.2578564;13.2543039;13.2532797;13.2543039;13.2543039;13.2573757;13.25632,20,13.256699228286744,0.0088878528925432,13.250207901000977,13.292832374572754,passed,0,0.0,9.5367431640625e-07,4.4703483581542975e-08,4.627139333024388e-06,8.247402547567617e-06,4.627139333024388e-06,8.247402547567617e-06,60048,0,full_state,passed,,13.25430393218994,,,,,,,,,,,1.5718631515213002
persistent_spike_block,microns_mm3,NVIDIA GeForce RTX 5090,2.11.0+cu128,12.8,default,0.15,condensed,,,,,063ae95eaabd81f5,0,60048,256,1,6965260,115.99487077005062,microns_mm3,0,4531,251.05142100284277,2.1643320893087554,0.6903498928976086,412.0,1353.0,1.0,0.01,0.05,0.0499997137706501,50.0,49.99971377065015,3002.3828125,3055.25,3072,365318.47265625,388188.0,399759,0.7670069297558849,0.7670069297558848,0.0787977264448286,1.023187312160914,sampled_16_timesteps_max_2048_sources,converged,5.764007568359375,0.05,0.049999713897705,2.8610229492465056e-07,True,20,SpMV,CUSPARSE_SPMV_ALG_DEFAULT,,,torch_cuda_event,gpu_execution,full_rsnn,device_native,independent_inference,full_fusion,"(256, 1, 60048)","(256, 1, 60048)",60048,60048,1,1,BN,event_csr,event_csr,dense_to_events_precomputed,False,True,True,0,torch.int32,torch.float32,torch.float32,windowed_events,,,False,False,False,False,False,False,1.0,1636312,57058580,57058580,0,0,False,unknown,unknown,unknown,unknown,unknown,,4.87094402;4.72208023;4.81388807;4.72720003;4.81177616;4.72614384;4.81807995;4.7292161;4.81788778;4.73443222;4.8231678;4.73228788;4.82403183;4.73846388;4.82505608;4.73641586;4.82399988;4.73142385;4.81587219;4.73702383,20,4.777969574928283,0.0492541664898867,4.722080230712891,4.870944023132324,passed,0,0.0,1.7195940017700195e-05,6.258487701416016e-07,8.569113560952246e-05,0.0001189629911095,8.569113560952246e-05,0.0001189629911095,60048,0,full_state,passed,,4.77512001991272,,,,,,,4.363021633633001,,,,4.363021633633001
cusparse_direct_cudagraph,microns_mm3,NVIDIA GeForce RTX 5090,2.11.0+cu128,12.8,default,0.15,condensed,,,,,19a71e1313318ea8,1,60048,256,1,6965260,115.99487077005062,microns_mm3,1,4531,251.05142100284277,2.1643320893087554,0.6903498928976086,412.0,1353.0,1.0,0.0,0.0,0.0,0.0,0.0,0.0,0.0,0,0.0,0.0,0,0.0,0.0,0.0,0.0,exact,converged,50.0,0.0,0.0,0.0,True,20,SpMV,CUSPARSE_SPMV_ALG_DEFAULT,,,torch_cuda_event,gpu_execution,full_rsnn,device_native,independent_inference,sparse_only,"(256, 1, 60048)","(256, 1, 60048)",60048,60048,1,1,BN,csr_post_by_pre,csr_post_by_pre,none,False,False,True,0,torch.int32,torch.float32,torch.float32,dense,,,False,False,False,False,False,True,1.0,27216,179661156,179661156,0,0,False,unknown,unknown,unknown,unknown,unknown,,20.8879032;20.83008;20.8360004;20.8319035;20.8360004;20.8278084;20.8380489;20.8216648;20.8319035;20.8216648;20.8298569;20.8216648;20.8278084;20.8185921;20.8298569;20.8175678;20.8237114;20.8175678;20.8237114;20.8278084,20,20.830056190490723,0.0149349400737906,20.817567825317383,20.887903213500977,passed,0,0.0,0.0,0.0,0.0,0.0,0.0,0.0,60048,0,full_state,passed,,20.827808380126957,,,,,,,1.0,,,,1.0
tilespmspv_cudagraph,microns_mm3,NVIDIA GeForce RTX 5090,2.11.0+cu128,12.8,default,0.15,condensed,,,,,19a71e1313318ea8,1,60048,256,1,6965260,115.99487077005062,microns_mm3,1,4531,251.05142100284277,2.1643320893087554,0.6903498928976086,412.0,1353.0,1.0,0.0,0.0,0.0,0.0,0.0,0.0,0.0,0,0.0,0.0,0,0.0,0.0,0.0,0.0,exact,converged,50.0,0.0,0.0,0.0,True,20,SpMV,CUSPARSE_SPMV_ALG_DEFAULT,,,torch_cuda_event_cudagraph_replay,gpu_execution,full_rsnn,device_adapted,independent_inference,sparse_only,"(256, 1, 60048)","(256, 1, 60048)",60048,60048,1,1,BN,spmspv_csc_dense_device,spmspv_csc_dense_device,none,False,False,True,0,torch.int64,torch.float32,torch.float32,dense_device,,,False,False,False,False,False,True,1.0,240192,146273240,146273240,0,0,False,unknown,unknown,unknown,unknown,unknown,,4.97369623;4.9490242;4.94415998;4.94515181;4.94582415;4.94591999;4.94710398;4.94511986;4.946208;4.94716787;4.94719982;4.94863987;4.9476161;4.94652796;4.9476161;4.94556808;4.94655991;4.9476161;4.9476161;4.95068789,20,4.94825119972229,0.0061730429459356,4.944159984588623,4.973696231842041,passed,0,0.0,0.0,0.0,0.0,0.0,0.0,0.0,60048,0,full_state,passed,,4.947135925292969,,,,,,,,,,,4.2100740094165765
globalatomic_cudagraph,microns_mm3,NVIDIA GeForce RTX 5090,2.11.0+cu128,12.8,default,0.15,condensed,,,,,19a71e1313318ea8,1,60048,256,1,6965260,115.99487077005062,microns_mm3,1,4531,251.05142100284277,2.1643320893087554,0.6903498928976086,412.0,1353.0,1.0,0.0,0.0,0.0,0.0,0.0,0.0,0.0,0,0.0,0.0,0,0.0,0.0,0.0,0.0,exact,converged,50.0,0.0,0.0,0.0,True,20,SpMV,CUSPARSE_SPMV_ALG_DEFAULT,,,torch_cuda_event_cudagraph_replay,gpu_execution,full_rsnn,device_adapted,independent_inference,sparse_only,"(256, 1, 60048)","(256, 1, 60048)",60048,60048,1,1,BN,spmspv_csc_dense_device,spmspv_csc_dense_device,none,False,False,True,0,torch.int64,torch.float32,torch.float32,dense_device,,,False,False,False,False,False,True,1.0,240192,146273240,146273240,0,0,False,unknown,unknown,unknown,unknown,unknown,,7.25846386;7.2484479;7.24742413;7.24851179;7.24956799;7.24652815;7.24953604;7.24854422;7.24944019;7.2484479;7.24607992;7.24956799;7.2464962;7.24956799;7.24854422;7.24956799;7.25059223;7.251616;7.2464962;7.24547195,20,7.248945641517639,0.0027532241583546,7.245471954345703,7.2584638595581055,passed,0,0.0,0.0,0.0,0.0,0.0,0.0,0.0,60048,0,full_state,passed,,7.248544216156006,,,,,,,,,,,2.8733781238037617
vdha_cudagraph,microns_mm3,NVIDIA GeForce RTX 5090,2.11.0+cu128,12.8,default,0.15,condensed,,,,,19a71e1313318ea8,1,60048,256,1,6965260,115.99487077005062,microns_mm3,1,4531,251.05142100284277,2.1643320893087554,0.6903498928976086,412.0,1353.0,1.0,0.0,0.0,0.0,0.0,0.0,0.0,0.0,0,0.0,0.0,0,0.0,0.0,0.0,0.0,exact,converged,50.0,0.0,0.0,0.0,True,20,SpMV,CUSPARSE_SPMV_ALG_DEFAULT,,,torch_cuda_event_cudagraph_replay,gpu_execution,full_rsnn,device_adapted,independent_inference,sparse_only,"(256, 1, 60048)","(256, 1, 60048)",60048,60048,1,1,BN,spmspv_csc_dense_device,spmspv_csc_dense_device,none,False,False,True,0,torch.int64,torch.float32,torch.float32,dense_device,,,False,False,False,False,False,True,1.0,240192,146273240,146273240,0,0,False,unknown,unknown,unknown,unknown,unknown,,6.11286402;6.09987211;6.09756804;6.0995841;6.09552002;6.09350395;6.09548807;6.09337616;6.09766388;6.09545612;6.09443188;6.09548807;6.09753609;6.09299183;6.09961605;6.09756804;6.093472;6.09756804;6.09548807;6.09756804,20,6.09713122844696,0.0042735751595144,6.092991828918457,6.112864017486572,passed,0,0.0,0.0,0.0,0.0,0.0,0.0,0.0,60048,0,full_state,passed,,6.096528053283691,,,,,,,,,,,3.416339299695135
persistent_spike_block,microns_mm3,NVIDIA GeForce RTX 5090,2.11.0+cu128,12.8,default,0.15,condensed,,,,,19a71e1313318ea8,1,60048,256,1,6965260,115.99487077005062,microns_mm3,1,4531,251.05142100284277,2.1643320893087554,0.6903498928976086,412.0,1353.0,1.0,0.0,0.0,0.0,0.0,0.0,0.0,0.0,0,0.0,0.0,0,0.0,0.0,0.0,0.0,exact,converged,50.0,0.0,0.0,0.0,True,20,SpMV,CUSPARSE_SPMV_ALG_DEFAULT,,,torch_cuda_event,gpu_execution,full_rsnn,device_native,independent_inference,full_fusion,"(256, 1, 60048)","(256, 1, 60048)",60048,60048,1,1,BN,event_csr,event_csr,dense_to_events_precomputed,False,True,True,0,torch.int32,torch.float32,torch.float32,windowed_events,,,False,False,False,False,False,False,1.0,1636312,56443688,56443688,0,0,False,unknown,unknown,unknown,unknown,unknown,,1.61606395;1.57395196;1.57529604;1.57280004;1.57737601;1.57593596;1.57529604;1.57603204;1.57532799;1.57491195;1.57529604;1.57382405;1.57529604;1.57494402;1.57529604;1.57174397;1.57532799;1.57283199;1.57491195;1.57388794,20,1.5768176019191742,0.0093253841199537,1.5717439651489258,1.616063952445984,passed,0,0.0,0.0,0.0,0.0,0.0,0.0,0.0,60048,0,full_state,passed,,1.5752960443496704,,,,,,,13.221520142091958,,,,13.221520142091958
cusparse_direct_cudagraph,microns_mm3,NVIDIA GeForce RTX 5090,2.11.0+cu128,12.8,default,0.15,condensed,,,,,22f42256a0a59be2,1,60048,256,1,6965260,115.99487077005062,microns_mm3,1,4531,251.05142100284277,2.1643320893087554,0.6903498928976086,412.0,1353.0,1.0,0.0001,0.0001,9.99851160738076e-05,0.1,0.0999851160738076,6.00390625,6.0,7,748.4609375,2187.25,4724,0.0054242858850075,0.020522533022533,0.0103895376855376,1.16590761223162,exact,converged,1.5625,0.0001,9.998511814046652e-05,1.4881859533493544e-08,True,20,SpMV,CUSPARSE_SPMV_ALG_DEFAULT,,,torch_cuda_event,gpu_execution,full_rsnn,device_native,independent_inference,sparse_only,"(256, 1, 60048)","(256, 1, 60048)",60048,60048,1,1,BN,csr_post_by_pre,csr_post_by_pre,none,False,False,True,0,torch.int32,torch.float32,torch.float32,dense,,,False,False,False,False,False,True,1.0,27216,179661156,179661156,0,0,False,unknown,unknown,unknown,unknown,unknown,,20.8675194;20.8381767;20.8482876;20.8503361;20.8482876;20.8380489;20.8298569;20.8257599;20.8298569;20.8380489;20.8339195;20.8380489;20.842144;20.833952;20.8472633;20.8360004;20.8400955;20.8441925;20.8319035;20.8257599,20,20.83937292098999,0.0098669215708661,20.825759887695312,20.86751937866211,passed,0,0.0,5.960464477539064e-08,4.656612873077393e-10,2.968568537653482e-07,9.304315540248352e-08,2.968568537653482e-07,9.304315540248352e-08,60048,0,full_state,passed,,20.838048934936523,,,,,,,1.0,,,,1.0
tilespmspv_cudagraph,microns_mm3,NVIDIA GeForce RTX 5090,2.11.0+cu128,12.8,default,0.15,condensed,,,,,22f42256a0a59be2,1,60048,256,1,6965260,115.99487077005062,microns_mm3,1,4531,251.05142100284277,2.1643320893087554,0.6903498928976086,412.0,1353.0,1.0,0.0001,0.0001,9.99851160738076e-05,0.1,0.0999851160738076,6.00390625,6.0,7,748.4609375,2187.25,4724,0.0054242858850075,0.020522533022533,0.0103895376855376,1.16590761223162,exact,converged,1.5625,0.0001,9.998511814046652e-05,1.4881859533493544e-08,True,20,SpMV,CUSPARSE_SPMV_ALG_DEFAULT,,,torch_cuda_event_cudagraph_replay,gpu_execution,full_rsnn,device_adapted,independent_inference,sparse_only,"(256, 1, 60048)","(256, 1, 60048)",60048,60048,1,1,BN,spmspv_csc_dense_device,spmspv_csc_dense_device,none,False,False,True,0,torch.int64,torch.float32,torch.float32,dense_device,,,False,False,False,False,False,True,1.0,240192,146273240,146273240,0,0,False,unknown,unknown,unknown,unknown,unknown,,5.11670399;5.08252811;5.08531189;5.0822401;5.08172798;5.08489609;5.08063984;5.08326387;5.08636808;5.08137608;5.08432007;5.08380795;5.08278418;5.08688021;5.08380795;5.08483219;5.08380795;5.08483219;5.08175993;5.08278418,20,5.0852336406707765,0.0075889693938006,5.080639839172363,5.116703987121582,passed,0,0.0,0.0,0.0,0.0,0.0,0.0,0.0,60048,0,full_state,passed,,5.083807945251465,,,,,,,,,,,4.098905615504283
globalatomic_cudagraph,microns_mm3,NVIDIA GeForce RTX 5090,2.11.0+cu128,12.8,default,0.15,condensed,,,,,22f42256a0a59be2,1,60048,256,1,6965260,115.99487077005062,microns_mm3,1,4531,251.05142100284277,2.1643320893087554,0.6903498928976086,412.0,1353.0,1.0,0.0001,0.0001,9.99851160738076e-05,0.1,0.0999851160738076,6.00390625,6.0,7,748.4609375,2187.25,4724,0.0054242858850075,0.020522533022533,0.0103895376855376,1.16590761223162,exact,converged,1.5625,0.0001,9.998511814046652e-05,1.4881859533493544e-08,True,20,SpMV,CUSPARSE_SPMV_ALG_DEFAULT,,,torch_cuda_event_cudagraph_replay,gpu_execution,full_rsnn,device_adapted,independent_inference,sparse_only,"(256, 1, 60048)","(256, 1, 60048)",60048,60048,1,1,BN,spmspv_csc_dense_device,spmspv_csc_dense_device,none,False,False,True,0,torch.int64,torch.float32,torch.float32,dense_device,,,False,False,False,False,False,True,1.0,240192,146273240,146273240,0,0,False,unknown,unknown,unknown,unknown,unknown,,7.27558422;7.2520318;7.25721598;7.25478411;7.25980806;7.25619221;7.25516796;7.25424004;7.25580788;7.25622416;7.25321579;7.25670385;7.2567358;7.251616;7.25667191;7.25571203;7.25059223;7.25366402;7.25468779;7.25980806,20,7.256323194503784,0.0051198165194404,7.250592231750488,7.2755842208862305,passed,0,0.0,0.0,0.0,0.0,0.0,0.0,0.0,60048,0,full_state,passed,,7.255759954452515,,,,,,,,,,,2.8719319638116203
vdha_cudagraph,microns_mm3,NVIDIA GeForce RTX 5090,2.11.0+cu128,12.8,default,0.15,condensed,,,,,22f42256a0a59be2,1,60048,256,1,6965260,115.99487077005062,microns_mm3,1,4531,251.05142100284277,2.1643320893087554,0.6903498928976086,412.0,1353.0,1.0,0.0001,0.0001,9.99851160738076e-05,0.1,0.0999851160738076,6.00390625,6.0,7,748.4609375,2187.25,4724,0.0054242858850075,0.020522533022533,0.0103895376855376,1.16590761223162,exact,converged,1.5625,0.0001,9.998511814046652e-05,1.4881859533493544e-08,True,20,SpMV,CUSPARSE_SPMV_ALG_DEFAULT,,,torch_cuda_event_cudagraph_replay,gpu_execution,full_rsnn,device_adapted,independent_inference,sparse_only,"(256, 1, 60048)","(256, 1, 60048)",60048,60048,1,1,BN,spmspv_csc_dense_device,spmspv_csc_dense_device,none,False,False,True,0,torch.int64,torch.float32,torch.float32,dense_device,,,False,False,False,False,False,True,1.0,240192,146273240,146273240,0,0,False,unknown,unknown,unknown,unknown,unknown,,8.03030396;8.01158428;8.01555157;8.01132774;8.00947189;8.0102396;8.01350403;8.01344013;8.01148796;8.00924778;8.0134716;8.01254368;8.01532841;8.01296043;8.01142406;8.0134716;8.00425625;8.01136017;8.00937557;8.00937557,20,8.01248631477356,0.0049006765503114,8.004256248474121,8.030303955078125,passed,0,0.0,0.0,0.0,0.0,0.0,0.0,0.0,60048,0,full_state,passed,,8.011536121368408,,,,,,,,,,,2.601005427580508
persistent_spike_block,microns_mm3,NVIDIA GeForce RTX 5090,2.11.0+cu128,12.8,default,0.15,condensed,,,,,22f42256a0a59be2,1,60048,256,1,6965260,115.99487077005062,microns_mm3,1,4531,251.05142100284277,2.1643320893087554,0.6903498928976086,412.0,1353.0,1.0,0.0001,0.0001,9.99851160738076e-05,0.1,0.0999851160738076,6.00390625,6.0,7,748.4609375,2187.25,4724,0.0054242858850075,0.020522533022533,0.0103895376855376,1.16590761223162,exact,converged,1.5625,0.0001,9.998511814046652e-05,1.4881859533493544e-08,True,20,SpMV,CUSPARSE_SPMV_ALG_DEFAULT,,,torch_cuda_event,gpu_execution,full_rsnn,device_native,independent_inference,full_fusion,"(256, 1, 60048)","(256, 1, 60048)",60048,60048,1,1,BN,event_csr,event_csr,dense_to_events_precomputed,False,True,True,0,torch.int32,torch.float32,torch.float32,windowed_events,,,False,False,False,False,False,False,1.0,1636312,56449836,56449836,0,0,False,unknown,unknown,unknown,unknown,unknown,,2.70553589;2.62143993;2.61980796;2.62230396;2.62694407;2.62249589;2.62188792;2.62240005;2.624928;2.62460804;2.62796807;2.61939192;2.62182403;2.62044811;2.61775994;2.62127995;2.62387204;2.62659192;2.62143993;2.6235199,20,2.6268223762512206,0.0187071007840433,2.617759943008423,2.705535888671875,passed,0,0.0,5.960464477539064e-08,1.1641532182693479e-10,2.968568537653482e-07,2.3276944816075232e-08,2.968568537653482e-07,2.3276944816075232e-08,60048,0,full_state,passed,,2.6223520040512085,,,,,,,7.946320289093273,,,,7.946320289093273
cusparse_direct_cudagraph,microns_mm3,NVIDIA GeForce RTX 5090,2.11.0+cu128,12.8,default,0.15,condensed,,,,,18045cafb2b94c3f,1,60048,256,1,6965260,115.99487077005062,microns_mm3,1,4531,251.05142100284277,2.1643320893087554,0.6903498928976086,412.0,1353.0,1.0,0.0002,0.0002,0.0001999702321476,0.2,0.1999702321476152,12.0078125,12.0,14,1467.44140625,3276.25,5443,0.012502300459789,0.0355524543549835,0.0103895376855376,1.16590761223162,exact,converged,1.5625,0.0002,0.0001999702362809,2.9763719066987085e-08,True,20,SpMV,CUSPARSE_SPMV_ALG_DEFAULT,,,torch_cuda_event,gpu_execution,full_rsnn,device_native,independent_inference,sparse_only,"(256, 1, 60048)","(256, 1, 60048)",60048,60048,1,1,BN,csr_post_by_pre,csr_post_by_pre,none,False,False,True,0,torch.int32,torch.float32,torch.float32,dense,,,False,False,False,False,False,True,1.0,27216,179661156,179661156,0,0,False,unknown,unknown,unknown,unknown,unknown,,20.8893757;20.8483849;20.8360004;20.8441925;20.8298569;20.8482876;20.8400955;20.8298569;20.8278084;20.8237114;20.8196163;20.8257599;20.8298569;20.8257599;20.8288326;20.8319035;20.8196163;20.8298569;20.833952;20.833952,20,20.834833812713622,0.0152215224522694,20.819616317749023,20.889375686645508,passed,0,0.0,5.960464477539064e-08,9.313225746154783e-10,2.970249965983385e-07,1.8543406099524878e-07,2.970249965983385e-07,1.8543406099524878e-07,60048,0,full_state,passed,,20.829856872558597,,,,,,,1.0,,,,1.0
tilespmspv_cudagraph,microns_mm3,NVIDIA GeForce RTX 5090,2.11.0+cu128,12.8,default,0.15,condensed,,,,,18045cafb2b94c3f,1,60048,256,1,6965260,115.99487077005062,microns_mm3,1,4531,251.05142100284277,2.1643320893087554,0.6903498928976086,412.0,1353.0,1.0,0.0002,0.0002,0.0001999702321476,0.2,0.1999702321476152,12.0078125,12.0,14,1467.44140625,3276.25,5443,0.012502300459789,0.0355524543549835,0.0103895376855376,1.16590761223162,exact,converged,1.5625,0.0002,0.0001999702362809,2.9763719066987085e-08,True,20,SpMV,CUSPARSE_SPMV_ALG_DEFAULT,,,torch_cuda_event_cudagraph_replay,gpu_execution,full_rsnn,device_adapted,independent_inference,sparse_only,"(256, 1, 60048)","(256, 1, 60048)",60048,60048,1,1,BN,spmspv_csc_dense_device,spmspv_csc_dense_device,none,False,False,True,0,torch.int64,torch.float32,torch.float32,dense_device,,,False,False,False,False,False,True,1.0,240192,146273240,146273240,0,0,False,unknown,unknown,unknown,unknown,unknown,,5.16896009;5.16307211;5.17123222;5.17248011;5.169312;5.17094421;5.17132807;5.17491198;5.17545605;5.17456007;5.16943979;5.170784;5.17187214;5.17289591;5.17084789;5.17187214;5.17699194;5.17187214;5.17289591;5.17392015,20,5.171782445907593,0.0029398574059671,5.163072109222412,5.176991939544678,passed,0,0.0,1.0913936421275139e-10,0.0,5.456963769745471e-10,0.0,5.456963769745471e-10,0.0,60048,0,full_state,passed,,5.171872138977051,,,,,,,,,,,4.027527423885338
globalatomic_cudagraph,microns_mm3,NVIDIA GeForce RTX 5090,2.11.0+cu128,12.8,default,0.15,condensed,,,,,18045cafb2b94c3f,1,60048,256,1,6965260,115.99487077005062,microns_mm3,1,4531,251.05142100284277,2.1643320893087554,0.6903498928976086,412.0,1353.0,1.0,0.0002,0.0002,0.0001999702321476,0.2,0.1999702321476152,12.0078125,12.0,14,1467.44140625,3276.25,5443,0.012502300459789,0.0355524543549835,0.0103895376855376,1.16590761223162,exact,converged,1.5625,0.0002,0.0001999702362809,2.9763719066987085e-08,True,20,SpMV,CUSPARSE_SPMV_ALG_DEFAULT,,,torch_cuda_event_cudagraph_replay,gpu_execution,full_rsnn,device_adapted,independent_inference,sparse_only,"(256, 1, 60048)","(256, 1, 60048)",60048,60048,1,1,BN,spmspv_csc_dense_device,spmspv_csc_dense_device,none,False,False,True,0,torch.int64,torch.float32,torch.float32,dense_device,,,False,False,False,False,False,True,1.0,240192,146273240,146273240,0,0,False,unknown,unknown,unknown,unknown,unknown,,7.2750721;7.26281595;7.26787186;7.27510405;7.27424002;7.27504015;7.2740798;7.27100801;7.27203178;7.27724791;7.27564812;7.27516794;7.27619219;7.27926397;7.27513599;7.27414417;7.27107191;7.27004814;7.27926397;7.27414417,20,7.273729610443115,0.0038243791049739,7.262815952301025,7.279263973236084,passed,0,0.0,1.0913936421275139e-10,0.0,5.456963769745471e-10,0.0,5.456963769745471e-10,0.0,60048,0,full_state,passed,,7.274640083312988,,,,,,,,,,,2.8633522255402557
vdha_cudagraph,microns_mm3,NVIDIA GeForce RTX 5090,2.11.0+cu128,12.8,default,0.15,condensed,,,,,18045cafb2b94c3f,1,60048,256,1,6965260,115.99487077005062,microns_mm3,1,4531,251.05142100284277,2.1643320893087554,0.6903498928976086,412.0,1353.0,1.0,0.0002,0.0002,0.0001999702321476,0.2,0.1999702321476152,12.0078125,12.0,14,1467.44140625,3276.25,5443,0.012502300459789,0.0355524543549835,0.0103895376855376,1.16590761223162,exact,converged,1.5625,0.0002,0.0001999702362809,2.9763719066987085e-08,True,20,SpMV,CUSPARSE_SPMV_ALG_DEFAULT,,,torch_cuda_event_cudagraph_replay,gpu_execution,full_rsnn,device_adapted,independent_inference,sparse_only,"(256, 1, 60048)","(256, 1, 60048)",60048,60048,1,1,BN,spmspv_csc_dense_device,spmspv_csc_dense_device,none,False,False,True,0,torch.int64,torch.float32,torch.float32,dense_device,,,False,False,False,False,False,True,1.0,240192,146273240,146273240,0,0,False,unknown,unknown,unknown,unknown,unknown,,9.34726429;9.33273602;9.3391037;9.33398438;9.33759975;9.33635235;9.33878422;9.33606434;9.33891201;9.34070396;9.33798409;9.3390398;9.33635235;9.33916759;9.33648014;9.33750439;9.33443165;9.33545589;9.33852768;9.33343983,20,9.33749442100525,0.0031551297083712,9.332736015319824,9.347264289855955,passed,0,0.0,9.313225746154783e-10,2.3283064365386963e-10,4.65626470713687e-09,4.6521012819766845e-08,4.65626470713687e-09,4.6521012819766845e-08,60048,0,full_state,passed,,9.337552070617676,,,,,,,,,,,2.230762057874201
persistent_spike_block,microns_mm3,NVIDIA GeForce RTX 5090,2.11.0+cu128,12.8,default,0.15,condensed,,,,,18045cafb2b94c3f,1,60048,256,1,6965260,115.99487077005062,microns_mm3,1,4531,251.05142100284277,2.1643320893087554,0.6903498928976086,412.0,1353.0,1.0,0.0002,0.0002,0.0001999702321476,0.2,0.1999702321476152,12.0078125,12.0,14,1467.44140625,3276.25,5443,0.012502300459789,0.0355524543549835,0.0103895376855376,1.16590761223162,exact,converged,1.5625,0.0002,0.0001999702362809,2.9763719066987085e-08,True,20,SpMV,CUSPARSE_SPMV_ALG_DEFAULT,,,torch_cuda_event,gpu_execution,full_rsnn,device_native,independent_inference,full_fusion,"(256, 1, 60048)","(256, 1, 60048)",60048,60048,1,1,BN,event_csr,event_csr,dense_to_events_precomputed,False,True,True,0,torch.int32,torch.float32,torch.float32,windowed_events,,,False,False,False,False,False,False,1.0,1636312,56455984,56455984,0,0,False,unknown,unknown,unknown,unknown,unknown,,3.11494398;3.07852793;3.07705593;3.07647991;3.08115196;3.07852793;3.07507205;3.07647991;3.07507205;3.07644796;3.08323193;3.07657599;3.07507205;3.07647991;3.0750401;3.07955194;3.07814407;3.07753611;3.08019209;3.07407999,20,3.07928318977356,0.0087037417524527,3.074079990386963,3.1149439811706543,passed,0,0.0,5.960464477539064e-08,9.313225746154783e-10,2.970249965983385e-07,1.852026656479211e-07,2.970249965983385e-07,1.852026656479211e-07,60048,0,full_state,passed,,3.076815962791443,,,,,,,6.76993915933168,,,,6.76993915933168
cusparse_direct_cudagraph,microns_mm3,NVIDIA GeForce RTX 5090,2.11.0+cu128,12.8,default,0.15,condensed,,,,,0fb8c2b3897fb226,1,60048,256,1,6965260,115.99487077005062,microns_mm3,1,4531,251.05142100284277,2.1643320893087554,0.6903498928976086,412.0,1353.0,1.0,0.0005,0.0005,0.000499990632494,0.5,0.4999906324940048,30.0234375,30.0,38,3447.27734375,6248.5,8527,0.0390220316124896,0.0796728815978489,0.0183685577972553,1.2656778558417905,exact,converged,1.5625,0.0005,0.0004999906523153,9.347684681425966e-09,True,20,SpMV,CUSPARSE_SPMV_ALG_DEFAULT,,,torch_cuda_event,gpu_execution,full_rsnn,device_native,independent_inference,sparse_only,"(256, 1, 60048)","(256, 1, 60048)",60048,60048,1,1,BN,csr_post_by_pre,csr_post_by_pre,none,False,False,True,0,torch.int32,torch.float32,torch.float32,dense,,,False,False,False,False,False,True,1.0,27216,179661156,179661156,0,0,False,unknown,unknown,unknown,unknown,unknown,,20.8560009;20.8363514;20.8462391;20.842144;20.8380489;20.8482876;20.8400326;20.8482876;20.8441925;20.8441925;20.8319035;20.833952;20.8360004;20.8400955;20.8308792;20.8380489;20.8441925;20.8257599;20.8298569;20.8216648,20,20.838806533813475,0.0083516809912358,20.821664810180664,20.856000900268555,passed,0,0.0,5.960464477539064e-08,9.313225746154783e-10,2.9664383305316733e-07,1.857537483829219e-07,2.9664383305316733e-07,1.857537483829219e-07,60048,0,full_state,passed,,20.839040756225582,,,,,,,1.0,,,,1.0
tilespmspv_cudagraph,microns_mm3,NVIDIA GeForce RTX 5090,2.11.0+cu128,12.8,default,0.15,condensed,,,,,0fb8c2b3897fb226,1,60048,256,1,6965260,115.99487077005062,microns_mm3,1,4531,251.05142100284277,2.1643320893087554,0.6903498928976086,412.0,1353.0,1.0,0.0005,0.0005,0.000499990632494,0.5,0.4999906324940048,30.0234375,30.0,38,3447.27734375,6248.5,8527,0.0390220316124896,0.0796728815978489,0.0183685577972553,1.2656778558417905,exact,converged,1.5625,0.0005,0.0004999906523153,9.347684681425966e-09,True,20,SpMV,CUSPARSE_SPMV_ALG_DEFAULT,,,torch_cuda_event_cudagraph_replay,gpu_execution,full_rsnn,device_adapted,independent_inference,sparse_only,"(256, 1, 60048)","(256, 1, 60048)",60048,60048,1,1,BN,spmspv_csc_dense_device,spmspv_csc_dense_device,none,False,False,True,0,torch.int64,torch.float32,torch.float32,dense_device,,,False,False,False,False,False,True,1.0,240192,146273240,146273240,0,0,False,unknown,unknown,unknown,unknown,unknown,,5.24348783;5.22761583;5.23289585;5.22976017;5.22883177;5.22156811;5.22870398;5.22761583;5.22470379;5.22976017;5.22678423;5.22819185;5.22716808;5.23023987;5.23126411;5.23228788;5.23126411;5.22819185;5.2292161;5.23023987,20,5.22948956489563,0.0041853824387407,5.2215681076049805,5.24348783493042,passed,0,0.0,3.725290298461914e-09,9.313225746154783e-10,1.8621451047806662e-08,1.8563700621143653e-07,1.8621451047806662e-08,1.8563700621143653e-07,60048,0,full_state,passed,,5.2290239334106445,,,,,,,,,,,3.985263984560359
globalatomic_cudagraph,microns_mm3,NVIDIA GeForce RTX 5090,2.11.0+cu128,12.8,default,0.15,condensed,,,,,0fb8c2b3897fb226,1,60048,256,1,6965260,115.99487077005062,microns_mm3,1,4531,251.05142100284277,2.1643320893087554,0.6903498928976086,412.0,1353.0,1.0,0.0005,0.0005,0.000499990632494,0.5,0.4999906324940048,30.0234375,30.0,38,3447.27734375,6248.5,8527,0.0390220316124896,0.0796728815978489,0.0183685577972553,1.2656778558417905,exact,converged,1.5625,0.0005,0.0004999906523153,9.347684681425966e-09,True,20,SpMV,CUSPARSE_SPMV_ALG_DEFAULT,,,torch_cuda_event_cudagraph_replay,gpu_execution,full_rsnn,device_adapted,independent_inference,sparse_only,"(256, 1, 60048)","(256, 1, 60048)",60048,60048,1,1,BN,spmspv_csc_dense_device,spmspv_csc_dense_device,none,False,False,True,0,torch.int64,torch.float32,torch.float32,dense_device,,,False,False,False,False,False,True,1.0,240192,146273240,146273240,0,0,False,unknown,unknown,unknown,unknown,unknown,,7.31782389;7.29782391;7.30230379;7.30128002;7.30448008;7.30195189;7.29817581;7.30134392;7.29871988;7.29980803;7.30019188;7.29974413;7.3007679;7.29974413;7.300704;7.29974413;7.30486393;7.29968023;7.29462385;7.2956481,20,7.300971174240113,0.0046685933611945,7.294623851776123,7.317823886871338,passed,0,0.0,1.862645149230957e-09,2.3283064365386963e-10,9.311212245677325e-09,4.6533575215335083e-08,9.311212245677325e-09,4.6533575215335083e-08,60048,0,full_state,passed,,7.299999952316284,,,,,,,,,,,2.854663135937881
vdha_cudagraph,microns_mm3,NVIDIA GeForce RTX 5090,2.11.0+cu128,12.8,default,0.15,condensed,,,,,0fb8c2b3897fb226,1,60048,256,1,6965260,115.99487077005062,microns_mm3,1,4531,251.05142100284277,2.1643320893087554,0.6903498928976086,412.0,1353.0,1.0,0.0005,0.0005,0.000499990632494,0.5,0.4999906324940048,30.0234375,30.0,38,3447.27734375,6248.5,8527,0.0390220316124896,0.0796728815978489,0.0183685577972553,1.2656778558417905,exact,converged,1.5625,0.0005,0.0004999906523153,9.347684681425966e-09,True,20,SpMV,CUSPARSE_SPMV_ALG_DEFAULT,,,torch_cuda_event_cudagraph_replay,gpu_execution,full_rsnn,device_adapted,independent_inference,sparse_only,"(256, 1, 60048)","(256, 1, 60048)",60048,60048,1,1,BN,spmspv_csc_dense_device,spmspv_csc_dense_device,none,False,False,True,0,torch.int64,torch.float32,torch.float32,dense_device,,,False,False,False,False,False,True,1.0,240192,146273240,146273240,0,0,False,unknown,unknown,unknown,unknown,unknown,,11.3129597;11.2912636;11.2984324;11.2912636;11.2871675;11.294528;11.2931519;11.2923517;11.2933121;11.2913284;11.2922239;11.2953281;11.2912636;11.2918081;11.2933435;11.2943678;11.291296;11.2933435;11.2984638;11.2892485,20,11.293822288513184,0.0052289138274141,11.2871675491333,11.312959671020508,passed,0,0.0,7.450580596923828e-09,4.656612873077393e-10,3.722751884538411e-08,9.295471414816349e-08,3.722751884538411e-08,9.295471414816349e-08,60048,0,full_state,passed,,11.292751789093018,,,,,,,,,,,1.845346567906748
persistent_spike_block,microns_mm3,NVIDIA GeForce RTX 5090,2.11.0+cu128,12.8,default,0.15,condensed,,,,,0fb8c2b3897fb226,1,60048,256,1,6965260,115.99487077005062,microns_mm3,1,4531,251.05142100284277,2.1643320893087554,0.6903498928976086,412.0,1353.0,1.0,0.0005,0.0005,0.000499990632494,0.5,0.4999906324940048,30.0234375,30.0,38,3447.27734375,6248.5,8527,0.0390220316124896,0.0796728815978489,0.0183685577972553,1.2656778558417905,exact,converged,1.5625,0.0005,0.0004999906523153,9.347684681425966e-09,True,20,SpMV,CUSPARSE_SPMV_ALG_DEFAULT,,,torch_cuda_event,gpu_execution,full_rsnn,device_native,independent_inference,full_fusion,"(256, 1, 60048)","(256, 1, 60048)",60048,60048,1,1,BN,event_csr,event_csr,dense_to_events_precomputed,False,True,True,0,torch.int32,torch.float32,torch.float32,windowed_events,,,False,False,False,False,False,False,1.0,1636312,56474432,56474432,0,0,False,unknown,unknown,unknown,unknown,unknown,,3.5931201;3.54406404;3.5465281;3.54611206;3.54448009;3.54710388;3.53731203;3.54707193;3.5444479;3.55020809;3.54857612;3.55024004;3.55062389;3.54611206;3.54758406;3.54201603;3.54348803;3.54614401;3.54716802;3.54406404,20,3.548323225975037,0.0109844447419338,3.5373120307922363,3.5931200981140137,passed,0,0.0,5.960464477539064e-08,9.313225746154783e-10,2.9664383305316733e-07,1.856695206470249e-07,2.9664383305316733e-07,1.856695206470249e-07,60048,0,full_state,passed,,3.546336054801941,,,,,,,5.876217153196279,,,,5.876217153196279
cusparse_direct_cudagraph,microns_mm3,NVIDIA GeForce RTX 5090,2.11.0+cu128,12.8,default,0.15,condensed,,,,,dd73c443de6a89a2,1,60048,256,1,6965260,115.99487077005062,microns_mm3,1,4531,251.05142100284277,2.1643320893087554,0.6903498928976086,412.0,1353.0,1.0,0.001,0.001,0.000999981264988,1.0,0.9999812649880097,60.046875,60.0,90,6952.45703125,10621.75,14184,0.0785617824672151,0.1331415810429668,0.035897187226065,1.4988290398126465,exact,converged,1.5625,0.001,0.0009999813046306,1.869536936285193e-08,True,20,SpMV,CUSPARSE_SPMV_ALG_DEFAULT,,,torch_cuda_event,gpu_execution,full_rsnn,device_native,independent_inference,sparse_only,"(256, 1, 60048)","(256, 1, 60048)",60048,60048,1,1,BN,csr_post_by_pre,csr_post_by_pre,none,False,False,True,0,torch.int32,torch.float32,torch.float32,dense,,,False,False,False,False,False,True,1.0,27216,179661156,179661156,0,0,False,unknown,unknown,unknown,unknown,unknown,,20.8703995;20.8424969;20.8360004;20.8380489;20.8380489;20.8380489;20.833952;20.8338871;20.8400955;20.8319035;20.8216648;20.833952;20.833952;20.8298569;20.8246727;20.8278084;20.8319035;20.8237114;20.8256969;20.8298569,20,20.8342978477478,0.0102112231587468,20.821664810180664,20.870399475097656,passed,0,0.0,8.940696716308595e-08,9.313225746154783e-10,4.4513367924992053e-07,1.8603776652525997e-07,4.4513367924992053e-07,1.8603776652525997e-07,60048,0,full_state,passed,,20.833919525146484,,,,,,,1.0,,,,1.0
tilespmspv_cudagraph,microns_mm3,NVIDIA GeForce RTX 5090,2.11.0+cu128,12.8,default,0.15,condensed,,,,,dd73c443de6a89a2,1,60048,256,1,6965260,115.99487077005062,microns_mm3,1,4531,251.05142100284277,2.1643320893087554,0.6903498928976086,412.0,1353.0,1.0,0.001,0.001,0.000999981264988,1.0,0.9999812649880097,60.046875,60.0,90,6952.45703125,10621.75,14184,0.0785617824672151,0.1331415810429668,0.035897187226065,1.4988290398126465,exact,converged,1.5625,0.001,0.0009999813046306,1.869536936285193e-08,True,20,SpMV,CUSPARSE_SPMV_ALG_DEFAULT,,,torch_cuda_event_cudagraph_replay,gpu_execution,full_rsnn,device_adapted,independent_inference,sparse_only,"(256, 1, 60048)","(256, 1, 60048)",60048,60048,1,1,BN,spmspv_csc_dense_device,spmspv_csc_dense_device,none,False,False,True,0,torch.int64,torch.float32,torch.float32,dense_device,,,False,False,False,False,False,True,1.0,240192,146273240,146273240,0,0,False,unknown,unknown,unknown,unknown,unknown,,6.40297604;5.30915213;5.30751991;5.31071997;5.30758381;5.31075191;5.31171179;5.31059217;5.30963182;5.31270409;5.3096962;5.31113577;5.30806398;5.31318378;5.31420803;5.31113577;5.3151679;5.31417608;5.30908823;5.310112,20,5.365465569496155,0.2442142935770669,5.307519912719727,6.402976036071777,passed,0,0.0,7.450580596923828e-09,9.313225746154783e-10,3.7243673034481624e-08,1.855516842397265e-07,3.7243673034481624e-08,1.855516842397265e-07,60048,0,full_state,passed,,5.310735940933228,,,,,,,,,,,3.922981627568071
globalatomic_cudagraph,microns_mm3,NVIDIA GeForce RTX 5090,2.11.0+cu128,12.8,default,0.15,condensed,,,,,dd73c443de6a89a2,1,60048,256,1,6965260,115.99487077005062,microns_mm3,1,4531,251.05142100284277,2.1643320893087554,0.6903498928976086,412.0,1353.0,1.0,0.001,0.001,0.000999981264988,1.0,0.9999812649880097,60.046875,60.0,90,6952.45703125,10621.75,14184,0.0785617824672151,0.1331415810429668,0.035897187226065,1.4988290398126465,exact,converged,1.5625,0.001,0.0009999813046306,1.869536936285193e-08,True,20,SpMV,CUSPARSE_SPMV_ALG_DEFAULT,,,torch_cuda_event_cudagraph_replay,gpu_execution,full_rsnn,device_adapted,independent_inference,sparse_only,"(256, 1, 60048)","(256, 1, 60048)",60048,60048,1,1,BN,spmspv_csc_dense_device,spmspv_csc_dense_device,none,False,False,True,0,torch.int64,torch.float32,torch.float32,dense_device,,,False,False,False,False,False,True,1.0,240192,146273240,146273240,0,0,False,unknown,unknown,unknown,unknown,unknown,,7.33609581;7.32393599;7.32684803;7.32646418;7.32889605;7.32588816;7.3288641;7.32851219;7.33142424;7.32838392;7.32687998;7.33046389;7.32944012;7.32636786;7.32534409;7.32220793;7.32329607;7.32841587;7.32534409;7.32636786,20,7.327472019195556,0.0031034456651258,7.322207927703857,7.336095809936523,passed,0,0.0,7.450580596923828e-09,9.313225746154783e-10,3.722675145922949e-08,1.855516842397265e-07,3.722675145922949e-08,1.855516842397265e-07,60048,0,full_state,passed,,7.326864004135132,,,,,,,,,,,2.843497506353093
vdha_cudagraph,microns_mm3,NVIDIA GeForce RTX 5090,2.11.0+cu128,12.8,default,0.15,condensed,,,,,dd73c443de6a89a2,1,60048,256,1,6965260,115.99487077005062,microns_mm3,1,4531,251.05142100284277,2.1643320893087554,0.6903498928976086,412.0,1353.0,1.0,0.001,0.001,0.000999981264988,1.0,0.9999812649880097,60.046875,60.0,90,6952.45703125,10621.75,14184,0.0785617824672151,0.1331415810429668,0.035897187226065,1.4988290398126465,exact,converged,1.5625,0.001,0.0009999813046306,1.869536936285193e-08,True,20,SpMV,CUSPARSE_SPMV_ALG_DEFAULT,,,torch_cuda_event_cudagraph_replay,gpu_execution,full_rsnn,device_adapted,independent_inference,sparse_only,"(256, 1, 60048)","(256, 1, 60048)",60048,60048,1,1,BN,spmspv_csc_dense_device,spmspv_csc_dense_device,none,False,False,True,0,torch.int64,torch.float32,torch.float32,dense_device,,,False,False,False,False,False,True,1.0,240192,146273240,146273240,0,0,False,unknown,unknown,unknown,unknown,unknown,,12.3858881;12.3675518;12.3697281;12.3693762;12.3737602;12.3694401;12.3736324;12.3675518;12.3695679;12.3726082;12.3696318;12.3654718;12.365344;12.3690557;12.3716164;12.3695679;12.3777599;12.3675203;12.3716164;12.3705921,20,12.370864057540894,0.0045878798118577,12.365344047546388,12.38588809967041,passed,0,0.0,1.1175870895385742e-08,9.313225746154783e-10,5.5858862424429396e-08,1.861328087215952e-07,5.5858862424429396e-08,1.861328087215952e-07,60048,0,full_state,passed,,12.36959981918335,,,,,,,,,,,1.6842840374541683
persistent_spike_block,microns_mm3,NVIDIA GeForce RTX 5090,2.11.0+cu128,12.8,default,0.15,condensed,,,,,dd73c443de6a89a2,1,60048,256,1,6965260,115.99487077005062,microns_mm3,1,4531,251.05142100284277,2.1643320893087554,0.6903498928976086,412.0,1353.0,1.0,0.001,0.001,0.000999981264988,1.0,0.9999812649880097,60.046875,60.0,90,6952.45703125,10621.75,14184,0.0785617824672151,0.1331415810429668,0.035897187226065,1.4988290398126465,exact,converged,1.5625,0.001,0.0009999813046306,1.869536936285193e-08,True,20,SpMV,CUSPARSE_SPMV_ALG_DEFAULT,,,torch_cuda_event,gpu_execution,full_rsnn,device_native,independent_inference,full_fusion,"(256, 1, 60048)","(256, 1, 60048)",60048,60048,1,1,BN,event_csr,event_csr,dense_to_events_precomputed,False,True,True,0,torch.int32,torch.float32,torch.float32,windowed_events,,,False,False,False,False,False,False,1.0,1636312,56505176,56505176,0,0,False,unknown,unknown,unknown,unknown,unknown,,4.11529589;4.07283211;4.06016016;4.06876802;4.0724802;4.06873608;4.06633615;4.06665611;4.06835222;4.07286406;4.06409597;4.07283211;4.06816006;4.07283211;4.07228804;4.07999992;4.07657623;4.07817602;4.07654381;4.07552004,20,4.07347526550293,0.0110088620584267,4.060160160064697,4.115295886993408,passed,0,0.0,8.940696716308595e-08,9.313225746154783e-10,4.4513367924992053e-07,1.8592429285035905e-07,4.4513367924992053e-07,1.8592429285035905e-07,60048,0,full_state,passed,,4.072656154632568,,,,,,,5.115560640062457,,,,5.115560640062457
cusparse_direct_cudagraph,microns_mm3,NVIDIA GeForce RTX 5090,2.11.0+cu128,12.8,default,0.15,condensed,,,,,8fb8b2d1ac3614d9,1,60048,256,1,6965260,115.99487077005062,microns_mm3,1,4531,251.05142100284277,2.1643320893087554,0.6903498928976086,412.0,1353.0,1.0,0.002,0.002,0.0020000275821009,2.0,2.000027582100986,120.09765625,120.0,239,13920.48828125,18578.75,27801,0.1511748104395436,0.2033169447866062,0.0664507685443244,1.9900471621401852,exact,converged,1.5625,0.002,0.0020000275690108,2.7569010853725762e-08,True,20,SpMV,CUSPARSE_SPMV_ALG_DEFAULT,,,torch_cuda_event,gpu_execution,full_rsnn,device_native,independent_inference,sparse_only,"(256, 1, 60048)","(256, 1, 60048)",60048,60048,1,1,BN,csr_post_by_pre,csr_post_by_pre,none,False,False,True,0,torch.int32,torch.float32,torch.float32,dense,,,False,False,False,False,False,True,1.0,27216,179661156,179661156,0,0,False,unknown,unknown,unknown,unknown,unknown,,20.8467522;20.8486729;20.842144;20.8503361;20.833952;20.8482876;20.842144;20.8298569;20.8319035;20.8319035;20.8380489;20.8441925;20.8400955;20.8237114;20.8329277;20.8257599;20.8319035;20.8360004;20.8175678;20.8237114,20,20.835993576049805,0.0093037766939568,20.817567825317383,20.8503360748291,passed,0,0.0,1.1920928955078125e-07,1.862645149230957e-09,5.928282575951016e-07,3.710194107497955e-07,5.928282575951016e-07,3.710194107497955e-07,60048,0,full_state,passed,,20.834976196289062,,,,,,,1.0,,,,1.0
tilespmspv_cudagraph,microns_mm3,NVIDIA GeForce RTX 5090,2.11.0+cu128,12.8,default,0.15,condensed,,,,,8fb8b2d1ac3614d9,1,60048,256,1,6965260,115.99487077005062,microns_mm3,1,4531,251.05142100284277,2.1643320893087554,0.6903498928976086,412.0,1353.0,1.0,0.002,0.002,0.0020000275821009,2.0,2.000027582100986,120.09765625,120.0,239,13920.48828125,18578.75,27801,0.1511748104395436,0.2033169447866062,0.0664507685443244,1.9900471621401852,exact,converged,1.5625,0.002,0.0020000275690108,2.7569010853725762e-08,True,20,SpMV,CUSPARSE_SPMV_ALG_DEFAULT,,,torch_cuda_event_cudagraph_replay,gpu_execution,full_rsnn,device_adapted,independent_inference,sparse_only,"(256, 1, 60048)","(256, 1, 60048)",60048,60048,1,1,BN,spmspv_csc_dense_device,spmspv_csc_dense_device,none,False,False,True,0,torch.int64,torch.float32,torch.float32,dense_device,,,False,False,False,False,False,True,1.0,240192,146273240,146273240,0,0,False,unknown,unknown,unknown,unknown,unknown,,5.43007994;5.42595196;5.42076778;5.42575979;5.4269762;5.42560005;5.42185593;5.42265606;5.4237442;5.42278385;5.42531204;5.42377615;5.42889595;5.42172813;5.4227519;5.42172813;5.4227519;5.42371178;5.42172813;5.4227519,20,5.424065589904785,0.0025087402709917,5.420767784118652,5.430079936981201,passed,0,0.0,2.9802322387695312e-08,9.313225746154783e-10,1.483666380863724e-07,1.8592288597574225e-07,1.483666380863724e-07,1.8592288597574225e-07,60048,0,full_state,passed,,5.423247814178467,,,,,,,,,,,3.8417894424478223
globalatomic_cudagraph,microns_mm3,NVIDIA GeForce RTX 5090,2.11.0+cu128,12.8,default,0.15,condensed,,,,,8fb8b2d1ac3614d9,1,60048,256,1,6965260,115.99487077005062,microns_mm3,1,4531,251.05142100284277,2.1643320893087554,0.6903498928976086,412.0,1353.0,1.0,0.002,0.002,0.0020000275821009,2.0,2.000027582100986,120.09765625,120.0,239,13920.48828125,18578.75,27801,0.1511748104395436,0.2033169447866062,0.0664507685443244,1.9900471621401852,exact,converged,1.5625,0.002,0.0020000275690108,2.7569010853725762e-08,True,20,SpMV,CUSPARSE_SPMV_ALG_DEFAULT,,,torch_cuda_event_cudagraph_replay,gpu_execution,full_rsnn,device_adapted,independent_inference,sparse_only,"(256, 1, 60048)","(256, 1, 60048)",60048,60048,1,1,BN,spmspv_csc_dense_device,spmspv_csc_dense_device,none,False,False,True,0,torch.int64,torch.float32,torch.float32,dense_device,,,False,False,False,False,False,True,1.0,240192,146273240,146273240,0,0,False,unknown,unknown,unknown,unknown,unknown,,7.35680008;7.3466239;7.3493762;7.34748793;7.35094404;7.3493762;7.34886408;7.35193586;7.35043192;7.34540796;7.34639978;7.3499198;7.35094404;7.35196781;7.34684801;7.34787178;7.34684801;7.3499198;7.35299206;7.3499198,20,7.349543952941895,0.0027034767050136,7.345407962799072,7.356800079345703,passed,0,0.0,2.9802322387695312e-08,9.313225746154783e-10,1.483666380863724e-07,1.8592288597574225e-07,1.483666380863724e-07,1.8592288597574225e-07,60048,0,full_state,passed,,7.3496479988098145,,,,,,,,,,,2.834826402524724
vdha_cudagraph,microns_mm3,NVIDIA GeForce RTX 5090,2.11.0+cu128,12.8,default,0.15,condensed,,,,,8fb8b2d1ac3614d9,1,60048,256,1,6965260,115.99487077005062,microns_mm3,1,4531,251.05142100284277,2.1643320893087554,0.6903498928976086,412.0,1353.0,1.0,0.002,0.002,0.0020000275821009,2.0,2.000027582100986,120.09765625,120.0,239,13920.48828125,18578.75,27801,0.1511748104395436,0.2033169447866062,0.0664507685443244,1.9900471621401852,exact,converged,1.5625,0.002,0.0020000275690108,2.7569010853725762e-08,True,20,SpMV,CUSPARSE_SPMV_ALG_DEFAULT,,,torch_cuda_event_cudagraph_replay,gpu_execution,full_rsnn,device_adapted,independent_inference,sparse_only,"(256, 1, 60048)","(256, 1, 60048)",60048,60048,1,1,BN,spmspv_csc_dense_device,spmspv_csc_dense_device,none,False,False,True,0,torch.int64,torch.float32,torch.float32,dense_device,,,False,False,False,False,False,True,1.0,240192,146273240,146273240,0,0,False,unknown,unknown,unknown,unknown,unknown,,13.0226564;13.0066881;13.01056;13.0146875;13.0126076;13.0095358;13.0085115;13.0065279;13.0085764;13.0064316;13.0116796;13.0063677;13.008544;12.9977922;13.008544;13.0054722;13.008544;13.0044479;13.0146561;13.008544,20,13.009068727493286,0.0049133083900434,12.99779224395752,13.022656440734863,passed,0,0.0,2.9802322387695312e-08,1.862645149230957e-09,1.483666380863724e-07,3.705994231495424e-07,1.483666380863724e-07,3.705994231495424e-07,60048,0,full_state,passed,,13.008543968200684,,,,,,,,,,,1.6016378348891351
persistent_spike_block,microns_mm3,NVIDIA GeForce RTX 5090,2.11.0+cu128,12.8,default,0.15,condensed,,,,,8fb8b2d1ac3614d9,1,60048,256,1,6965260,115.99487077005062,microns_mm3,1,4531,251.05142100284277,2.1643320893087554,0.6903498928976086,412.0,1353.0,1.0,0.002,0.002,0.0020000275821009,2.0,2.000027582100986,120.09765625,120.0,239,13920.48828125,18578.75,27801,0.1511748104395436,0.2033169447866062,0.0664507685443244,1.9900471621401852,exact,converged,1.5625,0.002,0.0020000275690108,2.7569010853725762e-08,True,20,SpMV,CUSPARSE_SPMV_ALG_DEFAULT,,,torch_cuda_event,gpu_execution,full_rsnn,device_native,independent_inference,full_fusion,"(256, 1, 60048)","(256, 1, 60048)",60048,60048,1,1,BN,event_csr,event_csr,dense_to_events_precomputed,False,True,True,0,torch.int32,torch.float32,torch.float32,windowed_events,,,False,False,False,False,False,False,1.0,1636312,56566668,56566668,0,0,False,unknown,unknown,unknown,unknown,unknown,,4.42019176;4.37353611;4.37593603;4.37350416;4.37798405;4.36736012;4.37388802;4.37555218;4.37388802;4.37145615;4.37200022;4.37455988;4.37391996;4.37558413;4.36979198;4.37545586;4.37388802;4.37763214;4.38374376;4.37657595,20,4.376822423934937,0.0107332976048165,4.3673601150512695,4.420191764831543,passed,0,0.0,1.1920928955078125e-07,1.862645149230957e-09,5.935097533438238e-07,3.712899285801541e-07,5.935097533438238e-07,3.712899285801541e-07,60048,0,full_state,passed,,4.374239921569824,,,,,,,4.7631077786908,,,,4.7631077786908
cusparse_direct_cudagraph,microns_mm3,NVIDIA GeForce RTX 5090,2.11.0+cu128,12.8,default,0.15,condensed,,,,,4500a8400cc1f0f5,1,60048,256,1,6965260,115.99487077005062,microns_mm3,1,4531,251.05142100284277,2.1643320893087554,0.6903498928976086,412.0,1353.0,1.0,0.005,0.005,0.004999971377065,5.0,4.999971377065014,300.23828125,296.0,592,34799.53125,41840.5,74633,0.3170175231402821,0.3705433038062926,0.1126272454105917,1.971767216143428,exact,converged,1.5625,0.005,0.0049999714829027,2.851709723483004e-08,True,20,SpMV,CUSPARSE_SPMV_ALG_DEFAULT,,,torch_cuda_event,gpu_execution,full_rsnn,device_native,independent_inference,sparse_only,"(256, 1, 60048)","(256, 1, 60048)",60048,60048,1,1,BN,csr_post_by_pre,csr_post_by_pre,none,False,False,True,0,torch.int32,torch.float32,torch.float32,dense,,,False,False,False,False,False,True,1.0,27216,179661156,179661156,0,0,False,unknown,unknown,unknown,unknown,unknown,,20.8588791;20.8318081;20.8216648;20.8257275;20.8360004;20.8237114;20.8155193;20.8237114;20.8237114;20.8216648;20.8278084;20.8175678;20.8216648;20.8247356;20.8175678;20.8257599;20.8216648;20.8257599;20.8380489;20.8360004,20,20.826948833465572,0.009706080107362,20.815519332885746,20.85887908935547,passed,0,0.0,1.1920928955078125e-07,3.725290298461914e-09,5.945299790255376e-07,7.393423402390908e-07,5.945299790255376e-07,7.393423402390908e-07,60048,0,full_state,passed,,20.824223518371586,,,,,,,1.0,,,,1.0
tilespmspv_cudagraph,microns_mm3,NVIDIA GeForce RTX 5090,2.11.0+cu128,12.8,default,0.15,condensed,,,,,4500a8400cc1f0f5,1,60048,256,1,6965260,115.99487077005062,microns_mm3,1,4531,251.05142100284277,2.1643320893087554,0.6903498928976086,412.0,1353.0,1.0,0.005,0.005,0.004999971377065,5.0,4.999971377065014,300.23828125,296.0,592,34799.53125,41840.5,74633,0.3170175231402821,0.3705433038062926,0.1126272454105917,1.971767216143428,exact,converged,1.5625,0.005,0.0049999714829027,2.851709723483004e-08,True,20,SpMV,CUSPARSE_SPMV_ALG_DEFAULT,,,torch_cuda_event_cudagraph_replay,gpu_execution,full_rsnn,device_adapted,independent_inference,sparse_only,"(256, 1, 60048)","(256, 1, 60048)",60048,60048,1,1,BN,spmspv_csc_dense_device,spmspv_csc_dense_device,none,False,False,True,0,torch.int64,torch.float32,torch.float32,dense_device,,,False,False,False,False,False,True,1.0,240192,146273240,146273240,0,0,False,unknown,unknown,unknown,unknown,unknown,,5.61583996;5.607584;5.61023998;5.60851192;5.60963202;5.60556793;5.60659218;5.60351992;5.60761595;5.61068821;5.60559988;5.61007977;5.60502386;5.61014414;5.61219215;5.60707188;5.61219215;5.60400009;5.61116791;5.60604811,20,5.608465600013733,0.0031621334660833,5.603519916534424,5.615839958190918,passed,0,0.0,8.940696716308595e-08,5.587935447692871e-09,4.460761999780516e-07,1.108748620026745e-06,4.460761999780516e-07,1.108748620026745e-06,60048,0,full_state,passed,,5.6080639362335205,,,,,,,,,,,3.7132642842794543
globalatomic_cudagraph,microns_mm3,NVIDIA GeForce RTX 5090,2.11.0+cu128,12.8,default,0.15,condensed,,,,,4500a8400cc1f0f5,1,60048,256,1,6965260,115.99487077005062,microns_mm3,1,4531,251.05142100284277,2.1643320893087554,0.6903498928976086,412.0,1353.0,1.0,0.005,0.005,0.004999971377065,5.0,4.999971377065014,300.23828125,296.0,592,34799.53125,41840.5,74633,0.3170175231402821,0.3705433038062926,0.1126272454105917,1.971767216143428,exact,converged,1.5625,0.005,0.0049999714829027,2.851709723483004e-08,True,20,SpMV,CUSPARSE_SPMV_ALG_DEFAULT,,,torch_cuda_event_cudagraph_replay,gpu_execution,full_rsnn,device_adapted,independent_inference,sparse_only,"(256, 1, 60048)","(256, 1, 60048)",60048,60048,1,1,BN,spmspv_csc_dense_device,spmspv_csc_dense_device,none,False,False,True,0,torch.int64,torch.float32,torch.float32,dense_device,,,False,False,False,False,False,True,1.0,240192,146273240,146273240,0,0,False,unknown,unknown,unknown,unknown,unknown,,7.37891197;7.37033606;7.36668777;7.36012793;7.36732817;7.36982393;7.37145615;7.37187195;7.36950397;7.36982393;7.36479998;7.36630392;7.3714242;7.36835194;7.36732817;7.37449598;7.36732817;7.36835194;7.37347221;7.37039995,20,7.369406414031983,0.0038991129569988,7.360127925872803,7.378911972045898,passed,0,0.0,8.940696716308595e-08,5.587935447692871e-09,4.460761999780516e-07,1.108748620026745e-06,4.460761999780516e-07,1.108748620026745e-06,60048,0,full_state,passed,,7.369663953781128,,,,,,,,,,,2.825667988251672
vdha_cudagraph,microns_mm3,NVIDIA GeForce RTX 5090,2.11.0+cu128,12.8,default,0.15,condensed,,,,,4500a8400cc1f0f5,1,60048,256,1,6965260,115.99487077005062,microns_mm3,1,4531,251.05142100284277,2.1643320893087554,0.6903498928976086,412.0,1353.0,1.0,0.005,0.005,0.004999971377065,5.0,4.999971377065014,300.23828125,296.0,592,34799.53125,41840.5,74633,0.3170175231402821,0.3705433038062926,0.1126272454105917,1.971767216143428,exact,converged,1.5625,0.005,0.0049999714829027,2.851709723483004e-08,True,20,SpMV,CUSPARSE_SPMV_ALG_DEFAULT,,,torch_cuda_event_cudagraph_replay,gpu_execution,full_rsnn,device_adapted,independent_inference,sparse_only,"(256, 1, 60048)","(256, 1, 60048)",60048,60048,1,1,BN,spmspv_csc_dense_device,spmspv_csc_dense_device,none,False,False,True,0,torch.int64,torch.float32,torch.float32,dense_device,,,False,False,False,False,False,True,1.0,240192,146273240,146273240,0,0,False,unknown,unknown,unknown,unknown,unknown,,13.46416;13.4487362;13.4479675;13.4507523;13.4478722;13.4572477;13.4486723;13.4478397;13.4531517;13.4476156;13.4529924;13.4508476;13.452096;13.4480963;13.4478397;13.4550076;13.4549761;13.4437437;13.4549437;13.4457922,20,13.45101752281189,0.0046942166857902,13.443743705749512,13.464159965515137,passed,0,0.0,1.043081283569336e-07,5.587935447692871e-09,5.203991122471052e-07,1.1108020316896727e-06,5.203991122471052e-07,1.1108020316896727e-06,60048,0,full_state,passed,,13.44974422454834,,,,,,,,,,,1.5482988502014348
persistent_spike_block,microns_mm3,NVIDIA GeForce RTX 5090,2.11.0+cu128,12.8,default,0.15,condensed,,,,,4500a8400cc1f0f5,1,60048,256,1,6965260,115.99487077005062,microns_mm3,1,4531,251.05142100284277,2.1643320893087554,0.6903498928976086,412.0,1353.0,1.0,0.005,0.005,0.004999971377065,5.0,4.999971377065014,300.23828125,296.0,592,34799.53125,41840.5,74633,0.3170175231402821,0.3705433038062926,0.1126272454105917,1.971767216143428,exact,converged,1.5625,0.005,0.0049999714829027,2.851709723483004e-08,True,20,SpMV,CUSPARSE_SPMV_ALG_DEFAULT,,,torch_cuda_event,gpu_execution,full_rsnn,device_native,independent_inference,full_fusion,"(256, 1, 60048)","(256, 1, 60048)",60048,60048,1,1,BN,event_csr,event_csr,dense_to_events_precomputed,False,True,True,0,torch.int32,torch.float32,torch.float32,windowed_events,,,False,False,False,False,False,False,1.0,1636312,56751132,56751132,0,0,False,unknown,unknown,unknown,unknown,unknown,,4.40966415;4.36736012;4.36822414;4.36105585;4.36592007;4.3714242;4.36585617;4.37347221;4.37088013;4.37155199;4.36681604;4.36227179;4.36592007;4.36540794;4.36064005;4.365376;4.36371183;4.37772799;4.36838388;4.37247992,20,4.369707226753235,0.0103551328325982,4.360640048980713,4.409664154052734,passed,0,0.0,1.1920928955078125e-07,5.587935447692871e-09,5.945299790255376e-07,1.1102182497779722e-06,5.945299790255376e-07,1.1102182497779722e-06,60048,0,full_state,passed,,4.367088079452515,,,,,,,4.768445962047607,,,,4.768445962047607
cusparse_direct_cudagraph,microns_mm3,NVIDIA GeForce RTX 5090,2.11.0+cu128,12.8,default,0.15,condensed,,,,,52158bc8473f156c,1,60048,256,1,6965260,115.99487077005062,microns_mm3,1,4531,251.05142100284277,2.1643320893087554,0.6903498928976086,412.0,1353.0,1.0,0.01,0.01,0.0100000078062549,10.0,10.000007806254995,600.48046875,583.25,1166,69750.984375,82382.0,141480,0.4746356863878918,0.474635686387892,0.1607242563187386,1.94177839360408,sampled_16_timesteps_max_2048_sources,converged,1.50909423828125,0.01,0.0100000081583857,8.158385753423425e-09,True,20,SpMV,CUSPARSE_SPMV_ALG_DEFAULT,,,torch_cuda_event,gpu_execution,full_rsnn,device_native,independent_inference,sparse_only,"(256, 1, 60048)","(256, 1, 60048)",60048,60048,1,1,BN,csr_post_by_pre,csr_post_by_pre,none,False,False,True,0,torch.int32,torch.float32,torch.float32,dense,,,False,False,False,False,False,True,1.0,27216,179661156,179661156,0,0,False,unknown,unknown,unknown,unknown,unknown,,20.8406715;20.8279686;20.8237114;20.8113594;20.8216648;20.8052807;20.8196163;20.8216648;20.8175678;20.8216648;20.8196163;20.8298244;20.8165436;20.8237114;20.8175678;20.8216648;20.833952;20.8278084;20.8257599;20.8216648,20,20.822464179992675,0.0076484893441043,20.805280685424805,20.84067153930664,passed,0,0.0,1.1920928955078125e-07,7.450580596923828e-09,5.951024490968848e-07,1.4689611589346896e-06,5.951024490968848e-07,1.4689611589346896e-06,60048,0,full_state,passed,,20.821664810180664,,,,,,,1.0,,,,1.0
tilespmspv_cudagraph,microns_mm3,NVIDIA GeForce RTX 5090,2.11.0+cu128,12.8,default,0.15,condensed,,,,,52158bc8473f156c,1,60048,256,1,6965260,115.99487077005062,microns_mm3,1,4531,251.05142100284277,2.1643320893087554,0.6903498928976086,412.0,1353.0,1.0,0.01,0.01,0.0100000078062549,10.0,10.000007806254995,600.48046875,583.25,1166,69750.984375,82382.0,141480,0.4746356863878918,0.474635686387892,0.1607242563187386,1.94177839360408,sampled_16_timesteps_max_2048_sources,converged,1.50909423828125,0.01,0.0100000081583857,8.158385753423425e-09,True,20,SpMV,CUSPARSE_SPMV_ALG_DEFAULT,,,torch_cuda_event_cudagraph_replay,gpu_execution,full_rsnn,device_adapted,independent_inference,sparse_only,"(256, 1, 60048)","(256, 1, 60048)",60048,60048,1,1,BN,spmspv_csc_dense_device,spmspv_csc_dense_device,none,False,False,True,0,torch.int64,torch.float32,torch.float32,dense_device,,,False,False,False,False,False,True,1.0,240192,146273240,146273240,0,0,False,unknown,unknown,unknown,unknown,unknown,,5.78070402;5.77763224;5.775424;5.7693758;5.77248001;5.76940823;5.77353621;5.77343988;5.76892805;5.77337599;5.77350378;5.77603197;5.7750082;5.77398396;5.77398396;5.77193594;5.77091217;5.77193594;5.77603197;5.77193594,20,5.773478412628174,0.0028835411718835,5.768928050994873,5.780704021453857,passed,0,0.0,1.1920928955078125e-07,3.725290298461914e-09,5.951024490968848e-07,7.402559276670218e-07,5.951024490968848e-07,7.402559276670218e-07,60048,0,full_state,passed,,5.773471832275391,,,,,,,,,,,3.6064374115036792
globalatomic_cudagraph,microns_mm3,NVIDIA GeForce RTX 5090,2.11.0+cu128,12.8,default,0.15,condensed,,,,,52158bc8473f156c,1,60048,256,1,6965260,115.99487077005062,microns_mm3,1,4531,251.05142100284277,2.1643320893087554,0.6903498928976086,412.0,1353.0,1.0,0.01,0.01,0.0100000078062549,10.0,10.000007806254995,600.48046875,583.25,1166,69750.984375,82382.0,141480,0.4746356863878918,0.474635686387892,0.1607242563187386,1.94177839360408,sampled_16_timesteps_max_2048_sources,converged,1.50909423828125,0.01,0.0100000081583857,8.158385753423425e-09,True,20,SpMV,CUSPARSE_SPMV_ALG_DEFAULT,,,torch_cuda_event_cudagraph_replay,gpu_execution,full_rsnn,device_adapted,independent_inference,sparse_only,"(256, 1, 60048)","(256, 1, 60048)",60048,60048,1,1,BN,spmspv_csc_dense_device,spmspv_csc_dense_device,none,False,False,True,0,torch.int64,torch.float32,torch.float32,dense_device,,,False,False,False,False,False,True,1.0,240192,146273240,146273240,0,0,False,unknown,unknown,unknown,unknown,unknown,,7.38044786;7.3717761;7.37161589;7.37174416;7.37504005;7.36377621;7.37152004;7.37593603;7.3714242;7.37449598;7.37084818;7.37449598;7.3714242;7.37039995;7.3714242;7.37449598;7.36937618;7.36015987;7.37347221;7.37244797,20,7.3718160629272464,0.0042087669532813,7.360159873962402,7.380447864532471,passed,0,0.0,1.1920928955078125e-07,7.450580596923828e-09,5.951024490968848e-07,1.4689611589346896e-06,5.951024490968848e-07,1.4689611589346896e-06,60048,0,full_state,passed,,7.371680021286011,,,,,,,,,,,2.8245481016616703
vdha_cudagraph,microns_mm3,NVIDIA GeForce RTX 5090,2.11.0+cu128,12.8,default,0.15,condensed,,,,,52158bc8473f156c,1,60048,256,1,6965260,115.99487077005062,microns_mm3,1,4531,251.05142100284277,2.1643320893087554,0.6903498928976086,412.0,1353.0,1.0,0.01,0.01,0.0100000078062549,10.0,10.000007806254995,600.48046875,583.25,1166,69750.984375,82382.0,141480,0.4746356863878918,0.474635686387892,0.1607242563187386,1.94177839360408,sampled_16_timesteps_max_2048_sources,converged,1.50909423828125,0.01,0.0100000081583857,8.158385753423425e-09,True,20,SpMV,CUSPARSE_SPMV_ALG_DEFAULT,,,torch_cuda_event_cudagraph_replay,gpu_execution,full_rsnn,device_adapted,independent_inference,sparse_only,"(256, 1, 60048)","(256, 1, 60048)",60048,60048,1,1,BN,spmspv_csc_dense_device,spmspv_csc_dense_device,none,False,False,True,0,torch.int64,torch.float32,torch.float32,dense_device,,,False,False,False,False,False,True,1.0,240192,146273240,146273240,0,0,False,unknown,unknown,unknown,unknown,unknown,,13.9193602;13.9090557;13.9054079;13.9059525;13.9065599;13.9054718;13.9024963;13.9127045;13.9119043;13.9104958;13.9055996;13.9024963;13.9066238;13.9110079;13.9065924;13.9065924;13.9014721;13.9106884;13.9055681;13.9147844,20,13.908041715621948,0.0044493923481666,13.901472091674805,13.919360160827637,passed,0,0.0,1.1920928955078125e-07,7.450580596923828e-09,5.951024490968848e-07,1.4689611589346896e-06,5.951024490968848e-07,1.4689611589346896e-06,60048,0,full_state,passed,,13.90659236907959,,,,,,,,,,,1.4972513939846466
persistent_spike_block,microns_mm3,NVIDIA GeForce RTX 5090,2.11.0+cu128,12.8,default,0.15,condensed,,,,,52158bc8473f156c,1,60048,256,1,6965260,115.99487077005062,microns_mm3,1,4531,251.05142100284277,2.1643320893087554,0.6903498928976086,412.0,1353.0,1.0,0.01,0.01,0.0100000078062549,10.0,10.000007806254995,600.48046875,583.25,1166,69750.984375,82382.0,141480,0.4746356863878918,0.474635686387892,0.1607242563187386,1.94177839360408,sampled_16_timesteps_max_2048_sources,converged,1.50909423828125,0.01,0.0100000081583857,8.158385753423425e-09,True,20,SpMV,CUSPARSE_SPMV_ALG_DEFAULT,,,torch_cuda_event,gpu_execution,full_rsnn,device_native,independent_inference,full_fusion,"(256, 1, 60048)","(256, 1, 60048)",60048,60048,1,1,BN,event_csr,event_csr,dense_to_events_precomputed,False,True,True,0,torch.int32,torch.float32,torch.float32,windowed_events,,,False,False,False,False,False,False,1.0,1636312,57058580,57058580,0,0,False,unknown,unknown,unknown,unknown,unknown,,3.97855997;3.92956805;3.92300797;3.91833591;3.93110394;3.92441607;3.92924809;3.92134404;3.93110394;3.93782401;3.93926406;3.93715191;3.93139195;3.93670392;3.93929601;3.93359995;3.9383359;3.93772793;3.93318391;3.93625593,20,3.934371173381805,0.0121245456366378,3.918335914611816,3.978559970855713,passed,0,0.0,2.384185791015625e-07,1.1175870895385742e-08,1.1860936410812428e-06,2.2148265088617336e-06,1.1860936410812428e-06,2.2148265088617336e-06,60048,0,full_state,passed,,3.9333919286727914,,,,,,,5.293564736938466,,,,5.293564736938466
cusparse_direct_cudagraph,microns_mm3,NVIDIA GeForce RTX 5090,2.11.0+cu128,12.8,default,0.15,condensed,,,,,149fa6f879a53421,1,60048,256,1,6965260,115.99487077005062,microns_mm3,1,4531,251.05142100284277,2.1643320893087554,0.6903498928976086,412.0,1353.0,1.0,0.01,0.02,0.0200000156125099,20.0,20.000015612509998,1200.9609375,1175.0,2332,143082.69921875,159866.25,273217,0.6548999304971852,0.654899930497185,0.1603777502622531,1.94177839360408,sampled_16_timesteps_max_2048_sources,converged,2.649402618408203,0.02,0.0200000163167715,1.631677150684685e-08,True,20,SpMV,CUSPARSE_SPMV_ALG_DEFAULT,,,torch_cuda_event,gpu_execution,full_rsnn,device_native,independent_inference,sparse_only,"(256, 1, 60048)","(256, 1, 60048)",60048,60048,1,1,BN,csr_post_by_pre,csr_post_by_pre,none,False,False,True,0,torch.int32,torch.float32,torch.float32,dense,,,False,False,False,False,False,True,1.0,27216,179661156,179661156,0,0,False,unknown,unknown,unknown,unknown,unknown,,20.8531513;20.8259525;20.8278084;20.8319035;20.8257599;20.8196163;20.8257599;20.8360004;20.8196163;20.8319035;20.8298569;20.8360004;20.8318729;20.8411198;20.8400955;20.8380489;20.8441277;20.8257599;20.8278084;20.8237114,20,20.831793689727785,0.0085208091561338,20.819616317749023,20.853151321411133,passed,0,0.0,3.278255462646485e-07,1.4901161193847656e-08,1.6320442455253217e-06,2.889035840780707e-06,1.6320442455253217e-06,2.889035840780707e-06,60048,0,full_state,passed,,20.830864906311035,,,,,,,1.0,,,,1.0
tilespmspv_cudagraph,microns_mm3,NVIDIA GeForce RTX 5090,2.11.0+cu128,12.8,default,0.15,condensed,,,,,149fa6f879a53421,1,60048,256,1,6965260,115.99487077005062,microns_mm3,1,4531,251.05142100284277,2.1643320893087554,0.6903498928976086,412.0,1353.0,1.0,0.01,0.02,0.0200000156125099,20.0,20.000015612509998,1200.9609375,1175.0,2332,143082.69921875,159866.25,273217,0.6548999304971852,0.654899930497185,0.1603777502622531,1.94177839360408,sampled_16_timesteps_max_2048_sources,converged,2.649402618408203,0.02,0.0200000163167715,1.631677150684685e-08,True,20,SpMV,CUSPARSE_SPMV_ALG_DEFAULT,,,torch_cuda_event_cudagraph_replay,gpu_execution,full_rsnn,device_adapted,independent_inference,sparse_only,"(256, 1, 60048)","(256, 1, 60048)",60048,60048,1,1,BN,spmspv_csc_dense_device,spmspv_csc_dense_device,none,False,False,True,0,torch.int64,torch.float32,torch.float32,dense_device,,,False,False,False,False,False,True,1.0,240192,146273240,146273240,0,0,False,unknown,unknown,unknown,unknown,unknown,,5.86815977;5.84588814;5.84963179;5.84358406;5.84463978;5.84768009;5.84764814;5.84556818;5.84764814;5.84255981;5.84108782;5.83951998;5.84361601;5.84873581;5.84361601;5.84771204;5.84361601;5.85180807;5.84259176;5.84976006,20,5.846753573417663,0.0059557055367501,5.83951997756958,5.868159770965576,passed,0,0.0,2.384185791015625e-07,1.4901161193847656e-08,1.1884602599820937e-06,2.933400310212164e-06,1.1884602599820937e-06,2.933400310212164e-06,60048,0,full_state,passed,,5.845728158950806,,,,,,,,,,,3.563433731418973
globalatomic_cudagraph,microns_mm3,NVIDIA GeForce RTX 5090,2.11.0+cu128,12.8,default,0.15,condensed,,,,,149fa6f879a53421,1,60048,256,1,6965260,115.99487077005062,microns_mm3,1,4531,251.05142100284277,2.1643320893087554,0.6903498928976086,412.0,1353.0,1.0,0.01,0.02,0.0200000156125099,20.0,20.000015612509998,1200.9609375,1175.0,2332,143082.69921875,159866.25,273217,0.6548999304971852,0.654899930497185,0.1603777502622531,1.94177839360408,sampled_16_timesteps_max_2048_sources,converged,2.649402618408203,0.02,0.0200000163167715,1.631677150684685e-08,True,20,SpMV,CUSPARSE_SPMV_ALG_DEFAULT,,,torch_cuda_event_cudagraph_replay,gpu_execution,full_rsnn,device_adapted,independent_inference,sparse_only,"(256, 1, 60048)","(256, 1, 60048)",60048,60048,1,1,BN,spmspv_csc_dense_device,spmspv_csc_dense_device,none,False,False,True,0,torch.int64,torch.float32,torch.float32,dense_device,,,False,False,False,False,False,True,1.0,240192,146273240,146273240,0,0,False,unknown,unknown,unknown,unknown,unknown,,7.34886408;7.34284782;7.33360004;7.33036804;7.32547188;7.32419205;7.32329607;7.32015991;7.32335997;7.32223988;7.31660795;7.32431984;7.3273921;7.32841587;7.3273921;7.33452797;7.32944012;7.33455992;7.33148813;7.33046389,20,7.328950381278991,0.0075535250463417,7.31660795211792,7.348864078521728,passed,0,0.0,2.384185791015625e-07,1.4901161193847656e-08,1.186965846500243e-06,2.889035840780707e-06,1.186965846500243e-06,2.889035840780707e-06,60048,0,full_state,passed,,7.327903985977173,,,,,,,,,,,2.842677107420267
vdha_cudagraph,microns_mm3,NVIDIA GeForce RTX 5090,2.11.0+cu128,12.8,default,0.15,condensed,,,,,149fa6f879a53421,1,60048,256,1,6965260,115.99487077005062,microns_mm3,1,4531,251.05142100284277,2.1643320893087554,0.6903498928976086,412.0,1353.0,1.0,0.01,0.02,0.0200000156125099,20.0,20.000015612509998,1200.9609375,1175.0,2332,143082.69921875,159866.25,273217,0.6548999304971852,0.654899930497185,0.1603777502622531,1.94177839360408,sampled_16_timesteps_max_2048_sources,converged,2.649402618408203,0.02,0.0200000163167715,1.631677150684685e-08,True,20,SpMV,CUSPARSE_SPMV_ALG_DEFAULT,,,torch_cuda_event_cudagraph_replay,gpu_execution,full_rsnn,device_adapted,independent_inference,sparse_only,"(256, 1, 60048)","(256, 1, 60048)",60048,60048,1,1,BN,spmspv_csc_dense_device,spmspv_csc_dense_device,none,False,False,True,0,torch.int64,torch.float32,torch.float32,dense_device,,,False,False,False,False,False,True,1.0,240192,146273240,146273240,0,0,False,unknown,unknown,unknown,unknown,unknown,,12.9610558;12.9184961;12.9266558;12.9239998;12.9163837;12.9204798;12.9173756;12.9183998;12.9143677;12.9224319;12.92064;12.9224005;12.921504;12.9280958;12.9245758;12.9184322;12.9225283;12.9163837;12.921504;12.9163837,20,12.9226047039032,0.009746844896345,12.91436767578125,12.961055755615234,passed,0,0.0,2.384185791015625e-07,2.2351741790771484e-08,1.191469891637098e-06,4.295253802411025e-06,1.191469891637098e-06,4.295253802411025e-06,60048,0,full_state,passed,,12.921072006225586,,,,,,,,,,,1.612162280054966
persistent_spike_block,microns_mm3,NVIDIA GeForce RTX 5090,2.11.0+cu128,12.8,default,0.15,condensed,,,,,149fa6f879a53421,1,60048,256,1,6965260,115.99487077005062,microns_mm3,1,4531,251.05142100284277,2.1643320893087554,0.6903498928976086,412.0,1353.0,1.0,0.01,0.02,0.0200000156125099,20.0,20.000015612509998,1200.9609375,1175.0,2332,143082.69921875,159866.25,273217,0.6548999304971852,0.654899930497185,0.1603777502622531,1.94177839360408,sampled_16_timesteps_max_2048_sources,converged,2.649402618408203,0.02,0.0200000163167715,1.631677150684685e-08,True,20,SpMV,CUSPARSE_SPMV_ALG_DEFAULT,,,torch_cuda_event,gpu_execution,full_rsnn,device_native,independent_inference,full_fusion,"(256, 1, 60048)","(256, 1, 60048)",60048,60048,1,1,BN,event_csr,event_csr,dense_to_events_precomputed,False,True,True,0,torch.int32,torch.float32,torch.float32,windowed_events,,,False,False,False,False,False,False,1.0,1636312,57058580,57058580,0,0,False,unknown,unknown,unknown,unknown,unknown,,4.26012802;4.2039361;4.23321581;4.20601606;4.22416019;4.21113586;4.22399998;4.20921612;4.21993589;4.20809603;4.22607994;4.21008015;4.22390413;4.20806408;4.22403193;4.20601606;4.21996784;4.21011209;4.23424006;4.2024641,20,4.218240022659302,0.0138780182490895,4.2024641036987305,4.260128021240234,passed,0,0.0,4.76837158203125e-07,2.9802322387695312e-08,2.3721081561234314e-06,5.778071681561414e-06,2.3721081561234314e-06,5.778071681561414e-06,60048,0,full_state,passed,,4.215535879135132,,,,,,,4.941451218435541,,,,4.941451218435541
cusparse_direct_cudagraph,microns_mm3,NVIDIA GeForce RTX 5090,2.11.0+cu128,12.8,default,0.15,condensed,,,,,1cdc003dcba747e1,1,60048,256,1,6965260,115.99487077005062,microns_mm3,1,4531,251.05142100284277,2.1643320893087554,0.6903498928976086,412.0,1353.0,1.0,0.01,0.05,0.049999908927025,50.0,49.99990892702505,3002.39453125,2975.0,5837,373074.1875,398055.25,689696,0.768149554026951,0.7681495540269507,0.1559584714952446,1.944114918691201,sampled_16_timesteps_max_2048_sources,converged,6.432056427001953,0.05,0.0499999113380909,8.866190910616911e-08,True,20,SpMV,CUSPARSE_SPMV_ALG_DEFAULT,,,torch_cuda_event,gpu_execution,full_rsnn,device_native,independent_inference,sparse_only,"(256, 1, 60048)","(256, 1, 60048)",60048,60048,1,1,BN,csr_post_by_pre,csr_post_by_pre,none,False,False,True,0,torch.int32,torch.float32,torch.float32,dense,,,False,False,False,False,False,True,1.0,27216,179661156,179661156,0,0,False,unknown,unknown,unknown,unknown,unknown,,20.8865604;20.8321915;20.8237114;20.8175678;20.8278084;20.8196163;20.8155193;20.8257599;20.8196163;20.8237114;20.8257599;20.8196163;20.8278084;20.8267841;20.8196163;20.8257599;20.8257599;20.8360004;20.8175678;20.8175678,20,20.826715183258056,0.0150432645317956,20.815519332885746,20.88656044006348,passed,0,0.0,7.152557373046875e-07,2.9802322387695312e-08,3.474007144177449e-06,5.651575975207379e-06,3.474007144177449e-06,5.651575975207379e-06,60048,0,full_state,passed,,20.82473564147949,,,,,,,1.0,,,,1.0
tilespmspv_cudagraph,microns_mm3,NVIDIA GeForce RTX 5090,2.11.0+cu128,12.8,default,0.15,condensed,,,,,1cdc003dcba747e1,1,60048,256,1,6965260,115.99487077005062,microns_mm3,1,4531,251.05142100284277,2.1643320893087554,0.6903498928976086,412.0,1353.0,1.0,0.01,0.05,0.049999908927025,50.0,49.99990892702505,3002.39453125,2975.0,5837,373074.1875,398055.25,689696,0.768149554026951,0.7681495540269507,0.1559584714952446,1.944114918691201,sampled_16_timesteps_max_2048_sources,converged,6.432056427001953,0.05,0.0499999113380909,8.866190910616911e-08,True,20,SpMV,CUSPARSE_SPMV_ALG_DEFAULT,,,torch_cuda_event_cudagraph_replay,gpu_execution,full_rsnn,device_adapted,independent_inference,sparse_only,"(256, 1, 60048)","(256, 1, 60048)",60048,60048,1,1,BN,spmspv_csc_dense_device,spmspv_csc_dense_device,none,False,False,True,0,torch.int64,torch.float32,torch.float32,dense_device,,,False,False,False,False,False,True,1.0,240192,146273240,146273240,0,0,False,unknown,unknown,unknown,unknown,unknown,,6.09369612;6.06012821;6.06019211;6.05619192;6.06019211;6.05619192;6.060256;6.06432009;6.0613122;6.05404806;6.05606413;6.05456018;6.05456018;6.06479979;6.05456018;6.0566082;6.06070423;6.05353594;6.06070423;6.05865622,20,6.060064101219178,0.008595302575225,6.05353593826294,6.093696117401123,passed,0,0.0,5.960464477539062e-07,4.4703483581542975e-08,2.9525858735723887e-06,8.45278464112198e-06,2.9525858735723887e-06,8.45278464112198e-06,60048,0,full_state,passed,,6.059392213821411,,,,,,,,,,,3.4367697133020183
globalatomic_cudagraph,microns_mm3,NVIDIA GeForce RTX 5090,2.11.0+cu128,12.8,default,0.15,condensed,,,,,1cdc003dcba747e1,1,60048,256,1,6965260,115.99487077005062,microns_mm3,1,4531,251.05142100284277,2.1643320893087554,0.6903498928976086,412.0,1353.0,1.0,0.01,0.05,0.049999908927025,50.0,49.99990892702505,3002.39453125,2975.0,5837,373074.1875,398055.25,689696,0.768149554026951,0.7681495540269507,0.1559584714952446,1.944114918691201,sampled_16_timesteps_max_2048_sources,converged,6.432056427001953,0.05,0.0499999113380909,8.866190910616911e-08,True,20,SpMV,CUSPARSE_SPMV_ALG_DEFAULT,,,torch_cuda_event_cudagraph_replay,gpu_execution,full_rsnn,device_adapted,independent_inference,sparse_only,"(256, 1, 60048)","(256, 1, 60048)",60048,60048,1,1,BN,spmspv_csc_dense_device,spmspv_csc_dense_device,none,False,False,True,0,torch.int64,torch.float32,torch.float32,dense_device,,,False,False,False,False,False,True,1.0,240192,146273240,146273240,0,0,False,unknown,unknown,unknown,unknown,unknown,,7.33455992;7.31571198;7.31257582;7.31571198;7.31878424;7.31225586;7.31449604;7.30947208;7.31519985;7.31356812;7.31059217;7.31408024;7.31510401;7.31817579;7.30895996;7.30998421;7.30895996;7.31404781;7.31715202;7.31612778,20,7.314775991439819,0.0055180732029356,7.3089599609375,7.334559917449951,passed,0,0.0,5.662441253662109e-07,3.725290298461914e-08,2.822212991304696e-06,7.167214789660648e-06,2.822212991304696e-06,7.167214789660648e-06,60048,0,full_state,passed,,7.314288139343262,,,,,,,,,,,2.8471308820148984
vdha_cudagraph,microns_mm3,NVIDIA GeForce RTX 5090,2.11.0+cu128,12.8,default,0.15,condensed,,,,,1cdc003dcba747e1,1,60048,256,1,6965260,115.99487077005062,microns_mm3,1,4531,251.05142100284277,2.1643320893087554,0.6903498928976086,412.0,1353.0,1.0,0.01,0.05,0.049999908927025,50.0,49.99990892702505,3002.39453125,2975.0,5837,373074.1875,398055.25,689696,0.768149554026951,0.7681495540269507,0.1559584714952446,1.944114918691201,sampled_16_timesteps_max_2048_sources,converged,6.432056427001953,0.05,0.0499999113380909,8.866190910616911e-08,True,20,SpMV,CUSPARSE_SPMV_ALG_DEFAULT,,,torch_cuda_event_cudagraph_replay,gpu_execution,full_rsnn,device_adapted,independent_inference,sparse_only,"(256, 1, 60048)","(256, 1, 60048)",60048,60048,1,1,BN,spmspv_csc_dense_device,spmspv_csc_dense_device,none,False,False,True,0,torch.int64,torch.float32,torch.float32,dense_device,,,False,False,False,False,False,True,1.0,240192,146273240,146273240,0,0,False,unknown,unknown,unknown,unknown,unknown,,13.2758398;13.2338562;13.2358723;13.2384005;13.2393923;13.2475204;13.2384005;13.2414083;13.2413759;13.2407036;13.2378883;13.2354565;13.2405119;13.2393923;13.2379198;13.2379198;13.2368956;13.2399683;13.2481604;13.2450562,20,13.241596937179564,0.0088581523056223,13.233856201171877,13.275839805603027,passed,0,0.0,7.152557373046875e-07,4.4703483581542975e-08,3.474007144177449e-06,8.45278464112198e-06,3.474007144177449e-06,8.45278464112198e-06,60048,0,full_state,passed,,13.239392280578612,,,,,,,,,,,1.5729374279534052
persistent_spike_block,microns_mm3,NVIDIA GeForce RTX 5090,2.11.0+cu128,12.8,default,0.15,condensed,,,,,1cdc003dcba747e1,1,60048,256,1,6965260,115.99487077005062,microns_mm3,1,4531,251.05142100284277,2.1643320893087554,0.6903498928976086,412.0,1353.0,1.0,0.01,0.05,0.049999908927025,50.0,49.99990892702505,3002.39453125,2975.0,5837,373074.1875,398055.25,689696,0.768149554026951,0.7681495540269507,0.1559584714952446,1.944114918691201,sampled_16_timesteps_max_2048_sources,converged,6.432056427001953,0.05,0.0499999113380909,8.866190910616911e-08,True,20,SpMV,CUSPARSE_SPMV_ALG_DEFAULT,,,torch_cuda_event,gpu_execution,full_rsnn,device_native,independent_inference,full_fusion,"(256, 1, 60048)","(256, 1, 60048)",60048,60048,1,1,BN,event_csr,event_csr,dense_to_events_precomputed,False,True,True,0,torch.int32,torch.float32,torch.float32,windowed_events,,,False,False,False,False,False,False,1.0,1636312,57058580,57058580,0,0,False,unknown,unknown,unknown,unknown,unknown,,4.94748783;4.80764818;4.90025616;4.81692791;4.89408016;4.81382418;4.89513588;4.80771208;4.90431976;4.8067522;4.89404821;4.80764818;4.89926386;4.80755186;4.90227222;4.81907177;4.90431976;4.81388807;4.89472008;4.81283188,20,4.857488012313842,0.0486564563963351,4.80675220489502,4.947487831115723,passed,0,0.0,8.58306884765625e-06,4.76837158203125e-07,4.25172365794424e-05,8.9101871708408e-05,4.25172365794424e-05,8.9101871708408e-05,60048,0,full_state,passed,,4.856559991836548,,,,,,,4.287960135668879,,,,4.287960135668879
cusparse_direct_cudagraph,microns_mm3,NVIDIA GeForce RTX 5090,2.11.0+cu128,12.8,default,0.15,condensed,,,,,eeda3f38cba1dfd8,2,60048,256,1,6965260,115.99487077005062,microns_mm3,2,4531,251.05142100284277,2.1643320893087554,0.6903498928976086,412.0,1353.0,1.0,0.0,0.0,0.0,0.0,0.0,0.0,0.0,0,0.0,0.0,0,0.0,0.0,0.0,0.0,exact,converged,50.0,0.0,0.0,0.0,True,20,SpMV,CUSPARSE_SPMV_ALG_DEFAULT,,,torch_cuda_event,gpu_execution,full_rsnn,device_native,independent_inference,sparse_only,"(256, 1, 60048)","(256, 1, 60048)",60048,60048,1,1,BN,csr_post_by_pre,csr_post_by_pre,none,False,False,True,0,torch.int32,torch.float32,torch.float32,dense,,,False,False,False,False,False,True,1.0,27216,179661156,179661156,0,0,False,unknown,unknown,unknown,unknown,unknown,,20.8733768;20.8503685;20.8360004;20.8482876;20.8462391;20.8298569;20.829792;20.8319035;20.8462086;20.8400955;20.8298569;20.8298569;20.833952;20.827776;20.8349762;20.8278084;20.8298569;20.8360004;20.8400955;20.8319035,20,20.837710571289065,0.011006173142733,20.827775955200195,20.87337684631348,passed,0,0.0,0.0,0.0,0.0,0.0,0.0,0.0,60048,0,full_state,passed,,20.834464073181152,,,,,,,1.0,,,,1.0
tilespmspv_cudagraph,microns_mm3,NVIDIA GeForce RTX 5090,2.11.0+cu128,12.8,default,0.15,condensed,,,,,eeda3f38cba1dfd8,2,60048,256,1,6965260,115.99487077005062,microns_mm3,2,4531,251.05142100284277,2.1643320893087554,0.6903498928976086,412.0,1353.0,1.0,0.0,0.0,0.0,0.0,0.0,0.0,0.0,0,0.0,0.0,0,0.0,0.0,0.0,0.0,exact,converged,50.0,0.0,0.0,0.0,True,20,SpMV,CUSPARSE_SPMV_ALG_DEFAULT,,,torch_cuda_event_cudagraph_replay,gpu_execution,full_rsnn,device_adapted,independent_inference,sparse_only,"(256, 1, 60048)","(256, 1, 60048)",60048,60048,1,1,BN,spmspv_csc_dense_device,spmspv_csc_dense_device,none,False,False,True,0,torch.int64,torch.float32,torch.float32,dense_device,,,False,False,False,False,False,True,1.0,240192,146273240,146273240,0,0,False,unknown,unknown,unknown,unknown,unknown,,4.95731211;4.94560003;4.94860792;4.95174408;4.94502401;4.94675207;4.94912004;4.94713593;4.94822407;4.94716787;4.94719982;4.95068789;4.94352007;4.94659185;4.94960022;4.94556808;4.94863987;4.9475522;4.94966412;4.94659185,20,4.94811520576477,0.0029335600475902,4.9435200691223145,4.957312107086182,passed,0,0.0,0.0,0.0,0.0,0.0,0.0,0.0,60048,0,full_state,passed,,4.947376012802124,,,,,,,,,,,4.211214999480261
globalatomic_cudagraph,microns_mm3,NVIDIA GeForce RTX 5090,2.11.0+cu128,12.8,default,0.15,condensed,,,,,eeda3f38cba1dfd8,2,60048,256,1,6965260,115.99487077005062,microns_mm3,2,4531,251.05142100284277,2.1643320893087554,0.6903498928976086,412.0,1353.0,1.0,0.0,0.0,0.0,0.0,0.0,0.0,0.0,0,0.0,0.0,0,0.0,0.0,0.0,0.0,exact,converged,50.0,0.0,0.0,0.0,True,20,SpMV,CUSPARSE_SPMV_ALG_DEFAULT,,,torch_cuda_event_cudagraph_replay,gpu_execution,full_rsnn,device_adapted,independent_inference,sparse_only,"(256, 1, 60048)","(256, 1, 60048)",60048,60048,1,1,BN,spmspv_csc_dense_device,spmspv_csc_dense_device,none,False,False,True,0,torch.int64,torch.float32,torch.float32,dense_device,,,False,False,False,False,False,True,1.0,240192,146273240,146273240,0,0,False,unknown,unknown,unknown,unknown,unknown,,7.25340796;7.24428797;7.24339199;7.24438381;7.24956799;7.2464962;7.24745607;7.25260782;7.251616;7.25059223;7.250144;7.251616;7.2464962;7.24956799;7.25263977;7.24748802;7.2464962;7.24547195;7.25059223;7.24751997,20,7.248592019081116,0.0030448690886438,7.243391990661621,7.253407955169678,passed,0,0.0,0.0,0.0,0.0,0.0,0.0,0.0,60048,0,full_state,passed,,7.248543977737427,,,,,,,,,,,2.874296429347796
vdha_cudagraph,microns_mm3,NVIDIA GeForce RTX 5090,2.11.0+cu128,12.8,default,0.15,condensed,,,,,eeda3f38cba1dfd8,2,60048,256,1,6965260,115.99487077005062,microns_mm3,2,4531,251.05142100284277,2.1643320893087554,0.6903498928976086,412.0,1353.0,1.0,0.0,0.0,0.0,0.0,0.0,0.0,0.0,0,0.0,0.0,0,0.0,0.0,0.0,0.0,exact,converged,50.0,0.0,0.0,0.0,True,20,SpMV,CUSPARSE_SPMV_ALG_DEFAULT,,,torch_cuda_event_cudagraph_replay,gpu_execution,full_rsnn,device_adapted,independent_inference,sparse_only,"(256, 1, 60048)","(256, 1, 60048)",60048,60048,1,1,BN,spmspv_csc_dense_device,spmspv_csc_dense_device,none,False,False,True,0,torch.int64,torch.float32,torch.float32,dense_device,,,False,False,False,False,False,True,1.0,240192,146273240,146273240,0,0,False,unknown,unknown,unknown,unknown,unknown,,6.10441589;6.09769583;6.09743977;6.09753609;6.09763193;6.10156822;6.09955215;6.09542418;6.09756804;6.09555197;6.09449577;6.09750414;6.10172796;6.09491205;6.10166407;6.09756804;6.10160017;6.09756804;6.09548807;6.09142399,20,6.0979168176651,0.0030950743238916,6.091423988342285,6.104415893554688,passed,0,0.0,0.0,0.0,0.0,0.0,0.0,0.0,60048,0,full_state,passed,,6.097568035125732,,,,,,,,,,,3.4168481521094733
persistent_spike_block,microns_mm3,NVIDIA GeForce RTX 5090,2.11.0+cu128,12.8,default,0.15,condensed,,,,,eeda3f38cba1dfd8,2,60048,256,1,6965260,115.99487077005062,microns_mm3,2,4531,251.05142100284277,2.1643320893087554,0.6903498928976086,412.0,1353.0,1.0,0.0,0.0,0.0,0.0,0.0,0.0,0.0,0,0.0,0.0,0,0.0,0.0,0.0,0.0,exact,converged,50.0,0.0,0.0,0.0,True,20,SpMV,CUSPARSE_SPMV_ALG_DEFAULT,,,torch_cuda_event,gpu_execution,full_rsnn,device_native,independent_inference,full_fusion,"(256, 1, 60048)","(256, 1, 60048)",60048,60048,1,1,BN,event_csr,event_csr,dense_to_events_precomputed,False,True,True,0,torch.int32,torch.float32,torch.float32,windowed_events,,,False,False,False,False,False,False,1.0,1636312,56443688,56443688,0,0,False,unknown,unknown,unknown,unknown,unknown,,1.61231995;1.57327998;1.57491195;1.57324803;1.57491195;1.57324803;1.57695997;1.57324803;1.57494402;1.57529604;1.57695997;1.57427204;1.57491195;1.57632005;1.57494402;1.57222402;1.57494402;1.57529604;1.57488;1.57593596,20,1.5766528010368348,0.0084885988318586,1.5722240209579468,1.6123199462890625,passed,0,0.0,0.0,0.0,0.0,0.0,0.0,0.0,60048,0,full_state,passed,,1.5749279856681824,,,,,,,13.228836024741714,,,,13.228836024741714
cusparse_direct_cudagraph,microns_mm3,NVIDIA GeForce RTX 5090,2.11.0+cu128,12.8,default,0.15,condensed,,,,,bb5fa0e82a180383,2,60048,256,1,6965260,115.99487077005062,microns_mm3,2,4531,251.05142100284277,2.1643320893087554,0.6903498928976086,412.0,1353.0,1.0,0.0001,0.0001,9.99851160738076e-05,0.1,0.0999851160738076,6.00390625,6.0,7,670.60546875,1879.75,4655,0.0045497472560146,0.0164531066004031,0.0103895376855376,1.16590761223162,exact,converged,1.5625,0.0001,9.998511814046652e-05,1.4881859533493544e-08,True,20,SpMV,CUSPARSE_SPMV_ALG_DEFAULT,,,torch_cuda_event,gpu_execution,full_rsnn,device_native,independent_inference,sparse_only,"(256, 1, 60048)","(256, 1, 60048)",60048,60048,1,1,BN,csr_post_by_pre,csr_post_by_pre,none,False,False,True,0,torch.int32,torch.float32,torch.float32,dense,,,False,False,False,False,False,True,1.0,27216,179661156,179661156,0,0,False,unknown,unknown,unknown,unknown,unknown,,20.8607674;20.8463993;20.8461761;20.8462391;20.8523846;20.8441925;20.8523846;20.842144;20.8441925;20.842144;20.842144;20.8298569;20.8319035;20.8380489;20.8380489;20.8390083;20.8400955;20.8298569;20.8318405;20.829792,20,20.84138097763061,0.0083274090697971,20.82979202270508,20.860767364501957,passed,0,0.0,2.9802322387695312e-08,9.313225746154783e-10,1.4870049369619665e-07,1.8598484530230053e-07,1.4870049369619665e-07,1.8598484530230053e-07,60048,0,full_state,passed,,20.84214401245117,,,,,,,1.0,,,,1.0
tilespmspv_cudagraph,microns_mm3,NVIDIA GeForce RTX 5090,2.11.0+cu128,12.8,default,0.15,condensed,,,,,bb5fa0e82a180383,2,60048,256,1,6965260,115.99487077005062,microns_mm3,2,4531,251.05142100284277,2.1643320893087554,0.6903498928976086,412.0,1353.0,1.0,0.0001,0.0001,9.99851160738076e-05,0.1,0.0999851160738076,6.00390625,6.0,7,670.60546875,1879.75,4655,0.0045497472560146,0.0164531066004031,0.0103895376855376,1.16590761223162,exact,converged,1.5625,0.0001,9.998511814046652e-05,1.4881859533493544e-08,True,20,SpMV,CUSPARSE_SPMV_ALG_DEFAULT,,,torch_cuda_event_cudagraph_replay,gpu_execution,full_rsnn,device_adapted,independent_inference,sparse_only,"(256, 1, 60048)","(256, 1, 60048)",60048,60048,1,1,BN,spmspv_csc_dense_device,spmspv_csc_dense_device,none,False,False,True,0,torch.int64,torch.float32,torch.float32,dense_device,,,False,False,False,False,False,True,1.0,240192,146273240,146273240,0,0,False,unknown,unknown,unknown,unknown,unknown,,5.14044809;5.12521601;5.12630415;5.12518406;5.12688017;5.12726402;5.1262722;5.12591982;5.12720013;5.12480021;5.12931204;5.12886381;5.12777615;5.12886381;5.13193607;5.13091183;5.13193607;5.12982416;5.13091183;5.12988806,20,5.128785634040833,0.0035485527976848,5.124800205230713,5.140448093414307,passed,0,0.0,0.0,0.0,0.0,0.0,0.0,0.0,60048,0,full_state,passed,,5.128319978713989,,,,,,,,,,,4.064127062851036
globalatomic_cudagraph,microns_mm3,NVIDIA GeForce RTX 5090,2.11.0+cu128,12.8,default,0.15,condensed,,,,,bb5fa0e82a180383,2,60048,256,1,6965260,115.99487077005062,microns_mm3,2,4531,251.05142100284277,2.1643320893087554,0.6903498928976086,412.0,1353.0,1.0,0.0001,0.0001,9.99851160738076e-05,0.1,0.0999851160738076,6.00390625,6.0,7,670.60546875,1879.75,4655,0.0045497472560146,0.0164531066004031,0.0103895376855376,1.16590761223162,exact,converged,1.5625,0.0001,9.998511814046652e-05,1.4881859533493544e-08,True,20,SpMV,CUSPARSE_SPMV_ALG_DEFAULT,,,torch_cuda_event_cudagraph_replay,gpu_execution,full_rsnn,device_adapted,independent_inference,sparse_only,"(256, 1, 60048)","(256, 1, 60048)",60048,60048,1,1,BN,spmspv_csc_dense_device,spmspv_csc_dense_device,none,False,False,True,0,torch.int64,torch.float32,torch.float32,dense_device,,,False,False,False,False,False,True,1.0,240192,146273240,146273240,0,0,False,unknown,unknown,unknown,unknown,unknown,,7.2945919;7.27523184;7.2801919;7.27120018;7.2740159;7.27107191;7.26800013;7.27510405;7.2782402;7.27727985;7.27142382;7.27721596;7.27619219;7.27721596;7.2782402;7.27516794;7.27516794;7.26800013;7.27311993;7.2782402,20,7.275745606422424,0.0055861428652263,7.26800012588501,7.294591903686523,passed,0,0.0,0.0,0.0,0.0,0.0,0.0,0.0,60048,0,full_state,passed,,7.275199890136719,,,,,,,,,,,2.8648208059145848
vdha_cudagraph,microns_mm3,NVIDIA GeForce RTX 5090,2.11.0+cu128,12.8,default,0.15,condensed,,,,,bb5fa0e82a180383,2,60048,256,1,6965260,115.99487077005062,microns_mm3,2,4531,251.05142100284277,2.1643320893087554,0.6903498928976086,412.0,1353.0,1.0,0.0001,0.0001,9.99851160738076e-05,0.1,0.0999851160738076,6.00390625,6.0,7,670.60546875,1879.75,4655,0.0045497472560146,0.0164531066004031,0.0103895376855376,1.16590761223162,exact,converged,1.5625,0.0001,9.998511814046652e-05,1.4881859533493544e-08,True,20,SpMV,CUSPARSE_SPMV_ALG_DEFAULT,,,torch_cuda_event_cudagraph_replay,gpu_execution,full_rsnn,device_adapted,independent_inference,sparse_only,"(256, 1, 60048)","(256, 1, 60048)",60048,60048,1,1,BN,spmspv_csc_dense_device,spmspv_csc_dense_device,none,False,False,True,0,torch.int64,torch.float32,torch.float32,dense_device,,,False,False,False,False,False,True,1.0,240192,146273240,146273240,0,0,False,unknown,unknown,unknown,unknown,unknown,,7.97091198;7.95628786;7.9540801;7.95606422;7.95094395;7.95820808;7.95142412;7.96230412;7.95606422;7.9552002;7.95203209;7.95203209;7.94992018;7.95350409;7.95100784;7.95203209;7.94998407;7.94998407;7.95203209;7.95305586,20,7.954353666305542,0.0050044134065398,7.949920177459717,7.970911979675293,passed,0,0.0,0.0,2.273736754432321e-13,0.0,4.547472468030556e-11,0.0,4.547472468030556e-11,60048,0,full_state,passed,,7.9525439739227295,,,,,,,,,,,2.620814682797714
persistent_spike_block,microns_mm3,NVIDIA GeForce RTX 5090,2.11.0+cu128,12.8,default,0.15,condensed,,,,,bb5fa0e82a180383,2,60048,256,1,6965260,115.99487077005062,microns_mm3,2,4531,251.05142100284277,2.1643320893087554,0.6903498928976086,412.0,1353.0,1.0,0.0001,0.0001,9.99851160738076e-05,0.1,0.0999851160738076,6.00390625,6.0,7,670.60546875,1879.75,4655,0.0045497472560146,0.0164531066004031,0.0103895376855376,1.16590761223162,exact,converged,1.5625,0.0001,9.998511814046652e-05,1.4881859533493544e-08,True,20,SpMV,CUSPARSE_SPMV_ALG_DEFAULT,,,torch_cuda_event,gpu_execution,full_rsnn,device_native,independent_inference,full_fusion,"(256, 1, 60048)","(256, 1, 60048)",60048,60048,1,1,BN,event_csr,event_csr,dense_to_events_precomputed,False,True,True,0,torch.int32,torch.float32,torch.float32,windowed_events,,,False,False,False,False,False,False,1.0,1636312,56449836,56449836,0,0,False,unknown,unknown,unknown,unknown,unknown,,2.59168005;2.53894401;2.53958392;2.53584003;2.5404799;2.53590393;2.53558397;2.53996801;2.53334403;2.53792;2.53340793;2.53795195;2.53539205;2.53587198;2.53238392;2.53590393;2.53542399;2.53792;2.53235197;2.53849602,20,2.5392175793647764,0.0125845414236752,2.5323519706726074,2.59168004989624,passed,0,0.0,2.9802322387695312e-08,1.1641532182693479e-10,1.4870049369619665e-07,2.3276971461427823e-08,1.4870049369619665e-07,2.3276971461427823e-08,60048,0,full_state,passed,,2.5359039306640625,,,,,,,8.218822393241593,,,,8.218822393241593
cusparse_direct_cudagraph,microns_mm3,NVIDIA GeForce RTX 5090,2.11.0+cu128,12.8,default,0.15,condensed,,,,,e3f593b27e873db0,2,60048,256,1,6965260,115.99487077005062,microns_mm3,2,4531,251.05142100284277,2.1643320893087554,0.6903498928976086,412.0,1353.0,1.0,0.0002,0.0002,0.0001999702321476,0.2,0.1999702321476152,12.0078125,12.0,15,1371.0703125,3040.0,6765,0.0128767291558658,0.0309505017093671,0.0164466163432199,1.2491867273910215,exact,converged,1.5625,0.0002,0.0001999702362809,2.9763719066987085e-08,True,20,SpMV,CUSPARSE_SPMV_ALG_DEFAULT,,,torch_cuda_event,gpu_execution,full_rsnn,device_native,independent_inference,sparse_only,"(256, 1, 60048)","(256, 1, 60048)",60048,60048,1,1,BN,csr_post_by_pre,csr_post_by_pre,none,False,False,True,0,torch.int32,torch.float32,torch.float32,dense,,,False,False,False,False,False,True,1.0,27216,179661156,179661156,0,0,False,unknown,unknown,unknown,unknown,unknown,,20.8757114;20.8485756;20.8400326;20.835968;20.835968;20.8298569;20.8380489;20.8400955;20.8360004;20.8441925;20.8359356;20.8380489;20.833952;20.8319035;20.8513603;20.833952;20.8441925;20.8482876;20.8462391;20.8360004,20,20.84121608734131,0.0100559911996212,20.829856872558597,20.87571144104004,passed,0,0.0,5.960464477539064e-08,9.313225746154783e-10,2.971231651827111e-07,1.8555468273007136e-07,2.971231651827111e-07,1.8555468273007136e-07,60048,0,full_state,passed,,20.838048934936523,,,,,,,1.0,,,,1.0
tilespmspv_cudagraph,microns_mm3,NVIDIA GeForce RTX 5090,2.11.0+cu128,12.8,default,0.15,condensed,,,,,e3f593b27e873db0,2,60048,256,1,6965260,115.99487077005062,microns_mm3,2,4531,251.05142100284277,2.1643320893087554,0.6903498928976086,412.0,1353.0,1.0,0.0002,0.0002,0.0001999702321476,0.2,0.1999702321476152,12.0078125,12.0,15,1371.0703125,3040.0,6765,0.0128767291558658,0.0309505017093671,0.0164466163432199,1.2491867273910215,exact,converged,1.5625,0.0002,0.0001999702362809,2.9763719066987085e-08,True,20,SpMV,CUSPARSE_SPMV_ALG_DEFAULT,,,torch_cuda_event_cudagraph_replay,gpu_execution,full_rsnn,device_adapted,independent_inference,sparse_only,"(256, 1, 60048)","(256, 1, 60048)",60048,60048,1,1,BN,spmspv_csc_dense_device,spmspv_csc_dense_device,none,False,False,True,0,torch.int64,torch.float32,torch.float32,dense_device,,,False,False,False,False,False,True,1.0,240192,146273240,146273240,0,0,False,unknown,unknown,unknown,unknown,unknown,,5.15884781;5.15187216;5.15305614;5.15199995;5.15084791;5.15395212;5.1530242;5.15254402;5.15087986;5.1520319;5.14886379;5.15036821;5.15446377;5.14934397;5.15036821;5.14934397;5.15036821;5.15139198;5.15241623;5.15548801,20,5.152073621749878,0.0023660643225811,5.148863792419434,5.158847808837891,passed,0,0.0,0.0,0.0,0.0,0.0,0.0,0.0,60048,0,full_state,passed,,5.151936054229736,,,,,,,,,,,4.04470255756154
globalatomic_cudagraph,microns_mm3,NVIDIA GeForce RTX 5090,2.11.0+cu128,12.8,default,0.15,condensed,,,,,e3f593b27e873db0,2,60048,256,1,6965260,115.99487077005062,microns_mm3,2,4531,251.05142100284277,2.1643320893087554,0.6903498928976086,412.0,1353.0,1.0,0.0002,0.0002,0.0001999702321476,0.2,0.1999702321476152,12.0078125,12.0,15,1371.0703125,3040.0,6765,0.0128767291558658,0.0309505017093671,0.0164466163432199,1.2491867273910215,exact,converged,1.5625,0.0002,0.0001999702362809,2.9763719066987085e-08,True,20,SpMV,CUSPARSE_SPMV_ALG_DEFAULT,,,torch_cuda_event_cudagraph_replay,gpu_execution,full_rsnn,device_adapted,independent_inference,sparse_only,"(256, 1, 60048)","(256, 1, 60048)",60048,60048,1,1,BN,spmspv_csc_dense_device,spmspv_csc_dense_device,none,False,False,True,0,torch.int64,torch.float32,torch.float32,dense_device,,,False,False,False,False,False,True,1.0,240192,146273240,146273240,0,0,False,unknown,unknown,unknown,unknown,unknown,,7.28428793;7.27279997;7.27404785;7.27721596;7.27209616;7.27932787;7.27612782;7.27916813;7.27203178;7.27516794;7.27779198;7.27311993;7.28028822;7.27516794;7.27619219;7.27926397;7.27721596;7.27414417;7.27516794;7.27209616,20,7.276135993003845,0.0032345929414147,7.272031784057617,7.284287929534912,passed,0,0.0,0.0,0.0,0.0,0.0,0.0,0.0,60048,0,full_state,passed,,7.275647878646851,,,,,,,,,,,2.8640815611890296
vdha_cudagraph,microns_mm3,NVIDIA GeForce RTX 5090,2.11.0+cu128,12.8,default,0.15,condensed,,,,,e3f593b27e873db0,2,60048,256,1,6965260,115.99487077005062,microns_mm3,2,4531,251.05142100284277,2.1643320893087554,0.6903498928976086,412.0,1353.0,1.0,0.0002,0.0002,0.0001999702321476,0.2,0.1999702321476152,12.0078125,12.0,15,1371.0703125,3040.0,6765,0.0128767291558658,0.0309505017093671,0.0164466163432199,1.2491867273910215,exact,converged,1.5625,0.0002,0.0001999702362809,2.9763719066987085e-08,True,20,SpMV,CUSPARSE_SPMV_ALG_DEFAULT,,,torch_cuda_event_cudagraph_replay,gpu_execution,full_rsnn,device_adapted,independent_inference,sparse_only,"(256, 1, 60048)","(256, 1, 60048)",60048,60048,1,1,BN,spmspv_csc_dense_device,spmspv_csc_dense_device,none,False,False,True,0,torch.int64,torch.float32,torch.float32,dense_device,,,False,False,False,False,False,True,1.0,240192,146273240,146273240,0,0,False,unknown,unknown,unknown,unknown,unknown,,9.32985592;9.31628799;9.31910419;9.31401634;9.31280041;9.31801605;9.30886364;9.31801605;9.31599998;9.31907177;9.31801605;9.31500816;9.31801605;9.31446362;9.31395245;9.31488037;9.31596756;9.31596756;9.31497574;9.30985641,20,9.316156816482543,0.004227680138008,9.308863639831545,9.329855918884276,passed,0,0.0,2.3283064365386963e-10,0.0,1.164129681541226e-09,0.0,1.164129681541226e-09,0.0,60048,0,full_state,passed,,9.315967559814451,,,,,,,,,,,2.236809950350617
persistent_spike_block,microns_mm3,NVIDIA GeForce RTX 5090,2.11.0+cu128,12.8,default,0.15,condensed,,,,,e3f593b27e873db0,2,60048,256,1,6965260,115.99487077005062,microns_mm3,2,4531,251.05142100284277,2.1643320893087554,0.6903498928976086,412.0,1353.0,1.0,0.0002,0.0002,0.0001999702321476,0.2,0.1999702321476152,12.0078125,12.0,15,1371.0703125,3040.0,6765,0.0128767291558658,0.0309505017093671,0.0164466163432199,1.2491867273910215,exact,converged,1.5625,0.0002,0.0001999702362809,2.9763719066987085e-08,True,20,SpMV,CUSPARSE_SPMV_ALG_DEFAULT,,,torch_cuda_event,gpu_execution,full_rsnn,device_native,independent_inference,full_fusion,"(256, 1, 60048)","(256, 1, 60048)",60048,60048,1,1,BN,event_csr,event_csr,dense_to_events_precomputed,False,True,True,0,torch.int32,torch.float32,torch.float32,windowed_events,,,False,False,False,False,False,False,1.0,1636312,56455984,56455984,0,0,False,unknown,unknown,unknown,unknown,unknown,,3.01747203;2.96345592;2.96588802;2.96019197;2.96691203;2.96038389;2.96387196;2.95731211;2.96384001;2.9614079;2.96387196;2.96540809;2.96512008;2.96643209;2.96486402;2.96233606;2.96691203;2.9562881;2.9614079;2.96550393,20,2.965944004058838,0.0124914702671911,2.9562880992889404,3.0174720287323,passed,0,0.0,5.960464477539064e-08,4.656612873077393e-10,2.971231651827111e-07,9.295176539581008e-08,2.971231651827111e-07,9.295176539581008e-08,60048,0,full_state,passed,,2.963871955871582,,,,,,,7.030684606214274,,,,7.030684606214274
cusparse_direct_cudagraph,microns_mm3,NVIDIA GeForce RTX 5090,2.11.0+cu128,12.8,default,0.15,condensed,,,,,731ecc265f476a02,2,60048,256,1,6965260,115.99487077005062,microns_mm3,2,4531,251.05142100284277,2.1643320893087554,0.6903498928976086,412.0,1353.0,1.0,0.0005,0.0005,0.000499990632494,0.5,0.4999906324940048,30.0234375,30.0,46,3412.609375,5804.5,9656,0.0384166276201004,0.0778965304642985,0.0347002121334183,1.532136351808483,exact,converged,1.5625,0.0005,0.0004999906523153,9.347684681425966e-09,True,20,SpMV,CUSPARSE_SPMV_ALG_DEFAULT,,,torch_cuda_event,gpu_execution,full_rsnn,device_native,independent_inference,sparse_only,"(256, 1, 60048)","(256, 1, 60048)",60048,60048,1,1,BN,csr_post_by_pre,csr_post_by_pre,none,False,False,True,0,torch.int32,torch.float32,torch.float32,dense,,,False,False,False,False,False,True,1.0,27216,179661156,179661156,0,0,False,unknown,unknown,unknown,unknown,unknown,,20.8544006;20.8321285;20.8523846;20.8482876;20.8482876;20.8278084;20.833952;20.833952;20.8380489;20.833952;20.8360004;20.8257599;20.8257599;20.8319035;20.8390713;20.8400955;20.842144;20.8319035;20.8380489;20.833952,20,20.837392044067386,0.0082230558631289,20.825759887695312,20.854400634765625,passed,0,0.0,1.1920928955078125e-07,3.725290298461914e-09,5.928887389927695e-07,7.385141316262889e-07,5.928887389927695e-07,7.385141316262889e-07,60048,0,full_state,passed,,20.834976196289062,,,,,,,1.0,,,,1.0
tilespmspv_cudagraph,microns_mm3,NVIDIA GeForce RTX 5090,2.11.0+cu128,12.8,default,0.15,condensed,,,,,731ecc265f476a02,2,60048,256,1,6965260,115.99487077005062,microns_mm3,2,4531,251.05142100284277,2.1643320893087554,0.6903498928976086,412.0,1353.0,1.0,0.0005,0.0005,0.000499990632494,0.5,0.4999906324940048,30.0234375,30.0,46,3412.609375,5804.5,9656,0.0384166276201004,0.0778965304642985,0.0347002121334183,1.532136351808483,exact,converged,1.5625,0.0005,0.0004999906523153,9.347684681425966e-09,True,20,SpMV,CUSPARSE_SPMV_ALG_DEFAULT,,,torch_cuda_event_cudagraph_replay,gpu_execution,full_rsnn,device_adapted,independent_inference,sparse_only,"(256, 1, 60048)","(256, 1, 60048)",60048,60048,1,1,BN,spmspv_csc_dense_device,spmspv_csc_dense_device,none,False,False,True,0,torch.int64,torch.float32,torch.float32,dense_device,,,False,False,False,False,False,True,1.0,240192,146273240,146273240,0,0,False,unknown,unknown,unknown,unknown,unknown,,5.23260784;5.21494389;5.22041607;5.21593618;5.21836805;5.21536016;5.21494389;5.2179842;5.21628809;5.21948814;5.21433592;5.21999979;5.21897602;5.21788788;5.2230401;5.21795177;5.22307205;5.21385622;5.22102404;5.21999979,20,5.218824005126953,0.0042343879559167,5.213856220245361,5.232607841491699,passed,0,0.0,3.725290298461914e-09,1.1641532182693479e-10,1.8624039199721665e-08,2.3277527461118552e-08,1.8624039199721665e-08,2.3277527461118552e-08,60048,0,full_state,passed,,5.218176126480103,,,,,,,,,,,3.992769828247097
globalatomic_cudagraph,microns_mm3,NVIDIA GeForce RTX 5090,2.11.0+cu128,12.8,default,0.15,condensed,,,,,731ecc265f476a02,2,60048,256,1,6965260,115.99487077005062,microns_mm3,2,4531,251.05142100284277,2.1643320893087554,0.6903498928976086,412.0,1353.0,1.0,0.0005,0.0005,0.000499990632494,0.5,0.4999906324940048,30.0234375,30.0,46,3412.609375,5804.5,9656,0.0384166276201004,0.0778965304642985,0.0347002121334183,1.532136351808483,exact,converged,1.5625,0.0005,0.0004999906523153,9.347684681425966e-09,True,20,SpMV,CUSPARSE_SPMV_ALG_DEFAULT,,,torch_cuda_event_cudagraph_replay,gpu_execution,full_rsnn,device_adapted,independent_inference,sparse_only,"(256, 1, 60048)","(256, 1, 60048)",60048,60048,1,1,BN,spmspv_csc_dense_device,spmspv_csc_dense_device,none,False,False,True,0,torch.int64,torch.float32,torch.float32,dense_device,,,False,False,False,False,False,True,1.0,240192,146273240,146273240,0,0,False,unknown,unknown,unknown,unknown,unknown,,7.31372786;7.30560017;7.30032015;7.29996777;7.29596806;7.30339193;7.29817581;7.30124807;7.30083179;7.29974413;7.29811192;7.30793619;7.31100798;7.30384016;7.30688;7.30384016;7.30486393;7.30998421;7.3007679;7.30179214,20,7.303400015830993,0.0046668877468838,7.295968055725098,7.313727855682373,passed,0,0.0,1.862645149230957e-09,0.0,9.310954673935612e-09,0.0,9.310954673935612e-09,0.0,60048,0,full_state,passed,,7.302592039108276,,,,,,,,,,,2.853093269445904
vdha_cudagraph,microns_mm3,NVIDIA GeForce RTX 5090,2.11.0+cu128,12.8,default,0.15,condensed,,,,,731ecc265f476a02,2,60048,256,1,6965260,115.99487077005062,microns_mm3,2,4531,251.05142100284277,2.1643320893087554,0.6903498928976086,412.0,1353.0,1.0,0.0005,0.0005,0.000499990632494,0.5,0.4999906324940048,30.0234375,30.0,46,3412.609375,5804.5,9656,0.0384166276201004,0.0778965304642985,0.0347002121334183,1.532136351808483,exact,converged,1.5625,0.0005,0.0004999906523153,9.347684681425966e-09,True,20,SpMV,CUSPARSE_SPMV_ALG_DEFAULT,,,torch_cuda_event_cudagraph_replay,gpu_execution,full_rsnn,device_adapted,independent_inference,sparse_only,"(256, 1, 60048)","(256, 1, 60048)",60048,60048,1,1,BN,spmspv_csc_dense_device,spmspv_csc_dense_device,none,False,False,True,0,torch.int64,torch.float32,torch.float32,dense_device,,,False,False,False,False,False,True,1.0,240192,146273240,146273240,0,0,False,unknown,unknown,unknown,unknown,unknown,,11.0921278;11.084672;11.0766077;11.0805759;11.078208;11.085824;11.0803518;11.0870085;11.0803843;11.0825281;11.0791683;11.0824318;11.0799685;11.0838079;11.0895681;11.0824003;11.0824003;11.0813761;11.0803518;11.0844479,20,11.082710456848144,0.0037885610979732,11.076607704162598,11.092127799987791,passed,0,0.0,1.862645149230957e-09,8.731149137020111e-11,9.311676762990828e-09,1.7459393930607803e-08,9.311676762990828e-09,1.7459393930607803e-08,60048,0,full_state,passed,,11.08240032196045,,,,,,,,,,,1.8800057380171775
persistent_spike_block,microns_mm3,NVIDIA GeForce RTX 5090,2.11.0+cu128,12.8,default,0.15,condensed,,,,,731ecc265f476a02,2,60048,256,1,6965260,115.99487077005062,microns_mm3,2,4531,251.05142100284277,2.1643320893087554,0.6903498928976086,412.0,1353.0,1.0,0.0005,0.0005,0.000499990632494,0.5,0.4999906324940048,30.0234375,30.0,46,3412.609375,5804.5,9656,0.0384166276201004,0.0778965304642985,0.0347002121334183,1.532136351808483,exact,converged,1.5625,0.0005,0.0004999906523153,9.347684681425966e-09,True,20,SpMV,CUSPARSE_SPMV_ALG_DEFAULT,,,torch_cuda_event,gpu_execution,full_rsnn,device_native,independent_inference,full_fusion,"(256, 1, 60048)","(256, 1, 60048)",60048,60048,1,1,BN,event_csr,event_csr,dense_to_events_precomputed,False,True,True,0,torch.int32,torch.float32,torch.float32,windowed_events,,,False,False,False,False,False,False,1.0,1636312,56474432,56474432,0,0,False,unknown,unknown,unknown,unknown,unknown,,3.63993597;3.60556793;3.60902405;3.60550404;3.60800004;3.60233593;3.606112;3.60550404;3.60598397;3.60460806;3.60595202;3.6014719;3.60595202;3.59724808;3.60191989;3.60870409;3.60796809;3.60854411;3.61164808;3.61267209,20,3.607732820510864,0.0083622695246603,3.597248077392578,3.639935970306397,passed,0,0.0,1.1920928955078125e-07,9.313225746154783e-10,5.928887389927695e-07,1.8593352990592399e-07,5.928887389927695e-07,1.8593352990592399e-07,60048,0,full_state,passed,,3.605967998504639,,,,,,,5.777914891349322,,,,5.777914891349322
cusparse_direct_cudagraph,microns_mm3,NVIDIA GeForce RTX 5090,2.11.0+cu128,12.8,default,0.15,condensed,,,,,1450426a854c6680,2,60048,256,1,6965260,115.99487077005062,microns_mm3,2,4531,251.05142100284277,2.1643320893087554,0.6903498928976086,412.0,1353.0,1.0,0.001,0.001,0.000999981264988,1.0,0.9999812649880097,60.046875,60.0,120,6994.04296875,10584.75,13652,0.0788671346099734,0.1330700873440757,0.0722433125518313,1.9984387197501952,exact,converged,1.5625,0.001,0.0009999813046306,1.869536936285193e-08,True,20,SpMV,CUSPARSE_SPMV_ALG_DEFAULT,,,torch_cuda_event,gpu_execution,full_rsnn,device_native,independent_inference,sparse_only,"(256, 1, 60048)","(256, 1, 60048)",60048,60048,1,1,BN,csr_post_by_pre,csr_post_by_pre,none,False,False,True,0,torch.int32,torch.float32,torch.float32,dense,,,False,False,False,False,False,True,1.0,27216,179661156,179661156,0,0,False,unknown,unknown,unknown,unknown,unknown,,20.8520641;20.8444481;20.8605766;20.8461761;20.8503361;20.8441277;20.8380489;20.842144;20.8319035;20.8298569;20.8360004;20.8319035;20.8380489;20.8298569;20.8247356;20.8380489;20.833952;20.8278084;20.8380489;20.8462391,20,20.839216232299805,0.0090852475789159,20.82473564147949,20.860576629638672,passed,0,0.0,5.960464477539064e-08,9.313225746154783e-10,2.974249184717337e-07,1.859795730752012e-07,2.974249184717337e-07,1.859795730752012e-07,60048,0,full_state,passed,,20.838048934936523,,,,,,,1.0,,,,1.0
tilespmspv_cudagraph,microns_mm3,NVIDIA GeForce RTX 5090,2.11.0+cu128,12.8,default,0.15,condensed,,,,,1450426a854c6680,2,60048,256,1,6965260,115.99487077005062,microns_mm3,2,4531,251.05142100284277,2.1643320893087554,0.6903498928976086,412.0,1353.0,1.0,0.001,0.001,0.000999981264988,1.0,0.9999812649880097,60.046875,60.0,120,6994.04296875,10584.75,13652,0.0788671346099734,0.1330700873440757,0.0722433125518313,1.9984387197501952,exact,converged,1.5625,0.001,0.0009999813046306,1.869536936285193e-08,True,20,SpMV,CUSPARSE_SPMV_ALG_DEFAULT,,,torch_cuda_event_cudagraph_replay,gpu_execution,full_rsnn,device_adapted,independent_inference,sparse_only,"(256, 1, 60048)","(256, 1, 60048)",60048,60048,1,1,BN,spmspv_csc_dense_device,spmspv_csc_dense_device,none,False,False,True,0,torch.int64,torch.float32,torch.float32,dense_device,,,False,False,False,False,False,True,1.0,240192,146273240,146273240,0,0,False,unknown,unknown,unknown,unknown,unknown,,5.35859203;5.3129282;5.31571198;5.31465578;5.31382418;5.31683207;5.31379223;5.31276798;5.31587219;5.31542397;5.31766415;5.30908823;5.31420803;5.31318378;5.31420803;5.31318378;5.3152318;5.31830406;5.31519985;5.31625605,20,5.316846418380737,0.0100304918568922,5.309088230133057,5.358592033386231,passed,0,0.0,7.450580596923828e-09,4.656612873077393e-10,3.7235373895327946e-08,9.299631642534224e-08,3.7235373895327946e-08,9.299631642534224e-08,60048,0,full_state,passed,,5.314927816390991,,,,,,,,,,,3.920664523546857
globalatomic_cudagraph,microns_mm3,NVIDIA GeForce RTX 5090,2.11.0+cu128,12.8,default,0.15,condensed,,,,,1450426a854c6680,2,60048,256,1,6965260,115.99487077005062,microns_mm3,2,4531,251.05142100284277,2.1643320893087554,0.6903498928976086,412.0,1353.0,1.0,0.001,0.001,0.000999981264988,1.0,0.9999812649880097,60.046875,60.0,120,6994.04296875,10584.75,13652,0.0788671346099734,0.1330700873440757,0.0722433125518313,1.9984387197501952,exact,converged,1.5625,0.001,0.0009999813046306,1.869536936285193e-08,True,20,SpMV,CUSPARSE_SPMV_ALG_DEFAULT,,,torch_cuda_event_cudagraph_replay,gpu_execution,full_rsnn,device_adapted,independent_inference,sparse_only,"(256, 1, 60048)","(256, 1, 60048)",60048,60048,1,1,BN,spmspv_csc_dense_device,spmspv_csc_dense_device,none,False,False,True,0,torch.int64,torch.float32,torch.float32,dense_device,,,False,False,False,False,False,True,1.0,240192,146273240,146273240,0,0,False,unknown,unknown,unknown,unknown,unknown,,7.33750391;7.32851219;7.327456;7.33446407;7.33145618;7.33052778;7.33548784;7.33056021;7.33135986;7.3325119;7.33302402;7.33660793;7.32944012;7.33865595;7.33148813;7.32835197;7.33353615;7.33455992;7.33148813;7.32841587,20,7.332270407676697,0.0031938708969443,7.327455997467041,7.338655948638916,passed,0,0.0,7.450580596923828e-09,4.656612873077393e-10,3.7235373895327946e-08,9.299631642534224e-08,3.7235373895327946e-08,9.299631642534224e-08,60048,0,full_state,passed,,7.331488132476807,,,,,,,,,,,2.842267293952064
vdha_cudagraph,microns_mm3,NVIDIA GeForce RTX 5090,2.11.0+cu128,12.8,default,0.15,condensed,,,,,1450426a854c6680,2,60048,256,1,6965260,115.99487077005062,microns_mm3,2,4531,251.05142100284277,2.1643320893087554,0.6903498928976086,412.0,1353.0,1.0,0.001,0.001,0.000999981264988,1.0,0.9999812649880097,60.046875,60.0,120,6994.04296875,10584.75,13652,0.0788671346099734,0.1330700873440757,0.0722433125518313,1.9984387197501952,exact,converged,1.5625,0.001,0.0009999813046306,1.869536936285193e-08,True,20,SpMV,CUSPARSE_SPMV_ALG_DEFAULT,,,torch_cuda_event_cudagraph_replay,gpu_execution,full_rsnn,device_adapted,independent_inference,sparse_only,"(256, 1, 60048)","(256, 1, 60048)",60048,60048,1,1,BN,spmspv_csc_dense_device,spmspv_csc_dense_device,none,False,False,True,0,torch.int64,torch.float32,torch.float32,dense_device,,,False,False,False,False,False,True,1.0,240192,146273240,146273240,0,0,False,unknown,unknown,unknown,unknown,unknown,,12.6197443;12.6094398;12.6091518;12.6051197;12.6071358;12.6050882;12.6050558;12.6010561;12.6071682;12.607008;12.6091518;12.6113281;12.6091204;12.6106243;12.6050558;12.6050882;12.6112318;12.6132803;12.6071358;12.6071358,20,12.608256006240843,0.0039310706687182,12.601056098937988,12.619744300842283,passed,0,0.0,2.9802322387695312e-08,9.313225746154783e-10,1.4859624286600592e-07,1.8582237260034162e-07,1.4859624286600592e-07,1.8582237260034162e-07,60048,0,full_state,passed,,12.607151985168455,,,,,,,,,,,1.6528752060299752
persistent_spike_block,microns_mm3,NVIDIA GeForce RTX 5090,2.11.0+cu128,12.8,default,0.15,condensed,,,,,1450426a854c6680,2,60048,256,1,6965260,115.99487077005062,microns_mm3,2,4531,251.05142100284277,2.1643320893087554,0.6903498928976086,412.0,1353.0,1.0,0.001,0.001,0.000999981264988,1.0,0.9999812649880097,60.046875,60.0,120,6994.04296875,10584.75,13652,0.0788671346099734,0.1330700873440757,0.0722433125518313,1.9984387197501952,exact,converged,1.5625,0.001,0.0009999813046306,1.869536936285193e-08,True,20,SpMV,CUSPARSE_SPMV_ALG_DEFAULT,,,torch_cuda_event,gpu_execution,full_rsnn,device_native,independent_inference,full_fusion,"(256, 1, 60048)","(256, 1, 60048)",60048,60048,1,1,BN,event_csr,event_csr,dense_to_events_precomputed,False,True,True,0,torch.int32,torch.float32,torch.float32,windowed_events,,,False,False,False,False,False,False,1.0,1636312,56505176,56505176,0,0,False,unknown,unknown,unknown,unknown,unknown,,4.13689613;4.10316801;4.09945583;4.09910393;4.08921623;4.09078407;4.09942389;4.09510422;4.09743977;4.09292793;4.09743977;4.09705591;4.09945583;4.10108805;4.09532785;4.09692812;4.0953598;4.09907198;4.09292793;4.09190416,20,4.098503971099854,0.009721673097997,4.089216232299805,4.136896133422852,passed,0,0.0,5.960464477539064e-08,9.313225746154783e-10,2.974249184717337e-07,1.8589456374229485e-07,2.974249184717337e-07,1.8589456374229485e-07,60048,0,full_state,passed,,4.097247838973999,,,,,,,5.085864891237486,,,,5.085864891237486
cusparse_direct_cudagraph,microns_mm3,NVIDIA GeForce RTX 5090,2.11.0+cu128,12.8,default,0.15,condensed,,,,,23729272e196c91e,2,60048,256,1,6965260,115.99487077005062,microns_mm3,2,4531,251.05142100284277,2.1643320893087554,0.6903498928976086,412.0,1353.0,1.0,0.002,0.002,0.0020000275821009,2.0,2.000027582100986,120.09765625,119.0,238,14215.89453125,19139.5,30977,0.1539787306733249,0.2052294277014676,0.0924464636575724,1.9817206049764189,exact,converged,1.5625,0.002,0.0020000275690108,2.7569010853725762e-08,True,20,SpMV,CUSPARSE_SPMV_ALG_DEFAULT,,,torch_cuda_event,gpu_execution,full_rsnn,device_native,independent_inference,sparse_only,"(256, 1, 60048)","(256, 1, 60048)",60048,60048,1,1,BN,csr_post_by_pre,csr_post_by_pre,none,False,False,True,0,torch.int32,torch.float32,torch.float32,dense,,,False,False,False,False,False,True,1.0,27216,179661156,179661156,0,0,False,unknown,unknown,unknown,unknown,unknown,,20.8926716;20.8383045;20.8462086;20.842144;20.8256969;20.8257599;20.8319035;20.8257599;20.8248634;20.8237114;20.8196163;20.8216324;20.8319035;20.8247356;20.8216648;20.8298569;20.8196163;20.8175678;20.8380489;20.8380489,20,20.831985759735108,0.0164199347806301,20.817567825317383,20.892671585083008,passed,0,0.0,1.1920928955078125e-07,1.862645149230957e-09,5.944154963799519e-07,3.71321618786169e-07,5.944154963799519e-07,3.71321618786169e-07,60048,0,full_state,passed,,20.825759887695312,,,,,,,1.0,,,,1.0
tilespmspv_cudagraph,microns_mm3,NVIDIA GeForce RTX 5090,2.11.0+cu128,12.8,default,0.15,condensed,,,,,23729272e196c91e,2,60048,256,1,6965260,115.99487077005062,microns_mm3,2,4531,251.05142100284277,2.1643320893087554,0.6903498928976086,412.0,1353.0,1.0,0.002,0.002,0.0020000275821009,2.0,2.000027582100986,120.09765625,119.0,238,14215.89453125,19139.5,30977,0.1539787306733249,0.2052294277014676,0.0924464636575724,1.9817206049764189,exact,converged,1.5625,0.002,0.0020000275690108,2.7569010853725762e-08,True,20,SpMV,CUSPARSE_SPMV_ALG_DEFAULT,,,torch_cuda_event_cudagraph_replay,gpu_execution,full_rsnn,device_adapted,independent_inference,sparse_only,"(256, 1, 60048)","(256, 1, 60048)",60048,60048,1,1,BN,spmspv_csc_dense_device,spmspv_csc_dense_device,none,False,False,True,0,torch.int64,torch.float32,torch.float32,dense_device,,,False,False,False,False,False,True,1.0,240192,146273240,146273240,0,0,False,unknown,unknown,unknown,unknown,unknown,,5.45728016;5.44384003;5.44275188;5.44780779;5.44678402;5.4443841;5.44422388;5.44675207;5.44569588;5.4447999;5.44377613;5.44220781;5.44118404;5.4401598;5.44528008;5.44835186;5.45039988;5.44323206;5.44630384;5.44323206,20,5.44542236328125,0.0037344959173031,5.440159797668457,5.457280158996582,passed,0,0.0,2.0489096641540527e-08,1.862645149230957e-09,1.0241696912771658e-07,3.702675144268142e-07,1.0241696912771658e-07,3.702675144268142e-07,60048,0,full_state,passed,,5.444591999053955,,,,,,,,,,,3.8250359055947567
globalatomic_cudagraph,microns_mm3,NVIDIA GeForce RTX 5090,2.11.0+cu128,12.8,default,0.15,condensed,,,,,23729272e196c91e,2,60048,256,1,6965260,115.99487077005062,microns_mm3,2,4531,251.05142100284277,2.1643320893087554,0.6903498928976086,412.0,1353.0,1.0,0.002,0.002,0.0020000275821009,2.0,2.000027582100986,120.09765625,119.0,238,14215.89453125,19139.5,30977,0.1539787306733249,0.2052294277014676,0.0924464636575724,1.9817206049764189,exact,converged,1.5625,0.002,0.0020000275690108,2.7569010853725762e-08,True,20,SpMV,CUSPARSE_SPMV_ALG_DEFAULT,,,torch_cuda_event_cudagraph_replay,gpu_execution,full_rsnn,device_adapted,independent_inference,sparse_only,"(256, 1, 60048)","(256, 1, 60048)",60048,60048,1,1,BN,spmspv_csc_dense_device,spmspv_csc_dense_device,none,False,False,True,0,torch.int64,torch.float32,torch.float32,dense_device,,,False,False,False,False,False,True,1.0,240192,146273240,146273240,0,0,False,unknown,unknown,unknown,unknown,unknown,,7.36240005;7.34988785;7.34886408;7.35200024;7.34892797;7.3479681;7.35081577;7.3498559;7.35091209;7.34780788;7.34627199;7.35606384;7.35299206;7.35398388;7.35094404;7.35196781;7.35299206;7.35606384;7.35299206;7.34783983,20,7.351577568054199,0.0037026941908536,7.346271991729736,7.362400054931641,passed,0,0.0,2.0489096641540527e-08,1.862645149230957e-09,1.0241696912771658e-07,3.702675144268142e-07,1.0241696912771658e-07,3.702675144268142e-07,60048,0,full_state,passed,,7.350928068161011,,,,,,,,,,,2.833078992827815
vdha_cudagraph,microns_mm3,NVIDIA GeForce RTX 5090,2.11.0+cu128,12.8,default,0.15,condensed,,,,,23729272e196c91e,2,60048,256,1,6965260,115.99487077005062,microns_mm3,2,4531,251.05142100284277,2.1643320893087554,0.6903498928976086,412.0,1353.0,1.0,0.002,0.002,0.0020000275821009,2.0,2.000027582100986,120.09765625,119.0,238,14215.89453125,19139.5,30977,0.1539787306733249,0.2052294277014676,0.0924464636575724,1.9817206049764189,exact,converged,1.5625,0.002,0.0020000275690108,2.7569010853725762e-08,True,20,SpMV,CUSPARSE_SPMV_ALG_DEFAULT,,,torch_cuda_event_cudagraph_replay,gpu_execution,full_rsnn,device_adapted,independent_inference,sparse_only,"(256, 1, 60048)","(256, 1, 60048)",60048,60048,1,1,BN,spmspv_csc_dense_device,spmspv_csc_dense_device,none,False,False,True,0,torch.int64,torch.float32,torch.float32,dense_device,,,False,False,False,False,False,True,1.0,240192,146273240,146273240,0,0,False,unknown,unknown,unknown,unknown,unknown,,13.0380163;13.0124483;13.0187836;13.0181122;13.0218563;13.0186882;13.0168324;13.0207996;13.019968;13.0239038;13.0199041;13.0168324;13.0221443;13.012064;13.0177603;13.0126076;13.0146875;13.0146236;13.016736;13.0177603,20,13.018726444244384,0.0055978611314624,13.01206398010254,13.038016319274902,passed,0,0.0,1.4901161193847656e-08,1.862645149230957e-09,7.445216709811575e-08,3.702675144268142e-07,7.445216709811575e-08,3.702675144268142e-07,60048,0,full_state,passed,,13.01793622970581,,,,,,,,,,,1.5997743052522195
persistent_spike_block,microns_mm3,NVIDIA GeForce RTX 5090,2.11.0+cu128,12.8,default,0.15,condensed,,,,,23729272e196c91e,2,60048,256,1,6965260,115.99487077005062,microns_mm3,2,4531,251.05142100284277,2.1643320893087554,0.6903498928976086,412.0,1353.0,1.0,0.002,0.002,0.0020000275821009,2.0,2.000027582100986,120.09765625,119.0,238,14215.89453125,19139.5,30977,0.1539787306733249,0.2052294277014676,0.0924464636575724,1.9817206049764189,exact,converged,1.5625,0.002,0.0020000275690108,2.7569010853725762e-08,True,20,SpMV,CUSPARSE_SPMV_ALG_DEFAULT,,,torch_cuda_event,gpu_execution,full_rsnn,device_native,independent_inference,full_fusion,"(256, 1, 60048)","(256, 1, 60048)",60048,60048,1,1,BN,event_csr,event_csr,dense_to_events_precomputed,False,True,True,0,torch.int32,torch.float32,torch.float32,windowed_events,,,False,False,False,False,False,False,1.0,1636312,56566668,56566668,0,0,False,unknown,unknown,unknown,unknown,unknown,,4.4223361;4.3652482;4.37091208;4.365376;4.36780787;4.36307192;4.3638401;4.36944008;4.36681604;4.35504007;4.37200022;4.3653121;4.36880016;4.36950397;4.36575985;4.37145615;4.36883211;4.36329603;4.36633587;4.36223984,20,4.369171237945556,0.0131045137844896,4.355040073394775,4.422336101531982,passed,0,0.0,1.1920928955078125e-07,1.862645149230957e-09,5.939628522355633e-07,3.708485110109905e-07,5.939628522355633e-07,3.708485110109905e-07,60048,0,full_state,passed,,4.3665759563446045,,,,,,,4.769357065101691,,,,4.769357065101691
cusparse_direct_cudagraph,microns_mm3,NVIDIA GeForce RTX 5090,2.11.0+cu128,12.8,default,0.15,condensed,,,,,c3786449f1ef9ceb,2,60048,256,1,6965260,115.99487077005062,microns_mm3,2,4531,251.05142100284277,2.1643320893087554,0.6903498928976086,412.0,1353.0,1.0,0.005,0.005,0.004999971377065,5.0,4.999971377065014,300.23828125,293.0,586,34692.36328125,42626.25,75182,0.3147776556380626,0.3715578186106927,0.1479947734961022,1.951783088952785,exact,converged,1.5625,0.005,0.0049999714829027,2.851709723483004e-08,True,20,SpMV,CUSPARSE_SPMV_ALG_DEFAULT,,,torch_cuda_event,gpu_execution,full_rsnn,device_native,independent_inference,sparse_only,"(256, 1, 60048)","(256, 1, 60048)",60048,60048,1,1,BN,csr_post_by_pre,csr_post_by_pre,none,False,False,True,0,torch.int32,torch.float32,torch.float32,dense,,,False,False,False,False,False,True,1.0,27216,179661156,179661156,0,0,False,unknown,unknown,unknown,unknown,unknown,,20.8423672;20.8360958;20.8278084;20.8360004;20.8380489;20.842144;20.8319035;20.8360004;20.8278084;20.8237114;20.8216648;20.8155193;20.8093758;20.8226871;20.8216648;20.8298569;20.8319035;20.8237114;20.8257599;20.8277435,20,20.82858877182007,0.0085256933441626,20.809375762939453,20.84236717224121,passed,0,0.0,1.1920928955078125e-07,1.862645149230957e-09,5.938921390225005e-07,3.717655943091813e-07,5.938921390225005e-07,3.717655943091813e-07,60048,0,full_state,passed,,20.827808380126957,,,,,,,1.0,,,,1.0
tilespmspv_cudagraph,microns_mm3,NVIDIA GeForce RTX 5090,2.11.0+cu128,12.8,default,0.15,condensed,,,,,c3786449f1ef9ceb,2,60048,256,1,6965260,115.99487077005062,microns_mm3,2,4531,251.05142100284277,2.1643320893087554,0.6903498928976086,412.0,1353.0,1.0,0.005,0.005,0.004999971377065,5.0,4.999971377065014,300.23828125,293.0,586,34692.36328125,42626.25,75182,0.3147776556380626,0.3715578186106927,0.1479947734961022,1.951783088952785,exact,converged,1.5625,0.005,0.0049999714829027,2.851709723483004e-08,True,20,SpMV,CUSPARSE_SPMV_ALG_DEFAULT,,,torch_cuda_event_cudagraph_replay,gpu_execution,full_rsnn,device_adapted,independent_inference,sparse_only,"(256, 1, 60048)","(256, 1, 60048)",60048,60048,1,1,BN,spmspv_csc_dense_device,spmspv_csc_dense_device,none,False,False,True,0,torch.int64,torch.float32,torch.float32,dense_device,,,False,False,False,False,False,True,1.0,240192,146273240,146273240,0,0,False,unknown,unknown,unknown,unknown,unknown,,5.60735989;5.59529591;5.59619188;5.59929609;5.59731197;5.59788799;5.59414387;5.59711981;5.59795189;5.60432005;5.59731197;5.59785604;5.5968318;5.59785604;5.59990406;5.5968318;5.59580803;5.59785604;5.59881592;5.59785604,20,5.598190355300903,0.0029700377399904,5.594143867492676,5.607359886169434,passed,0,0.0,1.1920928955078125e-07,3.725290298461914e-09,5.935371518717147e-07,7.392697511932056e-07,5.935371518717147e-07,7.392697511932056e-07,60048,0,full_state,passed,,5.597856044769287,,,,,,,,,,,3.720675954071513
globalatomic_cudagraph,microns_mm3,NVIDIA GeForce RTX 5090,2.11.0+cu128,12.8,default,0.15,condensed,,,,,c3786449f1ef9ceb,2,60048,256,1,6965260,115.99487077005062,microns_mm3,2,4531,251.05142100284277,2.1643320893087554,0.6903498928976086,412.0,1353.0,1.0,0.005,0.005,0.004999971377065,5.0,4.999971377065014,300.23828125,293.0,586,34692.36328125,42626.25,75182,0.3147776556380626,0.3715578186106927,0.1479947734961022,1.951783088952785,exact,converged,1.5625,0.005,0.0049999714829027,2.851709723483004e-08,True,20,SpMV,CUSPARSE_SPMV_ALG_DEFAULT,,,torch_cuda_event_cudagraph_replay,gpu_execution,full_rsnn,device_adapted,independent_inference,sparse_only,"(256, 1, 60048)","(256, 1, 60048)",60048,60048,1,1,BN,spmspv_csc_dense_device,spmspv_csc_dense_device,none,False,False,True,0,torch.int64,torch.float32,torch.float32,dense_device,,,False,False,False,False,False,True,1.0,240192,146273240,146273240,0,0,False,unknown,unknown,unknown,unknown,unknown,,7.37145615;7.35734415;7.35862398;7.36223984;7.36732817;7.36425591;7.3667202;7.3699522;7.36518383;7.36015987;7.36265612;7.36630392;7.36937618;7.37039995;7.36732817;7.37244797;7.36732817;7.36220789;7.36528015;7.36624002,20,7.365641641616821,0.0041579305940462,7.357344150543213,7.372447967529297,passed,0,0.0,1.1920928955078125e-07,3.725290298461914e-09,5.935371518717147e-07,7.392918064397236e-07,5.935371518717147e-07,7.392918064397236e-07,60048,0,full_state,passed,,7.36627197265625,,,,,,,,,,,2.8274557954743185
vdha_cudagraph,microns_mm3,NVIDIA GeForce RTX 5090,2.11.0+cu128,12.8,default,0.15,condensed,,,,,c3786449f1ef9ceb,2,60048,256,1,6965260,115.99487077005062,microns_mm3,2,4531,251.05142100284277,2.1643320893087554,0.6903498928976086,412.0,1353.0,1.0,0.005,0.005,0.004999971377065,5.0,4.999971377065014,300.23828125,293.0,586,34692.36328125,42626.25,75182,0.3147776556380626,0.3715578186106927,0.1479947734961022,1.951783088952785,exact,converged,1.5625,0.005,0.0049999714829027,2.851709723483004e-08,True,20,SpMV,CUSPARSE_SPMV_ALG_DEFAULT,,,torch_cuda_event_cudagraph_replay,gpu_execution,full_rsnn,device_adapted,independent_inference,sparse_only,"(256, 1, 60048)","(256, 1, 60048)",60048,60048,1,1,BN,spmspv_csc_dense_device,spmspv_csc_dense_device,none,False,False,True,0,torch.int64,torch.float32,torch.float32,dense_device,,,False,False,False,False,False,True,1.0,240192,146273240,146273240,0,0,False,unknown,unknown,unknown,unknown,unknown,,13.4724483;13.4652481;13.4623041;13.4643202;13.4662399;13.4591036;13.4571199;13.4656324;13.4645119;13.4614716;13.4651842;13.4606075;13.4576321;13.4584961;13.4621763;13.4672642;13.4642239;13.4509125;13.4590721;13.4601278,20,13.462204837799073,0.0046194818968946,13.450912475585938,13.472448348999023,passed,0,0.0,1.1920928955078125e-07,3.725290298461914e-09,5.935371518717147e-07,7.392697511932056e-07,5.935371518717147e-07,7.392697511932056e-07,60048,0,full_state,passed,,13.462240219116213,,,,,,,,,,,1.5471279698717402
persistent_spike_block,microns_mm3,NVIDIA GeForce RTX 5090,2.11.0+cu128,12.8,default,0.15,condensed,,,,,c3786449f1ef9ceb,2,60048,256,1,6965260,115.99487077005062,microns_mm3,2,4531,251.05142100284277,2.1643320893087554,0.6903498928976086,412.0,1353.0,1.0,0.005,0.005,0.004999971377065,5.0,4.999971377065014,300.23828125,293.0,586,34692.36328125,42626.25,75182,0.3147776556380626,0.3715578186106927,0.1479947734961022,1.951783088952785,exact,converged,1.5625,0.005,0.0049999714829027,2.851709723483004e-08,True,20,SpMV,CUSPARSE_SPMV_ALG_DEFAULT,,,torch_cuda_event,gpu_execution,full_rsnn,device_native,independent_inference,full_fusion,"(256, 1, 60048)","(256, 1, 60048)",60048,60048,1,1,BN,event_csr,event_csr,dense_to_events_precomputed,False,True,True,0,torch.int32,torch.float32,torch.float32,windowed_events,,,False,False,False,False,False,False,1.0,1636312,56751132,56751132,0,0,False,unknown,unknown,unknown,unknown,unknown,,4.38921595;4.34320021;4.34089613;4.34835196;4.33264017;4.33913612;4.33449602;4.34220791;4.33865595;4.34127998;4.33276796;4.34425592;4.33871984;4.34217596;4.34489584;4.33504009;4.33663988;4.33644819;4.34073591;4.33974409,20,4.342075204849243,0.0118327773847852,4.332640171051025,4.38921594619751,passed,0,0.0,1.1920928955078125e-07,5.587935447692871e-09,5.94099390127667e-07,1.1110893183285953e-06,5.94099390127667e-07,1.1110893183285953e-06,60048,0,full_state,passed,,4.340240001678467,,,,,,,4.798768817409263,,,,4.798768817409263
cusparse_direct_cudagraph,microns_mm3,NVIDIA GeForce RTX 5090,2.11.0+cu128,12.8,default,0.15,condensed,,,,,a5798bd61cc79177,2,60048,256,1,6965260,115.99487077005062,microns_mm3,2,4531,251.05142100284277,2.1643320893087554,0.6903498928976086,412.0,1353.0,1.0,0.01,0.01,0.0100000078062549,10.0,10.000007806254995,600.48046875,1122.0,1123,69894.484375,122869.25,144783,0.4792330536221962,0.4792330536221961,0.2349011291173478,1.870169070340808,sampled_16_timesteps_max_2048_sources,converged,1.46484375,0.01,0.0100000081583857,8.158385753423425e-09,True,20,SpMV,CUSPARSE_SPMV_ALG_DEFAULT,,,torch_cuda_event,gpu_execution,full_rsnn,device_native,independent_inference,sparse_only,"(256, 1, 60048)","(256, 1, 60048)",60048,60048,1,1,BN,csr_post_by_pre,csr_post_by_pre,none,False,False,True,0,torch.int32,torch.float32,torch.float32,dense,,,False,False,False,False,False,True,1.0,27216,179661156,179661156,0,0,False,unknown,unknown,unknown,unknown,unknown,,20.8505917;20.83008;20.8216648;20.8216648;20.8093758;20.8237114;20.8216648;20.833952;20.8298569;20.8216648;20.8278084;20.8114243;20.8257599;20.8124485;20.8175678;20.8155193;20.8134727;20.8256969;20.8052807;20.8196163,20,20.821941089630126,0.0100896594162537,20.805280685424805,20.8505916595459,passed,0,0.0,1.1920928955078125e-07,3.725290298461914e-09,5.952015840193781e-07,7.398200523311971e-07,5.952015840193781e-07,7.398200523311971e-07,60048,0,full_state,passed,,20.821664810180664,,,,,,,1.0,,,,1.0
tilespmspv_cudagraph,microns_mm3,NVIDIA GeForce RTX 5090,2.11.0+cu128,12.8,default,0.15,condensed,,,,,a5798bd61cc79177,2,60048,256,1,6965260,115.99487077005062,microns_mm3,2,4531,251.05142100284277,2.1643320893087554,0.6903498928976086,412.0,1353.0,1.0,0.01,0.01,0.0100000078062549,10.0,10.000007806254995,600.48046875,1122.0,1123,69894.484375,122869.25,144783,0.4792330536221962,0.4792330536221961,0.2349011291173478,1.870169070340808,sampled_16_timesteps_max_2048_sources,converged,1.46484375,0.01,0.0100000081583857,8.158385753423425e-09,True,20,SpMV,CUSPARSE_SPMV_ALG_DEFAULT,,,torch_cuda_event_cudagraph_replay,gpu_execution,full_rsnn,device_adapted,independent_inference,sparse_only,"(256, 1, 60048)","(256, 1, 60048)",60048,60048,1,1,BN,spmspv_csc_dense_device,spmspv_csc_dense_device,none,False,False,True,0,torch.int64,torch.float32,torch.float32,dense_device,,,False,False,False,False,False,True,1.0,240192,146273240,146273240,0,0,False,unknown,unknown,unknown,unknown,unknown,,5.74908781;5.7292161;5.73302412;5.73609591;5.72480011;5.7371521;5.72883177;5.73404789;5.72889614;5.72886419;5.7263999;5.72995186;5.72892809;5.73302412;5.72585583;5.73302412;5.7309761;5.73302412;5.73404789;5.72892809,20,5.731708812713623,0.0052741823427935,5.724800109863281,5.749087810516357,passed,0,0.0,1.788139343261719e-07,3.725290298461914e-09,8.911223972063453e-07,7.402636583719868e-07,8.911223972063453e-07,7.402636583719868e-07,60048,0,full_state,passed,,5.730463981628418,,,,,,,,,,,3.633504176439095
globalatomic_cudagraph,microns_mm3,NVIDIA GeForce RTX 5090,2.11.0+cu128,12.8,default,0.15,condensed,,,,,a5798bd61cc79177,2,60048,256,1,6965260,115.99487077005062,microns_mm3,2,4531,251.05142100284277,2.1643320893087554,0.6903498928976086,412.0,1353.0,1.0,0.01,0.01,0.0100000078062549,10.0,10.000007806254995,600.48046875,1122.0,1123,69894.484375,122869.25,144783,0.4792330536221962,0.4792330536221961,0.2349011291173478,1.870169070340808,sampled_16_timesteps_max_2048_sources,converged,1.46484375,0.01,0.0100000081583857,8.158385753423425e-09,True,20,SpMV,CUSPARSE_SPMV_ALG_DEFAULT,,,torch_cuda_event_cudagraph_replay,gpu_execution,full_rsnn,device_adapted,independent_inference,sparse_only,"(256, 1, 60048)","(256, 1, 60048)",60048,60048,1,1,BN,spmspv_csc_dense_device,spmspv_csc_dense_device,none,False,False,True,0,torch.int64,torch.float32,torch.float32,dense_device,,,False,False,False,False,False,True,1.0,240192,146273240,146273240,0,0,False,unknown,unknown,unknown,unknown,unknown,,7.37913609;7.37033606;7.36323214;7.37449598;7.37545586;7.36828804;7.37139177;7.37449598;7.37772799;7.37433577;7.37907219;7.37859201;7.37347221;7.37446404;7.37347221;7.36835194;7.37347221;7.38064003;7.3754878;7.37446404,20,7.37401921749115,0.0042182501477386,7.363232135772705,7.380640029907227,passed,0,0.0,1.1920928955078125e-07,3.725290298461914e-09,5.948348302808881e-07,7.406558211187075e-07,5.948348302808881e-07,7.406558211187075e-07,60048,0,full_state,passed,,7.37446403503418,,,,,,,,,,,2.823481775931416
vdha_cudagraph,microns_mm3,NVIDIA GeForce RTX 5090,2.11.0+cu128,12.8,default,0.15,condensed,,,,,a5798bd61cc79177,2,60048,256,1,6965260,115.99487077005062,microns_mm3,2,4531,251.05142100284277,2.1643320893087554,0.6903498928976086,412.0,1353.0,1.0,0.01,0.01,0.0100000078062549,10.0,10.000007806254995,600.48046875,1122.0,1123,69894.484375,122869.25,144783,0.4792330536221962,0.4792330536221961,0.2349011291173478,1.870169070340808,sampled_16_timesteps_max_2048_sources,converged,1.46484375,0.01,0.0100000081583857,8.158385753423425e-09,True,20,SpMV,CUSPARSE_SPMV_ALG_DEFAULT,,,torch_cuda_event_cudagraph_replay,gpu_execution,full_rsnn,device_adapted,independent_inference,sparse_only,"(256, 1, 60048)","(256, 1, 60048)",60048,60048,1,1,BN,spmspv_csc_dense_device,spmspv_csc_dense_device,none,False,False,True,0,torch.int64,torch.float32,torch.float32,dense_device,,,False,False,False,False,False,True,1.0,240192,146273240,146273240,0,0,False,unknown,unknown,unknown,unknown,unknown,,13.1262083;13.1089916;13.1170244;13.1088324;13.1058559;13.1110077;13.1047363;13.1089916;13.1057281;13.1027203;13.1110077;13.1109123;13.1078396;13.1042242;13.1129599;13.1088963;13.103776;13.1088963;13.1088963;13.1109438,20,13.10942244529724,0.0052205829024918,13.102720260620115,13.126208305358888,passed,0,0.0,1.1920928955078125e-07,3.725290298461914e-09,5.948348302808881e-07,7.417490337502386e-07,5.948348302808881e-07,7.417490337502386e-07,60048,0,full_state,passed,,13.108896255493164,,,,,,,,,,,1.5883614001030433
persistent_spike_block,microns_mm3,NVIDIA GeForce RTX 5090,2.11.0+cu128,12.8,default,0.15,condensed,,,,,a5798bd61cc79177,2,60048,256,1,6965260,115.99487077005062,microns_mm3,2,4531,251.05142100284277,2.1643320893087554,0.6903498928976086,412.0,1353.0,1.0,0.01,0.01,0.0100000078062549,10.0,10.000007806254995,600.48046875,1122.0,1123,69894.484375,122869.25,144783,0.4792330536221962,0.4792330536221961,0.2349011291173478,1.870169070340808,sampled_16_timesteps_max_2048_sources,converged,1.46484375,0.01,0.0100000081583857,8.158385753423425e-09,True,20,SpMV,CUSPARSE_SPMV_ALG_DEFAULT,,,torch_cuda_event,gpu_execution,full_rsnn,device_native,independent_inference,full_fusion,"(256, 1, 60048)","(256, 1, 60048)",60048,60048,1,1,BN,event_csr,event_csr,dense_to_events_precomputed,False,True,True,0,torch.int32,torch.float32,torch.float32,windowed_events,,,False,False,False,False,False,False,1.0,1636312,57058580,57058580,0,0,False,unknown,unknown,unknown,unknown,unknown,,3.97535992;3.9024961;3.91004801;3.90655994;3.90806389;3.90457606;3.91318393;3.90550399;3.92339206;3.90655994;3.91110396;3.91059208;3.91939211;3.90870404;3.90803194;3.91542411;3.92134404;3.9064641;3.90860796;3.90758395,20,3.913649606704712,0.0155632680240574,3.902496099472046,3.975359916687012,passed,0,0.0,2.384185791015625e-07,1.1175870895385742e-08,1.186307144962484e-06,2.211409764640848e-06,1.186307144962484e-06,2.211409764640848e-06,60048,0,full_state,passed,,3.9086560010910034,,,,,,,5.327065058774376,,,,5.327065058774376
cusparse_direct_cudagraph,microns_mm3,NVIDIA GeForce RTX 5090,2.11.0+cu128,12.8,default,0.15,condensed,,,,,e907b20a5f43bcdb,2,60048,256,1,6965260,115.99487077005062,microns_mm3,2,4531,251.05142100284277,2.1643320893087554,0.6903498928976086,412.0,1353.0,1.0,0.01,0.02,0.0200000156125099,20.0,20.000015612509998,1200.9609375,2244.25,2256,143640.78125,250750.5,279536,0.653288532526812,0.6532885325268121,0.2356151031480506,1.878495735836537,sampled_16_timesteps_max_2048_sources,converged,2.635478973388672,0.02,0.0200000163167715,1.631677150684685e-08,True,20,SpMV,CUSPARSE_SPMV_ALG_DEFAULT,,,torch_cuda_event,gpu_execution,full_rsnn,device_native,independent_inference,sparse_only,"(256, 1, 60048)","(256, 1, 60048)",60048,60048,1,1,BN,csr_post_by_pre,csr_post_by_pre,none,False,False,True,0,torch.int32,torch.float32,torch.float32,dense,,,False,False,False,False,False,True,1.0,27216,179661156,179661156,0,0,False,unknown,unknown,unknown,unknown,unknown,,20.8522568;20.8423996;20.8113594;20.8073273;20.8257599;20.8278084;20.8114243;20.8155193;20.8032322;20.8011837;20.8134727;20.8237114;20.8042564;20.8073273;20.8155193;20.8216648;20.8298569;20.8298569;20.8196163;20.8155193,20,20.818953609466558,0.013140545548347,20.801183700561523,20.852256774902344,passed,0,0.0,4.172325134277344e-07,1.1175870895385742e-08,2.0740228592330823e-06,2.1911484964221017e-06,2.0740228592330823e-06,2.1911484964221017e-06,60048,0,full_state,passed,,20.815519332885746,,,,,,,1.0,,,,1.0
tilespmspv_cudagraph,microns_mm3,NVIDIA GeForce RTX 5090,2.11.0+cu128,12.8,default,0.15,condensed,,,,,e907b20a5f43bcdb,2,60048,256,1,6965260,115.99487077005062,microns_mm3,2,4531,251.05142100284277,2.1643320893087554,0.6903498928976086,412.0,1353.0,1.0,0.01,0.02,0.0200000156125099,20.0,20.000015612509998,1200.9609375,2244.25,2256,143640.78125,250750.5,279536,0.653288532526812,0.6532885325268121,0.2356151031480506,1.878495735836537,sampled_16_timesteps_max_2048_sources,converged,2.635478973388672,0.02,0.0200000163167715,1.631677150684685e-08,True,20,SpMV,CUSPARSE_SPMV_ALG_DEFAULT,,,torch_cuda_event_cudagraph_replay,gpu_execution,full_rsnn,device_adapted,independent_inference,sparse_only,"(256, 1, 60048)","(256, 1, 60048)",60048,60048,1,1,BN,spmspv_csc_dense_device,spmspv_csc_dense_device,none,False,False,True,0,torch.int64,torch.float32,torch.float32,dense_device,,,False,False,False,False,False,True,1.0,240192,146273240,146273240,0,0,False,unknown,unknown,unknown,unknown,unknown,,5.76351976;5.75737619;5.75311995;5.75612783;5.75516796;5.75718403;5.75916815;5.76025581;5.76128006;5.7530241;5.75507212;5.75657606;5.75753593;5.76169586;5.75964785;5.76067209;5.76169586;5.76579189;5.75759983;5.75657606,20,5.758454370498657,0.0033685601180002,5.753024101257324,5.765791893005371,passed,0,0.0,4.172325134277344e-07,1.4901161193847656e-08,2.0740228592330823e-06,2.8888669021398528e-06,2.0740228592330823e-06,2.8888669021398528e-06,60048,0,full_state,passed,,5.757567882537842,,,,,,,,,,,3.615331986969227
globalatomic_cudagraph,microns_mm3,NVIDIA GeForce RTX 5090,2.11.0+cu128,12.8,default,0.15,condensed,,,,,e907b20a5f43bcdb,2,60048,256,1,6965260,115.99487077005062,microns_mm3,2,4531,251.05142100284277,2.1643320893087554,0.6903498928976086,412.0,1353.0,1.0,0.01,0.02,0.0200000156125099,20.0,20.000015612509998,1200.9609375,2244.25,2256,143640.78125,250750.5,279536,0.653288532526812,0.6532885325268121,0.2356151031480506,1.878495735836537,sampled_16_timesteps_max_2048_sources,converged,2.635478973388672,0.02,0.0200000163167715,1.631677150684685e-08,True,20,SpMV,CUSPARSE_SPMV_ALG_DEFAULT,,,torch_cuda_event_cudagraph_replay,gpu_execution,full_rsnn,device_adapted,independent_inference,sparse_only,"(256, 1, 60048)","(256, 1, 60048)",60048,60048,1,1,BN,spmspv_csc_dense_device,spmspv_csc_dense_device,none,False,False,True,0,torch.int64,torch.float32,torch.float32,dense_device,,,False,False,False,False,False,True,1.0,240192,146273240,146273240,0,0,False,unknown,unknown,unknown,unknown,unknown,,7.34246397;7.33676815;7.32953596;7.33036804;7.32944012;7.33052778;7.33548784;7.338624;7.34371185;7.34060812;7.33926392;7.33046389;7.32944012;7.32431984;7.31920004;7.32022381;7.33148813;7.32636786;7.32323217;7.32223988,20,7.331188774108886,0.007366819595267,7.319200038909912,7.343711853027344,passed,0,0.0,4.172325134277344e-07,1.0244548320770264e-08,2.0740228592330823e-06,2.0451918771868804e-06,2.0740228592330823e-06,2.0451918771868804e-06,60048,0,full_state,passed,,7.330415964126587,,,,,,,,,,,2.8396095712374616
vdha_cudagraph,microns_mm3,NVIDIA GeForce RTX 5090,2.11.0+cu128,12.8,default,0.15,condensed,,,,,e907b20a5f43bcdb,2,60048,256,1,6965260,115.99487077005062,microns_mm3,2,4531,251.05142100284277,2.1643320893087554,0.6903498928976086,412.0,1353.0,1.0,0.01,0.02,0.0200000156125099,20.0,20.000015612509998,1200.9609375,2244.25,2256,143640.78125,250750.5,279536,0.653288532526812,0.6532885325268121,0.2356151031480506,1.878495735836537,sampled_16_timesteps_max_2048_sources,converged,2.635478973388672,0.02,0.0200000163167715,1.631677150684685e-08,True,20,SpMV,CUSPARSE_SPMV_ALG_DEFAULT,,,torch_cuda_event_cudagraph_replay,gpu_execution,full_rsnn,device_adapted,independent_inference,sparse_only,"(256, 1, 60048)","(256, 1, 60048)",60048,60048,1,1,BN,spmspv_csc_dense_device,spmspv_csc_dense_device,none,False,False,True,0,torch.int64,torch.float32,torch.float32,dense_device,,,False,False,False,False,False,True,1.0,240192,146273240,146273240,0,0,False,unknown,unknown,unknown,unknown,unknown,,13.0490236;13.0126076;13.0146875;13.0126076;13.0157118;13.0125761;13.0105925;13.0146875;13.0126076;13.0116158;13.0166397;13.016736;13.0167685;13.0080004;13.0157118;13.0249281;13.0187836;13.01264;13.0146236;13.0075197,20,13.01595344543457,0.0086661271722441,13.007519721984863,13.049023628234863,passed,0,0.0,4.172325134277344e-07,1.0244548320770264e-08,2.0740228592330823e-06,2.0451918771868804e-06,2.0740228592330823e-06,2.0451918771868804e-06,60048,0,full_state,passed,,13.014655590057371,,,,,,,,,,,1.599390716784537
persistent_spike_block,microns_mm3,NVIDIA GeForce RTX 5090,2.11.0+cu128,12.8,default,0.15,condensed,,,,,e907b20a5f43bcdb,2,60048,256,1,6965260,115.99487077005062,microns_mm3,2,4531,251.05142100284277,2.1643320893087554,0.6903498928976086,412.0,1353.0,1.0,0.01,0.02,0.0200000156125099,20.0,20.000015612509998,1200.9609375,2244.25,2256,143640.78125,250750.5,279536,0.653288532526812,0.6532885325268121,0.2356151031480506,1.878495735836537,sampled_16_timesteps_max_2048_sources,converged,2.635478973388672,0.02,0.0200000163167715,1.631677150684685e-08,True,20,SpMV,CUSPARSE_SPMV_ALG_DEFAULT,,,torch_cuda_event,gpu_execution,full_rsnn,device_native,independent_inference,full_fusion,"(256, 1, 60048)","(256, 1, 60048)",60048,60048,1,1,BN,event_csr,event_csr,dense_to_events_precomputed,False,True,True,0,torch.int32,torch.float32,torch.float32,windowed_events,,,False,False,False,False,False,False,1.0,1636312,57058580,57058580,0,0,False,unknown,unknown,unknown,unknown,unknown,,4.24304008;4.19116783;4.21008015;4.19119978;4.21519995;4.19126415;4.21414423;4.19532824;4.20492792;4.18502378;4.21622419;4.18284798;4.22659206;4.19529581;4.22336006;4.20556784;4.22038412;4.19744015;4.219872;4.20249605,20,4.206572818756103,0.0157444202563253,4.18284797668457,4.243040084838867,passed,0,0.0,4.76837158203125e-07,2.9802322387695312e-08,2.3660006718273507e-06,5.772695203631884e-06,2.3660006718273507e-06,5.772695203631884e-06,60048,0,full_state,passed,,4.20524787902832,,,,,,,4.949891167341948,,,,4.949891167341948
cusparse_direct_cudagraph,microns_mm3,NVIDIA GeForce RTX 5090,2.11.0+cu128,12.8,default,0.15,condensed,,,,,ac13135958872c62,2,60048,256,1,6965260,115.99487077005062,microns_mm3,2,4531,251.05142100284277,2.1643320893087554,0.6903498928976086,412.0,1353.0,1.0,0.01,0.05,0.0499992584057753,50.0,49.99925840577538,3002.35546875,5431.0,5716,374337.09375,660159.0,757352,0.7721695803784381,0.772169580378438,0.2400454141186074,1.9038385226183088,sampled_16_timesteps_max_2048_sources,converged,6.416130065917969,0.05,0.0499992594122886,7.405877113370041e-07,True,20,SpMV,CUSPARSE_SPMV_ALG_DEFAULT,,,torch_cuda_event,gpu_execution,full_rsnn,device_native,independent_inference,sparse_only,"(256, 1, 60048)","(256, 1, 60048)",60048,60048,1,1,BN,csr_post_by_pre,csr_post_by_pre,none,False,False,True,0,torch.int32,torch.float32,torch.float32,dense,,,False,False,False,False,False,True,1.0,27216,179661156,179661156,0,0,False,unknown,unknown,unknown,unknown,unknown,,20.8552647;20.8465271;20.8400326;20.842144;20.8503361;20.8298569;20.8237114;20.8298569;20.8278084;20.8257599;20.8278084;20.8134727;20.8124485;20.8155193;20.8278084;20.8319035;20.8298569;20.8298569;20.8298569;20.8257599,20,20.830779457092284,0.0113451043994166,20.812448501586918,20.85526466369629,passed,0,0.0,9.5367431640625e-07,2.2351741790771484e-08,4.566005827655317e-06,4.330619503889466e-06,4.566005827655317e-06,4.330619503889466e-06,60048,0,full_state,passed,,20.829856872558597,,,,,,,1.0,,,,1.0
tilespmspv_cudagraph,microns_mm3,NVIDIA GeForce RTX 5090,2.11.0+cu128,12.8,default,0.15,condensed,,,,,ac13135958872c62,2,60048,256,1,6965260,115.99487077005062,microns_mm3,2,4531,251.05142100284277,2.1643320893087554,0.6903498928976086,412.0,1353.0,1.0,0.01,0.05,0.0499992584057753,50.0,49.99925840577538,3002.35546875,5431.0,5716,374337.09375,660159.0,757352,0.7721695803784381,0.772169580378438,0.2400454141186074,1.9038385226183088,sampled_16_timesteps_max_2048_sources,converged,6.416130065917969,0.05,0.0499992594122886,7.405877113370041e-07,True,20,SpMV,CUSPARSE_SPMV_ALG_DEFAULT,,,torch_cuda_event_cudagraph_replay,gpu_execution,full_rsnn,device_adapted,independent_inference,sparse_only,"(256, 1, 60048)","(256, 1, 60048)",60048,60048,1,1,BN,spmspv_csc_dense_device,spmspv_csc_dense_device,none,False,False,True,0,torch.int64,torch.float32,torch.float32,dense_device,,,False,False,False,False,False,True,1.0,240192,146273240,146273240,0,0,False,unknown,unknown,unknown,unknown,unknown,,5.90595198;5.89081621;5.89680004;5.89484787;5.89472008;5.89171219;5.89481592;5.89468813;5.89481592;5.89264011;5.89929581;5.89276791;5.89481592;5.89276791;5.89276791;5.89584017;5.89276791;5.89891195;5.89481592;5.89071989,20,5.8948639869689945,0.0034773298010427,5.890719890594482,5.905951976776123,passed,0,0.0,9.5367431640625e-07,3.725290298461914e-08,4.68747293780325e-06,7.17286411600071e-06,4.68747293780325e-06,7.17286411600071e-06,60048,0,full_state,passed,,5.894767999649048,,,,,,,,,,,3.5336177562541438
globalatomic_cudagraph,microns_mm3,NVIDIA GeForce RTX 5090,2.11.0+cu128,12.8,default,0.15,condensed,,,,,ac13135958872c62,2,60048,256,1,6965260,115.99487077005062,microns_mm3,2,4531,251.05142100284277,2.1643320893087554,0.6903498928976086,412.0,1353.0,1.0,0.01,0.05,0.0499992584057753,50.0,49.99925840577538,3002.35546875,5431.0,5716,374337.09375,660159.0,757352,0.7721695803784381,0.772169580378438,0.2400454141186074,1.9038385226183088,sampled_16_timesteps_max_2048_sources,converged,6.416130065917969,0.05,0.0499992594122886,7.405877113370041e-07,True,20,SpMV,CUSPARSE_SPMV_ALG_DEFAULT,,,torch_cuda_event_cudagraph_replay,gpu_execution,full_rsnn,device_adapted,independent_inference,sparse_only,"(256, 1, 60048)","(256, 1, 60048)",60048,60048,1,1,BN,spmspv_csc_dense_device,spmspv_csc_dense_device,none,False,False,True,0,torch.int64,torch.float32,torch.float32,dense_device,,,False,False,False,False,False,True,1.0,240192,146273240,146273240,0,0,False,unknown,unknown,unknown,unknown,unknown,,7.32470417;7.30771208;7.31091213;7.3162241;7.31923199;7.32012796;7.32115221;7.31814384;7.31920004;7.31830406;7.32064009;7.31817579;7.31920004;7.32022381;7.31715202;7.32022381;7.31920004;7.32022381;7.31715202;7.31817579,20,7.318303990364074,0.0035986296460091,7.307712078094482,7.324704170227051,passed,0,0.0,6.109476089477539e-07,4.4703483581542975e-08,3.0527901344612478e-06,8.500300282321405e-06,3.0527901344612478e-06,8.500300282321405e-06,60048,0,full_state,passed,,7.319200038909912,,,,,,,,,,,2.845919876738455
vdha_cudagraph,microns_mm3,NVIDIA GeForce RTX 5090,2.11.0+cu128,12.8,default,0.15,condensed,,,,,ac13135958872c62,2,60048,256,1,6965260,115.99487077005062,microns_mm3,2,4531,251.05142100284277,2.1643320893087554,0.6903498928976086,412.0,1353.0,1.0,0.01,0.05,0.0499992584057753,50.0,49.99925840577538,3002.35546875,5431.0,5716,374337.09375,660159.0,757352,0.7721695803784381,0.772169580378438,0.2400454141186074,1.9038385226183088,sampled_16_timesteps_max_2048_sources,converged,6.416130065917969,0.05,0.0499992594122886,7.405877113370041e-07,True,20,SpMV,CUSPARSE_SPMV_ALG_DEFAULT,,,torch_cuda_event_cudagraph_replay,gpu_execution,full_rsnn,device_adapted,independent_inference,sparse_only,"(256, 1, 60048)","(256, 1, 60048)",60048,60048,1,1,BN,spmspv_csc_dense_device,spmspv_csc_dense_device,none,False,False,True,0,torch.int64,torch.float32,torch.float32,dense_device,,,False,False,False,False,False,True,1.0,240192,146273240,146273240,0,0,False,unknown,unknown,unknown,unknown,unknown,,13.5686722;13.5451202;13.5439358;13.5512323;13.5462084;13.5511999;13.5483522;13.5469761;13.548192;13.5512962;13.5503683;13.5511036;13.5471363;13.5537281;13.5512638;13.5502396;13.5492163;13.5480957;13.5451202;13.5420485,20,13.549475288391111,0.0054010773625097,13.542048454284668,13.56867218017578,passed,0,0.0,9.5367431640625e-07,2.9802322387695312e-08,4.68747293780325e-06,5.774258625024231e-06,4.68747293780325e-06,5.774258625024231e-06,60048,0,full_state,passed,,13.548784255981444,,,,,,,,,,,1.537396749332896
persistent_spike_block,microns_mm3,NVIDIA GeForce RTX 5090,2.11.0+cu128,12.8,default,0.15,condensed,,,,,ac13135958872c62,2,60048,256,1,6965260,115.99487077005062,microns_mm3,2,4531,251.05142100284277,2.1643320893087554,0.6903498928976086,412.0,1353.0,1.0,0.01,0.05,0.0499992584057753,50.0,49.99925840577538,3002.35546875,5431.0,5716,374337.09375,660159.0,757352,0.7721695803784381,0.772169580378438,0.2400454141186074,1.9038385226183088,sampled_16_timesteps_max_2048_sources,converged,6.416130065917969,0.05,0.0499992594122886,7.405877113370041e-07,True,20,SpMV,CUSPARSE_SPMV_ALG_DEFAULT,,,torch_cuda_event,gpu_execution,full_rsnn,device_native,independent_inference,full_fusion,"(256, 1, 60048)","(256, 1, 60048)",60048,60048,1,1,BN,event_csr,event_csr,dense_to_events_precomputed,False,True,True,0,torch.int32,torch.float32,torch.float32,windowed_events,,,False,False,False,False,False,False,1.0,1636312,57058580,57058580,0,0,False,unknown,unknown,unknown,unknown,unknown,,4.93379211;4.7978878;4.88144016;4.8101759;4.89574385;4.79379177;4.88860798;4.79993582;4.88134384;4.81120014;4.88560009;4.79532814;4.89680004;4.80812788;4.87721586;4.80607986;4.89065599;4.80092812;4.89164782;4.8035841,20,4.84749436378479,0.0474296827322958,4.793791770935059,4.9337921142578125,passed,0,0.0,8.463859558105469e-06,3.129243850708008e-07,4.2053477955050766e-05,6.016124461893924e-05,4.2053477955050766e-05,6.016124461893924e-05,60048,0,full_state,passed,,4.844208002090454,,,,,,,4.29995096485736,,,,4.29995096485736
cusparse_direct_cudagraph,multiarea_mam,NVIDIA GeForce RTX 5090,2.11.0+cu128,12.8,default,0.15,,0.005,1.0,0.0,400000000.0,635e57bc2d001bbb,0,20649,256,1,21960982,1063.5373141556493,multiarea_mam,0,4692,615.5277770001732,0.5787552244829751,0.3108347092842594,2081.5999999999985,2809.0,1.0,0.0,0.0,0.0,0.0,0.0,0.0,0.0,0,0.0,0.0,0,0.0,0.0,0.0,0.0,sampled_16_timesteps_max_2048_sources,converged,50.0,0.0,0.0,0.0,True,20,SpMV,CUSPARSE_SPMV_ALG_DEFAULT,,,torch_cuda_event,gpu_execution,full_rsnn,device_native,independent_inference,sparse_only,"(256, 1, 20649)","(256, 1, 20649)",20649,20649,1,1,BN,csr_post_by_pre,csr_post_by_pre,none,False,False,True,0,torch.int32,torch.float32,torch.float32,dense,,,False,False,False,False,False,True,1.0,85792,218307396,218307396,0,0,False,unknown,unknown,unknown,unknown,unknown,,28.1409912;28.1095047;28.1186562;28.1073914;28.1073914;28.1125431;28.1114883;28.1145592;28.1094398;28.1114883;28.1104641;28.1135368;28.108448;28.1135368;28.1094723;28.1104641;28.1114883;28.1104641;28.1135368;28.1094398,20,28.112715244293213,0.0071714929029976,28.107391357421875,28.1409912109375,passed,0,0.0,0.0,0.0,0.0,0.0,0.0,0.0,20649,0,full_state,passed,,28.11097621917725,,,,,,,1.0,,,,1.0
tilespmspv_cudagraph,multiarea_mam,NVIDIA GeForce RTX 5090,2.11.0+cu128,12.8,default,0.15,,0.005,1.0,0.0,400000000.0,635e57bc2d001bbb,0,20649,256,1,21960982,1063.5373141556493,multiarea_mam,0,4692,615.5277770001732,0.5787552244829751,0.3108347092842594,2081.5999999999985,2809.0,1.0,0.0,0.0,0.0,0.0,0.0,0.0,0.0,0,0.0,0.0,0,0.0,0.0,0.0,0.0,sampled_16_timesteps_max_2048_sources,converged,50.0,0.0,0.0,0.0,True,20,SpMV,CUSPARSE_SPMV_ALG_DEFAULT,,,torch_cuda_event_cudagraph_replay,gpu_execution,full_rsnn,device_adapted,independent_inference,sparse_only,"(256, 1, 20649)","(256, 1, 20649)",20649,20649,1,1,BN,spmspv_csc_dense_device,spmspv_csc_dense_device,none,False,False,True,0,torch.int64,torch.float32,torch.float32,dense_device,,,False,False,False,False,False,True,1.0,82596,285089348,285089348,0,0,False,unknown,unknown,unknown,unknown,unknown,,4.07830381;4.05295992;4.05465603;4.05267191;4.05257607;4.05289602;4.05449581;4.05452824;4.05273581;4.05248022;4.05219221;4.05257607;4.05263996;4.05263996;4.05366421;4.05263996;4.05263996;4.05263996;4.05260801;4.05263996,20,4.054259204864502,0.0057065568887108,4.052192211151123,4.078303813934326,passed,0,0.0,0.0,0.0,0.0,0.0,0.0,0.0,20649,0,full_state,passed,,4.052639961242676,,,,,,,,,,,6.936460304398093
globalatomic_cudagraph,multiarea_mam,NVIDIA GeForce RTX 5090,2.11.0+cu128,12.8,default,0.15,,0.005,1.0,0.0,400000000.0,635e57bc2d001bbb,0,20649,256,1,21960982,1063.5373141556493,multiarea_mam,0,4692,615.5277770001732,0.5787552244829751,0.3108347092842594,2081.5999999999985,2809.0,1.0,0.0,0.0,0.0,0.0,0.0,0.0,0.0,0,0.0,0.0,0,0.0,0.0,0.0,0.0,sampled_16_timesteps_max_2048_sources,converged,50.0,0.0,0.0,0.0,True,20,SpMV,CUSPARSE_SPMV_ALG_DEFAULT,,,torch_cuda_event_cudagraph_replay,gpu_execution,full_rsnn,device_adapted,independent_inference,sparse_only,"(256, 1, 20649)","(256, 1, 20649)",20649,20649,1,1,BN,spmspv_csc_dense_device,spmspv_csc_dense_device,none,False,False,True,0,torch.int64,torch.float32,torch.float32,dense_device,,,False,False,False,False,False,True,1.0,82596,285089348,285089348,0,0,False,unknown,unknown,unknown,unknown,unknown,,14.1316156;14.103488;14.1050558;14.1041918;14.1072636;14.1072321;14.1031675;14.1042557;14.1051197;14.1072636;14.1079044;14.1032;14.1052485;14.105216;14.1062717;14.1011524;14.1011524;14.1000957;14.1011524;14.107296,20,14.10586714744568,0.0064993455453057,14.100095748901367,14.13161563873291,passed,0,0.0,0.0,0.0,0.0,0.0,0.0,0.0,20649,0,full_state,passed,,14.105087757110596,,,,,,,,,,,1.992967126702637
vdha_cudagraph,multiarea_mam,NVIDIA GeForce RTX 5090,2.11.0+cu128,12.8,default,0.15,,0.005,1.0,0.0,400000000.0,635e57bc2d001bbb,0,20649,256,1,21960982,1063.5373141556493,multiarea_mam,0,4692,615.5277770001732,0.5787552244829751,0.3108347092842594,2081.5999999999985,2809.0,1.0,0.0,0.0,0.0,0.0,0.0,0.0,0.0,0,0.0,0.0,0,0.0,0.0,0.0,0.0,sampled_16_timesteps_max_2048_sources,converged,50.0,0.0,0.0,0.0,True,20,SpMV,CUSPARSE_SPMV_ALG_DEFAULT,,,torch_cuda_event_cudagraph_replay,gpu_execution,full_rsnn,device_adapted,independent_inference,sparse_only,"(256, 1, 20649)","(256, 1, 20649)",20649,20649,1,1,BN,spmspv_csc_dense_device,spmspv_csc_dense_device,none,False,False,True,0,torch.int64,torch.float32,torch.float32,dense_device,,,False,False,False,False,False,True,1.0,82596,285089348,285089348,0,0,False,unknown,unknown,unknown,unknown,unknown,,5.90771198;5.87283182;5.87571192;5.87171221;5.87296009;5.87593603;5.87631989;5.87628794;5.87340784;5.87286377;5.87436819;5.87395191;5.87382412;5.8737278;5.873312;5.87433577;5.87433577;5.87433577;5.87228823;5.87536001,20,5.875779151916504,0.0076283458221102,5.8717122077941895,5.907711982727051,passed,0,0.0,0.0,0.0,0.0,0.0,0.0,0.0,20649,0,full_state,passed,,5.874143838882446,,,,,,,,,,,4.785544411272937
persistent_spike_block,multiarea_mam,NVIDIA GeForce RTX 5090,2.11.0+cu128,12.8,default,0.15,,0.005,1.0,0.0,400000000.0,635e57bc2d001bbb,0,20649,256,1,21960982,1063.5373141556493,multiarea_mam,0,4692,615.5277770001732,0.5787552244829751,0.3108347092842594,2081.5999999999985,2809.0,1.0,0.0,0.0,0.0,0.0,0.0,0.0,0.0,0,0.0,0.0,0,0.0,0.0,0.0,0.0,sampled_16_timesteps_max_2048_sources,converged,50.0,0.0,0.0,0.0,True,20,SpMV,CUSPARSE_SPMV_ALG_DEFAULT,,,torch_cuda_event,gpu_execution,full_rsnn,device_native,independent_inference,full_fusion,"(256, 1, 20649)","(256, 1, 20649)",20649,20649,1,1,BN,event_csr,event_csr,dense_to_events_precomputed,False,True,True,0,torch.int32,torch.float32,torch.float32,windowed_events,,,False,False,False,False,False,False,1.0,2397004,175936676,175936676,0,0,False,unknown,unknown,unknown,unknown,unknown,,1.52275205;1.47046399;1.46985602;1.46841598;1.46921599;1.46956801;1.47017598;1.46937597;1.46912003;1.46943998;1.47036803;1.47151995;1.46992004;1.47049606;1.47190404;1.47139204;1.47017598;1.46934402;1.46943998;1.46947205,20,1.4726208090782165,0.0118316598404688,1.4684159755706787,1.522752046585083,passed,0,0.0,0.0,0.0,0.0,0.0,0.0,0.0,20649,0,full_state,passed,,1.4698880314826963,,,,,,,19.12456977476122,,,,19.12456977476122
cusparse_direct_cudagraph,multiarea_mam,NVIDIA GeForce RTX 5090,2.11.0+cu128,12.8,default,0.15,,0.005,1.0,0.0,400000000.0,7ea3d2d416879601,0,20649,256,1,21960982,1063.5373141556493,multiarea_mam,0,4692,615.5277770001732,0.5787552244829751,0.3108347092842594,2081.5999999999985,2809.0,1.0,0.0001,0.0001,0.000100072945421,0.1,0.1000729454210857,2.06640625,3.0,3,2324.63671875,3587.75,6176,0.0073826184225036,0.0073826184225036,0.1204946429526146,1.45179584120983,sampled_16_timesteps_max_2048_sources,converged,1.5625,0.0001,0.0001000729389488,7.293894886970042e-08,True,20,SpMV,CUSPARSE_SPMV_ALG_DEFAULT,,,torch_cuda_event,gpu_execution,full_rsnn,device_native,independent_inference,sparse_only,"(256, 1, 20649)","(256, 1, 20649)",20649,20649,1,1,BN,csr_post_by_pre,csr_post_by_pre,none,False,False,True,0,torch.int32,torch.float32,torch.float32,dense,,,False,False,False,False,False,True,1.0,85792,218307396,218307396,0,0,False,unknown,unknown,unknown,unknown,unknown,,28.1148167;28.0948792;28.102272;28.0991993;28.0991993;28.098175;28.0951366;28.102272;28.0930557;28.0971832;28.0920639;28.0992317;28.098175;28.0951042;28.0971832;28.100256;28.0971832;28.0961285;28.0991993;28.0971832,20,28.098394870758057,0.0046979465871674,28.092063903808597,28.11481666564941,passed,0,0.0,4.4703483581542975e-08,8.731149137020111e-11,2.230653990409337e-07,1.7459234058492257e-08,2.230653990409337e-07,1.7459234058492257e-08,20649,0,full_state,passed,,28.097679138183597,,,,,,,1.0,,,,1.0
tilespmspv_cudagraph,multiarea_mam,NVIDIA GeForce RTX 5090,2.11.0+cu128,12.8,default,0.15,,0.005,1.0,0.0,400000000.0,7ea3d2d416879601,0,20649,256,1,21960982,1063.5373141556493,multiarea_mam,0,4692,615.5277770001732,0.5787552244829751,0.3108347092842594,2081.5999999999985,2809.0,1.0,0.0001,0.0001,0.000100072945421,0.1,0.1000729454210857,2.06640625,3.0,3,2324.63671875,3587.75,6176,0.0073826184225036,0.0073826184225036,0.1204946429526146,1.45179584120983,sampled_16_timesteps_max_2048_sources,converged,1.5625,0.0001,0.0001000729389488,7.293894886970042e-08,True,20,SpMV,CUSPARSE_SPMV_ALG_DEFAULT,,,torch_cuda_event_cudagraph_replay,gpu_execution,full_rsnn,device_adapted,independent_inference,sparse_only,"(256, 1, 20649)","(256, 1, 20649)",20649,20649,1,1,BN,spmspv_csc_dense_device,spmspv_csc_dense_device,none,False,False,True,0,torch.int64,torch.float32,torch.float32,dense_device,,,False,False,False,False,False,True,1.0,82596,285089348,285089348,0,0,False,unknown,unknown,unknown,unknown,unknown,,4.15216017;4.14067221;4.14070415;4.14287996;4.14057589;4.14067221;4.14275217;4.14076805;4.1426878;4.14275217;4.14217615;4.15091181;4.1468482;4.14889622;4.14889622;4.14889622;4.14889622;4.14889622;4.1468482;4.14889622,20,4.145339322090149,0.0039943771345688,4.140575885772705,4.152160167694092,passed,0,0.0,0.0,0.0,0.0,0.0,0.0,0.0,20649,0,full_state,passed,,4.144864082336426,,,,,,,,,,,6.7789144782632205
globalatomic_cudagraph,multiarea_mam,NVIDIA GeForce RTX 5090,2.11.0+cu128,12.8,default,0.15,,0.005,1.0,0.0,400000000.0,7ea3d2d416879601,0,20649,256,1,21960982,1063.5373141556493,multiarea_mam,0,4692,615.5277770001732,0.5787552244829751,0.3108347092842594,2081.5999999999985,2809.0,1.0,0.0001,0.0001,0.000100072945421,0.1,0.1000729454210857,2.06640625,3.0,3,2324.63671875,3587.75,6176,0.0073826184225036,0.0073826184225036,0.1204946429526146,1.45179584120983,sampled_16_timesteps_max_2048_sources,converged,1.5625,0.0001,0.0001000729389488,7.293894886970042e-08,True,20,SpMV,CUSPARSE_SPMV_ALG_DEFAULT,,,torch_cuda_event_cudagraph_replay,gpu_execution,full_rsnn,device_adapted,independent_inference,sparse_only,"(256, 1, 20649)","(256, 1, 20649)",20649,20649,1,1,BN,spmspv_csc_dense_device,spmspv_csc_dense_device,none,False,False,True,0,torch.int64,torch.float32,torch.float32,dense_device,,,False,False,False,False,False,True,1.0,82596,285089348,285089348,0,0,False,unknown,unknown,unknown,unknown,unknown,,14.1115837;14.1014404;14.0969276;14.1000957;14.0991039;14.097024;14.1011524;14.0980158;14.0990725;14.1010561;14.0996799;14.0991039;14.1011524;14.0991039;14.0980797;14.1011524;14.0970564;14.1001282;14.0991039;14.0991039,20,14.099956846237182,0.0030856913267923,14.096927642822266,14.111583709716797,passed,0,0.0,0.0,0.0,0.0,0.0,0.0,0.0,20649,0,full_state,passed,,14.099103927612305,,,,,,,,,,,1.9928698506261708
vdha_cudagraph,multiarea_mam,NVIDIA GeForce RTX 5090,2.11.0+cu128,12.8,default,0.15,,0.005,1.0,0.0,400000000.0,7ea3d2d416879601,0,20649,256,1,21960982,1063.5373141556493,multiarea_mam,0,4692,615.5277770001732,0.5787552244829751,0.3108347092842594,2081.5999999999985,2809.0,1.0,0.0001,0.0001,0.000100072945421,0.1,0.1000729454210857,2.06640625,3.0,3,2324.63671875,3587.75,6176,0.0073826184225036,0.0073826184225036,0.1204946429526146,1.45179584120983,sampled_16_timesteps_max_2048_sources,converged,1.5625,0.0001,0.0001000729389488,7.293894886970042e-08,True,20,SpMV,CUSPARSE_SPMV_ALG_DEFAULT,,,torch_cuda_event_cudagraph_replay,gpu_execution,full_rsnn,device_adapted,independent_inference,sparse_only,"(256, 1, 20649)","(256, 1, 20649)",20649,20649,1,1,BN,spmspv_csc_dense_device,spmspv_csc_dense_device,none,False,False,True,0,torch.int64,torch.float32,torch.float32,dense_device,,,False,False,False,False,False,True,1.0,82596,285089348,285089348,0,0,False,unknown,unknown,unknown,unknown,unknown,,7.56207991;7.54902411;7.54691219;7.54796791;7.54924822;7.55263996;7.55219221;7.54953623;7.54803181;7.549088;7.55059195;7.54998398;7.54960012;7.5501442;7.54755211;7.54652786;7.55062389;7.54960012;7.55062389;7.55164814,20,7.550180840492248,0.0032394067399284,7.546527862548828,7.562079906463623,passed,0,0.0,0.0,0.0,0.0,0.0,0.0,0.0,20649,0,full_state,passed,,7.549600124359131,,,,,,,,,,,3.721744022908597
persistent_spike_block,multiarea_mam,NVIDIA GeForce RTX 5090,2.11.0+cu128,12.8,default,0.15,,0.005,1.0,0.0,400000000.0,7ea3d2d416879601,0,20649,256,1,21960982,1063.5373141556493,multiarea_mam,0,4692,615.5277770001732,0.5787552244829751,0.3108347092842594,2081.5999999999985,2809.0,1.0,0.0001,0.0001,0.000100072945421,0.1,0.1000729454210857,2.06640625,3.0,3,2324.63671875,3587.75,6176,0.0073826184225036,0.0073826184225036,0.1204946429526146,1.45179584120983,sampled_16_timesteps_max_2048_sources,converged,1.5625,0.0001,0.0001000729389488,7.293894886970042e-08,True,20,SpMV,CUSPARSE_SPMV_ALG_DEFAULT,,,torch_cuda_event,gpu_execution,full_rsnn,device_native,independent_inference,full_fusion,"(256, 1, 20649)","(256, 1, 20649)",20649,20649,1,1,BN,event_csr,event_csr,dense_to_events_precomputed,False,True,True,0,torch.int32,torch.float32,torch.float32,windowed_events,,,False,False,False,False,False,False,1.0,2397004,175938792,175938792,0,0,False,unknown,unknown,unknown,unknown,unknown,,2.28457594;2.24332809;2.24563193;2.23952007;2.23958397;2.24201608;2.23945594;2.24147201;2.24147201;2.24540806;2.24969602;2.247648;2.24566388;2.24918389;2.24969602;2.25225592;2.24156809;2.24409604;2.25177598;2.24767995,20,2.24708639383316,0.0097166553992095,2.2394559383392334,2.284575939178467,passed,0,0.0,4.4703483581542975e-08,2.182787284255028e-11,2.230653990409337e-07,4.365423578178706e-09,2.230653990409337e-07,4.365423578178706e-09,20649,0,full_state,passed,,2.245519995689392,,,,,,,12.512771737558005,,,,12.512771737558005
cusparse_direct_cudagraph,multiarea_mam,NVIDIA GeForce RTX 5090,2.11.0+cu128,12.8,default,0.15,,0.005,1.0,0.0,400000000.0,2d8c50ab0108ae12,0,20649,256,1,21960982,1063.5373141556493,multiarea_mam,0,4692,615.5277770001732,0.5787552244829751,0.3108347092842594,2081.5999999999985,2809.0,1.0,0.0002,0.0002,0.0001999567170323,0.2,0.1999567170323018,4.12890625,5.0,5,4398.80859375,6317.0,7252,0.0367701245903981,0.0367701245903981,0.0811585752176695,1.2109744560075686,sampled_16_timesteps_max_2048_sources,converged,1.5625,0.0002,0.0001999567175516,4.328244831413989e-08,True,20,SpMV,CUSPARSE_SPMV_ALG_DEFAULT,,,torch_cuda_event,gpu_execution,full_rsnn,device_native,independent_inference,sparse_only,"(256, 1, 20649)","(256, 1, 20649)",20649,20649,1,1,BN,csr_post_by_pre,csr_post_by_pre,none,False,False,True,0,torch.int32,torch.float32,torch.float32,dense,,,False,False,False,False,False,True,1.0,85792,218307396,218307396,0,0,False,unknown,unknown,unknown,unknown,unknown,,28.1051521;28.0807037;28.0797443;28.0787201;28.0766716;28.0859203;28.0807686;28.0858879;28.0828152;28.0766716;28.0838089;28.0869122;28.0787201;28.0818233;28.0807686;28.0817928;28.0828152;28.0746231;28.0818233;28.0807991,20,28.082347106933597,0.0062276677660413,28.07462310791016,28.105152130126957,passed,0,0.0,4.4703483581542975e-08,4.074536263942719e-10,2.231124938134599e-07,8.146812291442984e-08,2.231124938134599e-07,8.146812291442984e-08,20649,0,full_state,passed,,28.08129596710205,,,,,,,1.0,,,,1.0
tilespmspv_cudagraph,multiarea_mam,NVIDIA GeForce RTX 5090,2.11.0+cu128,12.8,default,0.15,,0.005,1.0,0.0,400000000.0,2d8c50ab0108ae12,0,20649,256,1,21960982,1063.5373141556493,multiarea_mam,0,4692,615.5277770001732,0.5787552244829751,0.3108347092842594,2081.5999999999985,2809.0,1.0,0.0002,0.0002,0.0001999567170323,0.2,0.1999567170323018,4.12890625,5.0,5,4398.80859375,6317.0,7252,0.0367701245903981,0.0367701245903981,0.0811585752176695,1.2109744560075686,sampled_16_timesteps_max_2048_sources,converged,1.5625,0.0002,0.0001999567175516,4.328244831413989e-08,True,20,SpMV,CUSPARSE_SPMV_ALG_DEFAULT,,,torch_cuda_event_cudagraph_replay,gpu_execution,full_rsnn,device_adapted,independent_inference,sparse_only,"(256, 1, 20649)","(256, 1, 20649)",20649,20649,1,1,BN,spmspv_csc_dense_device,spmspv_csc_dense_device,none,False,False,True,0,torch.int64,torch.float32,torch.float32,dense_device,,,False,False,False,False,False,True,1.0,82596,285089348,285089348,0,0,False,unknown,unknown,unknown,unknown,unknown,,4.23152018;4.22035217;4.22073603;4.22057581;4.2184639;4.21849585;4.21990395;4.22419214;4.22879982;4.22684813;4.2259841;4.22671986;4.22668791;4.22467184;4.22668791;4.22671986;4.22668791;4.22668791;4.22467184;4.22467184,20,4.2245039463043215,0.0035913144469628,4.218463897705078,4.231520175933838,passed,0,0.0,1.1641532182693479e-10,0.0,5.820671167278134e-10,0.0,5.820671167278134e-10,0.0,20649,0,full_state,passed,,4.225327968597412,,,,,,,,,,,6.645944687797472
globalatomic_cudagraph,multiarea_mam,NVIDIA GeForce RTX 5090,2.11.0+cu128,12.8,default,0.15,,0.005,1.0,0.0,400000000.0,2d8c50ab0108ae12,0,20649,256,1,21960982,1063.5373141556493,multiarea_mam,0,4692,615.5277770001732,0.5787552244829751,0.3108347092842594,2081.5999999999985,2809.0,1.0,0.0002,0.0002,0.0001999567170323,0.2,0.1999567170323018,4.12890625,5.0,5,4398.80859375,6317.0,7252,0.0367701245903981,0.0367701245903981,0.0811585752176695,1.2109744560075686,sampled_16_timesteps_max_2048_sources,converged,1.5625,0.0002,0.0001999567175516,4.328244831413989e-08,True,20,SpMV,CUSPARSE_SPMV_ALG_DEFAULT,,,torch_cuda_event_cudagraph_replay,gpu_execution,full_rsnn,device_adapted,independent_inference,sparse_only,"(256, 1, 20649)","(256, 1, 20649)",20649,20649,1,1,BN,spmspv_csc_dense_device,spmspv_csc_dense_device,none,False,False,True,0,torch.int64,torch.float32,torch.float32,dense_device,,,False,False,False,False,False,True,1.0,82596,285089348,285089348,0,0,False,unknown,unknown,unknown,unknown,unknown,,14.123456;14.1089277;14.1087999;14.1065283;14.1050882;14.1066875;14.1066236;14.1057281;14.1027203;14.10464;14.1037436;14.1072636;14.1052485;14.1052485;14.1103678;14.107296;14.107296;14.107296;14.1062717;14.107296,20,14.107326364517212,0.0041944702641701,14.102720260620115,14.123456001281738,passed,0,0.0,2.3283064365386963e-10,0.0,1.1641343444779295e-09,0.0,1.1641343444779295e-09,0.0,20649,0,full_state,passed,,14.106655597686768,,,,,,,,,,,1.9906416352651912
vdha_cudagraph,multiarea_mam,NVIDIA GeForce RTX 5090,2.11.0+cu128,12.8,default,0.15,,0.005,1.0,0.0,400000000.0,2d8c50ab0108ae12,0,20649,256,1,21960982,1063.5373141556493,multiarea_mam,0,4692,615.5277770001732,0.5787552244829751,0.3108347092842594,2081.5999999999985,2809.0,1.0,0.0002,0.0002,0.0001999567170323,0.2,0.1999567170323018,4.12890625,5.0,5,4398.80859375,6317.0,7252,0.0367701245903981,0.0367701245903981,0.0811585752176695,1.2109744560075686,sampled_16_timesteps_max_2048_sources,converged,1.5625,0.0002,0.0001999567175516,4.328244831413989e-08,True,20,SpMV,CUSPARSE_SPMV_ALG_DEFAULT,,,torch_cuda_event_cudagraph_replay,gpu_execution,full_rsnn,device_adapted,independent_inference,sparse_only,"(256, 1, 20649)","(256, 1, 20649)",20649,20649,1,1,BN,spmspv_csc_dense_device,spmspv_csc_dense_device,none,False,False,True,0,torch.int64,torch.float32,torch.float32,dense_device,,,False,False,False,False,False,True,1.0,82596,285089348,285089348,0,0,False,unknown,unknown,unknown,unknown,unknown,,7.64710379;7.63219213;7.63148785;7.63251209;7.63257599;7.63503981;7.63580799;7.63248014;7.63110399;7.63241577;7.63254404;7.62947178;7.63177586;7.62899208;7.62844801;7.63046408;7.62943983;7.63254404;7.63459206;7.62742376,20,7.632420754432678,0.0040762269314566,7.627423763275146,7.647103786468506,passed,0,0.0,2.3283064365386963e-10,0.0,1.1641343444779295e-09,0.0,1.1641343444779295e-09,0.0,20649,0,full_state,passed,,7.632303953170776,,,,,,,,,,,3.679268558930481
persistent_spike_block,multiarea_mam,NVIDIA GeForce RTX 5090,2.11.0+cu128,12.8,default,0.15,,0.005,1.0,0.0,400000000.0,2d8c50ab0108ae12,0,20649,256,1,21960982,1063.5373141556493,multiarea_mam,0,4692,615.5277770001732,0.5787552244829751,0.3108347092842594,2081.5999999999985,2809.0,1.0,0.0002,0.0002,0.0001999567170323,0.2,0.1999567170323018,4.12890625,5.0,5,4398.80859375,6317.0,7252,0.0367701245903981,0.0367701245903981,0.0811585752176695,1.2109744560075686,sampled_16_timesteps_max_2048_sources,converged,1.5625,0.0002,0.0001999567175516,4.328244831413989e-08,True,20,SpMV,CUSPARSE_SPMV_ALG_DEFAULT,,,torch_cuda_event,gpu_execution,full_rsnn,device_native,independent_inference,full_fusion,"(256, 1, 20649)","(256, 1, 20649)",20649,20649,1,1,BN,event_csr,event_csr,dense_to_events_precomputed,False,True,True,0,torch.int32,torch.float32,torch.float32,windowed_events,,,False,False,False,False,False,False,1.0,2397004,175940904,175940904,0,0,False,unknown,unknown,unknown,unknown,unknown,,2.355232;2.31068802;2.31526399;2.31459188;2.31110406;2.31091189;2.31523204;2.3101759;2.31126404;2.30809593;2.31135988;2.31203198;2.31126404;2.31305599;2.31526399;2.31379199;2.31523204;2.3079679;2.31321597;2.31014395,20,2.3142943739891053,0.0098992792512659,2.3079679012298584,2.355232000350952,passed,0,0.0,4.4703483581542975e-08,2.3283064365386963e-10,2.231124938134599e-07,4.650882701184855e-08,2.231124938134599e-07,4.650882701184855e-08,20649,0,full_state,passed,,2.31169593334198,,,,,,,12.14748685676208,,,,12.14748685676208
cusparse_direct_cudagraph,multiarea_mam,NVIDIA GeForce RTX 5090,2.11.0+cu128,12.8,default,0.15,,0.005,1.0,0.0,400000000.0,f41423de63a64bfe,0,20649,256,1,21960982,1063.5373141556493,multiarea_mam,0,4692,615.5277770001732,0.5787552244829751,0.3108347092842594,2081.5999999999985,2809.0,1.0,0.0005,0.0005,0.0004999863794856,0.5,0.4999863794856894,10.32421875,11.0,11,10990.8203125,14803.5,17966,0.1693477031749988,0.1693477031749989,0.045338268972051,1.065455921301551,sampled_16_timesteps_max_2048_sources,converged,1.5625,0.0005,0.0004999863449484,1.3655051589022554e-08,True,20,SpMV,CUSPARSE_SPMV_ALG_DEFAULT,,,torch_cuda_event,gpu_execution,full_rsnn,device_native,independent_inference,sparse_only,"(256, 1, 20649)","(256, 1, 20649)",20649,20649,1,1,BN,csr_post_by_pre,csr_post_by_pre,none,False,False,True,0,torch.int32,torch.float32,torch.float32,dense,,,False,False,False,False,False,True,1.0,85792,218307396,218307396,0,0,False,unknown,unknown,unknown,unknown,unknown,,28.1102409;28.0848961;28.0879364;28.0828152;28.0889912;28.0858879;28.0848637;28.0879688;28.0889606;28.0889606;28.0858879;28.0848637;28.0859203;28.0828152;28.0848961;28.0838718;28.0910397;28.0828152;28.0879364;28.0869122,20,28.08742399215698,0.0058541992751812,28.08281517028809,28.110240936279297,passed,0,0.0,5.960464477539064e-08,4.656612873077393e-10,2.972465438233485e-07,9.30485413164206e-08,2.972465438233485e-07,9.30485413164206e-08,20649,0,full_state,passed,,28.08590412139893,,,,,,,1.0,,,,1.0
tilespmspv_cudagraph,multiarea_mam,NVIDIA GeForce RTX 5090,2.11.0+cu128,12.8,default,0.15,,0.005,1.0,0.0,400000000.0,f41423de63a64bfe,0,20649,256,1,21960982,1063.5373141556493,multiarea_mam,0,4692,615.5277770001732,0.5787552244829751,0.3108347092842594,2081.5999999999985,2809.0,1.0,0.0005,0.0005,0.0004999863794856,0.5,0.4999863794856894,10.32421875,11.0,11,10990.8203125,14803.5,17966,0.1693477031749988,0.1693477031749989,0.045338268972051,1.065455921301551,sampled_16_timesteps_max_2048_sources,converged,1.5625,0.0005,0.0004999863449484,1.3655051589022554e-08,True,20,SpMV,CUSPARSE_SPMV_ALG_DEFAULT,,,torch_cuda_event_cudagraph_replay,gpu_execution,full_rsnn,device_adapted,independent_inference,sparse_only,"(256, 1, 20649)","(256, 1, 20649)",20649,20649,1,1,BN,spmspv_csc_dense_device,spmspv_csc_dense_device,none,False,False,True,0,torch.int64,torch.float32,torch.float32,dense_device,,,False,False,False,False,False,True,1.0,82596,285089348,285089348,0,0,False,unknown,unknown,unknown,unknown,unknown,,4.48963213;4.47673607;4.47852802;4.47862387;4.47862387;4.47033596;4.47247982;4.46934414;4.47862387;4.47452784;4.47200012;4.47452784;4.47247982;4.4766078;4.47244787;4.47555208;4.4704318;4.47247982;4.47244787;4.47446394,20,4.47504472732544,0.0045203092110445,4.469344139099121,4.4896321296691895,passed,0,0.0,1.862645149230957e-09,5.820766091346741e-11,9.312683069140348e-09,1.1640603148066477e-08,9.312683069140348e-09,1.1640603148066477e-08,20649,0,full_state,passed,,4.474495887756348,,,,,,,,,,,6.276886788129797
globalatomic_cudagraph,multiarea_mam,NVIDIA GeForce RTX 5090,2.11.0+cu128,12.8,default,0.15,,0.005,1.0,0.0,400000000.0,f41423de63a64bfe,0,20649,256,1,21960982,1063.5373141556493,multiarea_mam,0,4692,615.5277770001732,0.5787552244829751,0.3108347092842594,2081.5999999999985,2809.0,1.0,0.0005,0.0005,0.0004999863794856,0.5,0.4999863794856894,10.32421875,11.0,11,10990.8203125,14803.5,17966,0.1693477031749988,0.1693477031749989,0.045338268972051,1.065455921301551,sampled_16_timesteps_max_2048_sources,converged,1.5625,0.0005,0.0004999863449484,1.3655051589022554e-08,True,20,SpMV,CUSPARSE_SPMV_ALG_DEFAULT,,,torch_cuda_event_cudagraph_replay,gpu_execution,full_rsnn,device_adapted,independent_inference,sparse_only,"(256, 1, 20649)","(256, 1, 20649)",20649,20649,1,1,BN,spmspv_csc_dense_device,spmspv_csc_dense_device,none,False,False,True,0,torch.int64,torch.float32,torch.float32,dense_device,,,False,False,False,False,False,True,1.0,82596,285089348,285089348,0,0,False,unknown,unknown,unknown,unknown,unknown,,14.1194878;14.1074562;14.1032639;14.1102076;14.1094398;14.1071682;14.107296;14.1042881;14.1050558;14.1052485;14.1079044;14.1052485;14.107296;14.107296;14.1062717;14.107296;14.107296;14.107296;14.1103678;14.1072636,20,14.107622385025024,0.0033181236830813,14.103263854980469,14.119487762451172,passed,0,0.0,1.862645149230957e-09,5.820766091346741e-11,9.312683069140348e-09,1.1640603148066477e-08,9.312683069140348e-09,1.1640603148066477e-08,20649,0,full_state,passed,,14.107295989990234,,,,,,,,,,,1.9908779217028651
vdha_cudagraph,multiarea_mam,NVIDIA GeForce RTX 5090,2.11.0+cu128,12.8,default,0.15,,0.005,1.0,0.0,400000000.0,f41423de63a64bfe,0,20649,256,1,21960982,1063.5373141556493,multiarea_mam,0,4692,615.5277770001732,0.5787552244829751,0.3108347092842594,2081.5999999999985,2809.0,1.0,0.0005,0.0005,0.0004999863794856,0.5,0.4999863794856894,10.32421875,11.0,11,10990.8203125,14803.5,17966,0.1693477031749988,0.1693477031749989,0.045338268972051,1.065455921301551,sampled_16_timesteps_max_2048_sources,converged,1.5625,0.0005,0.0004999863449484,1.3655051589022554e-08,True,20,SpMV,CUSPARSE_SPMV_ALG_DEFAULT,,,torch_cuda_event_cudagraph_replay,gpu_execution,full_rsnn,device_adapted,independent_inference,sparse_only,"(256, 1, 20649)","(256, 1, 20649)",20649,20649,1,1,BN,spmspv_csc_dense_device,spmspv_csc_dense_device,none,False,False,True,0,torch.int64,torch.float32,torch.float32,dense_device,,,False,False,False,False,False,True,1.0,82596,285089348,285089348,0,0,False,unknown,unknown,unknown,unknown,unknown,,8.13964844;8.11811161;8.11935997;8.11942387;8.12140846;8.11539173;8.12166405;8.1164484;8.1174078;8.11542416;8.11753559;8.11987209;8.11996841;8.11747169;8.11791992;8.11894417;8.12201595;8.11587238;8.11587238;8.11583996,20,8.119280052185058,0.0052296311676976,8.115391731262207,8.1396484375,passed,0,0.0,9.313225746154783e-10,5.820766091346741e-11,4.6564796463144376e-09,1.1640603148066477e-08,4.6564796463144376e-09,1.1640603148066477e-08,20649,0,full_state,passed,,8.118015766143799,,,,,,,,,,,3.459700612867894
persistent_spike_block,multiarea_mam,NVIDIA GeForce RTX 5090,2.11.0+cu128,12.8,default,0.15,,0.005,1.0,0.0,400000000.0,f41423de63a64bfe,0,20649,256,1,21960982,1063.5373141556493,multiarea_mam,0,4692,615.5277770001732,0.5787552244829751,0.3108347092842594,2081.5999999999985,2809.0,1.0,0.0005,0.0005,0.0004999863794856,0.5,0.4999863794856894,10.32421875,11.0,11,10990.8203125,14803.5,17966,0.1693477031749988,0.1693477031749989,0.045338268972051,1.065455921301551,sampled_16_timesteps_max_2048_sources,converged,1.5625,0.0005,0.0004999863449484,1.3655051589022554e-08,True,20,SpMV,CUSPARSE_SPMV_ALG_DEFAULT,,,torch_cuda_event,gpu_execution,full_rsnn,device_native,independent_inference,full_fusion,"(256, 1, 20649)","(256, 1, 20649)",20649,20649,1,1,BN,event_csr,event_csr,dense_to_events_precomputed,False,True,True,0,torch.int32,torch.float32,torch.float32,windowed_events,,,False,False,False,False,False,False,1.0,2397004,175947248,175947248,0,0,False,unknown,unknown,unknown,unknown,unknown,,2.62918401;2.58550406;2.58547211;2.58966398;2.59680009;2.59631991;2.59779191;2.59372807;2.59673595;2.59568;2.59596801;2.59372807;2.59673595;2.59014392;2.59990406;2.59628797;2.594944;2.59628797;2.59583998;2.59379196,20,2.596025598049164,0.0086860221993326,2.5854721069335938,2.6291840076446533,passed,0,0.0,5.960464477539064e-08,2.3283064365386963e-10,2.972465438233485e-07,4.6521311247715864e-08,2.972465438233485e-07,4.6521311247715864e-08,20649,0,full_state,passed,,2.595903992652893,,,,,,,10.81931542957274,,,,10.81931542957274
cusparse_direct_cudagraph,multiarea_mam,NVIDIA GeForce RTX 5090,2.11.0+cu128,12.8,default,0.15,,0.005,1.0,0.0,400000000.0,19cd30d5f18b4efa,0,20649,256,1,21960982,1063.5373141556493,multiarea_mam,0,4692,615.5277770001732,0.5787552244829751,0.3108347092842594,2081.5999999999985,2809.0,1.0,0.001,0.001,0.0009999727589713,1.0,0.9999727589713788,20.6484375,21.0,21,21984.390625,26515.25,28678,0.3200574248720888,0.3200574248720888,0.0231232108824782,1.0170261066969353,sampled_16_timesteps_max_2048_sources,converged,1.5625,0.001,0.0009999726898968,2.7310103178045112e-08,True,20,SpMV,CUSPARSE_SPMV_ALG_DEFAULT,,,torch_cuda_event,gpu_execution,full_rsnn,device_native,independent_inference,sparse_only,"(256, 1, 20649)","(256, 1, 20649)",20649,20649,1,1,BN,csr_post_by_pre,csr_post_by_pre,none,False,False,True,0,torch.int32,torch.float32,torch.float32,dense,,,False,False,False,False,False,True,1.0,85792,218307396,218307396,0,0,False,unknown,unknown,unknown,unknown,unknown,,28.0867195;28.0747204;28.0817928;28.0766716;28.0684795;28.0756798;28.0766716;28.0694714;28.076704;28.070528;28.0695362;28.0787525;28.068512;28.0756474;28.070528;28.0756474;28.0746231;28.0787201;28.0736313;28.0746555,20,28.074884605407718,0.004634966399732,28.068479537963867,28.086719512939453,passed,0,0.0,8.940696716308595e-08,4.656612873077393e-10,4.45958221462206e-07,9.305887260779856e-08,4.45958221462206e-07,9.305887260779856e-08,20649,0,full_state,passed,,28.075183868408203,,,,,,,1.0,,,,1.0
tilespmspv_cudagraph,multiarea_mam,NVIDIA GeForce RTX 5090,2.11.0+cu128,12.8,default,0.15,,0.005,1.0,0.0,400000000.0,19cd30d5f18b4efa,0,20649,256,1,21960982,1063.5373141556493,multiarea_mam,0,4692,615.5277770001732,0.5787552244829751,0.3108347092842594,2081.5999999999985,2809.0,1.0,0.001,0.001,0.0009999727589713,1.0,0.9999727589713788,20.6484375,21.0,21,21984.390625,26515.25,28678,0.3200574248720888,0.3200574248720888,0.0231232108824782,1.0170261066969353,sampled_16_timesteps_max_2048_sources,converged,1.5625,0.001,0.0009999726898968,2.7310103178045112e-08,True,20,SpMV,CUSPARSE_SPMV_ALG_DEFAULT,,,torch_cuda_event_cudagraph_replay,gpu_execution,full_rsnn,device_adapted,independent_inference,sparse_only,"(256, 1, 20649)","(256, 1, 20649)",20649,20649,1,1,BN,spmspv_csc_dense_device,spmspv_csc_dense_device,none,False,False,True,0,torch.int64,torch.float32,torch.float32,dense_device,,,False,False,False,False,False,True,1.0,82596,285089348,285089348,0,0,False,unknown,unknown,unknown,unknown,unknown,,4.72243214;4.7180481;4.71568012;4.71225595;4.7151041;4.71817589;4.71977615;4.71424007;4.71724796;4.71820784;4.71360016;4.7100482;4.71107197;4.71414423;4.71414423;4.7100482;4.72131205;4.71619177;4.71823978;4.7141118,20,4.715704035758972,0.0034934376478271,4.710048198699951,4.7224321365356445,passed,0,0.0,7.450580596923828e-09,2.3283064365386963e-10,3.722880848044952e-08,4.652434881791123e-08,3.722880848044952e-08,4.652434881791123e-08,20649,0,full_state,passed,,4.715392112731934,,,,,,,,,,,5.953944697961167
globalatomic_cudagraph,multiarea_mam,NVIDIA GeForce RTX 5090,2.11.0+cu128,12.8,default,0.15,,0.005,1.0,0.0,400000000.0,19cd30d5f18b4efa,0,20649,256,1,21960982,1063.5373141556493,multiarea_mam,0,4692,615.5277770001732,0.5787552244829751,0.3108347092842594,2081.5999999999985,2809.0,1.0,0.001,0.001,0.0009999727589713,1.0,0.9999727589713788,20.6484375,21.0,21,21984.390625,26515.25,28678,0.3200574248720888,0.3200574248720888,0.0231232108824782,1.0170261066969353,sampled_16_timesteps_max_2048_sources,converged,1.5625,0.001,0.0009999726898968,2.7310103178045112e-08,True,20,SpMV,CUSPARSE_SPMV_ALG_DEFAULT,,,torch_cuda_event_cudagraph_replay,gpu_execution,full_rsnn,device_adapted,independent_inference,sparse_only,"(256, 1, 20649)","(256, 1, 20649)",20649,20649,1,1,BN,spmspv_csc_dense_device,spmspv_csc_dense_device,none,False,False,True,0,torch.int64,torch.float32,torch.float32,dense_device,,,False,False,False,False,False,True,1.0,82596,285089348,285089348,0,0,False,unknown,unknown,unknown,unknown,unknown,,14.1230717;14.1137276;14.1134081;14.1165123;14.113472;14.1155195;14.1174078;14.1185923;14.1154881;14.1113596;14.1140156;14.1154881;14.1154556;14.1134396;14.1144638;14.1113596;14.111392;14.111392;14.1124163;14.1134396,20,14.114571046829225,0.002858459570357,14.11135959625244,14.123071670532228,passed,0,0.0,5.587935447692871e-09,2.9103830456733704e-10,2.7931816859450013e-08,5.8188380336332564e-08,2.7931816859450013e-08,5.8188380336332564e-08,20649,0,full_state,passed,,14.113871574401855,,,,,,,,,,,1.989190826939916
vdha_cudagraph,multiarea_mam,NVIDIA GeForce RTX 5090,2.11.0+cu128,12.8,default,0.15,,0.005,1.0,0.0,400000000.0,19cd30d5f18b4efa,0,20649,256,1,21960982,1063.5373141556493,multiarea_mam,0,4692,615.5277770001732,0.5787552244829751,0.3108347092842594,2081.5999999999985,2809.0,1.0,0.001,0.001,0.0009999727589713,1.0,0.9999727589713788,20.6484375,21.0,21,21984.390625,26515.25,28678,0.3200574248720888,0.3200574248720888,0.0231232108824782,1.0170261066969353,sampled_16_timesteps_max_2048_sources,converged,1.5625,0.001,0.0009999726898968,2.7310103178045112e-08,True,20,SpMV,CUSPARSE_SPMV_ALG_DEFAULT,,,torch_cuda_event_cudagraph_replay,gpu_execution,full_rsnn,device_adapted,independent_inference,sparse_only,"(256, 1, 20649)","(256, 1, 20649)",20649,20649,1,1,BN,spmspv_csc_dense_device,spmspv_csc_dense_device,none,False,False,True,0,torch.int64,torch.float32,torch.float32,dense_device,,,False,False,False,False,False,True,1.0,82596,285089348,285089348,0,0,False,unknown,unknown,unknown,unknown,unknown,,8.1230402;8.10979176;8.11116791;8.11110401;8.11116791;8.10569572;8.11126423;8.11222363;8.10918427;8.10960007;8.10761642;8.11337566;8.10979176;8.10918427;8.10870361;8.11177635;8.11174393;8.10761642;8.11177635;8.11177635,20,8.110880041122437,0.0034189676159155,8.105695724487305,8.123040199279785,passed,0,0.0,7.450580596923828e-09,2.9103830456733704e-10,3.722880848044952e-08,5.8188380336332564e-08,3.722880848044952e-08,5.8188380336332564e-08,20649,0,full_state,passed,,8.111135959625244,,,,,,,,,,,3.4613134347837207
persistent_spike_block,multiarea_mam,NVIDIA GeForce RTX 5090,2.11.0+cu128,12.8,default,0.15,,0.005,1.0,0.0,400000000.0,19cd30d5f18b4efa,0,20649,256,1,21960982,1063.5373141556493,multiarea_mam,0,4692,615.5277770001732,0.5787552244829751,0.3108347092842594,2081.5999999999985,2809.0,1.0,0.001,0.001,0.0009999727589713,1.0,0.9999727589713788,20.6484375,21.0,21,21984.390625,26515.25,28678,0.3200574248720888,0.3200574248720888,0.0231232108824782,1.0170261066969353,sampled_16_timesteps_max_2048_sources,converged,1.5625,0.001,0.0009999726898968,2.7310103178045112e-08,True,20,SpMV,CUSPARSE_SPMV_ALG_DEFAULT,,,torch_cuda_event,gpu_execution,full_rsnn,device_native,independent_inference,full_fusion,"(256, 1, 20649)","(256, 1, 20649)",20649,20649,1,1,BN,event_csr,event_csr,dense_to_events_precomputed,False,True,True,0,torch.int32,torch.float32,torch.float32,windowed_events,,,False,False,False,False,False,False,1.0,2397004,175957820,175957820,0,0,False,unknown,unknown,unknown,unknown,unknown,,3.95292807;3.91385603;3.90844798;3.91574407;3.91375995;3.91990399;3.91417599;3.920928;3.92028809;3.9096961;3.91551995;3.9096961;3.92390394;3.92185593;3.92032003;3.91875196;3.91004801;3.91792011;3.91680002;3.91987205,20,3.918220818042755,0.0093201820447481,3.908447980880737,3.952928066253662,passed,0,0.0,5.960464477539064e-08,4.656612873077393e-10,2.9728420258834376e-07,9.297549752318447e-08,2.9728420258834376e-07,9.297549752318447e-08,20649,0,full_state,passed,,3.9173600673675537,,,,,,,7.1668632409567055,,,,7.1668632409567055
cusparse_direct_cudagraph,multiarea_mam,NVIDIA GeForce RTX 5090,2.11.0+cu128,12.8,default,0.15,,0.005,1.0,0.0,400000000.0,6793c96c67ceadb8,0,20649,256,1,21960982,1063.5373141556493,multiarea_mam,0,4692,615.5277770001732,0.5787552244829751,0.3108347092842594,2081.5999999999985,2809.0,1.0,0.002,0.002,0.0019999455179427,2.0,1.9999455179427577,41.296875,42.0,42,43947.82421875,49611.5,51719,0.5446972233242863,0.5446972233242863,0.0110633306978535,1.0170261066969353,sampled_16_timesteps_max_2048_sources,converged,1.5625,0.002,0.0019999453797936,5.4620206356090224e-08,True,20,SpMV,CUSPARSE_SPMV_ALG_DEFAULT,,,torch_cuda_event,gpu_execution,full_rsnn,device_native,independent_inference,sparse_only,"(256, 1, 20649)","(256, 1, 20649)",20649,20649,1,1,BN,csr_post_by_pre,csr_post_by_pre,none,False,False,True,0,torch.int32,torch.float32,torch.float32,dense,,,False,False,False,False,False,True,1.0,85792,218307396,218307396,0,0,False,unknown,unknown,unknown,unknown,unknown,,28.1376953;28.0766392;28.0736008;28.0746231;28.0786877;28.0736008;28.0746231;28.0776958;28.0746231;28.076704;28.0776958;28.0787525;28.0766716;28.0695038;28.0787525;28.0756474;28.0746231;28.0766716;28.0776958;28.0726089,20,28.078855800628663,0.0140467831928527,28.069503784179688,28.1376953125,passed,0,0.0,1.1920928955078125e-07,9.313225746154783e-10,5.932149633736117e-07,1.8599102702410167e-07,5.932149633736117e-07,1.8599102702410167e-07,20649,0,full_state,passed,,28.076655387878414,,,,,,,1.0,,,,1.0
tilespmspv_cudagraph,multiarea_mam,NVIDIA GeForce RTX 5090,2.11.0+cu128,12.8,default,0.15,,0.005,1.0,0.0,400000000.0,6793c96c67ceadb8,0,20649,256,1,21960982,1063.5373141556493,multiarea_mam,0,4692,615.5277770001732,0.5787552244829751,0.3108347092842594,2081.5999999999985,2809.0,1.0,0.002,0.002,0.0019999455179427,2.0,1.9999455179427577,41.296875,42.0,42,43947.82421875,49611.5,51719,0.5446972233242863,0.5446972233242863,0.0110633306978535,1.0170261066969353,sampled_16_timesteps_max_2048_sources,converged,1.5625,0.002,0.0019999453797936,5.4620206356090224e-08,True,20,SpMV,CUSPARSE_SPMV_ALG_DEFAULT,,,torch_cuda_event_cudagraph_replay,gpu_execution,full_rsnn,device_adapted,independent_inference,sparse_only,"(256, 1, 20649)","(256, 1, 20649)",20649,20649,1,1,BN,spmspv_csc_dense_device,spmspv_csc_dense_device,none,False,False,True,0,torch.int64,torch.float32,torch.float32,dense_device,,,False,False,False,False,False,True,1.0,82596,285089348,285089348,0,0,False,unknown,unknown,unknown,unknown,unknown,,4.87081623;4.85929585;4.8591361;4.86006403;4.85343981;4.85526419;4.85599995;4.85347223;4.86156797;4.86668777;4.86515188;4.86563206;4.8667202;4.86364794;4.86569595;4.8667202;4.86569595;4.86774397;4.86262417;4.86361599,20,4.862449622154236,0.0050062868550691,4.853439807891846,4.870816230773926,passed,0,0.0,5.960464477539064e-08,4.656612873077393e-10,2.974748269934935e-07,9.305846049301181e-08,2.974748269934935e-07,9.305846049301181e-08,20649,0,full_state,passed,,4.863631963729858,,,,,,,,,,,5.772775489029145
globalatomic_cudagraph,multiarea_mam,NVIDIA GeForce RTX 5090,2.11.0+cu128,12.8,default,0.15,,0.005,1.0,0.0,400000000.0,6793c96c67ceadb8,0,20649,256,1,21960982,1063.5373141556493,multiarea_mam,0,4692,615.5277770001732,0.5787552244829751,0.3108347092842594,2081.5999999999985,2809.0,1.0,0.002,0.002,0.0019999455179427,2.0,1.9999455179427577,41.296875,42.0,42,43947.82421875,49611.5,51719,0.5446972233242863,0.5446972233242863,0.0110633306978535,1.0170261066969353,sampled_16_timesteps_max_2048_sources,converged,1.5625,0.002,0.0019999453797936,5.4620206356090224e-08,True,20,SpMV,CUSPARSE_SPMV_ALG_DEFAULT,,,torch_cuda_event_cudagraph_replay,gpu_execution,full_rsnn,device_adapted,independent_inference,sparse_only,"(256, 1, 20649)","(256, 1, 20649)",20649,20649,1,1,BN,spmspv_csc_dense_device,spmspv_csc_dense_device,none,False,False,True,0,torch.int64,torch.float32,torch.float32,dense_device,,,False,False,False,False,False,True,1.0,82596,285089348,285089348,0,0,False,unknown,unknown,unknown,unknown,unknown,,14.147872;14.1340799;14.1339197;14.1308479;14.1339521;14.1338882;14.1358719;14.1330242;14.1316795;14.1318398;14.131424;14.1328964;14.1359043;14.1318722;14.1318398;14.134944;14.1359682;14.1359682;14.1308165;14.1318722,20,14.134024047851565,0.0037053762358437,14.130816459655762,14.147871971130373,passed,0,0.0,5.960464477539064e-08,4.656612873077393e-10,2.974748269934935e-07,9.305846049301181e-08,2.974748269934935e-07,9.305846049301181e-08,20649,0,full_state,passed,,14.133456230163574,,,,,,,,,,,1.9865385317398383
vdha_cudagraph,multiarea_mam,NVIDIA GeForce RTX 5090,2.11.0+cu128,12.8,default,0.15,,0.005,1.0,0.0,400000000.0,6793c96c67ceadb8,0,20649,256,1,21960982,1063.5373141556493,multiarea_mam,0,4692,615.5277770001732,0.5787552244829751,0.3108347092842594,2081.5999999999985,2809.0,1.0,0.002,0.002,0.0019999455179427,2.0,1.9999455179427577,41.296875,42.0,42,43947.82421875,49611.5,51719,0.5446972233242863,0.5446972233242863,0.0110633306978535,1.0170261066969353,sampled_16_timesteps_max_2048_sources,converged,1.5625,0.002,0.0019999453797936,5.4620206356090224e-08,True,20,SpMV,CUSPARSE_SPMV_ALG_DEFAULT,,,torch_cuda_event_cudagraph_replay,gpu_execution,full_rsnn,device_adapted,independent_inference,sparse_only,"(256, 1, 20649)","(256, 1, 20649)",20649,20649,1,1,BN,spmspv_csc_dense_device,spmspv_csc_dense_device,none,False,False,True,0,torch.int64,torch.float32,torch.float32,dense_device,,,False,False,False,False,False,True,1.0,82596,285089348,285089348,0,0,False,unknown,unknown,unknown,unknown,unknown,,8.3569603;8.33881569;8.34124756;8.34335995;8.3390398;8.33433628;8.33728027;8.34527969;8.33891201;8.33718395;8.33894444;8.33907223;8.33907223;8.33859158;8.3391037;8.34115219;8.33500767;8.33702374;8.3391037;8.34115219,20,8.340031957626342,0.0047135182466104,8.334336280822754,8.35696029663086,passed,0,0.0,5.960464477539064e-08,4.656612873077393e-10,2.974748269934935e-07,9.307005655045941e-08,2.974748269934935e-07,9.307005655045941e-08,20649,0,full_state,passed,,8.339056015014648,,,,,,,,,,,3.3668865321597314
persistent_spike_block,multiarea_mam,NVIDIA GeForce RTX 5090,2.11.0+cu128,12.8,default,0.15,,0.005,1.0,0.0,400000000.0,6793c96c67ceadb8,0,20649,256,1,21960982,1063.5373141556493,multiarea_mam,0,4692,615.5277770001732,0.5787552244829751,0.3108347092842594,2081.5999999999985,2809.0,1.0,0.002,0.002,0.0019999455179427,2.0,1.9999455179427577,41.296875,42.0,42,43947.82421875,49611.5,51719,0.5446972233242863,0.5446972233242863,0.0110633306978535,1.0170261066969353,sampled_16_timesteps_max_2048_sources,converged,1.5625,0.002,0.0019999453797936,5.4620206356090224e-08,True,20,SpMV,CUSPARSE_SPMV_ALG_DEFAULT,,,torch_cuda_event,gpu_execution,full_rsnn,device_native,independent_inference,full_fusion,"(256, 1, 20649)","(256, 1, 20649)",20649,20649,1,1,BN,event_csr,event_csr,dense_to_events_precomputed,False,True,True,0,torch.int32,torch.float32,torch.float32,windowed_events,,,False,False,False,False,False,False,1.0,2397004,175978964,175978964,0,0,False,unknown,unknown,unknown,unknown,unknown,,4.42316818;4.376544;4.37558413;4.37238407;4.36934423;4.37039995;4.378016;4.37459183;4.37184;4.37865591;4.37545586;4.37964821;4.37545586;4.38470411;4.38627195;4.39299202;4.38620806;4.38880014;4.38374376;4.38476801,20,4.381428813934326,0.0117960835876108,4.369344234466553,4.423168182373047,passed,0,0.0,8.940696716308595e-08,1.164153218269348e-09,4.451842130492878e-07,2.3253426206792938e-07,4.451842130492878e-07,2.3253426206792938e-07,20649,0,full_state,passed,,4.378335952758789,,,,,,,6.412631577571685,,,,6.412631577571685
cusparse_direct_cudagraph,multiarea_mam,NVIDIA GeForce RTX 5090,2.11.0+cu128,12.8,default,0.15,,0.005,1.0,0.0,400000000.0,99345a242eb94e2e,0,20649,256,1,21960982,1063.5373141556493,multiarea_mam,0,4692,615.5277770001732,0.5787552244829751,0.3108347092842594,2081.5999999999985,2809.0,1.0,0.005,0.005,0.0050000529686667,5.0,5.000052968666764,103.24609375,104.0,104,109860.83203125,116257.75,118998,0.7686903770949217,0.7686903770949216,0.0652810057185177,1.0073020317051946,sampled_16_timesteps_max_2048_sources,converged,1.5625,0.005,0.005000052973628,5.2973628044024335e-08,True,20,SpMV,CUSPARSE_SPMV_ALG_DEFAULT,,,torch_cuda_event,gpu_execution,full_rsnn,device_native,independent_inference,sparse_only,"(256, 1, 20649)","(256, 1, 20649)",20649,20649,1,1,BN,csr_post_by_pre,csr_post_by_pre,none,False,False,True,0,torch.int32,torch.float32,torch.float32,dense,,,False,False,False,False,False,True,1.0,85792,218307396,218307396,0,0,False,unknown,unknown,unknown,unknown,unknown,,28.1010246;28.0743999;28.0818233;28.0766716;28.0807686;28.0756474;28.0725765;28.0756798;28.0746231;28.0746231;28.0797768;28.0745926;28.0726089;28.0797443;28.0746231;28.0797443;28.0746555;28.0807991;28.0797443;28.076704,20,28.078041553497314,0.0061357821019737,28.07257652282715,28.101024627685547,passed,0,0.0,1.1920928955078125e-07,9.313225746154783e-10,5.945391308159742e-07,1.860434366562913e-07,5.945391308159742e-07,1.860434366562913e-07,20649,0,full_state,passed,,28.076175689697266,,,,,,,1.0,,,,1.0
tilespmspv_cudagraph,multiarea_mam,NVIDIA GeForce RTX 5090,2.11.0+cu128,12.8,default,0.15,,0.005,1.0,0.0,400000000.0,99345a242eb94e2e,0,20649,256,1,21960982,1063.5373141556493,multiarea_mam,0,4692,615.5277770001732,0.5787552244829751,0.3108347092842594,2081.5999999999985,2809.0,1.0,0.005,0.005,0.0050000529686667,5.0,5.000052968666764,103.24609375,104.0,104,109860.83203125,116257.75,118998,0.7686903770949217,0.7686903770949216,0.0652810057185177,1.0073020317051946,sampled_16_timesteps_max_2048_sources,converged,1.5625,0.005,0.005000052973628,5.2973628044024335e-08,True,20,SpMV,CUSPARSE_SPMV_ALG_DEFAULT,,,torch_cuda_event_cudagraph_replay,gpu_execution,full_rsnn,device_adapted,independent_inference,sparse_only,"(256, 1, 20649)","(256, 1, 20649)",20649,20649,1,1,BN,spmspv_csc_dense_device,spmspv_csc_dense_device,none,False,False,True,0,torch.int64,torch.float32,torch.float32,dense_device,,,False,False,False,False,False,True,1.0,82596,285089348,285089348,0,0,False,unknown,unknown,unknown,unknown,unknown,,5.07670403;5.06428814;5.05881596;5.05967999;5.06745577;5.05967999;5.06175995;5.06905603;5.0664959;5.06739187;5.06380796;5.06435204;5.06332779;5.06841612;5.06947184;5.06435204;5.06947184;5.06844807;5.06844807;5.0653758,20,5.065839958190918,0.0042290212192654,5.058815956115723,5.076704025268555,passed,0,0.0,1.1920928955078125e-07,9.313225746154783e-10,5.93514585034427e-07,1.8607487106692133e-07,5.93514585034427e-07,1.8607487106692133e-07,20649,0,full_state,passed,,5.065935850143433,,,,,,,,,,,5.542149865340742
globalatomic_cudagraph,multiarea_mam,NVIDIA GeForce RTX 5090,2.11.0+cu128,12.8,default,0.15,,0.005,1.0,0.0,400000000.0,99345a242eb94e2e,0,20649,256,1,21960982,1063.5373141556493,multiarea_mam,0,4692,615.5277770001732,0.5787552244829751,0.3108347092842594,2081.5999999999985,2809.0,1.0,0.005,0.005,0.0050000529686667,5.0,5.000052968666764,103.24609375,104.0,104,109860.83203125,116257.75,118998,0.7686903770949217,0.7686903770949216,0.0652810057185177,1.0073020317051946,sampled_16_timesteps_max_2048_sources,converged,1.5625,0.005,0.005000052973628,5.2973628044024335e-08,True,20,SpMV,CUSPARSE_SPMV_ALG_DEFAULT,,,torch_cuda_event_cudagraph_replay,gpu_execution,full_rsnn,device_adapted,independent_inference,sparse_only,"(256, 1, 20649)","(256, 1, 20649)",20649,20649,1,1,BN,spmspv_csc_dense_device,spmspv_csc_dense_device,none,False,False,True,0,torch.int64,torch.float32,torch.float32,dense_device,,,False,False,False,False,False,True,1.0,82596,285089348,285089348,0,0,False,unknown,unknown,unknown,unknown,unknown,,14.1780157;14.1668482;14.1687365;14.1666555;14.1615677;14.1604481;14.1625919;14.1646404;14.1636477;14.1645441;14.1662397;14.1605444;14.1636162;14.160512;14.1625919;14.1605444;14.1615677;14.1625919;14.1625605;14.1645756,20,14.164152002334594,0.0040289667295111,14.16044807434082,14.17801570892334,passed,0,0.0,1.1920928955078125e-07,9.313225746154783e-10,5.941744234405633e-07,1.8600131568291545e-07,5.941744234405633e-07,1.8600131568291545e-07,20649,0,full_state,passed,,14.163104057312012,,,,,,,,,,,1.9823462128135907
vdha_cudagraph,multiarea_mam,NVIDIA GeForce RTX 5090,2.11.0+cu128,12.8,default,0.15,,0.005,1.0,0.0,400000000.0,99345a242eb94e2e,0,20649,256,1,21960982,1063.5373141556493,multiarea_mam,0,4692,615.5277770001732,0.5787552244829751,0.3108347092842594,2081.5999999999985,2809.0,1.0,0.005,0.005,0.0050000529686667,5.0,5.000052968666764,103.24609375,104.0,104,109860.83203125,116257.75,118998,0.7686903770949217,0.7686903770949216,0.0652810057185177,1.0073020317051946,sampled_16_timesteps_max_2048_sources,converged,1.5625,0.005,0.005000052973628,5.2973628044024335e-08,True,20,SpMV,CUSPARSE_SPMV_ALG_DEFAULT,,,torch_cuda_event_cudagraph_replay,gpu_execution,full_rsnn,device_adapted,independent_inference,sparse_only,"(256, 1, 20649)","(256, 1, 20649)",20649,20649,1,1,BN,spmspv_csc_dense_device,spmspv_csc_dense_device,none,False,False,True,0,torch.int64,torch.float32,torch.float32,dense_device,,,False,False,False,False,False,True,1.0,82596,285089348,285089348,0,0,False,unknown,unknown,unknown,unknown,unknown,,8.534688;8.52179241;8.52470398;8.52348804;8.52332783;8.52505589;8.52495956;8.52921581;8.52064037;8.52540779;8.52707195;8.52550411;8.5248003;8.52294445;8.52342415;8.52444839;8.52342415;8.52342415;8.52131176;8.52342415,20,8.524652862548828,0.0030479412054979,8.52064037322998,8.534687995910645,passed,0,0.0,1.1920928955078125e-07,9.313225746154783e-10,5.941744234405633e-07,1.8607487106692133e-07,5.941744234405633e-07,1.8607487106692133e-07,20649,0,full_state,passed,,8.52396821975708,,,,,,,,,,,3.2937916901920823
persistent_spike_block,multiarea_mam,NVIDIA GeForce RTX 5090,2.11.0+cu128,12.8,default,0.15,,0.005,1.0,0.0,400000000.0,99345a242eb94e2e,0,20649,256,1,21960982,1063.5373141556493,multiarea_mam,0,4692,615.5277770001732,0.5787552244829751,0.3108347092842594,2081.5999999999985,2809.0,1.0,0.005,0.005,0.0050000529686667,5.0,5.000052968666764,103.24609375,104.0,104,109860.83203125,116257.75,118998,0.7686903770949217,0.7686903770949216,0.0652810057185177,1.0073020317051946,sampled_16_timesteps_max_2048_sources,converged,1.5625,0.005,0.005000052973628,5.2973628044024335e-08,True,20,SpMV,CUSPARSE_SPMV_ALG_DEFAULT,,,torch_cuda_event,gpu_execution,full_rsnn,device_native,independent_inference,full_fusion,"(256, 1, 20649)","(256, 1, 20649)",20649,20649,1,1,BN,event_csr,event_csr,dense_to_events_precomputed,False,True,True,0,torch.int32,torch.float32,torch.float32,windowed_events,,,False,False,False,False,False,False,1.0,2397004,176042400,176042400,0,0,False,unknown,unknown,unknown,unknown,unknown,,4.41520023;4.39180803;4.37350416;4.40003204;4.38153601;4.39036798;4.36937618;4.39599991;4.37753582;4.39782381;4.37865591;4.38992023;4.37558413;4.40211201;4.36947203;4.39849615;4.37763214;4.39449596;4.37964821;4.39910412,20,4.387915253639221,0.0125945945746677,4.369376182556152,4.415200233459473,passed,0,0.0,1.1920928955078125e-07,1.862645149230957e-09,5.942554821558588e-07,3.717942149705778e-07,5.942554821558588e-07,3.717942149705778e-07,20649,0,full_state,passed,,4.390144109725952,,,,,,,6.395274275278831,,,,6.395274275278831
cusparse_direct_cudagraph,multiarea_mam,NVIDIA GeForce RTX 5090,2.11.0+cu128,12.8,default,0.15,,0.005,1.0,0.0,400000000.0,6cc09509f327c5c2,0,20649,256,1,21960982,1063.5373141556493,multiarea_mam,0,4692,615.5277770001732,0.5787552244829751,0.3108347092842594,2081.5999999999985,2809.0,1.0,0.01,0.01,0.0099999167635236,10.0,9.999916763523656,206.48828125,207.0,207,219520.671875,227209.0,230832,0.9058761909943112,0.9058761909943114,0.0024207797605171,1.0024781975369366,sampled_16_timesteps_max_2048_sources,converged,1.5625,0.01,0.0099999168887734,8.311122655889348e-08,True,20,SpMV,CUSPARSE_SPMV_ALG_DEFAULT,,,torch_cuda_event,gpu_execution,full_rsnn,device_native,independent_inference,sparse_only,"(256, 1, 20649)","(256, 1, 20649)",20649,20649,1,1,BN,csr_post_by_pre,csr_post_by_pre,none,False,False,True,0,torch.int32,torch.float32,torch.float32,dense,,,False,False,False,False,False,True,1.0,85792,218307396,218307396,0,0,False,unknown,unknown,unknown,unknown,unknown,,28.079073;28.0705605;28.0736008;28.0746231;28.0726089;28.0756474;28.0725765;28.0797443;28.0725765;28.0766716;28.0818233;28.0766716;28.0746555;28.0736008;28.0787201;28.0736313;28.0787525;28.0746555;28.0817928;28.0726089,20,28.075729751586916,0.0032777910810765,28.070560455322266,28.081823348999023,passed,0,0.0,2.384185791015625e-07,2.7939677238464355e-09,1.1862190376632498e-06,5.562406499848294e-07,1.1862190376632498e-06,5.562406499848294e-07,20649,0,full_state,passed,,28.074655532836918,,,,,,,1.0,,,,1.0
tilespmspv_cudagraph,multiarea_mam,NVIDIA GeForce RTX 5090,2.11.0+cu128,12.8,default,0.15,,0.005,1.0,0.0,400000000.0,6cc09509f327c5c2,0,20649,256,1,21960982,1063.5373141556493,multiarea_mam,0,4692,615.5277770001732,0.5787552244829751,0.3108347092842594,2081.5999999999985,2809.0,1.0,0.01,0.01,0.0099999167635236,10.0,9.999916763523656,206.48828125,207.0,207,219520.671875,227209.0,230832,0.9058761909943112,0.9058761909943114,0.0024207797605171,1.0024781975369366,sampled_16_timesteps_max_2048_sources,converged,1.5625,0.01,0.0099999168887734,8.311122655889348e-08,True,20,SpMV,CUSPARSE_SPMV_ALG_DEFAULT,,,torch_cuda_event_cudagraph_replay,gpu_execution,full_rsnn,device_adapted,independent_inference,sparse_only,"(256, 1, 20649)","(256, 1, 20649)",20649,20649,1,1,BN,spmspv_csc_dense_device,spmspv_csc_dense_device,none,False,False,True,0,torch.int64,torch.float32,torch.float32,dense_device,,,False,False,False,False,False,True,1.0,82596,285089348,285089348,0,0,False,unknown,unknown,unknown,unknown,unknown,,5.23564816;5.22006416;5.22099209;5.21993589;5.22307205;5.22198391;5.2353282;5.23430395;5.23340797;5.23228788;5.23276806;5.22819185;5.2292161;5.23023987;5.23331213;5.22614384;5.23331213;5.23020792;5.22924805;5.22819185,20,5.228892803192139,0.0052155744491125,5.219935894012451,5.235648155212402,passed,0,0.0,1.788139343261719e-07,2.7939677238464355e-09,8.893961194189615e-07,5.56753320779535e-07,8.893961194189615e-07,5.56753320779535e-07,20649,0,full_state,passed,,5.2297279834747314,,,,,,,,,,,5.368282178642794
globalatomic_cudagraph,multiarea_mam,NVIDIA GeForce RTX 5090,2.11.0+cu128,12.8,default,0.15,,0.005,1.0,0.0,400000000.0,6cc09509f327c5c2,0,20649,256,1,21960982,1063.5373141556493,multiarea_mam,0,4692,615.5277770001732,0.5787552244829751,0.3108347092842594,2081.5999999999985,2809.0,1.0,0.01,0.01,0.0099999167635236,10.0,9.999916763523656,206.48828125,207.0,207,219520.671875,227209.0,230832,0.9058761909943112,0.9058761909943114,0.0024207797605171,1.0024781975369366,sampled_16_timesteps_max_2048_sources,converged,1.5625,0.01,0.0099999168887734,8.311122655889348e-08,True,20,SpMV,CUSPARSE_SPMV_ALG_DEFAULT,,,torch_cuda_event_cudagraph_replay,gpu_execution,full_rsnn,device_adapted,independent_inference,sparse_only,"(256, 1, 20649)","(256, 1, 20649)",20649,20649,1,1,BN,spmspv_csc_dense_device,spmspv_csc_dense_device,none,False,False,True,0,torch.int64,torch.float32,torch.float32,dense_device,,,False,False,False,False,False,True,1.0,82596,285089348,285089348,0,0,False,unknown,unknown,unknown,unknown,unknown,,14.2050238;14.1935682;14.1974077;14.1932802;14.192256;14.1953917;14.1932802;14.1953602;14.196352;14.1953917;14.1928644;14.1952963;14.1943045;14.1953602;14.1953602;14.1912642;14.1953602;14.1943359;14.1953602;14.1912642,20,14.194904088974,0.0028823754748651,14.191264152526855,14.205023765563965,passed,0,0.0,1.1920928955078125e-07,2.7939677238464355e-09,5.952332458036835e-07,5.56753320779535e-07,5.952332458036835e-07,5.56753320779535e-07,20649,0,full_state,passed,,14.19532823562622,,,,,,,,,,,1.9777390890037716
vdha_cudagraph,multiarea_mam,NVIDIA GeForce RTX 5090,2.11.0+cu128,12.8,default,0.15,,0.005,1.0,0.0,400000000.0,6cc09509f327c5c2,0,20649,256,1,21960982,1063.5373141556493,multiarea_mam,0,4692,615.5277770001732,0.5787552244829751,0.3108347092842594,2081.5999999999985,2809.0,1.0,0.01,0.01,0.0099999167635236,10.0,9.999916763523656,206.48828125,207.0,207,219520.671875,227209.0,230832,0.9058761909943112,0.9058761909943114,0.0024207797605171,1.0024781975369366,sampled_16_timesteps_max_2048_sources,converged,1.5625,0.01,0.0099999168887734,8.311122655889348e-08,True,20,SpMV,CUSPARSE_SPMV_ALG_DEFAULT,,,torch_cuda_event_cudagraph_replay,gpu_execution,full_rsnn,device_adapted,independent_inference,sparse_only,"(256, 1, 20649)","(256, 1, 20649)",20649,20649,1,1,BN,spmspv_csc_dense_device,spmspv_csc_dense_device,none,False,False,True,0,torch.int64,torch.float32,torch.float32,dense_device,,,False,False,False,False,False,True,1.0,82596,285089348,285089348,0,0,False,unknown,unknown,unknown,unknown,unknown,,8.74627209;8.73459244;8.72748756;8.73184013;8.73184013;8.73430443;8.7272644;8.72771168;8.73398399;8.72972775;8.73791981;8.73423958;8.72924805;8.72982407;8.73023987;8.73023987;8.72819233;8.7240963;8.72924805;8.72611237,20,8.731219244003295,0.0048754398928064,8.724096298217773,8.746272087097168,passed,0,0.0,1.1920928955078125e-07,3.725290298461914e-09,5.949162869001157e-07,7.399248147521575e-07,5.949162869001157e-07,7.399248147521575e-07,20649,0,full_state,passed,,8.730031967163086,,,,,,,,,,,3.215870874062797
persistent_spike_block,multiarea_mam,NVIDIA GeForce RTX 5090,2.11.0+cu128,12.8,default,0.15,,0.005,1.0,0.0,400000000.0,6cc09509f327c5c2,0,20649,256,1,21960982,1063.5373141556493,multiarea_mam,0,4692,615.5277770001732,0.5787552244829751,0.3108347092842594,2081.5999999999985,2809.0,1.0,0.01,0.01,0.0099999167635236,10.0,9.999916763523656,206.48828125,207.0,207,219520.671875,227209.0,230832,0.9058761909943112,0.9058761909943114,0.0024207797605171,1.0024781975369366,sampled_16_timesteps_max_2048_sources,converged,1.5625,0.01,0.0099999168887734,8.311122655889348e-08,True,20,SpMV,CUSPARSE_SPMV_ALG_DEFAULT,,,torch_cuda_event,gpu_execution,full_rsnn,device_native,independent_inference,full_fusion,"(256, 1, 20649)","(256, 1, 20649)",20649,20649,1,1,BN,event_csr,event_csr,dense_to_events_precomputed,False,True,True,0,torch.int32,torch.float32,torch.float32,windowed_events,,,False,False,False,False,False,False,1.0,2397004,176148120,176148120,0,0,False,unknown,unknown,unknown,unknown,unknown,,4.50393581;4.44713593;4.45139217;4.44617605;4.44924784;4.44768;4.45324802;4.44716787;4.452384;4.45324802;4.4575038;4.44716787;4.45542383;4.44355202;4.45545578;4.44288015;4.45222378;4.44563198;4.4513278;4.44211197,20,4.452244734764099,0.0129322114875025,4.442111968994141,4.503935813903809,passed,0,0.0,3.278255462646485e-07,1.862645149230957e-08,1.6364524526579771e-06,3.718987727552303e-06,1.6364524526579771e-06,3.718987727552303e-06,20649,0,full_state,passed,,4.450287818908691,,,,,,,6.3085033317511225,,,,6.3085033317511225
cusparse_direct_cudagraph,multiarea_mam,NVIDIA GeForce RTX 5090,2.11.0+cu128,12.8,default,0.15,,0.005,1.0,0.0,400000000.0,c4982526ba1cc8d9,0,20649,256,1,21960982,1063.5373141556493,multiarea_mam,0,4692,615.5277770001732,0.5787552244829751,0.3108347092842594,2081.5999999999985,2809.0,1.0,0.01,0.02,0.0199998335270473,20.0,19.999833527047315,412.9765625,415.0,416,438625.20703125,446395.25,448345,0.9499476404519114,0.9499476404519112,0.0313087433140258,1.0073210873801102,sampled_16_timesteps_max_2048_sources,converged,2.9130935668945312,0.02,0.0199998337775468,1.6622245311778697e-07,True,20,SpMV,CUSPARSE_SPMV_ALG_DEFAULT,,,torch_cuda_event,gpu_execution,full_rsnn,device_native,independent_inference,sparse_only,"(256, 1, 20649)","(256, 1, 20649)",20649,20649,1,1,BN,csr_post_by_pre,csr_post_by_pre,none,False,False,True,0,torch.int32,torch.float32,torch.float32,dense,,,False,False,False,False,False,True,1.0,85792,218307396,218307396,0,0,False,unknown,unknown,unknown,unknown,unknown,,28.1485767;28.0806084;28.0859203;28.0828476;28.0869122;28.0817928;28.0828152;28.0817604;28.0848637;28.0787201;28.0879364;28.0787525;28.0848961;28.0838394;28.0828476;28.0838394;28.0828476;28.0807686;28.0879688;28.0828152,20,28.08656644821167,0.0148279168005528,28.07872009277344,28.148576736450195,passed,0,0.0,2.384185791015625e-07,5.587935447692871e-09,1.188253463624278e-06,1.1092099612142192e-06,1.188253463624278e-06,1.1092099612142192e-06,20649,0,full_state,passed,,28.082847595214844,,,,,,,1.0,,,,1.0
tilespmspv_cudagraph,multiarea_mam,NVIDIA GeForce RTX 5090,2.11.0+cu128,12.8,default,0.15,,0.005,1.0,0.0,400000000.0,c4982526ba1cc8d9,0,20649,256,1,21960982,1063.5373141556493,multiarea_mam,0,4692,615.5277770001732,0.5787552244829751,0.3108347092842594,2081.5999999999985,2809.0,1.0,0.01,0.02,0.0199998335270473,20.0,19.999833527047315,412.9765625,415.0,416,438625.20703125,446395.25,448345,0.9499476404519114,0.9499476404519112,0.0313087433140258,1.0073210873801102,sampled_16_timesteps_max_2048_sources,converged,2.9130935668945312,0.02,0.0199998337775468,1.6622245311778697e-07,True,20,SpMV,CUSPARSE_SPMV_ALG_DEFAULT,,,torch_cuda_event_cudagraph_replay,gpu_execution,full_rsnn,device_adapted,independent_inference,sparse_only,"(256, 1, 20649)","(256, 1, 20649)",20649,20649,1,1,BN,spmspv_csc_dense_device,spmspv_csc_dense_device,none,False,False,True,0,torch.int64,torch.float32,torch.float32,dense_device,,,False,False,False,False,False,True,1.0,82596,285089348,285089348,0,0,False,unknown,unknown,unknown,unknown,unknown,,5.26246405;5.25199986;5.25628805;5.25587177;5.24864006;5.25123215;5.2549119;5.2497282;5.25276804;5.2516799;5.25225592;5.24969578;5.25072002;5.24969578;5.24867201;5.25583982;5.24659204;5.25379181;5.25072002;5.25379181,20,5.2523679494857785,0.0035675870933749,5.246592044830322,5.262464046478272,passed,0,0.0,2.384185791015625e-07,7.450580596923828e-09,1.1879054682140122e-06,1.4730304656040971e-06,1.1879054682140122e-06,1.4730304656040971e-06,20649,0,full_state,passed,,5.251839876174927,,,,,,,,,,,5.347239873518084
globalatomic_cudagraph,multiarea_mam,NVIDIA GeForce RTX 5090,2.11.0+cu128,12.8,default,0.15,,0.005,1.0,0.0,400000000.0,c4982526ba1cc8d9,0,20649,256,1,21960982,1063.5373141556493,multiarea_mam,0,4692,615.5277770001732,0.5787552244829751,0.3108347092842594,2081.5999999999985,2809.0,1.0,0.01,0.02,0.0199998335270473,20.0,19.999833527047315,412.9765625,415.0,416,438625.20703125,446395.25,448345,0.9499476404519114,0.9499476404519112,0.0313087433140258,1.0073210873801102,sampled_16_timesteps_max_2048_sources,converged,2.9130935668945312,0.02,0.0199998337775468,1.6622245311778697e-07,True,20,SpMV,CUSPARSE_SPMV_ALG_DEFAULT,,,torch_cuda_event_cudagraph_replay,gpu_execution,full_rsnn,device_adapted,independent_inference,sparse_only,"(256, 1, 20649)","(256, 1, 20649)",20649,20649,1,1,BN,spmspv_csc_dense_device,spmspv_csc_dense_device,none,False,False,True,0,torch.int64,torch.float32,torch.float32,dense_device,,,False,False,False,False,False,True,1.0,82596,285089348,285089348,0,0,False,unknown,unknown,unknown,unknown,unknown,,14.2694721;14.2569923;14.2588158;14.2609596;14.2556801;14.2567997;14.2568321;14.2567358;14.2587843;14.2537279;14.2584;14.2567682;14.2588158;14.2567682;14.2557764;14.2588158;14.2567997;14.2547197;14.2588482;14.2557764,20,14.257814407348633,0.0032228308336448,14.253727912902832,14.269472122192385,passed,0,0.0,2.384185791015625e-07,5.587935447692871e-09,1.1879054682140122e-06,1.1088067140008206e-06,1.1879054682140122e-06,1.1088067140008206e-06,20649,0,full_state,passed,,14.256815910339355,,,,,,,,,,,1.9697839806466568
vdha_cudagraph,multiarea_mam,NVIDIA GeForce RTX 5090,2.11.0+cu128,12.8,default,0.15,,0.005,1.0,0.0,400000000.0,c4982526ba1cc8d9,0,20649,256,1,21960982,1063.5373141556493,multiarea_mam,0,4692,615.5277770001732,0.5787552244829751,0.3108347092842594,2081.5999999999985,2809.0,1.0,0.01,0.02,0.0199998335270473,20.0,19.999833527047315,412.9765625,415.0,416,438625.20703125,446395.25,448345,0.9499476404519114,0.9499476404519112,0.0313087433140258,1.0073210873801102,sampled_16_timesteps_max_2048_sources,converged,2.9130935668945312,0.02,0.0199998337775468,1.6622245311778697e-07,True,20,SpMV,CUSPARSE_SPMV_ALG_DEFAULT,,,torch_cuda_event_cudagraph_replay,gpu_execution,full_rsnn,device_adapted,independent_inference,sparse_only,"(256, 1, 20649)","(256, 1, 20649)",20649,20649,1,1,BN,spmspv_csc_dense_device,spmspv_csc_dense_device,none,False,False,True,0,torch.int64,torch.float32,torch.float32,dense_device,,,False,False,False,False,False,True,1.0,82596,285089348,285089348,0,0,False,unknown,unknown,unknown,unknown,unknown,,8.92016029;8.8573122;8.85321617;8.85039997;8.8517437;8.85072041;8.85264015;8.85859203;8.85113621;8.8516798;8.85264015;8.85676765;8.85308838;8.84963226;8.85724831;8.85724831;8.85110378;8.84905624;8.85417557;8.85110378,20,8.856483268737794,0.0152566334795488,8.849056243896484,8.920160293579102,passed,0,0.0,2.384185791015625e-07,7.450580596923828e-09,1.18769651180628e-06,1.4700576684845146e-06,1.18769651180628e-06,1.4700576684845146e-06,20649,0,full_state,passed,,8.852640151977539,,,,,,,,,,,3.172256763304852
persistent_spike_block,multiarea_mam,NVIDIA GeForce RTX 5090,2.11.0+cu128,12.8,default,0.15,,0.005,1.0,0.0,400000000.0,c4982526ba1cc8d9,0,20649,256,1,21960982,1063.5373141556493,multiarea_mam,0,4692,615.5277770001732,0.5787552244829751,0.3108347092842594,2081.5999999999985,2809.0,1.0,0.01,0.02,0.0199998335270473,20.0,19.999833527047315,412.9765625,415.0,416,438625.20703125,446395.25,448345,0.9499476404519114,0.9499476404519112,0.0313087433140258,1.0073210873801102,sampled_16_timesteps_max_2048_sources,converged,2.9130935668945312,0.02,0.0199998337775468,1.6622245311778697e-07,True,20,SpMV,CUSPARSE_SPMV_ALG_DEFAULT,,,torch_cuda_event,gpu_execution,full_rsnn,device_native,independent_inference,full_fusion,"(256, 1, 20649)","(256, 1, 20649)",20649,20649,1,1,BN,event_csr,event_csr,dense_to_events_precomputed,False,True,True,0,torch.int32,torch.float32,torch.float32,windowed_events,,,False,False,False,False,False,False,1.0,2397004,176148120,176148120,0,0,False,unknown,unknown,unknown,unknown,unknown,,4.54310417;4.49225616;4.50048018;4.48912001;4.50051212;4.49209595;4.50358391;4.49414396;4.50655985;4.49417591;4.50665617;4.49628782;4.50662422;4.49939203;4.50451183;4.49625587;4.50457621;4.49683189;4.51481581;4.49126387,20,4.501662397384644,0.0117688534021772,4.489120006561279,4.54310417175293,passed,0,0.0,1.1920928955078125e-06,9.499490261077881e-08,5.954176685918355e-06,1.883712866401765e-05,5.954176685918355e-06,1.883712866401765e-05,20649,0,full_state,passed,,4.499936103820801,,,,,,,6.240721411881891,,,,6.240721411881891
cusparse_direct_cudagraph,multiarea_mam,NVIDIA GeForce RTX 5090,2.11.0+cu128,12.8,default,0.15,,0.005,1.0,0.0,400000000.0,69798070dfee5bd9,0,20649,256,1,21960982,1063.5373141556493,multiarea_mam,0,4692,615.5277770001732,0.5787552244829751,0.3108347092842594,2081.5999999999985,2809.0,1.0,0.01,0.05,0.0500003405128577,50.0,50.00034051285777,1032.45703125,1047.0,1059,1093554.8828125,1119708.0,1126820,0.976390912488469,0.9763909124884688,0.0689723581215038,1.0257085456794888,sampled_16_timesteps_max_2048_sources,converged,6.790256500244141,0.05,0.0500003397464752,3.39746475216951e-07,True,20,SpMV,CUSPARSE_SPMV_ALG_DEFAULT,,,torch_cuda_event,gpu_execution,full_rsnn,device_native,independent_inference,sparse_only,"(256, 1, 20649)","(256, 1, 20649)",20649,20649,1,1,BN,csr_post_by_pre,csr_post_by_pre,none,False,False,True,0,torch.int32,torch.float32,torch.float32,dense,,,False,False,False,False,False,True,1.0,85792,218307396,218307396,0,0,False,unknown,unknown,unknown,unknown,unknown,,28.1226883;28.0805111;28.0818233;28.0807686;28.0787201;28.0797443;28.0787201;28.0797768;28.0725441;28.0787525;28.0818233;28.0848637;28.0869122;28.0838394;28.0807686;28.0818233;28.0848961;28.0828152;28.0859203;28.0848637,20,28.083628749847414,0.0097539876210236,28.07254409790039,28.12268829345703,passed,0,0.0,4.76837158203125e-07,1.4901161193847656e-08,2.3818472527636918e-06,2.934331405413104e-06,2.3818472527636918e-06,2.934331405413104e-06,20649,0,full_state,passed,,28.081823348999023,,,,,,,1.0,,,,1.0
tilespmspv_cudagraph,multiarea_mam,NVIDIA GeForce RTX 5090,2.11.0+cu128,12.8,default,0.15,,0.005,1.0,0.0,400000000.0,69798070dfee5bd9,0,20649,256,1,21960982,1063.5373141556493,multiarea_mam,0,4692,615.5277770001732,0.5787552244829751,0.3108347092842594,2081.5999999999985,2809.0,1.0,0.01,0.05,0.0500003405128577,50.0,50.00034051285777,1032.45703125,1047.0,1059,1093554.8828125,1119708.0,1126820,0.976390912488469,0.9763909124884688,0.0689723581215038,1.0257085456794888,sampled_16_timesteps_max_2048_sources,converged,6.790256500244141,0.05,0.0500003397464752,3.39746475216951e-07,True,20,SpMV,CUSPARSE_SPMV_ALG_DEFAULT,,,torch_cuda_event_cudagraph_replay,gpu_execution,full_rsnn,device_adapted,independent_inference,sparse_only,"(256, 1, 20649)","(256, 1, 20649)",20649,20649,1,1,BN,spmspv_csc_dense_device,spmspv_csc_dense_device,none,False,False,True,0,torch.int64,torch.float32,torch.float32,dense_device,,,False,False,False,False,False,True,1.0,82596,285089348,285089348,0,0,False,unknown,unknown,unknown,unknown,unknown,,6.46041584;6.44793606;6.44982386;6.44566393;6.44777584;6.44771194;6.44364786;6.45177603;6.44563198;6.44374418;6.44320011;6.43958378;6.44569588;6.45289612;6.45187187;6.44367981;6.44777584;6.44367981;6.44777584;6.44777584,20,6.447403120994568,0.004521822385793,6.439583778381348,6.460415840148926,passed,0,0.0,1.96695327758789e-06,8.568167686462402e-08,9.754720849741716e-06,1.6869755199877545e-05,9.754720849741716e-06,1.6869755199877545e-05,20649,0,full_state,passed,,6.447743892669678,,,,,,,,,,,4.355294474540891
globalatomic_cudagraph,multiarea_mam,NVIDIA GeForce RTX 5090,2.11.0+cu128,12.8,default,0.15,,0.005,1.0,0.0,400000000.0,69798070dfee5bd9,0,20649,256,1,21960982,1063.5373141556493,multiarea_mam,0,4692,615.5277770001732,0.5787552244829751,0.3108347092842594,2081.5999999999985,2809.0,1.0,0.01,0.05,0.0500003405128577,50.0,50.00034051285777,1032.45703125,1047.0,1059,1093554.8828125,1119708.0,1126820,0.976390912488469,0.9763909124884688,0.0689723581215038,1.0257085456794888,sampled_16_timesteps_max_2048_sources,converged,6.790256500244141,0.05,0.0500003397464752,3.39746475216951e-07,True,20,SpMV,CUSPARSE_SPMV_ALG_DEFAULT,,,torch_cuda_event_cudagraph_replay,gpu_execution,full_rsnn,device_adapted,independent_inference,sparse_only,"(256, 1, 20649)","(256, 1, 20649)",20649,20649,1,1,BN,spmspv_csc_dense_device,spmspv_csc_dense_device,none,False,False,True,0,torch.int64,torch.float32,torch.float32,dense_device,,,False,False,False,False,False,True,1.0,82596,285089348,285089348,0,0,False,unknown,unknown,unknown,unknown,unknown,,14.8371515;14.8141117;14.8097277;14.8139524;14.8055363;14.8118715;14.8096638;14.8116484;14.8138237;14.8119364;14.8112001;14.8118076;14.8138561;14.8138561;14.8159037;14.8138237;14.8148804;14.8138561;14.8159037;14.8118076,20,14.813815927505493,0.0059997331098295,14.805536270141602,14.837151527404783,passed,0,0.0,6.556510925292969e-07,2.9802322387695312e-08,3.2675827696948545e-06,5.7991483117803e-06,3.2675827696948545e-06,5.7991483117803e-06,20649,0,full_state,passed,,14.813823699951172,,,,,,,,,,,1.8956498955156045
vdha_cudagraph,multiarea_mam,NVIDIA GeForce RTX 5090,2.11.0+cu128,12.8,default,0.15,,0.005,1.0,0.0,400000000.0,69798070dfee5bd9,0,20649,256,1,21960982,1063.5373141556493,multiarea_mam,0,4692,615.5277770001732,0.5787552244829751,0.3108347092842594,2081.5999999999985,2809.0,1.0,0.01,0.05,0.0500003405128577,50.0,50.00034051285777,1032.45703125,1047.0,1059,1093554.8828125,1119708.0,1126820,0.976390912488469,0.9763909124884688,0.0689723581215038,1.0257085456794888,sampled_16_timesteps_max_2048_sources,converged,6.790256500244141,0.05,0.0500003397464752,3.39746475216951e-07,True,20,SpMV,CUSPARSE_SPMV_ALG_DEFAULT,,,torch_cuda_event_cudagraph_replay,gpu_execution,full_rsnn,device_adapted,independent_inference,sparse_only,"(256, 1, 20649)","(256, 1, 20649)",20649,20649,1,1,BN,spmspv_csc_dense_device,spmspv_csc_dense_device,none,False,False,True,0,torch.int64,torch.float32,torch.float32,dense_device,,,False,False,False,False,False,True,1.0,82596,285089348,285089348,0,0,False,unknown,unknown,unknown,unknown,unknown,,10.1050882;10.0853119;10.0864;10.0767365;10.0783682;10.0774078;10.0821438;10.0788164;10.0769596;10.0761604;10.0758076;10.0789118;10.0801916;10.0742083;10.0788803;10.0778561;10.1136961;10.1157122;10.1095676;10.1054716,20,10.086684799194336,0.0142291531141157,10.07420825958252,10.11571216583252,passed,0,0.0,7.152557373046875e-07,2.9802322387695312e-08,3.535532641762984e-06,5.8331793297838885e-06,3.535532641762984e-06,5.8331793297838885e-06,20649,0,full_state,passed,,10.078896045684814,,,,,,,,,,,2.786200316156847
persistent_spike_block,multiarea_mam,NVIDIA GeForce RTX 5090,2.11.0+cu128,12.8,default,0.15,,0.005,1.0,0.0,400000000.0,69798070dfee5bd9,0,20649,256,1,21960982,1063.5373141556493,multiarea_mam,0,4692,615.5277770001732,0.5787552244829751,0.3108347092842594,2081.5999999999985,2809.0,1.0,0.01,0.05,0.0500003405128577,50.0,50.00034051285777,1032.45703125,1047.0,1059,1093554.8828125,1119708.0,1126820,0.976390912488469,0.9763909124884688,0.0689723581215038,1.0257085456794888,sampled_16_timesteps_max_2048_sources,converged,6.790256500244141,0.05,0.0500003397464752,3.39746475216951e-07,True,20,SpMV,CUSPARSE_SPMV_ALG_DEFAULT,,,torch_cuda_event,gpu_execution,full_rsnn,device_native,independent_inference,full_fusion,"(256, 1, 20649)","(256, 1, 20649)",20649,20649,1,1,BN,event_csr,event_csr,dense_to_events_precomputed,False,True,True,0,torch.int32,torch.float32,torch.float32,windowed_events,,,False,False,False,False,False,False,1.0,2397004,176148120,176148120,0,0,False,unknown,unknown,unknown,unknown,unknown,,4.99132776;4.94380808;4.89459181;4.9540801;4.90038395;4.95391989;4.90758419;4.94889593;4.89519978;4.95711994;4.90643215;4.94182396;4.90073586;4.95919991;4.90748787;4.95100784;4.9079361;4.96233606;4.90188789;4.9653759,20,4.932556748390198,0.0297679924688381,4.894591808319092,4.99132776260376,passed,0,0.0,6.765127182006836e-06,5.066394805908203e-07,3.37142264470458e-05,9.964308992493898e-05,3.37142264470458e-05,9.964308992493898e-05,20649,0,full_state,passed,,4.942816019058228,,,,,,,5.681341008996235,,,,5.681341008996235
cusparse_direct_cudagraph,multiarea_mam,NVIDIA GeForce RTX 5090,2.11.0+cu128,12.8,default,0.15,,0.005,1.0,0.0,400000000.0,508171610f2cdd90,1,20649,256,1,21960982,1063.5373141556493,multiarea_mam,1,4692,615.5277770001732,0.5787552244829751,0.3108347092842594,2081.5999999999985,2809.0,1.0,0.0,0.0,0.0,0.0,0.0,0.0,0.0,0,0.0,0.0,0,0.0,0.0,0.0,0.0,sampled_16_timesteps_max_2048_sources,converged,50.0,0.0,0.0,0.0,True,20,SpMV,CUSPARSE_SPMV_ALG_DEFAULT,,,torch_cuda_event,gpu_execution,full_rsnn,device_native,independent_inference,sparse_only,"(256, 1, 20649)","(256, 1, 20649)",20649,20649,1,1,BN,csr_post_by_pre,csr_post_by_pre,none,False,False,True,0,torch.int32,torch.float32,torch.float32,dense,,,False,False,False,False,False,True,1.0,85792,218307396,218307396,0,0,False,unknown,unknown,unknown,unknown,unknown,,28.132864;28.1113605;28.1125126;28.1094723;28.1135674;28.1104641;28.1135368;28.108448;28.1074238;28.1114559;28.108448;28.1135674;28.1145592;28.1155529;28.1094723;28.1063671;28.1114883;28.1104641;28.1156158;28.1073914,20,28.112201595306395,0.0055813860167962,28.10636711120605,28.13286399841309,passed,0,0.0,0.0,0.0,0.0,0.0,0.0,0.0,20649,0,full_state,passed,,28.111408233642575,,,,,,,1.0,,,,1.0
tilespmspv_cudagraph,multiarea_mam,NVIDIA GeForce RTX 5090,2.11.0+cu128,12.8,default,0.15,,0.005,1.0,0.0,400000000.0,508171610f2cdd90,1,20649,256,1,21960982,1063.5373141556493,multiarea_mam,1,4692,615.5277770001732,0.5787552244829751,0.3108347092842594,2081.5999999999985,2809.0,1.0,0.0,0.0,0.0,0.0,0.0,0.0,0.0,0,0.0,0.0,0,0.0,0.0,0.0,0.0,sampled_16_timesteps_max_2048_sources,converged,50.0,0.0,0.0,0.0,True,20,SpMV,CUSPARSE_SPMV_ALG_DEFAULT,,,torch_cuda_event_cudagraph_replay,gpu_execution,full_rsnn,device_adapted,independent_inference,sparse_only,"(256, 1, 20649)","(256, 1, 20649)",20649,20649,1,1,BN,spmspv_csc_dense_device,spmspv_csc_dense_device,none,False,False,True,0,torch.int64,torch.float32,torch.float32,dense_device,,,False,False,False,False,False,True,1.0,82596,285089348,285089348,0,0,False,unknown,unknown,unknown,unknown,unknown,,4.08947182;4.04684782;4.04598379;4.04646397;4.04860783;4.04848003;4.04860783;4.04841614;4.04643202;4.04665613;4.04787207;4.04649591;4.04649591;4.04649591;4.04752016;4.04649591;4.04649591;4.04649591;4.04649591;4.04649591,20,4.049166345596314,0.0095261640724871,4.045983791351318,4.089471817016602,passed,0,0.0,0.0,0.0,0.0,0.0,0.0,0.0,20649,0,full_state,passed,,4.0464959144592285,,,,,,,,,,,6.947099126726629
globalatomic_cudagraph,multiarea_mam,NVIDIA GeForce RTX 5090,2.11.0+cu128,12.8,default,0.15,,0.005,1.0,0.0,400000000.0,508171610f2cdd90,1,20649,256,1,21960982,1063.5373141556493,multiarea_mam,1,4692,615.5277770001732,0.5787552244829751,0.3108347092842594,2081.5999999999985,2809.0,1.0,0.0,0.0,0.0,0.0,0.0,0.0,0.0,0,0.0,0.0,0,0.0,0.0,0.0,0.0,sampled_16_timesteps_max_2048_sources,converged,50.0,0.0,0.0,0.0,True,20,SpMV,CUSPARSE_SPMV_ALG_DEFAULT,,,torch_cuda_event_cudagraph_replay,gpu_execution,full_rsnn,device_adapted,independent_inference,sparse_only,"(256, 1, 20649)","(256, 1, 20649)",20649,20649,1,1,BN,spmspv_csc_dense_device,spmspv_csc_dense_device,none,False,False,True,0,torch.int64,torch.float32,torch.float32,dense_device,,,False,False,False,False,False,True,1.0,82596,285089348,285089348,0,0,False,unknown,unknown,unknown,unknown,unknown,,14.1141758;14.1032324;14.1032639;14.1021118;14.1071997;14.1011839;14.1031361;14.1000643;14.1032324;14.1030397;14.1037436;14.1011524;14.1031675;14.1032;14.1041918;14.1032;14.1032;14.1041918;14.1032;14.107296,20,14.103859138488769,0.0029569472580209,14.100064277648926,14.114175796508787,passed,0,0.0,0.0,0.0,0.0,0.0,0.0,0.0,20649,0,full_state,passed,,14.10319995880127,,,,,,,,,,,1.993264529735276
vdha_cudagraph,multiarea_mam,NVIDIA GeForce RTX 5090,2.11.0+cu128,12.8,default,0.15,,0.005,1.0,0.0,400000000.0,508171610f2cdd90,1,20649,256,1,21960982,1063.5373141556493,multiarea_mam,1,4692,615.5277770001732,0.5787552244829751,0.3108347092842594,2081.5999999999985,2809.0,1.0,0.0,0.0,0.0,0.0,0.0,0.0,0.0,0,0.0,0.0,0,0.0,0.0,0.0,0.0,sampled_16_timesteps_max_2048_sources,converged,50.0,0.0,0.0,0.0,True,20,SpMV,CUSPARSE_SPMV_ALG_DEFAULT,,,torch_cuda_event_cudagraph_replay,gpu_execution,full_rsnn,device_adapted,independent_inference,sparse_only,"(256, 1, 20649)","(256, 1, 20649)",20649,20649,1,1,BN,spmspv_csc_dense_device,spmspv_csc_dense_device,none,False,False,True,0,torch.int64,torch.float32,torch.float32,dense_device,,,False,False,False,False,False,True,1.0,82596,285089348,285089348,0,0,False,unknown,unknown,unknown,unknown,unknown,,5.88838387;5.87475204;5.87596798;5.87651205;5.87663984;5.87849617;5.87420797;5.8784318;5.87427187;5.87635183;5.87532806;5.87388802;5.87641621;5.87590408;5.87430382;5.87529612;5.87433577;5.87430382;5.87635183;5.87635183,20,5.87632474899292,0.0031314041825281,5.87388801574707,5.888383865356445,passed,0,0.0,0.0,0.0,0.0,0.0,0.0,0.0,20649,0,full_state,passed,,5.875936031341553,,,,,,,,,,,4.784158316853626
persistent_spike_block,multiarea_mam,NVIDIA GeForce RTX 5090,2.11.0+cu128,12.8,default,0.15,,0.005,1.0,0.0,400000000.0,508171610f2cdd90,1,20649,256,1,21960982,1063.5373141556493,multiarea_mam,1,4692,615.5277770001732,0.5787552244829751,0.3108347092842594,2081.5999999999985,2809.0,1.0,0.0,0.0,0.0,0.0,0.0,0.0,0.0,0,0.0,0.0,0,0.0,0.0,0.0,0.0,sampled_16_timesteps_max_2048_sources,converged,50.0,0.0,0.0,0.0,True,20,SpMV,CUSPARSE_SPMV_ALG_DEFAULT,,,torch_cuda_event,gpu_execution,full_rsnn,device_native,independent_inference,full_fusion,"(256, 1, 20649)","(256, 1, 20649)",20649,20649,1,1,BN,event_csr,event_csr,dense_to_events_precomputed,False,True,True,0,torch.int32,torch.float32,torch.float32,windowed_events,,,False,False,False,False,False,False,1.0,2397004,175936676,175936676,0,0,False,unknown,unknown,unknown,unknown,unknown,,1.50841606;1.47052801;1.46940804;1.47043204;1.46947205;1.46921599;1.47043204;1.46921599;1.471488;1.46934402;1.47049606;1.46992004;1.46947205;1.47033596;1.47145605;1.46934402;1.47036803;1.47142398;1.471488;1.46943998,20,1.4720848202705383,0.00858978694016,1.469215989112854,1.5084160566329956,passed,0,0.0,0.0,0.0,0.0,0.0,0.0,0.0,20649,0,full_state,passed,,1.4703519940376282,,,,,,,19.118828925071103,,,,19.118828925071103
cusparse_direct_cudagraph,multiarea_mam,NVIDIA GeForce RTX 5090,2.11.0+cu128,12.8,default,0.15,,0.005,1.0,0.0,400000000.0,f6dfa595b7569d2c,1,20649,256,1,21960982,1063.5373141556493,multiarea_mam,1,4692,615.5277770001732,0.5787552244829751,0.3108347092842594,2081.5999999999985,2809.0,1.0,0.0001,0.0001,0.000100072945421,0.1,0.1000729454210857,2.06640625,3.0,3,2204.26953125,3498.75,3902,0.0157146506187146,0.0157146506187146,0.1204946429526146,1.45179584120983,sampled_16_timesteps_max_2048_sources,converged,1.5625,0.0001,0.0001000729389488,7.293894886970042e-08,True,20,SpMV,CUSPARSE_SPMV_ALG_DEFAULT,,,torch_cuda_event,gpu_execution,full_rsnn,device_native,independent_inference,sparse_only,"(256, 1, 20649)","(256, 1, 20649)",20649,20649,1,1,BN,csr_post_by_pre,csr_post_by_pre,none,False,False,True,0,torch.int32,torch.float32,torch.float32,dense,,,False,False,False,False,False,True,1.0,85792,218307396,218307396,0,0,False,unknown,unknown,unknown,unknown,unknown,,28.1017609;28.0846729;28.0817928;28.0869122;28.0828152;28.0879364;28.0889606;28.0797768;28.0869122;28.0828152;28.0859203;28.0869122;28.0817928;28.0910072;28.0848961;28.0879364;28.0848637;28.0910072;28.0859203;28.0848637,20,28.08647375106812,0.0046612176989993,28.079776763916016,28.10176086425781,passed,0,0.0,5.960464477539064e-08,2.3283064365386963e-10,2.9716275662394764e-07,4.6533109809843154e-08,2.9716275662394764e-07,4.6533109809843154e-08,20649,0,full_state,passed,,28.085920333862305,,,,,,,1.0,,,,1.0
tilespmspv_cudagraph,multiarea_mam,NVIDIA GeForce RTX 5090,2.11.0+cu128,12.8,default,0.15,,0.005,1.0,0.0,400000000.0,f6dfa595b7569d2c,1,20649,256,1,21960982,1063.5373141556493,multiarea_mam,1,4692,615.5277770001732,0.5787552244829751,0.3108347092842594,2081.5999999999985,2809.0,1.0,0.0001,0.0001,0.000100072945421,0.1,0.1000729454210857,2.06640625,3.0,3,2204.26953125,3498.75,3902,0.0157146506187146,0.0157146506187146,0.1204946429526146,1.45179584120983,sampled_16_timesteps_max_2048_sources,converged,1.5625,0.0001,0.0001000729389488,7.293894886970042e-08,True,20,SpMV,CUSPARSE_SPMV_ALG_DEFAULT,,,torch_cuda_event_cudagraph_replay,gpu_execution,full_rsnn,device_adapted,independent_inference,sparse_only,"(256, 1, 20649)","(256, 1, 20649)",20649,20649,1,1,BN,spmspv_csc_dense_device,spmspv_csc_dense_device,none,False,False,True,0,torch.int64,torch.float32,torch.float32,dense_device,,,False,False,False,False,False,True,1.0,82596,285089348,285089348,0,0,False,unknown,unknown,unknown,unknown,unknown,,4.15411186;4.14278412;4.14428806;4.1408;4.1426878;4.14224005;4.14236784;4.14233589;4.14284801;4.14272022;4.1422081;4.14275217;4.1426878;4.14275217;4.14272022;4.14275217;4.14275217;4.14275217;4.1426878;4.14067221,20,4.143096041679383,0.0026957841931729,4.140672206878662,4.154111862182617,passed,0,0.0,0.0,0.0,0.0,0.0,0.0,0.0,20649,0,full_state,passed,,4.1427202224731445,,,,,,,,,,,6.779584144134024
globalatomic_cudagraph,multiarea_mam,NVIDIA GeForce RTX 5090,2.11.0+cu128,12.8,default,0.15,,0.005,1.0,0.0,400000000.0,f6dfa595b7569d2c,1,20649,256,1,21960982,1063.5373141556493,multiarea_mam,1,4692,615.5277770001732,0.5787552244829751,0.3108347092842594,2081.5999999999985,2809.0,1.0,0.0001,0.0001,0.000100072945421,0.1,0.1000729454210857,2.06640625,3.0,3,2204.26953125,3498.75,3902,0.0157146506187146,0.0157146506187146,0.1204946429526146,1.45179584120983,sampled_16_timesteps_max_2048_sources,converged,1.5625,0.0001,0.0001000729389488,7.293894886970042e-08,True,20,SpMV,CUSPARSE_SPMV_ALG_DEFAULT,,,torch_cuda_event_cudagraph_replay,gpu_execution,full_rsnn,device_adapted,independent_inference,sparse_only,"(256, 1, 20649)","(256, 1, 20649)",20649,20649,1,1,BN,spmspv_csc_dense_device,spmspv_csc_dense_device,none,False,False,True,0,torch.int64,torch.float32,torch.float32,dense_device,,,False,False,False,False,False,True,1.0,82596,285089348,285089348,0,0,False,unknown,unknown,unknown,unknown,unknown,,14.1186876;14.1054077;14.1051836;14.1021118;14.1052485;14.1072636;14.1032324;14.1041918;14.1051197;14.1052485;14.1038084;14.1052485;14.1052485;14.1052485;14.1021757;14.1011524;14.1052485;14.1041918;14.1032;14.107296,20,14.105225658416748,0.0035357254947022,14.101152420043944,14.118687629699709,passed,0,0.0,0.0,0.0,0.0,0.0,0.0,0.0,20649,0,full_state,passed,,14.105216026306152,,,,,,,,,,,1.9911726471599027
vdha_cudagraph,multiarea_mam,NVIDIA GeForce RTX 5090,2.11.0+cu128,12.8,default,0.15,,0.005,1.0,0.0,400000000.0,f6dfa595b7569d2c,1,20649,256,1,21960982,1063.5373141556493,multiarea_mam,1,4692,615.5277770001732,0.5787552244829751,0.3108347092842594,2081.5999999999985,2809.0,1.0,0.0001,0.0001,0.000100072945421,0.1,0.1000729454210857,2.06640625,3.0,3,2204.26953125,3498.75,3902,0.0157146506187146,0.0157146506187146,0.1204946429526146,1.45179584120983,sampled_16_timesteps_max_2048_sources,converged,1.5625,0.0001,0.0001000729389488,7.293894886970042e-08,True,20,SpMV,CUSPARSE_SPMV_ALG_DEFAULT,,,torch_cuda_event_cudagraph_replay,gpu_execution,full_rsnn,device_adapted,independent_inference,sparse_only,"(256, 1, 20649)","(256, 1, 20649)",20649,20649,1,1,BN,spmspv_csc_dense_device,spmspv_csc_dense_device,none,False,False,True,0,torch.int64,torch.float32,torch.float32,dense_device,,,False,False,False,False,False,True,1.0,82596,285089348,285089348,0,0,False,unknown,unknown,unknown,unknown,unknown,,7.59852791;7.58588791;7.5837121;7.58278418;7.58540821;7.58441591;7.58540821;7.5819521;7.58492804;7.5809598;7.58585596;7.58745623;7.58652782;7.58489609;7.58748817;7.5823679;7.58339214;7.58544016;7.5823679;7.58544016,20,7.5852608442306515,0.0036086403320362,7.580959796905518,7.598527908325195,passed,0,0.0,0.0,0.0,0.0,0.0,0.0,0.0,20649,0,full_state,passed,,7.585168123245239,,,,,,,,,,,3.702741966627105
persistent_spike_block,multiarea_mam,NVIDIA GeForce RTX 5090,2.11.0+cu128,12.8,default,0.15,,0.005,1.0,0.0,400000000.0,f6dfa595b7569d2c,1,20649,256,1,21960982,1063.5373141556493,multiarea_mam,1,4692,615.5277770001732,0.5787552244829751,0.3108347092842594,2081.5999999999985,2809.0,1.0,0.0001,0.0001,0.000100072945421,0.1,0.1000729454210857,2.06640625,3.0,3,2204.26953125,3498.75,3902,0.0157146506187146,0.0157146506187146,0.1204946429526146,1.45179584120983,sampled_16_timesteps_max_2048_sources,converged,1.5625,0.0001,0.0001000729389488,7.293894886970042e-08,True,20,SpMV,CUSPARSE_SPMV_ALG_DEFAULT,,,torch_cuda_event,gpu_execution,full_rsnn,device_native,independent_inference,full_fusion,"(256, 1, 20649)","(256, 1, 20649)",20649,20649,1,1,BN,event_csr,event_csr,dense_to_events_precomputed,False,True,True,0,torch.int32,torch.float32,torch.float32,windowed_events,,,False,False,False,False,False,False,1.0,2397004,175938792,175938792,0,0,False,unknown,unknown,unknown,unknown,unknown,,2.25132799;2.19955206;2.20265603;2.19846392;2.20047998;2.19286394;2.20051193;2.1964159;2.20265603;2.19235206;2.19846392;2.19840002;2.20047998;2.2011199;2.20044804;2.20099211;2.2025919;2.20102406;2.20057607;2.19955206,20,2.2020463943481445,0.0119342895876642,2.192352056503296,2.251327991485596,passed,0,0.0,5.960464477539064e-08,1.4551915228366852e-11,2.9716275662394764e-07,2.910274243816957e-09,2.9716275662394764e-07,2.910274243816957e-09,20649,0,full_state,passed,,2.2004799842834477,,,,,,,12.763542742702136,,,,12.763542742702136
cusparse_direct_cudagraph,multiarea_mam,NVIDIA GeForce RTX 5090,2.11.0+cu128,12.8,default,0.15,,0.005,1.0,0.0,400000000.0,da93fd580e6b3765,1,20649,256,1,21960982,1063.5373141556493,multiarea_mam,1,4692,615.5277770001732,0.5787552244829751,0.3108347092842594,2081.5999999999985,2809.0,1.0,0.0002,0.0002,0.0001999567170323,0.2,0.1999567170323018,4.12890625,5.0,5,4348.50390625,6242.5,9555,0.0594019377698739,0.0594019377698739,0.0811585752176695,1.2109744560075686,sampled_16_timesteps_max_2048_sources,converged,1.5625,0.0002,0.0001999567175516,4.328244831413989e-08,True,20,SpMV,CUSPARSE_SPMV_ALG_DEFAULT,,,torch_cuda_event,gpu_execution,full_rsnn,device_native,independent_inference,sparse_only,"(256, 1, 20649)","(256, 1, 20649)",20649,20649,1,1,BN,csr_post_by_pre,csr_post_by_pre,none,False,False,True,0,torch.int32,torch.float32,torch.float32,dense,,,False,False,False,False,False,True,1.0,85792,218307396,218307396,0,0,False,unknown,unknown,unknown,unknown,unknown,,28.0985279;28.094944;28.0900154;28.0909767;28.0889282;28.0920639;28.0910072;28.0879688;28.0910397;28.0910072;28.0900154;28.0910072;28.0920315;28.0889912;28.0889912;28.0920639;28.0930557;28.0910072;28.0900154;28.0930557,20,28.091335678100585,0.0023643444317329,28.087968826293945,28.098527908325195,passed,0,0.0,2.9802322387695312e-08,2.3283064365386963e-10,1.4879618959184884e-07,4.652805074556454e-08,1.4879618959184884e-07,4.652805074556454e-08,20649,0,full_state,passed,,28.091007232666016,,,,,,,1.0,,,,1.0
tilespmspv_cudagraph,multiarea_mam,NVIDIA GeForce RTX 5090,2.11.0+cu128,12.8,default,0.15,,0.005,1.0,0.0,400000000.0,da93fd580e6b3765,1,20649,256,1,21960982,1063.5373141556493,multiarea_mam,1,4692,615.5277770001732,0.5787552244829751,0.3108347092842594,2081.5999999999985,2809.0,1.0,0.0002,0.0002,0.0001999567170323,0.2,0.1999567170323018,4.12890625,5.0,5,4348.50390625,6242.5,9555,0.0594019377698739,0.0594019377698739,0.0811585752176695,1.2109744560075686,sampled_16_timesteps_max_2048_sources,converged,1.5625,0.0002,0.0001999567175516,4.328244831413989e-08,True,20,SpMV,CUSPARSE_SPMV_ALG_DEFAULT,,,torch_cuda_event_cudagraph_replay,gpu_execution,full_rsnn,device_adapted,independent_inference,sparse_only,"(256, 1, 20649)","(256, 1, 20649)",20649,20649,1,1,BN,spmspv_csc_dense_device,spmspv_csc_dense_device,none,False,False,True,0,torch.int64,torch.float32,torch.float32,dense_device,,,False,False,False,False,False,True,1.0,82596,285089348,285089348,0,0,False,unknown,unknown,unknown,unknown,unknown,,4.23935986;4.22678423;4.22671986;4.22668791;4.22671986;4.22867203;4.23084784;4.22665596;4.22668791;4.22681618;4.2281599;4.22876787;4.22671986;4.22671986;4.22671986;4.22668791;4.22876787;4.22671986;4.22671986;4.22671986,20,4.227932715415955,0.0029171296713189,4.226655960083008,4.239359855651856,passed,0,0.0,0.0,0.0,0.0,0.0,0.0,0.0,20649,0,full_state,passed,,4.226719856262207,,,,,,,,,,,6.6460537220244325
globalatomic_cudagraph,multiarea_mam,NVIDIA GeForce RTX 5090,2.11.0+cu128,12.8,default,0.15,,0.005,1.0,0.0,400000000.0,da93fd580e6b3765,1,20649,256,1,21960982,1063.5373141556493,multiarea_mam,1,4692,615.5277770001732,0.5787552244829751,0.3108347092842594,2081.5999999999985,2809.0,1.0,0.0002,0.0002,0.0001999567170323,0.2,0.1999567170323018,4.12890625,5.0,5,4348.50390625,6242.5,9555,0.0594019377698739,0.0594019377698739,0.0811585752176695,1.2109744560075686,sampled_16_timesteps_max_2048_sources,converged,1.5625,0.0002,0.0001999567175516,4.328244831413989e-08,True,20,SpMV,CUSPARSE_SPMV_ALG_DEFAULT,,,torch_cuda_event_cudagraph_replay,gpu_execution,full_rsnn,device_adapted,independent_inference,sparse_only,"(256, 1, 20649)","(256, 1, 20649)",20649,20649,1,1,BN,spmspv_csc_dense_device,spmspv_csc_dense_device,none,False,False,True,0,torch.int64,torch.float32,torch.float32,dense_device,,,False,False,False,False,False,True,1.0,82596,285089348,285089348,0,0,False,unknown,unknown,unknown,unknown,unknown,,14.11936;14.1075516;14.1031036;14.1021442;14.1031675;14.10112;14.1032324;14.1000957;14.1032324;14.0990076;14.1036797;14.10112;14.1032;14.1052485;14.1021442;14.10112;14.1032;14.1021757;14.1032;14.107296,20,14.10371994972229,0.0042262331893865,14.099007606506348,14.119359970092772,passed,0,0.0,0.0,0.0,0.0,0.0,0.0,0.0,20649,0,full_state,passed,,14.10318374633789,,,,,,,,,,,1.9918202682398063
vdha_cudagraph,multiarea_mam,NVIDIA GeForce RTX 5090,2.11.0+cu128,12.8,default,0.15,,0.005,1.0,0.0,400000000.0,da93fd580e6b3765,1,20649,256,1,21960982,1063.5373141556493,multiarea_mam,1,4692,615.5277770001732,0.5787552244829751,0.3108347092842594,2081.5999999999985,2809.0,1.0,0.0002,0.0002,0.0001999567170323,0.2,0.1999567170323018,4.12890625,5.0,5,4348.50390625,6242.5,9555,0.0594019377698739,0.0594019377698739,0.0811585752176695,1.2109744560075686,sampled_16_timesteps_max_2048_sources,converged,1.5625,0.0002,0.0001999567175516,4.328244831413989e-08,True,20,SpMV,CUSPARSE_SPMV_ALG_DEFAULT,,,torch_cuda_event_cudagraph_replay,gpu_execution,full_rsnn,device_adapted,independent_inference,sparse_only,"(256, 1, 20649)","(256, 1, 20649)",20649,20649,1,1,BN,spmspv_csc_dense_device,spmspv_csc_dense_device,none,False,False,True,0,torch.int64,torch.float32,torch.float32,dense_device,,,False,False,False,False,False,True,1.0,82596,285089348,285089348,0,0,False,unknown,unknown,unknown,unknown,unknown,,7.61446381;7.60192013;7.60291195;7.60175991;7.59974384;7.60025597;7.59974384;7.60019207;7.59702396;7.59904003;7.60275221;7.59772778;7.60179186;7.60444784;7.59772778;7.60080004;7.60182381;7.59772778;7.60080004;7.59977579,20,7.601121520996093,0.0036994699180849,7.597023963928223,7.614463806152344,passed,0,0.0,0.0,0.0,0.0,0.0,0.0,0.0,20649,0,full_state,passed,,7.600528001785278,,,,,,,,,,,3.695928391562764
persistent_spike_block,multiarea_mam,NVIDIA GeForce RTX 5090,2.11.0+cu128,12.8,default,0.15,,0.005,1.0,0.0,400000000.0,da93fd580e6b3765,1,20649,256,1,21960982,1063.5373141556493,multiarea_mam,1,4692,615.5277770001732,0.5787552244829751,0.3108347092842594,2081.5999999999985,2809.0,1.0,0.0002,0.0002,0.0001999567170323,0.2,0.1999567170323018,4.12890625,5.0,5,4348.50390625,6242.5,9555,0.0594019377698739,0.0594019377698739,0.0811585752176695,1.2109744560075686,sampled_16_timesteps_max_2048_sources,converged,1.5625,0.0002,0.0001999567175516,4.328244831413989e-08,True,20,SpMV,CUSPARSE_SPMV_ALG_DEFAULT,,,torch_cuda_event,gpu_execution,full_rsnn,device_native,independent_inference,full_fusion,"(256, 1, 20649)","(256, 1, 20649)",20649,20649,1,1,BN,event_csr,event_csr,dense_to_events_precomputed,False,True,True,0,torch.int32,torch.float32,torch.float32,windowed_events,,,False,False,False,False,False,False,1.0,2397004,175940904,175940904,0,0,False,unknown,unknown,unknown,unknown,unknown,,2.36560011;2.32089591;2.32540798;2.31766391;2.32553601;2.32339191;2.32140803;2.31977606;2.31952;2.32028794;2.32550406;2.32179189;2.32131195;2.31980801;2.32550406;2.3173759;2.32547212;2.32182407;2.32038403;2.31936002,20,2.3238911986351014,0.0101639685050352,2.317375898361206,2.365600109100342,passed,0,0.0,2.9802322387695312e-08,8.731149137020111e-11,1.4879618959184884e-07,1.7459463208524543e-08,1.4879618959184884e-07,1.7459463208524543e-08,20649,0,full_state,passed,,2.3213599920272827,,,,,,,12.101099066557818,,,,12.101099066557818
cusparse_direct_cudagraph,multiarea_mam,NVIDIA GeForce RTX 5090,2.11.0+cu128,12.8,default,0.15,,0.005,1.0,0.0,400000000.0,2c8c0092f197321a,1,20649,256,1,21960982,1063.5373141556493,multiarea_mam,1,4692,615.5277770001732,0.5787552244829751,0.3108347092842594,2081.5999999999985,2809.0,1.0,0.0005,0.0005,0.0004999863794856,0.5,0.4999863794856894,10.32421875,11.0,14,10963.875,14789.5,18050,0.1794174206413146,0.1794174206413146,0.0499532775213656,1.356034808929247,sampled_16_timesteps_max_2048_sources,converged,1.5625,0.0005,0.0004999863449484,1.3655051589022554e-08,True,20,SpMV,CUSPARSE_SPMV_ALG_DEFAULT,,,torch_cuda_event,gpu_execution,full_rsnn,device_native,independent_inference,sparse_only,"(256, 1, 20649)","(256, 1, 20649)",20649,20649,1,1,BN,csr_post_by_pre,csr_post_by_pre,none,False,False,True,0,torch.int32,torch.float32,torch.float32,dense,,,False,False,False,False,False,True,1.0,85792,218307396,218307396,0,0,False,unknown,unknown,unknown,unknown,unknown,,28.0909767;28.0703049;28.0756798;28.0807686;28.0746555;28.0756474;28.0787525;28.0777283;28.0787525;28.0746555;28.0797768;28.076704;28.0766716;28.0817928;28.0787201;28.0776958;28.0766716;28.0828152;28.0776958;28.0787525,20,28.078260898590088,0.0040757081831273,28.07030487060547,28.09097671508789,passed,0,0.0,5.960464477539064e-08,5.820766091346741e-10,2.968620833598834e-07,1.1633180463377357e-07,2.968620833598834e-07,1.1633180463377357e-07,20649,0,full_state,passed,,28.077712059021,,,,,,,1.0,,,,1.0
tilespmspv_cudagraph,multiarea_mam,NVIDIA GeForce RTX 5090,2.11.0+cu128,12.8,default,0.15,,0.005,1.0,0.0,400000000.0,2c8c0092f197321a,1,20649,256,1,21960982,1063.5373141556493,multiarea_mam,1,4692,615.5277770001732,0.5787552244829751,0.3108347092842594,2081.5999999999985,2809.0,1.0,0.0005,0.0005,0.0004999863794856,0.5,0.4999863794856894,10.32421875,11.0,14,10963.875,14789.5,18050,0.1794174206413146,0.1794174206413146,0.0499532775213656,1.356034808929247,sampled_16_timesteps_max_2048_sources,converged,1.5625,0.0005,0.0004999863449484,1.3655051589022554e-08,True,20,SpMV,CUSPARSE_SPMV_ALG_DEFAULT,,,torch_cuda_event_cudagraph_replay,gpu_execution,full_rsnn,device_adapted,independent_inference,sparse_only,"(256, 1, 20649)","(256, 1, 20649)",20649,20649,1,1,BN,spmspv_csc_dense_device,spmspv_csc_dense_device,none,False,False,True,0,torch.int64,torch.float32,torch.float32,dense_device,,,False,False,False,False,False,True,1.0,82596,285089348,285089348,0,0,False,unknown,unknown,unknown,unknown,unknown,,4.47100782;4.45798397;4.46176004;4.45763206;4.4584322;4.45939207;4.45763206;4.45955181;4.45916796;4.45814419;4.45964813;4.45609617;4.45814419;4.45606422;4.45609617;4.45401621;4.45510387;4.4601922;4.45814419;4.45814419,20,4.458617687225342,0.0034392342737876,4.454016208648682,4.471007823944092,passed,0,0.0,4.656612873077393e-10,5.820766091346741e-11,2.328196302414653e-09,1.1639446739764026e-08,2.328196302414653e-09,1.1639446739764026e-08,20649,0,full_state,passed,,4.458144187927246,,,,,,,,,,,6.298071770548845
globalatomic_cudagraph,multiarea_mam,NVIDIA GeForce RTX 5090,2.11.0+cu128,12.8,default,0.15,,0.005,1.0,0.0,400000000.0,2c8c0092f197321a,1,20649,256,1,21960982,1063.5373141556493,multiarea_mam,1,4692,615.5277770001732,0.5787552244829751,0.3108347092842594,2081.5999999999985,2809.0,1.0,0.0005,0.0005,0.0004999863794856,0.5,0.4999863794856894,10.32421875,11.0,14,10963.875,14789.5,18050,0.1794174206413146,0.1794174206413146,0.0499532775213656,1.356034808929247,sampled_16_timesteps_max_2048_sources,converged,1.5625,0.0005,0.0004999863449484,1.3655051589022554e-08,True,20,SpMV,CUSPARSE_SPMV_ALG_DEFAULT,,,torch_cuda_event_cudagraph_replay,gpu_execution,full_rsnn,device_adapted,independent_inference,sparse_only,"(256, 1, 20649)","(256, 1, 20649)",20649,20649,1,1,BN,spmspv_csc_dense_device,spmspv_csc_dense_device,none,False,False,True,0,torch.int64,torch.float32,torch.float32,dense_device,,,False,False,False,False,False,True,1.0,82596,285089348,285089348,0,0,False,unknown,unknown,unknown,unknown,unknown,,14.0901756;14.0972481;14.1093121;14.1103678;14.1092796;14.1134081;14.1114559;14.1104002;14.1092157;14.1133757;14.1118717;14.107296;14.111392;14.1093121;14.1062717;14.107296;14.107296;14.107296;14.1082878;14.107296,20,14.107892704010007,0.0053956122986506,14.09017562866211,14.113408088684082,passed,0,0.0,4.656612873077393e-10,5.820766091346741e-11,2.3282198391427755e-09,1.1640166164283984e-08,2.3282198391427755e-09,1.1640166164283984e-08,20649,0,full_state,passed,,14.10924768447876,,,,,,,,,,,1.9900219123595515
vdha_cudagraph,multiarea_mam,NVIDIA GeForce RTX 5090,2.11.0+cu128,12.8,default,0.15,,0.005,1.0,0.0,400000000.0,2c8c0092f197321a,1,20649,256,1,21960982,1063.5373141556493,multiarea_mam,1,4692,615.5277770001732,0.5787552244829751,0.3108347092842594,2081.5999999999985,2809.0,1.0,0.0005,0.0005,0.0004999863794856,0.5,0.4999863794856894,10.32421875,11.0,14,10963.875,14789.5,18050,0.1794174206413146,0.1794174206413146,0.0499532775213656,1.356034808929247,sampled_16_timesteps_max_2048_sources,converged,1.5625,0.0005,0.0004999863449484,1.3655051589022554e-08,True,20,SpMV,CUSPARSE_SPMV_ALG_DEFAULT,,,torch_cuda_event_cudagraph_replay,gpu_execution,full_rsnn,device_adapted,independent_inference,sparse_only,"(256, 1, 20649)","(256, 1, 20649)",20649,20649,1,1,BN,spmspv_csc_dense_device,spmspv_csc_dense_device,none,False,False,True,0,torch.int64,torch.float32,torch.float32,dense_device,,,False,False,False,False,False,True,1.0,82596,285089348,285089348,0,0,False,unknown,unknown,unknown,unknown,unknown,,8.11583996;8.10307217;8.09948826;8.10076809;8.10572815;8.09868813;8.10313606;8.10009575;8.1014719;8.10156822;8.10092831;8.10108757;8.1015358;8.10095978;8.10256004;8.09945583;8.10358429;8.1015358;8.09948826;8.10358429,20,8.102228832244872,0.0036370332161822,8.098688125610352,8.115839958190918,passed,0,0.0,4.656612873077393e-10,5.820766091346741e-11,2.328217396652121e-09,1.16398153338082e-08,2.328217396652121e-09,1.16398153338082e-08,20649,0,full_state,passed,,8.101503849029541,,,,,,,,,,,3.4657407540927547
persistent_spike_block,multiarea_mam,NVIDIA GeForce RTX 5090,2.11.0+cu128,12.8,default,0.15,,0.005,1.0,0.0,400000000.0,2c8c0092f197321a,1,20649,256,1,21960982,1063.5373141556493,multiarea_mam,1,4692,615.5277770001732,0.5787552244829751,0.3108347092842594,2081.5999999999985,2809.0,1.0,0.0005,0.0005,0.0004999863794856,0.5,0.4999863794856894,10.32421875,11.0,14,10963.875,14789.5,18050,0.1794174206413146,0.1794174206413146,0.0499532775213656,1.356034808929247,sampled_16_timesteps_max_2048_sources,converged,1.5625,0.0005,0.0004999863449484,1.3655051589022554e-08,True,20,SpMV,CUSPARSE_SPMV_ALG_DEFAULT,,,torch_cuda_event,gpu_execution,full_rsnn,device_native,independent_inference,full_fusion,"(256, 1, 20649)","(256, 1, 20649)",20649,20649,1,1,BN,event_csr,event_csr,dense_to_events_precomputed,False,True,True,0,torch.int32,torch.float32,torch.float32,windowed_events,,,False,False,False,False,False,False,1.0,2397004,175947248,175947248,0,0,False,unknown,unknown,unknown,unknown,unknown,,2.62857604;2.57308793;2.57740808;2.57110405;2.5804801;2.57385612;2.57529593;2.57110405;2.58259201;2.57315207;2.57529593;2.5732801;2.57536006;2.57484794;2.56924796;2.5757761;2.57961607;2.5697279;2.57740808;2.57536006,20,2.577628827095032,0.0124739486068357,2.5692479610443115,2.6285760402679443,passed,0,0.0,5.960464477539064e-08,1.1641532182693479e-10,2.968620833598834e-07,2.3272830773635175e-08,2.968620833598834e-07,2.3272830773635175e-08,20649,0,full_state,passed,,2.575295925140381,,,,,,,10.902712882400287,,,,10.902712882400287
cusparse_direct_cudagraph,multiarea_mam,NVIDIA GeForce RTX 5090,2.11.0+cu128,12.8,default,0.15,,0.005,1.0,0.0,400000000.0,6dc00df68ec28556,1,20649,256,1,21960982,1063.5373141556493,multiarea_mam,1,4692,615.5277770001732,0.5787552244829751,0.3108347092842594,2081.5999999999985,2809.0,1.0,0.001,0.001,0.0009999727589713,1.0,0.9999727589713788,20.6484375,21.0,37,21945.640625,26321.5,40633,0.3163890266287711,0.316389026628771,0.0550156364869832,1.7919031403707908,sampled_16_timesteps_max_2048_sources,converged,1.5625,0.001,0.0009999726898968,2.7310103178045112e-08,True,20,SpMV,CUSPARSE_SPMV_ALG_DEFAULT,,,torch_cuda_event,gpu_execution,full_rsnn,device_native,independent_inference,sparse_only,"(256, 1, 20649)","(256, 1, 20649)",20649,20649,1,1,BN,csr_post_by_pre,csr_post_by_pre,none,False,False,True,0,torch.int32,torch.float32,torch.float32,dense,,,False,False,False,False,False,True,1.0,85792,218307396,218307396,0,0,False,unknown,unknown,unknown,unknown,unknown,,28.0816002;28.0723515;28.0797768;28.070528;28.0746231;28.0715847;28.0787201;28.0777283;28.0787525;28.0787201;28.0776958;28.0787201;28.0787201;28.0777283;28.076704;28.0756474;28.0746231;28.0746231;28.0756798;28.0766716,20,28.076559925079344,0.0028560898715485,28.070528030395508,28.081600189208984,passed,0,0.0,1.1920928955078125e-07,4.656612873077393e-10,5.936227012171003e-07,9.304811499077915e-08,5.936227012171003e-07,9.304811499077915e-08,20649,0,full_state,passed,,28.07719993591309,,,,,,,1.0,,,,1.0
tilespmspv_cudagraph,multiarea_mam,NVIDIA GeForce RTX 5090,2.11.0+cu128,12.8,default,0.15,,0.005,1.0,0.0,400000000.0,6dc00df68ec28556,1,20649,256,1,21960982,1063.5373141556493,multiarea_mam,1,4692,615.5277770001732,0.5787552244829751,0.3108347092842594,2081.5999999999985,2809.0,1.0,0.001,0.001,0.0009999727589713,1.0,0.9999727589713788,20.6484375,21.0,37,21945.640625,26321.5,40633,0.3163890266287711,0.316389026628771,0.0550156364869832,1.7919031403707908,sampled_16_timesteps_max_2048_sources,converged,1.5625,0.001,0.0009999726898968,2.7310103178045112e-08,True,20,SpMV,CUSPARSE_SPMV_ALG_DEFAULT,,,torch_cuda_event_cudagraph_replay,gpu_execution,full_rsnn,device_adapted,independent_inference,sparse_only,"(256, 1, 20649)","(256, 1, 20649)",20649,20649,1,1,BN,spmspv_csc_dense_device,spmspv_csc_dense_device,none,False,False,True,0,torch.int64,torch.float32,torch.float32,dense_device,,,False,False,False,False,False,True,1.0,82596,285089348,285089348,0,0,False,unknown,unknown,unknown,unknown,unknown,,4.71126413;4.71036816;4.70991993;4.71203184;4.71305609;4.71209621;4.7100482;4.7100482;4.70688009;4.70790386;4.71161604;4.7100482;4.71107197;4.70595217;4.7100482;4.71414423;4.71107197;4.71209621;4.71209621;4.71209621,20,4.7106929063797,0.0019972140907291,4.705952167510986,4.714144229888916,passed,0,0.0,7.450580596923828e-09,2.3283064365386963e-10,3.72144661753282e-08,4.653441365576328e-08,3.72144661753282e-08,4.653441365576328e-08,20649,0,full_state,passed,,4.711071968078613,,,,,,,,,,,5.959832523501913
globalatomic_cudagraph,multiarea_mam,NVIDIA GeForce RTX 5090,2.11.0+cu128,12.8,default,0.15,,0.005,1.0,0.0,400000000.0,6dc00df68ec28556,1,20649,256,1,21960982,1063.5373141556493,multiarea_mam,1,4692,615.5277770001732,0.5787552244829751,0.3108347092842594,2081.5999999999985,2809.0,1.0,0.001,0.001,0.0009999727589713,1.0,0.9999727589713788,20.6484375,21.0,37,21945.640625,26321.5,40633,0.3163890266287711,0.316389026628771,0.0550156364869832,1.7919031403707908,sampled_16_timesteps_max_2048_sources,converged,1.5625,0.001,0.0009999726898968,2.7310103178045112e-08,True,20,SpMV,CUSPARSE_SPMV_ALG_DEFAULT,,,torch_cuda_event_cudagraph_replay,gpu_execution,full_rsnn,device_adapted,independent_inference,sparse_only,"(256, 1, 20649)","(256, 1, 20649)",20649,20649,1,1,BN,spmspv_csc_dense_device,spmspv_csc_dense_device,none,False,False,True,0,torch.int64,torch.float32,torch.float32,dense_device,,,False,False,False,False,False,True,1.0,82596,285089348,285089348,0,0,False,unknown,unknown,unknown,unknown,unknown,,14.127264;14.1176958;14.1174402;14.1185284;14.1174717;14.1175356;14.1195517;14.1205759;14.1196156;14.1153603;14.1149759;14.1185598;14.1175356;14.1154881;14.1144638;14.1154881;14.1154881;14.1154881;14.1144323;14.1175356,20,14.11752471923828,0.0029151824898535,14.114432334899902,14.127264022827148,passed,0,0.0,7.450580596923828e-09,1.1641532182693479e-10,3.7217990467297575e-08,2.327805503909985e-08,3.7217990467297575e-08,2.327805503909985e-08,20649,0,full_state,passed,,14.117503643035889,,,,,,,,,,,1.9888218658093608
vdha_cudagraph,multiarea_mam,NVIDIA GeForce RTX 5090,2.11.0+cu128,12.8,default,0.15,,0.005,1.0,0.0,400000000.0,6dc00df68ec28556,1,20649,256,1,21960982,1063.5373141556493,multiarea_mam,1,4692,615.5277770001732,0.5787552244829751,0.3108347092842594,2081.5999999999985,2809.0,1.0,0.001,0.001,0.0009999727589713,1.0,0.9999727589713788,20.6484375,21.0,37,21945.640625,26321.5,40633,0.3163890266287711,0.316389026628771,0.0550156364869832,1.7919031403707908,sampled_16_timesteps_max_2048_sources,converged,1.5625,0.001,0.0009999726898968,2.7310103178045112e-08,True,20,SpMV,CUSPARSE_SPMV_ALG_DEFAULT,,,torch_cuda_event_cudagraph_replay,gpu_execution,full_rsnn,device_adapted,independent_inference,sparse_only,"(256, 1, 20649)","(256, 1, 20649)",20649,20649,1,1,BN,spmspv_csc_dense_device,spmspv_csc_dense_device,none,False,False,True,0,torch.int64,torch.float32,torch.float32,dense_device,,,False,False,False,False,False,True,1.0,82596,285089348,285089348,0,0,False,unknown,unknown,unknown,unknown,unknown,,8.12307167;8.10991955;8.10908794;8.10912037;8.10966396;8.10556793;8.10688019;8.11001587;8.10969639;8.10732841;8.10912037;8.10713577;8.10560036;8.10924816;8.10249615;8.10556793;8.10972786;8.10768032;8.10358429;8.10768032,20,8.108409690856934,0.0040747365081598,8.102496147155762,8.123071670532227,passed,0,0.0,7.450580596923828e-09,1.1641532182693479e-10,3.72144661753282e-08,2.327805503909985e-08,3.72144661753282e-08,2.327805503909985e-08,20649,0,full_state,passed,,8.108384132385254,,,,,,,,,,,3.4627367768346686
persistent_spike_block,multiarea_mam,NVIDIA GeForce RTX 5090,2.11.0+cu128,12.8,default,0.15,,0.005,1.0,0.0,400000000.0,6dc00df68ec28556,1,20649,256,1,21960982,1063.5373141556493,multiarea_mam,1,4692,615.5277770001732,0.5787552244829751,0.3108347092842594,2081.5999999999985,2809.0,1.0,0.001,0.001,0.0009999727589713,1.0,0.9999727589713788,20.6484375,21.0,37,21945.640625,26321.5,40633,0.3163890266287711,0.316389026628771,0.0550156364869832,1.7919031403707908,sampled_16_timesteps_max_2048_sources,converged,1.5625,0.001,0.0009999726898968,2.7310103178045112e-08,True,20,SpMV,CUSPARSE_SPMV_ALG_DEFAULT,,,torch_cuda_event,gpu_execution,full_rsnn,device_native,independent_inference,full_fusion,"(256, 1, 20649)","(256, 1, 20649)",20649,20649,1,1,BN,event_csr,event_csr,dense_to_events_precomputed,False,True,True,0,torch.int32,torch.float32,torch.float32,windowed_events,,,False,False,False,False,False,False,1.0,2397004,175957820,175957820,0,0,False,unknown,unknown,unknown,unknown,unknown,,3.93747211;3.87583995;3.88659191;3.87273598;3.87567997;3.87897611;3.87273598;3.88095999;3.87577605;3.87484789;3.87987208;3.87276793;3.87987208;3.87155199;3.87766409;3.87059212;3.8747201;3.88089609;3.88400006;3.87481594,20,3.8799184203147887,0.014185693808287,3.8705921173095694,3.937472105026245,passed,0,0.0,8.940696716308595e-08,4.656612873077393e-10,4.4620497874348086e-07,9.298252479084113e-08,4.4620497874348086e-07,9.298252479084113e-08,20649,0,full_state,passed,,3.875808000564575,,,,,,,7.244218478269094,,,,7.244218478269094
cusparse_direct_cudagraph,multiarea_mam,NVIDIA GeForce RTX 5090,2.11.0+cu128,12.8,default,0.15,,0.005,1.0,0.0,400000000.0,015aaa28cac2ae6a,1,20649,256,1,21960982,1063.5373141556493,multiarea_mam,1,4692,615.5277770001732,0.5787552244829751,0.3108347092842594,2081.5999999999985,2809.0,1.0,0.002,0.002,0.0019999455179427,2.0,1.9999455179427577,41.296875,42.0,80,43878.84375,49117.75,83803,0.5402407754648559,0.5402407754648562,0.0691463991396959,1.937192584184639,sampled_16_timesteps_max_2048_sources,converged,1.5625,0.002,0.0019999453797936,5.4620206356090224e-08,True,20,SpMV,CUSPARSE_SPMV_ALG_DEFAULT,,,torch_cuda_event,gpu_execution,full_rsnn,device_native,independent_inference,sparse_only,"(256, 1, 20649)","(256, 1, 20649)",20649,20649,1,1,BN,csr_post_by_pre,csr_post_by_pre,none,False,False,True,0,torch.int32,torch.float32,torch.float32,dense,,,False,False,False,False,False,True,1.0,85792,218307396,218307396,0,0,False,unknown,unknown,unknown,unknown,unknown,,28.0804157;28.0743675;28.0756474;28.0725765;28.0766716;28.0776958;28.0787525;28.0715523;28.0725765;28.0705605;28.0776958;28.0807991;28.076704;28.0776958;28.0746231;28.0776958;28.0766392;28.0766716;28.0695038;28.076704,20,28.075777435302733,0.0031002416836568,28.069503784179688,28.080799102783203,passed,0,0.0,1.1920928955078125e-07,9.313225746154783e-10,5.933001148150652e-07,1.8584958638712126e-07,5.933001148150652e-07,1.8584958638712126e-07,20649,0,full_state,passed,,28.0766716003418,,,,,,,1.0,,,,1.0
tilespmspv_cudagraph,multiarea_mam,NVIDIA GeForce RTX 5090,2.11.0+cu128,12.8,default,0.15,,0.005,1.0,0.0,400000000.0,015aaa28cac2ae6a,1,20649,256,1,21960982,1063.5373141556493,multiarea_mam,1,4692,615.5277770001732,0.5787552244829751,0.3108347092842594,2081.5999999999985,2809.0,1.0,0.002,0.002,0.0019999455179427,2.0,1.9999455179427577,41.296875,42.0,80,43878.84375,49117.75,83803,0.5402407754648559,0.5402407754648562,0.0691463991396959,1.937192584184639,sampled_16_timesteps_max_2048_sources,converged,1.5625,0.002,0.0019999453797936,5.4620206356090224e-08,True,20,SpMV,CUSPARSE_SPMV_ALG_DEFAULT,,,torch_cuda_event_cudagraph_replay,gpu_execution,full_rsnn,device_adapted,independent_inference,sparse_only,"(256, 1, 20649)","(256, 1, 20649)",20649,20649,1,1,BN,spmspv_csc_dense_device,spmspv_csc_dense_device,none,False,False,True,0,torch.int64,torch.float32,torch.float32,dense_device,,,False,False,False,False,False,True,1.0,82596,285089348,285089348,0,0,False,unknown,unknown,unknown,unknown,unknown,,4.87657595;4.86800003;4.86313581;4.86681604;4.86771202;4.86780787;4.86662388;4.86793613;4.86566401;4.86457586;4.86511993;4.86569595;4.86259222;4.86569595;4.86569595;4.86262417;4.86569595;4.86569595;4.8605442;4.86774397,20,4.866097593307496,0.0031958948145726,4.860544204711914,4.876575946807861,passed,0,0.0,2.9802322387695312e-08,4.656612873077393e-10,1.488398311266792e-07,9.30773182972189e-08,1.488398311266792e-07,9.30773182972189e-08,20649,0,full_state,passed,,4.865695953369141,,,,,,,,,,,5.770330055436519
globalatomic_cudagraph,multiarea_mam,NVIDIA GeForce RTX 5090,2.11.0+cu128,12.8,default,0.15,,0.005,1.0,0.0,400000000.0,015aaa28cac2ae6a,1,20649,256,1,21960982,1063.5373141556493,multiarea_mam,1,4692,615.5277770001732,0.5787552244829751,0.3108347092842594,2081.5999999999985,2809.0,1.0,0.002,0.002,0.0019999455179427,2.0,1.9999455179427577,41.296875,42.0,80,43878.84375,49117.75,83803,0.5402407754648559,0.5402407754648562,0.0691463991396959,1.937192584184639,sampled_16_timesteps_max_2048_sources,converged,1.5625,0.002,0.0019999453797936,5.4620206356090224e-08,True,20,SpMV,CUSPARSE_SPMV_ALG_DEFAULT,,,torch_cuda_event_cudagraph_replay,gpu_execution,full_rsnn,device_adapted,independent_inference,sparse_only,"(256, 1, 20649)","(256, 1, 20649)",20649,20649,1,1,BN,spmspv_csc_dense_device,spmspv_csc_dense_device,none,False,False,True,0,torch.int64,torch.float32,torch.float32,dense_device,,,False,False,False,False,False,True,1.0,82596,285089348,285089348,0,0,False,unknown,unknown,unknown,unknown,unknown,,14.1445122;14.1320963;14.1338558;14.1330242;14.135808;14.1359358;14.1359682;14.1349764;14.1337605;14.1338882;14.13344;14.1328964;14.1359358;14.1318722;14.1339197;14.134944;14.1359682;14.1359682;14.1328964;14.1339197,20,14.13477931022644,0.0026610784301709,14.131872177124023,14.144512176513672,passed,0,0.0,5.960464477539064e-08,4.656612873077393e-10,2.975822610551404e-07,9.304939396770352e-08,2.975822610551404e-07,9.304939396770352e-08,20649,0,full_state,passed,,14.133919715881348,,,,,,,,,,,1.9864745353544
vdha_cudagraph,multiarea_mam,NVIDIA GeForce RTX 5090,2.11.0+cu128,12.8,default,0.15,,0.005,1.0,0.0,400000000.0,015aaa28cac2ae6a,1,20649,256,1,21960982,1063.5373141556493,multiarea_mam,1,4692,615.5277770001732,0.5787552244829751,0.3108347092842594,2081.5999999999985,2809.0,1.0,0.002,0.002,0.0019999455179427,2.0,1.9999455179427577,41.296875,42.0,80,43878.84375,49117.75,83803,0.5402407754648559,0.5402407754648562,0.0691463991396959,1.937192584184639,sampled_16_timesteps_max_2048_sources,converged,1.5625,0.002,0.0019999453797936,5.4620206356090224e-08,True,20,SpMV,CUSPARSE_SPMV_ALG_DEFAULT,,,torch_cuda_event_cudagraph_replay,gpu_execution,full_rsnn,device_adapted,independent_inference,sparse_only,"(256, 1, 20649)","(256, 1, 20649)",20649,20649,1,1,BN,spmspv_csc_dense_device,spmspv_csc_dense_device,none,False,False,True,0,torch.int64,torch.float32,torch.float32,dense_device,,,False,False,False,False,False,True,1.0,82596,285089348,285089348,0,0,False,unknown,unknown,unknown,unknown,unknown,,8.35526371;8.34086418;8.34272003;8.34332848;8.33913612;8.34118366;8.34460831;8.34105587;8.34332848;8.34105587;8.3390398;8.34310436;8.34319973;8.33859158;8.34319973;8.34111977;8.34115219;8.33705616;8.33705616;8.3452158,20,8.342063999176025,0.0038650460111612,8.337056159973145,8.355263710021973,passed,0,0.0,1.1175870895385742e-08,4.656612873077393e-10,5.5855021940942606e-08,9.304939396770352e-08,5.5855021940942606e-08,9.304939396770352e-08,20649,0,full_state,passed,,8.34116792678833,,,,,,,,,,,3.3660360091985817
persistent_spike_block,multiarea_mam,NVIDIA GeForce RTX 5090,2.11.0+cu128,12.8,default,0.15,,0.005,1.0,0.0,400000000.0,015aaa28cac2ae6a,1,20649,256,1,21960982,1063.5373141556493,multiarea_mam,1,4692,615.5277770001732,0.5787552244829751,0.3108347092842594,2081.5999999999985,2809.0,1.0,0.002,0.002,0.0019999455179427,2.0,1.9999455179427577,41.296875,42.0,80,43878.84375,49117.75,83803,0.5402407754648559,0.5402407754648562,0.0691463991396959,1.937192584184639,sampled_16_timesteps_max_2048_sources,converged,1.5625,0.002,0.0019999453797936,5.4620206356090224e-08,True,20,SpMV,CUSPARSE_SPMV_ALG_DEFAULT,,,torch_cuda_event,gpu_execution,full_rsnn,device_native,independent_inference,full_fusion,"(256, 1, 20649)","(256, 1, 20649)",20649,20649,1,1,BN,event_csr,event_csr,dense_to_events_precomputed,False,True,True,0,torch.int32,torch.float32,torch.float32,windowed_events,,,False,False,False,False,False,False,1.0,2397004,175978964,175978964,0,0,False,unknown,unknown,unknown,unknown,unknown,,4.41606379;4.3798399;4.36835194;4.37641621;4.3671999;4.37247992;4.37593603;4.37247992;4.36924791;4.37247992;4.36732817;4.37555218;4.37545586;4.37446404;4.37459183;4.37862396;4.36726379;4.37644815;4.37350416;4.37862396,20,4.375617575645447,0.0102914465672027,4.367199897766113,4.4160637855529785,passed,0,0.0,8.940696716308595e-08,9.313225746154783e-10,4.4589367576008964e-07,1.858693536860301e-07,4.4589367576008964e-07,1.858693536860301e-07,20649,0,full_state,passed,,4.374527931213379,,,,,,,6.418217472108829,,,,6.418217472108829
cusparse_direct_cudagraph,multiarea_mam,NVIDIA GeForce RTX 5090,2.11.0+cu128,12.8,default,0.15,,0.005,1.0,0.0,400000000.0,85c413c5b78f0ba2,1,20649,256,1,21960982,1063.5373141556493,multiarea_mam,1,4692,615.5277770001732,0.5787552244829751,0.3108347092842594,2081.5999999999985,2809.0,1.0,0.005,0.005,0.0050000529686667,5.0,5.000052968666764,103.24609375,102.0,204,109828.78125,114326.0,215934,0.810565633807924,0.810565633807924,0.1176179137069424,1.9758616775755744,sampled_16_timesteps_max_2048_sources,converged,1.5625,0.005,0.005000052973628,5.2973628044024335e-08,True,20,SpMV,CUSPARSE_SPMV_ALG_DEFAULT,,,torch_cuda_event,gpu_execution,full_rsnn,device_native,independent_inference,sparse_only,"(256, 1, 20649)","(256, 1, 20649)",20649,20649,1,1,BN,csr_post_by_pre,csr_post_by_pre,none,False,False,True,0,torch.int32,torch.float32,torch.float32,dense,,,False,False,False,False,False,True,1.0,85792,218307396,218307396,0,0,False,unknown,unknown,unknown,unknown,unknown,,28.1160316;28.0685444;28.0756168;28.0746555;28.0684795;28.0695038;28.0746231;28.0715523;28.0828152;28.0705605;28.0736008;28.0787525;28.0807686;28.0715523;28.0746231;28.0756474;28.0746555;28.0787525;28.0756798;28.0787201,20,28.076756763458253,0.0100521032387268,28.068479537963867,28.11603164672852,passed,0,0.0,1.1920928955078125e-07,1.3969838619232178e-09,5.935573881288292e-07,2.788796678032668e-07,5.935573881288292e-07,2.788796678032668e-07,20649,0,full_state,passed,,28.074655532836918,,,,,,,1.0,,,,1.0
tilespmspv_cudagraph,multiarea_mam,NVIDIA GeForce RTX 5090,2.11.0+cu128,12.8,default,0.15,,0.005,1.0,0.0,400000000.0,85c413c5b78f0ba2,1,20649,256,1,21960982,1063.5373141556493,multiarea_mam,1,4692,615.5277770001732,0.5787552244829751,0.3108347092842594,2081.5999999999985,2809.0,1.0,0.005,0.005,0.0050000529686667,5.0,5.000052968666764,103.24609375,102.0,204,109828.78125,114326.0,215934,0.810565633807924,0.810565633807924,0.1176179137069424,1.9758616775755744,sampled_16_timesteps_max_2048_sources,converged,1.5625,0.005,0.005000052973628,5.2973628044024335e-08,True,20,SpMV,CUSPARSE_SPMV_ALG_DEFAULT,,,torch_cuda_event_cudagraph_replay,gpu_execution,full_rsnn,device_adapted,independent_inference,sparse_only,"(256, 1, 20649)","(256, 1, 20649)",20649,20649,1,1,BN,spmspv_csc_dense_device,spmspv_csc_dense_device,none,False,False,True,0,torch.int64,torch.float32,torch.float32,dense_device,,,False,False,False,False,False,True,1.0,82596,285089348,285089348,0,0,False,unknown,unknown,unknown,unknown,unknown,,5.07209587;5.0603838;5.06121588;5.06022406;5.06127977;5.05615997;5.0617919;5.05932808;5.06019211;5.05926418;5.05766392;5.060256;5.05923223;5.060256;5.06332779;5.06227207;5.06438398;5.06332779;5.06230402;5.0653758,20,5.061516761779785,0.0033207049972612,5.056159973144531,5.07209587097168,passed,0,0.0,1.1920928955078125e-07,9.313225746154783e-10,5.941559493294335e-07,1.8606432661272265e-07,5.941559493294335e-07,1.8606432661272265e-07,20649,0,full_state,passed,,5.060799837112427,,,,,,,,,,,5.547474003408847
globalatomic_cudagraph,multiarea_mam,NVIDIA GeForce RTX 5090,2.11.0+cu128,12.8,default,0.15,,0.005,1.0,0.0,400000000.0,85c413c5b78f0ba2,1,20649,256,1,21960982,1063.5373141556493,multiarea_mam,1,4692,615.5277770001732,0.5787552244829751,0.3108347092842594,2081.5999999999985,2809.0,1.0,0.005,0.005,0.0050000529686667,5.0,5.000052968666764,103.24609375,102.0,204,109828.78125,114326.0,215934,0.810565633807924,0.810565633807924,0.1176179137069424,1.9758616775755744,sampled_16_timesteps_max_2048_sources,converged,1.5625,0.005,0.005000052973628,5.2973628044024335e-08,True,20,SpMV,CUSPARSE_SPMV_ALG_DEFAULT,,,torch_cuda_event_cudagraph_replay,gpu_execution,full_rsnn,device_adapted,independent_inference,sparse_only,"(256, 1, 20649)","(256, 1, 20649)",20649,20649,1,1,BN,spmspv_csc_dense_device,spmspv_csc_dense_device,none,False,False,True,0,torch.int64,torch.float32,torch.float32,dense_device,,,False,False,False,False,False,True,1.0,82596,285089348,285089348,0,0,False,unknown,unknown,unknown,unknown,unknown,,14.2251196;14.162816;14.1604795;14.1614084;14.1605759;14.1666555;14.1603518;14.1574717;14.1625605;14.1606398;14.1620159;14.1615362;14.160512;14.1605444;14.1605444;14.1636162;14.160512;14.1646404;14.1584959;14.1595201,20,14.16450080871582,0.0144154747707144,14.157471656799316,14.225119590759276,passed,0,0.0,1.1920928955078125e-07,1.862645149230957e-09,5.939805873822479e-07,3.712952150181082e-07,5.939805873822479e-07,3.712952150181082e-07,20649,0,full_state,passed,,14.160607814788818,,,,,,,,,,,1.9825883111822908
vdha_cudagraph,multiarea_mam,NVIDIA GeForce RTX 5090,2.11.0+cu128,12.8,default,0.15,,0.005,1.0,0.0,400000000.0,85c413c5b78f0ba2,1,20649,256,1,21960982,1063.5373141556493,multiarea_mam,1,4692,615.5277770001732,0.5787552244829751,0.3108347092842594,2081.5999999999985,2809.0,1.0,0.005,0.005,0.0050000529686667,5.0,5.000052968666764,103.24609375,102.0,204,109828.78125,114326.0,215934,0.810565633807924,0.810565633807924,0.1176179137069424,1.9758616775755744,sampled_16_timesteps_max_2048_sources,converged,1.5625,0.005,0.005000052973628,5.2973628044024335e-08,True,20,SpMV,CUSPARSE_SPMV_ALG_DEFAULT,,,torch_cuda_event_cudagraph_replay,gpu_execution,full_rsnn,device_adapted,independent_inference,sparse_only,"(256, 1, 20649)","(256, 1, 20649)",20649,20649,1,1,BN,spmspv_csc_dense_device,spmspv_csc_dense_device,none,False,False,True,0,torch.int64,torch.float32,torch.float32,dense_device,,,False,False,False,False,False,True,1.0,82596,285089348,285089348,0,0,False,unknown,unknown,unknown,unknown,unknown,,8.5658884;8.55430412;8.55552006;8.55612755;8.55561638;8.55404758;8.55577564;8.55366421;8.55356789;8.55356789;8.5513916;8.54963207;8.55568027;8.55475235;8.5500164;8.55414391;8.55615997;8.5561924;8.55004787;8.55411243,20,8.554510450363159,0.003399475413567,8.54963207244873,8.565888404846191,passed,0,0.0,1.1920928955078125e-07,9.313225746154783e-10,5.939805873822479e-07,1.8609087248933065e-07,5.939805873822479e-07,1.8609087248933065e-07,20649,0,full_state,passed,,8.554224014282227,,,,,,,,,,,3.281964031566529
persistent_spike_block,multiarea_mam,NVIDIA GeForce RTX 5090,2.11.0+cu128,12.8,default,0.15,,0.005,1.0,0.0,400000000.0,85c413c5b78f0ba2,1,20649,256,1,21960982,1063.5373141556493,multiarea_mam,1,4692,615.5277770001732,0.5787552244829751,0.3108347092842594,2081.5999999999985,2809.0,1.0,0.005,0.005,0.0050000529686667,5.0,5.000052968666764,103.24609375,102.0,204,109828.78125,114326.0,215934,0.810565633807924,0.810565633807924,0.1176179137069424,1.9758616775755744,sampled_16_timesteps_max_2048_sources,converged,1.5625,0.005,0.005000052973628,5.2973628044024335e-08,True,20,SpMV,CUSPARSE_SPMV_ALG_DEFAULT,,,torch_cuda_event,gpu_execution,full_rsnn,device_native,independent_inference,full_fusion,"(256, 1, 20649)","(256, 1, 20649)",20649,20649,1,1,BN,event_csr,event_csr,dense_to_events_precomputed,False,True,True,0,torch.int32,torch.float32,torch.float32,windowed_events,,,False,False,False,False,False,False,1.0,2397004,176042400,176042400,0,0,False,unknown,unknown,unknown,unknown,unknown,,4.48889589;4.4349122;4.39190388;4.43296003;4.40012789;4.42870378;4.38780785;4.43094397;4.39587212;4.43788815;4.40012789;4.42668819;4.3858242;4.42515182;4.4021759;4.43532801;4.39792013;4.42729616;4.40320015;4.43391991,20,4.418382406234741,0.0247157540224481,4.385824203491211,4.488895893096924,passed,0,0.0,1.1920928955078125e-07,1.3969838619232178e-09,5.946904479969817e-07,2.792728253098176e-07,5.946904479969817e-07,2.792728253098176e-07,20649,0,full_state,passed,,4.425920009613037,,,,,,,6.343236089188045,,,,6.343236089188045
cusparse_direct_cudagraph,multiarea_mam,NVIDIA GeForce RTX 5090,2.11.0+cu128,12.8,default,0.15,,0.005,1.0,0.0,400000000.0,b1fed748129422ff,1,20649,256,1,21960982,1063.5373141556493,multiarea_mam,1,4692,615.5277770001732,0.5787552244829751,0.3108347092842594,2081.5999999999985,2809.0,1.0,0.01,0.01,0.0099999167635236,10.0,9.999916763523656,206.48828125,201.0,402,219591.6640625,227404.0,438745,0.9036316802482988,0.9036316802482988,0.1627504308955255,1.9468417169557897,sampled_16_timesteps_max_2048_sources,converged,1.5625,0.01,0.0099999168887734,8.311122655889348e-08,True,20,SpMV,CUSPARSE_SPMV_ALG_DEFAULT,,,torch_cuda_event,gpu_execution,full_rsnn,device_native,independent_inference,sparse_only,"(256, 1, 20649)","(256, 1, 20649)",20649,20649,1,1,BN,csr_post_by_pre,csr_post_by_pre,none,False,False,True,0,torch.int32,torch.float32,torch.float32,dense,,,False,False,False,False,False,True,1.0,85792,218307396,218307396,0,0,False,unknown,unknown,unknown,unknown,unknown,,28.1322231;28.0683193;28.0797768;28.076704;28.0725765;28.0695038;28.0705605;28.0818233;28.0726089;28.0746555;28.0777283;28.0807686;28.076704;28.0756474;28.0766716;28.0756474;28.0787201;28.0766716;28.0736313;28.0746231,20,28.07827825546265,0.0131868953130073,28.06831932067871,28.13222312927246,passed,0,0.0,1.1920928955078125e-07,3.2596290111541752e-09,5.947550221208076e-07,6.502219207504822e-07,5.947550221208076e-07,6.502219207504822e-07,20649,0,full_state,passed,,28.076159477233887,,,,,,,1.0,,,,1.0
tilespmspv_cudagraph,multiarea_mam,NVIDIA GeForce RTX 5090,2.11.0+cu128,12.8,default,0.15,,0.005,1.0,0.0,400000000.0,b1fed748129422ff,1,20649,256,1,21960982,1063.5373141556493,multiarea_mam,1,4692,615.5277770001732,0.5787552244829751,0.3108347092842594,2081.5999999999985,2809.0,1.0,0.01,0.01,0.0099999167635236,10.0,9.999916763523656,206.48828125,201.0,402,219591.6640625,227404.0,438745,0.9036316802482988,0.9036316802482988,0.1627504308955255,1.9468417169557897,sampled_16_timesteps_max_2048_sources,converged,1.5625,0.01,0.0099999168887734,8.311122655889348e-08,True,20,SpMV,CUSPARSE_SPMV_ALG_DEFAULT,,,torch_cuda_event_cudagraph_replay,gpu_execution,full_rsnn,device_adapted,independent_inference,sparse_only,"(256, 1, 20649)","(256, 1, 20649)",20649,20649,1,1,BN,spmspv_csc_dense_device,spmspv_csc_dense_device,none,False,False,True,0,torch.int64,torch.float32,torch.float32,dense_device,,,False,False,False,False,False,True,1.0,82596,285089348,285089348,0,0,False,unknown,unknown,unknown,unknown,unknown,,5.21932793;5.21196795;5.21686411;5.21132803;5.2108798;5.20972776;5.21075201;5.20979214;5.21280003;5.21190405;5.21017599;5.21385622;5.20873594;5.2118082;5.21078396;5.21590424;5.21075201;5.20972776;5.21283197;5.21385622,20,5.212188816070556,0.0026718847020741,5.208735942840576,5.219327926635742,passed,0,0.0,1.1920928955078125e-07,3.725290298461914e-09,5.946423584646254e-07,7.409846602968173e-07,5.946423584646254e-07,7.409846602968173e-07,20649,0,full_state,passed,,5.211568117141724,,,,,,,,,,,5.387276697945611
globalatomic_cudagraph,multiarea_mam,NVIDIA GeForce RTX 5090,2.11.0+cu128,12.8,default,0.15,,0.005,1.0,0.0,400000000.0,b1fed748129422ff,1,20649,256,1,21960982,1063.5373141556493,multiarea_mam,1,4692,615.5277770001732,0.5787552244829751,0.3108347092842594,2081.5999999999985,2809.0,1.0,0.01,0.01,0.0099999167635236,10.0,9.999916763523656,206.48828125,201.0,402,219591.6640625,227404.0,438745,0.9036316802482988,0.9036316802482988,0.1627504308955255,1.9468417169557897,sampled_16_timesteps_max_2048_sources,converged,1.5625,0.01,0.0099999168887734,8.311122655889348e-08,True,20,SpMV,CUSPARSE_SPMV_ALG_DEFAULT,,,torch_cuda_event_cudagraph_replay,gpu_execution,full_rsnn,device_adapted,independent_inference,sparse_only,"(256, 1, 20649)","(256, 1, 20649)",20649,20649,1,1,BN,spmspv_csc_dense_device,spmspv_csc_dense_device,none,False,False,True,0,torch.int64,torch.float32,torch.float32,dense_device,,,False,False,False,False,False,True,1.0,82596,285089348,285089348,0,0,False,unknown,unknown,unknown,unknown,unknown,,14.2165117;14.1996164;14.1993599;14.2034883;14.1983995;14.2035198;14.1994238;14.2014084;14.198432;14.1974077;14.1989441;14.2015038;14.198432;14.1994562;14.1974077;14.1973438;14.1953278;14.198432;14.1994562;14.1974077,20,14.200063943862917,0.0043705686806983,14.195327758789062,14.216511726379396,passed,0,0.0,1.1920928955078125e-07,2.7939677238464355e-09,5.946883447904838e-07,5.565085530179203e-07,5.946883447904838e-07,5.565085530179203e-07,20649,0,full_state,passed,,14.199151992797852,,,,,,,,,,,1.9773124121408647
vdha_cudagraph,multiarea_mam,NVIDIA GeForce RTX 5090,2.11.0+cu128,12.8,default,0.15,,0.005,1.0,0.0,400000000.0,b1fed748129422ff,1,20649,256,1,21960982,1063.5373141556493,multiarea_mam,1,4692,615.5277770001732,0.5787552244829751,0.3108347092842594,2081.5999999999985,2809.0,1.0,0.01,0.01,0.0099999167635236,10.0,9.999916763523656,206.48828125,201.0,402,219591.6640625,227404.0,438745,0.9036316802482988,0.9036316802482988,0.1627504308955255,1.9468417169557897,sampled_16_timesteps_max_2048_sources,converged,1.5625,0.01,0.0099999168887734,8.311122655889348e-08,True,20,SpMV,CUSPARSE_SPMV_ALG_DEFAULT,,,torch_cuda_event_cudagraph_replay,gpu_execution,full_rsnn,device_adapted,independent_inference,sparse_only,"(256, 1, 20649)","(256, 1, 20649)",20649,20649,1,1,BN,spmspv_csc_dense_device,spmspv_csc_dense_device,none,False,False,True,0,torch.int64,torch.float32,torch.float32,dense_device,,,False,False,False,False,False,True,1.0,82596,285089348,285089348,0,0,False,unknown,unknown,unknown,unknown,unknown,,8.70675182;8.69158363;8.69487953;8.69891167;8.69145584;8.69062424;8.69616032;8.69542408;8.69497585;8.69491196;8.70147228;8.69337559;8.69696045;8.69395161;8.69340801;8.68726444;8.69340801;8.69340801;8.68931198;8.69136047,20,8.694479990005494,0.0043252058850877,8.687264442443848,8.706751823425293,passed,0,0.0,1.1920928955078125e-07,2.7939677238464355e-09,5.946883447904838e-07,5.567564471675723e-07,5.946883447904838e-07,5.567564471675723e-07,20649,0,full_state,passed,,8.693679809570312,,,,,,,,,,,3.2294908591327056
persistent_spike_block,multiarea_mam,NVIDIA GeForce RTX 5090,2.11.0+cu128,12.8,default,0.15,,0.005,1.0,0.0,400000000.0,b1fed748129422ff,1,20649,256,1,21960982,1063.5373141556493,multiarea_mam,1,4692,615.5277770001732,0.5787552244829751,0.3108347092842594,2081.5999999999985,2809.0,1.0,0.01,0.01,0.0099999167635236,10.0,9.999916763523656,206.48828125,201.0,402,219591.6640625,227404.0,438745,0.9036316802482988,0.9036316802482988,0.1627504308955255,1.9468417169557897,sampled_16_timesteps_max_2048_sources,converged,1.5625,0.01,0.0099999168887734,8.311122655889348e-08,True,20,SpMV,CUSPARSE_SPMV_ALG_DEFAULT,,,torch_cuda_event,gpu_execution,full_rsnn,device_native,independent_inference,full_fusion,"(256, 1, 20649)","(256, 1, 20649)",20649,20649,1,1,BN,event_csr,event_csr,dense_to_events_precomputed,False,True,True,0,torch.int32,torch.float32,torch.float32,windowed_events,,,False,False,False,False,False,False,1.0,2397004,176148120,176148120,0,0,False,unknown,unknown,unknown,unknown,unknown,,4.49968004;4.43337584;4.44937611;4.44044781;4.44921589;4.44515181;4.44937611;4.43478394;4.45030403;4.43951988;4.44732809;4.43897581;4.45337582;4.43894386;4.4554882;4.43852806;4.45443201;4.44095993;4.45337582;4.43596792,20,4.447430348396301,0.0141490128268459,4.433375835418701,4.499680042266846,passed,0,0.0,1.4901161193847656e-07,7.450580596923828e-09,7.428542403431493e-07,1.484318204347801e-06,7.428542403431493e-07,1.484318204347801e-06,20649,0,full_state,passed,,4.446239948272705,,,,,,,6.3145848635859245,,,,6.3145848635859245
cusparse_direct_cudagraph,multiarea_mam,NVIDIA GeForce RTX 5090,2.11.0+cu128,12.8,default,0.15,,0.005,1.0,0.0,400000000.0,904f812f33e115ee,1,20649,256,1,21960982,1063.5373141556493,multiarea_mam,1,4692,615.5277770001732,0.5787552244829751,0.3108347092842594,2081.5999999999985,2809.0,1.0,0.01,0.02,0.0199998335270473,20.0,19.999833527047315,412.9765625,404.25,803,438801.9453125,443692.25,862296,0.9487886060421836,0.9487886060421832,0.1614588921781293,1.944420272034203,sampled_16_timesteps_max_2048_sources,converged,2.9911041259765625,0.02,0.0199998337775468,1.6622245311778697e-07,True,20,SpMV,CUSPARSE_SPMV_ALG_DEFAULT,,,torch_cuda_event,gpu_execution,full_rsnn,device_native,independent_inference,sparse_only,"(256, 1, 20649)","(256, 1, 20649)",20649,20649,1,1,BN,csr_post_by_pre,csr_post_by_pre,none,False,False,True,0,torch.int32,torch.float32,torch.float32,dense,,,False,False,False,False,False,True,1.0,85792,218307396,218307396,0,0,False,unknown,unknown,unknown,unknown,unknown,,28.0918713;28.0787525;28.0838394;28.0766716;28.0828476;28.0858879;28.0828152;28.0859203;28.0807686;28.0807991;28.0879364;28.0828476;28.0848637;28.0817928;28.0848312;28.0838394;28.0848637;28.0807991;28.0797443;28.0848961,20,28.08332939147949,0.003387003720297,28.0766716003418,28.09187126159668,passed,0,0.0,2.384185791015625e-07,3.958120942115784e-09,1.1890105042766663e-06,7.905898655735655e-07,1.1890105042766663e-06,7.905898655735655e-07,20649,0,full_state,passed,,28.08334350585937,,,,,,,1.0,,,,1.0
tilespmspv_cudagraph,multiarea_mam,NVIDIA GeForce RTX 5090,2.11.0+cu128,12.8,default,0.15,,0.005,1.0,0.0,400000000.0,904f812f33e115ee,1,20649,256,1,21960982,1063.5373141556493,multiarea_mam,1,4692,615.5277770001732,0.5787552244829751,0.3108347092842594,2081.5999999999985,2809.0,1.0,0.01,0.02,0.0199998335270473,20.0,19.999833527047315,412.9765625,404.25,803,438801.9453125,443692.25,862296,0.9487886060421836,0.9487886060421832,0.1614588921781293,1.944420272034203,sampled_16_timesteps_max_2048_sources,converged,2.9911041259765625,0.02,0.0199998337775468,1.6622245311778697e-07,True,20,SpMV,CUSPARSE_SPMV_ALG_DEFAULT,,,torch_cuda_event_cudagraph_replay,gpu_execution,full_rsnn,device_adapted,independent_inference,sparse_only,"(256, 1, 20649)","(256, 1, 20649)",20649,20649,1,1,BN,spmspv_csc_dense_device,spmspv_csc_dense_device,none,False,False,True,0,torch.int64,torch.float32,torch.float32,dense_device,,,False,False,False,False,False,True,1.0,82596,285089348,285089348,0,0,False,unknown,unknown,unknown,unknown,unknown,,5.23513603;5.23008013;5.22505617;5.22563219;5.23123217;5.22761583;5.22662401;5.22614384;5.22723198;5.22406387;5.22460794;5.22204781;5.22716808;5.22403193;5.21897602;5.22204781;5.22307205;5.22409582;5.22307205;5.22819185,20,5.225806379318238,0.0036228888779425,5.218976020812988,5.235136032104492,passed,0,0.0,2.384185791015625e-07,5.587935447692871e-09,1.1867820148836472e-06,1.1093543434981257e-06,1.1867820148836472e-06,1.1093543434981257e-06,20649,0,full_state,passed,,5.225344181060791,,,,,,,,,,,5.37444855932116
globalatomic_cudagraph,multiarea_mam,NVIDIA GeForce RTX 5090,2.11.0+cu128,12.8,default,0.15,,0.005,1.0,0.0,400000000.0,904f812f33e115ee,1,20649,256,1,21960982,1063.5373141556493,multiarea_mam,1,4692,615.5277770001732,0.5787552244829751,0.3108347092842594,2081.5999999999985,2809.0,1.0,0.01,0.02,0.0199998335270473,20.0,19.999833527047315,412.9765625,404.25,803,438801.9453125,443692.25,862296,0.9487886060421836,0.9487886060421832,0.1614588921781293,1.944420272034203,sampled_16_timesteps_max_2048_sources,converged,2.9911041259765625,0.02,0.0199998337775468,1.6622245311778697e-07,True,20,SpMV,CUSPARSE_SPMV_ALG_DEFAULT,,,torch_cuda_event_cudagraph_replay,gpu_execution,full_rsnn,device_adapted,independent_inference,sparse_only,"(256, 1, 20649)","(256, 1, 20649)",20649,20649,1,1,BN,spmspv_csc_dense_device,spmspv_csc_dense_device,none,False,False,True,0,torch.int64,torch.float32,torch.float32,dense_device,,,False,False,False,False,False,True,1.0,82596,285089348,285089348,0,0,False,unknown,unknown,unknown,unknown,unknown,,14.2637119;14.2508163;14.2485762;14.2506876;14.2516479;14.2526722;14.2506876;14.2485437;14.2485437;14.2476482;14.2501116;14.2506561;14.2465601;14.2506561;14.2496319;14.2506561;14.2506561;14.2486076;14.2527037;14.2516804,20,14.250772762298585,0.0034421281870695,14.246560096740724,14.263711929321287,passed,0,0.0,2.384185791015625e-07,5.587935447692871e-09,1.1862427982123336e-06,1.114117139877635e-06,1.1862427982123336e-06,1.114117139877635e-06,20649,0,full_state,passed,,14.250656127929688,,,,,,,,,,,1.970670210111882
vdha_cudagraph,multiarea_mam,NVIDIA GeForce RTX 5090,2.11.0+cu128,12.8,default,0.15,,0.005,1.0,0.0,400000000.0,904f812f33e115ee,1,20649,256,1,21960982,1063.5373141556493,multiarea_mam,1,4692,615.5277770001732,0.5787552244829751,0.3108347092842594,2081.5999999999985,2809.0,1.0,0.01,0.02,0.0199998335270473,20.0,19.999833527047315,412.9765625,404.25,803,438801.9453125,443692.25,862296,0.9487886060421836,0.9487886060421832,0.1614588921781293,1.944420272034203,sampled_16_timesteps_max_2048_sources,converged,2.9911041259765625,0.02,0.0199998337775468,1.6622245311778697e-07,True,20,SpMV,CUSPARSE_SPMV_ALG_DEFAULT,,,torch_cuda_event_cudagraph_replay,gpu_execution,full_rsnn,device_adapted,independent_inference,sparse_only,"(256, 1, 20649)","(256, 1, 20649)",20649,20649,1,1,BN,spmspv_csc_dense_device,spmspv_csc_dense_device,none,False,False,True,0,torch.int64,torch.float32,torch.float32,dense_device,,,False,False,False,False,False,True,1.0,82596,285089348,285089348,0,0,False,unknown,unknown,unknown,unknown,unknown,,8.83504009;8.81264019;8.82159996;8.81788826;8.81721592;8.81836796;8.81830406;8.81840038;8.81356812;8.81888008;8.8198719;8.8202877;8.8158083;8.81564808;8.82137585;8.81628799;8.81424046;8.81833553;8.81833553;8.81935978,20,8.818572807312012,0.0045683682623535,8.812640190124512,8.835040092468262,passed,0,0.0,2.384185791015625e-07,5.587935447692871e-09,1.1890105042766663e-06,1.108815581574163e-06,1.1890105042766663e-06,1.108815581574163e-06,20649,0,full_state,passed,,8.81833553314209,,,,,,,,,,,3.1846535437796963
persistent_spike_block,multiarea_mam,NVIDIA GeForce RTX 5090,2.11.0+cu128,12.8,default,0.15,,0.005,1.0,0.0,400000000.0,904f812f33e115ee,1,20649,256,1,21960982,1063.5373141556493,multiarea_mam,1,4692,615.5277770001732,0.5787552244829751,0.3108347092842594,2081.5999999999985,2809.0,1.0,0.01,0.02,0.0199998335270473,20.0,19.999833527047315,412.9765625,404.25,803,438801.9453125,443692.25,862296,0.9487886060421836,0.9487886060421832,0.1614588921781293,1.944420272034203,sampled_16_timesteps_max_2048_sources,converged,2.9911041259765625,0.02,0.0199998337775468,1.6622245311778697e-07,True,20,SpMV,CUSPARSE_SPMV_ALG_DEFAULT,,,torch_cuda_event,gpu_execution,full_rsnn,device_native,independent_inference,full_fusion,"(256, 1, 20649)","(256, 1, 20649)",20649,20649,1,1,BN,event_csr,event_csr,dense_to_events_precomputed,False,True,True,0,torch.int32,torch.float32,torch.float32,windowed_events,,,False,False,False,False,False,False,1.0,2397004,176148120,176148120,0,0,False,unknown,unknown,unknown,unknown,unknown,,4.67011213;4.64169598;4.62128019;4.64576006;4.61612797;4.65040016;4.62544012;4.64604807;4.61523199;4.65097618;4.62332821;4.64172792;4.63360023;4.64777613;4.63241577;4.65654421;4.62752008;4.64838409;4.62847996;4.65305614,20,4.638795280456543,0.0148102794164452,4.615231990814209,4.670112133026123,passed,0,0.0,7.152557373046875e-07,8.381903171539308e-08,3.553227088559652e-06,1.6644962670397945e-05,3.553227088559652e-06,1.6644962670397945e-05,20649,0,full_state,passed,,4.641711950302124,,,,,,,6.050212466120708,,,,6.050212466120708
cusparse_direct_cudagraph,multiarea_mam,NVIDIA GeForce RTX 5090,2.11.0+cu128,12.8,default,0.15,,0.005,1.0,0.0,400000000.0,bb7a2f95eb21c09c,1,20649,256,1,21960982,1063.5373141556493,multiarea_mam,1,4692,615.5277770001732,0.5787552244829751,0.3108347092842594,2081.5999999999985,2809.0,1.0,0.01,0.05,0.049999962165238,50.0,49.99996216523802,1032.44921875,1024.5,2035,1094140.609375,1100027.5,2159083,0.9759062252656286,0.9759062252656288,0.1646243489218906,1.9710412512721949,sampled_16_timesteps_max_2048_sources,converged,6.820392608642578,0.05,0.0499999597668647,4.0233135226164236e-08,True,20,SpMV,CUSPARSE_SPMV_ALG_DEFAULT,,,torch_cuda_event,gpu_execution,full_rsnn,device_native,independent_inference,sparse_only,"(256, 1, 20649)","(256, 1, 20649)",20649,20649,1,1,BN,csr_post_by_pre,csr_post_by_pre,none,False,False,True,0,torch.int32,torch.float32,torch.float32,dense,,,False,False,False,False,False,True,1.0,85792,218307396,218307396,0,0,False,unknown,unknown,unknown,unknown,unknown,,28.0759354;28.0706558;28.0859203;28.0746231;28.0725765;28.0695038;28.0828476;28.0695038;28.0766716;28.070528;28.0756474;28.070528;28.0766716;28.0736313;28.0746231;28.0715847;28.0746555;28.0746555;28.0756474;28.0746231,20,28.07455167770386,0.0041261689688516,28.069503784179688,28.085920333862305,passed,0,0.0,9.5367431640625e-07,1.1175870895385742e-08,4.573613296088297e-06,2.199820528403506e-06,4.573613296088297e-06,2.199820528403506e-06,20649,0,full_state,passed,,28.07462310791016,,,,,,,1.0,,,,1.0
tilespmspv_cudagraph,multiarea_mam,NVIDIA GeForce RTX 5090,2.11.0+cu128,12.8,default,0.15,,0.005,1.0,0.0,400000000.0,bb7a2f95eb21c09c,1,20649,256,1,21960982,1063.5373141556493,multiarea_mam,1,4692,615.5277770001732,0.5787552244829751,0.3108347092842594,2081.5999999999985,2809.0,1.0,0.01,0.05,0.049999962165238,50.0,49.99996216523802,1032.44921875,1024.5,2035,1094140.609375,1100027.5,2159083,0.9759062252656286,0.9759062252656288,0.1646243489218906,1.9710412512721949,sampled_16_timesteps_max_2048_sources,converged,6.820392608642578,0.05,0.0499999597668647,4.0233135226164236e-08,True,20,SpMV,CUSPARSE_SPMV_ALG_DEFAULT,,,torch_cuda_event_cudagraph_replay,gpu_execution,full_rsnn,device_adapted,independent_inference,sparse_only,"(256, 1, 20649)","(256, 1, 20649)",20649,20649,1,1,BN,spmspv_csc_dense_device,spmspv_csc_dense_device,none,False,False,True,0,torch.int64,torch.float32,torch.float32,dense_device,,,False,False,False,False,False,True,1.0,82596,285089348,285089348,0,0,False,unknown,unknown,unknown,unknown,unknown,,6.22217607;6.20624018;6.21625614;6.21836805;6.20607996;6.21020794;6.20806408;6.21023989;6.20806408;6.2122879;6.2137599;6.21020794;6.21225595;6.21635199;6.20611191;6.2184;6.21020794;6.21023989;6.21430397;6.2184,20,6.212411189079285,0.004690174563082,6.206079959869385,6.2221760749816895,passed,0,0.0,1.1920928955078125e-06,1.1175870895385744e-07,5.927499387325952e-06,2.1856840248801745e-05,5.927499387325952e-06,2.1856840248801745e-05,20649,0,full_state,passed,,6.21124792098999,,,,,,,,,,,4.519964983692912
globalatomic_cudagraph,multiarea_mam,NVIDIA GeForce RTX 5090,2.11.0+cu128,12.8,default,0.15,,0.005,1.0,0.0,400000000.0,bb7a2f95eb21c09c,1,20649,256,1,21960982,1063.5373141556493,multiarea_mam,1,4692,615.5277770001732,0.5787552244829751,0.3108347092842594,2081.5999999999985,2809.0,1.0,0.01,0.05,0.049999962165238,50.0,49.99996216523802,1032.44921875,1024.5,2035,1094140.609375,1100027.5,2159083,0.9759062252656286,0.9759062252656288,0.1646243489218906,1.9710412512721949,sampled_16_timesteps_max_2048_sources,converged,6.820392608642578,0.05,0.0499999597668647,4.0233135226164236e-08,True,20,SpMV,CUSPARSE_SPMV_ALG_DEFAULT,,,torch_cuda_event_cudagraph_replay,gpu_execution,full_rsnn,device_adapted,independent_inference,sparse_only,"(256, 1, 20649)","(256, 1, 20649)",20649,20649,1,1,BN,spmspv_csc_dense_device,spmspv_csc_dense_device,none,False,False,True,0,torch.int64,torch.float32,torch.float32,dense_device,,,False,False,False,False,False,True,1.0,82596,285089348,285089348,0,0,False,unknown,unknown,unknown,unknown,unknown,,14.7735357;14.7688637;14.7625923;14.7626877;14.7666559;14.76688;14.7665596;14.7667198;14.7688322;14.7667522;14.766304;14.7646723;14.7646399;14.7647038;14.7708483;14.7626562;14.7647038;14.7647038;14.7667198;14.7647038,20,14.766236734390258,0.0027405832349362,14.762592315673828,14.77353572845459,passed,0,0.0,9.5367431640625e-07,2.2351741790771484e-08,4.58705017081229e-06,4.424348844622728e-06,4.58705017081229e-06,4.424348844622728e-06,20649,0,full_state,passed,,14.76643180847168,,,,,,,,,,,1.90124625041802
vdha_cudagraph,multiarea_mam,NVIDIA GeForce RTX 5090,2.11.0+cu128,12.8,default,0.15,,0.005,1.0,0.0,400000000.0,bb7a2f95eb21c09c,1,20649,256,1,21960982,1063.5373141556493,multiarea_mam,1,4692,615.5277770001732,0.5787552244829751,0.3108347092842594,2081.5999999999985,2809.0,1.0,0.01,0.05,0.049999962165238,50.0,49.99996216523802,1032.44921875,1024.5,2035,1094140.609375,1100027.5,2159083,0.9759062252656286,0.9759062252656288,0.1646243489218906,1.9710412512721949,sampled_16_timesteps_max_2048_sources,converged,6.820392608642578,0.05,0.0499999597668647,4.0233135226164236e-08,True,20,SpMV,CUSPARSE_SPMV_ALG_DEFAULT,,,torch_cuda_event_cudagraph_replay,gpu_execution,full_rsnn,device_adapted,independent_inference,sparse_only,"(256, 1, 20649)","(256, 1, 20649)",20649,20649,1,1,BN,spmspv_csc_dense_device,spmspv_csc_dense_device,none,False,False,True,0,torch.int64,torch.float32,torch.float32,dense_device,,,False,False,False,False,False,True,1.0,82596,285089348,285089348,0,0,False,unknown,unknown,unknown,unknown,unknown,,10.1884804;10.1734076;10.1750717;10.1746244;10.171072;10.1772156;10.176096;10.1771202;10.176672;10.1772804;10.1709442;10.1751356;10.1709757;10.1695356;10.1751356;10.1730881;10.1730881;10.1771517;10.1730881;10.1741123,20,10.174964761734008,0.0039558926524011,10.169535636901855,10.188480377197266,passed,0,0.0,6.258487701416016e-07,2.2351741790771484e-08,3.1192871574603487e-06,4.371995601104572e-06,3.1192871574603487e-06,4.371995601104572e-06,20649,0,full_state,passed,,10.174848079681396,,,,,,,,,,,2.7592179153980303
persistent_spike_block,multiarea_mam,NVIDIA GeForce RTX 5090,2.11.0+cu128,12.8,default,0.15,,0.005,1.0,0.0,400000000.0,bb7a2f95eb21c09c,1,20649,256,1,21960982,1063.5373141556493,multiarea_mam,1,4692,615.5277770001732,0.5787552244829751,0.3108347092842594,2081.5999999999985,2809.0,1.0,0.01,0.05,0.049999962165238,50.0,49.99996216523802,1032.44921875,1024.5,2035,1094140.609375,1100027.5,2159083,0.9759062252656286,0.9759062252656288,0.1646243489218906,1.9710412512721949,sampled_16_timesteps_max_2048_sources,converged,6.820392608642578,0.05,0.0499999597668647,4.0233135226164236e-08,True,20,SpMV,CUSPARSE_SPMV_ALG_DEFAULT,,,torch_cuda_event,gpu_execution,full_rsnn,device_native,independent_inference,full_fusion,"(256, 1, 20649)","(256, 1, 20649)",20649,20649,1,1,BN,event_csr,event_csr,dense_to_events_precomputed,False,True,True,0,torch.int32,torch.float32,torch.float32,windowed_events,,,False,False,False,False,False,False,1.0,2397004,176148120,176148120,0,0,False,unknown,unknown,unknown,unknown,unknown,,5.16160011;5.14556789;5.12812805;5.131392;5.11990404;5.13542414;5.12656021;5.12723207;5.13212776;5.12710381;5.12502384;5.13840008;5.12915182;5.13449621;5.13318396;5.14259195;5.12700796;5.13638401;5.11488008;5.13638401,20,5.132627201080322,0.0099369382053051,5.114880084991455,5.161600112915039,passed,0,0.0,5.593523383140564e-06,2.812594175338745e-07,2.7960761144640852e-05,5.576532566919923e-05,2.7960761144640852e-05,5.576532566919923e-05,20649,0,full_state,passed,,5.131759881973267,,,,,,,5.470759301605298,,,,5.470759301605298
cusparse_direct_cudagraph,multiarea_mam,NVIDIA GeForce RTX 5090,2.11.0+cu128,12.8,default,0.15,,0.005,1.0,0.0,400000000.0,eabffbcb2deb65d4,2,20649,256,1,21960982,1063.5373141556493,multiarea_mam,2,4692,615.5277770001732,0.5787552244829751,0.3108347092842594,2081.5999999999985,2809.0,1.0,0.0,0.0,0.0,0.0,0.0,0.0,0.0,0,0.0,0.0,0,0.0,0.0,0.0,0.0,sampled_16_timesteps_max_2048_sources,converged,50.0,0.0,0.0,0.0,True,20,SpMV,CUSPARSE_SPMV_ALG_DEFAULT,,,torch_cuda_event,gpu_execution,full_rsnn,device_native,independent_inference,sparse_only,"(256, 1, 20649)","(256, 1, 20649)",20649,20649,1,1,BN,csr_post_by_pre,csr_post_by_pre,none,False,False,True,0,torch.int32,torch.float32,torch.float32,dense,,,False,False,False,False,False,True,1.0,85792,218307396,218307396,0,0,False,unknown,unknown,unknown,unknown,unknown,,28.0716152;28.0503674;28.0552006;28.0541763;28.0603199;28.0531521;28.0562248;28.0582409;28.0531521;28.0541763;28.0511036;28.0603199;28.0541763;28.0572472;28.0541763;28.0541763;28.0552006;28.0561924;28.0552006;28.0562248,20,28.056032180786133,0.0044622473453294,28.05036735534668,28.07161521911621,passed,0,0.0,0.0,0.0,0.0,0.0,0.0,0.0,20649,0,full_state,passed,,28.055200576782227,,,,,,,1.0,,,,1.0
tilespmspv_cudagraph,multiarea_mam,NVIDIA GeForce RTX 5090,2.11.0+cu128,12.8,default,0.15,,0.005,1.0,0.0,400000000.0,eabffbcb2deb65d4,2,20649,256,1,21960982,1063.5373141556493,multiarea_mam,2,4692,615.5277770001732,0.5787552244829751,0.3108347092842594,2081.5999999999985,2809.0,1.0,0.0,0.0,0.0,0.0,0.0,0.0,0.0,0,0.0,0.0,0,0.0,0.0,0.0,0.0,sampled_16_timesteps_max_2048_sources,converged,50.0,0.0,0.0,0.0,True,20,SpMV,CUSPARSE_SPMV_ALG_DEFAULT,,,torch_cuda_event_cudagraph_replay,gpu_execution,full_rsnn,device_adapted,independent_inference,sparse_only,"(256, 1, 20649)","(256, 1, 20649)",20649,20649,1,1,BN,spmspv_csc_dense_device,spmspv_csc_dense_device,none,False,False,True,0,torch.int64,torch.float32,torch.float32,dense_device,,,False,False,False,False,False,True,1.0,82596,285089348,285089348,0,0,False,unknown,unknown,unknown,unknown,unknown,,3.92048001;3.90771198;3.90873599;3.90876794;3.90879989;3.90863991;3.90876794;3.90768003;3.90883207;3.90876794;3.90867209;3.90928006;3.90928006;3.90928006;3.90825605;3.90931201;3.90928006;3.90928006;3.90928006;3.90928006,20,3.9094192147254954,0.0026498630840414,3.907680034637451,3.9204800128936768,passed,0,0.0,0.0,0.0,0.0,0.0,0.0,0.0,20649,0,full_state,passed,,3.908815979957581,,,,,,,,,,,7.177416568248549
globalatomic_cudagraph,multiarea_mam,NVIDIA GeForce RTX 5090,2.11.0+cu128,12.8,default,0.15,,0.005,1.0,0.0,400000000.0,eabffbcb2deb65d4,2,20649,256,1,21960982,1063.5373141556493,multiarea_mam,2,4692,615.5277770001732,0.5787552244829751,0.3108347092842594,2081.5999999999985,2809.0,1.0,0.0,0.0,0.0,0.0,0.0,0.0,0.0,0,0.0,0.0,0,0.0,0.0,0.0,0.0,sampled_16_timesteps_max_2048_sources,converged,50.0,0.0,0.0,0.0,True,20,SpMV,CUSPARSE_SPMV_ALG_DEFAULT,,,torch_cuda_event_cudagraph_replay,gpu_execution,full_rsnn,device_adapted,independent_inference,sparse_only,"(256, 1, 20649)","(256, 1, 20649)",20649,20649,1,1,BN,spmspv_csc_dense_device,spmspv_csc_dense_device,none,False,False,True,0,torch.int64,torch.float32,torch.float32,dense_device,,,False,False,False,False,False,True,1.0,82596,285089348,285089348,0,0,False,unknown,unknown,unknown,unknown,unknown,,13.775712;13.7640638;13.7620478;13.7591677;13.7662716;13.7611523;13.7642241;13.7611837;13.7611837;13.7642241;13.7607365;13.7642555;13.7652798;13.7642555;13.7632322;13.7683516;13.7652798;13.7611837;13.7642555;13.7611523,20,13.763860654830932,0.0035752874436198,13.759167671203612,13.775712013244627,passed,0,0.0,0.0,0.0,0.0,0.0,0.0,0.0,20649,0,full_state,passed,,13.76414394378662,,,,,,,,,,,2.038281544523286
vdha_cudagraph,multiarea_mam,NVIDIA GeForce RTX 5090,2.11.0+cu128,12.8,default,0.15,,0.005,1.0,0.0,400000000.0,eabffbcb2deb65d4,2,20649,256,1,21960982,1063.5373141556493,multiarea_mam,2,4692,615.5277770001732,0.5787552244829751,0.3108347092842594,2081.5999999999985,2809.0,1.0,0.0,0.0,0.0,0.0,0.0,0.0,0.0,0,0.0,0.0,0,0.0,0.0,0.0,0.0,sampled_16_timesteps_max_2048_sources,converged,50.0,0.0,0.0,0.0,True,20,SpMV,CUSPARSE_SPMV_ALG_DEFAULT,,,torch_cuda_event_cudagraph_replay,gpu_execution,full_rsnn,device_adapted,independent_inference,sparse_only,"(256, 1, 20649)","(256, 1, 20649)",20649,20649,1,1,BN,spmspv_csc_dense_device,spmspv_csc_dense_device,none,False,False,True,0,torch.int64,torch.float32,torch.float32,dense_device,,,False,False,False,False,False,True,1.0,82596,285089348,285089348,0,0,False,unknown,unknown,unknown,unknown,unknown,,5.70569611;5.68899202;5.69225597;5.69081593;5.69206381;5.69356823;5.69305611;5.69203186;5.69206381;5.69206381;5.69504023;5.69407988;5.69196796;5.69254398;5.69206381;5.69001579;5.69001579;5.69308805;5.69414377;5.69411182,20,5.692983937263489,0.0033584734369917,5.688992023468018,5.705696105957031,passed,0,0.0,0.0,0.0,0.0,0.0,0.0,0.0,20649,0,full_state,passed,,5.69215989112854,,,,,,,,,,,4.928744292743319
persistent_spike_block,multiarea_mam,NVIDIA GeForce RTX 5090,2.11.0+cu128,12.8,default,0.15,,0.005,1.0,0.0,400000000.0,eabffbcb2deb65d4,2,20649,256,1,21960982,1063.5373141556493,multiarea_mam,2,4692,615.5277770001732,0.5787552244829751,0.3108347092842594,2081.5999999999985,2809.0,1.0,0.0,0.0,0.0,0.0,0.0,0.0,0.0,0,0.0,0.0,0,0.0,0.0,0.0,0.0,sampled_16_timesteps_max_2048_sources,converged,50.0,0.0,0.0,0.0,True,20,SpMV,CUSPARSE_SPMV_ALG_DEFAULT,,,torch_cuda_event,gpu_execution,full_rsnn,device_native,independent_inference,full_fusion,"(256, 1, 20649)","(256, 1, 20649)",20649,20649,1,1,BN,event_csr,event_csr,dense_to_events_precomputed,False,True,True,0,torch.int32,torch.float32,torch.float32,windowed_events,,,False,False,False,False,False,False,1.0,2397004,175936676,175936676,0,0,False,unknown,unknown,unknown,unknown,unknown,,1.45622396;1.41724801;1.41705596;1.41513598;1.41696;1.41619205;1.41561604;1.416224;1.41504002;1.41516805;1.41683197;1.41625595;1.41766405;1.416224;1.41664004;1.41708803;1.41660798;1.416224;1.41721594;1.41619205,20,1.41839040517807,0.0089353854212447,1.4150400161743164,1.456223964691162,passed,0,0.0,0.0,0.0,0.0,0.0,0.0,0.0,20649,0,full_state,passed,,1.416431963443756,,,,,,,19.80695246990326,,,,19.80695246990326
cusparse_direct_cudagraph,multiarea_mam,NVIDIA GeForce RTX 5090,2.11.0+cu128,12.8,default,0.15,,0.005,1.0,0.0,400000000.0,dfe152db2d1a7c34,2,20649,256,1,21960982,1063.5373141556493,multiarea_mam,2,4692,615.5277770001732,0.5787552244829751,0.3108347092842594,2081.5999999999985,2809.0,1.0,0.0001,0.0001,0.000100072945421,0.1,0.1000729454210857,2.06640625,3.0,3,2167.43359375,3476.25,4696,0.0118993722693,0.0118993722693,0.1204946429526146,1.45179584120983,sampled_16_timesteps_max_2048_sources,converged,1.5625,0.0001,0.0001000729389488,7.293894886970042e-08,True,20,SpMV,CUSPARSE_SPMV_ALG_DEFAULT,,,torch_cuda_event,gpu_execution,full_rsnn,device_native,independent_inference,sparse_only,"(256, 1, 20649)","(256, 1, 20649)",20649,20649,1,1,BN,csr_post_by_pre,csr_post_by_pre,none,False,False,True,0,torch.int32,torch.float32,torch.float32,dense,,,False,False,False,False,False,True,1.0,85792,218307396,218307396,0,0,False,unknown,unknown,unknown,unknown,unknown,,28.0444489;28.0362244;28.0326405;28.0398407;28.0418873;28.0326729;28.0336952;28.0336952;28.0347195;28.0357437;28.0377274;28.0326729;28.0439358;28.0326729;28.0336952;28.0316486;28.036768;28.0418873;28.0336952;28.0326729,20,28.03614721298218,0.0040979742860653,28.031648635864254,28.044448852539062,passed,0,0.0,2.9802322387695312e-08,2.3283064365386963e-10,1.488218686063192e-07,4.654590313180052e-08,1.488218686063192e-07,4.654590313180052e-08,20649,0,full_state,passed,,28.034207344055176,,,,,,,1.0,,,,1.0
tilespmspv_cudagraph,multiarea_mam,NVIDIA GeForce RTX 5090,2.11.0+cu128,12.8,default,0.15,,0.005,1.0,0.0,400000000.0,dfe152db2d1a7c34,2,20649,256,1,21960982,1063.5373141556493,multiarea_mam,2,4692,615.5277770001732,0.5787552244829751,0.3108347092842594,2081.5999999999985,2809.0,1.0,0.0001,0.0001,0.000100072945421,0.1,0.1000729454210857,2.06640625,3.0,3,2167.43359375,3476.25,4696,0.0118993722693,0.0118993722693,0.1204946429526146,1.45179584120983,sampled_16_timesteps_max_2048_sources,converged,1.5625,0.0001,0.0001000729389488,7.293894886970042e-08,True,20,SpMV,CUSPARSE_SPMV_ALG_DEFAULT,,,torch_cuda_event_cudagraph_replay,gpu_execution,full_rsnn,device_adapted,independent_inference,sparse_only,"(256, 1, 20649)","(256, 1, 20649)",20649,20649,1,1,BN,spmspv_csc_dense_device,spmspv_csc_dense_device,none,False,False,True,0,torch.int64,torch.float32,torch.float32,dense_device,,,False,False,False,False,False,True,1.0,82596,285089348,285089348,0,0,False,unknown,unknown,unknown,unknown,unknown,,4.01647997;4.00672007;4.00499201;4.0050559;4.00694418;4.00707197;4.00508785;4.00556803;4.00499201;4.00515223;4.00400019;4.00547218;4.00553608;4.00556803;4.00550413;4.00556803;4.00553608;4.00553608;4.00556803;4.00550413,20,4.006092858314514,0.0025428146420441,4.004000186920166,4.016479969024658,passed,0,0.0,0.0,0.0,0.0,0.0,0.0,0.0,20649,0,full_state,passed,,4.005536079406738,,,,,,,,,,,6.998865267544247
globalatomic_cudagraph,multiarea_mam,NVIDIA GeForce RTX 5090,2.11.0+cu128,12.8,default,0.15,,0.005,1.0,0.0,400000000.0,dfe152db2d1a7c34,2,20649,256,1,21960982,1063.5373141556493,multiarea_mam,2,4692,615.5277770001732,0.5787552244829751,0.3108347092842594,2081.5999999999985,2809.0,1.0,0.0001,0.0001,0.000100072945421,0.1,0.1000729454210857,2.06640625,3.0,3,2167.43359375,3476.25,4696,0.0118993722693,0.0118993722693,0.1204946429526146,1.45179584120983,sampled_16_timesteps_max_2048_sources,converged,1.5625,0.0001,0.0001000729389488,7.293894886970042e-08,True,20,SpMV,CUSPARSE_SPMV_ALG_DEFAULT,,,torch_cuda_event_cudagraph_replay,gpu_execution,full_rsnn,device_adapted,independent_inference,sparse_only,"(256, 1, 20649)","(256, 1, 20649)",20649,20649,1,1,BN,spmspv_csc_dense_device,spmspv_csc_dense_device,none,False,False,True,0,torch.int64,torch.float32,torch.float32,dense_device,,,False,False,False,False,False,True,1.0,82596,285089348,285089348,0,0,False,unknown,unknown,unknown,unknown,unknown,,13.7648315;13.7455683;13.74576;13.7409277;13.7435837;13.7427521;13.7416639;13.7407999;13.7417278;13.7651844;13.76896;13.762208;13.7652483;13.7683201;13.7652798;13.7704;13.7652798;13.7601604;13.7673283;13.7714243,20,13.756870412826538,0.0120632917799219,13.740799903869627,13.771424293518066,passed,0,0.0,0.0,0.0,0.0,0.0,0.0,0.0,20649,0,full_state,passed,,13.763519763946531,,,,,,,,,,,2.036848700394984
vdha_cudagraph,multiarea_mam,NVIDIA GeForce RTX 5090,2.11.0+cu128,12.8,default,0.15,,0.005,1.0,0.0,400000000.0,dfe152db2d1a7c34,2,20649,256,1,21960982,1063.5373141556493,multiarea_mam,2,4692,615.5277770001732,0.5787552244829751,0.3108347092842594,2081.5999999999985,2809.0,1.0,0.0001,0.0001,0.000100072945421,0.1,0.1000729454210857,2.06640625,3.0,3,2167.43359375,3476.25,4696,0.0118993722693,0.0118993722693,0.1204946429526146,1.45179584120983,sampled_16_timesteps_max_2048_sources,converged,1.5625,0.0001,0.0001000729389488,7.293894886970042e-08,True,20,SpMV,CUSPARSE_SPMV_ALG_DEFAULT,,,torch_cuda_event_cudagraph_replay,gpu_execution,full_rsnn,device_adapted,independent_inference,sparse_only,"(256, 1, 20649)","(256, 1, 20649)",20649,20649,1,1,BN,spmspv_csc_dense_device,spmspv_csc_dense_device,none,False,False,True,0,torch.int64,torch.float32,torch.float32,dense_device,,,False,False,False,False,False,True,1.0,82596,285089348,285089348,0,0,False,unknown,unknown,unknown,unknown,unknown,,7.33798409;7.32540798;7.3245759;7.32847977;7.32736015;7.32387209;7.32492781;7.32425594;7.32335997;7.32828808;7.32732821;7.32364798;7.32672024;7.32384014;7.32326412;7.32435179;7.3273921;7.32636786;7.32329607;7.32227182,20,7.325849604606629,0.0034061356979495,7.322271823883057,7.337984085083008,passed,0,0.0,0.0,0.0,0.0,0.0,0.0,0.0,20649,0,full_state,passed,,7.324751853942871,,,,,,,,,,,3.827325198595571
persistent_spike_block,multiarea_mam,NVIDIA GeForce RTX 5090,2.11.0+cu128,12.8,default,0.15,,0.005,1.0,0.0,400000000.0,dfe152db2d1a7c34,2,20649,256,1,21960982,1063.5373141556493,multiarea_mam,2,4692,615.5277770001732,0.5787552244829751,0.3108347092842594,2081.5999999999985,2809.0,1.0,0.0001,0.0001,0.000100072945421,0.1,0.1000729454210857,2.06640625,3.0,3,2167.43359375,3476.25,4696,0.0118993722693,0.0118993722693,0.1204946429526146,1.45179584120983,sampled_16_timesteps_max_2048_sources,converged,1.5625,0.0001,0.0001000729389488,7.293894886970042e-08,True,20,SpMV,CUSPARSE_SPMV_ALG_DEFAULT,,,torch_cuda_event,gpu_execution,full_rsnn,device_native,independent_inference,full_fusion,"(256, 1, 20649)","(256, 1, 20649)",20649,20649,1,1,BN,event_csr,event_csr,dense_to_events_precomputed,False,True,True,0,torch.int32,torch.float32,torch.float32,windowed_events,,,False,False,False,False,False,False,1.0,2397004,175938792,175938792,0,0,False,unknown,unknown,unknown,unknown,unknown,,2.151232;2.10985589;2.11759996;2.113024;2.11872005;2.11286402;2.11446404;2.11084795;2.11664009;2.11286402;2.11462402;2.11292791;2.11238408;2.11494398;2.11251211;2.10678411;2.12070394;2.116992;2.11455989;2.10841608,20,2.1156480073928834,0.0090311818016491,2.1067841053009038,2.1512320041656494,passed,0,0.0,2.9802322387695312e-08,8.185452315956354e-12,1.488218686063192e-07,1.6370843569646352e-09,1.488218686063192e-07,1.6370843569646352e-09,20649,0,full_state,passed,,2.113744020462036,,,,,,,13.262820413763857,,,,13.262820413763857
cusparse_direct_cudagraph,multiarea_mam,NVIDIA GeForce RTX 5090,2.11.0+cu128,12.8,default,0.15,,0.005,1.0,0.0,400000000.0,2703d4423b1cbe92,2,20649,256,1,21960982,1063.5373141556493,multiarea_mam,2,4692,615.5277770001732,0.5787552244829751,0.3108347092842594,2081.5999999999985,2809.0,1.0,0.0002,0.0002,0.0001999567170323,0.2,0.1999567170323018,4.12890625,5.0,6,4382.6640625,6233.0,9565,0.0524692711334004,0.0524692711334004,0.0839343958723523,1.4531693472090823,sampled_16_timesteps_max_2048_sources,converged,1.5625,0.0002,0.0001999567175516,4.328244831413989e-08,True,20,SpMV,CUSPARSE_SPMV_ALG_DEFAULT,,,torch_cuda_event,gpu_execution,full_rsnn,device_native,independent_inference,sparse_only,"(256, 1, 20649)","(256, 1, 20649)",20649,20649,1,1,BN,csr_post_by_pre,csr_post_by_pre,none,False,False,True,0,torch.int32,torch.float32,torch.float32,dense,,,False,False,False,False,False,True,1.0,85792,218307396,218307396,0,0,False,unknown,unknown,unknown,unknown,unknown,,28.0322876;28.0155849;28.0224323;28.0152645;28.0193596;28.0183353;28.0173111;28.0214081;28.0182724;28.0193596;28.0234566;28.0183353;28.0173111;28.0193596;28.0183353;28.0152645;28.0183353;28.0213757;28.0214081;28.0203838,20,28.0196590423584,0.0037460956349436,28.0152645111084,28.03228759765625,passed,0,0.0,5.21540641784668e-08,2.3283064365386963e-10,2.6053211854559777e-07,4.654487284483366e-08,2.6053211854559777e-07,4.654487284483366e-08,20649,0,full_state,passed,,28.018847465515137,,,,,,,1.0,,,,1.0
tilespmspv_cudagraph,multiarea_mam,NVIDIA GeForce RTX 5090,2.11.0+cu128,12.8,default,0.15,,0.005,1.0,0.0,400000000.0,2703d4423b1cbe92,2,20649,256,1,21960982,1063.5373141556493,multiarea_mam,2,4692,615.5277770001732,0.5787552244829751,0.3108347092842594,2081.5999999999985,2809.0,1.0,0.0002,0.0002,0.0001999567170323,0.2,0.1999567170323018,4.12890625,5.0,6,4382.6640625,6233.0,9565,0.0524692711334004,0.0524692711334004,0.0839343958723523,1.4531693472090823,sampled_16_timesteps_max_2048_sources,converged,1.5625,0.0002,0.0001999567175516,4.328244831413989e-08,True,20,SpMV,CUSPARSE_SPMV_ALG_DEFAULT,,,torch_cuda_event_cudagraph_replay,gpu_execution,full_rsnn,device_adapted,independent_inference,sparse_only,"(256, 1, 20649)","(256, 1, 20649)",20649,20649,1,1,BN,spmspv_csc_dense_device,spmspv_csc_dense_device,none,False,False,True,0,torch.int64,torch.float32,torch.float32,dense_device,,,False,False,False,False,False,True,1.0,82596,285089348,285089348,0,0,False,unknown,unknown,unknown,unknown,unknown,,4.0921278;4.08038378;4.07919979;4.08537579;4.08131218;4.08137608;4.07926416;4.07910395;4.07926416;4.08128023;4.08086395;4.08134413;4.07923222;4.07929611;4.07923222;4.08134413;4.07923222;4.08134413;4.08643198;4.09363222,20,4.082032060623169,0.004211283354259,4.079103946685791,4.093632221221924,passed,0,0.0,1.1641532182693479e-10,0.0,5.820710580195508e-10,0.0,5.820710580195508e-10,0.0,20649,0,full_state,passed,,4.081072092056274,,,,,,,,,,,6.865560527600889
globalatomic_cudagraph,multiarea_mam,NVIDIA GeForce RTX 5090,2.11.0+cu128,12.8,default,0.15,,0.005,1.0,0.0,400000000.0,2703d4423b1cbe92,2,20649,256,1,21960982,1063.5373141556493,multiarea_mam,2,4692,615.5277770001732,0.5787552244829751,0.3108347092842594,2081.5999999999985,2809.0,1.0,0.0002,0.0002,0.0001999567170323,0.2,0.1999567170323018,4.12890625,5.0,6,4382.6640625,6233.0,9565,0.0524692711334004,0.0524692711334004,0.0839343958723523,1.4531693472090823,sampled_16_timesteps_max_2048_sources,converged,1.5625,0.0002,0.0001999567175516,4.328244831413989e-08,True,20,SpMV,CUSPARSE_SPMV_ALG_DEFAULT,,,torch_cuda_event_cudagraph_replay,gpu_execution,full_rsnn,device_adapted,independent_inference,sparse_only,"(256, 1, 20649)","(256, 1, 20649)",20649,20649,1,1,BN,spmspv_csc_dense_device,spmspv_csc_dense_device,none,False,False,True,0,torch.int64,torch.float32,torch.float32,dense_device,,,False,False,False,False,False,True,1.0,82596,285089348,285089348,0,0,False,unknown,unknown,unknown,unknown,unknown,,13.7762556;13.7681599;13.7641602;13.7572479;13.7662716;13.7651844;13.7663679;13.765152;13.7631998;13.7622719;13.7626562;13.7642555;13.7611837;13.762208;13.7611523;13.7642555;13.7694082;13.7652798;13.7662716;13.7632322,20,13.764708709716796,0.0038252882950546,13.757247924804688,13.77625560760498,passed,0,0.0,2.3283064365386963e-10,0.0,1.1641335673218123e-09,0.0,1.1641335673218123e-09,0.0,20649,0,full_state,passed,,13.76425552368164,,,,,,,,,,,2.0356238967889126
vdha_cudagraph,multiarea_mam,NVIDIA GeForce RTX 5090,2.11.0+cu128,12.8,default,0.15,,0.005,1.0,0.0,400000000.0,2703d4423b1cbe92,2,20649,256,1,21960982,1063.5373141556493,multiarea_mam,2,4692,615.5277770001732,0.5787552244829751,0.3108347092842594,2081.5999999999985,2809.0,1.0,0.0002,0.0002,0.0001999567170323,0.2,0.1999567170323018,4.12890625,5.0,6,4382.6640625,6233.0,9565,0.0524692711334004,0.0524692711334004,0.0839343958723523,1.4531693472090823,sampled_16_timesteps_max_2048_sources,converged,1.5625,0.0002,0.0001999567175516,4.328244831413989e-08,True,20,SpMV,CUSPARSE_SPMV_ALG_DEFAULT,,,torch_cuda_event_cudagraph_replay,gpu_execution,full_rsnn,device_adapted,independent_inference,sparse_only,"(256, 1, 20649)","(256, 1, 20649)",20649,20649,1,1,BN,spmspv_csc_dense_device,spmspv_csc_dense_device,none,False,False,True,0,torch.int64,torch.float32,torch.float32,dense_device,,,False,False,False,False,False,True,1.0,82596,285089348,285089348,0,0,False,unknown,unknown,unknown,unknown,unknown,,7.439744;7.43097591;7.42787218;7.42723179;7.43232012;7.4299202;7.42867184;7.43183994;7.42883205;7.42969608;7.4302721;7.43187189;7.42988777;7.43024015;7.42771196;7.42675209;7.42771196;7.43289614;7.42774391;7.42672014,20,7.429945611953736,0.0029817596902119,7.426720142364502,7.439743995666504,passed,0,0.0,2.3283064365386963e-10,0.0,1.1641185793109796e-09,0.0,1.1641185793109796e-09,0.0,20649,0,full_state,passed,,7.4297919273376465,,,,,,,,,,,3.771148336257011
persistent_spike_block,multiarea_mam,NVIDIA GeForce RTX 5090,2.11.0+cu128,12.8,default,0.15,,0.005,1.0,0.0,400000000.0,2703d4423b1cbe92,2,20649,256,1,21960982,1063.5373141556493,multiarea_mam,2,4692,615.5277770001732,0.5787552244829751,0.3108347092842594,2081.5999999999985,2809.0,1.0,0.0002,0.0002,0.0001999567170323,0.2,0.1999567170323018,4.12890625,5.0,6,4382.6640625,6233.0,9565,0.0524692711334004,0.0524692711334004,0.0839343958723523,1.4531693472090823,sampled_16_timesteps_max_2048_sources,converged,1.5625,0.0002,0.0001999567175516,4.328244831413989e-08,True,20,SpMV,CUSPARSE_SPMV_ALG_DEFAULT,,,torch_cuda_event,gpu_execution,full_rsnn,device_native,independent_inference,full_fusion,"(256, 1, 20649)","(256, 1, 20649)",20649,20649,1,1,BN,event_csr,event_csr,dense_to_events_precomputed,False,True,True,0,torch.int32,torch.float32,torch.float32,windowed_events,,,False,False,False,False,False,False,1.0,2397004,175940904,175940904,0,0,False,unknown,unknown,unknown,unknown,unknown,,2.26614404;2.21942401;2.21692801;2.21737599;2.21887994;2.21734405;2.22515202;2.21942401;2.22089601;2.22355199;2.21900797;2.21939206;2.22112012;2.22147202;2.219136;2.21430397;2.22627211;2.21734405;2.22512007;2.21491194,20,2.222160017490387,0.0108523086794404,2.214303970336914,2.266144037246704,passed,0,0.0,5.21540641784668e-08,4.365574568510056e-11,2.6053211854559777e-07,8.730625111752488e-09,2.6053211854559777e-07,8.730625111752488e-09,20649,0,full_state,passed,,2.2194080352783203,,,,,,,12.624468786336305,,,,12.624468786336305
cusparse_direct_cudagraph,multiarea_mam,NVIDIA GeForce RTX 5090,2.11.0+cu128,12.8,default,0.15,,0.005,1.0,0.0,400000000.0,5ef0fdb306eae831,2,20649,256,1,21960982,1063.5373141556493,multiarea_mam,2,4692,615.5277770001732,0.5787552244829751,0.3108347092842594,2081.5999999999985,2809.0,1.0,0.0005,0.0005,0.0004999863794856,0.5,0.4999863794856894,10.32421875,11.0,16,10911.5,15017.0,18158,0.1641700562442692,0.1641700562442692,0.0561692699591454,1.549754067347711,sampled_16_timesteps_max_2048_sources,converged,1.5625,0.0005,0.0004999863449484,1.3655051589022554e-08,True,20,SpMV,CUSPARSE_SPMV_ALG_DEFAULT,,,torch_cuda_event,gpu_execution,full_rsnn,device_native,independent_inference,sparse_only,"(256, 1, 20649)","(256, 1, 20649)",20649,20649,1,1,BN,csr_post_by_pre,csr_post_by_pre,none,False,False,True,0,torch.int32,torch.float32,torch.float32,dense,,,False,False,False,False,False,True,1.0,85792,218307396,218307396,0,0,False,unknown,unknown,unknown,unknown,unknown,,28.0281277;28.0137272;28.0142403;28.0173111;28.013216;28.0101433;28.0111675;28.0173111;28.0121918;28.0173111;28.013216;28.0142403;28.013216;28.0152645;28.0162888;28.0152645;28.0152645;28.0162888;28.0152645;28.0142403,20,28.0151647567749,0.003630855487557,28.010143280029297,28.02812767028809,passed,0,0.0,5.960464477539064e-08,3.4924596548080444e-10,2.972356867303461e-07,6.980605604667289e-08,2.972356867303461e-07,6.980605604667289e-08,20649,0,full_state,passed,,28.01475238800049,,,,,,,1.0,,,,1.0
tilespmspv_cudagraph,multiarea_mam,NVIDIA GeForce RTX 5090,2.11.0+cu128,12.8,default,0.15,,0.005,1.0,0.0,400000000.0,5ef0fdb306eae831,2,20649,256,1,21960982,1063.5373141556493,multiarea_mam,2,4692,615.5277770001732,0.5787552244829751,0.3108347092842594,2081.5999999999985,2809.0,1.0,0.0005,0.0005,0.0004999863794856,0.5,0.4999863794856894,10.32421875,11.0,16,10911.5,15017.0,18158,0.1641700562442692,0.1641700562442692,0.0561692699591454,1.549754067347711,sampled_16_timesteps_max_2048_sources,converged,1.5625,0.0005,0.0004999863449484,1.3655051589022554e-08,True,20,SpMV,CUSPARSE_SPMV_ALG_DEFAULT,,,torch_cuda_event_cudagraph_replay,gpu_execution,full_rsnn,device_adapted,independent_inference,sparse_only,"(256, 1, 20649)","(256, 1, 20649)",20649,20649,1,1,BN,spmspv_csc_dense_device,spmspv_csc_dense_device,none,False,False,True,0,torch.int64,torch.float32,torch.float32,dense_device,,,False,False,False,False,False,True,1.0,82596,285089348,285089348,0,0,False,unknown,unknown,unknown,unknown,unknown,,4.32444811;4.30899191;4.30656004;4.30607986;4.30416012;4.30614424;4.30595207;4.30611181;4.30607986;4.31033611;4.30607986;4.30864;4.30659199;4.30659199;4.30857611;4.31071997;4.30864;4.31273603;4.30758381;4.30864,20,4.308483195304871,0.0042730566714905,4.304160118103027,4.324448108673096,passed,0,0.0,4.656612873077393e-10,1.1641532182693479e-10,2.3282671346436246e-09,2.3278328598053122e-08,2.3282671346436246e-09,2.3278328598053122e-08,20649,0,full_state,passed,,4.3070878982543945,,,,,,,,,,,6.504337280730791
globalatomic_cudagraph,multiarea_mam,NVIDIA GeForce RTX 5090,2.11.0+cu128,12.8,default,0.15,,0.005,1.0,0.0,400000000.0,5ef0fdb306eae831,2,20649,256,1,21960982,1063.5373141556493,multiarea_mam,2,4692,615.5277770001732,0.5787552244829751,0.3108347092842594,2081.5999999999985,2809.0,1.0,0.0005,0.0005,0.0004999863794856,0.5,0.4999863794856894,10.32421875,11.0,16,10911.5,15017.0,18158,0.1641700562442692,0.1641700562442692,0.0561692699591454,1.549754067347711,sampled_16_timesteps_max_2048_sources,converged,1.5625,0.0005,0.0004999863449484,1.3655051589022554e-08,True,20,SpMV,CUSPARSE_SPMV_ALG_DEFAULT,,,torch_cuda_event_cudagraph_replay,gpu_execution,full_rsnn,device_adapted,independent_inference,sparse_only,"(256, 1, 20649)","(256, 1, 20649)",20649,20649,1,1,BN,spmspv_csc_dense_device,spmspv_csc_dense_device,none,False,False,True,0,torch.int64,torch.float32,torch.float32,dense_device,,,False,False,False,False,False,True,1.0,82596,285089348,285089348,0,0,False,unknown,unknown,unknown,unknown,unknown,,13.7609596;13.7476797;13.7641277;13.7735043;13.7764797;13.7734404;13.7723837;13.7755203;13.7775679;13.7785597;13.773056;13.7744961;13.7734404;13.7744961;13.7694082;13.7755203;13.7765436;13.7734718;13.7765436;13.7796164,20,13.772340774536133,0.0073277301315857,13.747679710388184,13.779616355895996,passed,0,0.0,9.313225746154783e-10,2.9103830456733704e-11,4.656179442008579e-09,5.820345538865013e-09,4.656179442008579e-09,5.820345538865013e-09,20649,0,full_state,passed,,13.77400016784668,,,,,,,,,,,2.033886456121635
vdha_cudagraph,multiarea_mam,NVIDIA GeForce RTX 5090,2.11.0+cu128,12.8,default,0.15,,0.005,1.0,0.0,400000000.0,5ef0fdb306eae831,2,20649,256,1,21960982,1063.5373141556493,multiarea_mam,2,4692,615.5277770001732,0.5787552244829751,0.3108347092842594,2081.5999999999985,2809.0,1.0,0.0005,0.0005,0.0004999863794856,0.5,0.4999863794856894,10.32421875,11.0,16,10911.5,15017.0,18158,0.1641700562442692,0.1641700562442692,0.0561692699591454,1.549754067347711,sampled_16_timesteps_max_2048_sources,converged,1.5625,0.0005,0.0004999863449484,1.3655051589022554e-08,True,20,SpMV,CUSPARSE_SPMV_ALG_DEFAULT,,,torch_cuda_event_cudagraph_replay,gpu_execution,full_rsnn,device_adapted,independent_inference,sparse_only,"(256, 1, 20649)","(256, 1, 20649)",20649,20649,1,1,BN,spmspv_csc_dense_device,spmspv_csc_dense_device,none,False,False,True,0,torch.int64,torch.float32,torch.float32,dense_device,,,False,False,False,False,False,True,1.0,82596,285089348,285089348,0,0,False,unknown,unknown,unknown,unknown,unknown,,7.91631985;7.90390396;7.90080023;7.90281582;7.89980793;7.89676809;7.9007678;7.90095997;7.89555216;7.89875221;7.90288019;7.90083218;7.901824;7.90028811;7.89878416;7.90291214;7.8967042;7.89775991;7.89878416;7.90291214,20,7.901006460189819,0.0043006588672796,7.895552158355713,7.916319847106934,passed,0,0.0,9.313225746154783e-10,1.1641532182693479e-10,4.6562576017095125e-09,2.3278328598053122e-08,4.6562576017095125e-09,2.3278328598053122e-08,20649,0,full_state,passed,,7.900784015655518,,,,,,,,,,,3.545819292425771
persistent_spike_block,multiarea_mam,NVIDIA GeForce RTX 5090,2.11.0+cu128,12.8,default,0.15,,0.005,1.0,0.0,400000000.0,5ef0fdb306eae831,2,20649,256,1,21960982,1063.5373141556493,multiarea_mam,2,4692,615.5277770001732,0.5787552244829751,0.3108347092842594,2081.5999999999985,2809.0,1.0,0.0005,0.0005,0.0004999863794856,0.5,0.4999863794856894,10.32421875,11.0,16,10911.5,15017.0,18158,0.1641700562442692,0.1641700562442692,0.0561692699591454,1.549754067347711,sampled_16_timesteps_max_2048_sources,converged,1.5625,0.0005,0.0004999863449484,1.3655051589022554e-08,True,20,SpMV,CUSPARSE_SPMV_ALG_DEFAULT,,,torch_cuda_event,gpu_execution,full_rsnn,device_native,independent_inference,full_fusion,"(256, 1, 20649)","(256, 1, 20649)",20649,20649,1,1,BN,event_csr,event_csr,dense_to_events_precomputed,False,True,True,0,torch.int32,torch.float32,torch.float32,windowed_events,,,False,False,False,False,False,False,1.0,2397004,175947248,175947248,0,0,False,unknown,unknown,unknown,unknown,unknown,,2.5606401;2.5180161;2.52457595;2.52003193;2.52662396;2.51993608;2.52047992;2.51811194;2.52147198;2.51289606;2.51839995;2.51590395;2.52252793;2.51814389;2.52147198;2.51590395;2.52467203;2.51395202;2.52211189;2.51904011,20,2.521745586395264,0.0098080689120367,2.5128960609436035,2.5606400966644287,passed,0,0.0,5.960464477539064e-08,1.1641532182693479e-10,2.972356867303461e-07,2.3278328598053122e-08,2.972356867303461e-07,2.3278328598053122e-08,20649,0,full_state,passed,,2.519984006881714,,,,,,,11.1170357873289,,,,11.1170357873289
cusparse_direct_cudagraph,multiarea_mam,NVIDIA GeForce RTX 5090,2.11.0+cu128,12.8,default,0.15,,0.005,1.0,0.0,400000000.0,4339bf2ba81c9819,2,20649,256,1,21960982,1063.5373141556493,multiarea_mam,2,4692,615.5277770001732,0.5787552244829751,0.3108347092842594,2081.5999999999985,2809.0,1.0,0.001,0.001,0.0009999727589713,1.0,0.9999727589713788,20.6484375,21.0,40,22024.22265625,26566.25,43318,0.3141891909120703,0.3141891909120703,0.0825817639410446,1.937192584184639,sampled_16_timesteps_max_2048_sources,converged,1.5625,0.001,0.0009999726898968,2.7310103178045112e-08,True,20,SpMV,CUSPARSE_SPMV_ALG_DEFAULT,,,torch_cuda_event,gpu_execution,full_rsnn,device_native,independent_inference,sparse_only,"(256, 1, 20649)","(256, 1, 20649)",20649,20649,1,1,BN,csr_post_by_pre,csr_post_by_pre,none,False,False,True,0,torch.int32,torch.float32,torch.float32,dense,,,False,False,False,False,False,True,1.0,85792,218307396,218307396,0,0,False,unknown,unknown,unknown,unknown,unknown,,28.0391674;28.0278721;28.0244808;28.0214081;28.0296001;28.0244808;28.0254726;28.0296001;28.0285759;28.0275517;28.0255032;28.0265274;28.0275517;28.0285759;28.0275517;28.0275517;28.0305595;28.0296001;28.0275517;28.0326729,20,28.028092765808104,0.003593158470737,28.021408081054688,28.039167404174805,passed,0,0.0,1.1920928955078125e-07,9.313225746154783e-10,5.94121047470253e-07,1.860201592762678e-07,5.94121047470253e-07,1.860201592762678e-07,20649,0,full_state,passed,,28.027551651000977,,,,,,,1.0,,,,1.0
tilespmspv_cudagraph,multiarea_mam,NVIDIA GeForce RTX 5090,2.11.0+cu128,12.8,default,0.15,,0.005,1.0,0.0,400000000.0,4339bf2ba81c9819,2,20649,256,1,21960982,1063.5373141556493,multiarea_mam,2,4692,615.5277770001732,0.5787552244829751,0.3108347092842594,2081.5999999999985,2809.0,1.0,0.001,0.001,0.0009999727589713,1.0,0.9999727589713788,20.6484375,21.0,40,22024.22265625,26566.25,43318,0.3141891909120703,0.3141891909120703,0.0825817639410446,1.937192584184639,sampled_16_timesteps_max_2048_sources,converged,1.5625,0.001,0.0009999726898968,2.7310103178045112e-08,True,20,SpMV,CUSPARSE_SPMV_ALG_DEFAULT,,,torch_cuda_event_cudagraph_replay,gpu_execution,full_rsnn,device_adapted,independent_inference,sparse_only,"(256, 1, 20649)","(256, 1, 20649)",20649,20649,1,1,BN,spmspv_csc_dense_device,spmspv_csc_dense_device,none,False,False,True,0,torch.int64,torch.float32,torch.float32,dense_device,,,False,False,False,False,False,True,1.0,82596,285089348,285089348,0,0,False,unknown,unknown,unknown,unknown,unknown,,4.5804801;4.57171202;4.57084799;4.57276821;4.57491207;4.57382393;4.57280016;4.57689619;4.57283211;4.57283211;4.57030392;4.57590389;4.57078409;4.57078409;4.57491207;4.57689619;4.57795191;4.57276821;4.57488012;4.57488012,20,4.573998475074768,0.00269474355462,4.570303916931152,4.580480098724365,passed,0,0.0,1.4901161193847656e-08,2.3283064365386963e-10,7.44362225191253e-08,4.651382212728095e-08,7.44362225191253e-08,4.651382212728095e-08,20649,0,full_state,passed,,4.573328018188477,,,,,,,,,,,6.12848051561866
globalatomic_cudagraph,multiarea_mam,NVIDIA GeForce RTX 5090,2.11.0+cu128,12.8,default,0.15,,0.005,1.0,0.0,400000000.0,4339bf2ba81c9819,2,20649,256,1,21960982,1063.5373141556493,multiarea_mam,2,4692,615.5277770001732,0.5787552244829751,0.3108347092842594,2081.5999999999985,2809.0,1.0,0.001,0.001,0.0009999727589713,1.0,0.9999727589713788,20.6484375,21.0,40,22024.22265625,26566.25,43318,0.3141891909120703,0.3141891909120703,0.0825817639410446,1.937192584184639,sampled_16_timesteps_max_2048_sources,converged,1.5625,0.001,0.0009999726898968,2.7310103178045112e-08,True,20,SpMV,CUSPARSE_SPMV_ALG_DEFAULT,,,torch_cuda_event_cudagraph_replay,gpu_execution,full_rsnn,device_adapted,independent_inference,sparse_only,"(256, 1, 20649)","(256, 1, 20649)",20649,20649,1,1,BN,spmspv_csc_dense_device,spmspv_csc_dense_device,none,False,False,True,0,torch.int64,torch.float32,torch.float32,dense_device,,,False,False,False,False,False,True,1.0,82596,285089348,285089348,0,0,False,unknown,unknown,unknown,unknown,unknown,,13.7906561;13.7783041;13.7764482;13.7777281;13.7804804;13.7816963;13.7825918;13.7755518;13.7796164;13.7785282;13.7771835;13.7745275;13.7775679;13.7785921;13.78368;13.7755203;13.7806721;13.7754879;13.7827196;13.7775679,20,13.779256010055542,0.003759686949445,13.774527549743652,13.790656089782717,passed,0,0.0,1.4901161193847656e-08,1.1641532182693479e-10,7.44362225191253e-08,2.3278351690692037e-08,7.44362225191253e-08,2.3278351690692037e-08,20649,0,full_state,passed,,13.7784161567688,,,,,,,,,,,2.034163530271375
vdha_cudagraph,multiarea_mam,NVIDIA GeForce RTX 5090,2.11.0+cu128,12.8,default,0.15,,0.005,1.0,0.0,400000000.0,4339bf2ba81c9819,2,20649,256,1,21960982,1063.5373141556493,multiarea_mam,2,4692,615.5277770001732,0.5787552244829751,0.3108347092842594,2081.5999999999985,2809.0,1.0,0.001,0.001,0.0009999727589713,1.0,0.9999727589713788,20.6484375,21.0,40,22024.22265625,26566.25,43318,0.3141891909120703,0.3141891909120703,0.0825817639410446,1.937192584184639,sampled_16_timesteps_max_2048_sources,converged,1.5625,0.001,0.0009999726898968,2.7310103178045112e-08,True,20,SpMV,CUSPARSE_SPMV_ALG_DEFAULT,,,torch_cuda_event_cudagraph_replay,gpu_execution,full_rsnn,device_adapted,independent_inference,sparse_only,"(256, 1, 20649)","(256, 1, 20649)",20649,20649,1,1,BN,spmspv_csc_dense_device,spmspv_csc_dense_device,none,False,False,True,0,torch.int64,torch.float32,torch.float32,dense_device,,,False,False,False,False,False,True,1.0,82596,285089348,285089348,0,0,False,unknown,unknown,unknown,unknown,unknown,,7.85827208;7.8483839;7.8476162;7.84639978;7.85155201;7.84972811;7.84745598;7.8446722;7.85152006;7.84764814;7.84751987;7.84860802;7.84748793;7.84707212;7.84758377;7.85065603;7.85164785;7.84966421;7.84758377;7.84860802,20,7.848984003067017,0.0028475671299335,7.844672203063965,7.858272075653076,passed,0,0.0,1.4901161193847656e-08,5.820766091346741e-11,7.44362225191253e-08,1.1640141295288233e-08,7.44362225191253e-08,1.1640141295288233e-08,20649,0,full_state,passed,,7.848016023635864,,,,,,,,,,,3.5712913386759686
persistent_spike_block,multiarea_mam,NVIDIA GeForce RTX 5090,2.11.0+cu128,12.8,default,0.15,,0.005,1.0,0.0,400000000.0,4339bf2ba81c9819,2,20649,256,1,21960982,1063.5373141556493,multiarea_mam,2,4692,615.5277770001732,0.5787552244829751,0.3108347092842594,2081.5999999999985,2809.0,1.0,0.001,0.001,0.0009999727589713,1.0,0.9999727589713788,20.6484375,21.0,40,22024.22265625,26566.25,43318,0.3141891909120703,0.3141891909120703,0.0825817639410446,1.937192584184639,sampled_16_timesteps_max_2048_sources,converged,1.5625,0.001,0.0009999726898968,2.7310103178045112e-08,True,20,SpMV,CUSPARSE_SPMV_ALG_DEFAULT,,,torch_cuda_event,gpu_execution,full_rsnn,device_native,independent_inference,full_fusion,"(256, 1, 20649)","(256, 1, 20649)",20649,20649,1,1,BN,event_csr,event_csr,dense_to_events_precomputed,False,True,True,0,torch.int32,torch.float32,torch.float32,windowed_events,,,False,False,False,False,False,False,1.0,2397004,175957820,175957820,0,0,False,unknown,unknown,unknown,unknown,unknown,,3.82256007;3.77651191;3.77484798;3.77449608;3.76985598;3.77244806;3.7769599;3.77436805;3.78112006;3.77446389;3.76767993;3.77852798;3.77487993;3.77260804;3.78508806;3.7736001;3.77481604;3.77241611;3.77446389;3.77446389,20,3.777308797836304,0.0112756109832068,3.767679929733277,3.8225600719451904,passed,0,0.0,1.1920928955078125e-07,4.656612873077393e-10,5.93301422213699e-07,9.301304260134202e-08,5.93301422213699e-07,9.301304260134202e-08,20649,0,full_state,passed,,3.7744799852371216,,,,,,,7.425539878505998,,,,7.425539878505998
cusparse_direct_cudagraph,multiarea_mam,NVIDIA GeForce RTX 5090,2.11.0+cu128,12.8,default,0.15,,0.005,1.0,0.0,400000000.0,6bf263e27838bdcf,2,20649,256,1,21960982,1063.5373141556493,multiarea_mam,2,4692,615.5277770001732,0.5787552244829751,0.3108347092842594,2081.5999999999985,2809.0,1.0,0.002,0.002,0.0019999455179427,2.0,1.9999455179427577,41.296875,41.0,81,43398.52734375,46400.5,88388,0.539092942035837,0.539092942035837,0.0918771158167111,1.9614074914869464,sampled_16_timesteps_max_2048_sources,converged,1.5625,0.002,0.0019999453797936,5.4620206356090224e-08,True,20,SpMV,CUSPARSE_SPMV_ALG_DEFAULT,,,torch_cuda_event,gpu_execution,full_rsnn,device_native,independent_inference,sparse_only,"(256, 1, 20649)","(256, 1, 20649)",20649,20649,1,1,BN,csr_post_by_pre,csr_post_by_pre,none,False,False,True,0,torch.int32,torch.float32,torch.float32,dense,,,False,False,False,False,False,True,1.0,85792,218307396,218307396,0,0,False,unknown,unknown,unknown,unknown,unknown,,28.0205116;28.0134392;28.0142403;28.0111675;28.013216;28.0121918;28.013216;28.0091209;28.0142403;28.0111675;28.0152645;28.0121288;28.0111675;28.013216;28.0142403;28.0173111;28.0111675;28.0203838;28.0151997;28.0162888,20,28.01394395828247,0.0029676426783733,28.00912094116211,28.020511627197266,passed,0,0.0,1.1920928955078125e-07,9.313225746154783e-10,5.937654350418597e-07,1.8603073215217594e-07,5.937654350418597e-07,1.8603073215217594e-07,20649,0,full_state,passed,,28.013327598571777,,,,,,,1.0,,,,1.0
tilespmspv_cudagraph,multiarea_mam,NVIDIA GeForce RTX 5090,2.11.0+cu128,12.8,default,0.15,,0.005,1.0,0.0,400000000.0,6bf263e27838bdcf,2,20649,256,1,21960982,1063.5373141556493,multiarea_mam,2,4692,615.5277770001732,0.5787552244829751,0.3108347092842594,2081.5999999999985,2809.0,1.0,0.002,0.002,0.0019999455179427,2.0,1.9999455179427577,41.296875,41.0,81,43398.52734375,46400.5,88388,0.539092942035837,0.539092942035837,0.0918771158167111,1.9614074914869464,sampled_16_timesteps_max_2048_sources,converged,1.5625,0.002,0.0019999453797936,5.4620206356090224e-08,True,20,SpMV,CUSPARSE_SPMV_ALG_DEFAULT,,,torch_cuda_event_cudagraph_replay,gpu_execution,full_rsnn,device_adapted,independent_inference,sparse_only,"(256, 1, 20649)","(256, 1, 20649)",20649,20649,1,1,BN,spmspv_csc_dense_device,spmspv_csc_dense_device,none,False,False,True,0,torch.int64,torch.float32,torch.float32,dense_device,,,False,False,False,False,False,True,1.0,82596,285089348,285089348,0,0,False,unknown,unknown,unknown,unknown,unknown,,4.70406389;4.70220804;4.69734383;4.69328022;4.69203186;4.69913578;4.69734383;4.69382381;4.70028782;4.69523191;4.69104004;4.69574404;4.69878387;4.69568014;4.69574404;4.69161606;4.69875193;4.69779205;4.69977617;4.69366407,20,4.696667170524597,0.003533800551354,4.6910400390625,4.704063892364502,passed,0,0.0,1.4901161193847656e-08,4.656612873077393e-10,7.443223637437768e-08,9.309879089869356e-08,7.443223637437768e-08,9.309879089869356e-08,20649,0,full_state,passed,,4.69654393196106,,,,,,,,,,,5.964668489085059
globalatomic_cudagraph,multiarea_mam,NVIDIA GeForce RTX 5090,2.11.0+cu128,12.8,default,0.15,,0.005,1.0,0.0,400000000.0,6bf263e27838bdcf,2,20649,256,1,21960982,1063.5373141556493,multiarea_mam,2,4692,615.5277770001732,0.5787552244829751,0.3108347092842594,2081.5999999999985,2809.0,1.0,0.002,0.002,0.0019999455179427,2.0,1.9999455179427577,41.296875,41.0,81,43398.52734375,46400.5,88388,0.539092942035837,0.539092942035837,0.0918771158167111,1.9614074914869464,sampled_16_timesteps_max_2048_sources,converged,1.5625,0.002,0.0019999453797936,5.4620206356090224e-08,True,20,SpMV,CUSPARSE_SPMV_ALG_DEFAULT,,,torch_cuda_event_cudagraph_replay,gpu_execution,full_rsnn,device_adapted,independent_inference,sparse_only,"(256, 1, 20649)","(256, 1, 20649)",20649,20649,1,1,BN,spmspv_csc_dense_device,spmspv_csc_dense_device,none,False,False,True,0,torch.int64,torch.float32,torch.float32,dense_device,,,False,False,False,False,False,True,1.0,82596,285089348,285089348,0,0,False,unknown,unknown,unknown,unknown,unknown,,13.8109436;13.7989759;13.800992;13.8000002;13.8012161;13.8020802;13.8040962;13.8011198;13.7939844;13.7990084;13.8017282;13.7990723;13.7959995;13.7979841;13.8010883;13.7959995;13.7970238;13.8000956;13.8011198;13.8000641,20,13.8001296043396,0.0035071157979376,13.793984413146973,13.810943603515623,passed,0,0.0,7.450580596923828e-09,4.656612873077393e-10,3.7243754746896236e-08,9.309879089869356e-08,3.7243754746896236e-08,9.309879089869356e-08,20649,0,full_state,passed,,13.800079822540283,,,,,,,,,,,2.0299395335972164
vdha_cudagraph,multiarea_mam,NVIDIA GeForce RTX 5090,2.11.0+cu128,12.8,default,0.15,,0.005,1.0,0.0,400000000.0,6bf263e27838bdcf,2,20649,256,1,21960982,1063.5373141556493,multiarea_mam,2,4692,615.5277770001732,0.5787552244829751,0.3108347092842594,2081.5999999999985,2809.0,1.0,0.002,0.002,0.0019999455179427,2.0,1.9999455179427577,41.296875,41.0,81,43398.52734375,46400.5,88388,0.539092942035837,0.539092942035837,0.0918771158167111,1.9614074914869464,sampled_16_timesteps_max_2048_sources,converged,1.5625,0.002,0.0019999453797936,5.4620206356090224e-08,True,20,SpMV,CUSPARSE_SPMV_ALG_DEFAULT,,,torch_cuda_event_cudagraph_replay,gpu_execution,full_rsnn,device_adapted,independent_inference,sparse_only,"(256, 1, 20649)","(256, 1, 20649)",20649,20649,1,1,BN,spmspv_csc_dense_device,spmspv_csc_dense_device,none,False,False,True,0,torch.int64,torch.float32,torch.float32,dense_device,,,False,False,False,False,False,True,1.0,82596,285089348,285089348,0,0,False,unknown,unknown,unknown,unknown,unknown,,8.12777615;8.11472034;8.11526394;8.11596775;8.11523247;8.11750412;8.11948776;8.116992;8.11580753;8.11999989;8.12006378;8.11587238;8.11379242;8.11529636;8.11587238;8.11484814;8.12201595;8.11382389;8.11788845;8.11791992,20,8.11730728149414,0.0033256269793091,8.113792419433594,8.127776145935059,passed,0,0.0,7.450580596923828e-09,4.656612873077393e-10,3.7243754746896236e-08,9.309879089869356e-08,3.7243754746896236e-08,9.309879089869356e-08,20649,0,full_state,passed,,8.115920066833496,,,,,,,,,,,3.451651490882838
persistent_spike_block,multiarea_mam,NVIDIA GeForce RTX 5090,2.11.0+cu128,12.8,default,0.15,,0.005,1.0,0.0,400000000.0,6bf263e27838bdcf,2,20649,256,1,21960982,1063.5373141556493,multiarea_mam,2,4692,615.5277770001732,0.5787552244829751,0.3108347092842594,2081.5999999999985,2809.0,1.0,0.002,0.002,0.0019999455179427,2.0,1.9999455179427577,41.296875,41.0,81,43398.52734375,46400.5,88388,0.539092942035837,0.539092942035837,0.0918771158167111,1.9614074914869464,sampled_16_timesteps_max_2048_sources,converged,1.5625,0.002,0.0019999453797936,5.4620206356090224e-08,True,20,SpMV,CUSPARSE_SPMV_ALG_DEFAULT,,,torch_cuda_event,gpu_execution,full_rsnn,device_native,independent_inference,full_fusion,"(256, 1, 20649)","(256, 1, 20649)",20649,20649,1,1,BN,event_csr,event_csr,dense_to_events_precomputed,False,True,True,0,torch.int32,torch.float32,torch.float32,windowed_events,,,False,False,False,False,False,False,1.0,2397004,175978964,175978964,0,0,False,unknown,unknown,unknown,unknown,unknown,,4.32441616;4.28582382;4.27942419;4.27964783;4.27619219;4.27967978;4.27929592;4.28172779;4.26905584;4.27561617;4.2783041;4.27148819;4.28124809;4.26944017;4.27519989;4.27763224;4.27209616;4.28172779;4.27724791;4.28032017,20,4.279779219627381,0.0113634755630649,4.269055843353272,4.324416160583496,passed,0,0.0,1.1920928955078125e-07,9.313225746154783e-10,5.934535920459894e-07,1.8603073215217594e-07,5.934535920459894e-07,1.8603073215217594e-07,20649,0,full_state,passed,,4.278800010681152,,,,,,,6.54700559237221,,,,6.54700559237221
cusparse_direct_cudagraph,multiarea_mam,NVIDIA GeForce RTX 5090,2.11.0+cu128,12.8,default,0.15,,0.005,1.0,0.0,400000000.0,c6c98e7cce7f9898,2,20649,256,1,21960982,1063.5373141556493,multiarea_mam,2,4692,615.5277770001732,0.5787552244829751,0.3108347092842594,2081.5999999999985,2809.0,1.0,0.005,0.005,0.0050000529686667,5.0,5.000052968666764,103.24609375,101.0,202,109777.23046875,114691.0,221209,0.8066160272483796,0.8066160272483796,0.1477518514856163,1.9564904846581663,sampled_16_timesteps_max_2048_sources,converged,1.5625,0.005,0.005000052973628,5.2973628044024335e-08,True,20,SpMV,CUSPARSE_SPMV_ALG_DEFAULT,,,torch_cuda_event,gpu_execution,full_rsnn,device_native,independent_inference,sparse_only,"(256, 1, 20649)","(256, 1, 20649)",20649,20649,1,1,BN,csr_post_by_pre,csr_post_by_pre,none,False,False,True,0,torch.int32,torch.float32,torch.float32,dense,,,False,False,False,False,False,True,1.0,85792,218307396,218307396,0,0,False,unknown,unknown,unknown,unknown,unknown,,28.0783367;28.0215034;28.0265274;28.0234566;28.0214081;28.0244808;28.0214081;28.0193596;28.0244808;28.0214081;28.0295353;28.0203838;28.0234566;28.0234566;28.0183353;28.0234566;28.0244808;28.0234566;28.0214081;28.0285759,20,28.02594575881958,0.012642240586147,28.018335342407227,28.07833671569824,passed,0,0.0,1.1920928955078125e-07,9.313225746154783e-10,5.948300554337038e-07,1.8600356099796045e-07,5.948300554337038e-07,1.8600356099796045e-07,20649,0,full_state,passed,,28.023456573486328,,,,,,,1.0,,,,1.0
tilespmspv_cudagraph,multiarea_mam,NVIDIA GeForce RTX 5090,2.11.0+cu128,12.8,default,0.15,,0.005,1.0,0.0,400000000.0,c6c98e7cce7f9898,2,20649,256,1,21960982,1063.5373141556493,multiarea_mam,2,4692,615.5277770001732,0.5787552244829751,0.3108347092842594,2081.5999999999985,2809.0,1.0,0.005,0.005,0.0050000529686667,5.0,5.000052968666764,103.24609375,101.0,202,109777.23046875,114691.0,221209,0.8066160272483796,0.8066160272483796,0.1477518514856163,1.9564904846581663,sampled_16_timesteps_max_2048_sources,converged,1.5625,0.005,0.005000052973628,5.2973628044024335e-08,True,20,SpMV,CUSPARSE_SPMV_ALG_DEFAULT,,,torch_cuda_event_cudagraph_replay,gpu_execution,full_rsnn,device_adapted,independent_inference,sparse_only,"(256, 1, 20649)","(256, 1, 20649)",20649,20649,1,1,BN,spmspv_csc_dense_device,spmspv_csc_dense_device,none,False,False,True,0,torch.int64,torch.float32,torch.float32,dense_device,,,False,False,False,False,False,True,1.0,82596,285089348,285089348,0,0,False,unknown,unknown,unknown,unknown,unknown,,4.91743994;4.89929581;4.89743996;4.90406418;4.90409613;4.89683199;4.90262413;4.9000001;4.8990078;4.89811182;4.90416002;4.90355206;4.90259218;4.90051222;4.89743996;4.89641619;4.90051222;4.90153599;4.90665579;4.90256023,20,4.901742434501648,0.0046736977112588,4.896416187286377,4.917439937591553,passed,0,0.0,1.1920928955078125e-07,9.313225746154783e-10,5.94110417750926e-07,1.860079095195033e-07,5.94110417750926e-07,1.860079095195033e-07,20649,0,full_state,passed,,4.901024103164673,,,,,,,,,,,5.717877729960788
globalatomic_cudagraph,multiarea_mam,NVIDIA GeForce RTX 5090,2.11.0+cu128,12.8,default,0.15,,0.005,1.0,0.0,400000000.0,c6c98e7cce7f9898,2,20649,256,1,21960982,1063.5373141556493,multiarea_mam,2,4692,615.5277770001732,0.5787552244829751,0.3108347092842594,2081.5999999999985,2809.0,1.0,0.005,0.005,0.0050000529686667,5.0,5.000052968666764,103.24609375,101.0,202,109777.23046875,114691.0,221209,0.8066160272483796,0.8066160272483796,0.1477518514856163,1.9564904846581663,sampled_16_timesteps_max_2048_sources,converged,1.5625,0.005,0.005000052973628,5.2973628044024335e-08,True,20,SpMV,CUSPARSE_SPMV_ALG_DEFAULT,,,torch_cuda_event_cudagraph_replay,gpu_execution,full_rsnn,device_adapted,independent_inference,sparse_only,"(256, 1, 20649)","(256, 1, 20649)",20649,20649,1,1,BN,spmspv_csc_dense_device,spmspv_csc_dense_device,none,False,False,True,0,torch.int64,torch.float32,torch.float32,dense_device,,,False,False,False,False,False,True,1.0,82596,285089348,285089348,0,0,False,unknown,unknown,unknown,unknown,unknown,,13.8349438;13.8254404;13.8215675;13.8206396;13.8174076;13.8246403;13.8206081;13.8215036;13.8247042;13.8215675;13.8263044;13.8205757;13.8175039;13.8205442;13.8174725;13.8206081;13.8215675;13.8206081;13.8246403;13.8195839,20,13.822121572494506,0.0039677881016036,13.817407608032228,13.834943771362305,passed,0,0.0,1.1920928955078125e-07,9.313225746154783e-10,5.94110417750926e-07,1.8606648666263936e-07,5.94110417750926e-07,1.8606648666263936e-07,20649,0,full_state,passed,,13.82107162475586,,,,,,,,,,,2.027589273417237
vdha_cudagraph,multiarea_mam,NVIDIA GeForce RTX 5090,2.11.0+cu128,12.8,default,0.15,,0.005,1.0,0.0,400000000.0,c6c98e7cce7f9898,2,20649,256,1,21960982,1063.5373141556493,multiarea_mam,2,4692,615.5277770001732,0.5787552244829751,0.3108347092842594,2081.5999999999985,2809.0,1.0,0.005,0.005,0.0050000529686667,5.0,5.000052968666764,103.24609375,101.0,202,109777.23046875,114691.0,221209,0.8066160272483796,0.8066160272483796,0.1477518514856163,1.9564904846581663,sampled_16_timesteps_max_2048_sources,converged,1.5625,0.005,0.005000052973628,5.2973628044024335e-08,True,20,SpMV,CUSPARSE_SPMV_ALG_DEFAULT,,,torch_cuda_event_cudagraph_replay,gpu_execution,full_rsnn,device_adapted,independent_inference,sparse_only,"(256, 1, 20649)","(256, 1, 20649)",20649,20649,1,1,BN,spmspv_csc_dense_device,spmspv_csc_dense_device,none,False,False,True,0,torch.int64,torch.float32,torch.float32,dense_device,,,False,False,False,False,False,True,1.0,82596,285089348,285089348,0,0,False,unknown,unknown,unknown,unknown,unknown,,8.2848959;8.25187206;8.24681568;8.24902439;8.25097561;8.24902439;8.24694443;8.24854374;8.24694443;8.24895954;8.24899197;8.25097561;8.2526083;8.24851227;8.25411224;8.24489594;8.24694443;8.246912;8.25516796;8.25104046,20,8.251208066940308,0.0083587978059393,8.244895935058594,8.284895896911621,passed,0,0.0,1.1920928955078125e-07,1.3969838619232178e-09,5.94110417750926e-07,2.7871735142070975e-07,5.94110417750926e-07,2.7871735142070975e-07,20649,0,full_state,passed,,8.249008178710938,,,,,,,,,,,3.397191027863124
persistent_spike_block,multiarea_mam,NVIDIA GeForce RTX 5090,2.11.0+cu128,12.8,default,0.15,,0.005,1.0,0.0,400000000.0,c6c98e7cce7f9898,2,20649,256,1,21960982,1063.5373141556493,multiarea_mam,2,4692,615.5277770001732,0.5787552244829751,0.3108347092842594,2081.5999999999985,2809.0,1.0,0.005,0.005,0.0050000529686667,5.0,5.000052968666764,103.24609375,101.0,202,109777.23046875,114691.0,221209,0.8066160272483796,0.8066160272483796,0.1477518514856163,1.9564904846581663,sampled_16_timesteps_max_2048_sources,converged,1.5625,0.005,0.005000052973628,5.2973628044024335e-08,True,20,SpMV,CUSPARSE_SPMV_ALG_DEFAULT,,,torch_cuda_event,gpu_execution,full_rsnn,device_native,independent_inference,full_fusion,"(256, 1, 20649)","(256, 1, 20649)",20649,20649,1,1,BN,event_csr,event_csr,dense_to_events_precomputed,False,True,True,0,torch.int32,torch.float32,torch.float32,windowed_events,,,False,False,False,False,False,False,1.0,2397004,176042400,176042400,0,0,False,unknown,unknown,unknown,unknown,unknown,,4.31638384;4.29865599;4.26092815;4.30630398;4.2629118;4.30015993;4.2690239;4.28787184;4.26492786;4.29811192;4.25884819;4.29811192;4.25468779;4.30425596;4.25888014;4.29145622;4.261024;4.29807997;4.26086378;4.29670382,20,4.2824095487594604,0.0204700124962768,4.254687786102295,4.3163838386535645,passed,0,0.0,1.1920928955078125e-07,1.862645149230957e-09,5.948300554337038e-07,3.7189340673648985e-07,5.948300554337038e-07,3.7189340673648985e-07,20649,0,full_state,passed,,4.289664030075073,,,,,,,6.532785872509435,,,,6.532785872509435
cusparse_direct_cudagraph,multiarea_mam,NVIDIA GeForce RTX 5090,2.11.0+cu128,12.8,default,0.15,,0.005,1.0,0.0,400000000.0,1e392333e0a0831b,2,20649,256,1,21960982,1063.5373141556493,multiarea_mam,2,4692,615.5277770001732,0.5787552244829751,0.3108347092842594,2081.5999999999985,2809.0,1.0,0.01,0.01,0.0099999167635236,10.0,9.999916763523656,206.48828125,386.0,386,219580.484375,409149.0,422926,0.9022433185075284,0.9022433185075288,0.2371660454642825,1.869355479465012,sampled_16_timesteps_max_2048_sources,converged,1.5625,0.01,0.0099999168887734,8.311122655889348e-08,True,20,SpMV,CUSPARSE_SPMV_ALG_DEFAULT,,,torch_cuda_event,gpu_execution,full_rsnn,device_native,independent_inference,sparse_only,"(256, 1, 20649)","(256, 1, 20649)",20649,20649,1,1,BN,csr_post_by_pre,csr_post_by_pre,none,False,False,True,0,torch.int32,torch.float32,torch.float32,dense,,,False,False,False,False,False,True,1.0,85792,218307396,218307396,0,0,False,unknown,unknown,unknown,unknown,unknown,,28.0799046;28.0157757;28.0121918;28.0173111;28.013216;28.0121918;28.0173111;28.0111675;28.0142403;28.0152645;28.0152645;28.0080967;28.013216;28.0111675;28.0101433;28.0111675;28.013216;28.0121918;28.0091209;28.0142403,20,28.016319942474365,0.0151716689615922,28.00809669494629,28.07990455627441,passed,0,0.0,1.1920928955078125e-07,3.725290298461914e-09,5.947301247033465e-07,7.413309504045174e-07,5.947301247033465e-07,7.413309504045174e-07,20649,0,full_state,passed,,28.01321601867676,,,,,,,1.0,,,,1.0
tilespmspv_cudagraph,multiarea_mam,NVIDIA GeForce RTX 5090,2.11.0+cu128,12.8,default,0.15,,0.005,1.0,0.0,400000000.0,1e392333e0a0831b,2,20649,256,1,21960982,1063.5373141556493,multiarea_mam,2,4692,615.5277770001732,0.5787552244829751,0.3108347092842594,2081.5999999999985,2809.0,1.0,0.01,0.01,0.0099999167635236,10.0,9.999916763523656,206.48828125,386.0,386,219580.484375,409149.0,422926,0.9022433185075284,0.9022433185075288,0.2371660454642825,1.869355479465012,sampled_16_timesteps_max_2048_sources,converged,1.5625,0.01,0.0099999168887734,8.311122655889348e-08,True,20,SpMV,CUSPARSE_SPMV_ALG_DEFAULT,,,torch_cuda_event_cudagraph_replay,gpu_execution,full_rsnn,device_adapted,independent_inference,sparse_only,"(256, 1, 20649)","(256, 1, 20649)",20649,20649,1,1,BN,spmspv_csc_dense_device,spmspv_csc_dense_device,none,False,False,True,0,torch.int64,torch.float32,torch.float32,dense_device,,,False,False,False,False,False,True,1.0,82596,285089348,285089348,0,0,False,unknown,unknown,unknown,unknown,unknown,,5.0459199;5.03036785;5.03670406;5.03168011;5.0313921;5.03260803;5.03356791;5.03465605;5.03356791;5.03561592;5.0383358;5.02950382;5.03056002;5.03366423;5.03567982;5.03257608;5.03161621;5.03465605;5.03366423;5.03359985,20,5.033996796607971,0.0035712289008231,5.02950382232666,5.045919895172119,passed,0,0.0,1.1920928955078125e-07,5.587935447692871e-09,5.939371590102382e-07,1.1091143505836951e-06,5.939371590102382e-07,1.1091143505836951e-06,20649,0,full_state,passed,,5.033583879470825,,,,,,,,,,,5.565262582178675
globalatomic_cudagraph,multiarea_mam,NVIDIA GeForce RTX 5090,2.11.0+cu128,12.8,default,0.15,,0.005,1.0,0.0,400000000.0,1e392333e0a0831b,2,20649,256,1,21960982,1063.5373141556493,multiarea_mam,2,4692,615.5277770001732,0.5787552244829751,0.3108347092842594,2081.5999999999985,2809.0,1.0,0.01,0.01,0.0099999167635236,10.0,9.999916763523656,206.48828125,386.0,386,219580.484375,409149.0,422926,0.9022433185075284,0.9022433185075288,0.2371660454642825,1.869355479465012,sampled_16_timesteps_max_2048_sources,converged,1.5625,0.01,0.0099999168887734,8.311122655889348e-08,True,20,SpMV,CUSPARSE_SPMV_ALG_DEFAULT,,,torch_cuda_event_cudagraph_replay,gpu_execution,full_rsnn,device_adapted,independent_inference,sparse_only,"(256, 1, 20649)","(256, 1, 20649)",20649,20649,1,1,BN,spmspv_csc_dense_device,spmspv_csc_dense_device,none,False,False,True,0,torch.int64,torch.float32,torch.float32,dense_device,,,False,False,False,False,False,True,1.0,82596,285089348,285089348,0,0,False,unknown,unknown,unknown,unknown,unknown,,13.8719683;13.8500795;13.8481922;13.8430719;13.8461437;13.8471355;13.851264;13.8503036;13.8532801;13.8461761;13.8468161;13.8472004;13.8441277;13.8492165;13.8482237;13.8430719;13.8451843;13.8502398;13.8554239;13.8461761,20,13.849164772033692,0.0062474743148176,13.843071937561035,13.871968269348145,passed,0,0.0,1.1920928955078125e-07,3.725290298461914e-09,5.944768872723216e-07,7.416987841679656e-07,5.944768872723216e-07,7.416987841679656e-07,20649,0,full_state,passed,,13.847696304321287,,,,,,,,,,,2.0229513561714234
vdha_cudagraph,multiarea_mam,NVIDIA GeForce RTX 5090,2.11.0+cu128,12.8,default,0.15,,0.005,1.0,0.0,400000000.0,1e392333e0a0831b,2,20649,256,1,21960982,1063.5373141556493,multiarea_mam,2,4692,615.5277770001732,0.5787552244829751,0.3108347092842594,2081.5999999999985,2809.0,1.0,0.01,0.01,0.0099999167635236,10.0,9.999916763523656,206.48828125,386.0,386,219580.484375,409149.0,422926,0.9022433185075284,0.9022433185075288,0.2371660454642825,1.869355479465012,sampled_16_timesteps_max_2048_sources,converged,1.5625,0.01,0.0099999168887734,8.311122655889348e-08,True,20,SpMV,CUSPARSE_SPMV_ALG_DEFAULT,,,torch_cuda_event_cudagraph_replay,gpu_execution,full_rsnn,device_adapted,independent_inference,sparse_only,"(256, 1, 20649)","(256, 1, 20649)",20649,20649,1,1,BN,spmspv_csc_dense_device,spmspv_csc_dense_device,none,False,False,True,0,torch.int64,torch.float32,torch.float32,dense_device,,,False,False,False,False,False,True,1.0,82596,285089348,285089348,0,0,False,unknown,unknown,unknown,unknown,unknown,,8.49571228;8.47939205;8.47820759;8.4803524;8.48249626;8.48451233;8.47625637;8.47635174;8.48031998;8.47836781;8.47225571;8.48262405;8.48227215;8.47785568;8.47833633;8.47840023;8.47833633;8.47635174;8.47836781;8.47628784,20,8.479652833938598,0.0046978414233873,8.47225570678711,8.495712280273438,passed,0,0.0,1.1920928955078125e-07,3.725290298461914e-09,5.944768872723216e-07,7.418074119414086e-07,5.944768872723216e-07,7.418074119414086e-07,20649,0,full_state,passed,,8.478367805480957,,,,,,,,,,,3.304081240798168
persistent_spike_block,multiarea_mam,NVIDIA GeForce RTX 5090,2.11.0+cu128,12.8,default,0.15,,0.005,1.0,0.0,400000000.0,1e392333e0a0831b,2,20649,256,1,21960982,1063.5373141556493,multiarea_mam,2,4692,615.5277770001732,0.5787552244829751,0.3108347092842594,2081.5999999999985,2809.0,1.0,0.01,0.01,0.0099999167635236,10.0,9.999916763523656,206.48828125,386.0,386,219580.484375,409149.0,422926,0.9022433185075284,0.9022433185075288,0.2371660454642825,1.869355479465012,sampled_16_timesteps_max_2048_sources,converged,1.5625,0.01,0.0099999168887734,8.311122655889348e-08,True,20,SpMV,CUSPARSE_SPMV_ALG_DEFAULT,,,torch_cuda_event,gpu_execution,full_rsnn,device_native,independent_inference,full_fusion,"(256, 1, 20649)","(256, 1, 20649)",20649,20649,1,1,BN,event_csr,event_csr,dense_to_events_precomputed,False,True,True,0,torch.int32,torch.float32,torch.float32,windowed_events,,,False,False,False,False,False,False,1.0,2397004,176148120,176148120,0,0,False,unknown,unknown,unknown,unknown,unknown,,4.3624959;4.31209612;4.31865597;4.31001616;4.31859207;4.31414413;4.32064009;4.31209612;4.3288641;4.31612778;4.31452799;4.31609583;4.31862402;4.31206417;4.32070398;4.31001616;4.32163191;4.31203222;4.3161602;4.31311989,20,4.31843523979187,0.0113602844253017,4.31001615524292,4.36249589920044,passed,0,0.0,3.5762786865234375e-07,4.749745130538941e-08,1.780239131221606e-06,9.447710908716545e-06,1.780239131221606e-06,9.447710908716545e-06,20649,0,full_state,passed,,4.31611180305481,,,,,,,6.490382385101766,,,,6.490382385101766
cusparse_direct_cudagraph,multiarea_mam,NVIDIA GeForce RTX 5090,2.11.0+cu128,12.8,default,0.15,,0.005,1.0,0.0,400000000.0,d7679ad815d0ff6b,2,20649,256,1,21960982,1063.5373141556493,multiarea_mam,2,4692,615.5277770001732,0.5787552244829751,0.3108347092842594,2081.5999999999985,2809.0,1.0,0.01,0.02,0.0200000227008571,20.0,20.000022700857183,412.98046875,772.0,775,438788.875,818418.5,842582,0.9480948110125028,0.9480948110125028,0.236546047529386,1.8766020638839231,sampled_16_timesteps_max_2048_sources,converged,2.8578758239746094,0.02,0.0200000219047069,2.190470695453972e-08,True,20,SpMV,CUSPARSE_SPMV_ALG_DEFAULT,,,torch_cuda_event,gpu_execution,full_rsnn,device_native,independent_inference,sparse_only,"(256, 1, 20649)","(256, 1, 20649)",20649,20649,1,1,BN,csr_post_by_pre,csr_post_by_pre,none,False,False,True,0,torch.int32,torch.float32,torch.float32,dense,,,False,False,False,False,False,True,1.0,85792,218307396,218307396,0,0,False,unknown,unknown,unknown,unknown,unknown,,28.0365124;28.0133762;28.0162888;28.013216;28.0193596;28.0162888;28.0152645;28.013216;28.0162563;28.0152645;28.013216;28.0183353;28.013216;28.0172806;28.0121918;28.0192966;28.0173111;28.0162563;28.0173111;28.0183353,20,28.016889667510988,0.0051136378541963,28.012191772460938,28.03651237487793,passed,0,0.0,2.384185791015625e-07,7.450580596923828e-09,1.1886077118106186e-06,1.4752605466128443e-06,1.1886077118106186e-06,1.4752605466128443e-06,20649,0,full_state,passed,,28.01627254486084,,,,,,,1.0,,,,1.0
tilespmspv_cudagraph,multiarea_mam,NVIDIA GeForce RTX 5090,2.11.0+cu128,12.8,default,0.15,,0.005,1.0,0.0,400000000.0,d7679ad815d0ff6b,2,20649,256,1,21960982,1063.5373141556493,multiarea_mam,2,4692,615.5277770001732,0.5787552244829751,0.3108347092842594,2081.5999999999985,2809.0,1.0,0.01,0.02,0.0200000227008571,20.0,20.000022700857183,412.98046875,772.0,775,438788.875,818418.5,842582,0.9480948110125028,0.9480948110125028,0.236546047529386,1.8766020638839231,sampled_16_timesteps_max_2048_sources,converged,2.8578758239746094,0.02,0.0200000219047069,2.190470695453972e-08,True,20,SpMV,CUSPARSE_SPMV_ALG_DEFAULT,,,torch_cuda_event_cudagraph_replay,gpu_execution,full_rsnn,device_adapted,independent_inference,sparse_only,"(256, 1, 20649)","(256, 1, 20649)",20649,20649,1,1,BN,spmspv_csc_dense_device,spmspv_csc_dense_device,none,False,False,True,0,torch.int64,torch.float32,torch.float32,dense_device,,,False,False,False,False,False,True,1.0,82596,285089348,285089348,0,0,False,unknown,unknown,unknown,unknown,unknown,,5.42655993;5.41443205;5.41404819;5.40550423;5.41801596;5.41347218;5.40940809;5.41606379;5.412992;5.41401577;5.41718388;5.41251183;5.41353607;5.4176321;5.41251183;5.40944004;5.41254377;5.41353607;5.42169619;5.4289279,20,5.415201592445373,0.0055116446472553,5.40550422668457,5.428927898406982,passed,0,0.0,2.421438694000244e-07,2.60770320892334e-08,1.2101861557312077e-06,5.138816050020978e-06,1.2101861557312077e-06,5.138816050020978e-06,20649,0,full_state,passed,,5.41377592086792,,,,,,,,,,,5.174996703662858
globalatomic_cudagraph,multiarea_mam,NVIDIA GeForce RTX 5090,2.11.0+cu128,12.8,default,0.15,,0.005,1.0,0.0,400000000.0,d7679ad815d0ff6b,2,20649,256,1,21960982,1063.5373141556493,multiarea_mam,2,4692,615.5277770001732,0.5787552244829751,0.3108347092842594,2081.5999999999985,2809.0,1.0,0.01,0.02,0.0200000227008571,20.0,20.000022700857183,412.98046875,772.0,775,438788.875,818418.5,842582,0.9480948110125028,0.9480948110125028,0.236546047529386,1.8766020638839231,sampled_16_timesteps_max_2048_sources,converged,2.8578758239746094,0.02,0.0200000219047069,2.190470695453972e-08,True,20,SpMV,CUSPARSE_SPMV_ALG_DEFAULT,,,torch_cuda_event_cudagraph_replay,gpu_execution,full_rsnn,device_adapted,independent_inference,sparse_only,"(256, 1, 20649)","(256, 1, 20649)",20649,20649,1,1,BN,spmspv_csc_dense_device,spmspv_csc_dense_device,none,False,False,True,0,torch.int64,torch.float32,torch.float32,dense_device,,,False,False,False,False,False,True,1.0,82596,285089348,285089348,0,0,False,unknown,unknown,unknown,unknown,unknown,,13.9022083;13.8911676;13.8890877;13.8902397;13.8901758;13.8890877;13.8881598;13.8911676;13.8922243;13.8901443;13.8928318;13.8922558;13.8840637;13.8850555;13.8840637;13.889184;13.8840637;13.8902082;13.885088;13.8860798,20,13.88932785987854,0.0042072711076194,13.884063720703123,13.90220832824707,passed,0,0.0,2.384185791015625e-07,1.4901161193847656e-08,1.1896752312168246e-06,2.936713144663372e-06,1.1896752312168246e-06,2.936713144663372e-06,20649,0,full_state,passed,,13.88966417312622,,,,,,,,,,,2.0170590300568128
vdha_cudagraph,multiarea_mam,NVIDIA GeForce RTX 5090,2.11.0+cu128,12.8,default,0.15,,0.005,1.0,0.0,400000000.0,d7679ad815d0ff6b,2,20649,256,1,21960982,1063.5373141556493,multiarea_mam,2,4692,615.5277770001732,0.5787552244829751,0.3108347092842594,2081.5999999999985,2809.0,1.0,0.01,0.02,0.0200000227008571,20.0,20.000022700857183,412.98046875,772.0,775,438788.875,818418.5,842582,0.9480948110125028,0.9480948110125028,0.236546047529386,1.8766020638839231,sampled_16_timesteps_max_2048_sources,converged,2.8578758239746094,0.02,0.0200000219047069,2.190470695453972e-08,True,20,SpMV,CUSPARSE_SPMV_ALG_DEFAULT,,,torch_cuda_event_cudagraph_replay,gpu_execution,full_rsnn,device_adapted,independent_inference,sparse_only,"(256, 1, 20649)","(256, 1, 20649)",20649,20649,1,1,BN,spmspv_csc_dense_device,spmspv_csc_dense_device,none,False,False,True,0,torch.int64,torch.float32,torch.float32,dense_device,,,False,False,False,False,False,True,1.0,82596,285089348,285089348,0,0,False,unknown,unknown,unknown,unknown,unknown,,8.53763199;8.52220821;8.52550411;8.52361584;8.52531242;8.52547169;8.52544022;8.52960014;8.52339172;8.52137566;8.5256319;8.52528;8.53158379;8.53318405;8.52339172;8.5285759;8.52547169;8.52748775;8.52345562;8.52547169,20,8.526454305648803,0.0039724314217572,8.52137565612793,8.53763198852539,passed,0,0.0,2.384185791015625e-07,1.1175870895385742e-08,1.1890497262356805e-06,2.202481709900894e-06,1.1890497262356805e-06,2.202481709900894e-06,20649,0,full_state,passed,,8.525471687316895,,,,,,,,,,,3.2861844566957936
persistent_spike_block,multiarea_mam,NVIDIA GeForce RTX 5090,2.11.0+cu128,12.8,default,0.15,,0.005,1.0,0.0,400000000.0,d7679ad815d0ff6b,2,20649,256,1,21960982,1063.5373141556493,multiarea_mam,2,4692,615.5277770001732,0.5787552244829751,0.3108347092842594,2081.5999999999985,2809.0,1.0,0.01,0.02,0.0200000227008571,20.0,20.000022700857183,412.98046875,772.0,775,438788.875,818418.5,842582,0.9480948110125028,0.9480948110125028,0.236546047529386,1.8766020638839231,sampled_16_timesteps_max_2048_sources,converged,2.8578758239746094,0.02,0.0200000219047069,2.190470695453972e-08,True,20,SpMV,CUSPARSE_SPMV_ALG_DEFAULT,,,torch_cuda_event,gpu_execution,full_rsnn,device_native,independent_inference,full_fusion,"(256, 1, 20649)","(256, 1, 20649)",20649,20649,1,1,BN,event_csr,event_csr,dense_to_events_precomputed,False,True,True,0,torch.int32,torch.float32,torch.float32,windowed_events,,,False,False,False,False,False,False,1.0,2397004,176148120,176148120,0,0,False,unknown,unknown,unknown,unknown,unknown,,4.51711988;4.49679995;4.48201609;4.496768;4.49020815;4.49683189;4.47395182;4.5018878;4.48614407;4.49884796;4.48188782;4.50089598;4.47580814;4.49884796;4.47699213;4.49679995;4.48627186;4.50086403;4.48409605;4.50563192,20,4.492433571815491,0.0112445919516036,4.473951816558838,4.517119884490967,passed,0,0.0,1.169741153717041e-06,1.341104507446289e-07,5.846346539328806e-06,2.6429654099047184e-05,5.846346539328806e-06,2.6429654099047184e-05,20649,0,full_state,passed,,4.496783971786499,,,,,,,6.2302909636396056,,,,6.2302909636396056
cusparse_direct_cudagraph,multiarea_mam,NVIDIA GeForce RTX 5090,2.11.0+cu128,12.8,default,0.15,,0.005,1.0,0.0,400000000.0,6bed21474580a895,2,20649,256,1,21960982,1063.5373141556493,multiarea_mam,2,4692,615.5277770001732,0.5787552244829751,0.3108347092842594,2081.5999999999985,2809.0,1.0,0.01,0.05,0.049999962165238,50.0,49.99996216523802,1032.44921875,1929.5,1977,1092685.890625,2047540.75,2118808,0.975450249923719,0.9754502499237188,0.2424942782578577,1.9148641541843388,sampled_16_timesteps_max_2048_sources,converged,6.763553619384766,0.05,0.0499999597668647,4.0233135226164236e-08,True,20,SpMV,CUSPARSE_SPMV_ALG_DEFAULT,,,torch_cuda_event,gpu_execution,full_rsnn,device_native,independent_inference,sparse_only,"(256, 1, 20649)","(256, 1, 20649)",20649,20649,1,1,BN,csr_post_by_pre,csr_post_by_pre,none,False,False,True,0,torch.int32,torch.float32,torch.float32,dense,,,False,False,False,False,False,True,1.0,85792,218307396,218307396,0,0,False,unknown,unknown,unknown,unknown,unknown,,28.0602245;28.0177593;28.0121288;28.0131512;28.0173111;28.0121918;28.0152645;28.013216;28.0162563;28.0152645;28.0152645;28.0121918;28.0152645;28.0152645;28.0183353;28.013216;28.013216;28.0142403;28.0152645;28.0162888,20,28.017065715789798,0.0103242494396507,28.01212882995605,28.06022453308105,passed,0,0.0,8.344650268554688e-07,2.2351741790771484e-08,4.14053829445038e-06,4.289719527150737e-06,4.14053829445038e-06,4.289719527150737e-06,20649,0,full_state,passed,,28.0152645111084,,,,,,,1.0,,,,1.0
tilespmspv_cudagraph,multiarea_mam,NVIDIA GeForce RTX 5090,2.11.0+cu128,12.8,default,0.15,,0.005,1.0,0.0,400000000.0,6bed21474580a895,2,20649,256,1,21960982,1063.5373141556493,multiarea_mam,2,4692,615.5277770001732,0.5787552244829751,0.3108347092842594,2081.5999999999985,2809.0,1.0,0.01,0.05,0.049999962165238,50.0,49.99996216523802,1032.44921875,1929.5,1977,1092685.890625,2047540.75,2118808,0.975450249923719,0.9754502499237188,0.2424942782578577,1.9148641541843388,sampled_16_timesteps_max_2048_sources,converged,6.763553619384766,0.05,0.0499999597668647,4.0233135226164236e-08,True,20,SpMV,CUSPARSE_SPMV_ALG_DEFAULT,,,torch_cuda_event_cudagraph_replay,gpu_execution,full_rsnn,device_adapted,independent_inference,sparse_only,"(256, 1, 20649)","(256, 1, 20649)",20649,20649,1,1,BN,spmspv_csc_dense_device,spmspv_csc_dense_device,none,False,False,True,0,torch.int64,torch.float32,torch.float32,dense_device,,,False,False,False,False,False,True,1.0,82596,285089348,285089348,0,0,False,unknown,unknown,unknown,unknown,unknown,,6.56655979;6.55507183;6.56041622;6.55840015;6.55625582;6.5603838;6.55833578;6.55945587;6.5603199;6.56252813;6.56192017;6.56041622;6.56451178;6.55424023;6.56447983;6.55532789;6.56041622;6.5603838;6.56659222;6.55836821,20,6.560219192504883,0.0035433013348591,6.5542402267456055,6.566592216491699,passed,0,0.0,1.9073486328125e-06,1.788139343261719e-07,9.254436008632185e-06,3.448362622293644e-05,9.254436008632185e-06,3.448362622293644e-05,20649,0,full_state,passed,,6.560383796691895,,,,,,,,,,,4.270369749592277
globalatomic_cudagraph,multiarea_mam,NVIDIA GeForce RTX 5090,2.11.0+cu128,12.8,default,0.15,,0.005,1.0,0.0,400000000.0,6bed21474580a895,2,20649,256,1,21960982,1063.5373141556493,multiarea_mam,2,4692,615.5277770001732,0.5787552244829751,0.3108347092842594,2081.5999999999985,2809.0,1.0,0.01,0.05,0.049999962165238,50.0,49.99996216523802,1032.44921875,1929.5,1977,1092685.890625,2047540.75,2118808,0.975450249923719,0.9754502499237188,0.2424942782578577,1.9148641541843388,sampled_16_timesteps_max_2048_sources,converged,6.763553619384766,0.05,0.0499999597668647,4.0233135226164236e-08,True,20,SpMV,CUSPARSE_SPMV_ALG_DEFAULT,,,torch_cuda_event_cudagraph_replay,gpu_execution,full_rsnn,device_adapted,independent_inference,sparse_only,"(256, 1, 20649)","(256, 1, 20649)",20649,20649,1,1,BN,spmspv_csc_dense_device,spmspv_csc_dense_device,none,False,False,True,0,torch.int64,torch.float32,torch.float32,dense_device,,,False,False,False,False,False,True,1.0,82596,285089348,285089348,0,0,False,unknown,unknown,unknown,unknown,unknown,,14.3599358;14.3455362;14.3447037;14.3407679;14.3428164;14.3366718;14.3376322;14.3469439;14.3365765;14.34272;14.3382082;14.3325758;14.3438396;14.3428164;14.3387203;14.3366718;14.3428164;14.3366718;14.3417597;14.3448639,20,14.341662406921388,0.005744374453523,14.332575798034668,14.359935760498049,passed,0,0.0,9.5367431640625e-07,9.685754776000977e-08,4.555004124995321e-06,1.872651046141982e-05,4.555004124995321e-06,1.872651046141982e-05,20649,0,full_state,passed,,14.34223985671997,,,,,,,,,,,1.9533395613922893
vdha_cudagraph,multiarea_mam,NVIDIA GeForce RTX 5090,2.11.0+cu128,12.8,default,0.15,,0.005,1.0,0.0,400000000.0,6bed21474580a895,2,20649,256,1,21960982,1063.5373141556493,multiarea_mam,2,4692,615.5277770001732,0.5787552244829751,0.3108347092842594,2081.5999999999985,2809.0,1.0,0.01,0.05,0.049999962165238,50.0,49.99996216523802,1032.44921875,1929.5,1977,1092685.890625,2047540.75,2118808,0.975450249923719,0.9754502499237188,0.2424942782578577,1.9148641541843388,sampled_16_timesteps_max_2048_sources,converged,6.763553619384766,0.05,0.0499999597668647,4.0233135226164236e-08,True,20,SpMV,CUSPARSE_SPMV_ALG_DEFAULT,,,torch_cuda_event_cudagraph_replay,gpu_execution,full_rsnn,device_adapted,independent_inference,sparse_only,"(256, 1, 20649)","(256, 1, 20649)",20649,20649,1,1,BN,spmspv_csc_dense_device,spmspv_csc_dense_device,none,False,False,True,0,torch.int64,torch.float32,torch.float32,dense_device,,,False,False,False,False,False,True,1.0,82596,285089348,285089348,0,0,False,unknown,unknown,unknown,unknown,unknown,,9.66371155;9.64934444;9.66409588;9.66105556;9.66108799;9.66003227;9.65894413;9.66844845;9.66307163;9.66726398;9.66207981;9.6651516;9.66614437;9.66259193;9.66720009;9.66623974;9.66310406;9.65804768;9.66723156;9.66105556,20,9.662795114517213,0.0043395239276598,9.649344444274902,9.668448448181152,passed,0,0.0,9.5367431640625e-07,1.1920928955078125e-07,4.555004124995321e-06,2.3051552489050664e-05,4.555004124995321e-06,2.3051552489050664e-05,20649,0,full_state,passed,,9.663087844848633,,,,,,,,,,,2.899204163402412
persistent_spike_block,multiarea_mam,NVIDIA GeForce RTX 5090,2.11.0+cu128,12.8,default,0.15,,0.005,1.0,0.0,400000000.0,6bed21474580a895,2,20649,256,1,21960982,1063.5373141556493,multiarea_mam,2,4692,615.5277770001732,0.5787552244829751,0.3108347092842594,2081.5999999999985,2809.0,1.0,0.01,0.05,0.049999962165238,50.0,49.99996216523802,1032.44921875,1929.5,1977,1092685.890625,2047540.75,2118808,0.975450249923719,0.9754502499237188,0.2424942782578577,1.9148641541843388,sampled_16_timesteps_max_2048_sources,converged,6.763553619384766,0.05,0.0499999597668647,4.0233135226164236e-08,True,20,SpMV,CUSPARSE_SPMV_ALG_DEFAULT,,,torch_cuda_event,gpu_execution,full_rsnn,device_native,independent_inference,full_fusion,"(256, 1, 20649)","(256, 1, 20649)",20649,20649,1,1,BN,event_csr,event_csr,dense_to_events_precomputed,False,True,True,0,torch.int32,torch.float32,torch.float32,windowed_events,,,False,False,False,False,False,False,1.0,2397004,176148120,176148120,0,0,False,unknown,unknown,unknown,unknown,unknown,,4.98752022;4.96943998;4.94547176;4.96755219;4.9433918;4.95004797;4.94537592;4.96332788;4.94739199;4.96329594;4.94947195;4.95807981;4.94345617;4.954144;4.93107224;4.95942402;4.9443841;4.95312023;4.95305586;4.971488,20,4.955025601387024,0.0128152355781743,4.931072235107422,4.987520217895508,passed,0,0.0,6.280839443206787e-06,4.172325134277344e-07,3.1379218853544444e-05,8.028845331864432e-05,3.1379218853544444e-05,8.028845331864432e-05,20649,0,full_state,passed,,4.953088045120239,,,,,,,5.656120839343632,,,,5.656120839343632
cusparse_direct_cudagraph,uniform,NVIDIA GeForce RTX 5090,2.11.0+cu128,12.8,default,0.15,,,,,,43da2c90abc51d2d,0,131072,256,1,16777216,128.0,uniform,0,128,0.0,0.0,0.0,128.0,128.0,1.0,0.0,0.0,0.0,0.0,0.0,0.0,0.0,0,0.0,0.0,0,0.0,0.0,0.0,0.0,sampled_16_timesteps_max_2048_sources,converged,50.0,0.0,0.0,0.0,True,20,SpMV,CUSPARSE_SPMV_ALG_DEFAULT,,,torch_cuda_event,gpu_execution,full_rsnn,device_native,independent_inference,sparse_only,"(256, 1, 131072)","(256, 1, 131072)",131072,131072,1,1,BN,csr_post_by_pre,csr_post_by_pre,none,False,False,True,0,torch.int32,torch.float32,torch.float32,dense,,,False,False,False,False,False,True,1.0,65540,404750340,404750340,0,0,False,unknown,unknown,unknown,unknown,unknown,,22.1682568;22.1602879;22.1610565;22.1620808;22.1631031;22.1600323;22.159008;22.1620808;22.1620483;22.1610565;22.1661758;22.159008;22.1600323;22.159008;22.1599998;22.1568966;22.1600323;22.1620808;22.159008;22.1620808,20,22.161166667938232,0.0025764290535241,22.156896591186523,22.168256759643555,passed,0,0.0,0.0,0.0,0.0,0.0,0.0,0.0,131072,0,full_state,passed,,22.160672187805176,,,,,,,1.0,,,,1.0
tilespmspv_cudagraph,uniform,NVIDIA GeForce RTX 5090,2.11.0+cu128,12.8,default,0.15,,,,,,43da2c90abc51d2d,0,131072,256,1,16777216,128.0,uniform,0,128,0.0,0.0,0.0,128.0,128.0,1.0,0.0,0.0,0.0,0.0,0.0,0.0,0.0,0,0.0,0.0,0,0.0,0.0,0.0,0.0,sampled_16_timesteps_max_2048_sources,converged,50.0,0.0,0.0,0.0,True,20,SpMV,CUSPARSE_SPMV_ALG_DEFAULT,,,torch_cuda_event_cudagraph_replay,gpu_execution,full_rsnn,device_adapted,independent_inference,sparse_only,"(256, 1, 131072)","(256, 1, 131072)",131072,131072,1,1,BN,spmspv_csc_dense_device,spmspv_csc_dense_device,none,False,False,True,0,torch.int64,torch.float32,torch.float32,dense_device,,,False,False,False,False,False,True,1.0,524288,338165768,338165768,0,0,False,unknown,unknown,unknown,unknown,unknown,,5.88467216;5.87852812;5.87638378;5.8764801;5.87529612;5.87657595;5.8761282;5.87846422;5.87635183;5.87430382;5.87494421;5.87433577;5.8784318;5.87433577;5.87638378;5.87740803;5.87433577;5.8784318;5.87638378;5.87433577,20,5.8766255378723145,0.0024101131010224,5.874303817749023,5.884672164916992,passed,0,0.0,0.0,0.0,0.0,0.0,0.0,0.0,131072,0,full_state,passed,,5.8763837814331055,,,,,,,,,,,3.771141064309576
globalatomic_cudagraph,uniform,NVIDIA GeForce RTX 5090,2.11.0+cu128,12.8,default,0.15,,,,,,43da2c90abc51d2d,0,131072,256,1,16777216,128.0,uniform,0,128,0.0,0.0,0.0,128.0,128.0,1.0,0.0,0.0,0.0,0.0,0.0,0.0,0.0,0,0.0,0.0,0,0.0,0.0,0.0,0.0,sampled_16_timesteps_max_2048_sources,converged,50.0,0.0,0.0,0.0,True,20,SpMV,CUSPARSE_SPMV_ALG_DEFAULT,,,torch_cuda_event_cudagraph_replay,gpu_execution,full_rsnn,device_adapted,independent_inference,sparse_only,"(256, 1, 131072)","(256, 1, 131072)",131072,131072,1,1,BN,spmspv_csc_dense_device,spmspv_csc_dense_device,none,False,False,True,0,torch.int64,torch.float32,torch.float32,dense_device,,,False,False,False,False,False,True,1.0,524288,338165768,338165768,0,0,False,unknown,unknown,unknown,unknown,unknown,,11.6982718;11.6892796;11.6882238;11.6953917;11.6902399;11.6896963;11.6864319;11.6870403;11.6890879;11.6860161;11.6871042;11.6886082;11.6896324;11.6886082;11.6834879;11.6875839;11.6864958;11.6855364;11.6886082;11.6875839,20,11.688646411895752,0.0032725659552544,11.68348789215088,11.698271751403809,passed,0,0.0,0.0,0.0,0.0,0.0,0.0,0.0,131072,0,full_state,passed,,11.688416004180908,,,,,,,,,,,1.8959516995184271
vdha_cudagraph,uniform,NVIDIA GeForce RTX 5090,2.11.0+cu128,12.8,default,0.15,,,,,,43da2c90abc51d2d,0,131072,256,1,16777216,128.0,uniform,0,128,0.0,0.0,0.0,128.0,128.0,1.0,0.0,0.0,0.0,0.0,0.0,0.0,0.0,0,0.0,0.0,0,0.0,0.0,0.0,0.0,sampled_16_timesteps_max_2048_sources,converged,50.0,0.0,0.0,0.0,True,20,SpMV,CUSPARSE_SPMV_ALG_DEFAULT,,,torch_cuda_event_cudagraph_replay,gpu_execution,full_rsnn,device_adapted,independent_inference,sparse_only,"(256, 1, 131072)","(256, 1, 131072)",131072,131072,1,1,BN,spmspv_csc_dense_device,spmspv_csc_dense_device,none,False,False,True,0,torch.int64,torch.float32,torch.float32,dense_device,,,False,False,False,False,False,True,1.0,524288,338165768,338165768,0,0,False,unknown,unknown,unknown,unknown,unknown,,6.14953613;6.13040018;6.13590384;6.13248014;6.1282239;6.13593578;6.13395214;6.13388777;6.13644791;6.13238382;6.13199997;6.13199997;6.13401604;6.13292789;6.12828779;6.13238382;6.12828779;6.13443184;6.13238382;6.13443184,20,6.133515119552612,0.0044797665242211,6.128223896026611,6.1495361328125,passed,0,0.0,0.0,0.0,0.0,0.0,0.0,0.0,131072,0,full_state,passed,,6.132704019546509,,,,,,,,,,,3.613523841550709
persistent_spike_block,uniform,NVIDIA GeForce RTX 5090,2.11.0+cu128,12.8,default,0.15,,,,,,43da2c90abc51d2d,0,131072,256,1,16777216,128.0,uniform,0,128,0.0,0.0,0.0,128.0,128.0,1.0,0.0,0.0,0.0,0.0,0.0,0.0,0.0,0,0.0,0.0,0,0.0,0.0,0.0,0.0,sampled_16_timesteps_max_2048_sources,converged,50.0,0.0,0.0,0.0,True,20,SpMV,CUSPARSE_SPMV_ALG_DEFAULT,,,torch_cuda_event,gpu_execution,full_rsnn,device_native,independent_inference,full_fusion,"(256, 1, 131072)","(256, 1, 131072)",131072,131072,1,1,BN,event_csr,event_csr,dense_to_events_precomputed,False,True,True,0,torch.int32,torch.float32,torch.float32,windowed_events,,,False,False,False,False,False,False,1.0,3719184,135791624,135791624,0,0,False,unknown,unknown,unknown,unknown,unknown,,1.87763202;1.84665596;1.84313595;1.84464002;1.84115195;1.84563196;1.84092796;1.84870398;1.84307206;1.84870398;1.84319997;1.84774399;1.843328;1.84767997;1.84335995;1.84665596;1.84329605;1.84358394;1.84627199;1.84627199,20,1.846582382917404,0.0076721810966018,1.8409279584884644,1.877632021903992,passed,0,0.0,0.0,0.0,0.0,0.0,0.0,0.0,131072,0,full_state,passed,,1.8451359868049624,,,,,,,12.010319210227207,,,,12.010319210227207
cusparse_direct_cudagraph,uniform,NVIDIA GeForce RTX 5090,2.11.0+cu128,12.8,default,0.15,,,,,,027305839d3e0bba,0,131072,256,1,16777216,128.0,uniform,0,128,0.0,0.0,0.0,128.0,128.0,1.0,0.0001,0.0001,9.998679161071776e-05,0.1,0.0999867916107177,13.10546875,14.0,14,1677.5,1792.0,1792,0.0,0.0,0.0243883694954714,1.0682563338301043,sampled_16_timesteps_max_2048_sources,converged,1.5625,0.0001,9.998679161071776e-05,1.3208389282231356e-08,True,20,SpMV,CUSPARSE_SPMV_ALG_DEFAULT,,,torch_cuda_event,gpu_execution,full_rsnn,device_native,independent_inference,sparse_only,"(256, 1, 131072)","(256, 1, 131072)",131072,131072,1,1,BN,csr_post_by_pre,csr_post_by_pre,none,False,False,True,0,torch.int32,torch.float32,torch.float32,dense,,,False,False,False,False,False,True,1.0,65540,404750340,404750340,0,0,False,unknown,unknown,unknown,unknown,unknown,,22.13904;22.1275845;22.1262398;22.1313591;22.1241913;22.1293125;22.1262398;22.1293125;22.1282883;22.127264;22.1293125;22.1282883;22.127264;22.1241913;22.1293125;22.1221447;22.1252155;22.1262398;22.1251526;22.1303368,20,22.127814483642577,0.0035146571692518,22.12214469909668,22.139039993286133,passed,0,0.0,7.450580596923828e-09,0.0,3.7243342632109495e-08,0.0,3.7243342632109495e-08,0.0,131072,0,full_state,passed,,22.127424240112305,,,,,,,1.0,,,,1.0
tilespmspv_cudagraph,uniform,NVIDIA GeForce RTX 5090,2.11.0+cu128,12.8,default,0.15,,,,,,027305839d3e0bba,0,131072,256,1,16777216,128.0,uniform,0,128,0.0,0.0,0.0,128.0,128.0,1.0,0.0001,0.0001,9.998679161071776e-05,0.1,0.0999867916107177,13.10546875,14.0,14,1677.5,1792.0,1792,0.0,0.0,0.0243883694954714,1.0682563338301043,sampled_16_timesteps_max_2048_sources,converged,1.5625,0.0001,9.998679161071776e-05,1.3208389282231356e-08,True,20,SpMV,CUSPARSE_SPMV_ALG_DEFAULT,,,torch_cuda_event_cudagraph_replay,gpu_execution,full_rsnn,device_adapted,independent_inference,sparse_only,"(256, 1, 131072)","(256, 1, 131072)",131072,131072,1,1,BN,spmspv_csc_dense_device,spmspv_csc_dense_device,none,False,False,True,0,torch.int64,torch.float32,torch.float32,dense_device,,,False,False,False,False,False,True,1.0,524288,338165768,338165768,0,0,False,unknown,unknown,unknown,unknown,unknown,,5.97718382;5.96723223;5.96447992;5.96646404;5.96841621;5.9663682;5.9653759;5.96646404;5.96649599;5.96441603;5.96608019;5.96444798;5.96547222;5.96239996;5.96444798;5.96444798;5.96854401;5.96239996;5.96649599;5.96547222,20,5.966155242919922,0.0030642424488059,5.962399959564209,5.977183818817139,passed,0,0.0,0.0,0.0,0.0,0.0,0.0,0.0,131072,0,full_state,passed,,5.965776205062866,,,,,,,,,,,3.7090603937395152
globalatomic_cudagraph,uniform,NVIDIA GeForce RTX 5090,2.11.0+cu128,12.8,default,0.15,,,,,,027305839d3e0bba,0,131072,256,1,16777216,128.0,uniform,0,128,0.0,0.0,0.0,128.0,128.0,1.0,0.0001,0.0001,9.998679161071776e-05,0.1,0.0999867916107177,13.10546875,14.0,14,1677.5,1792.0,1792,0.0,0.0,0.0243883694954714,1.0682563338301043,sampled_16_timesteps_max_2048_sources,converged,1.5625,0.0001,9.998679161071776e-05,1.3208389282231356e-08,True,20,SpMV,CUSPARSE_SPMV_ALG_DEFAULT,,,torch_cuda_event_cudagraph_replay,gpu_execution,full_rsnn,device_adapted,independent_inference,sparse_only,"(256, 1, 131072)","(256, 1, 131072)",131072,131072,1,1,BN,spmspv_csc_dense_device,spmspv_csc_dense_device,none,False,False,True,0,torch.int64,torch.float32,torch.float32,dense_device,,,False,False,False,False,False,True,1.0,524288,338165768,338165768,0,0,False,unknown,unknown,unknown,unknown,unknown,,11.7094717;11.6958084;11.7005119;11.6972799;11.6989441;11.7014084;11.7035837;11.700448;11.6979198;11.7024317;11.6972799;11.6968002;11.699872;11.6978235;11.6947517;11.6978235;11.6946878;11.6978235;11.6968002;11.695776,20,11.698862314224243,0.0034879347205774,11.694687843322754,11.709471702575684,passed,0,0.0,0.0,0.0,0.0,0.0,0.0,0.0,131072,0,full_state,passed,,11.697823524475098,,,,,,,,,,,1.8915847203384104
vdha_cudagraph,uniform,NVIDIA GeForce RTX 5090,2.11.0+cu128,12.8,default,0.15,,,,,,027305839d3e0bba,0,131072,256,1,16777216,128.0,uniform,0,128,0.0,0.0,0.0,128.0,128.0,1.0,0.0001,0.0001,9.998679161071776e-05,0.1,0.0999867916107177,13.10546875,14.0,14,1677.5,1792.0,1792,0.0,0.0,0.0243883694954714,1.0682563338301043,sampled_16_timesteps_max_2048_sources,converged,1.5625,0.0001,9.998679161071776e-05,1.3208389282231356e-08,True,20,SpMV,CUSPARSE_SPMV_ALG_DEFAULT,,,torch_cuda_event_cudagraph_replay,gpu_execution,full_rsnn,device_adapted,independent_inference,sparse_only,"(256, 1, 131072)","(256, 1, 131072)",131072,131072,1,1,BN,spmspv_csc_dense_device,spmspv_csc_dense_device,none,False,False,True,0,torch.int64,torch.float32,torch.float32,dense_device,,,False,False,False,False,False,True,1.0,524288,338165768,338165768,0,0,False,unknown,unknown,unknown,unknown,unknown,,8.25315189;8.23324776;8.24060822;8.23628807;8.24070358;8.24489594;8.23670387;8.23824024;8.23657608;8.2409277;8.24220753;8.23395157;8.24223995;8.23523235;8.23865604;8.23875237;8.23465633;8.23875237;8.23875237;8.24076843,20,8.239265632629394,0.0044589565606229,8.233247756958008,8.253151893615723,passed,0,0.0,0.0,0.0,0.0,0.0,0.0,0.0,131072,0,full_state,passed,,8.238752365112305,,,,,,,,,,,2.685773677797716
persistent_spike_block,uniform,NVIDIA GeForce RTX 5090,2.11.0+cu128,12.8,default,0.15,,,,,,027305839d3e0bba,0,131072,256,1,16777216,128.0,uniform,0,128,0.0,0.0,0.0,128.0,128.0,1.0,0.0001,0.0001,9.998679161071776e-05,0.1,0.0999867916107177,13.10546875,14.0,14,1677.5,1792.0,1792,0.0,0.0,0.0243883694954714,1.0682563338301043,sampled_16_timesteps_max_2048_sources,converged,1.5625,0.0001,9.998679161071776e-05,1.3208389282231356e-08,True,20,SpMV,CUSPARSE_SPMV_ALG_DEFAULT,,,torch_cuda_event,gpu_execution,full_rsnn,device_native,independent_inference,full_fusion,"(256, 1, 131072)","(256, 1, 131072)",131072,131072,1,1,BN,event_csr,event_csr,dense_to_events_precomputed,False,True,True,0,torch.int32,torch.float32,torch.float32,windowed_events,,,False,False,False,False,False,False,1.0,3719184,135805044,135805044,0,0,False,unknown,unknown,unknown,unknown,unknown,,2.329216;2.2974081;2.29571199;2.29520011;2.29580808;2.29622412;2.29379201;2.29839993;2.30086398;2.29823995;2.29068804;2.29424;2.29993606;2.29926395;2.29785609;2.30233598;2.29580808;2.30543995;2.29993606;2.29683208,20,2.299160027503967,0.007786881969406,2.2906880378723145,2.3292160034179688,passed,0,0.0,7.450580596923828e-09,0.0,3.7243342632109495e-08,0.0,3.7243342632109495e-08,0.0,131072,0,full_state,passed,,2.297632098197937,,,,,,,9.630534086578583,,,,9.630534086578583
cusparse_direct_cudagraph,uniform,NVIDIA GeForce RTX 5090,2.11.0+cu128,12.8,default,0.15,,,,,,f961c9c831ae1eb9,0,131072,256,1,16777216,128.0,uniform,0,128,0.0,0.0,0.0,128.0,128.0,1.0,0.0002,0.0002,0.0002000033855438,0.2,0.2000033855438232,26.21484375,27.0,27,3355.5,3456.0,3456,0.0,0.0,0.0167202540985829,1.029950827000447,sampled_16_timesteps_max_2048_sources,converged,1.5625,0.0002,0.0002000033855438,3.385543823232603e-09,True,20,SpMV,CUSPARSE_SPMV_ALG_DEFAULT,,,torch_cuda_event,gpu_execution,full_rsnn,device_native,independent_inference,sparse_only,"(256, 1, 131072)","(256, 1, 131072)",131072,131072,1,1,BN,csr_post_by_pre,csr_post_by_pre,none,False,False,True,0,torch.int32,torch.float32,torch.float32,dense,,,False,False,False,False,False,True,1.0,65540,404750340,404750340,0,0,False,unknown,unknown,unknown,unknown,unknown,,22.1308804;22.121376;22.1221447;22.1231689;22.1221447;22.1170235;22.1221447;22.119072;22.1221447;22.1170235;22.1262398;22.1252155;22.1211205;22.1180477;22.1211205;22.1262398;22.1231689;22.1241913;22.1170235;22.1180477,20,22.121876907348632,0.0036165974346876,22.117023468017575,22.13088035583496,passed,0,0.0,4.6566128730773926e-09,0.0,2.3280579242168642e-08,0.0,2.3280579242168642e-08,0.0,131072,0,full_state,passed,,22.12214469909668,,,,,,,1.0,,,,1.0
tilespmspv_cudagraph,uniform,NVIDIA GeForce RTX 5090,2.11.0+cu128,12.8,default,0.15,,,,,,f961c9c831ae1eb9,0,131072,256,1,16777216,128.0,uniform,0,128,0.0,0.0,0.0,128.0,128.0,1.0,0.0002,0.0002,0.0002000033855438,0.2,0.2000033855438232,26.21484375,27.0,27,3355.5,3456.0,3456,0.0,0.0,0.0167202540985829,1.029950827000447,sampled_16_timesteps_max_2048_sources,converged,1.5625,0.0002,0.0002000033855438,3.385543823232603e-09,True,20,SpMV,CUSPARSE_SPMV_ALG_DEFAULT,,,torch_cuda_event_cudagraph_replay,gpu_execution,full_rsnn,device_adapted,independent_inference,sparse_only,"(256, 1, 131072)","(256, 1, 131072)",131072,131072,1,1,BN,spmspv_csc_dense_device,spmspv_csc_dense_device,none,False,False,True,0,torch.int64,torch.float32,torch.float32,dense_device,,,False,False,False,False,False,True,1.0,524288,338165768,338165768,0,0,False,unknown,unknown,unknown,unknown,unknown,,6.00963211;5.99737597;5.99916792;5.99510384;5.99516821;6.00124788;5.99919987;5.99820805;5.99923182;5.99708796;5.99884796;5.99516821;5.99721622;5.99926376;5.99823999;5.99721622;5.99926376;5.99721622;5.99926376;5.99516821,20,5.998414397239685,0.0031444318205936,5.99510383605957,6.009632110595703,passed,0,0.0,0.0,0.0,0.0,0.0,0.0,0.0,131072,0,full_state,passed,,5.9982240200042725,,,,,,,,,,,3.6881157864925695
globalatomic_cudagraph,uniform,NVIDIA GeForce RTX 5090,2.11.0+cu128,12.8,default,0.15,,,,,,f961c9c831ae1eb9,0,131072,256,1,16777216,128.0,uniform,0,128,0.0,0.0,0.0,128.0,128.0,1.0,0.0002,0.0002,0.0002000033855438,0.2,0.2000033855438232,26.21484375,27.0,27,3355.5,3456.0,3456,0.0,0.0,0.0167202540985829,1.029950827000447,sampled_16_timesteps_max_2048_sources,converged,1.5625,0.0002,0.0002000033855438,3.385543823232603e-09,True,20,SpMV,CUSPARSE_SPMV_ALG_DEFAULT,,,torch_cuda_event_cudagraph_replay,gpu_execution,full_rsnn,device_adapted,independent_inference,sparse_only,"(256, 1, 131072)","(256, 1, 131072)",131072,131072,1,1,BN,spmspv_csc_dense_device,spmspv_csc_dense_device,none,False,False,True,0,torch.int64,torch.float32,torch.float32,dense_device,,,False,False,False,False,False,True,1.0,524288,338165768,338165768,0,0,False,unknown,unknown,unknown,unknown,unknown,,11.7262716;11.7093124;11.7106876;11.7142715;11.7071676;11.7080002;11.708128;11.7089596;11.707552;11.7086401;11.711648;11.7070398;11.7121601;11.7101116;11.7070398;11.7080641;11.7069759;11.7080317;11.7080641;11.7111359,20,11.709963083267212,0.0043231679837147,11.706975936889648,11.726271629333496,passed,0,0.0,0.0,0.0,0.0,0.0,0.0,0.0,131072,0,full_state,passed,,11.708384037017822,,,,,,,,,,,1.8894276638991496
vdha_cudagraph,uniform,NVIDIA GeForce RTX 5090,2.11.0+cu128,12.8,default,0.15,,,,,,f961c9c831ae1eb9,0,131072,256,1,16777216,128.0,uniform,0,128,0.0,0.0,0.0,128.0,128.0,1.0,0.0002,0.0002,0.0002000033855438,0.2,0.2000033855438232,26.21484375,27.0,27,3355.5,3456.0,3456,0.0,0.0,0.0167202540985829,1.029950827000447,sampled_16_timesteps_max_2048_sources,converged,1.5625,0.0002,0.0002000033855438,3.385543823232603e-09,True,20,SpMV,CUSPARSE_SPMV_ALG_DEFAULT,,,torch_cuda_event_cudagraph_replay,gpu_execution,full_rsnn,device_adapted,independent_inference,sparse_only,"(256, 1, 131072)","(256, 1, 131072)",131072,131072,1,1,BN,spmspv_csc_dense_device,spmspv_csc_dense_device,none,False,False,True,0,torch.int64,torch.float32,torch.float32,dense_device,,,False,False,False,False,False,True,1.0,524288,338165768,338165768,0,0,False,unknown,unknown,unknown,unknown,unknown,,8.31478405;8.28611183;8.28783989;8.29404831;8.28582382;8.28988838;8.28176022;8.28585625;8.28787231;8.28384018;8.28188801;8.28982353;8.29199982;8.28121567;8.28585625;8.28176022;8.28995228;8.28790379;8.28380775;8.284832,20,8.287843227386475,0.00726885627914,8.28121566772461,8.314784049987793,passed,0,0.0,0.0,0.0,0.0,0.0,0.0,0.0,131072,0,full_state,passed,,8.28598403930664,,,,,,,,,,,2.669827095267713
persistent_spike_block,uniform,NVIDIA GeForce RTX 5090,2.11.0+cu128,12.8,default,0.15,,,,,,f961c9c831ae1eb9,0,131072,256,1,16777216,128.0,uniform,0,128,0.0,0.0,0.0,128.0,128.0,1.0,0.0002,0.0002,0.0002000033855438,0.2,0.2000033855438232,26.21484375,27.0,27,3355.5,3456.0,3456,0.0,0.0,0.0167202540985829,1.029950827000447,sampled_16_timesteps_max_2048_sources,converged,1.5625,0.0002,0.0002000033855438,3.385543823232603e-09,True,20,SpMV,CUSPARSE_SPMV_ALG_DEFAULT,,,torch_cuda_event,gpu_execution,full_rsnn,device_native,independent_inference,full_fusion,"(256, 1, 131072)","(256, 1, 131072)",131072,131072,1,1,BN,event_csr,event_csr,dense_to_events_precomputed,False,True,True,0,torch.int32,torch.float32,torch.float32,windowed_events,,,False,False,False,False,False,False,1.0,3719184,135818468,135818468,0,0,False,unknown,unknown,unknown,unknown,unknown,,2.37350392;2.33583999;2.33411193;2.33686399;2.33414412;2.33676791;2.337152;2.33881593;2.33417606;2.33881593;2.33823991;2.33676791;2.33513594;2.33478403;2.34022403;2.33881593;2.3425281;2.33872008;2.33676791;2.33779192,20,2.33899837732315,0.0084075222697811,2.33411192893982,2.3735039234161377,passed,0,0.0,4.6566128730773926e-09,0.0,2.3280579242168642e-08,0.0,2.3280579242168642e-08,0.0,131072,0,full_state,passed,,2.337007999420166,,,,,,,9.466011543214826,,,,9.466011543214826
cusparse_direct_cudagraph,uniform,NVIDIA GeForce RTX 5090,2.11.0+cu128,12.8,default,0.15,,,,,,a32cc36a181a385f,0,131072,256,1,16777216,128.0,uniform,0,128,0.0,0.0,0.0,128.0,128.0,1.0,0.0005,0.0005,0.0004999935626983,0.5,0.4999935626983642,65.53515625,66.0,66,8388.5,8448.0,8448,0.0,0.0,0.0076106098655446,1.0070930440483996,sampled_16_timesteps_max_2048_sources,converged,1.5625,0.0005,0.0004999935626983,6.437301635752596e-09,True,20,SpMV,CUSPARSE_SPMV_ALG_DEFAULT,,,torch_cuda_event,gpu_execution,full_rsnn,device_native,independent_inference,sparse_only,"(256, 1, 131072)","(256, 1, 131072)",131072,131072,1,1,BN,csr_post_by_pre,csr_post_by_pre,none,False,False,True,0,torch.int32,torch.float32,torch.float32,dense,,,False,False,False,False,False,True,1.0,65540,404750340,404750340,0,0,False,unknown,unknown,unknown,unknown,unknown,,22.1287689;22.1172485;22.1180477;22.1169605;22.1159992;22.119072;22.1119041;22.1129284;22.1139526;22.1170235;22.1159992;22.1149769;22.1149769;22.1139526;22.1129284;22.1180477;22.1170235;22.1159687;22.1170235;22.1180477,20,22.116542530059814,0.0034862310316864,22.11190414428711,22.12876892089844,passed,0,0.0,1.1175870895385742e-08,0.0,5.584747242437516e-08,0.0,5.584747242437516e-08,0.0,131072,0,full_state,passed,,22.116479873657227,,,,,,,1.0,,,,1.0
tilespmspv_cudagraph,uniform,NVIDIA GeForce RTX 5090,2.11.0+cu128,12.8,default,0.15,,,,,,a32cc36a181a385f,0,131072,256,1,16777216,128.0,uniform,0,128,0.0,0.0,0.0,128.0,128.0,1.0,0.0005,0.0005,0.0004999935626983,0.5,0.4999935626983642,65.53515625,66.0,66,8388.5,8448.0,8448,0.0,0.0,0.0076106098655446,1.0070930440483996,sampled_16_timesteps_max_2048_sources,converged,1.5625,0.0005,0.0004999935626983,6.437301635752596e-09,True,20,SpMV,CUSPARSE_SPMV_ALG_DEFAULT,,,torch_cuda_event_cudagraph_replay,gpu_execution,full_rsnn,device_adapted,independent_inference,sparse_only,"(256, 1, 131072)","(256, 1, 131072)",131072,131072,1,1,BN,spmspv_csc_dense_device,spmspv_csc_dense_device,none,False,False,True,0,torch.int64,torch.float32,torch.float32,dense_device,,,False,False,False,False,False,True,1.0,524288,338165768,338165768,0,0,False,unknown,unknown,unknown,unknown,unknown,,6.03423977;6.02553606;6.02534389;6.02547216;6.02342415;6.02313614;6.02537584;6.02447987;6.02544022;6.02534389;6.02342415;6.02793598;6.02383995;6.02588797;6.02179193;6.02896023;6.02179193;6.02588797;6.02383995;6.02377605,20,6.025246405601502,0.002758768048256,6.021791934967041,6.034239768981934,passed,0,0.0,0.0,0.0,0.0,0.0,0.0,0.0,131072,0,full_state,passed,,6.025343894958496,,,,,,,,,,,3.670575532155509
globalatomic_cudagraph,uniform,NVIDIA GeForce RTX 5090,2.11.0+cu128,12.8,default,0.15,,,,,,a32cc36a181a385f,0,131072,256,1,16777216,128.0,uniform,0,128,0.0,0.0,0.0,128.0,128.0,1.0,0.0005,0.0005,0.0004999935626983,0.5,0.4999935626983642,65.53515625,66.0,66,8388.5,8448.0,8448,0.0,0.0,0.0076106098655446,1.0070930440483996,sampled_16_timesteps_max_2048_sources,converged,1.5625,0.0005,0.0004999935626983,6.437301635752596e-09,True,20,SpMV,CUSPARSE_SPMV_ALG_DEFAULT,,,torch_cuda_event_cudagraph_replay,gpu_execution,full_rsnn,device_adapted,independent_inference,sparse_only,"(256, 1, 131072)","(256, 1, 131072)",131072,131072,1,1,BN,spmspv_csc_dense_device,spmspv_csc_dense_device,none,False,False,True,0,torch.int64,torch.float32,torch.float32,dense_device,,,False,False,False,False,False,True,1.0,524288,338165768,338165768,0,0,False,unknown,unknown,unknown,unknown,unknown,,11.7394876;11.7262077;11.7275839;11.7218876;11.7234879;11.7259521;11.7199364;11.7270403;11.7239037;11.7250242;11.7240324;11.7284803;11.7254725;11.7285442;11.7233915;11.7203522;11.723424;11.7223682;11.7203522;11.723424,20,11.725017642974851,0.0042638401184792,11.71993637084961,11.739487648010254,passed,0,0.0,0.0,0.0,0.0,0.0,0.0,0.0,131072,0,full_state,passed,,11.723968029022217,,,,,,,,,,,1.8864329737942616
vdha_cudagraph,uniform,NVIDIA GeForce RTX 5090,2.11.0+cu128,12.8,default,0.15,,,,,,a32cc36a181a385f,0,131072,256,1,16777216,128.0,uniform,0,128,0.0,0.0,0.0,128.0,128.0,1.0,0.0005,0.0005,0.0004999935626983,0.5,0.4999935626983642,65.53515625,66.0,66,8388.5,8448.0,8448,0.0,0.0,0.0076106098655446,1.0070930440483996,sampled_16_timesteps_max_2048_sources,converged,1.5625,0.0005,0.0004999935626983,6.437301635752596e-09,True,20,SpMV,CUSPARSE_SPMV_ALG_DEFAULT,,,torch_cuda_event_cudagraph_replay,gpu_execution,full_rsnn,device_adapted,independent_inference,sparse_only,"(256, 1, 131072)","(256, 1, 131072)",131072,131072,1,1,BN,spmspv_csc_dense_device,spmspv_csc_dense_device,none,False,False,True,0,torch.int64,torch.float32,torch.float32,dense_device,,,False,False,False,False,False,True,1.0,524288,338165768,338165768,0,0,False,unknown,unknown,unknown,unknown,unknown,,12.4472961;12.4233923;12.426816;12.4268484;12.4247999;12.4309759;12.4270401;12.424736;12.425024;12.4287996;12.4269123;12.4269123;12.4258556;12.4264002;12.4248323;12.4228163;12.4228163;12.4228163;12.4248638;12.4330559,20,12.42715048789978,0.0054173329270414,12.422816276550291,12.447296142578123,passed,0,0.0,0.0,0.0,0.0,0.0,0.0,0.0,131072,0,full_state,passed,,12.426127910614014,,,,,,,,,,,1.7798368110122231
persistent_spike_block,uniform,NVIDIA GeForce RTX 5090,2.11.0+cu128,12.8,default,0.15,,,,,,a32cc36a181a385f,0,131072,256,1,16777216,128.0,uniform,0,128,0.0,0.0,0.0,128.0,128.0,1.0,0.0005,0.0005,0.0004999935626983,0.5,0.4999935626983642,65.53515625,66.0,66,8388.5,8448.0,8448,0.0,0.0,0.0076106098655446,1.0070930440483996,sampled_16_timesteps_max_2048_sources,converged,1.5625,0.0005,0.0004999935626983,6.437301635752596e-09,True,20,SpMV,CUSPARSE_SPMV_ALG_DEFAULT,,,torch_cuda_event,gpu_execution,full_rsnn,device_native,independent_inference,full_fusion,"(256, 1, 131072)","(256, 1, 131072)",131072,131072,1,1,BN,event_csr,event_csr,dense_to_events_precomputed,False,True,True,0,torch.int32,torch.float32,torch.float32,windowed_events,,,False,False,False,False,False,False,1.0,3719184,135858732,135858732,0,0,False,unknown,unknown,unknown,unknown,unknown,,2.33974409;2.27324796;2.27081609;2.27340794;2.27369595;2.27734399;2.27465606;2.27327991;2.27263999;2.27324796;2.27574396;2.27638412;2.27468801;2.27942395;2.273664;2.28147197;2.27593589;2.27932811;2.27532792;2.27737594,20,2.27857118844986,0.0146357896169856,2.2708160877227783,2.3397440910339355,passed,0,0.0,1.1175870895385742e-08,0.0,5.584747242437516e-08,0.0,5.584747242437516e-08,0.0,131072,0,full_state,passed,,2.275007963180542,,,,,,,9.72149558665175,,,,9.72149558665175
cusparse_direct_cudagraph,uniform,NVIDIA GeForce RTX 5090,2.11.0+cu128,12.8,default,0.15,,,,,,153a9c2fcafe1f67,0,131072,256,1,16777216,128.0,uniform,0,128,0.0,0.0,0.0,128.0,128.0,1.0,0.001,0.001,0.0009999871253967,1.0,0.9999871253967284,131.0703125,132.0,132,16777.0,16896.0,16896,0.0002071496212121,0.0002071496212121,0.0020639315364106,1.0070930440483996,sampled_16_timesteps_max_2048_sources,converged,1.5625,0.001,0.0009999871253967,1.2874603271505192e-08,True,20,SpMV,CUSPARSE_SPMV_ALG_DEFAULT,,,torch_cuda_event,gpu_execution,full_rsnn,device_native,independent_inference,sparse_only,"(256, 1, 131072)","(256, 1, 131072)",131072,131072,1,1,BN,csr_post_by_pre,csr_post_by_pre,none,False,False,True,0,torch.int32,torch.float32,torch.float32,dense,,,False,False,False,False,False,True,1.0,65540,404750340,404750340,0,0,False,unknown,unknown,unknown,unknown,unknown,,22.1281281;22.1173439;22.1119041;22.1170235;22.1139526;22.1067848;22.1159992;22.1108799;22.1119041;22.1149769;22.1139526;22.1149769;22.1149445;22.1139526;22.1149769;22.1159992;22.1129284;22.1159992;22.1129284;22.1098557,20,22.11447057723999,0.0041122392045462,22.10678482055664,22.12812805175781,passed,0,0.0,1.4901161193847656e-08,2.3283064365386963e-10,7.434412196971607e-08,4.655061047742493e-08,7.434412196971607e-08,4.655061047742493e-08,131072,0,full_state,passed,,22.11444854736328,,,,,,,1.0,,,,1.0
tilespmspv_cudagraph,uniform,NVIDIA GeForce RTX 5090,2.11.0+cu128,12.8,default,0.15,,,,,,153a9c2fcafe1f67,0,131072,256,1,16777216,128.0,uniform,0,128,0.0,0.0,0.0,128.0,128.0,1.0,0.001,0.001,0.0009999871253967,1.0,0.9999871253967284,131.0703125,132.0,132,16777.0,16896.0,16896,0.0002071496212121,0.0002071496212121,0.0020639315364106,1.0070930440483996,sampled_16_timesteps_max_2048_sources,converged,1.5625,0.001,0.0009999871253967,1.2874603271505192e-08,True,20,SpMV,CUSPARSE_SPMV_ALG_DEFAULT,,,torch_cuda_event_cudagraph_replay,gpu_execution,full_rsnn,device_adapted,independent_inference,sparse_only,"(256, 1, 131072)","(256, 1, 131072)",131072,131072,1,1,BN,spmspv_csc_dense_device,spmspv_csc_dense_device,none,False,False,True,0,torch.int64,torch.float32,torch.float32,dense_device,,,False,False,False,False,False,True,1.0,524288,338165768,338165768,0,0,False,unknown,unknown,unknown,unknown,unknown,,6.05855989;6.04896021;6.0504961;6.04838419;6.05260801;6.05030394;6.04835176;6.04630423;6.04739189;6.05043221;6.04595184;6.04841614;6.05046415;6.05046415;6.05046415;6.04841614;6.04432011;6.04943991;6.05251217;6.04633617,20,6.049428868293762,0.0030375309703548,6.044320106506348,6.058559894561768,passed,0,0.0,0.0,0.0,0.0,0.0,0.0,0.0,131072,0,full_state,passed,,6.049200057983398,,,,,,,,,,,3.655764123419568
globalatomic_cudagraph,uniform,NVIDIA GeForce RTX 5090,2.11.0+cu128,12.8,default,0.15,,,,,,153a9c2fcafe1f67,0,131072,256,1,16777216,128.0,uniform,0,128,0.0,0.0,0.0,128.0,128.0,1.0,0.001,0.001,0.0009999871253967,1.0,0.9999871253967284,131.0703125,132.0,132,16777.0,16896.0,16896,0.0002071496212121,0.0002071496212121,0.0020639315364106,1.0070930440483996,sampled_16_timesteps_max_2048_sources,converged,1.5625,0.001,0.0009999871253967,1.2874603271505192e-08,True,20,SpMV,CUSPARSE_SPMV_ALG_DEFAULT,,,torch_cuda_event_cudagraph_replay,gpu_execution,full_rsnn,device_adapted,independent_inference,sparse_only,"(256, 1, 131072)","(256, 1, 131072)",131072,131072,1,1,BN,spmspv_csc_dense_device,spmspv_csc_dense_device,none,False,False,True,0,torch.int64,torch.float32,torch.float32,dense_device,,,False,False,False,False,False,True,1.0,524288,338165768,338165768,0,0,False,unknown,unknown,unknown,unknown,unknown,,11.7642879;11.7509441;11.749568;11.744544;11.7517118;11.7511044;11.7485123;11.7480001;11.751008;11.7521601;11.7484484;11.755168;11.7500477;11.7531204;11.7469759;11.7480001;11.7531204;11.7520962;11.7551041;11.751008,20,11.75124650001526,0.004059806810107,11.74454402923584,11.764287948608398,passed,0,0.0,0.0,0.0,0.0,0.0,0.0,0.0,131072,0,full_state,passed,,11.75100803375244,,,,,,,,,,,1.8819192773797715
vdha_cudagraph,uniform,NVIDIA GeForce RTX 5090,2.11.0+cu128,12.8,default,0.15,,,,,,153a9c2fcafe1f67,0,131072,256,1,16777216,128.0,uniform,0,128,0.0,0.0,0.0,128.0,128.0,1.0,0.001,0.001,0.0009999871253967,1.0,0.9999871253967284,131.0703125,132.0,132,16777.0,16896.0,16896,0.0002071496212121,0.0002071496212121,0.0020639315364106,1.0070930440483996,sampled_16_timesteps_max_2048_sources,converged,1.5625,0.001,0.0009999871253967,1.2874603271505192e-08,True,20,SpMV,CUSPARSE_SPMV_ALG_DEFAULT,,,torch_cuda_event_cudagraph_replay,gpu_execution,full_rsnn,device_adapted,independent_inference,sparse_only,"(256, 1, 131072)","(256, 1, 131072)",131072,131072,1,1,BN,spmspv_csc_dense_device,spmspv_csc_dense_device,none,False,False,True,0,torch.int64,torch.float32,torch.float32,dense_device,,,False,False,False,False,False,True,1.0,524288,338165768,338165768,0,0,False,unknown,unknown,unknown,unknown,unknown,,10.4010239;10.3888636;10.3839998;10.3922243;10.3820801;10.3941755;10.3901758;10.3922243;10.3881922;10.3902082;10.3879995;10.3875837;10.3903036;10.3916798;10.3922243;10.3860798;10.3942719;10.3901758;10.3860798;10.3860798,20,10.389782285690307,0.0041886714134032,10.382080078125,10.401023864746094,passed,0,0.0,0.0,0.0,0.0,0.0,0.0,0.0,131072,0,full_state,passed,,10.390175819396973,,,,,,,,,,,2.1283998395945107
persistent_spike_block,uniform,NVIDIA GeForce RTX 5090,2.11.0+cu128,12.8,default,0.15,,,,,,153a9c2fcafe1f67,0,131072,256,1,16777216,128.0,uniform,0,128,0.0,0.0,0.0,128.0,128.0,1.0,0.001,0.001,0.0009999871253967,1.0,0.9999871253967284,131.0703125,132.0,132,16777.0,16896.0,16896,0.0002071496212121,0.0002071496212121,0.0020639315364106,1.0070930440483996,sampled_16_timesteps_max_2048_sources,converged,1.5625,0.001,0.0009999871253967,1.2874603271505192e-08,True,20,SpMV,CUSPARSE_SPMV_ALG_DEFAULT,,,torch_cuda_event,gpu_execution,full_rsnn,device_native,independent_inference,full_fusion,"(256, 1, 131072)","(256, 1, 131072)",131072,131072,1,1,BN,event_csr,event_csr,dense_to_events_precomputed,False,True,True,0,torch.int32,torch.float32,torch.float32,windowed_events,,,False,False,False,False,False,False,1.0,3719184,135925840,135925840,0,0,False,unknown,unknown,unknown,unknown,unknown,,2.39513612;2.35724807;2.35865593;2.35747194;2.35865593;2.35932803;2.35865593;2.35827208;2.35967994;2.3592;2.36073589;2.36345601;2.35769606;2.35721588;2.36387205;2.36019206;2.36188793;2.35708809;2.3592639;2.36032009,20,2.361201596260071,0.008215825881531,2.357088088989258,2.3951361179351807,passed,0,0.0,1.4901161193847656e-08,1.1641532182693479e-10,7.434412196971607e-08,2.3274518312632608e-08,7.434412196971607e-08,2.3274518312632608e-08,131072,0,full_state,passed,,2.359231948852539,,,,,,,9.37357963388004,,,,9.37357963388004
cusparse_direct_cudagraph,uniform,NVIDIA GeForce RTX 5090,2.11.0+cu128,12.8,default,0.15,,,,,,22688467ab14c6e1,0,131072,256,1,16777216,128.0,uniform,0,128,0.0,0.0,0.0,128.0,128.0,1.0,0.002,0.002,0.0020000040531158,2.0,2.0000040531158447,262.14453125,263.0,263,33554.5,33664.0,33664,0.0,0.0,0.0320950541289037,1.0032633476880894,sampled_16_timesteps_max_2048_sources,converged,1.5625,0.002,0.0020000040531158,4.053115844684929e-09,True,20,SpMV,CUSPARSE_SPMV_ALG_DEFAULT,,,torch_cuda_event,gpu_execution,full_rsnn,device_native,independent_inference,sparse_only,"(256, 1, 131072)","(256, 1, 131072)",131072,131072,1,1,BN,csr_post_by_pre,csr_post_by_pre,none,False,False,True,0,torch.int32,torch.float32,torch.float32,dense,,,False,False,False,False,False,True,1.0,65540,404750340,404750340,0,0,False,unknown,unknown,unknown,unknown,unknown,,22.1374722;22.1173439;22.1139526;22.1149769;22.1139526;22.1170235;22.1200962;22.119072;22.1180477;22.1170235;22.1159992;22.1170235;22.1129284;22.1159992;22.1129284;22.1159687;22.1129284;22.1159992;22.1129284;22.1139526,20,22.11678085327149,0.0053092679746537,22.11292839050293,22.13747215270996,passed,0,0.0,2.9802322387695312e-08,2.3283064365386963e-10,1.4872510689656337e-07,4.6543963350131896e-08,1.4872510689656337e-07,4.6543963350131896e-08,131072,0,full_state,passed,,22.11599922180176,,,,,,,1.0,,,,1.0
tilespmspv_cudagraph,uniform,NVIDIA GeForce RTX 5090,2.11.0+cu128,12.8,default,0.15,,,,,,22688467ab14c6e1,0,131072,256,1,16777216,128.0,uniform,0,128,0.0,0.0,0.0,128.0,128.0,1.0,0.002,0.002,0.0020000040531158,2.0,2.0000040531158447,262.14453125,263.0,263,33554.5,33664.0,33664,0.0,0.0,0.0320950541289037,1.0032633476880894,sampled_16_timesteps_max_2048_sources,converged,1.5625,0.002,0.0020000040531158,4.053115844684929e-09,True,20,SpMV,CUSPARSE_SPMV_ALG_DEFAULT,,,torch_cuda_event_cudagraph_replay,gpu_execution,full_rsnn,device_adapted,independent_inference,sparse_only,"(256, 1, 131072)","(256, 1, 131072)",131072,131072,1,1,BN,spmspv_csc_dense_device,spmspv_csc_dense_device,none,False,False,True,0,torch.int64,torch.float32,torch.float32,dense_device,,,False,False,False,False,False,True,1.0,524288,338165768,338165768,0,0,False,unknown,unknown,unknown,unknown,unknown,,6.08828783;6.07529593;6.07696009;6.0729599;6.07708788;6.07708788;6.07696009;6.07913589;6.07507181;6.07596779;6.07452822;6.07913589;6.07708788;6.07503986;6.07913589;6.08118391;6.07708788;6.07913589;6.07503986;6.07811213,20,6.077515125274658,0.003219478991411,6.072959899902344,6.088287830352783,passed,0,0.0,0.0,0.0,0.0,0.0,0.0,0.0,131072,0,full_state,passed,,6.077087879180908,,,,,,,,,,,3.63924295015833
globalatomic_cudagraph,uniform,NVIDIA GeForce RTX 5090,2.11.0+cu128,12.8,default,0.15,,,,,,22688467ab14c6e1,0,131072,256,1,16777216,128.0,uniform,0,128,0.0,0.0,0.0,128.0,128.0,1.0,0.002,0.002,0.0020000040531158,2.0,2.0000040531158447,262.14453125,263.0,263,33554.5,33664.0,33664,0.0,0.0,0.0320950541289037,1.0032633476880894,sampled_16_timesteps_max_2048_sources,converged,1.5625,0.002,0.0020000040531158,4.053115844684929e-09,True,20,SpMV,CUSPARSE_SPMV_ALG_DEFAULT,,,torch_cuda_event_cudagraph_replay,gpu_execution,full_rsnn,device_adapted,independent_inference,sparse_only,"(256, 1, 131072)","(256, 1, 131072)",131072,131072,1,1,BN,spmspv_csc_dense_device,spmspv_csc_dense_device,none,False,False,True,0,torch.int64,torch.float32,torch.float32,dense_device,,,False,False,False,False,False,True,1.0,524288,338165768,338165768,0,0,False,unknown,unknown,unknown,unknown,unknown,,11.7994242;11.7691202;11.7680635;11.7670717;11.7670403;11.7686081;11.7653761;11.7679682;11.7711678;11.7670078;11.7639685;11.76336;11.7664318;11.7654076;11.76336;11.7664318;11.7674236;11.7623358;11.7674561;11.7654076,20,11.768121528625487,0.007673889766269,11.762335777282717,11.799424171447754,passed,0,0.0,0.0,0.0,0.0,0.0,0.0,0.0,131072,0,full_state,passed,,11.767024040222168,,,,,,,,,,,1.879489592798027
vdha_cudagraph,uniform,NVIDIA GeForce RTX 5090,2.11.0+cu128,12.8,default,0.15,,,,,,22688467ab14c6e1,0,131072,256,1,16777216,128.0,uniform,0,128,0.0,0.0,0.0,128.0,128.0,1.0,0.002,0.002,0.0020000040531158,2.0,2.0000040531158447,262.14453125,263.0,263,33554.5,33664.0,33664,0.0,0.0,0.0320950541289037,1.0032633476880894,sampled_16_timesteps_max_2048_sources,converged,1.5625,0.002,0.0020000040531158,4.053115844684929e-09,True,20,SpMV,CUSPARSE_SPMV_ALG_DEFAULT,,,torch_cuda_event_cudagraph_replay,gpu_execution,full_rsnn,device_adapted,independent_inference,sparse_only,"(256, 1, 131072)","(256, 1, 131072)",131072,131072,1,1,BN,spmspv_csc_dense_device,spmspv_csc_dense_device,none,False,False,True,0,torch.int64,torch.float32,torch.float32,dense_device,,,False,False,False,False,False,True,1.0,524288,338165768,338165768,0,0,False,unknown,unknown,unknown,unknown,unknown,,9.10076809;9.07273579;9.08009624;9.07731247;9.07017612;9.07439995;9.0766716;9.07433605;9.07843208;9.07334423;9.07772827;9.07564831;9.07958412;9.06764793;9.07433605;9.07939243;9.07638359;9.07433605;9.0753603;9.07843208,20,9.076856088638303,0.0064475779350876,9.06764793395996,9.100768089294434,passed,0,0.0,0.0,0.0,0.0,0.0,0.0,0.0,131072,0,full_state,passed,,9.076015949249268,,,,,,,,,,,2.436751912454617
persistent_spike_block,uniform,NVIDIA GeForce RTX 5090,2.11.0+cu128,12.8,default,0.15,,,,,,22688467ab14c6e1,0,131072,256,1,16777216,128.0,uniform,0,128,0.0,0.0,0.0,128.0,128.0,1.0,0.002,0.002,0.0020000040531158,2.0,2.0000040531158447,262.14453125,263.0,263,33554.5,33664.0,33664,0.0,0.0,0.0320950541289037,1.0032633476880894,sampled_16_timesteps_max_2048_sources,converged,1.5625,0.002,0.0020000040531158,4.053115844684929e-09,True,20,SpMV,CUSPARSE_SPMV_ALG_DEFAULT,,,torch_cuda_event,gpu_execution,full_rsnn,device_native,independent_inference,full_fusion,"(256, 1, 131072)","(256, 1, 131072)",131072,131072,1,1,BN,event_csr,event_csr,dense_to_events_precomputed,False,True,True,0,torch.int32,torch.float32,torch.float32,windowed_events,,,False,False,False,False,False,False,1.0,3719184,136060060,136060060,0,0,False,unknown,unknown,unknown,unknown,unknown,,2.58761597;2.49484801;2.49855995;2.49808002;2.49846411;2.4949441;2.49651194;2.49584007;2.49654388;2.49587202;2.49961591;2.49689603;2.50076795;2.49584007;2.50265598;2.49692798;2.50265598;2.49587202;2.50060797;2.49651194,20,2.502281594276428,0.0202249507931682,2.4948480129241943,2.587615966796875,passed,0,0.0,2.9802322387695312e-08,0.0,1.4872510689656337e-07,0.0,1.4872510689656337e-07,0.0,131072,0,full_state,passed,,2.496912002563477,,,,,,,8.857340266335447,,,,8.857340266335447
cusparse_direct_cudagraph,uniform,NVIDIA GeForce RTX 5090,2.11.0+cu128,12.8,default,0.15,,,,,,fc650927de0001a5,0,131072,256,1,16777216,128.0,uniform,0,128,0.0,0.0,0.0,128.0,128.0,1.0,0.005,0.005,0.0049999952316284,5.0,4.999995231628418,655.359375,656.0,656,83886.0,83968.0,83968,0.0002084127286585,0.0002084127286585,0.0007321437442616,1.0009775171065494,sampled_16_timesteps_max_2048_sources,converged,1.5625,0.005,0.0049999952316284,4.768371582135333e-09,True,20,SpMV,CUSPARSE_SPMV_ALG_DEFAULT,,,torch_cuda_event,gpu_execution,full_rsnn,device_native,independent_inference,sparse_only,"(256, 1, 131072)","(256, 1, 131072)",131072,131072,1,1,BN,csr_post_by_pre,csr_post_by_pre,none,False,False,True,0,torch.int32,torch.float32,torch.float32,dense,,,False,False,False,False,False,True,1.0,65540,404750340,404750340,0,0,False,unknown,unknown,unknown,unknown,unknown,,22.1285439;22.1173115;22.1159992;22.119072;22.1200962;22.119072;22.1180153;22.1211205;22.1159992;22.1170235;22.1180477;22.119072;22.119072;22.1221447;22.1211205;22.1221447;22.1170235;22.1180477;22.119072;22.1159992,20,22.11919984817505,0.0029086680882868,22.11599922180176,22.12854385375977,passed,0,0.0,5.960464477539064e-08,4.656612873077393e-10,2.9695092962356284e-07,9.302007697442605e-08,2.9695092962356284e-07,9.302007697442605e-08,131072,0,full_state,passed,,22.11907196044922,,,,,,,1.0,,,,1.0
tilespmspv_cudagraph,uniform,NVIDIA GeForce RTX 5090,2.11.0+cu128,12.8,default,0.15,,,,,,fc650927de0001a5,0,131072,256,1,16777216,128.0,uniform,0,128,0.0,0.0,0.0,128.0,128.0,1.0,0.005,0.005,0.0049999952316284,5.0,4.999995231628418,655.359375,656.0,656,83886.0,83968.0,83968,0.0002084127286585,0.0002084127286585,0.0007321437442616,1.0009775171065494,sampled_16_timesteps_max_2048_sources,converged,1.5625,0.005,0.0049999952316284,4.768371582135333e-09,True,20,SpMV,CUSPARSE_SPMV_ALG_DEFAULT,,,torch_cuda_event_cudagraph_replay,gpu_execution,full_rsnn,device_adapted,independent_inference,sparse_only,"(256, 1, 131072)","(256, 1, 131072)",131072,131072,1,1,BN,spmspv_csc_dense_device,spmspv_csc_dense_device,none,False,False,True,0,torch.int64,torch.float32,torch.float32,dense_device,,,False,False,False,False,False,True,1.0,524288,338165768,338165768,0,0,False,unknown,unknown,unknown,unknown,unknown,,6.0092802;5.98528004;5.98473597;5.98502398;5.98288012;5.98284817;5.98400021;5.98281622;5.98499203;5.98278379;5.98239994;5.98492813;5.98288012;5.98390388;5.98492813;5.9808321;5.98288012;5.98697615;5.98492813;5.98288012,20,5.985108876228333,0.0058578778904419,5.980832099914551,6.009280204772949,passed,0,0.0,0.0,0.0,0.0,0.0,0.0,0.0,131072,0,full_state,passed,,5.983952045440674,,,,,,,,,,,3.696398599534618
globalatomic_cudagraph,uniform,NVIDIA GeForce RTX 5090,2.11.0+cu128,12.8,default,0.15,,,,,,fc650927de0001a5,0,131072,256,1,16777216,128.0,uniform,0,128,0.0,0.0,0.0,128.0,128.0,1.0,0.005,0.005,0.0049999952316284,5.0,4.999995231628418,655.359375,656.0,656,83886.0,83968.0,83968,0.0002084127286585,0.0002084127286585,0.0007321437442616,1.0009775171065494,sampled_16_timesteps_max_2048_sources,converged,1.5625,0.005,0.0049999952316284,4.768371582135333e-09,True,20,SpMV,CUSPARSE_SPMV_ALG_DEFAULT,,,torch_cuda_event_cudagraph_replay,gpu_execution,full_rsnn,device_adapted,independent_inference,sparse_only,"(256, 1, 131072)","(256, 1, 131072)",131072,131072,1,1,BN,spmspv_csc_dense_device,spmspv_csc_dense_device,none,False,False,True,0,torch.int64,torch.float32,torch.float32,dense_device,,,False,False,False,False,False,True,1.0,524288,338165768,338165768,0,0,False,unknown,unknown,unknown,unknown,unknown,,11.7929916;11.7728643;11.7684479;11.76896;11.773632;11.7740803;11.7691202;11.7741756;11.7695684;11.7648964;11.7680321;11.7756481;11.7746239;11.7715521;11.7654076;11.7705278;11.7674561;11.7684803;11.7715521;11.7735357,20,11.771777629852297,0.0058759922878829,11.764896392822266,11.792991638183594,passed,0,0.0,0.0,0.0,0.0,0.0,0.0,0.0,131072,0,full_state,passed,,11.771039962768556,,,,,,,,,,,1.879109410078564
vdha_cudagraph,uniform,NVIDIA GeForce RTX 5090,2.11.0+cu128,12.8,default,0.15,,,,,,fc650927de0001a5,0,131072,256,1,16777216,128.0,uniform,0,128,0.0,0.0,0.0,128.0,128.0,1.0,0.005,0.005,0.0049999952316284,5.0,4.999995231628418,655.359375,656.0,656,83886.0,83968.0,83968,0.0002084127286585,0.0002084127286585,0.0007321437442616,1.0009775171065494,sampled_16_timesteps_max_2048_sources,converged,1.5625,0.005,0.0049999952316284,4.768371582135333e-09,True,20,SpMV,CUSPARSE_SPMV_ALG_DEFAULT,,,torch_cuda_event_cudagraph_replay,gpu_execution,full_rsnn,device_adapted,independent_inference,sparse_only,"(256, 1, 131072)","(256, 1, 131072)",131072,131072,1,1,BN,spmspv_csc_dense_device,spmspv_csc_dense_device,none,False,False,True,0,torch.int64,torch.float32,torch.float32,dense_device,,,False,False,False,False,False,True,1.0,524288,338165768,338165768,0,0,False,unknown,unknown,unknown,unknown,unknown,,7.56915188;7.555264;7.55795193;7.55881596;7.55619192;7.55788803;7.55395222;7.5599041;7.55468798;7.55881596;7.55731201;7.55817604;7.55724812;7.55840015;7.55676794;7.55779219;7.55676794;7.55779219;7.55676794;7.55676794,20,7.557820820808411,0.0030278638616089,7.553952217102051,7.569151878356934,passed,0,0.0,0.0,0.0,0.0,0.0,0.0,0.0,131072,0,full_state,passed,,7.557552099227905,,,,,,,,,,,2.9267508407529137
persistent_spike_block,uniform,NVIDIA GeForce RTX 5090,2.11.0+cu128,12.8,default,0.15,,,,,,fc650927de0001a5,0,131072,256,1,16777216,128.0,uniform,0,128,0.0,0.0,0.0,128.0,128.0,1.0,0.005,0.005,0.0049999952316284,5.0,4.999995231628418,655.359375,656.0,656,83886.0,83968.0,83968,0.0002084127286585,0.0002084127286585,0.0007321437442616,1.0009775171065494,sampled_16_timesteps_max_2048_sources,converged,1.5625,0.005,0.0049999952316284,4.768371582135333e-09,True,20,SpMV,CUSPARSE_SPMV_ALG_DEFAULT,,,torch_cuda_event,gpu_execution,full_rsnn,device_native,independent_inference,full_fusion,"(256, 1, 131072)","(256, 1, 131072)",131072,131072,1,1,BN,event_csr,event_csr,dense_to_events_precomputed,False,True,True,0,torch.int32,torch.float32,torch.float32,windowed_events,,,False,False,False,False,False,False,1.0,3719184,136462712,136462712,0,0,False,unknown,unknown,unknown,unknown,unknown,,2.38972807;2.34742403;2.3530879;2.3494401;2.34902406;2.34755206;2.34905601;2.35046411;2.35625601;2.35148811;2.35302401;2.34739208;2.34915209;2.34537601;2.35110402;2.35155201;2.3519361;2.34585595;2.35312009;2.34598398,20,2.351900839805603,0.0093482394325862,2.3453760147094727,2.38972806930542,passed,0,0.0,1.1920928955078125e-07,0.0,5.921720571677724e-07,0.0,5.921720571677724e-07,0.0,131072,0,full_state,passed,,2.3499521017074585,,,,,,,9.412562896229952,,,,9.412562896229952
cusparse_direct_cudagraph,uniform,NVIDIA GeForce RTX 5090,2.11.0+cu128,12.8,default,0.15,,,,,,491e001ca26b5a95,0,131072,256,1,16777216,128.0,uniform,0,128,0.0,0.0,0.0,128.0,128.0,1.0,0.01,0.01,0.0099999904632568,10.0,9.999990463256836,1310.71875,1311.0,1311,167772.0,167808.0,167808,0.2188125317065377,0.2188125317065377,0.0003430249283536,1.000214576925828,sampled_16_timesteps_max_2048_sources,converged,1.5625,0.01,0.0099999904632568,9.536743164270668e-09,True,20,SpMV,CUSPARSE_SPMV_ALG_DEFAULT,,,torch_cuda_event,gpu_execution,full_rsnn,device_native,independent_inference,sparse_only,"(256, 1, 131072)","(256, 1, 131072)",131072,131072,1,1,BN,csr_post_by_pre,csr_post_by_pre,none,False,False,True,0,torch.int32,torch.float32,torch.float32,dense,,,False,False,False,False,False,True,1.0,65540,404750340,404750340,0,0,False,unknown,unknown,unknown,unknown,unknown,,22.1236153;22.1112003;22.1098557;22.1067848;22.1078072;22.1129284;22.1139526;22.1067848;22.1119041;22.1108799;22.1098557;22.1108799;22.1119041;22.112896;22.1088314;22.1078072;22.1108799;22.1098557;22.1108799;22.1139526,20,22.11117277145386,0.0036243731445588,22.10678482055664,22.123615264892575,passed,0,0.0,5.960464477539064e-08,9.313225746154783e-10,2.966597207887389e-07,1.857293483453759e-07,2.966597207887389e-07,1.857293483453759e-07,131072,0,full_state,passed,,22.11087989807129,,,,,,,1.0,,,,1.0
tilespmspv_cudagraph,uniform,NVIDIA GeForce RTX 5090,2.11.0+cu128,12.8,default,0.15,,,,,,491e001ca26b5a95,0,131072,256,1,16777216,128.0,uniform,0,128,0.0,0.0,0.0,128.0,128.0,1.0,0.01,0.01,0.0099999904632568,10.0,9.999990463256836,1310.71875,1311.0,1311,167772.0,167808.0,167808,0.2188125317065377,0.2188125317065377,0.0003430249283536,1.000214576925828,sampled_16_timesteps_max_2048_sources,converged,1.5625,0.01,0.0099999904632568,9.536743164270668e-09,True,20,SpMV,CUSPARSE_SPMV_ALG_DEFAULT,,,torch_cuda_event_cudagraph_replay,gpu_execution,full_rsnn,device_adapted,independent_inference,sparse_only,"(256, 1, 131072)","(256, 1, 131072)",131072,131072,1,1,BN,spmspv_csc_dense_device,spmspv_csc_dense_device,none,False,False,True,0,torch.int64,torch.float32,torch.float32,dense_device,,,False,False,False,False,False,True,1.0,524288,338165768,338165768,0,0,False,unknown,unknown,unknown,unknown,unknown,,6.04320002;6.03168011;6.03219223;6.03148794;6.02960014;6.03571177;6.02953577;6.03062391;6.0336318;6.03155184;6.03145599;6.03203201;6.03203201;6.03408003;6.03203201;6.03100777;6.03203201;6.03612804;6.03203201;6.03408003,20,6.032806372642517,0.0029928218647665,6.02953577041626,6.0432000160217285,passed,0,0.0,0.0,0.0,0.0,0.0,0.0,0.0,131072,0,full_state,passed,,6.032032012939453,,,,,,,,,,,3.665577346181307
globalatomic_cudagraph,uniform,NVIDIA GeForce RTX 5090,2.11.0+cu128,12.8,default,0.15,,,,,,491e001ca26b5a95,0,131072,256,1,16777216,128.0,uniform,0,128,0.0,0.0,0.0,128.0,128.0,1.0,0.01,0.01,0.0099999904632568,10.0,9.999990463256836,1310.71875,1311.0,1311,167772.0,167808.0,167808,0.2188125317065377,0.2188125317065377,0.0003430249283536,1.000214576925828,sampled_16_timesteps_max_2048_sources,converged,1.5625,0.01,0.0099999904632568,9.536743164270668e-09,True,20,SpMV,CUSPARSE_SPMV_ALG_DEFAULT,,,torch_cuda_event_cudagraph_replay,gpu_execution,full_rsnn,device_adapted,independent_inference,sparse_only,"(256, 1, 131072)","(256, 1, 131072)",131072,131072,1,1,BN,spmspv_csc_dense_device,spmspv_csc_dense_device,none,False,False,True,0,torch.int64,torch.float32,torch.float32,dense_device,,,False,False,False,False,False,True,1.0,524288,338165768,338165768,0,0,False,unknown,unknown,unknown,unknown,unknown,,11.7845764;11.7654076;11.7705603;11.7674561;11.7689924;11.768096;11.7731838;11.7684479;11.7689924;11.7670403;11.7658558;11.7654076;11.7684479;11.7715521;11.7715521;11.7664318;11.7715521;11.7725439;11.7735996;11.7674561,20,11.769857597351074,0.0043130000450294,11.76540756225586,11.784576416015623,passed,0,0.0,0.0,0.0,0.0,0.0,0.0,0.0,131072,0,full_state,passed,,11.768720149993896,,,,,,,,,,,1.8787837263751024
vdha_cudagraph,uniform,NVIDIA GeForce RTX 5090,2.11.0+cu128,12.8,default,0.15,,,,,,491e001ca26b5a95,0,131072,256,1,16777216,128.0,uniform,0,128,0.0,0.0,0.0,128.0,128.0,1.0,0.01,0.01,0.0099999904632568,10.0,9.999990463256836,1310.71875,1311.0,1311,167772.0,167808.0,167808,0.2188125317065377,0.2188125317065377,0.0003430249283536,1.000214576925828,sampled_16_timesteps_max_2048_sources,converged,1.5625,0.01,0.0099999904632568,9.536743164270668e-09,True,20,SpMV,CUSPARSE_SPMV_ALG_DEFAULT,,,torch_cuda_event_cudagraph_replay,gpu_execution,full_rsnn,device_adapted,independent_inference,sparse_only,"(256, 1, 131072)","(256, 1, 131072)",131072,131072,1,1,BN,spmspv_csc_dense_device,spmspv_csc_dense_device,none,False,False,True,0,torch.int64,torch.float32,torch.float32,dense_device,,,False,False,False,False,False,True,1.0,524288,338165768,338165768,0,0,False,unknown,unknown,unknown,unknown,unknown,,7.5883522;7.57532787;7.5700798;7.5710721;7.57100821;7.56803179;7.56921577;7.57404804;7.56915188;7.5710721;7.56796789;7.56854391;7.56608009;7.5664959;7.56899214;7.5700798;7.57315207;7.5700798;7.57520008;7.5772481,20,7.571559977531433,0.0049517106984609,7.566080093383789,7.588352203369141,passed,0,0.0,0.0,0.0,0.0,0.0,0.0,0.0,131072,0,full_state,passed,,7.570079803466797,,,,,,,,,,,2.920825205560631
persistent_spike_block,uniform,NVIDIA GeForce RTX 5090,2.11.0+cu128,12.8,default,0.15,,,,,,491e001ca26b5a95,0,131072,256,1,16777216,128.0,uniform,0,128,0.0,0.0,0.0,128.0,128.0,1.0,0.01,0.01,0.0099999904632568,10.0,9.999990463256836,1310.71875,1311.0,1311,167772.0,167808.0,167808,0.2188125317065377,0.2188125317065377,0.0003430249283536,1.000214576925828,sampled_16_timesteps_max_2048_sources,converged,1.5625,0.01,0.0099999904632568,9.536743164270668e-09,True,20,SpMV,CUSPARSE_SPMV_ALG_DEFAULT,,,torch_cuda_event,gpu_execution,full_rsnn,device_native,independent_inference,full_fusion,"(256, 1, 131072)","(256, 1, 131072)",131072,131072,1,1,BN,event_csr,event_csr,dense_to_events_precomputed,False,True,True,0,torch.int32,torch.float32,torch.float32,windowed_events,,,False,False,False,False,False,False,1.0,3719184,137133800,137133800,0,0,False,unknown,unknown,unknown,unknown,unknown,,2.50816011;2.47199988;2.47033596;2.47196794;2.47347212;2.47094393;2.47232008;2.47193599;2.4753921;2.47395205;2.47174406;2.4708159;2.47132802;2.47209597;2.47129607;2.47203207;2.47254395;2.47177601;2.46988797;2.47091198,20,2.473745608329773,0.0081966046553054,2.469887971878052,2.50816011428833,passed,0,0.0,1.788139343261719e-07,1.862645149230957e-09,8.892307619134954e-07,3.714345950811549e-07,8.892307619134954e-07,3.714345950811549e-07,131072,0,full_state,passed,,2.471951961517334,,,,,,,8.944704525932286,,,,8.944704525932286
cusparse_direct_cudagraph,uniform,NVIDIA GeForce RTX 5090,2.11.0+cu128,12.8,default,0.15,,,,,,dd8c40b48f2129e5,0,131072,256,1,16777216,128.0,uniform,0,128,0.0,0.0,0.0,128.0,128.0,1.0,0.01,0.02,0.0200188755989074,20.0,20.01887559890747,2623.9140625,2654.0,2654,335861.0,339712.0,339712,0.4824323035850497,0.4824323035850495,0.0317220826127069,1.0114660529207022,sampled_16_timesteps_max_2048_sources,converged,2.5869369506835938,0.02,0.0200188755989074,1.8875598907470287e-05,True,20,SpMV,CUSPARSE_SPMV_ALG_DEFAULT,,,torch_cuda_event,gpu_execution,full_rsnn,device_native,independent_inference,sparse_only,"(256, 1, 131072)","(256, 1, 131072)",131072,131072,1,1,BN,csr_post_by_pre,csr_post_by_pre,none,False,False,True,0,torch.int32,torch.float32,torch.float32,dense,,,False,False,False,False,False,True,1.0,65540,404750340,404750340,0,0,False,unknown,unknown,unknown,unknown,unknown,,22.1237431;22.1192951;22.1159992;22.1190395;22.1159992;22.1170235;22.1200638;22.1149769;22.1139526;22.119072;22.1159992;22.1149769;22.1170235;22.1159992;22.1149769;22.1180477;22.1170235;22.1159992;22.119072;22.1200962,20,22.11741895675659,0.0023688491059541,22.11395263671875,22.123743057250977,passed,0,0.0,2.384185791015625e-07,5.587935447692871e-09,1.1920880069737905e-06,1.108152787310246e-06,1.1920880069737905e-06,1.108152787310246e-06,131072,0,full_state,passed,,22.117023468017575,,,,,,,1.0,,,,1.0
tilespmspv_cudagraph,uniform,NVIDIA GeForce RTX 5090,2.11.0+cu128,12.8,default,0.15,,,,,,dd8c40b48f2129e5,0,131072,256,1,16777216,128.0,uniform,0,128,0.0,0.0,0.0,128.0,128.0,1.0,0.01,0.02,0.0200188755989074,20.0,20.01887559890747,2623.9140625,2654.0,2654,335861.0,339712.0,339712,0.4824323035850497,0.4824323035850495,0.0317220826127069,1.0114660529207022,sampled_16_timesteps_max_2048_sources,converged,2.5869369506835938,0.02,0.0200188755989074,1.8875598907470287e-05,True,20,SpMV,CUSPARSE_SPMV_ALG_DEFAULT,,,torch_cuda_event_cudagraph_replay,gpu_execution,full_rsnn,device_adapted,independent_inference,sparse_only,"(256, 1, 131072)","(256, 1, 131072)",131072,131072,1,1,BN,spmspv_csc_dense_device,spmspv_csc_dense_device,none,False,False,True,0,torch.int64,torch.float32,torch.float32,dense_device,,,False,False,False,False,False,True,1.0,524288,338165768,338165768,0,0,False,unknown,unknown,unknown,unknown,unknown,,6.11779213;6.1122241;6.10767984;6.10780811;6.10767984;6.10582399;6.10979223;6.10982418;6.10780811;6.10777617;6.10735989;6.10883188;6.10371208;6.10780811;6.11190414;6.10780811;6.10774422;6.10780811;6.10985613;6.1057601,20,6.108640074729919,0.002906499305185,6.10371208190918,6.117792129516602,passed,0,0.0,0.0,0.0,0.0,0.0,0.0,0.0,131072,0,full_state,passed,,6.1078081130981445,,,,,,,,,,,3.621106468716298
globalatomic_cudagraph,uniform,NVIDIA GeForce RTX 5090,2.11.0+cu128,12.8,default,0.15,,,,,,dd8c40b48f2129e5,0,131072,256,1,16777216,128.0,uniform,0,128,0.0,0.0,0.0,128.0,128.0,1.0,0.01,0.02,0.0200188755989074,20.0,20.01887559890747,2623.9140625,2654.0,2654,335861.0,339712.0,339712,0.4824323035850497,0.4824323035850495,0.0317220826127069,1.0114660529207022,sampled_16_timesteps_max_2048_sources,converged,2.5869369506835938,0.02,0.0200188755989074,1.8875598907470287e-05,True,20,SpMV,CUSPARSE_SPMV_ALG_DEFAULT,,,torch_cuda_event_cudagraph_replay,gpu_execution,full_rsnn,device_adapted,independent_inference,sparse_only,"(256, 1, 131072)","(256, 1, 131072)",131072,131072,1,1,BN,spmspv_csc_dense_device,spmspv_csc_dense_device,none,False,False,True,0,torch.int64,torch.float32,torch.float32,dense_device,,,False,False,False,False,False,True,1.0,524288,338165768,338165768,0,0,False,unknown,unknown,unknown,unknown,unknown,,11.7486076;11.7445765;11.7556801;11.7465277;11.7414722;11.7526398;11.7505283;11.7496958;11.7465277;11.7454395;11.7506237;11.7490244;11.7480001;11.7469759;11.7480001;11.7448645;11.7469759;11.7500477;11.7490244;11.7439041,20,11.747956800460816,0.0032217680200938,11.741472244262695,11.755680084228516,passed,0,0.0,0.0,0.0,0.0,0.0,0.0,0.0,131072,0,full_state,passed,,11.748000144958496,,,,,,,,,,,1.8826202924000488
vdha_cudagraph,uniform,NVIDIA GeForce RTX 5090,2.11.0+cu128,12.8,default,0.15,,,,,,dd8c40b48f2129e5,0,131072,256,1,16777216,128.0,uniform,0,128,0.0,0.0,0.0,128.0,128.0,1.0,0.01,0.02,0.0200188755989074,20.0,20.01887559890747,2623.9140625,2654.0,2654,335861.0,339712.0,339712,0.4824323035850497,0.4824323035850495,0.0317220826127069,1.0114660529207022,sampled_16_timesteps_max_2048_sources,converged,2.5869369506835938,0.02,0.0200188755989074,1.8875598907470287e-05,True,20,SpMV,CUSPARSE_SPMV_ALG_DEFAULT,,,torch_cuda_event_cudagraph_replay,gpu_execution,full_rsnn,device_adapted,independent_inference,sparse_only,"(256, 1, 131072)","(256, 1, 131072)",131072,131072,1,1,BN,spmspv_csc_dense_device,spmspv_csc_dense_device,none,False,False,True,0,torch.int64,torch.float32,torch.float32,dense_device,,,False,False,False,False,False,True,1.0,524288,338165768,338165768,0,0,False,unknown,unknown,unknown,unknown,unknown,,7.56527996;7.55689621;7.54953623;7.54857588;7.54752016;7.55065584;7.55068779;7.54745579;7.55062389;7.55577612;7.54655981;7.55209589;7.55366421;7.55212784;7.55779219;7.55676794;7.55267191;7.55369616;7.55267191;7.54960012,20,7.55253279209137,0.0044192201304894,7.546559810638428,7.565279960632324,passed,0,0.0,0.0,0.0,0.0,0.0,0.0,0.0,131072,0,full_state,passed,,7.552111864089966,,,,,,,,,,,2.928587905746374
persistent_spike_block,uniform,NVIDIA GeForce RTX 5090,2.11.0+cu128,12.8,default,0.15,,,,,,dd8c40b48f2129e5,0,131072,256,1,16777216,128.0,uniform,0,128,0.0,0.0,0.0,128.0,128.0,1.0,0.01,0.02,0.0200188755989074,20.0,20.01887559890747,2623.9140625,2654.0,2654,335861.0,339712.0,339712,0.4824323035850497,0.4824323035850495,0.0317220826127069,1.0114660529207022,sampled_16_timesteps_max_2048_sources,converged,2.5869369506835938,0.02,0.0200188755989074,1.8875598907470287e-05,True,20,SpMV,CUSPARSE_SPMV_ALG_DEFAULT,,,torch_cuda_event,gpu_execution,full_rsnn,device_native,independent_inference,full_fusion,"(256, 1, 131072)","(256, 1, 131072)",131072,131072,1,1,BN,event_csr,event_csr,dense_to_events_precomputed,False,True,True,0,torch.int32,torch.float32,torch.float32,windowed_events,,,False,False,False,False,False,False,1.0,3719184,137133800,137133800,0,0,False,unknown,unknown,unknown,unknown,unknown,,3.27302408;3.2184;3.22908807;3.21654391;3.22704005;3.22463989;3.22604799;3.22252798;3.2259841;3.22460794;3.22803211;3.22044802;3.2311039;3.21747208;3.2259841;3.21942401;3.22927999;3.22144008;3.22867203;3.22870398,20,3.2269232153892515,0.0116773149806867,3.216543912887573,3.273024082183838,passed,0,0.0,4.76837158203125e-07,1.6763806343078613e-08,2.366075477766572e-06,3.325731540826382e-06,2.366075477766572e-06,3.325731540826382e-06,131072,0,full_state,passed,,3.2259840965271,,,,,,,6.855899721212958,,,,6.855899721212958
cusparse_direct_cudagraph,uniform,NVIDIA GeForce RTX 5090,2.11.0+cu128,12.8,default,0.15,,,,,,7d868b69eb939863,0,131072,256,1,16777216,128.0,uniform,0,128,0.0,0.0,0.0,128.0,128.0,1.0,0.01,0.05,0.0497123301029205,50.0,49.71233010292053,6515.89453125,6586.0,6587,834034.5,843008.0,843136,0.4824323035850497,0.4824323035850495,0.0686808827934447,1.0109126181231112,sampled_16_timesteps_max_2048_sources,converged,5.714511871337891,0.05,0.0497123301029205,0.0002876698970794,True,20,SpMV,CUSPARSE_SPMV_ALG_DEFAULT,,,torch_cuda_event,gpu_execution,full_rsnn,device_native,independent_inference,sparse_only,"(256, 1, 131072)","(256, 1, 131072)",131072,131072,1,1,BN,csr_post_by_pre,csr_post_by_pre,none,False,False,True,0,torch.int32,torch.float32,torch.float32,dense,,,False,False,False,False,False,True,1.0,65540,404750340,404750340,0,0,False,unknown,unknown,unknown,unknown,unknown,,22.1305275;22.1090565;22.1118717;22.1067848;22.1078072;22.1129284;22.1118717;22.1067848;22.1139526;22.1108799;22.1118393;22.1088314;22.1078072;22.1067848;22.1088314;22.1139526;22.1088314;22.1078072;22.112896;22.1119041,20,22.11109752655029,0.0051845423168145,22.10678482055664,22.13052749633789,passed,0,0.0,8.344650268554688e-07,1.1175870895385742e-08,4.133463335165288e-06,2.196539753640536e-06,4.133463335165288e-06,2.196539753640536e-06,131072,0,full_state,passed,,22.109968185424805,,,,,,,1.0,,,,1.0
tilespmspv_cudagraph,uniform,NVIDIA GeForce RTX 5090,2.11.0+cu128,12.8,default,0.15,,,,,,7d868b69eb939863,0,131072,256,1,16777216,128.0,uniform,0,128,0.0,0.0,0.0,128.0,128.0,1.0,0.01,0.05,0.0497123301029205,50.0,49.71233010292053,6515.89453125,6586.0,6587,834034.5,843008.0,843136,0.4824323035850497,0.4824323035850495,0.0686808827934447,1.0109126181231112,sampled_16_timesteps_max_2048_sources,converged,5.714511871337891,0.05,0.0497123301029205,0.0002876698970794,True,20,SpMV,CUSPARSE_SPMV_ALG_DEFAULT,,,torch_cuda_event_cudagraph_replay,gpu_execution,full_rsnn,device_adapted,independent_inference,sparse_only,"(256, 1, 131072)","(256, 1, 131072)",131072,131072,1,1,BN,spmspv_csc_dense_device,spmspv_csc_dense_device,none,False,False,True,0,torch.int64,torch.float32,torch.float32,dense_device,,,False,False,False,False,False,True,1.0,524288,338165768,338165768,0,0,False,unknown,unknown,unknown,unknown,unknown,,6.3811202;6.36841583;6.36176014;6.36582422;6.36176014;6.3657918;6.36585617;6.36585617;6.36787224;6.36371183;6.36540794;6.36374378;6.36176014;6.35971212;6.36783981;6.36585617;6.36380816;6.3657918;6.35971212;6.36176014,20,6.365168046951294,0.004554611021229,6.35971212387085,6.381120204925537,passed,0,0.0,9.5367431640625e-07,1.862645149230957e-08,4.721479854197241e-06,3.6633693980547832e-06,4.721479854197241e-06,3.6633693980547832e-06,131072,0,full_state,passed,,6.365599870681763,,,,,,,,,,,3.473351865431781
globalatomic_cudagraph,uniform,NVIDIA GeForce RTX 5090,2.11.0+cu128,12.8,default,0.15,,,,,,7d868b69eb939863,0,131072,256,1,16777216,128.0,uniform,0,128,0.0,0.0,0.0,128.0,128.0,1.0,0.01,0.05,0.0497123301029205,50.0,49.71233010292053,6515.89453125,6586.0,6587,834034.5,843008.0,843136,0.4824323035850497,0.4824323035850495,0.0686808827934447,1.0109126181231112,sampled_16_timesteps_max_2048_sources,converged,5.714511871337891,0.05,0.0497123301029205,0.0002876698970794,True,20,SpMV,CUSPARSE_SPMV_ALG_DEFAULT,,,torch_cuda_event_cudagraph_replay,gpu_execution,full_rsnn,device_adapted,independent_inference,sparse_only,"(256, 1, 131072)","(256, 1, 131072)",131072,131072,1,1,BN,spmspv_csc_dense_device,spmspv_csc_dense_device,none,False,False,True,0,torch.int64,torch.float32,torch.float32,dense_device,,,False,False,False,False,False,True,1.0,524288,338165768,338165768,0,0,False,unknown,unknown,unknown,unknown,unknown,,11.7409601;11.7183037;11.7172155;11.7183361;11.7215042;11.7160959;11.7141762;11.7126398;11.7143364;11.7208643;11.7178564;11.7223997;11.7193279;11.7162237;11.7213764;11.7203522;11.7213764;11.7162561;11.7162561;11.7192965,20,11.71925768852234,0.0057930504849895,11.712639808654783,11.740960121154783,passed,0,0.0,9.5367431640625e-07,1.862645149230957e-08,4.721479854197241e-06,3.6633693980547832e-06,4.721479854197241e-06,3.6633693980547832e-06,131072,0,full_state,passed,,11.7183198928833,,,,,,,,,,,1.886786534889912
vdha_cudagraph,uniform,NVIDIA GeForce RTX 5090,2.11.0+cu128,12.8,default,0.15,,,,,,7d868b69eb939863,0,131072,256,1,16777216,128.0,uniform,0,128,0.0,0.0,0.0,128.0,128.0,1.0,0.01,0.05,0.0497123301029205,50.0,49.71233010292053,6515.89453125,6586.0,6587,834034.5,843008.0,843136,0.4824323035850497,0.4824323035850495,0.0686808827934447,1.0109126181231112,sampled_16_timesteps_max_2048_sources,converged,5.714511871337891,0.05,0.0497123301029205,0.0002876698970794,True,20,SpMV,CUSPARSE_SPMV_ALG_DEFAULT,,,torch_cuda_event_cudagraph_replay,gpu_execution,full_rsnn,device_adapted,independent_inference,sparse_only,"(256, 1, 131072)","(256, 1, 131072)",131072,131072,1,1,BN,spmspv_csc_dense_device,spmspv_csc_dense_device,none,False,False,True,0,torch.int64,torch.float32,torch.float32,dense_device,,,False,False,False,False,False,True,1.0,524288,338165768,338165768,0,0,False,unknown,unknown,unknown,unknown,unknown,,7.72777605;7.70448017;7.71033621;7.71142387;7.71027184;7.7123518;7.70742416;7.70614386;7.70838404;7.71145582;7.71036816;7.71379185;7.71139193;7.71395206;7.71241617;7.71139193;7.71241617;7.71241617;7.71139193;7.70832014,20,7.711395215988159,0.0045755942286043,7.704480171203613,7.727776050567627,passed,0,0.0,9.5367431640625e-07,1.862645149230957e-08,4.721479854197241e-06,3.6633693980547832e-06,4.721479854197241e-06,3.6633693980547832e-06,131072,0,full_state,passed,,7.711391925811768,,,,,,,,,,,2.8671825265964963
persistent_spike_block,uniform,NVIDIA GeForce RTX 5090,2.11.0+cu128,12.8,default,0.15,,,,,,7d868b69eb939863,0,131072,256,1,16777216,128.0,uniform,0,128,0.0,0.0,0.0,128.0,128.0,1.0,0.01,0.05,0.0497123301029205,50.0,49.71233010292053,6515.89453125,6586.0,6587,834034.5,843008.0,843136,0.4824323035850497,0.4824323035850495,0.0686808827934447,1.0109126181231112,sampled_16_timesteps_max_2048_sources,converged,5.714511871337891,0.05,0.0497123301029205,0.0002876698970794,True,20,SpMV,CUSPARSE_SPMV_ALG_DEFAULT,,,torch_cuda_event,gpu_execution,full_rsnn,device_native,independent_inference,full_fusion,"(256, 1, 131072)","(256, 1, 131072)",131072,131072,1,1,BN,event_csr,event_csr,dense_to_events_precomputed,False,True,True,0,torch.int32,torch.float32,torch.float32,windowed_events,,,False,False,False,False,False,False,1.0,3719184,137133800,137133800,0,0,False,unknown,unknown,unknown,unknown,unknown,,4.4775362;4.38988781;4.38316822;4.38793612;4.38105583;4.38560009;4.38108778;4.38384008;4.38102388;4.38787222;4.38416004;4.38870382;4.38320017;4.38988781;4.38719988;4.38572788;4.3761282;4.38361597;4.38374376;4.38579178,20,4.389358377456665,0.0210329135874068,4.376128196716309,4.477536201477051,passed,0,0.0,1.0728836059570312e-06,3.3527612686157227e-08,5.351866548153339e-06,6.574731742148288e-06,5.351866548153339e-06,6.574731742148288e-06,131072,0,full_state,passed,,4.384880065917969,,,,,,,5.042319938754383,,,,5.042319938754383
cusparse_direct_cudagraph,uniform,NVIDIA GeForce RTX 5090,2.11.0+cu128,12.8,default,0.15,,,,,,daa2bac9aa7d3c24,1,131072,256,1,16777216,128.0,uniform,1,128,0.0,0.0,0.0,128.0,128.0,1.0,0.0,0.0,0.0,0.0,0.0,0.0,0.0,0,0.0,0.0,0,0.0,0.0,0.0,0.0,sampled_16_timesteps_max_2048_sources,converged,50.0,0.0,0.0,0.0,True,20,SpMV,CUSPARSE_SPMV_ALG_DEFAULT,,,torch_cuda_event,gpu_execution,full_rsnn,device_native,independent_inference,sparse_only,"(256, 1, 131072)","(256, 1, 131072)",131072,131072,1,1,BN,csr_post_by_pre,csr_post_by_pre,none,False,False,True,0,torch.int32,torch.float32,torch.float32,dense,,,False,False,False,False,False,True,1.0,65540,404750340,404750340,0,0,False,unknown,unknown,unknown,unknown,unknown,,22.1866875;22.1664639;22.1712952;22.1640644;22.1651516;22.1641273;22.1610565;22.1661758;22.1702728;22.1672001;22.1661758;22.1651516;22.1661758;22.1651192;22.1661758;22.1661758;22.1651516;22.1682243;22.1630726;22.1661758,20,22.167004680633543,0.005150699747493,22.161056518554688,22.186687469482425,passed,0,0.0,0.0,0.0,0.0,0.0,0.0,0.0,131072,0,full_state,passed,,22.16617584228516,,,,,,,1.0,,,,1.0
tilespmspv_cudagraph,uniform,NVIDIA GeForce RTX 5090,2.11.0+cu128,12.8,default,0.15,,,,,,daa2bac9aa7d3c24,1,131072,256,1,16777216,128.0,uniform,1,128,0.0,0.0,0.0,128.0,128.0,1.0,0.0,0.0,0.0,0.0,0.0,0.0,0.0,0,0.0,0.0,0,0.0,0.0,0.0,0.0,sampled_16_timesteps_max_2048_sources,converged,50.0,0.0,0.0,0.0,True,20,SpMV,CUSPARSE_SPMV_ALG_DEFAULT,,,torch_cuda_event_cudagraph_replay,gpu_execution,full_rsnn,device_adapted,independent_inference,sparse_only,"(256, 1, 131072)","(256, 1, 131072)",131072,131072,1,1,BN,spmspv_csc_dense_device,spmspv_csc_dense_device,none,False,False,True,0,torch.int64,torch.float32,torch.float32,dense_device,,,False,False,False,False,False,True,1.0,524288,338165768,338165768,0,0,False,unknown,unknown,unknown,unknown,unknown,,5.89436817;5.87113619;5.87433577;5.87222385;5.87734413;5.87657595;5.87609577;5.87436819;5.88057613;5.8732481;5.8717761;5.87638378;5.87433577;5.87638378;5.87740803;5.87638378;5.87638378;5.87638378;5.87433577;5.87433577,20,5.876219129562378,0.0048084827889031,5.87113618850708,5.894368171691895,passed,0,0.0,0.0,0.0,0.0,0.0,0.0,0.0,131072,0,full_state,passed,,5.876239776611328,,,,,,,,,,,3.7721700755832335
globalatomic_cudagraph,uniform,NVIDIA GeForce RTX 5090,2.11.0+cu128,12.8,default,0.15,,,,,,daa2bac9aa7d3c24,1,131072,256,1,16777216,128.0,uniform,1,128,0.0,0.0,0.0,128.0,128.0,1.0,0.0,0.0,0.0,0.0,0.0,0.0,0.0,0,0.0,0.0,0,0.0,0.0,0.0,0.0,sampled_16_timesteps_max_2048_sources,converged,50.0,0.0,0.0,0.0,True,20,SpMV,CUSPARSE_SPMV_ALG_DEFAULT,,,torch_cuda_event_cudagraph_replay,gpu_execution,full_rsnn,device_adapted,independent_inference,sparse_only,"(256, 1, 131072)","(256, 1, 131072)",131072,131072,1,1,BN,spmspv_csc_dense_device,spmspv_csc_dense_device,none,False,False,True,0,torch.int64,torch.float32,torch.float32,dense_device,,,False,False,False,False,False,True,1.0,524288,338165768,338165768,0,0,False,unknown,unknown,unknown,unknown,unknown,,11.7114239;11.6920643;11.6967678;11.6957121;11.6926403;11.6896;11.6936636;11.6928644;11.6956158;11.6885757;11.6952963;11.6947517;11.6896324;11.6875839;11.6927042;11.6937284;11.6947517;11.6875839;11.6886082;11.6855364,20,11.692955255508425,0.00541645297355,11.68553638458252,11.711423873901367,passed,0,0.0,0.0,0.0,0.0,0.0,0.0,0.0,131072,0,full_state,passed,,11.692784309387209,,,,,,,,,,,1.8957140793651428
vdha_cudagraph,uniform,NVIDIA GeForce RTX 5090,2.11.0+cu128,12.8,default,0.15,,,,,,daa2bac9aa7d3c24,1,131072,256,1,16777216,128.0,uniform,1,128,0.0,0.0,0.0,128.0,128.0,1.0,0.0,0.0,0.0,0.0,0.0,0.0,0.0,0,0.0,0.0,0,0.0,0.0,0.0,0.0,sampled_16_timesteps_max_2048_sources,converged,50.0,0.0,0.0,0.0,True,20,SpMV,CUSPARSE_SPMV_ALG_DEFAULT,,,torch_cuda_event_cudagraph_replay,gpu_execution,full_rsnn,device_adapted,independent_inference,sparse_only,"(256, 1, 131072)","(256, 1, 131072)",131072,131072,1,1,BN,spmspv_csc_dense_device,spmspv_csc_dense_device,none,False,False,True,0,torch.int64,torch.float32,torch.float32,dense_device,,,False,False,False,False,False,True,1.0,524288,338165768,338165768,0,0,False,unknown,unknown,unknown,unknown,unknown,,6.15011215;6.13248014;6.13407993;6.13190413;6.13238382;6.13385582;6.13052797;6.13382387;6.13443184;6.13379192;6.13600016;6.13401604;6.13289595;6.13395214;6.13033581;6.13433599;6.13238382;6.13033581;6.13238382;6.13647985,20,6.1340255498886105,0.0041346250307567,6.130335807800293,6.150112152099609,passed,0,0.0,0.0,0.0,0.0,0.0,0.0,0.0,131072,0,full_state,passed,,6.133807897567749,,,,,,,,,,,3.6137707949860567
persistent_spike_block,uniform,NVIDIA GeForce RTX 5090,2.11.0+cu128,12.8,default,0.15,,,,,,daa2bac9aa7d3c24,1,131072,256,1,16777216,128.0,uniform,1,128,0.0,0.0,0.0,128.0,128.0,1.0,0.0,0.0,0.0,0.0,0.0,0.0,0.0,0,0.0,0.0,0,0.0,0.0,0.0,0.0,sampled_16_timesteps_max_2048_sources,converged,50.0,0.0,0.0,0.0,True,20,SpMV,CUSPARSE_SPMV_ALG_DEFAULT,,,torch_cuda_event,gpu_execution,full_rsnn,device_native,independent_inference,full_fusion,"(256, 1, 131072)","(256, 1, 131072)",131072,131072,1,1,BN,event_csr,event_csr,dense_to_events_precomputed,False,True,True,0,torch.int32,torch.float32,torch.float32,windowed_events,,,False,False,False,False,False,False,1.0,3719184,135791624,135791624,0,0,False,unknown,unknown,unknown,unknown,unknown,,1.900576;1.84422398;1.84662402;1.84726405;1.84252799;1.84319997;1.84054399;1.84313595;1.84371197;1.84828806;1.84361601;1.84937596;1.84563196;1.85135996;1.84579206;1.84934402;1.84460795;1.84726405;1.84524798;1.84832001,20,1.848532795906067,0.0125454339486811,1.8405439853668213,1.9005759954452517,passed,0,0.0,0.0,0.0,0.0,0.0,0.0,0.0,131072,0,full_state,passed,,1.8457120060920715,,,,,,,12.009552827917954,,,,12.009552827917954
cusparse_direct_cudagraph,uniform,NVIDIA GeForce RTX 5090,2.11.0+cu128,12.8,default,0.15,,,,,,a90fa1ea370abf87,1,131072,256,1,16777216,128.0,uniform,1,128,0.0,0.0,0.0,128.0,128.0,1.0,0.0001,0.0001,9.998679161071776e-05,0.1,0.0999867916107177,13.10546875,14.0,14,1677.5,1792.0,1792,0.0,0.0,0.0234372740782375,1.0682563338301043,sampled_16_timesteps_max_2048_sources,converged,1.5625,0.0001,9.998679161071776e-05,1.3208389282231356e-08,True,20,SpMV,CUSPARSE_SPMV_ALG_DEFAULT,,,torch_cuda_event,gpu_execution,full_rsnn,device_native,independent_inference,sparse_only,"(256, 1, 131072)","(256, 1, 131072)",131072,131072,1,1,BN,csr_post_by_pre,csr_post_by_pre,none,False,False,True,0,torch.int32,torch.float32,torch.float32,dense,,,False,False,False,False,False,True,1.0,65540,404750340,404750340,0,0,False,unknown,unknown,unknown,unknown,unknown,,22.1520634;22.1417599;22.1426239;22.1415997;22.1426239;22.1456966;22.1405754;22.1395512;22.1425591;22.1415997;22.1415997;22.1405754;22.1415997;22.1405754;22.1415997;22.1528645;22.1436481;22.1405754;22.1415997;22.1436481,20,22.142946910858157,0.0035295590010348,22.139551162719727,22.15286445617676,passed,0,0.0,1.4901161193847656e-08,0.0,7.44136983144017e-08,0.0,7.44136983144017e-08,0.0,131072,0,full_state,passed,,22.141599655151367,,,,,,,1.0,,,,1.0
tilespmspv_cudagraph,uniform,NVIDIA GeForce RTX 5090,2.11.0+cu128,12.8,default,0.15,,,,,,a90fa1ea370abf87,1,131072,256,1,16777216,128.0,uniform,1,128,0.0,0.0,0.0,128.0,128.0,1.0,0.0001,0.0001,9.998679161071776e-05,0.1,0.0999867916107177,13.10546875,14.0,14,1677.5,1792.0,1792,0.0,0.0,0.0234372740782375,1.0682563338301043,sampled_16_timesteps_max_2048_sources,converged,1.5625,0.0001,9.998679161071776e-05,1.3208389282231356e-08,True,20,SpMV,CUSPARSE_SPMV_ALG_DEFAULT,,,torch_cuda_event_cudagraph_replay,gpu_execution,full_rsnn,device_adapted,independent_inference,sparse_only,"(256, 1, 131072)","(256, 1, 131072)",131072,131072,1,1,BN,spmspv_csc_dense_device,spmspv_csc_dense_device,none,False,False,True,0,torch.int64,torch.float32,torch.float32,dense_device,,,False,False,False,False,False,True,1.0,524288,338165768,338165768,0,0,False,unknown,unknown,unknown,unknown,unknown,,5.97820807;5.96655989;5.96649599;5.96659184;5.96844816;5.96854401;5.96752024;5.96851206;5.96643209;5.96851206;5.9681282;5.96854401;5.96547222;5.96649599;5.97059202;5.96649599;5.96649599;5.96444798;5.97059202;5.96547222,20,5.967928051948547,0.0029024629744337,5.964447975158691,5.978208065032959,passed,0,0.0,0.0,0.0,0.0,0.0,0.0,0.0,131072,0,full_state,passed,,5.967056035995483,,,,,,,,,,,3.7106404769093952
globalatomic_cudagraph,uniform,NVIDIA GeForce RTX 5090,2.11.0+cu128,12.8,default,0.15,,,,,,a90fa1ea370abf87,1,131072,256,1,16777216,128.0,uniform,1,128,0.0,0.0,0.0,128.0,128.0,1.0,0.0001,0.0001,9.998679161071776e-05,0.1,0.0999867916107177,13.10546875,14.0,14,1677.5,1792.0,1792,0.0,0.0,0.0234372740782375,1.0682563338301043,sampled_16_timesteps_max_2048_sources,converged,1.5625,0.0001,9.998679161071776e-05,1.3208389282231356e-08,True,20,SpMV,CUSPARSE_SPMV_ALG_DEFAULT,,,torch_cuda_event_cudagraph_replay,gpu_execution,full_rsnn,device_adapted,independent_inference,sparse_only,"(256, 1, 131072)","(256, 1, 131072)",131072,131072,1,1,BN,spmspv_csc_dense_device,spmspv_csc_dense_device,none,False,False,True,0,torch.int64,torch.float32,torch.float32,dense_device,,,False,False,False,False,False,True,1.0,524288,338165768,338165768,0,0,False,unknown,unknown,unknown,unknown,unknown,,11.7171841;11.7023363;11.7049923;11.699296;11.7004805;11.7014399;11.6978884;11.6946878;11.6992636;11.6969604;11.7014084;11.6988478;11.703968;11.7019196;11.7070398;11.7019196;11.7090883;11.7019196;11.6947517;11.703968,20,11.701968002319337,0.0051249076222096,11.694687843322754,11.71718406677246,passed,0,0.0,0.0,0.0,0.0,0.0,0.0,0.0,131072,0,full_state,passed,,11.701679706573486,,,,,,,,,,,1.8921727658220893
vdha_cudagraph,uniform,NVIDIA GeForce RTX 5090,2.11.0+cu128,12.8,default,0.15,,,,,,a90fa1ea370abf87,1,131072,256,1,16777216,128.0,uniform,1,128,0.0,0.0,0.0,128.0,128.0,1.0,0.0001,0.0001,9.998679161071776e-05,0.1,0.0999867916107177,13.10546875,14.0,14,1677.5,1792.0,1792,0.0,0.0,0.0234372740782375,1.0682563338301043,sampled_16_timesteps_max_2048_sources,converged,1.5625,0.0001,9.998679161071776e-05,1.3208389282231356e-08,True,20,SpMV,CUSPARSE_SPMV_ALG_DEFAULT,,,torch_cuda_event_cudagraph_replay,gpu_execution,full_rsnn,device_adapted,independent_inference,sparse_only,"(256, 1, 131072)","(256, 1, 131072)",131072,131072,1,1,BN,spmspv_csc_dense_device,spmspv_csc_dense_device,none,False,False,True,0,torch.int64,torch.float32,torch.float32,dense_device,,,False,False,False,False,False,True,1.0,524288,338165768,338165768,0,0,False,unknown,unknown,unknown,unknown,unknown,,8.26422405;8.24905586;8.24915218;8.25244808;8.25641632;8.25398445;8.24902439;8.23884773;8.24895954;8.25235176;8.24694443;8.25036812;8.24448013;8.24851227;8.24592018;8.24489594;8.24489594;8.24892807;8.24899197;8.24489594,20,8.249164867401124,0.0052519675892243,8.238847732543945,8.2642240524292,passed,0,0.0,0.0,0.0,0.0,0.0,0.0,0.0,131072,0,full_state,passed,,8.24897575378418,,,,,,,,,,,2.684163502965081
persistent_spike_block,uniform,NVIDIA GeForce RTX 5090,2.11.0+cu128,12.8,default,0.15,,,,,,a90fa1ea370abf87,1,131072,256,1,16777216,128.0,uniform,1,128,0.0,0.0,0.0,128.0,128.0,1.0,0.0001,0.0001,9.998679161071776e-05,0.1,0.0999867916107177,13.10546875,14.0,14,1677.5,1792.0,1792,0.0,0.0,0.0234372740782375,1.0682563338301043,sampled_16_timesteps_max_2048_sources,converged,1.5625,0.0001,9.998679161071776e-05,1.3208389282231356e-08,True,20,SpMV,CUSPARSE_SPMV_ALG_DEFAULT,,,torch_cuda_event,gpu_execution,full_rsnn,device_native,independent_inference,full_fusion,"(256, 1, 131072)","(256, 1, 131072)",131072,131072,1,1,BN,event_csr,event_csr,dense_to_events_precomputed,False,True,True,0,torch.int32,torch.float32,torch.float32,windowed_events,,,False,False,False,False,False,False,1.0,3719184,135805044,135805044,0,0,False,unknown,unknown,unknown,unknown,unknown,,2.37590408;2.32140803;2.32182407;2.32038403;2.31772804;2.32038403;2.3228159;2.32441592;2.32179189;2.32764792;2.32191992;2.32656002;2.32486391;2.32649589;2.32601595;2.32435203;2.32179189;2.32656002;2.32751989;2.32448006,20,2.3262431740760805,0.0120004170683025,2.317728042602539,2.375904083251953,passed,0,0.0,1.4901161193847656e-08,0.0,7.44136983144017e-08,0.0,7.44136983144017e-08,0.0,131072,0,full_state,passed,,2.3243839740753174,,,,,,,9.5257925979978,,,,9.5257925979978
cusparse_direct_cudagraph,uniform,NVIDIA GeForce RTX 5090,2.11.0+cu128,12.8,default,0.15,,,,,,ca944e4160fcb40b,1,131072,256,1,16777216,128.0,uniform,1,128,0.0,0.0,0.0,128.0,128.0,1.0,0.0002,0.0002,0.0002000033855438,0.2,0.2000033855438232,26.21484375,27.0,31,3355.5,3456.0,3968,0.0,0.0,0.0189511210579301,1.182536134704217,sampled_16_timesteps_max_2048_sources,converged,1.5625,0.0002,0.0002000033855438,3.385543823232603e-09,True,20,SpMV,CUSPARSE_SPMV_ALG_DEFAULT,,,torch_cuda_event,gpu_execution,full_rsnn,device_native,independent_inference,sparse_only,"(256, 1, 131072)","(256, 1, 131072)",131072,131072,1,1,BN,csr_post_by_pre,csr_post_by_pre,none,False,False,True,0,torch.int32,torch.float32,torch.float32,dense,,,False,False,False,False,False,True,1.0,65540,404750340,404750340,0,0,False,unknown,unknown,unknown,unknown,unknown,,22.1442871;22.1377926;22.1344318;22.1293125;22.1323833;22.1334076;22.1323833;22.1354561;22.1364803;22.1334076;22.1293125;22.1303368;22.1293125;22.1323833;22.1334076;22.1323204;22.1354561;22.1323528;22.1293449;22.1344318,20,22.13340005874634,0.0035482340036996,22.12931251525879,22.144287109375,passed,0,0.0,1.862645149230957e-09,0.0,9.312536519701098e-09,0.0,9.312536519701098e-09,0.0,131072,0,full_state,passed,,22.132895469665527,,,,,,,1.0,,,,1.0
tilespmspv_cudagraph,uniform,NVIDIA GeForce RTX 5090,2.11.0+cu128,12.8,default,0.15,,,,,,ca944e4160fcb40b,1,131072,256,1,16777216,128.0,uniform,1,128,0.0,0.0,0.0,128.0,128.0,1.0,0.0002,0.0002,0.0002000033855438,0.2,0.2000033855438232,26.21484375,27.0,31,3355.5,3456.0,3968,0.0,0.0,0.0189511210579301,1.182536134704217,sampled_16_timesteps_max_2048_sources,converged,1.5625,0.0002,0.0002000033855438,3.385543823232603e-09,True,20,SpMV,CUSPARSE_SPMV_ALG_DEFAULT,,,torch_cuda_event_cudagraph_replay,gpu_execution,full_rsnn,device_adapted,independent_inference,sparse_only,"(256, 1, 131072)","(256, 1, 131072)",131072,131072,1,1,BN,spmspv_csc_dense_device,spmspv_csc_dense_device,none,False,False,True,0,torch.int64,torch.float32,torch.float32,dense_device,,,False,False,False,False,False,True,1.0,524288,338165768,338165768,0,0,False,unknown,unknown,unknown,unknown,unknown,,6.01030397;5.99689579;5.99459219;5.99728012;6.00127983;5.99664021;5.99673605;5.99823999;5.99878407;5.99667215;6.00089598;5.99312019;5.99721622;5.99926376;5.99823999;5.99926376;5.99721622;5.99926376;5.99926376;6.00127983,20,5.998622393608093,0.0034355838901401,5.993120193481445,6.010303974151611,passed,0,0.0,0.0,0.0,0.0,0.0,0.0,0.0,131072,0,full_state,passed,,5.998239994049072,,,,,,,,,,,3.689898285434369
globalatomic_cudagraph,uniform,NVIDIA GeForce RTX 5090,2.11.0+cu128,12.8,default,0.15,,,,,,ca944e4160fcb40b,1,131072,256,1,16777216,128.0,uniform,1,128,0.0,0.0,0.0,128.0,128.0,1.0,0.0002,0.0002,0.0002000033855438,0.2,0.2000033855438232,26.21484375,27.0,31,3355.5,3456.0,3968,0.0,0.0,0.0189511210579301,1.182536134704217,sampled_16_timesteps_max_2048_sources,converged,1.5625,0.0002,0.0002000033855438,3.385543823232603e-09,True,20,SpMV,CUSPARSE_SPMV_ALG_DEFAULT,,,torch_cuda_event_cudagraph_replay,gpu_execution,full_rsnn,device_adapted,independent_inference,sparse_only,"(256, 1, 131072)","(256, 1, 131072)",131072,131072,1,1,BN,spmspv_csc_dense_device,spmspv_csc_dense_device,none,False,False,True,0,torch.int64,torch.float32,torch.float32,dense_device,,,False,False,False,False,False,True,1.0,524288,338165768,338165768,0,0,False,unknown,unknown,unknown,unknown,unknown,,11.7148161;11.7040644;11.7049599;11.7080641;11.7071676;11.7079039;11.7080002;11.7111683;11.7080002;11.7090244;11.7035198;11.7049923;11.703968;11.7080641;11.7090883;11.7060156;11.7090559;11.703968;11.7059841;11.7029438,20,11.70703845024109,0.0029199381808504,11.702943801879885,11.714816093444824,passed,0,0.0,0.0,0.0,0.0,0.0,0.0,0.0,131072,0,full_state,passed,,11.70753574371338,,,,,,,,,,,1.8904828440562549
vdha_cudagraph,uniform,NVIDIA GeForce RTX 5090,2.11.0+cu128,12.8,default,0.15,,,,,,ca944e4160fcb40b,1,131072,256,1,16777216,128.0,uniform,1,128,0.0,0.0,0.0,128.0,128.0,1.0,0.0002,0.0002,0.0002000033855438,0.2,0.2000033855438232,26.21484375,27.0,31,3355.5,3456.0,3968,0.0,0.0,0.0189511210579301,1.182536134704217,sampled_16_timesteps_max_2048_sources,converged,1.5625,0.0002,0.0002000033855438,3.385543823232603e-09,True,20,SpMV,CUSPARSE_SPMV_ALG_DEFAULT,,,torch_cuda_event_cudagraph_replay,gpu_execution,full_rsnn,device_adapted,independent_inference,sparse_only,"(256, 1, 131072)","(256, 1, 131072)",131072,131072,1,1,BN,spmspv_csc_dense_device,spmspv_csc_dense_device,none,False,False,True,0,torch.int64,torch.float32,torch.float32,dense_device,,,False,False,False,False,False,True,1.0,524288,338165768,338165768,0,0,False,unknown,unknown,unknown,unknown,unknown,,8.28115177;8.27372837;8.26959991;8.27510357;8.27363205;8.27702427;8.27971172;8.27763176;8.27308846;8.27519989;8.2750082;8.27513599;8.27516842;8.27315235;8.27151966;8.27356815;8.27766418;8.28070354;8.28176022;8.27561569,20,8.275758409500122,0.0032383415541416,8.269599914550781,8.281760215759277,passed,0,0.0,0.0,0.0,0.0,0.0,0.0,0.0,131072,0,full_state,passed,,8.275152206420898,,,,,,,,,,,2.674620951683772
persistent_spike_block,uniform,NVIDIA GeForce RTX 5090,2.11.0+cu128,12.8,default,0.15,,,,,,ca944e4160fcb40b,1,131072,256,1,16777216,128.0,uniform,1,128,0.0,0.0,0.0,128.0,128.0,1.0,0.0002,0.0002,0.0002000033855438,0.2,0.2000033855438232,26.21484375,27.0,31,3355.5,3456.0,3968,0.0,0.0,0.0189511210579301,1.182536134704217,sampled_16_timesteps_max_2048_sources,converged,1.5625,0.0002,0.0002000033855438,3.385543823232603e-09,True,20,SpMV,CUSPARSE_SPMV_ALG_DEFAULT,,,torch_cuda_event,gpu_execution,full_rsnn,device_native,independent_inference,full_fusion,"(256, 1, 131072)","(256, 1, 131072)",131072,131072,1,1,BN,event_csr,event_csr,dense_to_events_precomputed,False,True,True,0,torch.int32,torch.float32,torch.float32,windowed_events,,,False,False,False,False,False,False,1.0,3719184,135818468,135818468,0,0,False,unknown,unknown,unknown,unknown,unknown,,2.38403201;2.34636807;2.34703994;2.34742403;2.3448;2.34739208;2.34905601;2.34960008;2.35004807;2.34976006;2.34684801;2.34732795;2.34908795;2.3473599;2.34694409;2.3494401;2.34595203;2.35164809;2.34905601;2.34905601,20,2.349912023544312,0.0081981291152449,2.3447999954223637,2.3840320110321045,passed,0,0.0,1.862645149230957e-09,0.0,9.312536519701098e-09,0.0,9.312536519701098e-09,0.0,131072,0,full_state,passed,,2.34824001789093,,,,,,,9.425312276870304,,,,9.425312276870304
cusparse_direct_cudagraph,uniform,NVIDIA GeForce RTX 5090,2.11.0+cu128,12.8,default,0.15,,,,,,16e38bcd13cdc9e2,1,131072,256,1,16777216,128.0,uniform,1,128,0.0,0.0,0.0,128.0,128.0,1.0,0.0005,0.0005,0.0004999935626983,0.5,0.4999935626983642,65.53515625,66.0,80,8388.5,8448.0,10240,0.0,0.0,0.0186806632977259,1.2207188412707874,sampled_16_timesteps_max_2048_sources,converged,1.5625,0.0005,0.0004999935626983,6.437301635752596e-09,True,20,SpMV,CUSPARSE_SPMV_ALG_DEFAULT,,,torch_cuda_event,gpu_execution,full_rsnn,device_native,independent_inference,sparse_only,"(256, 1, 131072)","(256, 1, 131072)",131072,131072,1,1,BN,csr_post_by_pre,csr_post_by_pre,none,False,False,True,0,torch.int32,torch.float32,torch.float32,dense,,,False,False,False,False,False,True,1.0,65540,404750340,404750340,0,0,False,unknown,unknown,unknown,unknown,unknown,,22.1403522;22.1234245;22.1180477;22.116993;22.1180477;22.121088;22.1200962;22.121088;22.1221447;22.1211205;22.1200962;22.119072;22.1231689;22.1200962;22.119072;22.1200638;22.1211205;22.1200962;22.1231689;22.1262398,20,22.121729850769043,0.004882945530265,22.116992950439453,22.140352249145508,passed,0,0.0,1.4901161193847656e-08,0.0,7.443061633694016e-08,0.0,7.443061633694016e-08,0.0,131072,0,full_state,passed,,22.12059211730957,,,,,,,1.0,,,,1.0
tilespmspv_cudagraph,uniform,NVIDIA GeForce RTX 5090,2.11.0+cu128,12.8,default,0.15,,,,,,16e38bcd13cdc9e2,1,131072,256,1,16777216,128.0,uniform,1,128,0.0,0.0,0.0,128.0,128.0,1.0,0.0005,0.0005,0.0004999935626983,0.5,0.4999935626983642,65.53515625,66.0,80,8388.5,8448.0,10240,0.0,0.0,0.0186806632977259,1.2207188412707874,sampled_16_timesteps_max_2048_sources,converged,1.5625,0.0005,0.0004999935626983,6.437301635752596e-09,True,20,SpMV,CUSPARSE_SPMV_ALG_DEFAULT,,,torch_cuda_event_cudagraph_replay,gpu_execution,full_rsnn,device_adapted,independent_inference,sparse_only,"(256, 1, 131072)","(256, 1, 131072)",131072,131072,1,1,BN,spmspv_csc_dense_device,spmspv_csc_dense_device,none,False,False,True,0,torch.int64,torch.float32,torch.float32,dense_device,,,False,False,False,False,False,True,1.0,524288,338165768,338165768,0,0,False,unknown,unknown,unknown,unknown,unknown,,6.05769587;6.03273582;6.03203201;6.029984;6.02995205;6.03417587;6.0298562;6.03715181;6.03001595;6.03408003;6.02748823;6.029984;6.029984;6.03408003;6.029984;6.03305578;6.03203201;6.0299201;6.029984;6.03203201,20,6.032811188697815,0.0062678570056402,6.027488231658936,6.057695865631104,passed,0,0.0,0.0,0.0,0.0,0.0,0.0,0.0,131072,0,full_state,passed,,6.031023979187012,,,,,,,,,,,3.667800392379048
globalatomic_cudagraph,uniform,NVIDIA GeForce RTX 5090,2.11.0+cu128,12.8,default,0.15,,,,,,16e38bcd13cdc9e2,1,131072,256,1,16777216,128.0,uniform,1,128,0.0,0.0,0.0,128.0,128.0,1.0,0.0005,0.0005,0.0004999935626983,0.5,0.4999935626983642,65.53515625,66.0,80,8388.5,8448.0,10240,0.0,0.0,0.0186806632977259,1.2207188412707874,sampled_16_timesteps_max_2048_sources,converged,1.5625,0.0005,0.0004999935626983,6.437301635752596e-09,True,20,SpMV,CUSPARSE_SPMV_ALG_DEFAULT,,,torch_cuda_event_cudagraph_replay,gpu_execution,full_rsnn,device_adapted,independent_inference,sparse_only,"(256, 1, 131072)","(256, 1, 131072)",131072,131072,1,1,BN,spmspv_csc_dense_device,spmspv_csc_dense_device,none,False,False,True,0,torch.int64,torch.float32,torch.float32,dense_device,,,False,False,False,False,False,True,1.0,524288,338165768,338165768,0,0,False,unknown,unknown,unknown,unknown,unknown,,11.7782717;11.7238083;11.7230396;11.7280636;11.7290564;11.7285757;11.7280321;11.7270718;11.7281284;11.7235518;11.7259521;11.7285442;11.72752;11.7326403;11.723424;11.7223358;11.7285442;11.7254725;11.7244482;11.723424,20,11.72899522781372,0.0119014386186593,11.722335815429688,11.778271675109863,passed,0,0.0,0.0,0.0,0.0,0.0,0.0,0.0,131072,0,full_state,passed,,11.727295875549316,,,,,,,,,,,1.8862483177754243
vdha_cudagraph,uniform,NVIDIA GeForce RTX 5090,2.11.0+cu128,12.8,default,0.15,,,,,,16e38bcd13cdc9e2,1,131072,256,1,16777216,128.0,uniform,1,128,0.0,0.0,0.0,128.0,128.0,1.0,0.0005,0.0005,0.0004999935626983,0.5,0.4999935626983642,65.53515625,66.0,80,8388.5,8448.0,10240,0.0,0.0,0.0186806632977259,1.2207188412707874,sampled_16_timesteps_max_2048_sources,converged,1.5625,0.0005,0.0004999935626983,6.437301635752596e-09,True,20,SpMV,CUSPARSE_SPMV_ALG_DEFAULT,,,torch_cuda_event_cudagraph_replay,gpu_execution,full_rsnn,device_adapted,independent_inference,sparse_only,"(256, 1, 131072)","(256, 1, 131072)",131072,131072,1,1,BN,spmspv_csc_dense_device,spmspv_csc_dense_device,none,False,False,True,0,torch.int64,torch.float32,torch.float32,dense_device,,,False,False,False,False,False,True,1.0,524288,338165768,338165768,0,0,False,unknown,unknown,unknown,unknown,unknown,,12.8875837;12.4232635;12.4227524;12.418848;12.42064;12.4207363;12.4166718;12.4228802;12.4309759;12.4228163;12.4207363;12.4182396;12.419776;12.4202242;12.4207678;12.4187202;12.4228163;12.4187202;12.4187202;12.4228163,20,12.444435262680054,0.1043491842633958,12.416671752929688,12.88758373260498,passed,0,0.0,0.0,0.0,0.0,0.0,0.0,0.0,131072,0,full_state,passed,,12.420736312866213,,,,,,,,,,,1.7809404821190524
persistent_spike_block,uniform,NVIDIA GeForce RTX 5090,2.11.0+cu128,12.8,default,0.15,,,,,,16e38bcd13cdc9e2,1,131072,256,1,16777216,128.0,uniform,1,128,0.0,0.0,0.0,128.0,128.0,1.0,0.0005,0.0005,0.0004999935626983,0.5,0.4999935626983642,65.53515625,66.0,80,8388.5,8448.0,10240,0.0,0.0,0.0186806632977259,1.2207188412707874,sampled_16_timesteps_max_2048_sources,converged,1.5625,0.0005,0.0004999935626983,6.437301635752596e-09,True,20,SpMV,CUSPARSE_SPMV_ALG_DEFAULT,,,torch_cuda_event,gpu_execution,full_rsnn,device_native,independent_inference,full_fusion,"(256, 1, 131072)","(256, 1, 131072)",131072,131072,1,1,BN,event_csr,event_csr,dense_to_events_precomputed,False,True,True,0,torch.int32,torch.float32,torch.float32,windowed_events,,,False,False,False,False,False,False,1.0,3719184,135858732,135858732,0,0,False,unknown,unknown,unknown,unknown,unknown,,2.41625595;2.37673593;2.37606406;2.37785602;2.37712002;2.37769604;2.38019204;2.37673593;2.37504005;2.37766409;2.37500811;2.37772799;2.37609601;2.37996793;2.37913609;2.37779188;2.37724805;2.37766409;2.37872005;2.37670398,20,2.379371213912964,0.0087904171889819,2.375008106231689,2.4162559509277344,passed,0,0.0,1.4901161193847656e-08,0.0,7.443061633694016e-08,0.0,7.443061633694016e-08,0.0,131072,0,full_state,passed,,2.377664089202881,,,,,,,9.3034975873003,,,,9.3034975873003
cusparse_direct_cudagraph,uniform,NVIDIA GeForce RTX 5090,2.11.0+cu128,12.8,default,0.15,,,,,,7b4789a9c5416207,1,131072,256,1,16777216,128.0,uniform,1,128,0.0,0.0,0.0,128.0,128.0,1.0,0.001,0.001,0.0009999871253967,1.0,0.9999871253967284,131.0703125,131.0,203,16777.0,16768.0,25984,0.0048395470727848,0.0048395470727848,0.0369137525468317,1.5487870298623114,sampled_16_timesteps_max_2048_sources,converged,1.5625,0.001,0.0009999871253967,1.2874603271505192e-08,True,20,SpMV,CUSPARSE_SPMV_ALG_DEFAULT,,,torch_cuda_event,gpu_execution,full_rsnn,device_native,independent_inference,sparse_only,"(256, 1, 131072)","(256, 1, 131072)",131072,131072,1,1,BN,csr_post_by_pre,csr_post_by_pre,none,False,False,True,0,torch.int32,torch.float32,torch.float32,dense,,,False,False,False,False,False,True,1.0,65540,404750340,404750340,0,0,False,unknown,unknown,unknown,unknown,unknown,,22.1256313;22.1173763;22.1159992;22.1170235;22.1159992;22.1129284;22.1139526;22.1170235;22.1180477;22.1149769;22.1139526;22.1169281;22.1170235;22.1139526;22.1129284;22.1159992;22.1149769;22.1200962;22.1129284;22.1159992,20,22.116187191009523,0.0029191282834839,22.11292839050293,22.12563133239746,passed,0,0.0,1.4901161193847656e-08,2.3283064365386963e-10,7.445900251923376e-08,4.655521124163897e-08,7.445900251923376e-08,4.655521124163897e-08,131072,0,full_state,passed,,22.11599922180176,,,,,,,1.0,,,,1.0
tilespmspv_cudagraph,uniform,NVIDIA GeForce RTX 5090,2.11.0+cu128,12.8,default,0.15,,,,,,7b4789a9c5416207,1,131072,256,1,16777216,128.0,uniform,1,128,0.0,0.0,0.0,128.0,128.0,1.0,0.001,0.001,0.0009999871253967,1.0,0.9999871253967284,131.0703125,131.0,203,16777.0,16768.0,25984,0.0048395470727848,0.0048395470727848,0.0369137525468317,1.5487870298623114,sampled_16_timesteps_max_2048_sources,converged,1.5625,0.001,0.0009999871253967,1.2874603271505192e-08,True,20,SpMV,CUSPARSE_SPMV_ALG_DEFAULT,,,torch_cuda_event_cudagraph_replay,gpu_execution,full_rsnn,device_adapted,independent_inference,sparse_only,"(256, 1, 131072)","(256, 1, 131072)",131072,131072,1,1,BN,spmspv_csc_dense_device,spmspv_csc_dense_device,none,False,False,True,0,torch.int64,torch.float32,torch.float32,dense_device,,,False,False,False,False,False,True,1.0,524288,338165768,338165768,0,0,False,unknown,unknown,unknown,unknown,unknown,,6.03449583;6.02262402;6.01750422;6.02179193;6.01580811;6.01955223;6.01772785;6.0187521;6.0219202;6.01961613;6.01721621;6.01564789;6.0176959;6.01763201;6.01564789;6.02076817;6.01974392;6.0176959;6.0176959;6.02179193,20,6.0195664167404175,0.0041170601412622,6.015647888183594,6.034495830535889,passed,0,0.0,0.0,0.0,0.0,0.0,0.0,0.0,131072,0,full_state,passed,,6.018239974975586,,,,,,,,,,,3.6748284072689335
globalatomic_cudagraph,uniform,NVIDIA GeForce RTX 5090,2.11.0+cu128,12.8,default,0.15,,,,,,7b4789a9c5416207,1,131072,256,1,16777216,128.0,uniform,1,128,0.0,0.0,0.0,128.0,128.0,1.0,0.001,0.001,0.0009999871253967,1.0,0.9999871253967284,131.0703125,131.0,203,16777.0,16768.0,25984,0.0048395470727848,0.0048395470727848,0.0369137525468317,1.5487870298623114,sampled_16_timesteps_max_2048_sources,converged,1.5625,0.001,0.0009999871253967,1.2874603271505192e-08,True,20,SpMV,CUSPARSE_SPMV_ALG_DEFAULT,,,torch_cuda_event_cudagraph_replay,gpu_execution,full_rsnn,device_adapted,independent_inference,sparse_only,"(256, 1, 131072)","(256, 1, 131072)",131072,131072,1,1,BN,spmspv_csc_dense_device,spmspv_csc_dense_device,none,False,False,True,0,torch.int64,torch.float32,torch.float32,dense_device,,,False,False,False,False,False,True,1.0,524288,338165768,338165768,0,0,False,unknown,unknown,unknown,unknown,unknown,,11.7883196;11.7547197;11.749568;11.7526722;11.753376;11.7499199;11.7505598;11.7515516;11.7609282;11.7490244;11.7536316;11.7531204;11.7459517;11.7469759;11.7490244;11.7541437;11.7510719;11.7541437;11.7572165;11.757184,20,11.754155158996582,0.0088131989274866,11.745951652526855,11.78831958770752,passed,0,0.0,0.0,0.0,0.0,0.0,0.0,0.0,131072,0,full_state,passed,,11.752896308898926,,,,,,,,,,,1.8817488592200216
vdha_cudagraph,uniform,NVIDIA GeForce RTX 5090,2.11.0+cu128,12.8,default,0.15,,,,,,7b4789a9c5416207,1,131072,256,1,16777216,128.0,uniform,1,128,0.0,0.0,0.0,128.0,128.0,1.0,0.001,0.001,0.0009999871253967,1.0,0.9999871253967284,131.0703125,131.0,203,16777.0,16768.0,25984,0.0048395470727848,0.0048395470727848,0.0369137525468317,1.5487870298623114,sampled_16_timesteps_max_2048_sources,converged,1.5625,0.001,0.0009999871253967,1.2874603271505192e-08,True,20,SpMV,CUSPARSE_SPMV_ALG_DEFAULT,,,torch_cuda_event_cudagraph_replay,gpu_execution,full_rsnn,device_adapted,independent_inference,sparse_only,"(256, 1, 131072)","(256, 1, 131072)",131072,131072,1,1,BN,spmspv_csc_dense_device,spmspv_csc_dense_device,none,False,False,True,0,torch.int64,torch.float32,torch.float32,dense_device,,,False,False,False,False,False,True,1.0,524288,338165768,338165768,0,0,False,unknown,unknown,unknown,unknown,unknown,,10.1734076;10.1444483;10.1505919;10.1465282;10.1524477;10.1506557;10.1527996;10.1579523;10.1611843;10.1570244;10.1467199;10.154048;10.1552;10.1521282;10.1464643;10.1505604;10.1526079;10.1505604;10.1556797;10.152544,20,10.153177642822266,0.0063182890549829,10.144448280334473,10.173407554626465,passed,0,0.0,0.0,0.0,0.0,0.0,0.0,0.0,131072,0,full_state,passed,,10.152495861053469,,,,,,,,,,,2.1783805208571545
persistent_spike_block,uniform,NVIDIA GeForce RTX 5090,2.11.0+cu128,12.8,default,0.15,,,,,,7b4789a9c5416207,1,131072,256,1,16777216,128.0,uniform,1,128,0.0,0.0,0.0,128.0,128.0,1.0,0.001,0.001,0.0009999871253967,1.0,0.9999871253967284,131.0703125,131.0,203,16777.0,16768.0,25984,0.0048395470727848,0.0048395470727848,0.0369137525468317,1.5487870298623114,sampled_16_timesteps_max_2048_sources,converged,1.5625,0.001,0.0009999871253967,1.2874603271505192e-08,True,20,SpMV,CUSPARSE_SPMV_ALG_DEFAULT,,,torch_cuda_event,gpu_execution,full_rsnn,device_native,independent_inference,full_fusion,"(256, 1, 131072)","(256, 1, 131072)",131072,131072,1,1,BN,event_csr,event_csr,dense_to_events_precomputed,False,True,True,0,torch.int32,torch.float32,torch.float32,windowed_events,,,False,False,False,False,False,False,1.0,3719184,135925840,135925840,0,0,False,unknown,unknown,unknown,unknown,unknown,,2.50742412;2.42790389;2.43036795;2.43510389;2.43046403;2.4310081;2.42726398;2.43110394;2.43343997;2.4371841;2.43238401;2.43305612;2.43139195;2.431072;2.43139195;2.4289279;2.4314239;2.43305612;2.4289279;2.43404794,20,2.4353471875190733,0.017132155913895,2.4272639751434326,2.507424116134644,passed,0,0.0,1.4901161193847656e-08,0.0,7.445900251923376e-08,0.0,7.445900251923376e-08,0.0,131072,0,full_state,passed,,2.431391954421997,,,,,,,9.096023856449458,,,,9.096023856449458
cusparse_direct_cudagraph,uniform,NVIDIA GeForce RTX 5090,2.11.0+cu128,12.8,default,0.15,,,,,,898c032044faf405,1,131072,256,1,16777216,128.0,uniform,1,128,0.0,0.0,0.0,128.0,128.0,1.0,0.002,0.002,0.0020000040531158,2.0,2.0000040531158447,262.14453125,261.0,521,33554.5,33408.0,66688,0.0,0.0,0.0664342740124561,1.9874532477015008,sampled_16_timesteps_max_2048_sources,converged,1.5625,0.002,0.0020000040531158,4.053115844684929e-09,True,20,SpMV,CUSPARSE_SPMV_ALG_DEFAULT,,,torch_cuda_event,gpu_execution,full_rsnn,device_native,independent_inference,sparse_only,"(256, 1, 131072)","(256, 1, 131072)",131072,131072,1,1,BN,csr_post_by_pre,csr_post_by_pre,none,False,False,True,0,torch.int32,torch.float32,torch.float32,dense,,,False,False,False,False,False,True,1.0,65540,404750340,404750340,0,0,False,unknown,unknown,unknown,unknown,unknown,,22.127264;22.1090565;22.1119041;22.1149769;22.1119041;22.1108799;22.1098557;22.1129284;22.1139202;22.1129284;22.1119041;22.119072;22.1149769;22.1180477;22.1149769;22.1119041;22.1129284;22.1078072;22.1129284;22.1118393,20,22.113600158691405,0.0041942802823664,22.107807159423828,22.12726402282715,passed,0,0.0,2.9802322387695312e-08,2.3283064365386963e-10,1.488007654870671e-07,4.65490224144105e-08,1.488007654870671e-07,4.65490224144105e-08,131072,0,full_state,passed,,22.11292839050293,,,,,,,1.0,,,,1.0
tilespmspv_cudagraph,uniform,NVIDIA GeForce RTX 5090,2.11.0+cu128,12.8,default,0.15,,,,,,898c032044faf405,1,131072,256,1,16777216,128.0,uniform,1,128,0.0,0.0,0.0,128.0,128.0,1.0,0.002,0.002,0.0020000040531158,2.0,2.0000040531158447,262.14453125,261.0,521,33554.5,33408.0,66688,0.0,0.0,0.0664342740124561,1.9874532477015008,sampled_16_timesteps_max_2048_sources,converged,1.5625,0.002,0.0020000040531158,4.053115844684929e-09,True,20,SpMV,CUSPARSE_SPMV_ALG_DEFAULT,,,torch_cuda_event_cudagraph_replay,gpu_execution,full_rsnn,device_adapted,independent_inference,sparse_only,"(256, 1, 131072)","(256, 1, 131072)",131072,131072,1,1,BN,spmspv_csc_dense_device,spmspv_csc_dense_device,none,False,False,True,0,torch.int64,torch.float32,torch.float32,dense_device,,,False,False,False,False,False,True,1.0,524288,338165768,338165768,0,0,False,unknown,unknown,unknown,unknown,unknown,,6.06527996;6.05036783;6.04796791;6.04992008;6.045856;6.04784012;6.04655981;6.04985619;6.05145597;6.0519681;6.05212784;6.05251217;6.04841614;6.04636812;6.04841614;6.04841614;6.05046415;6.04739189;6.04841614;6.04841614,20,6.049900841712952,0.0041092213652017,6.04585599899292,6.065279960632324,passed,0,0.0,0.0,0.0,0.0,0.0,0.0,0.0,131072,0,full_state,passed,,6.0484161376953125,,,,,,,,,,,3.655986606591
globalatomic_cudagraph,uniform,NVIDIA GeForce RTX 5090,2.11.0+cu128,12.8,default,0.15,,,,,,898c032044faf405,1,131072,256,1,16777216,128.0,uniform,1,128,0.0,0.0,0.0,128.0,128.0,1.0,0.002,0.002,0.0020000040531158,2.0,2.0000040531158447,262.14453125,261.0,521,33554.5,33408.0,66688,0.0,0.0,0.0664342740124561,1.9874532477015008,sampled_16_timesteps_max_2048_sources,converged,1.5625,0.002,0.0020000040531158,4.053115844684929e-09,True,20,SpMV,CUSPARSE_SPMV_ALG_DEFAULT,,,torch_cuda_event_cudagraph_replay,gpu_execution,full_rsnn,device_adapted,independent_inference,sparse_only,"(256, 1, 131072)","(256, 1, 131072)",131072,131072,1,1,BN,spmspv_csc_dense_device,spmspv_csc_dense_device,none,False,False,True,0,torch.int64,torch.float32,torch.float32,dense_device,,,False,False,False,False,False,True,1.0,524288,338165768,338165768,0,0,False,unknown,unknown,unknown,unknown,unknown,,11.7863684;11.7652798;11.7638721;11.7669125;11.7628803;11.7660484;11.7650242;11.7701445;11.764864;11.7633924;11.7597761;11.7654076;11.7664318;11.7654076;11.7654076;11.7725763;11.7674561;11.7602882;11.755168;11.7613115,20,11.76570086479187,0.0061224210118038,11.755167961120604,11.786368370056152,passed,0,0.0,0.0,0.0,0.0,0.0,0.0,0.0,131072,0,full_state,passed,,11.76534366607666,,,,,,,,,,,1.879497022620916
vdha_cudagraph,uniform,NVIDIA GeForce RTX 5090,2.11.0+cu128,12.8,default,0.15,,,,,,898c032044faf405,1,131072,256,1,16777216,128.0,uniform,1,128,0.0,0.0,0.0,128.0,128.0,1.0,0.002,0.002,0.0020000040531158,2.0,2.0000040531158447,262.14453125,261.0,521,33554.5,33408.0,66688,0.0,0.0,0.0664342740124561,1.9874532477015008,sampled_16_timesteps_max_2048_sources,converged,1.5625,0.002,0.0020000040531158,4.053115844684929e-09,True,20,SpMV,CUSPARSE_SPMV_ALG_DEFAULT,,,torch_cuda_event_cudagraph_replay,gpu_execution,full_rsnn,device_adapted,independent_inference,sparse_only,"(256, 1, 131072)","(256, 1, 131072)",131072,131072,1,1,BN,spmspv_csc_dense_device,spmspv_csc_dense_device,none,False,False,True,0,torch.int64,torch.float32,torch.float32,dense_device,,,False,False,False,False,False,True,1.0,524288,338165768,338165768,0,0,False,unknown,unknown,unknown,unknown,unknown,,9.06099224;9.03974438;9.03548813;9.03644753;9.03539181;9.0354557;9.03439999;9.03135967;9.03129578;9.03436756;9.03952026;9.03491211;9.03343964;9.03593636;9.03337574;9.03129578;9.03439999;9.03337574;9.03542423;9.03439999,20,9.0360511302948,0.006283168652112,9.031295776367188,9.060992240905762,passed,0,0.0,0.0,0.0,0.0,0.0,0.0,0.0,131072,0,full_state,passed,,9.034656047821043,,,,,,,,,,,2.447567264703571
persistent_spike_block,uniform,NVIDIA GeForce RTX 5090,2.11.0+cu128,12.8,default,0.15,,,,,,898c032044faf405,1,131072,256,1,16777216,128.0,uniform,1,128,0.0,0.0,0.0,128.0,128.0,1.0,0.002,0.002,0.0020000040531158,2.0,2.0000040531158447,262.14453125,261.0,521,33554.5,33408.0,66688,0.0,0.0,0.0664342740124561,1.9874532477015008,sampled_16_timesteps_max_2048_sources,converged,1.5625,0.002,0.0020000040531158,4.053115844684929e-09,True,20,SpMV,CUSPARSE_SPMV_ALG_DEFAULT,,,torch_cuda_event,gpu_execution,full_rsnn,device_native,independent_inference,full_fusion,"(256, 1, 131072)","(256, 1, 131072)",131072,131072,1,1,BN,event_csr,event_csr,dense_to_events_precomputed,False,True,True,0,torch.int32,torch.float32,torch.float32,windowed_events,,,False,False,False,False,False,False,1.0,3719184,136060060,136060060,0,0,False,unknown,unknown,unknown,unknown,unknown,,2.55571198;2.51295996;2.51849604;2.51299191;2.51324797;2.51187205;2.51020789;2.51068807;2.51644802;2.51084805;2.51542401;2.51100802;2.51436806;2.51084805;2.51228809;2.50681591;2.51555204;2.508672;2.51289606;2.50982404,20,2.514558410644532,0.0100717985453041,2.5068159103393555,2.5557119846343994,passed,0,0.0,2.9802322387695312e-08,0.0,1.488007654870671e-07,0.0,1.488007654870671e-07,0.0,131072,0,full_state,passed,,2.512592077255249,,,,,,,8.800842998223194,,,,8.800842998223194
cusparse_direct_cudagraph,uniform,NVIDIA GeForce RTX 5090,2.11.0+cu128,12.8,default,0.15,,,,,,23b43e9fd27c1a4a,1,131072,256,1,16777216,128.0,uniform,1,128,0.0,0.0,0.0,128.0,128.0,1.0,0.005,0.005,0.0049999952316284,5.0,4.999995231628418,655.359375,646.0,1292,83886.0,82688.0,165376,0.0066257752094072,0.0066257752094072,0.1133898162117102,1.9714374269842403,sampled_16_timesteps_max_2048_sources,converged,1.5625,0.005,0.0049999952316284,4.768371582135333e-09,True,20,SpMV,CUSPARSE_SPMV_ALG_DEFAULT,,,torch_cuda_event,gpu_execution,full_rsnn,device_native,independent_inference,sparse_only,"(256, 1, 131072)","(256, 1, 131072)",131072,131072,1,1,BN,csr_post_by_pre,csr_post_by_pre,none,False,False,True,0,torch.int32,torch.float32,torch.float32,dense,,,False,False,False,False,False,True,1.0,65540,404750340,404750340,0,0,False,unknown,unknown,unknown,unknown,unknown,,22.1256008;22.1112003;22.1098557;22.1108799;22.1098557;22.1108799;22.1078072;22.1067848;22.1119041;22.1088009;22.1098881;22.1108799;22.1119041;22.1129284;22.1129284;22.1078072;22.1108799;22.1078072;22.1088314;22.1119041,20,22.110966396331783,0.0038722604227063,22.10678482055664,22.125600814819336,passed,0,0.0,1.1920928955078125e-07,9.313225746154783e-10,5.928605446570145e-07,1.859421985273002e-07,5.928605446570145e-07,1.859421985273002e-07,131072,0,full_state,passed,,22.11087989807129,,,,,,,1.0,,,,1.0
tilespmspv_cudagraph,uniform,NVIDIA GeForce RTX 5090,2.11.0+cu128,12.8,default,0.15,,,,,,23b43e9fd27c1a4a,1,131072,256,1,16777216,128.0,uniform,1,128,0.0,0.0,0.0,128.0,128.0,1.0,0.005,0.005,0.0049999952316284,5.0,4.999995231628418,655.359375,646.0,1292,83886.0,82688.0,165376,0.0066257752094072,0.0066257752094072,0.1133898162117102,1.9714374269842403,sampled_16_timesteps_max_2048_sources,converged,1.5625,0.005,0.0049999952316284,4.768371582135333e-09,True,20,SpMV,CUSPARSE_SPMV_ALG_DEFAULT,,,torch_cuda_event_cudagraph_replay,gpu_execution,full_rsnn,device_adapted,independent_inference,sparse_only,"(256, 1, 131072)","(256, 1, 131072)",131072,131072,1,1,BN,spmspv_csc_dense_device,spmspv_csc_dense_device,none,False,False,True,0,torch.int64,torch.float32,torch.float32,dense_device,,,False,False,False,False,False,True,1.0,524288,338165768,338165768,0,0,False,unknown,unknown,unknown,unknown,unknown,,6.09644794;6.08956814;6.08934402;6.08524799;6.08931208;6.08745623;6.08720016;6.08937597;6.08934402;6.0874238;6.08579206;6.08527994;6.08937597;6.08527994;6.08527994;6.08726406;6.08527994;6.08937597;6.08931208;6.09142399,20,6.088219213485718,0.0027258765430631,6.085247993469238,6.096447944641113,passed,0,0.0,0.0,0.0,0.0,0.0,0.0,0.0,131072,0,full_state,passed,,6.08838415145874,,,,,,,,,,,3.631649933385635
globalatomic_cudagraph,uniform,NVIDIA GeForce RTX 5090,2.11.0+cu128,12.8,default,0.15,,,,,,23b43e9fd27c1a4a,1,131072,256,1,16777216,128.0,uniform,1,128,0.0,0.0,0.0,128.0,128.0,1.0,0.005,0.005,0.0049999952316284,5.0,4.999995231628418,655.359375,646.0,1292,83886.0,82688.0,165376,0.0066257752094072,0.0066257752094072,0.1133898162117102,1.9714374269842403,sampled_16_timesteps_max_2048_sources,converged,1.5625,0.005,0.0049999952316284,4.768371582135333e-09,True,20,SpMV,CUSPARSE_SPMV_ALG_DEFAULT,,,torch_cuda_event_cudagraph_replay,gpu_execution,full_rsnn,device_adapted,independent_inference,sparse_only,"(256, 1, 131072)","(256, 1, 131072)",131072,131072,1,1,BN,spmspv_csc_dense_device,spmspv_csc_dense_device,none,False,False,True,0,torch.int64,torch.float32,torch.float32,dense_device,,,False,False,False,False,False,True,1.0,524288,338165768,338165768,0,0,False,unknown,unknown,unknown,unknown,unknown,,11.7880316;11.7738562;11.7760324;11.7757444;11.775136;11.770112;11.7629442;11.7686081;11.773056;11.7710724;11.7638397;11.7715521;11.7664318;11.7695036;11.7695036;11.7746239;11.7735682;11.7705278;11.7735996;11.7715521,20,11.77196478843689,0.005252218954256,11.762944221496582,11.788031578063965,passed,0,0.0,0.0,0.0,0.0,0.0,0.0,0.0,131072,0,full_state,passed,,11.771552085876465,,,,,,,,,,,1.878331738819724
vdha_cudagraph,uniform,NVIDIA GeForce RTX 5090,2.11.0+cu128,12.8,default,0.15,,,,,,23b43e9fd27c1a4a,1,131072,256,1,16777216,128.0,uniform,1,128,0.0,0.0,0.0,128.0,128.0,1.0,0.005,0.005,0.0049999952316284,5.0,4.999995231628418,655.359375,646.0,1292,83886.0,82688.0,165376,0.0066257752094072,0.0066257752094072,0.1133898162117102,1.9714374269842403,sampled_16_timesteps_max_2048_sources,converged,1.5625,0.005,0.0049999952316284,4.768371582135333e-09,True,20,SpMV,CUSPARSE_SPMV_ALG_DEFAULT,,,torch_cuda_event_cudagraph_replay,gpu_execution,full_rsnn,device_adapted,independent_inference,sparse_only,"(256, 1, 131072)","(256, 1, 131072)",131072,131072,1,1,BN,spmspv_csc_dense_device,spmspv_csc_dense_device,none,False,False,True,0,torch.int64,torch.float32,torch.float32,dense_device,,,False,False,False,False,False,True,1.0,524288,338165768,338165768,0,0,False,unknown,unknown,unknown,unknown,unknown,,8.05760002;8.02591991;8.02793598;8.02972794;8.03184032;8.02828789;8.02524757;8.02729607;8.02579212;8.02511978;8.02572823;8.03094387;8.02326393;8.02937603;8.02371216;8.02166367;8.02166367;8.02678394;8.0257597;8.02780819,20,8.02807354927063,0.0074791357174922,8.021663665771484,8.057600021362305,passed,0,0.0,0.0,0.0,0.0,0.0,0.0,0.0,131072,0,full_state,passed,,8.026351928710938,,,,,,,,,,,2.7547857475547275
persistent_spike_block,uniform,NVIDIA GeForce RTX 5090,2.11.0+cu128,12.8,default,0.15,,,,,,23b43e9fd27c1a4a,1,131072,256,1,16777216,128.0,uniform,1,128,0.0,0.0,0.0,128.0,128.0,1.0,0.005,0.005,0.0049999952316284,5.0,4.999995231628418,655.359375,646.0,1292,83886.0,82688.0,165376,0.0066257752094072,0.0066257752094072,0.1133898162117102,1.9714374269842403,sampled_16_timesteps_max_2048_sources,converged,1.5625,0.005,0.0049999952316284,4.768371582135333e-09,True,20,SpMV,CUSPARSE_SPMV_ALG_DEFAULT,,,torch_cuda_event,gpu_execution,full_rsnn,device_native,independent_inference,full_fusion,"(256, 1, 131072)","(256, 1, 131072)",131072,131072,1,1,BN,event_csr,event_csr,dense_to_events_precomputed,False,True,True,0,torch.int32,torch.float32,torch.float32,windowed_events,,,False,False,False,False,False,False,1.0,3719184,136462712,136462712,0,0,False,unknown,unknown,unknown,unknown,unknown,,2.62982392;2.59113598;2.58662391;2.58096004;2.59174395;2.58495998;2.58448005;2.58211207;2.58966398;2.5808959;2.58438396;2.58703995;2.58150411;2.58188796;2.57849598;2.58291197;2.59366393;2.58291197;2.58457589;2.58355188,20,2.5871663689613342,0.0108079611261973,2.578495979309082,2.629823923110962,passed,0,0.0,1.1920928955078125e-07,0.0,5.928605446570145e-07,0.0,5.928605446570145e-07,0.0,131072,0,full_state,passed,,2.584432005882263,,,,,,,8.555411729829265,,,,8.555411729829265
cusparse_direct_cudagraph,uniform,NVIDIA GeForce RTX 5090,2.11.0+cu128,12.8,default,0.15,,,,,,7323218a22116c05,1,131072,256,1,16777216,128.0,uniform,1,128,0.0,0.0,0.0,128.0,128.0,1.0,0.01,0.01,0.0099999904632568,10.0,9.999990463256836,1310.71875,1273.0,2546,167772.0,162944.0,325888,0.2038015309343829,0.2038015309343828,0.1610006152694052,1.9424457001168247,sampled_16_timesteps_max_2048_sources,converged,1.5625,0.01,0.0099999904632568,9.536743164270668e-09,True,20,SpMV,CUSPARSE_SPMV_ALG_DEFAULT,,,torch_cuda_event,gpu_execution,full_rsnn,device_native,independent_inference,sparse_only,"(256, 1, 131072)","(256, 1, 131072)",131072,131072,1,1,BN,csr_post_by_pre,csr_post_by_pre,none,False,False,True,0,torch.int32,torch.float32,torch.float32,dense,,,False,False,False,False,False,True,1.0,65540,404750340,404750340,0,0,False,unknown,unknown,unknown,unknown,unknown,,22.1348152;22.1089592;22.1098557;22.1108799;22.1078072;22.1129284;22.1078072;22.1129284;22.1180153;22.1149769;22.1098557;22.1129284;22.1078072;22.1088314;22.1088009;22.1119366;22.1108799;22.1098557;22.1108799;22.1098557,20,22.112030220031738,0.0059496502689184,22.107807159423828,22.134815216064453,passed,0,0.0,1.1920928955078125e-07,1.3969838619232178e-09,5.928720838710433e-07,2.785367314572796e-07,5.928720838710433e-07,2.785367314572796e-07,131072,0,full_state,passed,,22.11036777496338,,,,,,,1.0,,,,1.0
tilespmspv_cudagraph,uniform,NVIDIA GeForce RTX 5090,2.11.0+cu128,12.8,default,0.15,,,,,,7323218a22116c05,1,131072,256,1,16777216,128.0,uniform,1,128,0.0,0.0,0.0,128.0,128.0,1.0,0.01,0.01,0.0099999904632568,10.0,9.999990463256836,1310.71875,1273.0,2546,167772.0,162944.0,325888,0.2038015309343829,0.2038015309343828,0.1610006152694052,1.9424457001168247,sampled_16_timesteps_max_2048_sources,converged,1.5625,0.01,0.0099999904632568,9.536743164270668e-09,True,20,SpMV,CUSPARSE_SPMV_ALG_DEFAULT,,,torch_cuda_event_cudagraph_replay,gpu_execution,full_rsnn,device_adapted,independent_inference,sparse_only,"(256, 1, 131072)","(256, 1, 131072)",131072,131072,1,1,BN,spmspv_csc_dense_device,spmspv_csc_dense_device,none,False,False,True,0,torch.int64,torch.float32,torch.float32,dense_device,,,False,False,False,False,False,True,1.0,524288,338165768,338165768,0,0,False,unknown,unknown,unknown,unknown,unknown,,6.1707201;6.14249611;6.14272022;6.1440959;6.14617586;6.14396811;6.14198399;6.14425611;6.14678383;6.14415979;6.1422081;6.14463997;6.13852787;6.14569616;6.1426239;6.14467192;6.14460802;6.14467192;6.1426239;6.14463997,20,6.145113587379456,0.0062896013141565,6.138527870178223,6.170720100402832,passed,0,0.0,0.0,0.0,0.0,0.0,0.0,0.0,131072,0,full_state,passed,,6.144207954406738,,,,,,,,,,,3.59857087179242
globalatomic_cudagraph,uniform,NVIDIA GeForce RTX 5090,2.11.0+cu128,12.8,default,0.15,,,,,,7323218a22116c05,1,131072,256,1,16777216,128.0,uniform,1,128,0.0,0.0,0.0,128.0,128.0,1.0,0.01,0.01,0.0099999904632568,10.0,9.999990463256836,1310.71875,1273.0,2546,167772.0,162944.0,325888,0.2038015309343829,0.2038015309343828,0.1610006152694052,1.9424457001168247,sampled_16_timesteps_max_2048_sources,converged,1.5625,0.01,0.0099999904632568,9.536743164270668e-09,True,20,SpMV,CUSPARSE_SPMV_ALG_DEFAULT,,,torch_cuda_event_cudagraph_replay,gpu_execution,full_rsnn,device_adapted,independent_inference,sparse_only,"(256, 1, 131072)","(256, 1, 131072)",131072,131072,1,1,BN,spmspv_csc_dense_device,spmspv_csc_dense_device,none,False,False,True,0,torch.int64,torch.float32,torch.float32,dense_device,,,False,False,False,False,False,True,1.0,524288,338165768,338165768,0,0,False,unknown,unknown,unknown,unknown,unknown,,11.7884159;11.7714882;11.7638397;11.7633924;11.7608318;11.7679996;11.7632961;11.7664318;11.7674875;11.7648315;11.7660484;11.7654076;11.7623358;11.759264;11.76336;11.7561922;11.7654076;11.7684803;11.7695036;11.7654076,20,11.765971088409424,0.0063547392851809,11.756192207336426,11.788415908813477,passed,0,0.0,0.0,0.0,0.0,0.0,0.0,0.0,131072,0,full_state,passed,,11.76540756225586,,,,,,,,,,,1.879269176011784
vdha_cudagraph,uniform,NVIDIA GeForce RTX 5090,2.11.0+cu128,12.8,default,0.15,,,,,,7323218a22116c05,1,131072,256,1,16777216,128.0,uniform,1,128,0.0,0.0,0.0,128.0,128.0,1.0,0.01,0.01,0.0099999904632568,10.0,9.999990463256836,1310.71875,1273.0,2546,167772.0,162944.0,325888,0.2038015309343829,0.2038015309343828,0.1610006152694052,1.9424457001168247,sampled_16_timesteps_max_2048_sources,converged,1.5625,0.01,0.0099999904632568,9.536743164270668e-09,True,20,SpMV,CUSPARSE_SPMV_ALG_DEFAULT,,,torch_cuda_event_cudagraph_replay,gpu_execution,full_rsnn,device_adapted,independent_inference,sparse_only,"(256, 1, 131072)","(256, 1, 131072)",131072,131072,1,1,BN,spmspv_csc_dense_device,spmspv_csc_dense_device,none,False,False,True,0,torch.int64,torch.float32,torch.float32,dense_device,,,False,False,False,False,False,True,1.0,524288,338165768,338165768,0,0,False,unknown,unknown,unknown,unknown,unknown,,8.02742386;8.0098238;8.00326443;8.00745583;8.00918388;8.0098877;8.00540829;8.00524807;8.00537586;8.00720024;8.00835228;8.00732803;8.00131226;8.00259209;8.00732803;8.00937557;8.00220776;8.00732803;8.01142406;8.00937557,20,8.00784478187561,0.0054004975677309,8.001312255859375,8.027423858642578,passed,0,0.0,0.0,0.0,0.0,0.0,0.0,0.0,131072,0,full_state,passed,,8.007328033447266,,,,,,,,,,,2.7612666400835035
persistent_spike_block,uniform,NVIDIA GeForce RTX 5090,2.11.0+cu128,12.8,default,0.15,,,,,,7323218a22116c05,1,131072,256,1,16777216,128.0,uniform,1,128,0.0,0.0,0.0,128.0,128.0,1.0,0.01,0.01,0.0099999904632568,10.0,9.999990463256836,1310.71875,1273.0,2546,167772.0,162944.0,325888,0.2038015309343829,0.2038015309343828,0.1610006152694052,1.9424457001168247,sampled_16_timesteps_max_2048_sources,converged,1.5625,0.01,0.0099999904632568,9.536743164270668e-09,True,20,SpMV,CUSPARSE_SPMV_ALG_DEFAULT,,,torch_cuda_event,gpu_execution,full_rsnn,device_native,independent_inference,full_fusion,"(256, 1, 131072)","(256, 1, 131072)",131072,131072,1,1,BN,event_csr,event_csr,dense_to_events_precomputed,False,True,True,0,torch.int32,torch.float32,torch.float32,windowed_events,,,False,False,False,False,False,False,1.0,3719184,137133800,137133800,0,0,False,unknown,unknown,unknown,unknown,unknown,,2.80262399;2.74678397;2.74841595;2.74787211;2.74620795;2.74777603;2.74534392;2.74892807;2.74841595;2.74675202;2.74627209;2.75088;2.74953604;2.74780798;2.74425602;2.74777603;2.74636793;2.75084805;2.75046396;2.74636793,20,2.750484800338745,0.0124014542472265,2.744256019592285,2.802623987197876,passed,0,0.0,1.1920928955078125e-07,1.862645149230957e-09,5.930950806032342e-07,3.713429350682418e-07,5.930950806032342e-07,3.713429350682418e-07,131072,0,full_state,passed,,2.7477920055389404,,,,,,,8.046594403940972,,,,8.046594403940972
cusparse_direct_cudagraph,uniform,NVIDIA GeForce RTX 5090,2.11.0+cu128,12.8,default,0.15,,,,,,322254917b7d4c47,1,131072,256,1,16777216,128.0,uniform,1,128,0.0,0.0,0.0,128.0,128.0,1.0,0.01,0.02,0.0199878513813018,20.0,19.98785138130188,2619.84765625,2546.0,5091,335340.5,325888.0,651648,0.4893690179155758,0.4893690179155759,0.1603100271372987,1.9432427636983904,sampled_16_timesteps_max_2048_sources,converged,2.7635574340820312,0.02,0.0199878513813018,1.2148618698120534e-05,True,20,SpMV,CUSPARSE_SPMV_ALG_DEFAULT,,,torch_cuda_event,gpu_execution,full_rsnn,device_native,independent_inference,sparse_only,"(256, 1, 131072)","(256, 1, 131072)",131072,131072,1,1,BN,csr_post_by_pre,csr_post_by_pre,none,False,False,True,0,torch.int32,torch.float32,torch.float32,dense,,,False,False,False,False,False,True,1.0,65540,404750340,404750340,0,0,False,unknown,unknown,unknown,unknown,unknown,,22.1298237;22.1152954;22.1119041;22.1149769;22.1139526;22.1129284;22.1180477;22.119072;22.1119041;22.1129284;22.1139526;22.1149769;22.1129284;22.1098557;22.1149445;22.1159687;22.1170235;22.1119041;22.1149769;22.1159992,20,22.115168190002443,0.0041132291544732,22.10985565185547,22.129823684692383,passed,0,0.0,1.788139343261719e-07,1.862645149230957e-09,8.872399348547333e-07,3.704710707097547e-07,8.872399348547333e-07,3.704710707097547e-07,131072,0,full_state,passed,,22.11496067047119,,,,,,,1.0,,,,1.0
tilespmspv_cudagraph,uniform,NVIDIA GeForce RTX 5090,2.11.0+cu128,12.8,default,0.15,,,,,,322254917b7d4c47,1,131072,256,1,16777216,128.0,uniform,1,128,0.0,0.0,0.0,128.0,128.0,1.0,0.01,0.02,0.0199878513813018,20.0,19.98785138130188,2619.84765625,2546.0,5091,335340.5,325888.0,651648,0.4893690179155758,0.4893690179155759,0.1603100271372987,1.9432427636983904,sampled_16_timesteps_max_2048_sources,converged,2.7635574340820312,0.02,0.0199878513813018,1.2148618698120534e-05,True,20,SpMV,CUSPARSE_SPMV_ALG_DEFAULT,,,torch_cuda_event_cudagraph_replay,gpu_execution,full_rsnn,device_adapted,independent_inference,sparse_only,"(256, 1, 131072)","(256, 1, 131072)",131072,131072,1,1,BN,spmspv_csc_dense_device,spmspv_csc_dense_device,none,False,False,True,0,torch.int64,torch.float32,torch.float32,dense_device,,,False,False,False,False,False,True,1.0,524288,338165768,338165768,0,0,False,unknown,unknown,unknown,unknown,unknown,,6.22156811;6.20428801;6.20355177;6.20572805;6.20630407;6.20959997;6.20768023;6.2076478;6.2075839;6.20262384;6.20777607;6.20406389;6.20611191;6.20406389;6.20815992;6.20604801;6.20406389;6.20815992;6.20611191;6.20815992,20,6.206964755058289,0.0039314561737516,6.2026238441467285,6.2215681076049805,passed,0,0.0,0.0,0.0,0.0,0.0,0.0,0.0,131072,0,full_state,passed,,6.206207990646362,,,,,,,,,,,3.563361186702344
globalatomic_cudagraph,uniform,NVIDIA GeForce RTX 5090,2.11.0+cu128,12.8,default,0.15,,,,,,322254917b7d4c47,1,131072,256,1,16777216,128.0,uniform,1,128,0.0,0.0,0.0,128.0,128.0,1.0,0.01,0.02,0.0199878513813018,20.0,19.98785138130188,2619.84765625,2546.0,5091,335340.5,325888.0,651648,0.4893690179155758,0.4893690179155759,0.1603100271372987,1.9432427636983904,sampled_16_timesteps_max_2048_sources,converged,2.7635574340820312,0.02,0.0199878513813018,1.2148618698120534e-05,True,20,SpMV,CUSPARSE_SPMV_ALG_DEFAULT,,,torch_cuda_event_cudagraph_replay,gpu_execution,full_rsnn,device_adapted,independent_inference,sparse_only,"(256, 1, 131072)","(256, 1, 131072)",131072,131072,1,1,BN,spmspv_csc_dense_device,spmspv_csc_dense_device,none,False,False,True,0,torch.int64,torch.float32,torch.float32,dense_device,,,False,False,False,False,False,True,1.0,524288,338165768,338165768,0,0,False,unknown,unknown,unknown,unknown,unknown,,11.7591677;11.7338562;11.7394238;11.7424955;11.7434559;11.7423677;11.7362881;11.7351685;11.7403202;11.7418556;11.7505598;11.7469759;11.7336636;11.7449284;11.7500477;11.7490244;11.7387838;11.7418242;11.7387838;11.7377596,20,11.742337512969971,0.0064029447203908,11.73366355895996,11.759167671203612,passed,0,0.0,0.0,0.0,0.0,0.0,0.0,0.0,131072,0,full_state,passed,,11.74183988571167,,,,,,,,,,,1.883432314332807
vdha_cudagraph,uniform,NVIDIA GeForce RTX 5090,2.11.0+cu128,12.8,default,0.15,,,,,,322254917b7d4c47,1,131072,256,1,16777216,128.0,uniform,1,128,0.0,0.0,0.0,128.0,128.0,1.0,0.01,0.02,0.0199878513813018,20.0,19.98785138130188,2619.84765625,2546.0,5091,335340.5,325888.0,651648,0.4893690179155758,0.4893690179155759,0.1603100271372987,1.9432427636983904,sampled_16_timesteps_max_2048_sources,converged,2.7635574340820312,0.02,0.0199878513813018,1.2148618698120534e-05,True,20,SpMV,CUSPARSE_SPMV_ALG_DEFAULT,,,torch_cuda_event_cudagraph_replay,gpu_execution,full_rsnn,device_adapted,independent_inference,sparse_only,"(256, 1, 131072)","(256, 1, 131072)",131072,131072,1,1,BN,spmspv_csc_dense_device,spmspv_csc_dense_device,none,False,False,True,0,torch.int64,torch.float32,torch.float32,dense_device,,,False,False,False,False,False,True,1.0,524288,338165768,338165768,0,0,False,unknown,unknown,unknown,unknown,unknown,,7.97247982;7.77196789;7.77132797;7.76675177;7.77110386;7.77199984;7.77027178;7.76912022;7.77113581;7.77382421;7.76883221;7.77926397;7.77603197;7.77228785;7.77385616;7.78000021;7.78716803;7.7881918;7.78614378;7.78614378,20,7.78539514541626,0.0445365839634347,7.766751766204834,7.972479820251465,passed,0,0.0,0.0,0.0,0.0,0.0,0.0,0.0,131072,0,full_state,passed,,7.773056030273437,,,,,,,,,,,2.845079282117723
persistent_spike_block,uniform,NVIDIA GeForce RTX 5090,2.11.0+cu128,12.8,default,0.15,,,,,,322254917b7d4c47,1,131072,256,1,16777216,128.0,uniform,1,128,0.0,0.0,0.0,128.0,128.0,1.0,0.01,0.02,0.0199878513813018,20.0,19.98785138130188,2619.84765625,2546.0,5091,335340.5,325888.0,651648,0.4893690179155758,0.4893690179155759,0.1603100271372987,1.9432427636983904,sampled_16_timesteps_max_2048_sources,converged,2.7635574340820312,0.02,0.0199878513813018,1.2148618698120534e-05,True,20,SpMV,CUSPARSE_SPMV_ALG_DEFAULT,,,torch_cuda_event,gpu_execution,full_rsnn,device_native,independent_inference,full_fusion,"(256, 1, 131072)","(256, 1, 131072)",131072,131072,1,1,BN,event_csr,event_csr,dense_to_events_precomputed,False,True,True,0,torch.int32,torch.float32,torch.float32,windowed_events,,,False,False,False,False,False,False,1.0,3719184,137133800,137133800,0,0,False,unknown,unknown,unknown,unknown,unknown,,3.03484797;2.96246409;2.96179199;2.96556807;2.96691203;2.96329594;2.96710396;2.96447992;2.96896005;2.96473598;2.96384001;2.96761608;2.96588802;2.96345592;2.962816;2.96339202;2.96796799;2.96342397;2.96755195;2.9614079,20,2.968375992774964,0.0158018528252777,2.9614078998565674,3.0348479747772217,passed,0,0.0,2.384185791015625e-07,5.587935447692871e-09,1.1832652262455667e-06,1.1097288279415809e-06,1.1832652262455667e-06,1.1097288279415809e-06,131072,0,full_state,passed,,2.964607954025269,,,,,,,7.459657740054318,,,,7.459657740054318
cusparse_direct_cudagraph,uniform,NVIDIA GeForce RTX 5090,2.11.0+cu128,12.8,default,0.15,,,,,,294395bdf234cd4e,1,131072,256,1,16777216,128.0,uniform,1,128,0.0,0.0,0.0,128.0,128.0,1.0,0.01,0.05,0.0497608482837677,50.0,49.7608482837677,6522.25390625,6427.0,12726,834848.5,822656.0,1628928,0.4893690179155758,0.4893690179155759,0.1503547947958261,1.9511659899969875,sampled_16_timesteps_max_2048_sources,converged,5.811119079589844,0.05,0.0497608482837677,0.0002391517162323,True,20,SpMV,CUSPARSE_SPMV_ALG_DEFAULT,,,torch_cuda_event,gpu_execution,full_rsnn,device_native,independent_inference,sparse_only,"(256, 1, 131072)","(256, 1, 131072)",131072,131072,1,1,BN,csr_post_by_pre,csr_post_by_pre,none,False,False,True,0,torch.int32,torch.float32,torch.float32,dense,,,False,False,False,False,False,True,1.0,65540,404750340,404750340,0,0,False,unknown,unknown,unknown,unknown,unknown,,22.1296959;22.113184;22.1119041;22.1108475;22.1139832;22.1108799;22.1078072;22.112896;22.1119041;22.1088314;22.1098557;22.1108475;22.1139526;22.1108475;22.1088314;22.1119041;22.1108799;22.1098557;22.1149769;22.1139526,20,22.11239185333252,0.0045077513140019,22.107807159423828,22.129695892333984,passed,0,0.0,6.854534149169922e-07,1.1175870895385742e-08,3.413866807022714e-06,2.194778062403202e-06,3.413866807022714e-06,2.194778062403202e-06,131072,0,full_state,passed,,22.1113920211792,,,,,,,1.0,,,,1.0
tilespmspv_cudagraph,uniform,NVIDIA GeForce RTX 5090,2.11.0+cu128,12.8,default,0.15,,,,,,294395bdf234cd4e,1,131072,256,1,16777216,128.0,uniform,1,128,0.0,0.0,0.0,128.0,128.0,1.0,0.01,0.05,0.0497608482837677,50.0,49.7608482837677,6522.25390625,6427.0,12726,834848.5,822656.0,1628928,0.4893690179155758,0.4893690179155759,0.1503547947958261,1.9511659899969875,sampled_16_timesteps_max_2048_sources,converged,5.811119079589844,0.05,0.0497608482837677,0.0002391517162323,True,20,SpMV,CUSPARSE_SPMV_ALG_DEFAULT,,,torch_cuda_event_cudagraph_replay,gpu_execution,full_rsnn,device_adapted,independent_inference,sparse_only,"(256, 1, 131072)","(256, 1, 131072)",131072,131072,1,1,BN,spmspv_csc_dense_device,spmspv_csc_dense_device,none,False,False,True,0,torch.int64,torch.float32,torch.float32,dense_device,,,False,False,False,False,False,True,1.0,524288,338165768,338165768,0,0,False,unknown,unknown,unknown,unknown,unknown,,6.44528008;6.43769598;6.42944002;6.43331194;6.43135977;6.43126392;6.43743992;6.43340778;6.43344021;6.43958378;6.43913603;6.43753576;6.43548822;6.43344021;6.4364481;6.43139219;6.43344021;6.43958378;6.43548822;6.43753576,20,6.435585594177246,0.0037726750250219,6.429440021514893,6.445280075073242,passed,0,0.0,9.5367431640625e-07,1.862645149230957e-08,4.613586042978568e-06,3.660050879261689e-06,4.613586042978568e-06,3.660050879261689e-06,131072,0,full_state,passed,,6.435488224029541,,,,,,,,,,,3.435853077722561
globalatomic_cudagraph,uniform,NVIDIA GeForce RTX 5090,2.11.0+cu128,12.8,default,0.15,,,,,,294395bdf234cd4e,1,131072,256,1,16777216,128.0,uniform,1,128,0.0,0.0,0.0,128.0,128.0,1.0,0.01,0.05,0.0497608482837677,50.0,49.7608482837677,6522.25390625,6427.0,12726,834848.5,822656.0,1628928,0.4893690179155758,0.4893690179155759,0.1503547947958261,1.9511659899969875,sampled_16_timesteps_max_2048_sources,converged,5.811119079589844,0.05,0.0497608482837677,0.0002391517162323,True,20,SpMV,CUSPARSE_SPMV_ALG_DEFAULT,,,torch_cuda_event_cudagraph_replay,gpu_execution,full_rsnn,device_adapted,independent_inference,sparse_only,"(256, 1, 131072)","(256, 1, 131072)",131072,131072,1,1,BN,spmspv_csc_dense_device,spmspv_csc_dense_device,none,False,False,True,0,torch.int64,torch.float32,torch.float32,dense_device,,,False,False,False,False,False,True,1.0,524288,338165768,338165768,0,0,False,unknown,unknown,unknown,unknown,unknown,,11.7358398;11.7266235;11.7249603;11.7306881;11.726944;11.7322245;11.7285757;11.73312;11.7220163;11.7229443;11.730176;11.7346878;11.7398081;11.7285442;11.7254725;11.7285442;11.7264957;11.7295675;11.7264957;11.7233276,20,11.728852796554566,0.0045701351466631,11.722016334533691,11.739808082580566,passed,0,0.0,9.5367431640625e-07,1.862645149230957e-08,4.613586042978568e-06,3.660050879261689e-06,4.613586042978568e-06,3.660050879261689e-06,131072,0,full_state,passed,,11.728544235229492,,,,,,,,,,,1.885263130505348
vdha_cudagraph,uniform,NVIDIA GeForce RTX 5090,2.11.0+cu128,12.8,default,0.15,,,,,,294395bdf234cd4e,1,131072,256,1,16777216,128.0,uniform,1,128,0.0,0.0,0.0,128.0,128.0,1.0,0.01,0.05,0.0497608482837677,50.0,49.7608482837677,6522.25390625,6427.0,12726,834848.5,822656.0,1628928,0.4893690179155758,0.4893690179155759,0.1503547947958261,1.9511659899969875,sampled_16_timesteps_max_2048_sources,converged,5.811119079589844,0.05,0.0497608482837677,0.0002391517162323,True,20,SpMV,CUSPARSE_SPMV_ALG_DEFAULT,,,torch_cuda_event_cudagraph_replay,gpu_execution,full_rsnn,device_adapted,independent_inference,sparse_only,"(256, 1, 131072)","(256, 1, 131072)",131072,131072,1,1,BN,spmspv_csc_dense_device,spmspv_csc_dense_device,none,False,False,True,0,torch.int64,torch.float32,torch.float32,dense_device,,,False,False,False,False,False,True,1.0,524288,338165768,338165768,0,0,False,unknown,unknown,unknown,unknown,unknown,,7.86419201;7.85200024;7.85375977;7.86083221;7.85587215;7.85360003;7.85574389;7.85683203;7.85369587;7.85369587;7.84963179;7.85468817;7.8578558;7.86342382;7.85987186;7.85884809;7.86191988;7.8639679;7.85577583;7.86294413,20,7.857457566261291,0.0043339349578776,7.8496317863464355,7.864192008972168,passed,0,0.0,7.152557373046875e-07,1.862645149230957e-08,3.5632303934107767e-06,3.660050879261689e-06,3.5632303934107767e-06,3.660050879261689e-06,131072,0,full_state,passed,,7.856352090835571,,,,,,,,,,,2.8144604220287075
persistent_spike_block,uniform,NVIDIA GeForce RTX 5090,2.11.0+cu128,12.8,default,0.15,,,,,,294395bdf234cd4e,1,131072,256,1,16777216,128.0,uniform,1,128,0.0,0.0,0.0,128.0,128.0,1.0,0.01,0.05,0.0497608482837677,50.0,49.7608482837677,6522.25390625,6427.0,12726,834848.5,822656.0,1628928,0.4893690179155758,0.4893690179155759,0.1503547947958261,1.9511659899969875,sampled_16_timesteps_max_2048_sources,converged,5.811119079589844,0.05,0.0497608482837677,0.0002391517162323,True,20,SpMV,CUSPARSE_SPMV_ALG_DEFAULT,,,torch_cuda_event,gpu_execution,full_rsnn,device_native,independent_inference,full_fusion,"(256, 1, 131072)","(256, 1, 131072)",131072,131072,1,1,BN,event_csr,event_csr,dense_to_events_precomputed,False,True,True,0,torch.int32,torch.float32,torch.float32,windowed_events,,,False,False,False,False,False,False,1.0,3719184,137133800,137133800,0,0,False,unknown,unknown,unknown,unknown,unknown,,4.55171204;4.45792007;4.45532799;4.45590401;4.45334387;4.45081615;4.44931221;4.45587206;4.45430422;4.44966412;4.44924784;4.44975996;4.4513278;4.45580816;4.4554882;4.45078421;4.45017576;4.45590401;4.45542383;4.45436811,20,4.458123230934143,0.0222039078264928,4.44924783706665,4.5517120361328125,passed,0,0.0,9.5367431640625e-07,2.60770320892334e-08,4.7134449232544284e-06,5.115860403748229e-06,4.7134449232544284e-06,5.115860403748229e-06,131072,0,full_state,passed,,4.454336166381836,,,,,,,4.96401510691094,,,,4.96401510691094
cusparse_direct_cudagraph,uniform,NVIDIA GeForce RTX 5090,2.11.0+cu128,12.8,default,0.15,,,,,,7f958b7818a7c3c4,2,131072,256,1,16777216,128.0,uniform,2,128,0.0,0.0,0.0,128.0,128.0,1.0,0.0,0.0,0.0,0.0,0.0,0.0,0.0,0,0.0,0.0,0,0.0,0.0,0.0,0.0,sampled_16_timesteps_max_2048_sources,converged,50.0,0.0,0.0,0.0,True,20,SpMV,CUSPARSE_SPMV_ALG_DEFAULT,,,torch_cuda_event,gpu_execution,full_rsnn,device_native,independent_inference,sparse_only,"(256, 1, 131072)","(256, 1, 131072)",131072,131072,1,1,BN,csr_post_by_pre,csr_post_by_pre,none,False,False,True,0,torch.int32,torch.float32,torch.float32,dense,,,False,False,False,False,False,True,1.0,65540,404750340,404750340,0,0,False,unknown,unknown,unknown,unknown,unknown,,22.1738873;22.1623993;22.1651516;22.1661758;22.1631031;22.1641273;22.1651516;22.1661758;22.1682243;22.1692486;22.1682243;22.1651516;22.1661758;22.1631031;22.1661758;22.1661758;22.1692486;22.1702728;22.1671352;22.1661758,20,22.16657419204712,0.0027315250790857,22.162399291992188,22.173887252807617,passed,0,0.0,0.0,0.0,0.0,0.0,0.0,0.0,131072,0,full_state,passed,,22.16617584228516,,,,,,,1.0,,,,1.0
tilespmspv_cudagraph,uniform,NVIDIA GeForce RTX 5090,2.11.0+cu128,12.8,default,0.15,,,,,,7f958b7818a7c3c4,2,131072,256,1,16777216,128.0,uniform,2,128,0.0,0.0,0.0,128.0,128.0,1.0,0.0,0.0,0.0,0.0,0.0,0.0,0.0,0,0.0,0.0,0,0.0,0.0,0.0,0.0,sampled_16_timesteps_max_2048_sources,converged,50.0,0.0,0.0,0.0,True,20,SpMV,CUSPARSE_SPMV_ALG_DEFAULT,,,torch_cuda_event_cudagraph_replay,gpu_execution,full_rsnn,device_adapted,independent_inference,sparse_only,"(256, 1, 131072)","(256, 1, 131072)",131072,131072,1,1,BN,spmspv_csc_dense_device,spmspv_csc_dense_device,none,False,False,True,0,torch.int64,torch.float32,torch.float32,dense_device,,,False,False,False,False,False,True,1.0,524288,338165768,338165768,0,0,False,unknown,unknown,unknown,unknown,unknown,,5.8910079;5.87660789;5.87433577;5.87433577;5.87328005;5.87849617;5.87206411;5.87846422;5.87839985;5.873312;5.87596798;5.87228823;5.87433577;5.87222385;5.87536001;5.87433577;5.87638378;5.87433577;5.87433577;5.87126398,20,5.87555673122406,0.0042146140266816,5.871263980865479,5.891007900238037,passed,0,0.0,0.0,0.0,0.0,0.0,0.0,0.0,131072,0,full_state,passed,,5.874335765838623,,,,,,,,,,,3.773392724874435
globalatomic_cudagraph,uniform,NVIDIA GeForce RTX 5090,2.11.0+cu128,12.8,default,0.15,,,,,,7f958b7818a7c3c4,2,131072,256,1,16777216,128.0,uniform,2,128,0.0,0.0,0.0,128.0,128.0,1.0,0.0,0.0,0.0,0.0,0.0,0.0,0.0,0,0.0,0.0,0,0.0,0.0,0.0,0.0,sampled_16_timesteps_max_2048_sources,converged,50.0,0.0,0.0,0.0,True,20,SpMV,CUSPARSE_SPMV_ALG_DEFAULT,,,torch_cuda_event_cudagraph_replay,gpu_execution,full_rsnn,device_adapted,independent_inference,sparse_only,"(256, 1, 131072)","(256, 1, 131072)",131072,131072,1,1,BN,spmspv_csc_dense_device,spmspv_csc_dense_device,none,False,False,True,0,torch.int64,torch.float32,torch.float32,dense_device,,,False,False,False,False,False,True,1.0,524288,338165768,338165768,0,0,False,unknown,unknown,unknown,unknown,unknown,,11.6982079;11.6896;11.6886082;11.6896639;11.6926403;11.69168;11.6926718;11.6835842;11.6914883;11.6885757;11.6871996;11.6886082;11.6937284;11.6906557;11.6937284;11.6937284;11.6886082;11.6854715;11.6906242;11.693696,20,11.690638446807862,0.0033416997709329,11.683584213256836,11.69820785522461,passed,0,0.0,0.0,0.0,0.0,0.0,0.0,0.0,131072,0,full_state,passed,,11.690639972686768,,,,,,,,,,,1.8960617976494645
vdha_cudagraph,uniform,NVIDIA GeForce RTX 5090,2.11.0+cu128,12.8,default,0.15,,,,,,7f958b7818a7c3c4,2,131072,256,1,16777216,128.0,uniform,2,128,0.0,0.0,0.0,128.0,128.0,1.0,0.0,0.0,0.0,0.0,0.0,0.0,0.0,0,0.0,0.0,0,0.0,0.0,0.0,0.0,sampled_16_timesteps_max_2048_sources,converged,50.0,0.0,0.0,0.0,True,20,SpMV,CUSPARSE_SPMV_ALG_DEFAULT,,,torch_cuda_event_cudagraph_replay,gpu_execution,full_rsnn,device_adapted,independent_inference,sparse_only,"(256, 1, 131072)","(256, 1, 131072)",131072,131072,1,1,BN,spmspv_csc_dense_device,spmspv_csc_dense_device,none,False,False,True,0,torch.int64,torch.float32,torch.float32,dense_device,,,False,False,False,False,False,True,1.0,524288,338165768,338165768,0,0,False,unknown,unknown,unknown,unknown,unknown,,6.14697599;6.1332159;6.13439989;6.13436794;6.13235188;6.13395214;6.13436794;6.13251209;6.13433599;6.13030386;6.13439989;6.13238382;6.13340807;6.13596821;6.13033581;6.13443184;6.13033581;6.13443184;6.13033581;6.13238382,20,6.133759927749634,0.0035335691423793,6.130303859710693,6.146975994110107,passed,0,0.0,0.0,0.0,0.0,0.0,0.0,0.0,131072,0,full_state,passed,,6.133680105209351,,,,,,,,,,,3.613846086211664
persistent_spike_block,uniform,NVIDIA GeForce RTX 5090,2.11.0+cu128,12.8,default,0.15,,,,,,7f958b7818a7c3c4,2,131072,256,1,16777216,128.0,uniform,2,128,0.0,0.0,0.0,128.0,128.0,1.0,0.0,0.0,0.0,0.0,0.0,0.0,0.0,0,0.0,0.0,0,0.0,0.0,0.0,0.0,sampled_16_timesteps_max_2048_sources,converged,50.0,0.0,0.0,0.0,True,20,SpMV,CUSPARSE_SPMV_ALG_DEFAULT,,,torch_cuda_event,gpu_execution,full_rsnn,device_native,independent_inference,full_fusion,"(256, 1, 131072)","(256, 1, 131072)",131072,131072,1,1,BN,event_csr,event_csr,dense_to_events_precomputed,False,True,True,0,torch.int32,torch.float32,torch.float32,windowed_events,,,False,False,False,False,False,False,1.0,3719184,135791624,135791624,0,0,False,unknown,unknown,unknown,unknown,unknown,,1.89203203;1.84736001;1.84358394;1.84931195;1.84566402;1.84934402;1.84569597;1.84720004;1.84563196;1.85023999;1.84460795;1.84732795;1.84358394;1.84943998;1.84460795;1.84928;1.84563196;1.84723198;1.84524798;1.847296,20,1.8490159809589384,0.0103226581158341,1.843583941459656,1.892032027244568,passed,0,0.0,0.0,0.0,0.0,0.0,0.0,0.0,131072,0,full_state,passed,,1.847216010093689,,,,,,,11.999774645284129,,,,11.999774645284129
cusparse_direct_cudagraph,uniform,NVIDIA GeForce RTX 5090,2.11.0+cu128,12.8,default,0.15,,,,,,857e0b945ea62d70,2,131072,256,1,16777216,128.0,uniform,2,128,0.0,0.0,0.0,128.0,128.0,1.0,0.0001,0.0001,9.998679161071776e-05,0.1,0.0999867916107177,13.10546875,14.0,15,1677.5,1792.0,1920,0.0,0.0,0.0243883694954714,1.1445603576751118,sampled_16_timesteps_max_2048_sources,converged,1.5625,0.0001,9.998679161071776e-05,1.3208389282231356e-08,True,20,SpMV,CUSPARSE_SPMV_ALG_DEFAULT,,,torch_cuda_event,gpu_execution,full_rsnn,device_native,independent_inference,sparse_only,"(256, 1, 131072)","(256, 1, 131072)",131072,131072,1,1,BN,csr_post_by_pre,csr_post_by_pre,none,False,False,True,0,torch.int32,torch.float32,torch.float32,dense,,,False,False,False,False,False,True,1.0,65540,404750340,404750340,0,0,False,unknown,unknown,unknown,unknown,unknown,,22.1729279;22.1600647;22.1569595;22.1579838;22.159008;22.1559353;22.1528645;22.1620808;22.1579514;22.1610889;22.1538887;22.159008;22.1559048;22.1590405;22.1538887;22.1569595;22.1579838;22.1600323;22.1569271;22.1600323,20,22.15852651596069,0.0041756199658163,22.15286445617676,22.172927856445312,passed,0,0.0,2.3283064365386963e-10,0.0,1.1641414499052871e-09,0.0,1.1641414499052871e-09,0.0,131072,0,full_state,passed,,22.157983779907227,,,,,,,1.0,,,,1.0
tilespmspv_cudagraph,uniform,NVIDIA GeForce RTX 5090,2.11.0+cu128,12.8,default,0.15,,,,,,857e0b945ea62d70,2,131072,256,1,16777216,128.0,uniform,2,128,0.0,0.0,0.0,128.0,128.0,1.0,0.0001,0.0001,9.998679161071776e-05,0.1,0.0999867916107177,13.10546875,14.0,15,1677.5,1792.0,1920,0.0,0.0,0.0243883694954714,1.1445603576751118,sampled_16_timesteps_max_2048_sources,converged,1.5625,0.0001,9.998679161071776e-05,1.3208389282231356e-08,True,20,SpMV,CUSPARSE_SPMV_ALG_DEFAULT,,,torch_cuda_event_cudagraph_replay,gpu_execution,full_rsnn,device_adapted,independent_inference,sparse_only,"(256, 1, 131072)","(256, 1, 131072)",131072,131072,1,1,BN,spmspv_csc_dense_device,spmspv_csc_dense_device,none,False,False,True,0,torch.int64,torch.float32,torch.float32,dense_device,,,False,False,False,False,False,True,1.0,524288,338165768,338165768,0,0,False,unknown,unknown,unknown,unknown,unknown,,5.96560001;5.9523201;5.95625591;5.95619202;5.95440006;5.95398378;5.9552002;5.95622396;5.95433617;5.95209599;5.95577621;5.95215988;5.95932817;5.95625591;5.95625591;5.95625591;5.9542079;5.9542079;5.95523214;5.9542079,20,5.955524802207947,0.0029281465069468,5.952095985412598,5.96560001373291,passed,0,0.0,0.0,0.0,0.0,0.0,0.0,0.0,131072,0,full_state,passed,,5.9552161693573,,,,,,,,,,,3.720769011530032
globalatomic_cudagraph,uniform,NVIDIA GeForce RTX 5090,2.11.0+cu128,12.8,default,0.15,,,,,,857e0b945ea62d70,2,131072,256,1,16777216,128.0,uniform,2,128,0.0,0.0,0.0,128.0,128.0,1.0,0.0001,0.0001,9.998679161071776e-05,0.1,0.0999867916107177,13.10546875,14.0,15,1677.5,1792.0,1920,0.0,0.0,0.0243883694954714,1.1445603576751118,sampled_16_timesteps_max_2048_sources,converged,1.5625,0.0001,9.998679161071776e-05,1.3208389282231356e-08,True,20,SpMV,CUSPARSE_SPMV_ALG_DEFAULT,,,torch_cuda_event_cudagraph_replay,gpu_execution,full_rsnn,device_adapted,independent_inference,sparse_only,"(256, 1, 131072)","(256, 1, 131072)",131072,131072,1,1,BN,spmspv_csc_dense_device,spmspv_csc_dense_device,none,False,False,True,0,torch.int64,torch.float32,torch.float32,dense_device,,,False,False,False,False,False,True,1.0,524288,338165768,338165768,0,0,False,unknown,unknown,unknown,unknown,unknown,,11.7162876;11.7054396;11.704608;11.7035522;11.6989756;11.7014084;11.6978559;11.7008638;11.7034245;11.7004156;11.6974401;11.7049599;11.699872;11.699872;11.6988478;11.6977282;11.6988478;11.6937284;11.7008963;11.7019196,20,11.701347160339356,0.004562598533934,11.69372844696045,11.71628761291504,passed,0,0.0,0.0,0.0,0.0,0.0,0.0,0.0,131072,0,full_state,passed,,11.700639724731444,,,,,,,,,,,1.893741222804448
vdha_cudagraph,uniform,NVIDIA GeForce RTX 5090,2.11.0+cu128,12.8,default,0.15,,,,,,857e0b945ea62d70,2,131072,256,1,16777216,128.0,uniform,2,128,0.0,0.0,0.0,128.0,128.0,1.0,0.0001,0.0001,9.998679161071776e-05,0.1,0.0999867916107177,13.10546875,14.0,15,1677.5,1792.0,1920,0.0,0.0,0.0243883694954714,1.1445603576751118,sampled_16_timesteps_max_2048_sources,converged,1.5625,0.0001,9.998679161071776e-05,1.3208389282231356e-08,True,20,SpMV,CUSPARSE_SPMV_ALG_DEFAULT,,,torch_cuda_event_cudagraph_replay,gpu_execution,full_rsnn,device_adapted,independent_inference,sparse_only,"(256, 1, 131072)","(256, 1, 131072)",131072,131072,1,1,BN,spmspv_csc_dense_device,spmspv_csc_dense_device,none,False,False,True,0,torch.int64,torch.float32,torch.float32,dense_device,,,False,False,False,False,False,True,1.0,524288,338165768,338165768,0,0,False,unknown,unknown,unknown,unknown,unknown,,8.10643196;8.08556843;8.08687973;8.08867168;8.08870411;8.08659172;8.08761597;8.08928013;8.08870411;8.0948801;8.08720016;8.09072018;8.09078407;8.08975983;8.08515167;8.08515167;8.0892477;8.08716774;8.08720016;8.09334373,20,8.089452743530273,0.0047228515063415,8.085151672363281,8.10643196105957,passed,0,0.0,0.0,0.0,0.0,0.0,0.0,0.0,131072,0,full_state,passed,,8.088687896728516,,,,,,,,,,,2.7393792494910163
persistent_spike_block,uniform,NVIDIA GeForce RTX 5090,2.11.0+cu128,12.8,default,0.15,,,,,,857e0b945ea62d70,2,131072,256,1,16777216,128.0,uniform,2,128,0.0,0.0,0.0,128.0,128.0,1.0,0.0001,0.0001,9.998679161071776e-05,0.1,0.0999867916107177,13.10546875,14.0,15,1677.5,1792.0,1920,0.0,0.0,0.0243883694954714,1.1445603576751118,sampled_16_timesteps_max_2048_sources,converged,1.5625,0.0001,9.998679161071776e-05,1.3208389282231356e-08,True,20,SpMV,CUSPARSE_SPMV_ALG_DEFAULT,,,torch_cuda_event,gpu_execution,full_rsnn,device_native,independent_inference,full_fusion,"(256, 1, 131072)","(256, 1, 131072)",131072,131072,1,1,BN,event_csr,event_csr,dense_to_events_precomputed,False,True,True,0,torch.int32,torch.float32,torch.float32,windowed_events,,,False,False,False,False,False,False,1.0,3719184,135805044,135805044,0,0,False,unknown,unknown,unknown,unknown,unknown,,2.38463998;2.336128;2.34089589;2.33923197;2.33888006;2.34140801;2.33884811;2.34022403;2.33983994;2.3392961;2.33670402;2.34335995;2.33881593;2.34127998;2.33878398;2.33823991;2.33766389;2.34121609;2.34086394;2.33881593,20,2.341756784915924,0.0102376397398319,2.336127996444702,2.384639978408813,passed,0,0.0,2.3283064365386963e-10,0.0,1.1641414499052871e-09,0.0,1.1641414499052871e-09,0.0,131072,0,full_state,passed,,2.3392640352249146,,,,,,,9.47220298617415,,,,9.47220298617415
cusparse_direct_cudagraph,uniform,NVIDIA GeForce RTX 5090,2.11.0+cu128,12.8,default,0.15,,,,,,f76fd8bfcb0b3cb9,2,131072,256,1,16777216,128.0,uniform,2,128,0.0,0.0,0.0,128.0,128.0,1.0,0.0002,0.0002,0.0002000033855438,0.2,0.2000033855438232,26.21484375,27.0,33,3355.5,3456.0,4224,0.0,0.0,0.0220044603920231,1.258828788556102,sampled_16_timesteps_max_2048_sources,converged,1.5625,0.0002,0.0002000033855438,3.385543823232603e-09,True,20,SpMV,CUSPARSE_SPMV_ALG_DEFAULT,,,torch_cuda_event,gpu_execution,full_rsnn,device_native,independent_inference,sparse_only,"(256, 1, 131072)","(256, 1, 131072)",131072,131072,1,1,BN,csr_post_by_pre,csr_post_by_pre,none,False,False,True,0,torch.int32,torch.float32,torch.float32,dense,,,False,False,False,False,False,True,1.0,65540,404750340,404750340,0,0,False,unknown,unknown,unknown,unknown,unknown,,22.1387196;22.1235199;22.1221447;22.1231689;22.1200962;22.1231689;22.1241913;22.1231689;22.1282883;22.119072;22.1241608;22.1252155;22.1211205;22.1221447;22.1271992;22.1200962;22.1231689;22.1262398;22.1231689;22.1221447,20,22.124009895324708,0.0041606598095131,22.11907196044922,22.13871955871582,passed,0,0.0,3.725290298461914e-09,0.0,1.862227172466646e-08,0.0,1.862227172466646e-08,0.0,131072,0,full_state,passed,,22.1231689453125,,,,,,,1.0,,,,1.0
tilespmspv_cudagraph,uniform,NVIDIA GeForce RTX 5090,2.11.0+cu128,12.8,default,0.15,,,,,,f76fd8bfcb0b3cb9,2,131072,256,1,16777216,128.0,uniform,2,128,0.0,0.0,0.0,128.0,128.0,1.0,0.0002,0.0002,0.0002000033855438,0.2,0.2000033855438232,26.21484375,27.0,33,3355.5,3456.0,4224,0.0,0.0,0.0220044603920231,1.258828788556102,sampled_16_timesteps_max_2048_sources,converged,1.5625,0.0002,0.0002000033855438,3.385543823232603e-09,True,20,SpMV,CUSPARSE_SPMV_ALG_DEFAULT,,,torch_cuda_event_cudagraph_replay,gpu_execution,full_rsnn,device_adapted,independent_inference,sparse_only,"(256, 1, 131072)","(256, 1, 131072)",131072,131072,1,1,BN,spmspv_csc_dense_device,spmspv_csc_dense_device,none,False,False,True,0,torch.int64,torch.float32,torch.float32,dense_device,,,False,False,False,False,False,True,1.0,524288,338165768,338165768,0,0,False,unknown,unknown,unknown,unknown,unknown,,6.01196814;5.99756813;5.9971838;5.99939203;5.99516821;6.00115204;5.99926376;6.0004158;5.99910402;5.99724817;5.99881601;5.99721622;5.99721622;5.99926376;5.99823999;5.99721622;5.99926376;5.99926376;5.99721622;5.99926376,20,5.999072003364563,0.0033376340548435,5.995168209075928,6.01196813583374,passed,0,0.0,0.0,0.0,0.0,0.0,0.0,0.0,131072,0,full_state,passed,,5.998960018157959,,,,,,,,,,,3.6878340376246816
globalatomic_cudagraph,uniform,NVIDIA GeForce RTX 5090,2.11.0+cu128,12.8,default,0.15,,,,,,f76fd8bfcb0b3cb9,2,131072,256,1,16777216,128.0,uniform,2,128,0.0,0.0,0.0,128.0,128.0,1.0,0.0002,0.0002,0.0002000033855438,0.2,0.2000033855438232,26.21484375,27.0,33,3355.5,3456.0,4224,0.0,0.0,0.0220044603920231,1.258828788556102,sampled_16_timesteps_max_2048_sources,converged,1.5625,0.0002,0.0002000033855438,3.385543823232603e-09,True,20,SpMV,CUSPARSE_SPMV_ALG_DEFAULT,,,torch_cuda_event_cudagraph_replay,gpu_execution,full_rsnn,device_adapted,independent_inference,sparse_only,"(256, 1, 131072)","(256, 1, 131072)",131072,131072,1,1,BN,spmspv_csc_dense_device,spmspv_csc_dense_device,none,False,False,True,0,torch.int64,torch.float32,torch.float32,dense_device,,,False,False,False,False,False,True,1.0,524288,338165768,338165768,0,0,False,unknown,unknown,unknown,unknown,unknown,,11.7236795;11.7038078;11.7131844;11.7075195;11.7112322;11.7116156;11.7096958;11.7051201;11.7055044;11.7086077;11.705472;11.7070398;11.7080641;11.7060156;11.7090883;11.7060156;11.7131844;11.7121601;11.7080641;11.7090883,20,11.70920796394348,0.0043792761606759,11.703807830810549,11.723679542541504,passed,0,0.0,0.0,0.0,0.0,0.0,0.0,0.0,131072,0,full_state,passed,,11.708335876464844,,,,,,,,,,,1.889522915872504
vdha_cudagraph,uniform,NVIDIA GeForce RTX 5090,2.11.0+cu128,12.8,default,0.15,,,,,,f76fd8bfcb0b3cb9,2,131072,256,1,16777216,128.0,uniform,2,128,0.0,0.0,0.0,128.0,128.0,1.0,0.0002,0.0002,0.0002000033855438,0.2,0.2000033855438232,26.21484375,27.0,33,3355.5,3456.0,4224,0.0,0.0,0.0220044603920231,1.258828788556102,sampled_16_timesteps_max_2048_sources,converged,1.5625,0.0002,0.0002000033855438,3.385543823232603e-09,True,20,SpMV,CUSPARSE_SPMV_ALG_DEFAULT,,,torch_cuda_event_cudagraph_replay,gpu_execution,full_rsnn,device_adapted,independent_inference,sparse_only,"(256, 1, 131072)","(256, 1, 131072)",131072,131072,1,1,BN,spmspv_csc_dense_device,spmspv_csc_dense_device,none,False,False,True,0,torch.int64,torch.float32,torch.float32,dense_device,,,False,False,False,False,False,True,1.0,524288,338165768,338165768,0,0,False,unknown,unknown,unknown,unknown,unknown,,8.29763222;8.27779198;8.27731228;8.28121567;8.28182411;8.28307247;8.28332806;8.27564812;8.27958393;8.28387165;8.28166389;8.28326416;8.27692795;8.28131199;8.28585625;8.28176022;8.27766418;8.28790379;8.28278446;8.28176022,20,8.282108879089355,0.0047805712929397,8.27564811706543,8.297632217407227,passed,0,0.0,0.0,0.0,0.0,0.0,0.0,0.0,131072,0,full_state,passed,,8.281760215759277,,,,,,,,,,,2.6713124225952045
persistent_spike_block,uniform,NVIDIA GeForce RTX 5090,2.11.0+cu128,12.8,default,0.15,,,,,,f76fd8bfcb0b3cb9,2,131072,256,1,16777216,128.0,uniform,2,128,0.0,0.0,0.0,128.0,128.0,1.0,0.0002,0.0002,0.0002000033855438,0.2,0.2000033855438232,26.21484375,27.0,33,3355.5,3456.0,4224,0.0,0.0,0.0220044603920231,1.258828788556102,sampled_16_timesteps_max_2048_sources,converged,1.5625,0.0002,0.0002000033855438,3.385543823232603e-09,True,20,SpMV,CUSPARSE_SPMV_ALG_DEFAULT,,,torch_cuda_event,gpu_execution,full_rsnn,device_native,independent_inference,full_fusion,"(256, 1, 131072)","(256, 1, 131072)",131072,131072,1,1,BN,event_csr,event_csr,dense_to_events_precomputed,False,True,True,0,torch.int32,torch.float32,torch.float32,windowed_events,,,False,False,False,False,False,False,1.0,3719184,135818468,135818468,0,0,False,unknown,unknown,unknown,unknown,unknown,,2.3930881;2.33881593;2.33718395;2.33875203;2.34227204;2.34291196;2.34124804;2.34284806;2.33718395;2.33881593;2.33820796;2.34096003;2.34329605;2.33884811;2.34124804;2.34291196;2.33920002;2.34284806;2.34086394;2.34188795,20,2.343169605731964,0.0119216172456992,2.337183952331543,2.3930881023406982,passed,0,0.0,3.725290298461914e-09,0.0,1.862227172466646e-08,0.0,1.862227172466646e-08,0.0,131072,0,full_state,passed,,2.341104030609131,,,,,,,9.449887171206264,,,,9.449887171206264
cusparse_direct_cudagraph,uniform,NVIDIA GeForce RTX 5090,2.11.0+cu128,12.8,default,0.15,,,,,,af6165d4fed841e8,2,131072,256,1,16777216,128.0,uniform,2,128,0.0,0.0,0.0,128.0,128.0,1.0,0.0005,0.0005,0.0004999935626983,0.5,0.4999935626983642,65.53515625,66.0,92,8388.5,8448.0,11776,0.0,0.0,0.0297892918490913,1.4038266674614055,sampled_16_timesteps_max_2048_sources,converged,1.5625,0.0005,0.0004999935626983,6.437301635752596e-09,True,20,SpMV,CUSPARSE_SPMV_ALG_DEFAULT,,,torch_cuda_event,gpu_execution,full_rsnn,device_native,independent_inference,sparse_only,"(256, 1, 131072)","(256, 1, 131072)",131072,131072,1,1,BN,csr_post_by_pre,csr_post_by_pre,none,False,False,True,0,torch.int32,torch.float32,torch.float32,dense,,,False,False,False,False,False,True,1.0,65540,404750340,404750340,0,0,False,unknown,unknown,unknown,unknown,unknown,,22.1468163;22.1152649;22.1159992;22.1149769;22.1180477;22.1129284;22.1200962;22.1149769;22.1159687;22.1149769;22.1159687;22.119072;22.1149769;22.1159992;22.1170235;22.1159992;22.1149769;22.1180477;22.1149769;22.1180477,20,22.11775703430176,0.007048697439424,22.11292839050293,22.14681625366211,passed,0,0.0,7.450580596923828e-09,1.1641532182693479e-10,3.724218089473652e-08,2.3275623206586715e-08,3.724218089473652e-08,2.3275623206586715e-08,131072,0,full_state,passed,,22.11598396301269,,,,,,,1.0,,,,1.0
tilespmspv_cudagraph,uniform,NVIDIA GeForce RTX 5090,2.11.0+cu128,12.8,default,0.15,,,,,,af6165d4fed841e8,2,131072,256,1,16777216,128.0,uniform,2,128,0.0,0.0,0.0,128.0,128.0,1.0,0.0005,0.0005,0.0004999935626983,0.5,0.4999935626983642,65.53515625,66.0,92,8388.5,8448.0,11776,0.0,0.0,0.0297892918490913,1.4038266674614055,sampled_16_timesteps_max_2048_sources,converged,1.5625,0.0005,0.0004999935626983,6.437301635752596e-09,True,20,SpMV,CUSPARSE_SPMV_ALG_DEFAULT,,,torch_cuda_event_cudagraph_replay,gpu_execution,full_rsnn,device_adapted,independent_inference,sparse_only,"(256, 1, 131072)","(256, 1, 131072)",131072,131072,1,1,BN,spmspv_csc_dense_device,spmspv_csc_dense_device,none,False,False,True,0,torch.int64,torch.float32,torch.float32,dense_device,,,False,False,False,False,False,True,1.0,524288,338165768,338165768,0,0,False,unknown,unknown,unknown,unknown,unknown,,6.01622391;6.00358391;6.00537586;6.0013442;6.003232;6.00144005;6.00320005;6.00227213;6.00335979;6.00540781;6.00691223;6.00335979;6.00540781;6.00335979;5.99823999;6.00335979;6.00537586;6.00335979;6.00335979;5.99926376,20,6.003871917724609,0.0035643745295058,5.998239994049072,6.016223907470703,passed,0,0.0,0.0,0.0,0.0,0.0,0.0,0.0,131072,0,full_state,passed,,6.003359794616699,,,,,,,,,,,3.6839344499798967
globalatomic_cudagraph,uniform,NVIDIA GeForce RTX 5090,2.11.0+cu128,12.8,default,0.15,,,,,,af6165d4fed841e8,2,131072,256,1,16777216,128.0,uniform,2,128,0.0,0.0,0.0,128.0,128.0,1.0,0.0005,0.0005,0.0004999935626983,0.5,0.4999935626983642,65.53515625,66.0,92,8388.5,8448.0,11776,0.0,0.0,0.0297892918490913,1.4038266674614055,sampled_16_timesteps_max_2048_sources,converged,1.5625,0.0005,0.0004999935626983,6.437301635752596e-09,True,20,SpMV,CUSPARSE_SPMV_ALG_DEFAULT,,,torch_cuda_event_cudagraph_replay,gpu_execution,full_rsnn,device_adapted,independent_inference,sparse_only,"(256, 1, 131072)","(256, 1, 131072)",131072,131072,1,1,BN,spmspv_csc_dense_device,spmspv_csc_dense_device,none,False,False,True,0,torch.int64,torch.float32,torch.float32,dense_device,,,False,False,False,False,False,True,1.0,524288,338165768,338165768,0,0,False,unknown,unknown,unknown,unknown,unknown,,11.7516804;11.7247362;11.7257605;11.7279043;11.7296638;11.7239361;11.7306557;11.7234879;11.7300158;11.7331839;11.7280636;11.7203522;11.72752;11.7326403;11.731616;11.7305918;11.7326078;11.7295675;11.7264643;11.72752,20,11.729398393630982,0.0062462008502417,11.720352172851562,11.751680374145508,passed,0,0.0,0.0,0.0,0.0,0.0,0.0,0.0,131072,0,full_state,passed,,11.72881555557251,,,,,,,,,,,1.885611028515587
vdha_cudagraph,uniform,NVIDIA GeForce RTX 5090,2.11.0+cu128,12.8,default,0.15,,,,,,af6165d4fed841e8,2,131072,256,1,16777216,128.0,uniform,2,128,0.0,0.0,0.0,128.0,128.0,1.0,0.0005,0.0005,0.0004999935626983,0.5,0.4999935626983642,65.53515625,66.0,92,8388.5,8448.0,11776,0.0,0.0,0.0297892918490913,1.4038266674614055,sampled_16_timesteps_max_2048_sources,converged,1.5625,0.0005,0.0004999935626983,6.437301635752596e-09,True,20,SpMV,CUSPARSE_SPMV_ALG_DEFAULT,,,torch_cuda_event_cudagraph_replay,gpu_execution,full_rsnn,device_adapted,independent_inference,sparse_only,"(256, 1, 131072)","(256, 1, 131072)",131072,131072,1,1,BN,spmspv_csc_dense_device,spmspv_csc_dense_device,none,False,False,True,0,torch.int64,torch.float32,torch.float32,dense_device,,,False,False,False,False,False,True,1.0,524288,338165768,338165768,0,0,False,unknown,unknown,unknown,unknown,unknown,,12.2214718;12.2040005;12.2113924;12.2037439;12.2092476;12.2069445;12.2031679;12.205184;12.2016964;12.2032957;12.2080317;12.209856;12.2015676;12.2012157;12.199584;12.2077761;12.2026558;12.2057276;12.2057276;12.2036476,20,12.205796718597412,0.0048416613468289,12.199584007263184,12.221471786499023,passed,0,0.0,0.0,0.0,0.0,0.0,0.0,0.0,131072,0,full_state,passed,,12.204592227935793,,,,,,,,,,,1.812103473018144
persistent_spike_block,uniform,NVIDIA GeForce RTX 5090,2.11.0+cu128,12.8,default,0.15,,,,,,af6165d4fed841e8,2,131072,256,1,16777216,128.0,uniform,2,128,0.0,0.0,0.0,128.0,128.0,1.0,0.0005,0.0005,0.0004999935626983,0.5,0.4999935626983642,65.53515625,66.0,92,8388.5,8448.0,11776,0.0,0.0,0.0297892918490913,1.4038266674614055,sampled_16_timesteps_max_2048_sources,converged,1.5625,0.0005,0.0004999935626983,6.437301635752596e-09,True,20,SpMV,CUSPARSE_SPMV_ALG_DEFAULT,,,torch_cuda_event,gpu_execution,full_rsnn,device_native,independent_inference,full_fusion,"(256, 1, 131072)","(256, 1, 131072)",131072,131072,1,1,BN,event_csr,event_csr,dense_to_events_precomputed,False,True,True,0,torch.int32,torch.float32,torch.float32,windowed_events,,,False,False,False,False,False,False,1.0,3719184,135858732,135858732,0,0,False,unknown,unknown,unknown,unknown,unknown,,2.43747211;2.38224006;2.38175988;2.3844161;2.379776;2.38220811;2.37558389;2.37811208;2.37779188;2.3791039;2.38179207;2.38220811;2.38403201;2.38323212;2.38284802;2.38627195;2.38384008;2.38428807;2.38182402;2.38284802,20,2.3845824241638183,0.0127137934430358,2.37558388710022,2.437472105026245,passed,0,0.0,7.450580596923828e-09,0.0,3.724218089473652e-08,0.0,3.724218089473652e-08,0.0,131072,0,full_state,passed,,2.3822240829467773,,,,,,,9.283754673345229,,,,9.283754673345229
cusparse_direct_cudagraph,uniform,NVIDIA GeForce RTX 5090,2.11.0+cu128,12.8,default,0.15,,,,,,4257a2258db5e87a,2,131072,256,1,16777216,128.0,uniform,2,128,0.0,0.0,0.0,128.0,128.0,1.0,0.001,0.001,0.0009999871253967,1.0,0.9999871253967284,131.0703125,131.0,244,16777.0,16768.0,31232,0.0,0.0,0.0595934600879682,1.8615962329379507,sampled_16_timesteps_max_2048_sources,converged,1.5625,0.001,0.0009999871253967,1.2874603271505192e-08,True,20,SpMV,CUSPARSE_SPMV_ALG_DEFAULT,,,torch_cuda_event,gpu_execution,full_rsnn,device_native,independent_inference,sparse_only,"(256, 1, 131072)","(256, 1, 131072)",131072,131072,1,1,BN,csr_post_by_pre,csr_post_by_pre,none,False,False,True,0,torch.int32,torch.float32,torch.float32,dense,,,False,False,False,False,False,True,1.0,65540,404750340,404750340,0,0,False,unknown,unknown,unknown,unknown,unknown,,22.131424;22.1192646;22.1159992;22.1170235;22.1180477;22.1129284;22.1180477;22.1149769;22.1139526;22.119072;22.1180477;22.119072;22.1170235;22.1139202;22.1149769;22.1159992;22.1149769;22.1139526;22.1149769;22.1180477,20,22.11708650588989,0.0039001898139765,22.11292839050293,22.131423950195312,passed,0,0.0,2.9802322387695312e-08,1.1641532182693479e-10,1.4873404552417926e-07,2.327680448388492e-08,1.4873404552417926e-07,2.327680448388492e-08,131072,0,full_state,passed,,22.116511344909668,,,,,,,1.0,,,,1.0
tilespmspv_cudagraph,uniform,NVIDIA GeForce RTX 5090,2.11.0+cu128,12.8,default,0.15,,,,,,4257a2258db5e87a,2,131072,256,1,16777216,128.0,uniform,2,128,0.0,0.0,0.0,128.0,128.0,1.0,0.001,0.001,0.0009999871253967,1.0,0.9999871253967284,131.0703125,131.0,244,16777.0,16768.0,31232,0.0,0.0,0.0595934600879682,1.8615962329379507,sampled_16_timesteps_max_2048_sources,converged,1.5625,0.001,0.0009999871253967,1.2874603271505192e-08,True,20,SpMV,CUSPARSE_SPMV_ALG_DEFAULT,,,torch_cuda_event_cudagraph_replay,gpu_execution,full_rsnn,device_adapted,independent_inference,sparse_only,"(256, 1, 131072)","(256, 1, 131072)",131072,131072,1,1,BN,spmspv_csc_dense_device,spmspv_csc_dense_device,none,False,False,True,0,torch.int64,torch.float32,torch.float32,dense_device,,,False,False,False,False,False,True,1.0,524288,338165768,338165768,0,0,False,unknown,unknown,unknown,unknown,unknown,,6.04483223;6.03183985;6.03164816;6.03366423;6.03158379;6.0313282;6.03359985;6.03257608;6.03414392;6.02537584;6.03151989;6.03203201;6.03203201;6.03203201;6.03203201;6.03305578;6.03401613;6.03401613;6.03203201;6.03200006,20,6.03276801109314,0.0033815294948627,6.025375843048096,6.044832229614258,passed,0,0.0,0.0,0.0,0.0,0.0,0.0,0.0,131072,0,full_state,passed,,6.032032012939453,,,,,,,,,,,3.6665109365247104
globalatomic_cudagraph,uniform,NVIDIA GeForce RTX 5090,2.11.0+cu128,12.8,default,0.15,,,,,,4257a2258db5e87a,2,131072,256,1,16777216,128.0,uniform,2,128,0.0,0.0,0.0,128.0,128.0,1.0,0.001,0.001,0.0009999871253967,1.0,0.9999871253967284,131.0703125,131.0,244,16777.0,16768.0,31232,0.0,0.0,0.0595934600879682,1.8615962329379507,sampled_16_timesteps_max_2048_sources,converged,1.5625,0.001,0.0009999871253967,1.2874603271505192e-08,True,20,SpMV,CUSPARSE_SPMV_ALG_DEFAULT,,,torch_cuda_event_cudagraph_replay,gpu_execution,full_rsnn,device_adapted,independent_inference,sparse_only,"(256, 1, 131072)","(256, 1, 131072)",131072,131072,1,1,BN,spmspv_csc_dense_device,spmspv_csc_dense_device,none,False,False,True,0,torch.int64,torch.float32,torch.float32,dense_device,,,False,False,False,False,False,True,1.0,524288,338165768,338165768,0,0,False,unknown,unknown,unknown,unknown,unknown,,11.7898884;11.7502079;11.7558079;11.7527037;11.7567682;11.7543364;11.7550077;11.75424;11.7529917;11.7531204;11.7556477;11.755168;11.7520962;11.7490244;11.7510719;11.7480001;11.7531204;11.7459517;11.7510719;11.7490244,20,11.754262447357178,0.0088629295442726,11.745951652526855,11.789888381958008,passed,0,0.0,0.0,0.0,0.0,0.0,0.0,0.0,131072,0,full_state,passed,,11.753056049346924,,,,,,,,,,,1.8817668572369823
vdha_cudagraph,uniform,NVIDIA GeForce RTX 5090,2.11.0+cu128,12.8,default,0.15,,,,,,4257a2258db5e87a,2,131072,256,1,16777216,128.0,uniform,2,128,0.0,0.0,0.0,128.0,128.0,1.0,0.001,0.001,0.0009999871253967,1.0,0.9999871253967284,131.0703125,131.0,244,16777.0,16768.0,31232,0.0,0.0,0.0595934600879682,1.8615962329379507,sampled_16_timesteps_max_2048_sources,converged,1.5625,0.001,0.0009999871253967,1.2874603271505192e-08,True,20,SpMV,CUSPARSE_SPMV_ALG_DEFAULT,,,torch_cuda_event_cudagraph_replay,gpu_execution,full_rsnn,device_adapted,independent_inference,sparse_only,"(256, 1, 131072)","(256, 1, 131072)",131072,131072,1,1,BN,spmspv_csc_dense_device,spmspv_csc_dense_device,none,False,False,True,0,torch.int64,torch.float32,torch.float32,dense_device,,,False,False,False,False,False,True,1.0,524288,338165768,338165768,0,0,False,unknown,unknown,unknown,unknown,unknown,,10.2574081;10.2365437;10.2320957;10.2300797;10.230464;10.233696;10.23248;10.2340479;10.2292805;10.2339201;10.2318716;10.2366724;10.2364798;10.2279043;10.2304316;10.23248;10.2334404;10.2304316;10.2303677;10.2304316,20,10.23352632522583,0.0061349090424797,10.227904319763184,10.257408142089844,passed,0,0.0,0.0,0.0,0.0,0.0,0.0,0.0,131072,0,full_state,passed,,10.232287883758543,,,,,,,,,,,2.161443422640078
persistent_spike_block,uniform,NVIDIA GeForce RTX 5090,2.11.0+cu128,12.8,default,0.15,,,,,,4257a2258db5e87a,2,131072,256,1,16777216,128.0,uniform,2,128,0.0,0.0,0.0,128.0,128.0,1.0,0.001,0.001,0.0009999871253967,1.0,0.9999871253967284,131.0703125,131.0,244,16777.0,16768.0,31232,0.0,0.0,0.0595934600879682,1.8615962329379507,sampled_16_timesteps_max_2048_sources,converged,1.5625,0.001,0.0009999871253967,1.2874603271505192e-08,True,20,SpMV,CUSPARSE_SPMV_ALG_DEFAULT,,,torch_cuda_event,gpu_execution,full_rsnn,device_native,independent_inference,full_fusion,"(256, 1, 131072)","(256, 1, 131072)",131072,131072,1,1,BN,event_csr,event_csr,dense_to_events_precomputed,False,True,True,0,torch.int32,torch.float32,torch.float32,windowed_events,,,False,False,False,False,False,False,1.0,3719184,135925840,135925840,0,0,False,unknown,unknown,unknown,unknown,unknown,,2.47571206;2.42729592;2.42691207;2.43148804;2.424896;2.42831993;2.4238081;2.42419195;2.42684793;2.42316794;2.42467189;2.42934394;2.42390394;2.42937589;2.4227519;2.42726398;2.42483211;2.42934394;2.4217279;2.42790389,20,2.428687965869904,0.0113743357267415,2.4217278957366943,2.4757120609283447,passed,0,0.0,2.9802322387695312e-08,0.0,1.4873404552417926e-07,0.0,1.4873404552417926e-07,0.0,131072,0,full_state,passed,,2.4268800020217896,,,,,,,9.11314581952334,,,,9.11314581952334
cusparse_direct_cudagraph,uniform,NVIDIA GeForce RTX 5090,2.11.0+cu128,12.8,default,0.15,,,,,,80a0e9e9c605fccb,2,131072,256,1,16777216,128.0,uniform,2,128,0.0,0.0,0.0,128.0,128.0,1.0,0.002,0.002,0.0020000040531158,2.0,2.0000040531158447,262.14453125,260.0,519,33554.5,33280.0,66432,0.0,0.0,0.0909475671193153,1.9798238686316287,sampled_16_timesteps_max_2048_sources,converged,1.5625,0.002,0.0020000040531158,4.053115844684929e-09,True,20,SpMV,CUSPARSE_SPMV_ALG_DEFAULT,,,torch_cuda_event,gpu_execution,full_rsnn,device_native,independent_inference,sparse_only,"(256, 1, 131072)","(256, 1, 131072)",131072,131072,1,1,BN,csr_post_by_pre,csr_post_by_pre,none,False,False,True,0,torch.int32,torch.float32,torch.float32,dense,,,False,False,False,False,False,True,1.0,65540,404750340,404750340,0,0,False,unknown,unknown,unknown,unknown,unknown,,22.1166725;22.1070404;22.1098557;22.1088314;22.1078072;22.1088314;22.1098557;22.1129284;22.1098557;22.1088314;22.1078072;22.1108799;22.1078072;22.1067848;22.1108799;22.1098557;22.1088314;22.1098557;22.1088314;22.1078072,20,22.10949249267578,0.0022332196642666,22.10678482055664,22.11667251586914,passed,0,0.0,2.9802322387695312e-08,4.656612873077393e-10,1.4883660526265885e-07,9.306267401143486e-08,1.4883660526265885e-07,9.306267401143486e-08,131072,0,full_state,passed,,22.10883140563965,,,,,,,1.0,,,,1.0
tilespmspv_cudagraph,uniform,NVIDIA GeForce RTX 5090,2.11.0+cu128,12.8,default,0.15,,,,,,80a0e9e9c605fccb,2,131072,256,1,16777216,128.0,uniform,2,128,0.0,0.0,0.0,128.0,128.0,1.0,0.002,0.002,0.0020000040531158,2.0,2.0000040531158447,262.14453125,260.0,519,33554.5,33280.0,66432,0.0,0.0,0.0909475671193153,1.9798238686316287,sampled_16_timesteps_max_2048_sources,converged,1.5625,0.002,0.0020000040531158,4.053115844684929e-09,True,20,SpMV,CUSPARSE_SPMV_ALG_DEFAULT,,,torch_cuda_event_cudagraph_replay,gpu_execution,full_rsnn,device_adapted,independent_inference,sparse_only,"(256, 1, 131072)","(256, 1, 131072)",131072,131072,1,1,BN,spmspv_csc_dense_device,spmspv_csc_dense_device,none,False,False,True,0,torch.int64,torch.float32,torch.float32,dense_device,,,False,False,False,False,False,True,1.0,524288,338165768,338165768,0,0,False,unknown,unknown,unknown,unknown,unknown,,6.06217623;6.04694414;6.04838419;6.0462079;6.04838419;6.05036783;6.04831982;6.04841614;6.04940796;6.0462718;6.04799986;6.04636812;6.05046415;6.04636812;6.04841614;6.05251217;6.04841614;6.05148792;6.05046415;6.04636812,20,6.049187254905701,0.0035633476690641,6.046207904815674,6.06217622756958,passed,0,0.0,0.0,0.0,0.0,0.0,0.0,0.0,131072,0,full_state,passed,,6.048400163650513,,,,,,,,,,,3.655318895483903
globalatomic_cudagraph,uniform,NVIDIA GeForce RTX 5090,2.11.0+cu128,12.8,default,0.15,,,,,,80a0e9e9c605fccb,2,131072,256,1,16777216,128.0,uniform,2,128,0.0,0.0,0.0,128.0,128.0,1.0,0.002,0.002,0.0020000040531158,2.0,2.0000040531158447,262.14453125,260.0,519,33554.5,33280.0,66432,0.0,0.0,0.0909475671193153,1.9798238686316287,sampled_16_timesteps_max_2048_sources,converged,1.5625,0.002,0.0020000040531158,4.053115844684929e-09,True,20,SpMV,CUSPARSE_SPMV_ALG_DEFAULT,,,torch_cuda_event_cudagraph_replay,gpu_execution,full_rsnn,device_adapted,independent_inference,sparse_only,"(256, 1, 131072)","(256, 1, 131072)",131072,131072,1,1,BN,spmspv_csc_dense_device,spmspv_csc_dense_device,none,False,False,True,0,torch.int64,torch.float32,torch.float32,dense_device,,,False,False,False,False,False,True,1.0,524288,338165768,338165768,0,0,False,unknown,unknown,unknown,unknown,unknown,,11.7788162;11.7717762;11.7663679;11.769536;11.7632961;11.7643843;11.7653437;11.7705603;11.7674236;11.7694721;11.766016;11.7695036;11.7643843;11.7674561;11.76336;11.7643843;11.76336;11.7663679;11.7735996;11.7735996,20,11.767950391769409,0.0041587480393407,11.763296127319336,11.778816223144531,passed,0,0.0,0.0,0.0,0.0,0.0,0.0,0.0,131072,0,full_state,passed,,11.766895771026611,,,,,,,,,,,1.8789009298508257
vdha_cudagraph,uniform,NVIDIA GeForce RTX 5090,2.11.0+cu128,12.8,default,0.15,,,,,,80a0e9e9c605fccb,2,131072,256,1,16777216,128.0,uniform,2,128,0.0,0.0,0.0,128.0,128.0,1.0,0.002,0.002,0.0020000040531158,2.0,2.0000040531158447,262.14453125,260.0,519,33554.5,33280.0,66432,0.0,0.0,0.0909475671193153,1.9798238686316287,sampled_16_timesteps_max_2048_sources,converged,1.5625,0.002,0.0020000040531158,4.053115844684929e-09,True,20,SpMV,CUSPARSE_SPMV_ALG_DEFAULT,,,torch_cuda_event_cudagraph_replay,gpu_execution,full_rsnn,device_adapted,independent_inference,sparse_only,"(256, 1, 131072)","(256, 1, 131072)",131072,131072,1,1,BN,spmspv_csc_dense_device,spmspv_csc_dense_device,none,False,False,True,0,torch.int64,torch.float32,torch.float32,dense_device,,,False,False,False,False,False,True,1.0,524288,338165768,338165768,0,0,False,unknown,unknown,unknown,unknown,unknown,,9.06300831;9.05807972;9.053792;9.05081558;9.05548763;9.04918385;9.05622387;9.05593586;9.05580807;9.0504961;9.05174446;9.05190372;9.04790401;9.04931164;9.0538559;9.04668808;9.04771233;9.05180836;9.04771233;9.05078411,20,9.052412796020509,0.0041267076973753,9.046688079833984,9.063008308410645,passed,0,0.0,0.0,0.0,0.0,0.0,0.0,0.0,131072,0,full_state,passed,,9.05177640914917,,,,,,,,,,,2.442485364894004
persistent_spike_block,uniform,NVIDIA GeForce RTX 5090,2.11.0+cu128,12.8,default,0.15,,,,,,80a0e9e9c605fccb,2,131072,256,1,16777216,128.0,uniform,2,128,0.0,0.0,0.0,128.0,128.0,1.0,0.002,0.002,0.0020000040531158,2.0,2.0000040531158447,262.14453125,260.0,519,33554.5,33280.0,66432,0.0,0.0,0.0909475671193153,1.9798238686316287,sampled_16_timesteps_max_2048_sources,converged,1.5625,0.002,0.0020000040531158,4.053115844684929e-09,True,20,SpMV,CUSPARSE_SPMV_ALG_DEFAULT,,,torch_cuda_event,gpu_execution,full_rsnn,device_native,independent_inference,full_fusion,"(256, 1, 131072)","(256, 1, 131072)",131072,131072,1,1,BN,event_csr,event_csr,dense_to_events_precomputed,False,True,True,0,torch.int32,torch.float32,torch.float32,windowed_events,,,False,False,False,False,False,False,1.0,3719184,136060060,136060060,0,0,False,unknown,unknown,unknown,unknown,unknown,,2.54534411;2.49340796;2.49792004;2.49446392;2.49392009;2.49545598;2.49484801;2.4924159;2.4887681;2.49443197;2.49897599;2.4924159;2.49497604;2.49446392;2.49487996;2.49151993;2.49590397;2.49446392;2.49443197;2.49647999,20,2.4969743847846986,0.0115932498406445,2.4887681007385254,2.545344114303589,passed,0,0.0,2.9802322387695312e-08,0.0,1.4883660526265885e-07,0.0,1.4883660526265885e-07,0.0,131072,0,full_state,passed,,2.4944639205932617,,,,,,,8.863159424002202,,,,8.863159424002202
cusparse_direct_cudagraph,uniform,NVIDIA GeForce RTX 5090,2.11.0+cu128,12.8,default,0.15,,,,,,d198995bad346629,2,131072,256,1,16777216,128.0,uniform,2,128,0.0,0.0,0.0,128.0,128.0,1.0,0.005,0.005,0.0049999952316284,5.0,4.999995231628418,655.359375,640.0,1280,83886.0,81920.0,163840,0.0002334594726562,0.0002334594726562,0.1493087815228655,1.9531268626469256,sampled_16_timesteps_max_2048_sources,converged,1.5625,0.005,0.0049999952316284,4.768371582135333e-09,True,20,SpMV,CUSPARSE_SPMV_ALG_DEFAULT,,,torch_cuda_event,gpu_execution,full_rsnn,device_native,independent_inference,sparse_only,"(256, 1, 131072)","(256, 1, 131072)",131072,131072,1,1,BN,csr_post_by_pre,csr_post_by_pre,none,False,False,True,0,torch.int32,torch.float32,torch.float32,dense,,,False,False,False,False,False,True,1.0,65540,404750340,404750340,0,0,False,unknown,unknown,unknown,unknown,unknown,,22.1292477;22.1091843;22.1098557;22.1088314;22.1139526;22.1067848;22.1078072;22.1108799;22.1139526;22.1170235;22.1098557;22.1129284;22.1098557;22.1067848;22.1088314;22.1119041;22.1149769;22.1078072;22.1088314;22.1098557,20,22.111457538604736,0.0050337927012755,22.10678482055664,22.129247665405277,passed,0,0.0,5.960464477539064e-08,4.656612873077393e-10,2.972421384583868e-07,9.300752878971252e-08,2.972421384583868e-07,9.300752878971252e-08,131072,0,full_state,passed,,22.10985565185547,,,,,,,1.0,,,,1.0
tilespmspv_cudagraph,uniform,NVIDIA GeForce RTX 5090,2.11.0+cu128,12.8,default,0.15,,,,,,d198995bad346629,2,131072,256,1,16777216,128.0,uniform,2,128,0.0,0.0,0.0,128.0,128.0,1.0,0.005,0.005,0.0049999952316284,5.0,4.999995231628418,655.359375,640.0,1280,83886.0,81920.0,163840,0.0002334594726562,0.0002334594726562,0.1493087815228655,1.9531268626469256,sampled_16_timesteps_max_2048_sources,converged,1.5625,0.005,0.0049999952316284,4.768371582135333e-09,True,20,SpMV,CUSPARSE_SPMV_ALG_DEFAULT,,,torch_cuda_event_cudagraph_replay,gpu_execution,full_rsnn,device_adapted,independent_inference,sparse_only,"(256, 1, 131072)","(256, 1, 131072)",131072,131072,1,1,BN,spmspv_csc_dense_device,spmspv_csc_dense_device,none,False,False,True,0,torch.int64,torch.float32,torch.float32,dense_device,,,False,False,False,False,False,True,1.0,524288,338165768,338165768,0,0,False,unknown,unknown,unknown,unknown,unknown,,6.110816;6.09587193;6.09132814;6.09555197;6.09136009;6.093472;6.09548807;6.09759998;6.08943987;6.09126377;6.09200001;6.09142399;6.09142399;6.093472;6.08937597;6.09552002;6.09344006;6.08937597;6.093472;6.09340811,20,6.093755197525025,0.004639087594899,6.089375972747803,6.11081600189209,passed,0,0.0,0.0,0.0,0.0,0.0,0.0,0.0,131072,0,full_state,passed,,6.093424081802368,,,,,,,,,,,3.628478069971394
globalatomic_cudagraph,uniform,NVIDIA GeForce RTX 5090,2.11.0+cu128,12.8,default,0.15,,,,,,d198995bad346629,2,131072,256,1,16777216,128.0,uniform,2,128,0.0,0.0,0.0,128.0,128.0,1.0,0.005,0.005,0.0049999952316284,5.0,4.999995231628418,655.359375,640.0,1280,83886.0,81920.0,163840,0.0002334594726562,0.0002334594726562,0.1493087815228655,1.9531268626469256,sampled_16_timesteps_max_2048_sources,converged,1.5625,0.005,0.0049999952316284,4.768371582135333e-09,True,20,SpMV,CUSPARSE_SPMV_ALG_DEFAULT,,,torch_cuda_event_cudagraph_replay,gpu_execution,full_rsnn,device_adapted,independent_inference,sparse_only,"(256, 1, 131072)","(256, 1, 131072)",131072,131072,1,1,BN,spmspv_csc_dense_device,spmspv_csc_dense_device,none,False,False,True,0,torch.int64,torch.float32,torch.float32,dense_device,,,False,False,False,False,False,True,1.0,524288,338165768,338165768,0,0,False,unknown,unknown,unknown,unknown,unknown,,11.8217916;11.7707844;11.7679358;11.7732162;11.7695999;11.7684479;11.76544;11.7720318;11.7670717;11.7634563;11.7679682;11.7674561;11.7746239;11.7715521;11.7695036;11.7664318;11.7756481;11.7746239;11.7735996;11.7735996,20,11.772739124298097,0.0120371972591602,11.763456344604492,11.821791648864746,passed,0,0.0,0.0,0.0,0.0,0.0,0.0,0.0,131072,0,full_state,passed,,11.77019214630127,,,,,,,,,,,1.8784617427680133
vdha_cudagraph,uniform,NVIDIA GeForce RTX 5090,2.11.0+cu128,12.8,default,0.15,,,,,,d198995bad346629,2,131072,256,1,16777216,128.0,uniform,2,128,0.0,0.0,0.0,128.0,128.0,1.0,0.005,0.005,0.0049999952316284,5.0,4.999995231628418,655.359375,640.0,1280,83886.0,81920.0,163840,0.0002334594726562,0.0002334594726562,0.1493087815228655,1.9531268626469256,sampled_16_timesteps_max_2048_sources,converged,1.5625,0.005,0.0049999952316284,4.768371582135333e-09,True,20,SpMV,CUSPARSE_SPMV_ALG_DEFAULT,,,torch_cuda_event_cudagraph_replay,gpu_execution,full_rsnn,device_adapted,independent_inference,sparse_only,"(256, 1, 131072)","(256, 1, 131072)",131072,131072,1,1,BN,spmspv_csc_dense_device,spmspv_csc_dense_device,none,False,False,True,0,torch.int64,torch.float32,torch.float32,dense_device,,,False,False,False,False,False,True,1.0,524288,338165768,338165768,0,0,False,unknown,unknown,unknown,unknown,unknown,,8.04563236;8.03427219;8.03350353;8.0354557;8.03536034;8.03644753;8.03593636;8.03808022;8.0375042;8.04150391;8.03120041;8.03027153;8.03603172;8.03350353;8.03190422;8.03388786;8.03395176;8.03292847;8.02780819;8.03600025,20,8.035059213638306,0.0038807746748096,8.02780818939209,8.045632362365723,passed,0,0.0,0.0,0.0,0.0,0.0,0.0,0.0,131072,0,full_state,passed,,8.034816265106201,,,,,,,,,,,2.751756222214402
persistent_spike_block,uniform,NVIDIA GeForce RTX 5090,2.11.0+cu128,12.8,default,0.15,,,,,,d198995bad346629,2,131072,256,1,16777216,128.0,uniform,2,128,0.0,0.0,0.0,128.0,128.0,1.0,0.005,0.005,0.0049999952316284,5.0,4.999995231628418,655.359375,640.0,1280,83886.0,81920.0,163840,0.0002334594726562,0.0002334594726562,0.1493087815228655,1.9531268626469256,sampled_16_timesteps_max_2048_sources,converged,1.5625,0.005,0.0049999952316284,4.768371582135333e-09,True,20,SpMV,CUSPARSE_SPMV_ALG_DEFAULT,,,torch_cuda_event,gpu_execution,full_rsnn,device_native,independent_inference,full_fusion,"(256, 1, 131072)","(256, 1, 131072)",131072,131072,1,1,BN,event_csr,event_csr,dense_to_events_precomputed,False,True,True,0,torch.int32,torch.float32,torch.float32,windowed_events,,,False,False,False,False,False,False,1.0,3719184,136462712,136462712,0,0,False,unknown,unknown,unknown,unknown,unknown,,2.64172792;2.57270408;2.58467197;2.57276797;2.58342409;2.57680011;2.58867192;2.57270408;2.58976007;2.58086395;2.58467197;2.57481599;2.57548809;2.58390403;2.58870411;2.57680011;2.58662391;2.58003211;2.58044791;2.58150411,20,2.5838544249534605,0.0146962358954249,2.572704076766968,2.641727924346924,passed,0,0.0,5.960464477539064e-08,4.656612873077393e-10,2.972421384583868e-07,9.297189507151417e-08,2.972421384583868e-07,9.297189507151417e-08,131072,0,full_state,passed,,2.5811840295791626,,,,,,,8.565780431959464,,,,8.565780431959464
cusparse_direct_cudagraph,uniform,NVIDIA GeForce RTX 5090,2.11.0+cu128,12.8,default,0.15,,,,,,66f3505716a85f8b,2,131072,256,1,16777216,128.0,uniform,2,128,0.0,0.0,0.0,128.0,128.0,1.0,0.01,0.01,0.0099999904632568,10.0,9.999990463256836,1310.71875,1745.5,2498,167772.0,223424.0,319744,0.1797312057754176,0.1797312057754176,0.2034320911074688,1.9058245714421955,sampled_16_timesteps_max_2048_sources,converged,1.5625,0.01,0.0099999904632568,9.536743164270668e-09,True,20,SpMV,CUSPARSE_SPMV_ALG_DEFAULT,,,torch_cuda_event,gpu_execution,full_rsnn,device_native,independent_inference,sparse_only,"(256, 1, 131072)","(256, 1, 131072)",131072,131072,1,1,BN,csr_post_by_pre,csr_post_by_pre,none,False,False,True,0,torch.int32,torch.float32,torch.float32,dense,,,False,False,False,False,False,True,1.0,65540,404750340,404750340,0,0,False,unknown,unknown,unknown,unknown,unknown,,22.1156807;22.1091194;22.1098557;22.1149769;22.1078072;22.1067524;22.1078072;22.1088314;22.1078072;22.1047363;22.1078072;22.1108799;22.1098557;22.1108799;22.1088314;22.1139202;22.1108799;22.1119041;22.1067848;22.1078072,20,22.109646224975585,0.0028287493837899,22.104736328125,22.11568069458008,passed,0,0.0,1.1920928955078125e-07,1.862645149230957e-09,5.937124001320626e-07,3.712755471951823e-07,5.937124001320626e-07,3.712755471951823e-07,131072,0,full_state,passed,,22.108975410461422,,,,,,,1.0,,,,1.0
tilespmspv_cudagraph,uniform,NVIDIA GeForce RTX 5090,2.11.0+cu128,12.8,default,0.15,,,,,,66f3505716a85f8b,2,131072,256,1,16777216,128.0,uniform,2,128,0.0,0.0,0.0,128.0,128.0,1.0,0.01,0.01,0.0099999904632568,10.0,9.999990463256836,1310.71875,1745.5,2498,167772.0,223424.0,319744,0.1797312057754176,0.1797312057754176,0.2034320911074688,1.9058245714421955,sampled_16_timesteps_max_2048_sources,converged,1.5625,0.01,0.0099999904632568,9.536743164270668e-09,True,20,SpMV,CUSPARSE_SPMV_ALG_DEFAULT,,,torch_cuda_event_cudagraph_replay,gpu_execution,full_rsnn,device_adapted,independent_inference,sparse_only,"(256, 1, 131072)","(256, 1, 131072)",131072,131072,1,1,BN,spmspv_csc_dense_device,spmspv_csc_dense_device,none,False,False,True,0,torch.int64,torch.float32,torch.float32,dense_device,,,False,False,False,False,False,True,1.0,524288,338165768,338165768,0,0,False,unknown,unknown,unknown,unknown,unknown,,6.15788794;6.15107203;6.15094423;6.14864016;6.14876795;6.14256001;6.14668798;6.14662409;6.14681578;6.1486721;6.14620781;6.14671993;6.14876795;6.14876795;6.14796782;6.14857578;6.14870405;6.14876795;6.14876795;6.14671993,20,6.148431968688965,0.0028826451043949,6.142560005187988,6.157887935638428,passed,0,0.0,0.0,0.0,0.0,0.0,0.0,0.0,131072,0,full_state,passed,,6.148656129837036,,,,,,,,,,,3.5957410763589737
globalatomic_cudagraph,uniform,NVIDIA GeForce RTX 5090,2.11.0+cu128,12.8,default,0.15,,,,,,66f3505716a85f8b,2,131072,256,1,16777216,128.0,uniform,2,128,0.0,0.0,0.0,128.0,128.0,1.0,0.01,0.01,0.0099999904632568,10.0,9.999990463256836,1310.71875,1745.5,2498,167772.0,223424.0,319744,0.1797312057754176,0.1797312057754176,0.2034320911074688,1.9058245714421955,sampled_16_timesteps_max_2048_sources,converged,1.5625,0.01,0.0099999904632568,9.536743164270668e-09,True,20,SpMV,CUSPARSE_SPMV_ALG_DEFAULT,,,torch_cuda_event_cudagraph_replay,gpu_execution,full_rsnn,device_adapted,independent_inference,sparse_only,"(256, 1, 131072)","(256, 1, 131072)",131072,131072,1,1,BN,spmspv_csc_dense_device,spmspv_csc_dense_device,none,False,False,True,0,torch.int64,torch.float32,torch.float32,dense_device,,,False,False,False,False,False,True,1.0,524288,338165768,338165768,0,0,False,unknown,unknown,unknown,unknown,unknown,,11.7784319;11.7634878;11.7720318;11.7695684;11.7669764;11.7741117;11.7732162;11.7645121;11.76896;11.7710724;11.7617922;11.7674561;11.7623358;11.7695036;11.7715521;11.7582397;11.7715521;11.7684803;11.7674561;11.7653437,20,11.768304014205931,0.0047872932187129,11.75823974609375,11.77843189239502,passed,0,0.0,0.0,0.0,0.0,0.0,0.0,0.0,131072,0,full_state,passed,,11.768720149993896,,,,,,,,,,,1.878621900145437
vdha_cudagraph,uniform,NVIDIA GeForce RTX 5090,2.11.0+cu128,12.8,default,0.15,,,,,,66f3505716a85f8b,2,131072,256,1,16777216,128.0,uniform,2,128,0.0,0.0,0.0,128.0,128.0,1.0,0.01,0.01,0.0099999904632568,10.0,9.999990463256836,1310.71875,1745.5,2498,167772.0,223424.0,319744,0.1797312057754176,0.1797312057754176,0.2034320911074688,1.9058245714421955,sampled_16_timesteps_max_2048_sources,converged,1.5625,0.01,0.0099999904632568,9.536743164270668e-09,True,20,SpMV,CUSPARSE_SPMV_ALG_DEFAULT,,,torch_cuda_event_cudagraph_replay,gpu_execution,full_rsnn,device_adapted,independent_inference,sparse_only,"(256, 1, 131072)","(256, 1, 131072)",131072,131072,1,1,BN,spmspv_csc_dense_device,spmspv_csc_dense_device,none,False,False,True,0,torch.int64,torch.float32,torch.float32,dense_device,,,False,False,False,False,False,True,1.0,524288,338165768,338165768,0,0,False,unknown,unknown,unknown,unknown,unknown,,8.02825642;7.99305582;8.00121593;7.99289608;7.99913597;7.99823999;7.99280024;7.99312019;7.99283218;7.99507189;7.99401617;7.99449587;7.99088001;7.99039984;7.99503994;7.9981122;7.99913597;7.99299192;7.99299192;7.99503994,20,7.99648642539978,0.0080247743598345,7.990399837493896,8.0282564163208,passed,0,0.0,0.0,0.0,0.0,0.0,0.0,0.0,131072,0,full_state,passed,,7.994256019592285,,,,,,,,,,,2.7656076258099382
persistent_spike_block,uniform,NVIDIA GeForce RTX 5090,2.11.0+cu128,12.8,default,0.15,,,,,,66f3505716a85f8b,2,131072,256,1,16777216,128.0,uniform,2,128,0.0,0.0,0.0,128.0,128.0,1.0,0.01,0.01,0.0099999904632568,10.0,9.999990463256836,1310.71875,1745.5,2498,167772.0,223424.0,319744,0.1797312057754176,0.1797312057754176,0.2034320911074688,1.9058245714421955,sampled_16_timesteps_max_2048_sources,converged,1.5625,0.01,0.0099999904632568,9.536743164270668e-09,True,20,SpMV,CUSPARSE_SPMV_ALG_DEFAULT,,,torch_cuda_event,gpu_execution,full_rsnn,device_native,independent_inference,full_fusion,"(256, 1, 131072)","(256, 1, 131072)",131072,131072,1,1,BN,event_csr,event_csr,dense_to_events_precomputed,False,True,True,0,torch.int32,torch.float32,torch.float32,windowed_events,,,False,False,False,False,False,False,1.0,3719184,137133800,137133800,0,0,False,unknown,unknown,unknown,unknown,unknown,,2.80144;2.76009607;2.75452805;2.75811195;2.75663996;2.7569921;2.75369596;2.75603199;2.75455999;2.75392008;2.75254393;2.75695992;2.75568008;2.75801611;2.75663996;2.75795197;2.75455999;2.75904012;2.755584;2.75251198,20,2.758275210857392,0.0103686720414554,2.752511978149414,2.8014400005340576,passed,0,0.0,1.1920928955078125e-07,1.862645149230957e-09,5.928949349254253e-07,3.7139480468795227e-07,5.928949349254253e-07,3.7139480468795227e-07,131072,0,full_state,passed,,2.756335973739624,,,,,,,8.021146776408884,,,,8.021146776408884
cusparse_direct_cudagraph,uniform,NVIDIA GeForce RTX 5090,2.11.0+cu128,12.8,default,0.15,,,,,,9729046b7af65ed0,2,131072,256,1,16777216,128.0,uniform,2,128,0.0,0.0,0.0,128.0,128.0,1.0,0.01,0.02,0.0199627578258514,20.0,19.96275782585144,2616.55859375,3308.5,4994,334919.5,423488.0,639232,0.4799714699769631,0.4799714699769631,0.2041506300416412,1.908613860942704,sampled_16_timesteps_max_2048_sources,converged,2.34375,0.02,0.0199627578258514,3.724217414855999e-05,True,20,SpMV,CUSPARSE_SPMV_ALG_DEFAULT,,,torch_cuda_event,gpu_execution,full_rsnn,device_native,independent_inference,sparse_only,"(256, 1, 131072)","(256, 1, 131072)",131072,131072,1,1,BN,csr_post_by_pre,csr_post_by_pre,none,False,False,True,0,torch.int32,torch.float32,torch.float32,dense,,,False,False,False,False,False,True,1.0,65540,404750340,404750340,0,0,False,unknown,unknown,unknown,unknown,unknown,,22.119936;22.1111031;22.1119366;22.1108799;22.1139526;22.1108799;22.1119041;22.1088314;22.1098557;22.1067524;22.1118717;22.1108475;22.1139526;22.1149445;22.1170235;22.1078072;22.1108799;22.1138878;22.1108799;22.1097927,20,22.111895942687987,0.0030750812714628,22.106752395629883,22.119935989379883,passed,0,0.0,1.788139343261719e-07,2.7939677238464355e-09,8.895584073798091e-07,5.553786763812241e-07,8.895584073798091e-07,5.553786763812241e-07,131072,0,full_state,passed,,22.11099147796631,,,,,,,1.0,,,,1.0
tilespmspv_cudagraph,uniform,NVIDIA GeForce RTX 5090,2.11.0+cu128,12.8,default,0.15,,,,,,9729046b7af65ed0,2,131072,256,1,16777216,128.0,uniform,2,128,0.0,0.0,0.0,128.0,128.0,1.0,0.01,0.02,0.0199627578258514,20.0,19.96275782585144,2616.55859375,3308.5,4994,334919.5,423488.0,639232,0.4799714699769631,0.4799714699769631,0.2041506300416412,1.908613860942704,sampled_16_timesteps_max_2048_sources,converged,2.34375,0.02,0.0199627578258514,3.724217414855999e-05,True,20,SpMV,CUSPARSE_SPMV_ALG_DEFAULT,,,torch_cuda_event_cudagraph_replay,gpu_execution,full_rsnn,device_adapted,independent_inference,sparse_only,"(256, 1, 131072)","(256, 1, 131072)",131072,131072,1,1,BN,spmspv_csc_dense_device,spmspv_csc_dense_device,none,False,False,True,0,torch.int64,torch.float32,torch.float32,dense_device,,,False,False,False,False,False,True,1.0,524288,338165768,338165768,0,0,False,unknown,unknown,unknown,unknown,unknown,,6.22319984;6.21664;6.21635199;6.21632004;6.21635199;6.21430397;6.21635199;6.21430397;6.21430397;6.21424007;6.21388817;6.21430397;6.21430397;6.21430397;6.21219206;6.21430397;6.21430397;6.21430397;6.21430397;6.21430397,20,6.215143990516663,0.0021976744608581,6.212192058563232,6.223199844360352,passed,0,0.0,0.0,0.0,0.0,0.0,0.0,0.0,131072,0,full_state,passed,,6.214303970336914,,,,,,,,,,,3.558080129892253
globalatomic_cudagraph,uniform,NVIDIA GeForce RTX 5090,2.11.0+cu128,12.8,default,0.15,,,,,,9729046b7af65ed0,2,131072,256,1,16777216,128.0,uniform,2,128,0.0,0.0,0.0,128.0,128.0,1.0,0.01,0.02,0.0199627578258514,20.0,19.96275782585144,2616.55859375,3308.5,4994,334919.5,423488.0,639232,0.4799714699769631,0.4799714699769631,0.2041506300416412,1.908613860942704,sampled_16_timesteps_max_2048_sources,converged,2.34375,0.02,0.0199627578258514,3.724217414855999e-05,True,20,SpMV,CUSPARSE_SPMV_ALG_DEFAULT,,,torch_cuda_event_cudagraph_replay,gpu_execution,full_rsnn,device_adapted,independent_inference,sparse_only,"(256, 1, 131072)","(256, 1, 131072)",131072,131072,1,1,BN,spmspv_csc_dense_device,spmspv_csc_dense_device,none,False,False,True,0,torch.int64,torch.float32,torch.float32,dense_device,,,False,False,False,False,False,True,1.0,524288,338165768,338165768,0,0,False,unknown,unknown,unknown,unknown,unknown,,11.7611523;11.7585278;11.7558079;11.7567997;11.7574396;11.7560959;11.7463999;11.7495041;11.7484484;11.7575359;11.7534399;11.7490244;11.7520638;11.7448645;11.7490244;11.7500477;11.7449284;11.7520962;11.7449284;11.7469759,20,11.751755237579346,0.0050768411266088,11.744864463806152,11.761152267456056,passed,0,0.0,0.0,0.0,0.0,0.0,0.0,0.0,131072,0,full_state,passed,,11.751055717468262,,,,,,,,,,,1.8816174486431647
vdha_cudagraph,uniform,NVIDIA GeForce RTX 5090,2.11.0+cu128,12.8,default,0.15,,,,,,9729046b7af65ed0,2,131072,256,1,16777216,128.0,uniform,2,128,0.0,0.0,0.0,128.0,128.0,1.0,0.01,0.02,0.0199627578258514,20.0,19.96275782585144,2616.55859375,3308.5,4994,334919.5,423488.0,639232,0.4799714699769631,0.4799714699769631,0.2041506300416412,1.908613860942704,sampled_16_timesteps_max_2048_sources,converged,2.34375,0.02,0.0199627578258514,3.724217414855999e-05,True,20,SpMV,CUSPARSE_SPMV_ALG_DEFAULT,,,torch_cuda_event_cudagraph_replay,gpu_execution,full_rsnn,device_adapted,independent_inference,sparse_only,"(256, 1, 131072)","(256, 1, 131072)",131072,131072,1,1,BN,spmspv_csc_dense_device,spmspv_csc_dense_device,none,False,False,True,0,torch.int64,torch.float32,torch.float32,dense_device,,,False,False,False,False,False,True,1.0,524288,338165768,338165768,0,0,False,unknown,unknown,unknown,unknown,unknown,,7.79081583;7.77807999;7.77788782;7.77903986;7.78399992;7.79849577;7.79536009;7.79843187;7.80047989;7.79427195;7.79539204;7.79446411;7.79830408;7.79689598;7.79430389;7.79638386;7.79843187;7.7974081;7.79433584;7.80047989,20,7.793163132667542,0.0073447197836697,7.77788782119751,7.800479888916016,passed,0,0.0,0.0,0.0,0.0,0.0,0.0,0.0,131072,0,full_state,passed,,7.795376062393188,,,,,,,,,,,2.83642396479564
persistent_spike_block,uniform,NVIDIA GeForce RTX 5090,2.11.0+cu128,12.8,default,0.15,,,,,,9729046b7af65ed0,2,131072,256,1,16777216,128.0,uniform,2,128,0.0,0.0,0.0,128.0,128.0,1.0,0.01,0.02,0.0199627578258514,20.0,19.96275782585144,2616.55859375,3308.5,4994,334919.5,423488.0,639232,0.4799714699769631,0.4799714699769631,0.2041506300416412,1.908613860942704,sampled_16_timesteps_max_2048_sources,converged,2.34375,0.02,0.0199627578258514,3.724217414855999e-05,True,20,SpMV,CUSPARSE_SPMV_ALG_DEFAULT,,,torch_cuda_event,gpu_execution,full_rsnn,device_native,independent_inference,full_fusion,"(256, 1, 131072)","(256, 1, 131072)",131072,131072,1,1,BN,event_csr,event_csr,dense_to_events_precomputed,False,True,True,0,torch.int32,torch.float32,torch.float32,windowed_events,,,False,False,False,False,False,False,1.0,3719184,137133800,137133800,0,0,False,unknown,unknown,unknown,unknown,unknown,,2.98966408;2.94716811;2.95155191;2.94934392;2.95155191;2.94707203;2.95155191;2.94809604;2.94851208;2.94809604;2.95052791;2.94912004;2.9515841;2.95107198;2.95257592;2.95318389;2.95180798;2.95206404;2.95116806;2.95113611,20,2.9523424029350283,0.0089703683064791,2.947072029113769,2.989664077758789,passed,0,0.0,2.384185791015625e-07,3.725290298461914e-09,1.185408336823457e-06,7.407115276691911e-07,1.185408336823457e-06,7.407115276691911e-07,131072,0,full_state,passed,,2.9511520862579346,,,,,,,7.492325312858775,,,,7.492325312858775
cusparse_direct_cudagraph,uniform,NVIDIA GeForce RTX 5090,2.11.0+cu128,12.8,default,0.15,,,,,,a6cbbf6ee8d08525,2,131072,256,1,16777216,128.0,uniform,2,128,0.0,0.0,0.0,128.0,128.0,1.0,0.01,0.05,0.0496278703212738,50.0,49.62787032127381,6504.82421875,8302.75,14233,832617.5,1062752.0,1821824,0.4799714699769631,0.4799714699769631,0.2057164344951818,2.1880683507132628,sampled_16_timesteps_max_2048_sources,converged,5.46875,0.05,0.0496278703212738,0.0003721296787261,True,20,SpMV,CUSPARSE_SPMV_ALG_DEFAULT,,,torch_cuda_event,gpu_execution,full_rsnn,device_native,independent_inference,sparse_only,"(256, 1, 131072)","(256, 1, 131072)",131072,131072,1,1,BN,csr_post_by_pre,csr_post_by_pre,none,False,False,True,0,torch.int32,torch.float32,torch.float32,dense,,,False,False,False,False,False,True,1.0,65540,404750340,404750340,0,0,False,unknown,unknown,unknown,unknown,unknown,,22.1277447;22.1111355;22.1119041;22.1088314;22.1119041;22.1129284;22.1078072;22.1088314;22.1098557;22.1149769;22.1098557;22.1108799;22.1078072;22.1088314;22.1129284;22.1139526;22.1108799;22.1119041;22.1108799;22.1078072,20,22.11158227920532,0.0043249485087683,22.107807159423828,22.127744674682617,passed,0,0.0,4.76837158203125e-07,7.450580596923828e-09,2.3176512513600755e-06,1.467733454774134e-06,2.3176512513600755e-06,1.467733454774134e-06,131072,0,full_state,passed,,22.11087989807129,,,,,,,1.0,,,,1.0
tilespmspv_cudagraph,uniform,NVIDIA GeForce RTX 5090,2.11.0+cu128,12.8,default,0.15,,,,,,a6cbbf6ee8d08525,2,131072,256,1,16777216,128.0,uniform,2,128,0.0,0.0,0.0,128.0,128.0,1.0,0.01,0.05,0.0496278703212738,50.0,49.62787032127381,6504.82421875,8302.75,14233,832617.5,1062752.0,1821824,0.4799714699769631,0.4799714699769631,0.2057164344951818,2.1880683507132628,sampled_16_timesteps_max_2048_sources,converged,5.46875,0.05,0.0496278703212738,0.0003721296787261,True,20,SpMV,CUSPARSE_SPMV_ALG_DEFAULT,,,torch_cuda_event_cudagraph_replay,gpu_execution,full_rsnn,device_adapted,independent_inference,sparse_only,"(256, 1, 131072)","(256, 1, 131072)",131072,131072,1,1,BN,spmspv_csc_dense_device,spmspv_csc_dense_device,none,False,False,True,0,torch.int64,torch.float32,torch.float32,dense_device,,,False,False,False,False,False,True,1.0,524288,338165768,338165768,0,0,False,unknown,unknown,unknown,unknown,unknown,,6.46704006;6.45804787;6.46217585;6.45792007;6.45395184;6.46204805;6.45798397;6.45401621;6.45587206;6.45798397;6.46169615;6.46006393;6.45904016;6.45801592;6.4559679;6.45795202;6.46006393;6.4559679;6.45795202;6.45801592,20,6.458588790893555,0.0030516281986631,6.453951835632324,6.467040061950684,passed,0,0.0,4.76837158203125e-07,1.1175870895385742e-08,2.3664524633204564e-06,2.200408516728203e-06,2.3664524633204564e-06,2.200408516728203e-06,131072,0,full_state,passed,,6.45799994468689,,,,,,,,,,,3.42379685466896
globalatomic_cudagraph,uniform,NVIDIA GeForce RTX 5090,2.11.0+cu128,12.8,default,0.15,,,,,,a6cbbf6ee8d08525,2,131072,256,1,16777216,128.0,uniform,2,128,0.0,0.0,0.0,128.0,128.0,1.0,0.01,0.05,0.0496278703212738,50.0,49.62787032127381,6504.82421875,8302.75,14233,832617.5,1062752.0,1821824,0.4799714699769631,0.4799714699769631,0.2057164344951818,2.1880683507132628,sampled_16_timesteps_max_2048_sources,converged,5.46875,0.05,0.0496278703212738,0.0003721296787261,True,20,SpMV,CUSPARSE_SPMV_ALG_DEFAULT,,,torch_cuda_event_cudagraph_replay,gpu_execution,full_rsnn,device_adapted,independent_inference,sparse_only,"(256, 1, 131072)","(256, 1, 131072)",131072,131072,1,1,BN,spmspv_csc_dense_device,spmspv_csc_dense_device,none,False,False,True,0,torch.int64,torch.float32,torch.float32,dense_device,,,False,False,False,False,False,True,1.0,524288,338165768,338165768,0,0,False,unknown,unknown,unknown,unknown,unknown,,11.7471037;11.7251844;11.72752;11.7305603;11.7276163;11.7284164;11.7264957;11.731616;11.7243519;11.7274237;11.7239676;11.7264957;11.7295675;11.7223997;11.731616;11.7367363;11.7285442;11.7295675;11.7285442;11.7254725,20,11.728959989547729,0.0053395871762787,11.722399711608888,11.747103691101074,passed,0,0.0,4.76837158203125e-07,1.1175870895385742e-08,2.3664524633204564e-06,2.200408516728203e-06,2.3664524633204564e-06,2.200408516728203e-06,131072,0,full_state,passed,,11.72801637649536,,,,,,,,,,,1.8853043164558236
vdha_cudagraph,uniform,NVIDIA GeForce RTX 5090,2.11.0+cu128,12.8,default,0.15,,,,,,a6cbbf6ee8d08525,2,131072,256,1,16777216,128.0,uniform,2,128,0.0,0.0,0.0,128.0,128.0,1.0,0.01,0.05,0.0496278703212738,50.0,49.62787032127381,6504.82421875,8302.75,14233,832617.5,1062752.0,1821824,0.4799714699769631,0.4799714699769631,0.2057164344951818,2.1880683507132628,sampled_16_timesteps_max_2048_sources,converged,5.46875,0.05,0.0496278703212738,0.0003721296787261,True,20,SpMV,CUSPARSE_SPMV_ALG_DEFAULT,,,torch_cuda_event_cudagraph_replay,gpu_execution,full_rsnn,device_adapted,independent_inference,sparse_only,"(256, 1, 131072)","(256, 1, 131072)",131072,131072,1,1,BN,spmspv_csc_dense_device,spmspv_csc_dense_device,none,False,False,True,0,torch.int64,torch.float32,torch.float32,dense_device,,,False,False,False,False,False,True,1.0,524288,338165768,338165768,0,0,False,unknown,unknown,unknown,unknown,unknown,,7.9032321;7.89276791;7.89081621;7.88831997;7.8895359;7.89267206;7.88796806;7.88851213;7.89161587;7.88848019;7.89276791;7.88857603;7.89152002;7.89007998;7.8905921;7.88854408;7.88751984;7.8905921;7.8905921;7.89878416,20,7.8911744356155396,0.0038096905115877,7.887519836425781,7.903232097625732,passed,0,0.0,4.76837158203125e-07,1.1175870895385742e-08,2.3664524633204564e-06,2.200408516728203e-06,2.3664524633204564e-06,2.200408516728203e-06,131072,0,full_state,passed,,7.890592098236084,,,,,,,,,,,2.802182602116019
persistent_spike_block,uniform,NVIDIA GeForce RTX 5090,2.11.0+cu128,12.8,default,0.15,,,,,,a6cbbf6ee8d08525,2,131072,256,1,16777216,128.0,uniform,2,128,0.0,0.0,0.0,128.0,128.0,1.0,0.01,0.05,0.0496278703212738,50.0,49.62787032127381,6504.82421875,8302.75,14233,832617.5,1062752.0,1821824,0.4799714699769631,0.4799714699769631,0.2057164344951818,2.1880683507132628,sampled_16_timesteps_max_2048_sources,converged,5.46875,0.05,0.0496278703212738,0.0003721296787261,True,20,SpMV,CUSPARSE_SPMV_ALG_DEFAULT,,,torch_cuda_event,gpu_execution,full_rsnn,device_native,independent_inference,full_fusion,"(256, 1, 131072)","(256, 1, 131072)",131072,131072,1,1,BN,event_csr,event_csr,dense_to_events_precomputed,False,True,True,0,torch.int32,torch.float32,torch.float32,windowed_events,,,False,False,False,False,False,False,1.0,3719184,137133800,137133800,0,0,False,unknown,unknown,unknown,unknown,unknown,,4.37273598;4.29369593;4.29407978;4.29571199;4.29196787;4.29155207;4.29414415;4.29369593;4.29296017;4.29360008;4.29196787;4.29356813;4.29404783;4.28950405;4.28790379;4.29155207;4.29404783;4.28972816;4.29260778;4.2946558,20,4.296686363220215,0.0180026848629582,4.287903785705566,4.372735977172852,passed,0,0.0,5.960464477539062e-07,2.2351741790771484e-08,2.957975539175095e-06,4.404720129969064e-06,2.957975539175095e-06,4.404720129969064e-06,131072,0,full_state,passed,,4.293584108352661,,,,,,,5.149748867166054,,,,5.149748867166054
