provider,dataset,gpu,torch_version,cuda_version,connectome_root,weight_scale,microns_variant,multiarea_n_scaling,multiarea_k_scaling,multiarea_seed,multiarea_max_nnz,workload_id,input_seed,n_neuron,t_steps,batch_size,graph_synapses,average_fanout,graph_type,graph_seed,graph_max_fanout,graph_fanout_std,graph_fanout_cv,graph_fanout_gini,graph_p95_fanout,graph_p99_fanout,requested_activity,measured_activity,mean_active_neurons,p95_active_neurons,max_active_neurons,mean_active_edges,p95_active_edges,max_active_edges,mean_collision_ratio,p95_collision_ratio,temporal_cv,burst_factor,collision_method,calibration_status,calibration_input_amplitude,calibration_target_activity,calibration_measured_activity,calibration_activity_error,calibration_stable,calibration_iterations,direct_cusparse_primitive,direct_cusparse_algorithm,framework_version,build_time_s,timing_method,timing_scope,benchmark_mode,execution_class,state_semantics,fusion_level,logical_shape,physical_shape,logical_n,physical_n,logical_batch,physical_batch,input_layout,operator_layout,required_layout,layout_transform_mode,layout_transform_in_timing,need_layout_transform,input_contiguous,input_address_mod,index_dtype,value_dtype,compute_dtype,spike_representation,selected_kernels,selector_model,uses_host_control,uses_internal_sync,uses_d2h,uses_h2d,allocates_during_run,graph_capturable,padding_ratio,workspace_bytes,total_prepared_bytes,persistent_bytes,run_allocated_bytes,run_reserved_delta,profiler_audited,profiler_cuda_malloc,profiler_cuda_free,profiler_d2h,profiler_h2d,profiler_internal_sync,profiler_unexpected_alloc_ops,latency_samples_ms,sample_count,latency_mean_ms,latency_std_ms,latency_min_ms,latency_max_ms,status,spike_mismatches,spike_mismatch_rate,v_max_abs_diff,psc_max_abs_diff,v_max_normalized_error,psc_max_normalized_error,v_compared_max_normalized_error,psc_compared_max_normalized_error,state_compared_neurons,state_excluded_neurons,correctness_mode,correctness_status,status_detail,latency_ms,speedup_vs_dense_eager,speedup_vs_dense_cudagraph,speedup_vs_csr_eager,speedup_vs_csr_host_e2e,speedup_vs_csr_cudagraph,speedup_vs_cusparse_direct_eager,speedup_vs_cusparse_direct_cudagraph,speedup_vs_genn,speedup_vs_brian2cuda,speedup_vs_same_eager,activity_sweep_speedup_vs_cusparse
cusparse_direct_cudagraph,flybrain,NVIDIA GeForce RTX 5090,2.11.0+cu128,12.8,default,0.0003816247733734,,,,,,b91b0e04cd46a2b8,0,138639,256,1,15091983,108.85813515677408,flybrain,0,9783,163.19999046318512,1.499198844699568,0.4816346156348125,288.0,599.6199999999953,0.005,0.0062126277598655,861.3125,1662.0,1746,230837.05859375,398877.25,428724,0.59430666113982,0.5943066611398202,0.6777877256476593,2.027138814309557,sampled_16_timesteps_max_2048_sources,best_effort,0.830078125,0.005,0.0062126275151968,0.0012126275151968,True,12,SpMV,CUSPARSE_SPMV_ALG_DEFAULT,,,torch_cuda_event,gpu_execution,full_rsnn,device_native,independent_inference,sparse_only,"(256, 1, 138639)","(256, 1, 138639)",138639,138639,1,1,BN,csr_post_by_pre,csr_post_by_pre,none,False,False,True,0,torch.int32,torch.float32,torch.float32,dense,,,False,False,False,False,False,True,1.0,58960,406886764,406886764,0,0,False,unknown,unknown,unknown,unknown,unknown,,40.5703697;40.2810249;40.2971191;40.2561607;40.2336311;40.3042564;40.2909775;40.2582092;40.2704964;40.2725449;40.2468796;40.278656;40.2704659;40.288929;40.280735;40.2367058;40.2418251;40.280735;40.2602577;40.208992,20,40.28144855499268,0.0720558273749111,40.20899200439453,40.57036972045898,passed,0,0.0,3.0517578125e-05,9.5367431640625e-07,5.69647854717914e-05,6.566809315700084e-05,5.69647854717914e-05,6.566809315700084e-05,138639,0,full_state,passed,,40.27152061462402,,,,,,,1.0,,,,1.0
tilespmspv_cudagraph,flybrain,NVIDIA GeForce RTX 5090,2.11.0+cu128,12.8,default,0.0003816247733734,,,,,,b91b0e04cd46a2b8,0,138639,256,1,15091983,108.85813515677408,flybrain,0,9783,163.19999046318512,1.499198844699568,0.4816346156348125,288.0,599.6199999999953,0.005,0.0062126277598655,861.3125,1662.0,1746,230837.05859375,398877.25,428724,0.59430666113982,0.5943066611398202,0.6777877256476593,2.027138814309557,sampled_16_timesteps_max_2048_sources,best_effort,0.830078125,0.005,0.0062126275151968,0.0012126275151968,True,12,SpMV,CUSPARSE_SPMV_ALG_DEFAULT,,,torch_cuda_event_cudagraph_replay,gpu_execution,full_rsnn,device_adapted,independent_inference,sparse_only,"(256, 1, 138639)","(256, 1, 138639)",138639,138639,1,1,BN,spmspv_csc_dense_device,spmspv_csc_dense_device,none,False,False,True,0,torch.int64,torch.float32,torch.float32,dense_device,,,False,False,False,False,False,True,1.0,554556,325842920,325842920,0,0,False,unknown,unknown,unknown,unknown,unknown,,6.90649605;6.90025616;6.89996815;6.90099192;6.89987183;6.89443207;6.89462423;6.89587212;6.89983988;6.8943038;6.89680004;6.89014387;6.89628792;6.89936018;6.89628792;6.89833593;6.90243196;6.89519978;6.89827204;6.89628792,20,6.8978031873703,0.0035541007164286,6.890143871307373,6.906496047973633,passed,0,0.0,4.57763671875e-05,3.814697265625e-06,0.0001444105437258,0.0001748752256389,0.0001444105437258,0.0001748752256389,138639,0,full_state,passed,,6.897536039352417,,,,,,,,,,,5.838537179778906
globalatomic_cudagraph,flybrain,NVIDIA GeForce RTX 5090,2.11.0+cu128,12.8,default,0.0003816247733734,,,,,,b91b0e04cd46a2b8,0,138639,256,1,15091983,108.85813515677408,flybrain,0,9783,163.19999046318512,1.499198844699568,0.4816346156348125,288.0,599.6199999999953,0.005,0.0062126277598655,861.3125,1662.0,1746,230837.05859375,398877.25,428724,0.59430666113982,0.5943066611398202,0.6777877256476593,2.027138814309557,sampled_16_timesteps_max_2048_sources,best_effort,0.830078125,0.005,0.0062126275151968,0.0012126275151968,True,12,SpMV,CUSPARSE_SPMV_ALG_DEFAULT,,,torch_cuda_event_cudagraph_replay,gpu_execution,full_rsnn,device_adapted,independent_inference,sparse_only,"(256, 1, 138639)","(256, 1, 138639)",138639,138639,1,1,BN,spmspv_csc_dense_device,spmspv_csc_dense_device,none,False,False,True,0,torch.int64,torch.float32,torch.float32,dense_device,,,False,False,False,False,False,True,1.0,554556,325842920,325842920,0,0,False,unknown,unknown,unknown,unknown,unknown,,11.060832;11.053504;11.0471039;11.0506239;11.0552645;11.0533123;11.0533123;11.0543356;11.0492477;11.055232;11.0471039;11.0506563;11.0496321;11.0578241;11.0546885;11.0495682;11.0496321;11.0557117;11.0547523;11.0537281,20,11.05280327796936,0.0035481412266409,11.047103881835938,11.060832023620604,passed,0,0.0,6.103515625e-05,3.814697265625e-06,0.0001596116489963,0.0002248395758215,0.0001596116489963,0.0002248395758215,138639,0,full_state,passed,,11.05340814590454,,,,,,,,,,,3.643357784589294
vdha_cudagraph,flybrain,NVIDIA GeForce RTX 5090,2.11.0+cu128,12.8,default,0.0003816247733734,,,,,,b91b0e04cd46a2b8,0,138639,256,1,15091983,108.85813515677408,flybrain,0,9783,163.19999046318512,1.499198844699568,0.4816346156348125,288.0,599.6199999999953,0.005,0.0062126277598655,861.3125,1662.0,1746,230837.05859375,398877.25,428724,0.59430666113982,0.5943066611398202,0.6777877256476593,2.027138814309557,sampled_16_timesteps_max_2048_sources,best_effort,0.830078125,0.005,0.0062126275151968,0.0012126275151968,True,12,SpMV,CUSPARSE_SPMV_ALG_DEFAULT,,,torch_cuda_event_cudagraph_replay,gpu_execution,full_rsnn,device_adapted,independent_inference,sparse_only,"(256, 1, 138639)","(256, 1, 138639)",138639,138639,1,1,BN,spmspv_csc_dense_device,spmspv_csc_dense_device,none,False,False,True,0,torch.int64,torch.float32,torch.float32,dense_device,,,False,False,False,False,False,True,1.0,554556,325842920,325842920,0,0,False,unknown,unknown,unknown,unknown,unknown,,12.8067522;12.7937918;12.8032322;12.7950716;12.7977924;12.7990084;12.8052158;12.797184;12.797184;12.7952003;12.7920322;12.7930555;12.8018236;12.7991037;12.7975998;12.7935038;12.7996483;12.7935038;12.7935038;12.7955523,20,12.79748797416687,0.0041847675786133,12.792032241821287,12.80675220489502,passed,0,0.0,3.0517578125e-05,1.9073486328125e-06,6.080443927203305e-05,0.0001080411166185,6.080443927203305e-05,0.0001080411166185,138639,0,full_state,passed,,12.797183990478516,,,,,,,,,,,3.146904869429652
persistent_spike_block,flybrain,NVIDIA GeForce RTX 5090,2.11.0+cu128,12.8,default,0.0003816247733734,,,,,,b91b0e04cd46a2b8,0,138639,256,1,15091983,108.85813515677408,flybrain,0,9783,163.19999046318512,1.499198844699568,0.4816346156348125,288.0,599.6199999999953,0.005,0.0062126277598655,861.3125,1662.0,1746,230837.05859375,398877.25,428724,0.59430666113982,0.5943066611398202,0.6777877256476593,2.027138814309557,sampled_16_timesteps_max_2048_sources,best_effort,0.830078125,0.005,0.0062126275151968,0.0012126275151968,True,12,SpMV,CUSPARSE_SPMV_ALG_DEFAULT,,,torch_cuda_event,gpu_execution,full_rsnn,device_native,independent_inference,full_fusion,"(256, 1, 138639)","(256, 1, 138639)",138639,138639,1,1,BN,event_csr,event_csr,dense_to_events_precomputed,False,True,True,0,torch.int32,torch.float32,torch.float32,windowed_events,,,False,False,False,False,False,False,1.0,3685120,123820228,123820228,0,0,False,unknown,unknown,unknown,unknown,unknown,,4.31920004;4.29763222;4.27596807;4.28748798;4.28694391;4.2955842;4.27667189;4.27916813;4.28070402;4.2895999;4.28182411;4.29155207;4.27155209;4.29164791;4.28991985;4.27929592;4.27967978;4.289536;4.28950405;4.28336,20,4.286841607093811,0.0102971440660852,4.271552085876465,4.319200038909912,passed,0,0.0,0.0008544921875,3.910064697265625e-05,0.0015746931312605,0.0018880805000662,0.0015746931312605,0.0018880805000662,138639,0,full_state,passed,,4.287215948104858,,,,,,,9.393396810913115,,,,9.393396810913115
cusparse_direct_cudagraph,flybrain,NVIDIA GeForce RTX 5090,2.11.0+cu128,12.8,default,0.0003816247733734,,,,,,5e10ad6317e1f4b6,0,138639,256,1,15091983,108.85813515677408,flybrain,0,9783,163.19999046318512,1.499198844699568,0.4816346156348125,288.0,599.6199999999953,0.01,0.0101404603412459,1405.86328125,2032.5,2072,332464.27734375,473501.25,505262,0.6803044416692389,0.6803044416692388,0.4350713580549393,1.47382752479154,sampled_16_timesteps_max_2048_sources,converged,0.9765625,0.01,0.0101404599845409,0.0001404599845409,True,12,SpMV,CUSPARSE_SPMV_ALG_DEFAULT,,,torch_cuda_event,gpu_execution,full_rsnn,device_native,independent_inference,sparse_only,"(256, 1, 138639)","(256, 1, 138639)",138639,138639,1,1,BN,csr_post_by_pre,csr_post_by_pre,none,False,False,True,0,torch.int32,torch.float32,torch.float32,dense,,,False,False,False,False,False,True,1.0,58960,406886764,406886764,0,0,False,unknown,unknown,unknown,unknown,unknown,,40.3432312;40.2810555;40.2786865;40.2541122;40.2582092;40.2612801;40.2971191;40.2929916;40.284832;40.2581444;40.2489929;40.2479668;40.2663345;40.2950706;40.3053131;40.2939835;40.3012161;40.2827835;40.288929;40.280735,20,40.28104934692383,0.023184819657084,40.24796676635742,40.34323120117188,passed,0,0.0,1.52587890625e-05,9.5367431640625e-07,4.193577478872612e-05,5.341990618035197e-05,4.193577478872612e-05,5.341990618035197e-05,138639,0,full_state,passed,,40.28191947937012,,,,,,,1.0,,,,1.0
tilespmspv_cudagraph,flybrain,NVIDIA GeForce RTX 5090,2.11.0+cu128,12.8,default,0.0003816247733734,,,,,,5e10ad6317e1f4b6,0,138639,256,1,15091983,108.85813515677408,flybrain,0,9783,163.19999046318512,1.499198844699568,0.4816346156348125,288.0,599.6199999999953,0.01,0.0101404603412459,1405.86328125,2032.5,2072,332464.27734375,473501.25,505262,0.6803044416692389,0.6803044416692388,0.4350713580549393,1.47382752479154,sampled_16_timesteps_max_2048_sources,converged,0.9765625,0.01,0.0101404599845409,0.0001404599845409,True,12,SpMV,CUSPARSE_SPMV_ALG_DEFAULT,,,torch_cuda_event_cudagraph_replay,gpu_execution,full_rsnn,device_adapted,independent_inference,sparse_only,"(256, 1, 138639)","(256, 1, 138639)",138639,138639,1,1,BN,spmspv_csc_dense_device,spmspv_csc_dense_device,none,False,False,True,0,torch.int64,torch.float32,torch.float32,dense_device,,,False,False,False,False,False,True,1.0,554556,325842920,325842920,0,0,False,unknown,unknown,unknown,unknown,unknown,,7.04400015;7.02767992;7.03599977;7.03702402;7.0351038;7.0298562;7.02943993;7.03091192;7.02591991;7.02479982;7.03292799;7.03247976;7.03350401;7.02940798;7.03247976;7.02531195;7.02940798;7.03657579;7.02531195;7.03247976,20,7.031531119346619,0.0048009584641649,7.024799823760986,7.044000148773193,passed,0,0.0,4.57763671875e-05,2.384185791015625e-06,0.0001441411004634,0.0001999586820602,0.0001441411004634,0.0001999586820602,138639,0,full_state,passed,,7.03169584274292,,,,,,,,,,,5.728620859069605
globalatomic_cudagraph,flybrain,NVIDIA GeForce RTX 5090,2.11.0+cu128,12.8,default,0.0003816247733734,,,,,,5e10ad6317e1f4b6,0,138639,256,1,15091983,108.85813515677408,flybrain,0,9783,163.19999046318512,1.499198844699568,0.4816346156348125,288.0,599.6199999999953,0.01,0.0101404603412459,1405.86328125,2032.5,2072,332464.27734375,473501.25,505262,0.6803044416692389,0.6803044416692388,0.4350713580549393,1.47382752479154,sampled_16_timesteps_max_2048_sources,converged,0.9765625,0.01,0.0101404599845409,0.0001404599845409,True,12,SpMV,CUSPARSE_SPMV_ALG_DEFAULT,,,torch_cuda_event_cudagraph_replay,gpu_execution,full_rsnn,device_adapted,independent_inference,sparse_only,"(256, 1, 138639)","(256, 1, 138639)",138639,138639,1,1,BN,spmspv_csc_dense_device,spmspv_csc_dense_device,none,False,False,True,0,torch.int64,torch.float32,torch.float32,dense_device,,,False,False,False,False,False,True,1.0,554556,325842920,325842920,0,0,False,unknown,unknown,unknown,unknown,unknown,,11.0725441;11.0493755;11.0475836;11.0486403;11.0475836;11.0516481;11.0475521;11.0445442;11.0516481;11.04352;11.0429764;11.0465603;11.045536;11.0434875;11.0516796;11.0465603;11.045536;11.0475836;11.0383682;11.04144,20,11.047718381881714,0.0067812089816644,11.038368225097656,11.07254409790039,passed,0,0.0,6.103515625e-05,2.86102294921875e-06,0.0001578319061081,0.0001999586820602,0.0001578319061081,0.0001999586820602,138639,0,full_state,passed,,11.047056198120115,,,,,,,,,,,3.646394003700725
vdha_cudagraph,flybrain,NVIDIA GeForce RTX 5090,2.11.0+cu128,12.8,default,0.0003816247733734,,,,,,5e10ad6317e1f4b6,0,138639,256,1,15091983,108.85813515677408,flybrain,0,9783,163.19999046318512,1.499198844699568,0.4816346156348125,288.0,599.6199999999953,0.01,0.0101404603412459,1405.86328125,2032.5,2072,332464.27734375,473501.25,505262,0.6803044416692389,0.6803044416692388,0.4350713580549393,1.47382752479154,sampled_16_timesteps_max_2048_sources,converged,0.9765625,0.01,0.0101404599845409,0.0001404599845409,True,12,SpMV,CUSPARSE_SPMV_ALG_DEFAULT,,,torch_cuda_event_cudagraph_replay,gpu_execution,full_rsnn,device_adapted,independent_inference,sparse_only,"(256, 1, 138639)","(256, 1, 138639)",138639,138639,1,1,BN,spmspv_csc_dense_device,spmspv_csc_dense_device,none,False,False,True,0,torch.int64,torch.float32,torch.float32,dense_device,,,False,False,False,False,False,True,1.0,554556,325842920,325842920,0,0,False,unknown,unknown,unknown,unknown,unknown,,13.0347204;13.0110083;13.0141125;13.0146875;13.0131197;13.0141439;13.0121603;13.01408;13.0162878;13.015296;13.0127363;13.0200958;13.0167685;13.0203524;13.0136642;13.0290241;13.0187836;13.0187836;13.016736;13.0157118,20,13.017113637924194,0.0057343290022382,13.011008262634276,13.034720420837402,passed,0,0.0,3.0517578125e-05,1.9073486328125e-06,7.342487515415996e-05,0.000109078195237,7.342487515415996e-05,0.000109078195237,138639,0,full_state,passed,,13.015503883361816,,,,,,,,,,,3.094918171463491
persistent_spike_block,flybrain,NVIDIA GeForce RTX 5090,2.11.0+cu128,12.8,default,0.0003816247733734,,,,,,5e10ad6317e1f4b6,0,138639,256,1,15091983,108.85813515677408,flybrain,0,9783,163.19999046318512,1.499198844699568,0.4816346156348125,288.0,599.6199999999953,0.01,0.0101404603412459,1405.86328125,2032.5,2072,332464.27734375,473501.25,505262,0.6803044416692389,0.6803044416692388,0.4350713580549393,1.47382752479154,sampled_16_timesteps_max_2048_sources,converged,0.9765625,0.01,0.0101404599845409,0.0001404599845409,True,12,SpMV,CUSPARSE_SPMV_ALG_DEFAULT,,,torch_cuda_event,gpu_execution,full_rsnn,device_native,independent_inference,full_fusion,"(256, 1, 138639)","(256, 1, 138639)",138639,138639,1,1,BN,event_csr,event_csr,dense_to_events_precomputed,False,True,True,0,torch.int32,torch.float32,torch.float32,windowed_events,,,False,False,False,False,False,False,1.0,3685120,123820228,123820228,0,0,False,unknown,unknown,unknown,unknown,unknown,,4.88137579;4.81638384;4.83017588;4.81635189;4.83225584;4.82240009;4.82304001;4.82035208;4.83430386;4.81219196;4.82815981;4.81727982;4.82012796;4.81321621;4.82201576;4.81379223;4.82713604;4.82659197;4.8199358;4.81177616,20,4.82444314956665,0.0149694737667726,4.811776161193848,4.881375789642334,passed_causal_masked_state,161,4.536286687007263e-06,0.9922106862068176,0.0684942305088043,4.960867881774902,11.752386093139648,0.0016292855143547,0.0016947300173342,133918,4721,causal_masked_state,passed_causal_masked_state,,4.821183919906616,,,,,,,8.355192448279459,,,,8.355192448279459
cusparse_direct_cudagraph,flybrain,NVIDIA GeForce RTX 5090,2.11.0+cu128,12.8,default,0.0003816247733734,,,,,,34bc060fdf05b21f,0,138639,256,1,15091983,108.85813515677408,flybrain,0,9783,163.19999046318512,1.499198844699568,0.4816346156348125,288.0,599.6199999999953,0.02,0.0201288846392429,2790.6484375,3357.75,3402,569363.265625,661237.25,687696,0.7598503774066726,0.7598503774066725,0.2129343943341101,1.2190715083579926,sampled_16_timesteps_max_2048_sources,converged,1.953125,0.02,0.020128883421421,0.000128883421421,True,12,SpMV,CUSPARSE_SPMV_ALG_DEFAULT,,,torch_cuda_event,gpu_execution,full_rsnn,device_native,independent_inference,sparse_only,"(256, 1, 138639)","(256, 1, 138639)",138639,138639,1,1,BN,csr_post_by_pre,csr_post_by_pre,none,False,False,True,0,torch.int32,torch.float32,torch.float32,dense,,,False,False,False,False,False,True,1.0,58960,406886764,406886764,0,0,False,unknown,unknown,unknown,unknown,unknown,,40.3236465;40.2647667;40.284832;40.2950706;40.2950706;40.2940483;40.3032646;40.2971191;40.278656;40.2633286;40.2541122;40.2909431;40.284832;40.2582092;40.2991676;40.2878723;40.282753;40.2827835;40.2725449;40.2602577,20,40.28366394042969,0.0175255268852101,40.25411224365234,40.32364654541016,passed,0,0.0,1.52587890625e-05,9.5367431640625e-07,4.179333336651325e-05,7.2407528932672e-05,4.179333336651325e-05,7.2407528932672e-05,138639,0,full_state,passed,,40.28483200073242,,,,,,,1.0,,,,1.0
tilespmspv_cudagraph,flybrain,NVIDIA GeForce RTX 5090,2.11.0+cu128,12.8,default,0.0003816247733734,,,,,,34bc060fdf05b21f,0,138639,256,1,15091983,108.85813515677408,flybrain,0,9783,163.19999046318512,1.499198844699568,0.4816346156348125,288.0,599.6199999999953,0.02,0.0201288846392429,2790.6484375,3357.75,3402,569363.265625,661237.25,687696,0.7598503774066726,0.7598503774066725,0.2129343943341101,1.2190715083579926,sampled_16_timesteps_max_2048_sources,converged,1.953125,0.02,0.020128883421421,0.000128883421421,True,12,SpMV,CUSPARSE_SPMV_ALG_DEFAULT,,,torch_cuda_event_cudagraph_replay,gpu_execution,full_rsnn,device_adapted,independent_inference,sparse_only,"(256, 1, 138639)","(256, 1, 138639)",138639,138639,1,1,BN,spmspv_csc_dense_device,spmspv_csc_dense_device,none,False,False,True,0,torch.int64,torch.float32,torch.float32,dense_device,,,False,False,False,False,False,True,1.0,554556,325842920,325842920,0,0,False,unknown,unknown,unknown,unknown,unknown,,7.33622408;7.31433582;7.32329607;7.32431984;7.32329607;7.32841587;7.32729578;7.31619215;7.33142424;7.32438421;7.32895994;7.32431984;7.33148813;7.32022381;7.31920004;7.31404781;7.32124805;7.3325119;7.3273921;7.32022381,20,7.324439978599548,0.006111034060193,7.314047813415527,7.33622407913208,passed,0,0.0,6.103515625e-05,3.337860107421875e-06,0.0001576627691974,0.0002043788117589,0.0001576627691974,0.0002043788117589,138639,0,full_state,passed,,7.324319839477539,,,,,,,,,,,5.500146482353238
globalatomic_cudagraph,flybrain,NVIDIA GeForce RTX 5090,2.11.0+cu128,12.8,default,0.0003816247733734,,,,,,34bc060fdf05b21f,0,138639,256,1,15091983,108.85813515677408,flybrain,0,9783,163.19999046318512,1.499198844699568,0.4816346156348125,288.0,599.6199999999953,0.02,0.0201288846392429,2790.6484375,3357.75,3402,569363.265625,661237.25,687696,0.7598503774066726,0.7598503774066725,0.2129343943341101,1.2190715083579926,sampled_16_timesteps_max_2048_sources,converged,1.953125,0.02,0.020128883421421,0.000128883421421,True,12,SpMV,CUSPARSE_SPMV_ALG_DEFAULT,,,torch_cuda_event_cudagraph_replay,gpu_execution,full_rsnn,device_adapted,independent_inference,sparse_only,"(256, 1, 138639)","(256, 1, 138639)",138639,138639,1,1,BN,spmspv_csc_dense_device,spmspv_csc_dense_device,none,False,False,True,0,torch.int64,torch.float32,torch.float32,dense_device,,,False,False,False,False,False,True,1.0,554556,325842920,325842920,0,0,False,unknown,unknown,unknown,unknown,unknown,,11.0395517;11.0208321;11.0230083;11.0276155;11.0205755;11.0246077;11.02672;11.0220156;11.0291519;11.0265923;11.022624;11.0219841;11.0189123;11.0230083;11.0230083;11.0219841;11.0271044;11.0250559;11.0291519;11.0260477,20,11.024977588653565,0.0044891032453931,11.018912315368652,11.039551734924316,passed,0,0.0,6.103515625e-05,3.337860107421875e-06,0.0001576627691974,0.0002043788117589,0.0001576627691974,0.0002043788117589,138639,0,full_state,passed,,11.023808002471924,,,,,,,,,,,3.6543481156147815
vdha_cudagraph,flybrain,NVIDIA GeForce RTX 5090,2.11.0+cu128,12.8,default,0.0003816247733734,,,,,,34bc060fdf05b21f,0,138639,256,1,15091983,108.85813515677408,flybrain,0,9783,163.19999046318512,1.499198844699568,0.4816346156348125,288.0,599.6199999999953,0.02,0.0201288846392429,2790.6484375,3357.75,3402,569363.265625,661237.25,687696,0.7598503774066726,0.7598503774066725,0.2129343943341101,1.2190715083579926,sampled_16_timesteps_max_2048_sources,converged,1.953125,0.02,0.020128883421421,0.000128883421421,True,12,SpMV,CUSPARSE_SPMV_ALG_DEFAULT,,,torch_cuda_event_cudagraph_replay,gpu_execution,full_rsnn,device_adapted,independent_inference,sparse_only,"(256, 1, 138639)","(256, 1, 138639)",138639,138639,1,1,BN,spmspv_csc_dense_device,spmspv_csc_dense_device,none,False,False,True,0,torch.int64,torch.float32,torch.float32,dense_device,,,False,False,False,False,False,True,1.0,554556,325842920,325842920,0,0,False,unknown,unknown,unknown,unknown,unknown,,13.3324804;13.3140163;13.3085756;13.3157759;13.3132162;13.3064318;13.3136644;13.3136644;13.3223362;13.3176956;13.3158083;13.3121281;13.3091516;13.3091841;13.3167677;13.3157444;13.3198404;13.3147202;13.3198404;13.3177919,20,13.315441703796386,0.0057174559755785,13.306431770324709,13.332480430603027,passed,0,0.0,3.0517578125e-05,1.9073486328125e-06,7.597827061545104e-05,0.0001192977506434,7.597827061545104e-05,0.0001192977506434,138639,0,full_state,passed,,13.315232276916504,,,,,,,,,,,3.025469714904699
persistent_spike_block,flybrain,NVIDIA GeForce RTX 5090,2.11.0+cu128,12.8,default,0.0003816247733734,,,,,,34bc060fdf05b21f,0,138639,256,1,15091983,108.85813515677408,flybrain,0,9783,163.19999046318512,1.499198844699568,0.4816346156348125,288.0,599.6199999999953,0.02,0.0201288846392429,2790.6484375,3357.75,3402,569363.265625,661237.25,687696,0.7598503774066726,0.7598503774066725,0.2129343943341101,1.2190715083579926,sampled_16_timesteps_max_2048_sources,converged,1.953125,0.02,0.020128883421421,0.000128883421421,True,12,SpMV,CUSPARSE_SPMV_ALG_DEFAULT,,,torch_cuda_event,gpu_execution,full_rsnn,device_native,independent_inference,full_fusion,"(256, 1, 138639)","(256, 1, 138639)",138639,138639,1,1,BN,event_csr,event_csr,dense_to_events_precomputed,False,True,True,0,torch.int32,torch.float32,torch.float32,windowed_events,,,False,False,False,False,False,False,1.0,3685120,123820228,123820228,0,0,False,unknown,unknown,unknown,unknown,unknown,,5.79849577;5.75129604;5.73839998;5.74403191;5.73449612;5.74505615;5.74262381;5.74607992;5.74054384;5.74246407;5.74467182;5.74406385;5.7487359;5.74403191;5.75078392;5.74604797;5.73849583;5.74096012;5.75279999;5.73846388,20,5.746627140045166,0.0130767665359954,5.734496116638184,5.798495769500732,passed_causal_masked_state,651,1.8342376603985893e-05,0.9996191263198853,0.0756050944328308,4.9980950355529785,12.047795295715332,0.0015424919547513,0.0019844635389745,119183,19456,causal_masked_state,passed_causal_masked_state,,5.7440478801727295,,,,,,,7.013317583891904,,,,7.013317583891904
cusparse_direct_cudagraph,flybrain,NVIDIA GeForce RTX 5090,2.11.0+cu128,12.8,default,0.0003816247733734,,,,,,494a5ebf8ff70dc0,0,138639,256,1,15091983,108.85813515677408,flybrain,0,9783,163.19999046318512,1.499198844699568,0.4816346156348125,288.0,599.6199999999953,0.05,0.0501480294596037,6952.47265625,7321.25,7398,1134807.484375,1199528.0,1220522,0.7152746316631335,0.7152746316631338,0.0895424793959346,1.0640818548706537,sampled_16_timesteps_max_2048_sources,converged,5.3466796875,0.05,0.0501480288803577,0.0001480288803577,True,12,SpMV,CUSPARSE_SPMV_ALG_DEFAULT,,,torch_cuda_event,gpu_execution,full_rsnn,device_native,independent_inference,sparse_only,"(256, 1, 138639)","(256, 1, 138639)",138639,138639,1,1,BN,csr_post_by_pre,csr_post_by_pre,none,False,False,True,0,torch.int32,torch.float32,torch.float32,dense,,,False,False,False,False,False,True,1.0,58960,406886764,406886764,0,0,False,unknown,unknown,unknown,unknown,unknown,,40.3246078;40.2954254;40.2888641;40.288929;40.298111;40.3012161;40.2950706;40.284832;40.3114548;40.2838097;40.2868462;40.2828178;40.278656;40.2930222;40.2797127;40.2684479;40.2909775;40.2786865;40.2766418;40.2858543,20,40.289699172973634,0.0127002940546718,40.26844787597656,40.32460784912109,passed_causal_masked_state,818,2.304771745324187e-05,0.9994537830352784,0.1478662490844726,4.983297348022461,14.816975593566896,4.2140854930039495e-05,3.877035123878159e-05,117110,21529,causal_masked_state,passed_causal_masked_state,,40.28785514831543,,,,,,,1.0,,,,1.0
tilespmspv_cudagraph,flybrain,NVIDIA GeForce RTX 5090,2.11.0+cu128,12.8,default,0.0003816247733734,,,,,,494a5ebf8ff70dc0,0,138639,256,1,15091983,108.85813515677408,flybrain,0,9783,163.19999046318512,1.499198844699568,0.4816346156348125,288.0,599.6199999999953,0.05,0.0501480294596037,6952.47265625,7321.25,7398,1134807.484375,1199528.0,1220522,0.7152746316631335,0.7152746316631338,0.0895424793959346,1.0640818548706537,sampled_16_timesteps_max_2048_sources,converged,5.3466796875,0.05,0.0501480288803577,0.0001480288803577,True,12,SpMV,CUSPARSE_SPMV_ALG_DEFAULT,,,torch_cuda_event_cudagraph_replay,gpu_execution,full_rsnn,device_adapted,independent_inference,sparse_only,"(256, 1, 138639)","(256, 1, 138639)",138639,138639,1,1,BN,spmspv_csc_dense_device,spmspv_csc_dense_device,none,False,False,True,0,torch.int64,torch.float32,torch.float32,dense_device,,,False,False,False,False,False,True,1.0,554556,325842920,325842920,0,0,False,unknown,unknown,unknown,unknown,unknown,,8.57654381;8.57110405;8.55772781;8.55785561;8.547616;8.55564785;8.55577564;8.54758358;8.56192017;8.56598377;8.55366421;8.56028843;8.55311966;8.55004787;8.56841564;8.55823994;8.57052803;8.56028843;8.566432;8.56847954,20,8.56036310195923,0.0081842521466006,8.54758358001709,8.576543807983398,passed_causal_masked_state,818,2.304771745324187e-05,0.9994540214538574,0.1478667259216308,4.983297348022461,14.817023277282717,8.428170986007899e-05,9.333709749625996e-05,117110,21529,causal_masked_state,passed_causal_masked_state,,8.559264183044434,,,,,,,,,,,4.706929741475218
globalatomic_cudagraph,flybrain,NVIDIA GeForce RTX 5090,2.11.0+cu128,12.8,default,0.0003816247733734,,,,,,494a5ebf8ff70dc0,0,138639,256,1,15091983,108.85813515677408,flybrain,0,9783,163.19999046318512,1.499198844699568,0.4816346156348125,288.0,599.6199999999953,0.05,0.0501480294596037,6952.47265625,7321.25,7398,1134807.484375,1199528.0,1220522,0.7152746316631335,0.7152746316631338,0.0895424793959346,1.0640818548706537,sampled_16_timesteps_max_2048_sources,converged,5.3466796875,0.05,0.0501480288803577,0.0001480288803577,True,12,SpMV,CUSPARSE_SPMV_ALG_DEFAULT,,,torch_cuda_event_cudagraph_replay,gpu_execution,full_rsnn,device_adapted,independent_inference,sparse_only,"(256, 1, 138639)","(256, 1, 138639)",138639,138639,1,1,BN,spmspv_csc_dense_device,spmspv_csc_dense_device,none,False,False,True,0,torch.int64,torch.float32,torch.float32,dense_device,,,False,False,False,False,False,True,1.0,554556,325842920,325842920,0,0,False,unknown,unknown,unknown,unknown,unknown,,11.1327362;11.119648;11.1274557;11.1285124;11.1193924;11.1232004;11.1223679;11.1294403;11.1378241;11.1324797;11.131072;11.1376963;11.1295042;11.1387196;11.1336002;11.1376963;11.1387196;11.1376963;11.1315517;11.132576,20,11.131094455718994,0.0062290632149656,11.119392395019531,11.13871955871582,passed_causal_masked_state,818,2.304771745324187e-05,0.9994540214538574,0.1478662490844726,4.983295917510986,14.816975593566896,8.622145105618984e-05,8.55013495311141e-05,117110,21529,causal_masked_state,passed_causal_masked_state,,11.132015705108644,,,,,,,,,,,3.6190979437647353
vdha_cudagraph,flybrain,NVIDIA GeForce RTX 5090,2.11.0+cu128,12.8,default,0.0003816247733734,,,,,,494a5ebf8ff70dc0,0,138639,256,1,15091983,108.85813515677408,flybrain,0,9783,163.19999046318512,1.499198844699568,0.4816346156348125,288.0,599.6199999999953,0.05,0.0501480294596037,6952.47265625,7321.25,7398,1134807.484375,1199528.0,1220522,0.7152746316631335,0.7152746316631338,0.0895424793959346,1.0640818548706537,sampled_16_timesteps_max_2048_sources,converged,5.3466796875,0.05,0.0501480288803577,0.0001480288803577,True,12,SpMV,CUSPARSE_SPMV_ALG_DEFAULT,,,torch_cuda_event_cudagraph_replay,gpu_execution,full_rsnn,device_adapted,independent_inference,sparse_only,"(256, 1, 138639)","(256, 1, 138639)",138639,138639,1,1,BN,spmspv_csc_dense_device,spmspv_csc_dense_device,none,False,False,True,0,torch.int64,torch.float32,torch.float32,dense_device,,,False,False,False,False,False,True,1.0,554556,325842920,325842920,0,0,False,unknown,unknown,unknown,unknown,unknown,,15.6798077;15.6683197;15.6745281;15.6719685;15.6730556;15.6733761;15.6709757;15.6734724;15.6746559;15.6699839;15.6750717;15.6678076;15.6765442;15.6695681;15.6688957;15.6760635;15.6658239;15.6688957;15.674016;15.6709442,20,15.67218871116638,0.003480866293352,15.665823936462402,15.679807662963867,passed_causal_masked_state,6,1.690541622487179e-07,0.0370033979415893,8.20159912109375e-05,0.1839496344327926,0.0069086700677871,0.0001438959006918,0.0001586861326359,138439,200,causal_masked_state,passed_causal_masked_state,,15.67251205444336,,,,,,,,,,,2.570606103754331
persistent_spike_block,flybrain,NVIDIA GeForce RTX 5090,2.11.0+cu128,12.8,default,0.0003816247733734,,,,,,494a5ebf8ff70dc0,0,138639,256,1,15091983,108.85813515677408,flybrain,0,9783,163.19999046318512,1.499198844699568,0.4816346156348125,288.0,599.6199999999953,0.05,0.0501480294596037,6952.47265625,7321.25,7398,1134807.484375,1199528.0,1220522,0.7152746316631335,0.7152746316631338,0.0895424793959346,1.0640818548706537,sampled_16_timesteps_max_2048_sources,converged,5.3466796875,0.05,0.0501480288803577,0.0001480288803577,True,12,SpMV,CUSPARSE_SPMV_ALG_DEFAULT,,,torch_cuda_event,gpu_execution,full_rsnn,device_native,independent_inference,full_fusion,"(256, 1, 138639)","(256, 1, 138639)",138639,138639,1,1,BN,event_csr,event_csr,dense_to_events_precomputed,False,True,True,0,torch.int32,torch.float32,torch.float32,windowed_events,,,False,False,False,False,False,False,1.0,3685120,123820228,123820228,0,0,False,unknown,unknown,unknown,unknown,unknown,,7.46950388;7.46943998;7.42399979;7.48377609;7.42611217;7.48281622;7.43612814;7.4766078;7.42179203;7.47046423;7.42095995;7.46950388;7.42515182;7.46841621;7.420928;7.46447992;7.43113613;7.46947193;7.4270401;7.46595192,20,7.451184010505676,0.024128285048069,7.420928001403809,7.483776092529297,passed_causal_masked_state,362,1.0199601122339312e-05,0.9949738383293152,0.1428947448730468,4.974706172943115,26.38991928100586,0.0022419944871217,0.0024256939068436,124741,13898,causal_masked_state,passed_causal_masked_state,,7.4652159214019775,,,,,,,5.396743452900599,,,,5.396743452900599
cusparse_direct_cudagraph,flybrain,NVIDIA GeForce RTX 5090,2.11.0+cu128,12.8,default,0.0003816247733734,,,,,,0034469257ebae31,0,138639,256,1,15091983,108.85813515677408,flybrain,0,9783,163.19999046318512,1.499198844699568,0.4816346156348125,288.0,599.6199999999953,0.1,0.1000533534936057,13871.296875,14248.0,14304,2017483.7734375,2099138.75,2127168,0.6819466288852176,0.6819466288852176,0.1083137582811223,1.0311941362728565,sampled_16_timesteps_max_2048_sources,converged,12.158203125,0.1,0.1000533476471901,5.334764719008844e-05,True,12,SpMV,CUSPARSE_SPMV_ALG_DEFAULT,,,torch_cuda_event,gpu_execution,full_rsnn,device_native,independent_inference,sparse_only,"(256, 1, 138639)","(256, 1, 138639)",138639,138639,1,1,BN,csr_post_by_pre,csr_post_by_pre,none,False,False,True,0,torch.int32,torch.float32,torch.float32,dense,,,False,False,False,False,False,True,1.0,58960,406886764,406886764,0,0,False,unknown,unknown,unknown,unknown,unknown,,40.3053436;40.2912636;40.2786865;40.288929;40.2981453;40.284832;40.2909431;40.3073616;40.2868805;40.2797127;40.3094063;40.3032303;40.284832;40.288929;40.2715187;40.2950706;40.2745934;40.288929;40.288929;40.2551346,20,40.28863353729248,0.0130621499880815,40.25513458251953,40.30940628051758,passed_causal_masked_state,51,1.436960379114102e-06,0.9854414463043212,0.0775696635246276,4.878845691680908,12.613186836242676,4.033450022689067e-05,7.88852630648762e-05,133849,4790,causal_masked_state,passed_causal_masked_state,,40.2889289855957,,,,,,,1.0,,,,1.0
tilespmspv_cudagraph,flybrain,NVIDIA GeForce RTX 5090,2.11.0+cu128,12.8,default,0.0003816247733734,,,,,,0034469257ebae31,0,138639,256,1,15091983,108.85813515677408,flybrain,0,9783,163.19999046318512,1.499198844699568,0.4816346156348125,288.0,599.6199999999953,0.1,0.1000533534936057,13871.296875,14248.0,14304,2017483.7734375,2099138.75,2127168,0.6819466288852176,0.6819466288852176,0.1083137582811223,1.0311941362728565,sampled_16_timesteps_max_2048_sources,converged,12.158203125,0.1,0.1000533476471901,5.334764719008844e-05,True,12,SpMV,CUSPARSE_SPMV_ALG_DEFAULT,,,torch_cuda_event_cudagraph_replay,gpu_execution,full_rsnn,device_adapted,independent_inference,sparse_only,"(256, 1, 138639)","(256, 1, 138639)",138639,138639,1,1,BN,spmspv_csc_dense_device,spmspv_csc_dense_device,none,False,False,True,0,torch.int64,torch.float32,torch.float32,dense_device,,,False,False,False,False,False,True,1.0,554556,325842920,325842920,0,0,False,unknown,unknown,unknown,unknown,unknown,,11.0568962;11.0480957;11.0577917;11.069088;11.0659838;11.0558081;11.0579205;11.0567999;11.0699844;11.0557756;11.057312;11.0588484;11.0598717;11.0598402;11.0568323;11.0701122;11.0639038;11.0680323;11.0608959;11.0639677,20,11.060688018798828,0.0057674715569016,11.048095703125,11.070112228393556,passed,0,0.0,0.0003662109375,1.9073486328125e-05,0.0004042337823193,0.0005217770230956,0.0004042337823193,0.0005217770230956,138639,0,full_state,passed,,11.059344291687012,,,,,,,,,,,3.642976285301085
globalatomic_cudagraph,flybrain,NVIDIA GeForce RTX 5090,2.11.0+cu128,12.8,default,0.0003816247733734,,,,,,0034469257ebae31,0,138639,256,1,15091983,108.85813515677408,flybrain,0,9783,163.19999046318512,1.499198844699568,0.4816346156348125,288.0,599.6199999999953,0.1,0.1000533534936057,13871.296875,14248.0,14304,2017483.7734375,2099138.75,2127168,0.6819466288852176,0.6819466288852176,0.1083137582811223,1.0311941362728565,sampled_16_timesteps_max_2048_sources,converged,12.158203125,0.1,0.1000533476471901,5.334764719008844e-05,True,12,SpMV,CUSPARSE_SPMV_ALG_DEFAULT,,,torch_cuda_event_cudagraph_replay,gpu_execution,full_rsnn,device_adapted,independent_inference,sparse_only,"(256, 1, 138639)","(256, 1, 138639)",138639,138639,1,1,BN,spmspv_csc_dense_device,spmspv_csc_dense_device,none,False,False,True,0,torch.int64,torch.float32,torch.float32,dense_device,,,False,False,False,False,False,True,1.0,554556,325842920,325842920,0,0,False,unknown,unknown,unknown,unknown,unknown,,12.0672636;12.0610561;12.0541763;12.0551996;12.0582399;12.0562563;12.064352;12.0551996;12.0561275;12.0582724;12.0496635;12.0592957;12.0541763;12.0480318;12.0520964;12.0449924;12.0439358;12.0439358;12.0541763;12.0490236,20,12.054273557662963,0.0063857101998659,12.043935775756836,12.06726360321045,passed,0,0.0,0.000244140625,1.71661376953125e-05,0.0004026667156722,0.0004969305009581,0.0004026667156722,0.0004969305009581,138639,0,full_state,passed,,12.054687976837158,,,,,,,,,,,3.342179329984324
vdha_cudagraph,flybrain,NVIDIA GeForce RTX 5090,2.11.0+cu128,12.8,default,0.0003816247733734,,,,,,0034469257ebae31,0,138639,256,1,15091983,108.85813515677408,flybrain,0,9783,163.19999046318512,1.499198844699568,0.4816346156348125,288.0,599.6199999999953,0.1,0.1000533534936057,13871.296875,14248.0,14304,2017483.7734375,2099138.75,2127168,0.6819466288852176,0.6819466288852176,0.1083137582811223,1.0311941362728565,sampled_16_timesteps_max_2048_sources,converged,12.158203125,0.1,0.1000533476471901,5.334764719008844e-05,True,12,SpMV,CUSPARSE_SPMV_ALG_DEFAULT,,,torch_cuda_event_cudagraph_replay,gpu_execution,full_rsnn,device_adapted,independent_inference,sparse_only,"(256, 1, 138639)","(256, 1, 138639)",138639,138639,1,1,BN,spmspv_csc_dense_device,spmspv_csc_dense_device,none,False,False,True,0,torch.int64,torch.float32,torch.float32,dense_device,,,False,False,False,False,False,True,1.0,554556,325842920,325842920,0,0,False,unknown,unknown,unknown,unknown,unknown,,18.9045448;18.9011517;18.8953915;18.8970871;18.8848648;18.8808002;18.8889599;18.8996487;18.9056969;18.8929272;18.8791351;18.8908806;18.8949432;18.8929596;18.8873272;18.8934727;18.8914242;18.8934727;18.8955193;18.8955193,20,18.893286323547365,0.0069037870978278,18.879135131835938,18.905696868896484,passed_causal_masked_state,35,9.861492797841877e-07,0.9860659837722778,0.0775697231292724,4.881937980651856,12.61319637298584,0.0002966033935081,0.0004442941281013,134501,4138,causal_masked_state,passed_causal_masked_state,,18.89347267150879,,,,,,,,,,,2.1324258216622662
persistent_spike_block,flybrain,NVIDIA GeForce RTX 5090,2.11.0+cu128,12.8,default,0.0003816247733734,,,,,,0034469257ebae31,0,138639,256,1,15091983,108.85813515677408,flybrain,0,9783,163.19999046318512,1.499198844699568,0.4816346156348125,288.0,599.6199999999953,0.1,0.1000533534936057,13871.296875,14248.0,14304,2017483.7734375,2099138.75,2127168,0.6819466288852176,0.6819466288852176,0.1083137582811223,1.0311941362728565,sampled_16_timesteps_max_2048_sources,converged,12.158203125,0.1,0.1000533476471901,5.334764719008844e-05,True,12,SpMV,CUSPARSE_SPMV_ALG_DEFAULT,,,torch_cuda_event,gpu_execution,full_rsnn,device_native,independent_inference,full_fusion,"(256, 1, 138639)","(256, 1, 138639)",138639,138639,1,1,BN,event_csr,event_csr,dense_to_events_precomputed,False,True,True,0,torch.int32,torch.float32,torch.float32,windowed_events,,,False,False,False,False,False,False,1.0,3685120,123820228,123820228,0,0,False,unknown,unknown,unknown,unknown,unknown,,9.96735954;9.87753582;9.94361591;9.88463974;9.94956779;9.87343979;9.94550419;9.85999966;9.94761562;9.87529564;9.9587841;9.88147163;9.94089603;9.88569641;9.958848;9.88768005;9.96185589;9.89590359;9.95427227;9.87542439,20,9.916270303726195,0.0385797801237204,9.859999656677246,9.96735954284668,passed_causal_masked_state,108,3.042974920476922e-06,0.9998412728309632,0.0843598842620849,4.999199867248535,14.103799819946287,0.004831547383219,0.0055029452778398,131754,6885,causal_masked_state,passed_causal_masked_state,,9.918399810791016,,,,,,,4.062039215414787,,,,4.062039215414787
cusparse_direct_cudagraph,flybrain,NVIDIA GeForce RTX 5090,2.11.0+cu128,12.8,default,0.0003816247733734,,,,,,22e74aad9ad51aba,0,138639,256,1,15091983,108.85813515677408,flybrain,0,9783,163.19999046318512,1.499198844699568,0.4816346156348125,288.0,599.6199999999953,0.2,0.1999732669018097,27724.09375,28900.25,28960,3720302.58984375,3904317.75,3937972,0.6595734477110932,0.6595734477110932,0.1570202115086538,1.0445787790628864,sampled_16_timesteps_max_2048_sources,converged,32.51953125,0.2,0.1999732553958892,2.674460411072888e-05,True,12,SpMV,CUSPARSE_SPMV_ALG_DEFAULT,,,torch_cuda_event,gpu_execution,full_rsnn,device_native,independent_inference,sparse_only,"(256, 1, 138639)","(256, 1, 138639)",138639,138639,1,1,BN,csr_post_by_pre,csr_post_by_pre,none,False,False,True,0,torch.int32,torch.float32,torch.float32,dense,,,False,False,False,False,False,True,1.0,58960,406886764,406886764,0,0,False,unknown,unknown,unknown,unknown,unknown,,40.3014717;40.2851524;40.2909775;40.2930222;40.2878723;40.2786865;40.2786865;40.2930222;40.2786865;40.3022079;40.2971191;40.2623024;40.2868805;40.2868805;40.2960968;40.2950706;40.2868805;40.2909775;40.2970886;40.2858543,20,40.28874683380127,0.0093436281244405,40.26230239868164,40.302207946777344,passed_causal_masked_state,28,7.889194238273501e-07,0.078403353691101,0.000599130988121,0.3884187638759613,0.1161780282855033,6.221440708031878e-05,6.770324398530647e-05,138119,520,causal_masked_state,passed_causal_masked_state,,40.28942489624024,,,,,,,1.0,,,,1.0
tilespmspv_cudagraph,flybrain,NVIDIA GeForce RTX 5090,2.11.0+cu128,12.8,default,0.0003816247733734,,,,,,22e74aad9ad51aba,0,138639,256,1,15091983,108.85813515677408,flybrain,0,9783,163.19999046318512,1.499198844699568,0.4816346156348125,288.0,599.6199999999953,0.2,0.1999732669018097,27724.09375,28900.25,28960,3720302.58984375,3904317.75,3937972,0.6595734477110932,0.6595734477110932,0.1570202115086538,1.0445787790628864,sampled_16_timesteps_max_2048_sources,converged,32.51953125,0.2,0.1999732553958892,2.674460411072888e-05,True,12,SpMV,CUSPARSE_SPMV_ALG_DEFAULT,,,torch_cuda_event_cudagraph_replay,gpu_execution,full_rsnn,device_adapted,independent_inference,sparse_only,"(256, 1, 138639)","(256, 1, 138639)",138639,138639,1,1,BN,spmspv_csc_dense_device,spmspv_csc_dense_device,none,False,False,True,0,torch.int64,torch.float32,torch.float32,dense_device,,,False,False,False,False,False,True,1.0,554556,325842920,325842920,0,0,False,unknown,unknown,unknown,unknown,unknown,,15.7786236;15.7634239;15.7805443;15.7604485;15.7641916;15.7769279;15.7821121;15.7816324;15.7600317;15.7748804;15.7820482;15.7958717;15.7682238;15.7405758;15.7661762;15.7549124;15.7661762;15.7528639;15.7661762;15.765152,20,15.769049644470217,0.0126927095372167,15.740575790405272,15.79587173461914,passed_causal_masked_state,2,5.6351387416239296e-08,0.0087421685457229,7.62939453125e-05,0.0436117872595787,0.0016357650747522,0.0015700241783633,0.0016357650747522,138528,111,causal_masked_state,passed_causal_masked_state,,15.766176223754885,,,,,,,,,,,2.5554341347229266
globalatomic_cudagraph,flybrain,NVIDIA GeForce RTX 5090,2.11.0+cu128,12.8,default,0.0003816247733734,,,,,,22e74aad9ad51aba,0,138639,256,1,15091983,108.85813515677408,flybrain,0,9783,163.19999046318512,1.499198844699568,0.4816346156348125,288.0,599.6199999999953,0.2,0.1999732669018097,27724.09375,28900.25,28960,3720302.58984375,3904317.75,3937972,0.6595734477110932,0.6595734477110932,0.1570202115086538,1.0445787790628864,sampled_16_timesteps_max_2048_sources,converged,32.51953125,0.2,0.1999732553958892,2.674460411072888e-05,True,12,SpMV,CUSPARSE_SPMV_ALG_DEFAULT,,,torch_cuda_event_cudagraph_replay,gpu_execution,full_rsnn,device_adapted,independent_inference,sparse_only,"(256, 1, 138639)","(256, 1, 138639)",138639,138639,1,1,BN,spmspv_csc_dense_device,spmspv_csc_dense_device,none,False,False,True,0,torch.int64,torch.float32,torch.float32,dense_device,,,False,False,False,False,False,True,1.0,554556,325842920,325842920,0,0,False,unknown,unknown,unknown,unknown,unknown,,17.5971832;17.5654087;17.5294075;17.5264645;17.5878086;17.6523514;17.6964169;17.6995525;17.7044792;17.7005119;17.7009926;17.7025604;17.6994553;17.7005119;17.6994553;17.6984329;17.7015038;17.7066555;17.6984634;17.6236801,20,17.659564781188966,0.0632361942813647,17.526464462280273,17.706655502319336,passed_causal_masked_state,2,5.6351387416239296e-08,0.0087421834468841,7.82012939453125e-05,0.0436118617653846,0.0016766592161729,0.0015700241783633,0.0016766592161729,138528,111,causal_masked_state,passed_causal_masked_state,,17.698959350585938,,,,,,,,,,,2.276372531185367
vdha_cudagraph,flybrain,NVIDIA GeForce RTX 5090,2.11.0+cu128,12.8,default,0.0003816247733734,,,,,,22e74aad9ad51aba,0,138639,256,1,15091983,108.85813515677408,flybrain,0,9783,163.19999046318512,1.499198844699568,0.4816346156348125,288.0,599.6199999999953,0.2,0.1999732669018097,27724.09375,28900.25,28960,3720302.58984375,3904317.75,3937972,0.6595734477110932,0.6595734477110932,0.1570202115086538,1.0445787790628864,sampled_16_timesteps_max_2048_sources,converged,32.51953125,0.2,0.1999732553958892,2.674460411072888e-05,True,12,SpMV,CUSPARSE_SPMV_ALG_DEFAULT,,,torch_cuda_event_cudagraph_replay,gpu_execution,full_rsnn,device_adapted,independent_inference,sparse_only,"(256, 1, 138639)","(256, 1, 138639)",138639,138639,1,1,BN,spmspv_csc_dense_device,spmspv_csc_dense_device,none,False,False,True,0,torch.int64,torch.float32,torch.float32,dense_device,,,False,False,False,False,False,True,1.0,554556,325842920,325842920,0,0,False,unknown,unknown,unknown,unknown,unknown,,27.4230728;27.4278393;27.4166718;27.4045124;27.4127674;27.4146881;27.4188805;27.4216003;27.4042873;27.4229431;27.4152641;27.4126072;27.4233913;27.4023685;27.4131527;27.4203205;27.4151993;27.4111042;27.4029121;27.4029121,20,27.41432476043701,0.0077804576361193,27.402368545532227,27.427839279174805,passed_causal_masked_state,28,7.889194238273501e-07,0.0124882459640502,3.0517578125e-05,0.0618526190519332,0.0007886149105615,0.0006104999338276,0.0007886149105615,138332,307,causal_masked_state,passed_causal_masked_state,,27.41494369506836,,,,,,,,,,,1.4696154529577914
persistent_spike_block,flybrain,NVIDIA GeForce RTX 5090,2.11.0+cu128,12.8,default,0.0003816247733734,,,,,,22e74aad9ad51aba,0,138639,256,1,15091983,108.85813515677408,flybrain,0,9783,163.19999046318512,1.499198844699568,0.4816346156348125,288.0,599.6199999999953,0.2,0.1999732669018097,27724.09375,28900.25,28960,3720302.58984375,3904317.75,3937972,0.6595734477110932,0.6595734477110932,0.1570202115086538,1.0445787790628864,sampled_16_timesteps_max_2048_sources,converged,32.51953125,0.2,0.1999732553958892,2.674460411072888e-05,True,12,SpMV,CUSPARSE_SPMV_ALG_DEFAULT,,,torch_cuda_event,gpu_execution,full_rsnn,device_native,independent_inference,full_fusion,"(256, 1, 138639)","(256, 1, 138639)",138639,138639,1,1,BN,event_csr,event_csr,dense_to_events_precomputed,False,True,True,0,torch.int32,torch.float32,torch.float32,windowed_events,,,False,False,False,False,False,False,1.0,3685120,123820228,123820228,0,0,False,unknown,unknown,unknown,unknown,unknown,,15.5686398;15.5408316;15.4714556;15.5410557;15.4665279;15.5335684;15.4890242;15.5284481;15.4745598;15.5263357;15.4715843;15.5299196;15.479744;15.5288639;15.4665918;15.5232;15.47472;15.5263357;15.4787521;15.5146236,20,15.506739091873168,0.0316949416702366,15.466527938842772,15.568639755249023,passed_causal_masked_state,1415,3.9868606596989305e-05,0.999752640724182,0.1449637413024902,4.998750686645508,21.1630859375,0.0193906407803297,0.0197275206446647,111131,27508,causal_masked_state,passed_causal_masked_state,,15.518911838531494,,,,,,,2.596150124147667,,,,2.596150124147667
cusparse_direct_cudagraph,flybrain,NVIDIA GeForce RTX 5090,2.11.0+cu128,12.8,default,0.0003816247733734,,,,,,f04cbffec8a8bd6f,1,138639,256,1,15091983,108.85813515677408,flybrain,1,9783,163.19999046318512,1.499198844699568,0.4816346156348125,288.0,599.6199999999953,0.005,0.0056093861575747,777.6796875,1113.0,1346,250466.59375,362315.5,374349,0.6824506688182636,0.6824506688182634,0.588000599369442,1.7307897089699928,sampled_16_timesteps_max_2048_sources,best_effort,0.9521484375,0.005,0.0056093861348927,0.0006093861348927,True,12,SpMV,CUSPARSE_SPMV_ALG_DEFAULT,,,torch_cuda_event,gpu_execution,full_rsnn,device_native,independent_inference,sparse_only,"(256, 1, 138639)","(256, 1, 138639)",138639,138639,1,1,BN,csr_post_by_pre,csr_post_by_pre,none,False,False,True,0,torch.int32,torch.float32,torch.float32,dense,,,False,False,False,False,False,True,1.0,58960,406886764,406886764,0,0,False,unknown,unknown,unknown,unknown,unknown,,40.3015366;40.3035507;40.2827835;40.2930222;40.2592659;40.2479057;40.2745934;40.2417908;40.2868805;40.2745934;40.2838097;40.2930222;40.282753;40.280735;40.2377281;40.2510414;40.2684479;40.288929;40.2663994;40.2499847,20,40.27343864440918,0.01983782064885,40.23772811889648,40.30355072021485,passed_causal_masked_state,2,5.6351387416239296e-08,0.0170280337333679,5.1865354180336e-05,0.0843730494379997,0.0102656604722142,4.150756285525858e-05,5.739529296988621e-05,138445,194,causal_masked_state,passed_causal_masked_state,,40.27766418457031,,,,,,,1.0,,,,1.0
tilespmspv_cudagraph,flybrain,NVIDIA GeForce RTX 5090,2.11.0+cu128,12.8,default,0.0003816247733734,,,,,,f04cbffec8a8bd6f,1,138639,256,1,15091983,108.85813515677408,flybrain,1,9783,163.19999046318512,1.499198844699568,0.4816346156348125,288.0,599.6199999999953,0.005,0.0056093861575747,777.6796875,1113.0,1346,250466.59375,362315.5,374349,0.6824506688182636,0.6824506688182634,0.588000599369442,1.7307897089699928,sampled_16_timesteps_max_2048_sources,best_effort,0.9521484375,0.005,0.0056093861348927,0.0006093861348927,True,12,SpMV,CUSPARSE_SPMV_ALG_DEFAULT,,,torch_cuda_event_cudagraph_replay,gpu_execution,full_rsnn,device_adapted,independent_inference,sparse_only,"(256, 1, 138639)","(256, 1, 138639)",138639,138639,1,1,BN,spmspv_csc_dense_device,spmspv_csc_dense_device,none,False,False,True,0,torch.int64,torch.float32,torch.float32,dense_device,,,False,False,False,False,False,True,1.0,554556,325842920,325842920,0,0,False,unknown,unknown,unknown,unknown,unknown,,6.93334389;6.92339182;6.91868782;6.91983986;6.92294407;6.92489576;6.92188787;6.92713594;6.92060804;6.91881609;6.91942406;6.92700815;6.91881609;6.92188787;6.92496014;6.92496014;6.92188787;6.92086411;6.92496014;6.91676807,20,6.922654390335083,0.0038543564660553,6.9167680740356445,6.933343887329102,passed,0,0.0,5.340576171875e-05,2.86102294921875e-06,0.0001373487029923,0.0001753046817611,0.0001373487029923,0.0001753046817611,138639,0,full_state,passed,,6.921887874603272,,,,,,,,,,,5.818884228441627
globalatomic_cudagraph,flybrain,NVIDIA GeForce RTX 5090,2.11.0+cu128,12.8,default,0.0003816247733734,,,,,,f04cbffec8a8bd6f,1,138639,256,1,15091983,108.85813515677408,flybrain,1,9783,163.19999046318512,1.499198844699568,0.4816346156348125,288.0,599.6199999999953,0.005,0.0056093861575747,777.6796875,1113.0,1346,250466.59375,362315.5,374349,0.6824506688182636,0.6824506688182634,0.588000599369442,1.7307897089699928,sampled_16_timesteps_max_2048_sources,best_effort,0.9521484375,0.005,0.0056093861348927,0.0006093861348927,True,12,SpMV,CUSPARSE_SPMV_ALG_DEFAULT,,,torch_cuda_event_cudagraph_replay,gpu_execution,full_rsnn,device_adapted,independent_inference,sparse_only,"(256, 1, 138639)","(256, 1, 138639)",138639,138639,1,1,BN,spmspv_csc_dense_device,spmspv_csc_dense_device,none,False,False,True,0,torch.int64,torch.float32,torch.float32,dense_device,,,False,False,False,False,False,True,1.0,554556,325842920,325842920,0,0,False,unknown,unknown,unknown,unknown,unknown,,11.0913601;11.0582724;11.0619202;11.0608644;11.0598402;11.0578241;11.055872;11.0607681;11.0660162;11.0578241;11.0634241;11.064992;11.0619202;11.0598717;11.058816;11.0557756;11.0578241;11.0557756;11.0567999;11.0516796,20,11.060872030258178,0.0079492776023342,11.051679611206056,11.091360092163086,passed,0,0.0,6.103515625e-05,2.86102294921875e-06,0.0001569699379615,0.0001997473445953,0.0001569699379615,0.0001997473445953,138639,0,full_state,passed,,11.059328079223633,,,,,,,,,,,3.6419630465830086
vdha_cudagraph,flybrain,NVIDIA GeForce RTX 5090,2.11.0+cu128,12.8,default,0.0003816247733734,,,,,,f04cbffec8a8bd6f,1,138639,256,1,15091983,108.85813515677408,flybrain,1,9783,163.19999046318512,1.499198844699568,0.4816346156348125,288.0,599.6199999999953,0.005,0.0056093861575747,777.6796875,1113.0,1346,250466.59375,362315.5,374349,0.6824506688182636,0.6824506688182634,0.588000599369442,1.7307897089699928,sampled_16_timesteps_max_2048_sources,best_effort,0.9521484375,0.005,0.0056093861348927,0.0006093861348927,True,12,SpMV,CUSPARSE_SPMV_ALG_DEFAULT,,,torch_cuda_event_cudagraph_replay,gpu_execution,full_rsnn,device_adapted,independent_inference,sparse_only,"(256, 1, 138639)","(256, 1, 138639)",138639,138639,1,1,BN,spmspv_csc_dense_device,spmspv_csc_dense_device,none,False,False,True,0,torch.int64,torch.float32,torch.float32,dense_device,,,False,False,False,False,False,True,1.0,554556,325842920,325842920,0,0,False,unknown,unknown,unknown,unknown,unknown,,13.3291197;12.7580156;12.7607365;12.7642555;12.7669439;12.7642555;12.7623043;12.7623043;12.7622404;12.7663364;12.7683201;12.7704639;12.7653437;12.7623358;12.7607365;12.7709761;12.76688;12.7648315;12.7750721;12.7648315,20,12.793315172195436,0.1261784119547621,12.758015632629396,13.329119682312012,passed,0,0.0,3.0517578125e-05,2.384185791015625e-06,7.690937491133809e-05,0.0001241967547684,7.690937491133809e-05,0.0001241967547684,138639,0,full_state,passed,,12.76483154296875,,,,,,,,,,,3.155361984134953
persistent_spike_block,flybrain,NVIDIA GeForce RTX 5090,2.11.0+cu128,12.8,default,0.0003816247733734,,,,,,f04cbffec8a8bd6f,1,138639,256,1,15091983,108.85813515677408,flybrain,1,9783,163.19999046318512,1.499198844699568,0.4816346156348125,288.0,599.6199999999953,0.005,0.0056093861575747,777.6796875,1113.0,1346,250466.59375,362315.5,374349,0.6824506688182636,0.6824506688182634,0.588000599369442,1.7307897089699928,sampled_16_timesteps_max_2048_sources,best_effort,0.9521484375,0.005,0.0056093861348927,0.0006093861348927,True,12,SpMV,CUSPARSE_SPMV_ALG_DEFAULT,,,torch_cuda_event,gpu_execution,full_rsnn,device_native,independent_inference,full_fusion,"(256, 1, 138639)","(256, 1, 138639)",138639,138639,1,1,BN,event_csr,event_csr,dense_to_events_precomputed,False,True,True,0,torch.int32,torch.float32,torch.float32,windowed_events,,,False,False,False,False,False,False,1.0,3685120,123820228,123820228,0,0,False,unknown,unknown,unknown,unknown,unknown,,4.49411201;4.46771193;4.44883204;4.46566391;4.44979191;4.46979189;4.4537921;4.46259212;4.45180798;4.46556807;4.45692778;4.46147203;4.45292807;4.4696641;4.4512639;4.46464014;4.44665623;4.46147203;4.4523201;4.46358395,20,4.460529613494873,0.0108158371515197,4.446656227111816,4.494112014770508,passed_causal_masked_state,2,5.6351387416239296e-08,0.0170310139656066,5.185604095458984e-05,0.0843878164887428,0.0102638164535164,0.0016837908187881,0.0020145424641668,138445,194,causal_masked_state,passed_causal_masked_state,,4.461472034454346,,,,,,,9.027886731894853,,,,9.027886731894853
cusparse_direct_cudagraph,flybrain,NVIDIA GeForce RTX 5090,2.11.0+cu128,12.8,default,0.0003816247733734,,,,,,00dd4cf1ee643b9b,1,138639,256,1,15091983,108.85813515677408,flybrain,1,9783,163.19999046318512,1.499198844699568,0.4816346156348125,288.0,599.6199999999953,0.01,0.0103705994074538,1437.76953125,1621.0,2421,357028.85546875,408622.0,435113,0.8083919629069201,0.8083919629069198,0.1936979012086727,1.683858189632922,sampled_16_timesteps_max_2048_sources,converged,1.0009765625,0.01,0.0103705991059541,0.0003705991059541,True,12,SpMV,CUSPARSE_SPMV_ALG_DEFAULT,,,torch_cuda_event,gpu_execution,full_rsnn,device_native,independent_inference,sparse_only,"(256, 1, 138639)","(256, 1, 138639)",138639,138639,1,1,BN,csr_post_by_pre,csr_post_by_pre,none,False,False,True,0,torch.int32,torch.float32,torch.float32,dense,,,False,False,False,False,False,True,1.0,58960,406886764,406886764,0,0,False,unknown,unknown,unknown,unknown,unknown,,40.2806396;40.2769279;40.2602577;40.2602577;40.2602234;40.2674255;40.2520638;40.2561264;40.2950706;40.2704964;40.2673912;40.2663689;40.2909775;40.2868805;40.2786865;40.2612801;40.2930222;40.2663994;40.2397766;40.2950706,20,40.271267127990725,0.015467375045339,40.239776611328125,40.29507064819336,passed,0,0.0,3.0517578125e-05,9.5367431640625e-07,5.611331653199159e-05,6.402747385436669e-05,5.611331653199159e-05,6.402747385436669e-05,138639,0,full_state,passed,,40.26740837097168,,,,,,,1.0,,,,1.0
tilespmspv_cudagraph,flybrain,NVIDIA GeForce RTX 5090,2.11.0+cu128,12.8,default,0.0003816247733734,,,,,,00dd4cf1ee643b9b,1,138639,256,1,15091983,108.85813515677408,flybrain,1,9783,163.19999046318512,1.499198844699568,0.4816346156348125,288.0,599.6199999999953,0.01,0.0103705994074538,1437.76953125,1621.0,2421,357028.85546875,408622.0,435113,0.8083919629069201,0.8083919629069198,0.1936979012086727,1.683858189632922,sampled_16_timesteps_max_2048_sources,converged,1.0009765625,0.01,0.0103705991059541,0.0003705991059541,True,12,SpMV,CUSPARSE_SPMV_ALG_DEFAULT,,,torch_cuda_event_cudagraph_replay,gpu_execution,full_rsnn,device_adapted,independent_inference,sparse_only,"(256, 1, 138639)","(256, 1, 138639)",138639,138639,1,1,BN,spmspv_csc_dense_device,spmspv_csc_dense_device,none,False,False,True,0,torch.int64,torch.float32,torch.float32,dense_device,,,False,False,False,False,False,True,1.0,554556,325842920,325842920,0,0,False,unknown,unknown,unknown,unknown,unknown,,7.03855991;7.02316809;7.03056002;7.02726412;7.02271986;7.01817608;7.03081608;7.02540779;7.02643204;7.026752;7.01673603;7.02220821;7.02739191;7.02531195;7.02838421;7.02531195;7.02940798;7.02425623;7.02940798;7.02732801,20,7.02628002166748,0.0046997517233172,7.016736030578613,7.038559913635254,passed,0,0.0,6.103515625e-05,2.86102294921875e-06,0.0001568825682625,0.0001496254990343,0.0001568825682625,0.0001496254990343,138639,0,full_state,passed,,7.026592016220093,,,,,,,,,,,5.730716722704111
globalatomic_cudagraph,flybrain,NVIDIA GeForce RTX 5090,2.11.0+cu128,12.8,default,0.0003816247733734,,,,,,00dd4cf1ee643b9b,1,138639,256,1,15091983,108.85813515677408,flybrain,1,9783,163.19999046318512,1.499198844699568,0.4816346156348125,288.0,599.6199999999953,0.01,0.0103705994074538,1437.76953125,1621.0,2421,357028.85546875,408622.0,435113,0.8083919629069201,0.8083919629069198,0.1936979012086727,1.683858189632922,sampled_16_timesteps_max_2048_sources,converged,1.0009765625,0.01,0.0103705991059541,0.0003705991059541,True,12,SpMV,CUSPARSE_SPMV_ALG_DEFAULT,,,torch_cuda_event_cudagraph_replay,gpu_execution,full_rsnn,device_adapted,independent_inference,sparse_only,"(256, 1, 138639)","(256, 1, 138639)",138639,138639,1,1,BN,spmspv_csc_dense_device,spmspv_csc_dense_device,none,False,False,True,0,torch.int64,torch.float32,torch.float32,dense_device,,,False,False,False,False,False,True,1.0,554556,325842920,325842920,0,0,False,unknown,unknown,unknown,unknown,unknown,,11.0613756;11.0507202;11.0530558;11.0563202;11.0532484;11.053216;11.0492163;11.0542402;11.0552959;11.0518084;11.0531836;11.0588484;11.0557756;11.0598717;11.0588484;11.0537281;11.045536;11.0496321;11.0465603;11.0557756,20,11.053812837600708,0.0042048738040095,11.045536041259766,11.061375617980955,passed,0,0.0,6.866455078125e-05,2.86102294921875e-06,0.0001764928892953,0.0001584043493494,0.0001764928892953,0.0001584043493494,138639,0,full_state,passed,,11.05348825454712,,,,,,,,,,,3.642959348548338
vdha_cudagraph,flybrain,NVIDIA GeForce RTX 5090,2.11.0+cu128,12.8,default,0.0003816247733734,,,,,,00dd4cf1ee643b9b,1,138639,256,1,15091983,108.85813515677408,flybrain,1,9783,163.19999046318512,1.499198844699568,0.4816346156348125,288.0,599.6199999999953,0.01,0.0103705994074538,1437.76953125,1621.0,2421,357028.85546875,408622.0,435113,0.8083919629069201,0.8083919629069198,0.1936979012086727,1.683858189632922,sampled_16_timesteps_max_2048_sources,converged,1.0009765625,0.01,0.0103705991059541,0.0003705991059541,True,12,SpMV,CUSPARSE_SPMV_ALG_DEFAULT,,,torch_cuda_event_cudagraph_replay,gpu_execution,full_rsnn,device_adapted,independent_inference,sparse_only,"(256, 1, 138639)","(256, 1, 138639)",138639,138639,1,1,BN,spmspv_csc_dense_device,spmspv_csc_dense_device,none,False,False,True,0,torch.int64,torch.float32,torch.float32,dense_device,,,False,False,False,False,False,True,1.0,554556,325842920,325842920,0,0,False,unknown,unknown,unknown,unknown,unknown,,12.9663038;12.9619522;12.9588156;12.9751682;12.967104;12.9661121;12.9669437;12.9716482;12.9692802;12.9750719;12.9711037;12.9682236;12.9676161;12.9629116;12.9696321;12.9675837;12.9706564;12.9757757;12.9757442;12.9757442,20,12.969169569015502,0.0048357179659053,12.958815574645996,12.975775718688965,passed,0,0.0,3.814697265625e-05,2.384185791015625e-06,9.170336124952884e-05,0.0001352065301034,9.170336124952884e-05,0.0001352065301034,138639,0,full_state,passed,,12.968751907348633,,,,,,,,,,,3.104956333396624
persistent_spike_block,flybrain,NVIDIA GeForce RTX 5090,2.11.0+cu128,12.8,default,0.0003816247733734,,,,,,00dd4cf1ee643b9b,1,138639,256,1,15091983,108.85813515677408,flybrain,1,9783,163.19999046318512,1.499198844699568,0.4816346156348125,288.0,599.6199999999953,0.01,0.0103705994074538,1437.76953125,1621.0,2421,357028.85546875,408622.0,435113,0.8083919629069201,0.8083919629069198,0.1936979012086727,1.683858189632922,sampled_16_timesteps_max_2048_sources,converged,1.0009765625,0.01,0.0103705991059541,0.0003705991059541,True,12,SpMV,CUSPARSE_SPMV_ALG_DEFAULT,,,torch_cuda_event,gpu_execution,full_rsnn,device_native,independent_inference,full_fusion,"(256, 1, 138639)","(256, 1, 138639)",138639,138639,1,1,BN,event_csr,event_csr,dense_to_events_precomputed,False,True,True,0,torch.int32,torch.float32,torch.float32,windowed_events,,,False,False,False,False,False,False,1.0,3685120,123820228,123820228,0,0,False,unknown,unknown,unknown,unknown,unknown,,5.32841587;5.27308798;5.27670383;5.2638402;5.2787199;5.2638402;5.27270412;5.26787186;5.270432;5.27206421;5.27267218;5.26070404;5.27055979;5.25356817;5.26851177;5.27318382;5.27055979;5.26598406;5.26643181;5.26950407,20,5.271967983245849,0.0144427873045039,5.253568172454834,5.328415870666504,passed_causal_masked_state,4796,0.0001351306270241,0.9993727803230286,0.1848073005676269,4.996835708618164,24.939109802246094,0.0002027389709837,0.0003209734568372,48943,89696,causal_masked_state,passed_causal_masked_state,,5.270495891571045,,,,,,,7.640155537426793,,,,7.640155537426793
cusparse_direct_cudagraph,flybrain,NVIDIA GeForce RTX 5090,2.11.0+cu128,12.8,default,0.0003816247733734,,,,,,53df2e35bb87dfe2,1,138639,256,1,15091983,108.85813515677408,flybrain,1,9783,163.19999046318512,1.499198844699568,0.4816346156348125,288.0,599.6199999999953,0.02,0.0201449447846565,2792.875,3092.75,3677,575934.76171875,613006.0,650092,0.7776994198837818,0.7776994198837819,0.0790661222153769,1.3165644720941685,sampled_16_timesteps_max_2048_sources,converged,2.05078125,0.02,0.0201449450105428,0.0001449450105428,True,12,SpMV,CUSPARSE_SPMV_ALG_DEFAULT,,,torch_cuda_event,gpu_execution,full_rsnn,device_native,independent_inference,sparse_only,"(256, 1, 138639)","(256, 1, 138639)",138639,138639,1,1,BN,csr_post_by_pre,csr_post_by_pre,none,False,False,True,0,torch.int32,torch.float32,torch.float32,dense,,,False,False,False,False,False,True,1.0,58960,406886764,406886764,0,0,False,unknown,unknown,unknown,unknown,unknown,,40.3268814;40.2563858;40.284832;40.2684479;40.2786865;40.2940483;40.2704964;40.2725105;40.2766418;40.2909775;40.2940483;40.2950706;40.2704964;40.2643509;40.2786865;40.2838097;40.2459183;40.2786865;40.2623024;40.2643509,20,40.27788143157959,0.01746744993303,40.24591827392578,40.326881408691406,passed,0,0.0,1.52587890625e-05,9.5367431640625e-07,4.278416963643394e-05,6.186223617987707e-05,4.278416963643394e-05,6.186223617987707e-05,138639,0,full_state,passed,,40.27766418457031,,,,,,,1.0,,,,1.0
tilespmspv_cudagraph,flybrain,NVIDIA GeForce RTX 5090,2.11.0+cu128,12.8,default,0.0003816247733734,,,,,,53df2e35bb87dfe2,1,138639,256,1,15091983,108.85813515677408,flybrain,1,9783,163.19999046318512,1.499198844699568,0.4816346156348125,288.0,599.6199999999953,0.02,0.0201449447846565,2792.875,3092.75,3677,575934.76171875,613006.0,650092,0.7776994198837818,0.7776994198837819,0.0790661222153769,1.3165644720941685,sampled_16_timesteps_max_2048_sources,converged,2.05078125,0.02,0.0201449450105428,0.0001449450105428,True,12,SpMV,CUSPARSE_SPMV_ALG_DEFAULT,,,torch_cuda_event_cudagraph_replay,gpu_execution,full_rsnn,device_adapted,independent_inference,sparse_only,"(256, 1, 138639)","(256, 1, 138639)",138639,138639,1,1,BN,spmspv_csc_dense_device,spmspv_csc_dense_device,none,False,False,True,0,torch.int64,torch.float32,torch.float32,dense_device,,,False,False,False,False,False,True,1.0,554556,325842920,325842920,0,0,False,unknown,unknown,unknown,unknown,unknown,,7.39462423;7.37891197;7.37910414;7.38435221;7.3858881;7.38883209;7.37910414;7.37462378;7.37552023;7.370368;7.3811841;7.376544;7.37961578;7.38467216;7.38575983;7.37859201;7.3714242;7.38064003;7.38575983;7.376544,20,7.380603241920471,0.0059484555994164,7.370368003845215,7.39462423324585,passed,0,0.0,6.103515625e-05,2.86102294921875e-06,0.0001363310148008,0.0001981925743166,0.0001363310148008,0.0001981925743166,138639,0,full_state,passed,,7.37935996055603,,,,,,,,,,,5.45815143858837
globalatomic_cudagraph,flybrain,NVIDIA GeForce RTX 5090,2.11.0+cu128,12.8,default,0.0003816247733734,,,,,,53df2e35bb87dfe2,1,138639,256,1,15091983,108.85813515677408,flybrain,1,9783,163.19999046318512,1.499198844699568,0.4816346156348125,288.0,599.6199999999953,0.02,0.0201449447846565,2792.875,3092.75,3677,575934.76171875,613006.0,650092,0.7776994198837818,0.7776994198837819,0.0790661222153769,1.3165644720941685,sampled_16_timesteps_max_2048_sources,converged,2.05078125,0.02,0.0201449450105428,0.0001449450105428,True,12,SpMV,CUSPARSE_SPMV_ALG_DEFAULT,,,torch_cuda_event_cudagraph_replay,gpu_execution,full_rsnn,device_adapted,independent_inference,sparse_only,"(256, 1, 138639)","(256, 1, 138639)",138639,138639,1,1,BN,spmspv_csc_dense_device,spmspv_csc_dense_device,none,False,False,True,0,torch.int64,torch.float32,torch.float32,dense_device,,,False,False,False,False,False,True,1.0,554556,325842920,325842920,0,0,False,unknown,unknown,unknown,unknown,unknown,,11.04496;11.0333443;11.0368958;11.0359039;11.0347519;11.0308161;11.0388479;11.0359364;11.031456;11.0305281;11.0347519;11.0363197;11.0332479;11.037344;11.0312004;11.0363197;11.037344;11.0312004;11.0352964;11.0342722,20,11.035036849975588,0.0033968247417536,11.03052806854248,11.044960021972656,passed,0,0.0,6.866455078125e-05,3.814697265625e-06,0.000175282737473,0.000203682880965,0.000175282737473,0.000203682880965,138639,0,full_state,passed,,11.035024166107178,,,,,,,,,,,3.649984230055298
vdha_cudagraph,flybrain,NVIDIA GeForce RTX 5090,2.11.0+cu128,12.8,default,0.0003816247733734,,,,,,53df2e35bb87dfe2,1,138639,256,1,15091983,108.85813515677408,flybrain,1,9783,163.19999046318512,1.499198844699568,0.4816346156348125,288.0,599.6199999999953,0.02,0.0201449447846565,2792.875,3092.75,3677,575934.76171875,613006.0,650092,0.7776994198837818,0.7776994198837819,0.0790661222153769,1.3165644720941685,sampled_16_timesteps_max_2048_sources,converged,2.05078125,0.02,0.0201449450105428,0.0001449450105428,True,12,SpMV,CUSPARSE_SPMV_ALG_DEFAULT,,,torch_cuda_event_cudagraph_replay,gpu_execution,full_rsnn,device_adapted,independent_inference,sparse_only,"(256, 1, 138639)","(256, 1, 138639)",138639,138639,1,1,BN,spmspv_csc_dense_device,spmspv_csc_dense_device,none,False,False,True,0,torch.int64,torch.float32,torch.float32,dense_device,,,False,False,False,False,False,True,1.0,554556,325842920,325842920,0,0,False,unknown,unknown,unknown,unknown,unknown,,13.3340158;13.2751036;13.2723198;13.2812796;13.2790403;13.2807684;13.2832956;13.2727356;13.2681284;13.2732162;13.2741117;13.2728004;13.2854719;13.2702723;13.2747841;13.2696638;13.2747841;13.2686396;13.2736959;13.2706881,20,13.27774076461792,0.014105173061763,13.268128395080566,13.33401584625244,passed,0,0.0,3.0517578125e-05,1.9073486328125e-06,8.574102685088292e-05,0.0001336946879746,8.574102685088292e-05,0.0001336946879746,138639,0,full_state,passed,,13.273903846740724,,,,,,,,,,,3.034349551542073
persistent_spike_block,flybrain,NVIDIA GeForce RTX 5090,2.11.0+cu128,12.8,default,0.0003816247733734,,,,,,53df2e35bb87dfe2,1,138639,256,1,15091983,108.85813515677408,flybrain,1,9783,163.19999046318512,1.499198844699568,0.4816346156348125,288.0,599.6199999999953,0.02,0.0201449447846565,2792.875,3092.75,3677,575934.76171875,613006.0,650092,0.7776994198837818,0.7776994198837819,0.0790661222153769,1.3165644720941685,sampled_16_timesteps_max_2048_sources,converged,2.05078125,0.02,0.0201449450105428,0.0001449450105428,True,12,SpMV,CUSPARSE_SPMV_ALG_DEFAULT,,,torch_cuda_event,gpu_execution,full_rsnn,device_native,independent_inference,full_fusion,"(256, 1, 138639)","(256, 1, 138639)",138639,138639,1,1,BN,event_csr,event_csr,dense_to_events_precomputed,False,True,True,0,torch.int32,torch.float32,torch.float32,windowed_events,,,False,False,False,False,False,False,1.0,3685120,123820228,123820228,0,0,False,unknown,unknown,unknown,unknown,unknown,,6.07174397;6.01087999;6.01747179;6.01711988;6.01440001;6.01897621;6.01535988;6.02617598;6.01126385;6.01497602;6.01958418;6.01488018;6.01542377;6.02121592;6.01644802;6.00572777;6.0112958;6.0252161;6.02313614;6.01599979,20,6.019364762306213,0.01328790076831,6.005727767944336,6.071743965148926,passed_causal_masked_state,17258,0.0004862561220147,1.0712107419967651,0.2314593493938446,5.306459426879883,44.73087310791016,0.0001059091955539,0.0001801692560547,43028,95611,causal_masked_state,passed_causal_masked_state,,6.016223907470703,,,,,,,6.694841283176835,,,,6.694841283176835
cusparse_direct_cudagraph,flybrain,NVIDIA GeForce RTX 5090,2.11.0+cu128,12.8,default,0.0003816247733734,,,,,,a2805b2db3614840,1,138639,256,1,15091983,108.85813515677408,flybrain,1,9783,163.19999046318512,1.499198844699568,0.4816346156348125,288.0,599.6199999999953,0.05,0.0499444882482562,6924.25390625,7067.75,11438,1141329.02734375,1184368.25,1598517,0.7186986722266369,0.7186986722266369,0.1084584953505983,1.651874722513538,sampled_16_timesteps_max_2048_sources,converged,5.4931640625,0.05,0.0499444864690303,5.5513530969622527e-05,True,12,SpMV,CUSPARSE_SPMV_ALG_DEFAULT,,,torch_cuda_event,gpu_execution,full_rsnn,device_native,independent_inference,sparse_only,"(256, 1, 138639)","(256, 1, 138639)",138639,138639,1,1,BN,csr_post_by_pre,csr_post_by_pre,none,False,False,True,0,torch.int32,torch.float32,torch.float32,dense,,,False,False,False,False,False,True,1.0,58960,406886764,406886764,0,0,False,unknown,unknown,unknown,unknown,unknown,,40.2941742;40.3076782;40.2602577;40.2643204;40.2479668;40.2653427;40.2561607;40.288929;40.2766418;40.278656;40.2735672;40.2663994;40.2622719;40.2602577;40.2766418;40.2632942;40.2561607;40.280735;40.2663994;40.2827835,20,40.2714319229126,0.0145435522044785,40.24796676635742,40.30767822265625,passed,0,0.0,1.52587890625e-05,1.9073486328125e-06,4.684104715124704e-05,8.482120028929785e-05,4.684104715124704e-05,8.482120028929785e-05,138639,0,full_state,passed,,40.26639938354492,,,,,,,1.0,,,,1.0
tilespmspv_cudagraph,flybrain,NVIDIA GeForce RTX 5090,2.11.0+cu128,12.8,default,0.0003816247733734,,,,,,a2805b2db3614840,1,138639,256,1,15091983,108.85813515677408,flybrain,1,9783,163.19999046318512,1.499198844699568,0.4816346156348125,288.0,599.6199999999953,0.05,0.0499444882482562,6924.25390625,7067.75,11438,1141329.02734375,1184368.25,1598517,0.7186986722266369,0.7186986722266369,0.1084584953505983,1.651874722513538,sampled_16_timesteps_max_2048_sources,converged,5.4931640625,0.05,0.0499444864690303,5.5513530969622527e-05,True,12,SpMV,CUSPARSE_SPMV_ALG_DEFAULT,,,torch_cuda_event_cudagraph_replay,gpu_execution,full_rsnn,device_adapted,independent_inference,sparse_only,"(256, 1, 138639)","(256, 1, 138639)",138639,138639,1,1,BN,spmspv_csc_dense_device,spmspv_csc_dense_device,none,False,False,True,0,torch.int64,torch.float32,torch.float32,dense_device,,,False,False,False,False,False,True,1.0,554556,325842920,325842920,0,0,False,unknown,unknown,unknown,unknown,unknown,,8.6239996;8.61164761;8.62787247;8.60739231;8.62784004;8.59516811;8.61343956;8.61564827;8.61145592;8.6206398;8.62127972;8.61353588;8.61763191;8.61558437;8.61763191;8.61148834;8.61148834;8.6196804;8.62275219;8.61558437,20,8.616088056564331,0.0074703141196939,8.595168113708496,8.627872467041016,passed,0,0.0,0.0001220703125,5.7220458984375e-06,0.0001458759215893,0.000254785787547,0.0001458759215893,0.000254785787547,138639,0,full_state,passed,,8.61561632156372,,,,,,,,,,,4.673652804473614
globalatomic_cudagraph,flybrain,NVIDIA GeForce RTX 5090,2.11.0+cu128,12.8,default,0.0003816247733734,,,,,,a2805b2db3614840,1,138639,256,1,15091983,108.85813515677408,flybrain,1,9783,163.19999046318512,1.499198844699568,0.4816346156348125,288.0,599.6199999999953,0.05,0.0499444882482562,6924.25390625,7067.75,11438,1141329.02734375,1184368.25,1598517,0.7186986722266369,0.7186986722266369,0.1084584953505983,1.651874722513538,sampled_16_timesteps_max_2048_sources,converged,5.4931640625,0.05,0.0499444864690303,5.5513530969622527e-05,True,12,SpMV,CUSPARSE_SPMV_ALG_DEFAULT,,,torch_cuda_event_cudagraph_replay,gpu_execution,full_rsnn,device_adapted,independent_inference,sparse_only,"(256, 1, 138639)","(256, 1, 138639)",138639,138639,1,1,BN,spmspv_csc_dense_device,spmspv_csc_dense_device,none,False,False,True,0,torch.int64,torch.float32,torch.float32,dense_device,,,False,False,False,False,False,True,1.0,554556,325842920,325842920,0,0,False,unknown,unknown,unknown,unknown,unknown,,11.0830078;11.072896;11.0762882;11.0808315;11.0717115;11.0736961;11.0797119;11.0815039;11.0798082;11.0844803;11.089056;11.0864964;11.0824003;11.0824003;11.0854721;11.0844479;11.0844479;11.0813761;11.0864964;11.0824003,20,11.08144645690918,0.004691173125948,11.071711540222168,11.089056015014648,passed,0,0.0,9.1552734375e-05,5.7220458984375e-06,0.0001525313273305,0.0002317511243745,0.0001525313273305,0.0002317511243745,138639,0,full_state,passed,,11.08240032196045,,,,,,,,,,,3.633364452983584
vdha_cudagraph,flybrain,NVIDIA GeForce RTX 5090,2.11.0+cu128,12.8,default,0.0003816247733734,,,,,,a2805b2db3614840,1,138639,256,1,15091983,108.85813515677408,flybrain,1,9783,163.19999046318512,1.499198844699568,0.4816346156348125,288.0,599.6199999999953,0.05,0.0499444882482562,6924.25390625,7067.75,11438,1141329.02734375,1184368.25,1598517,0.7186986722266369,0.7186986722266369,0.1084584953505983,1.651874722513538,sampled_16_timesteps_max_2048_sources,converged,5.4931640625,0.05,0.0499444864690303,5.5513530969622527e-05,True,12,SpMV,CUSPARSE_SPMV_ALG_DEFAULT,,,torch_cuda_event_cudagraph_replay,gpu_execution,full_rsnn,device_adapted,independent_inference,sparse_only,"(256, 1, 138639)","(256, 1, 138639)",138639,138639,1,1,BN,spmspv_csc_dense_device,spmspv_csc_dense_device,none,False,False,True,0,torch.int64,torch.float32,torch.float32,dense_device,,,False,False,False,False,False,True,1.0,554556,325842920,325842920,0,0,False,unknown,unknown,unknown,unknown,unknown,,15.3668156;15.3554564;15.442112;15.3615999;15.4445438;15.4477758;15.3641281;15.4405756;15.4450884;15.360672;15.4319038;15.3634558;15.4481277;15.4359999;15.3596478;15.3585596;15.4425917;15.4415684;15.3504324;15.4425917,20,15.405182313919068,0.0421150701958261,15.35043239593506,15.448127746582031,passed,0,0.0,6.103515625e-05,3.814697265625e-06,0.0001285646139876,0.0002066567685687,0.0001285646139876,0.0002066567685687,138639,0,full_state,passed,,15.43395185470581,,,,,,,,,,,2.608949396927638
persistent_spike_block,flybrain,NVIDIA GeForce RTX 5090,2.11.0+cu128,12.8,default,0.0003816247733734,,,,,,a2805b2db3614840,1,138639,256,1,15091983,108.85813515677408,flybrain,1,9783,163.19999046318512,1.499198844699568,0.4816346156348125,288.0,599.6199999999953,0.05,0.0499444882482562,6924.25390625,7067.75,11438,1141329.02734375,1184368.25,1598517,0.7186986722266369,0.7186986722266369,0.1084584953505983,1.651874722513538,sampled_16_timesteps_max_2048_sources,converged,5.4931640625,0.05,0.0499444864690303,5.5513530969622527e-05,True,12,SpMV,CUSPARSE_SPMV_ALG_DEFAULT,,,torch_cuda_event,gpu_execution,full_rsnn,device_native,independent_inference,full_fusion,"(256, 1, 138639)","(256, 1, 138639)",138639,138639,1,1,BN,event_csr,event_csr,dense_to_events_precomputed,False,True,True,0,torch.int32,torch.float32,torch.float32,windowed_events,,,False,False,False,False,False,False,1.0,3685120,123820228,123820228,0,0,False,unknown,unknown,unknown,unknown,unknown,,7.62249613;7.61900806;7.58979177;7.63027191;7.59913588;7.62515211;7.59702396;7.6220479;7.60422421;7.6231041;7.60009623;7.6220479;7.5888319;7.61897612;7.58067179;7.61900806;7.604352;7.62012815;7.58780813;7.61647987,20,7.609532809257507,0.0150448632729674,7.580671787261963,7.630271911621094,passed_causal_masked_state,1369,3.85725246864158e-05,0.9997695088386536,0.1235330551862716,4.998843669891357,23.158056259155277,0.001096119522117,0.0014317500172182,77994,60645,causal_masked_state,passed_causal_masked_state,,7.617727994918823,,,,,,,5.285880437107156,,,,5.285880437107156
cusparse_direct_cudagraph,flybrain,NVIDIA GeForce RTX 5090,2.11.0+cu128,12.8,default,0.0003816247733734,,,,,,04cf8f5dea054a64,1,138639,256,1,15091983,108.85813515677408,flybrain,1,9783,163.19999046318512,1.499198844699568,0.4816346156348125,288.0,599.6199999999953,0.1,0.1000263611790333,13867.5546875,13964.5,23012,2027637.66796875,2144375.25,2996208,0.6876723021886988,0.687672302188699,0.1220283801425822,1.6594129620229774,sampled_16_timesteps_max_2048_sources,converged,12.451171875,0.1,0.100026361644268,2.6361644268030338e-05,True,12,SpMV,CUSPARSE_SPMV_ALG_DEFAULT,,,torch_cuda_event,gpu_execution,full_rsnn,device_native,independent_inference,sparse_only,"(256, 1, 138639)","(256, 1, 138639)",138639,138639,1,1,BN,csr_post_by_pre,csr_post_by_pre,none,False,False,True,0,torch.int32,torch.float32,torch.float32,dense,,,False,False,False,False,False,True,1.0,58960,406886764,406886764,0,0,False,unknown,unknown,unknown,unknown,unknown,,40.3179512;40.2768974;40.2786865;40.2725449;40.3012161;40.2776642;40.2868805;40.2930222;40.288929;40.2766418;40.2797127;40.2950706;40.3114548;40.2930222;40.2879028;40.2971191;40.288929;40.2909775;40.2868805;40.2694702,20,40.28854866027832,0.0123741863494928,40.26947021484375,40.31795120239258,passed_causal_masked_state,1955,5.508348119937392e-05,0.9999642372131348,0.1238851547241211,4.9933390617370605,21.844871520996094,4.148261359659955e-05,4.711054498329759e-05,104745,33894,causal_masked_state,passed_causal_masked_state,,40.28841590881348,,,,,,,1.0,,,,1.0
tilespmspv_cudagraph,flybrain,NVIDIA GeForce RTX 5090,2.11.0+cu128,12.8,default,0.0003816247733734,,,,,,04cf8f5dea054a64,1,138639,256,1,15091983,108.85813515677408,flybrain,1,9783,163.19999046318512,1.499198844699568,0.4816346156348125,288.0,599.6199999999953,0.1,0.1000263611790333,13867.5546875,13964.5,23012,2027637.66796875,2144375.25,2996208,0.6876723021886988,0.687672302188699,0.1220283801425822,1.6594129620229774,sampled_16_timesteps_max_2048_sources,converged,12.451171875,0.1,0.100026361644268,2.6361644268030338e-05,True,12,SpMV,CUSPARSE_SPMV_ALG_DEFAULT,,,torch_cuda_event_cudagraph_replay,gpu_execution,full_rsnn,device_adapted,independent_inference,sparse_only,"(256, 1, 138639)","(256, 1, 138639)",138639,138639,1,1,BN,spmspv_csc_dense_device,spmspv_csc_dense_device,none,False,False,True,0,torch.int64,torch.float32,torch.float32,dense_device,,,False,False,False,False,False,True,1.0,554556,325842920,325842920,0,0,False,unknown,unknown,unknown,unknown,unknown,,11.0534401;11.035264;11.0414076;11.0403519;11.0395517;11.0413122;11.0373116;11.0424957;11.0311356;11.0332804;11.0328321;11.0281277;11.0496321;11.0352964;11.0271044;11.0322237;11.04144;11.0250559;11.0434875;11.0281277,20,11.036943912506104,0.0075043926351404,11.02505588531494,11.05344009399414,passed_causal_masked_state,204,5.747841516456408e-06,0.5401188135147095,0.0044727325439453,2.6904354095458984,0.5190169215202332,0.000412052613683,0.0007267146138474,134752,3887,causal_masked_state,passed_causal_masked_state,,11.036303997039797,,,,,,,,,,,3.6505351718854255
globalatomic_cudagraph,flybrain,NVIDIA GeForce RTX 5090,2.11.0+cu128,12.8,default,0.0003816247733734,,,,,,04cf8f5dea054a64,1,138639,256,1,15091983,108.85813515677408,flybrain,1,9783,163.19999046318512,1.499198844699568,0.4816346156348125,288.0,599.6199999999953,0.1,0.1000263611790333,13867.5546875,13964.5,23012,2027637.66796875,2144375.25,2996208,0.6876723021886988,0.687672302188699,0.1220283801425822,1.6594129620229774,sampled_16_timesteps_max_2048_sources,converged,12.451171875,0.1,0.100026361644268,2.6361644268030338e-05,True,12,SpMV,CUSPARSE_SPMV_ALG_DEFAULT,,,torch_cuda_event_cudagraph_replay,gpu_execution,full_rsnn,device_adapted,independent_inference,sparse_only,"(256, 1, 138639)","(256, 1, 138639)",138639,138639,1,1,BN,spmspv_csc_dense_device,spmspv_csc_dense_device,none,False,False,True,0,torch.int64,torch.float32,torch.float32,dense_device,,,False,False,False,False,False,True,1.0,554556,325842920,325842920,0,0,False,unknown,unknown,unknown,unknown,unknown,,11.7832956;11.7718716;11.7664957;11.76752;11.7735043;11.77456;11.7716799;11.7642241;11.7734718;11.7735996;11.770112;11.7756481;11.7705278;11.7756481;11.7776957;11.7705278;11.7776957;11.7684803;11.7695036;11.7695036,20,11.772278261184692,0.0044413504787137,11.7642240524292,11.783295631408691,passed_causal_masked_state,8,2.254055496649572e-07,0.0004724264144897,2.288818359375e-05,0.0023448707070201,0.0007583108963444,0.0003605460515245,0.0007583108963444,137914,725,causal_masked_state,passed_causal_masked_state,,11.771775722503662,,,,,,,,,,,3.422458672211672
vdha_cudagraph,flybrain,NVIDIA GeForce RTX 5090,2.11.0+cu128,12.8,default,0.0003816247733734,,,,,,04cf8f5dea054a64,1,138639,256,1,15091983,108.85813515677408,flybrain,1,9783,163.19999046318512,1.499198844699568,0.4816346156348125,288.0,599.6199999999953,0.1,0.1000263611790333,13867.5546875,13964.5,23012,2027637.66796875,2144375.25,2996208,0.6876723021886988,0.687672302188699,0.1220283801425822,1.6594129620229774,sampled_16_timesteps_max_2048_sources,converged,12.451171875,0.1,0.100026361644268,2.6361644268030338e-05,True,12,SpMV,CUSPARSE_SPMV_ALG_DEFAULT,,,torch_cuda_event_cudagraph_replay,gpu_execution,full_rsnn,device_adapted,independent_inference,sparse_only,"(256, 1, 138639)","(256, 1, 138639)",138639,138639,1,1,BN,spmspv_csc_dense_device,spmspv_csc_dense_device,none,False,False,True,0,torch.int64,torch.float32,torch.float32,dense_device,,,False,False,False,False,False,True,1.0,554556,325842920,325842920,0,0,False,unknown,unknown,unknown,unknown,unknown,,18.974144;18.9408646;18.9523201;18.9502087;18.9466877;18.9487991;18.9544315;18.9507523;18.9747524;18.9566727;18.9481926;18.9543362;18.9503365;18.9421768;18.9426231;18.9590073;18.9610558;18.9528008;18.9528637;18.9835529,20,18.95482892990112,0.0111880466412748,18.94086456298828,18.983552932739254,passed_causal_masked_state,8,2.254055496649572e-07,0.0107318460941314,1.1444091796875e-05,0.0534912385046482,0.0003791554481722,0.0002909376053139,0.0003791554481722,138408,231,causal_masked_state,passed_causal_masked_state,,18.952560424804688,,,,,,,,,,,2.1257505585411507
persistent_spike_block,flybrain,NVIDIA GeForce RTX 5090,2.11.0+cu128,12.8,default,0.0003816247733734,,,,,,04cf8f5dea054a64,1,138639,256,1,15091983,108.85813515677408,flybrain,1,9783,163.19999046318512,1.499198844699568,0.4816346156348125,288.0,599.6199999999953,0.1,0.1000263611790333,13867.5546875,13964.5,23012,2027637.66796875,2144375.25,2996208,0.6876723021886988,0.687672302188699,0.1220283801425822,1.6594129620229774,sampled_16_timesteps_max_2048_sources,converged,12.451171875,0.1,0.100026361644268,2.6361644268030338e-05,True,12,SpMV,CUSPARSE_SPMV_ALG_DEFAULT,,,torch_cuda_event,gpu_execution,full_rsnn,device_native,independent_inference,full_fusion,"(256, 1, 138639)","(256, 1, 138639)",138639,138639,1,1,BN,event_csr,event_csr,dense_to_events_precomputed,False,True,True,0,torch.int32,torch.float32,torch.float32,windowed_events,,,False,False,False,False,False,False,1.0,3685120,123820228,123820228,0,0,False,unknown,unknown,unknown,unknown,unknown,,10.1156158;9.92255974;10.0806723;9.91443157;10.0725117;9.92054367;10.0960636;9.91222382;10.0898876;9.92054367;10.1186237;9.93484783;10.0817919;9.91744041;10.0990725;9.91027164;10.0827198;9.905056;10.0925436;9.90719986,20,10.004731035232544,0.0912963906294094,9.90505599975586,10.118623733520508,passed_causal_masked_state,2084,5.871814568772135e-05,0.9999631643295288,0.1179043650627136,4.99334192276001,21.83534049987793,0.0043165259994566,0.0054345610551536,102671,35968,causal_masked_state,passed_causal_masked_state,,10.003679752349854,,,,,,,4.027359622277969,,,,4.027359622277969
cusparse_direct_cudagraph,flybrain,NVIDIA GeForce RTX 5090,2.11.0+cu128,12.8,default,0.0003816247733734,,,,,,81a0045f69ed2b48,1,138639,256,1,15091983,108.85813515677408,flybrain,1,9783,163.19999046318512,1.499198844699568,0.4816346156348125,288.0,599.6199999999953,0.2,0.1999824521779585,27725.3671875,29776.25,38148,3734239.94921875,4067670.5,4970895,0.6588840518017738,0.6588840518017736,0.128120876218493,1.3759240677324212,sampled_16_timesteps_max_2048_sources,converged,33.30078125,0.2,0.1999824494123459,1.7550587654124872e-05,True,12,SpMV,CUSPARSE_SPMV_ALG_DEFAULT,,,torch_cuda_event,gpu_execution,full_rsnn,device_native,independent_inference,sparse_only,"(256, 1, 138639)","(256, 1, 138639)",138639,138639,1,1,BN,csr_post_by_pre,csr_post_by_pre,none,False,False,True,0,torch.int32,torch.float32,torch.float32,dense,,,False,False,False,False,False,True,1.0,58960,406886764,406886764,0,0,False,unknown,unknown,unknown,unknown,unknown,,40.3061447;40.2975349;40.2950706;40.3094063;40.2858543;40.284832;40.3012466;40.2930222;40.2868805;40.2960968;40.2868805;40.3073616;40.3196487;40.3052788;40.3124809;40.2950706;40.2868805;40.2971191;40.3114548;40.2756462,20,40.29769554138184,0.0113398083668091,40.2756462097168,40.31964874267578,passed_causal_masked_state,84,2.3667582714820506e-06,0.1014342308044433,0.0019471645355224,0.5058426260948181,0.2539488971233368,6.613934965571389e-05,7.497610931750387e-05,135648,2991,causal_masked_state,passed_causal_masked_state,,40.296607971191406,,,,,,,1.0,,,,1.0
tilespmspv_cudagraph,flybrain,NVIDIA GeForce RTX 5090,2.11.0+cu128,12.8,default,0.0003816247733734,,,,,,81a0045f69ed2b48,1,138639,256,1,15091983,108.85813515677408,flybrain,1,9783,163.19999046318512,1.499198844699568,0.4816346156348125,288.0,599.6199999999953,0.2,0.1999824521779585,27725.3671875,29776.25,38148,3734239.94921875,4067670.5,4970895,0.6588840518017738,0.6588840518017736,0.128120876218493,1.3759240677324212,sampled_16_timesteps_max_2048_sources,converged,33.30078125,0.2,0.1999824494123459,1.7550587654124872e-05,True,12,SpMV,CUSPARSE_SPMV_ALG_DEFAULT,,,torch_cuda_event_cudagraph_replay,gpu_execution,full_rsnn,device_adapted,independent_inference,sparse_only,"(256, 1, 138639)","(256, 1, 138639)",138639,138639,1,1,BN,spmspv_csc_dense_device,spmspv_csc_dense_device,none,False,False,True,0,torch.int64,torch.float32,torch.float32,dense_device,,,False,False,False,False,False,True,1.0,554556,325842920,325842920,0,0,False,unknown,unknown,unknown,unknown,unknown,,15.7614403;15.7565117;15.7288961;15.7462082;15.7391682;15.7446718;15.7410879;15.7529602;15.7307196;15.7509441;15.7615681;15.7426243;15.7579842;15.7487679;15.737504;15.7467203;15.7559357;15.7467203;15.7641277;15.7446718,20,15.747961616516111,0.0098697536948542,15.728896141052246,15.764127731323242,passed_causal_masked_state,16,4.508110993299144e-07,0.0531296133995056,0.0005302429199218,0.2635271549224853,0.0277863573282957,0.0016742564039304,0.0018313549226149,138523,116,causal_masked_state,passed_causal_masked_state,,15.74672031402588,,,,,,,,,,,2.5590476726317744
globalatomic_cudagraph,flybrain,NVIDIA GeForce RTX 5090,2.11.0+cu128,12.8,default,0.0003816247733734,,,,,,81a0045f69ed2b48,1,138639,256,1,15091983,108.85813515677408,flybrain,1,9783,163.19999046318512,1.499198844699568,0.4816346156348125,288.0,599.6199999999953,0.2,0.1999824521779585,27725.3671875,29776.25,38148,3734239.94921875,4067670.5,4970895,0.6588840518017738,0.6588840518017736,0.128120876218493,1.3759240677324212,sampled_16_timesteps_max_2048_sources,converged,33.30078125,0.2,0.1999824494123459,1.7550587654124872e-05,True,12,SpMV,CUSPARSE_SPMV_ALG_DEFAULT,,,torch_cuda_event_cudagraph_replay,gpu_execution,full_rsnn,device_adapted,independent_inference,sparse_only,"(256, 1, 138639)","(256, 1, 138639)",138639,138639,1,1,BN,spmspv_csc_dense_device,spmspv_csc_dense_device,none,False,False,True,0,torch.int64,torch.float32,torch.float32,dense_device,,,False,False,False,False,False,True,1.0,554556,325842920,325842920,0,0,False,unknown,unknown,unknown,unknown,unknown,,16.8516808;16.8465595;16.8320961;16.8341751;16.83008;16.8280315;16.8322887;16.8299847;16.8382072;16.8423672;16.8419514;16.836256;16.8342075;16.8383045;16.8628807;16.8669758;16.8628807;16.8710728;16.8567352;16.8607674,20,16.844875144958497,0.0139861445780601,16.828031539916992,16.87107276916504,passed_causal_masked_state,16,4.508110993299144e-07,0.053129494190216,0.0005302429199218,0.26352658867836,0.02781249769032,0.0017021606909111,0.0020426651462912,138523,116,causal_masked_state,passed_causal_masked_state,,16.84012794494629,,,,,,,,,,,2.392892031635923
vdha_cudagraph,flybrain,NVIDIA GeForce RTX 5090,2.11.0+cu128,12.8,default,0.0003816247733734,,,,,,81a0045f69ed2b48,1,138639,256,1,15091983,108.85813515677408,flybrain,1,9783,163.19999046318512,1.499198844699568,0.4816346156348125,288.0,599.6199999999953,0.2,0.1999824521779585,27725.3671875,29776.25,38148,3734239.94921875,4067670.5,4970895,0.6588840518017738,0.6588840518017736,0.128120876218493,1.3759240677324212,sampled_16_timesteps_max_2048_sources,converged,33.30078125,0.2,0.1999824494123459,1.7550587654124872e-05,True,12,SpMV,CUSPARSE_SPMV_ALG_DEFAULT,,,torch_cuda_event_cudagraph_replay,gpu_execution,full_rsnn,device_adapted,independent_inference,sparse_only,"(256, 1, 138639)","(256, 1, 138639)",138639,138639,1,1,BN,spmspv_csc_dense_device,spmspv_csc_dense_device,none,False,False,True,0,torch.int64,torch.float32,torch.float32,dense_device,,,False,False,False,False,False,True,1.0,554556,325842920,325842920,0,0,False,unknown,unknown,unknown,unknown,unknown,,27.3032646;27.3086395;27.2876797;27.3087673;27.3102722;27.3081913;27.3144646;27.3025284;27.2999687;27.3164482;27.3040962;27.3103676;27.3143673;27.3124485;27.3046074;27.3209915;27.32304;27.3025608;27.3189449;27.32304,20,27.30973443984985,0.0087425762897092,27.28767967224121,27.32304000854492,passed_causal_masked_state,16,4.508110993299144e-07,0.0531297326087951,0.000518798828125,0.2635277509689331,0.02781249769032,0.0006976068252697,0.0006879171705804,138523,116,causal_masked_state,passed_causal_masked_state,,27.30951976776123,,,,,,,,,,,1.475551687245756
persistent_spike_block,flybrain,NVIDIA GeForce RTX 5090,2.11.0+cu128,12.8,default,0.0003816247733734,,,,,,81a0045f69ed2b48,1,138639,256,1,15091983,108.85813515677408,flybrain,1,9783,163.19999046318512,1.499198844699568,0.4816346156348125,288.0,599.6199999999953,0.2,0.1999824521779585,27725.3671875,29776.25,38148,3734239.94921875,4067670.5,4970895,0.6588840518017738,0.6588840518017736,0.128120876218493,1.3759240677324212,sampled_16_timesteps_max_2048_sources,converged,33.30078125,0.2,0.1999824494123459,1.7550587654124872e-05,True,12,SpMV,CUSPARSE_SPMV_ALG_DEFAULT,,,torch_cuda_event,gpu_execution,full_rsnn,device_native,independent_inference,full_fusion,"(256, 1, 138639)","(256, 1, 138639)",138639,138639,1,1,BN,event_csr,event_csr,dense_to_events_precomputed,False,True,True,0,torch.int32,torch.float32,torch.float32,windowed_events,,,False,False,False,False,False,False,1.0,3685120,123820228,123820228,0,0,False,unknown,unknown,unknown,unknown,unknown,,15.6426239;15.5454082;15.6041603;15.5524797;15.590848;15.5627518;15.5953598;15.5577917;15.5872641;15.5514879;15.5944319;15.5556479;15.5836802;15.5524797;15.5928965;15.56672;15.582592;15.5422401;15.5719357;15.5637436,20,15.57482714653015,0.0247205398580396,15.542240142822266,15.642623901367188,passed_causal_masked_state,353,9.946019878966236e-06,0.9993009567260742,0.0576306581497192,4.947060585021973,9.597086906433104,0.01694923825562,0.0189177226275205,124083,14556,causal_masked_state,passed_causal_masked_state,,15.56932783126831,,,,,,,2.588204732272553,,,,2.588204732272553
cusparse_direct_cudagraph,flybrain,NVIDIA GeForce RTX 5090,2.11.0+cu128,12.8,default,0.0003816247733734,,,,,,7d94e4a49d5ed71f,2,138639,256,1,15091983,108.85813515677408,flybrain,2,9783,163.19999046318512,1.499198844699568,0.4816346156348125,288.0,599.6199999999953,0.005,0.0058471608367775,810.64453125,1076.0,1296,258346.0625,356395.25,374352,0.6966630263624473,0.696663026362447,0.4945385712283109,1.5987278641127576,sampled_16_timesteps_max_2048_sources,best_effort,0.9033203125,0.005,0.0058471607044339,0.0008471607044339,True,12,SpMV,CUSPARSE_SPMV_ALG_DEFAULT,,,torch_cuda_event,gpu_execution,full_rsnn,device_native,independent_inference,sparse_only,"(256, 1, 138639)","(256, 1, 138639)",138639,138639,1,1,BN,csr_post_by_pre,csr_post_by_pre,none,False,False,True,0,torch.int32,torch.float32,torch.float32,dense,,,False,False,False,False,False,True,1.0,58960,406886764,406886764,0,0,False,unknown,unknown,unknown,unknown,unknown,,40.2823982;40.2768631;40.280735;40.2725105;40.2602577;40.2756157;40.2561607;40.288929;40.2725449;40.2930222;40.2817612;40.2971191;40.2930222;40.2888947;40.284832;40.2858543;40.2684479;40.2704964;40.2602234;40.2643852,20,40.27770366668701,0.011943109875141,40.256160736083984,40.297119140625,passed,0,0.0,1.52587890625e-05,9.5367431640625e-07,4.388472734717652e-05,6.290311284828931e-05,4.388472734717652e-05,6.290311284828931e-05,138639,0,full_state,passed,,40.27879905700684,,,,,,,1.0,,,,1.0
tilespmspv_cudagraph,flybrain,NVIDIA GeForce RTX 5090,2.11.0+cu128,12.8,default,0.0003816247733734,,,,,,7d94e4a49d5ed71f,2,138639,256,1,15091983,108.85813515677408,flybrain,2,9783,163.19999046318512,1.499198844699568,0.4816346156348125,288.0,599.6199999999953,0.005,0.0058471608367775,810.64453125,1076.0,1296,258346.0625,356395.25,374352,0.6966630263624473,0.696663026362447,0.4945385712283109,1.5987278641127576,sampled_16_timesteps_max_2048_sources,best_effort,0.9033203125,0.005,0.0058471607044339,0.0008471607044339,True,12,SpMV,CUSPARSE_SPMV_ALG_DEFAULT,,,torch_cuda_event_cudagraph_replay,gpu_execution,full_rsnn,device_adapted,independent_inference,sparse_only,"(256, 1, 138639)","(256, 1, 138639)",138639,138639,1,1,BN,spmspv_csc_dense_device,spmspv_csc_dense_device,none,False,False,True,0,torch.int64,torch.float32,torch.float32,dense_device,,,False,False,False,False,False,True,1.0,554556,325842920,325842920,0,0,False,unknown,unknown,unknown,unknown,unknown,,6.92022419;6.9069438;6.90659189;6.90745592;6.9101119;6.91276789;6.90755177;6.91625595;6.916224;6.91689587;6.91107178;6.91062403;6.91881609;6.90959978;6.91264009;6.91881609;6.91369581;6.91267204;6.90857601;6.91267204,20,6.912510347366333,0.0042246297035214,6.906591892242432,6.920224189758301,passed,0,0.0,6.103515625e-05,2.86102294921875e-06,0.0001577684597577,0.0001758362050168,0.0001577684597577,0.0001758362050168,138639,0,full_state,passed,,6.91265606880188,,,,,,,,,,,5.826819482426249
globalatomic_cudagraph,flybrain,NVIDIA GeForce RTX 5090,2.11.0+cu128,12.8,default,0.0003816247733734,,,,,,7d94e4a49d5ed71f,2,138639,256,1,15091983,108.85813515677408,flybrain,2,9783,163.19999046318512,1.499198844699568,0.4816346156348125,288.0,599.6199999999953,0.005,0.0058471608367775,810.64453125,1076.0,1296,258346.0625,356395.25,374352,0.6966630263624473,0.696663026362447,0.4945385712283109,1.5987278641127576,sampled_16_timesteps_max_2048_sources,best_effort,0.9033203125,0.005,0.0058471607044339,0.0008471607044339,True,12,SpMV,CUSPARSE_SPMV_ALG_DEFAULT,,,torch_cuda_event_cudagraph_replay,gpu_execution,full_rsnn,device_adapted,independent_inference,sparse_only,"(256, 1, 138639)","(256, 1, 138639)",138639,138639,1,1,BN,spmspv_csc_dense_device,spmspv_csc_dense_device,none,False,False,True,0,torch.int64,torch.float32,torch.float32,dense_device,,,False,False,False,False,False,True,1.0,554556,325842920,325842920,0,0,False,unknown,unknown,unknown,unknown,unknown,,11.0638084;11.0479364;11.0490875;11.0480957;11.0491524;11.0512962;11.0451517;11.0501757;11.0409603;11.0451202;11.0471039;11.0445118;11.0496321;11.0516796;11.0475836;11.0506563;11.0434875;11.045536;11.0465603;11.0496321,20,11.048358392715452,0.004582555166357,11.040960311889648,11.06380844116211,passed,0,0.0,6.866455078125e-05,2.86102294921875e-06,0.0001774895208654,0.0001758362050168,0.0001774895208654,0.0001758362050168,138639,0,full_state,passed,,11.04801607131958,,,,,,,,,,,3.64579475599875
vdha_cudagraph,flybrain,NVIDIA GeForce RTX 5090,2.11.0+cu128,12.8,default,0.0003816247733734,,,,,,7d94e4a49d5ed71f,2,138639,256,1,15091983,108.85813515677408,flybrain,2,9783,163.19999046318512,1.499198844699568,0.4816346156348125,288.0,599.6199999999953,0.005,0.0058471608367775,810.64453125,1076.0,1296,258346.0625,356395.25,374352,0.6966630263624473,0.696663026362447,0.4945385712283109,1.5987278641127576,sampled_16_timesteps_max_2048_sources,best_effort,0.9033203125,0.005,0.0058471607044339,0.0008471607044339,True,12,SpMV,CUSPARSE_SPMV_ALG_DEFAULT,,,torch_cuda_event_cudagraph_replay,gpu_execution,full_rsnn,device_adapted,independent_inference,sparse_only,"(256, 1, 138639)","(256, 1, 138639)",138639,138639,1,1,BN,spmspv_csc_dense_device,spmspv_csc_dense_device,none,False,False,True,0,torch.int64,torch.float32,torch.float32,dense_device,,,False,False,False,False,False,True,1.0,554556,325842920,325842920,0,0,False,unknown,unknown,unknown,unknown,unknown,,13.2797441;12.746048;12.7439356;12.739872;12.7478724;12.7418556;12.7424955;12.7485123;12.7456961;12.7383041;12.7402563;12.7478724;12.7419205;12.7429762;12.7423038;12.7463999;12.7423038;12.7402563;12.7463999;12.7443199,20,12.770467233657836,0.1199069929724362,12.738304138183594,13.279744148254396,passed,0,0.0,3.0517578125e-05,1.9073486328125e-06,6.6478802182246e-05,0.0001258062256965,6.6478802182246e-05,0.0001258062256965,138639,0,full_state,passed,,12.74345588684082,,,,,,,,,,,3.160743789963571
persistent_spike_block,flybrain,NVIDIA GeForce RTX 5090,2.11.0+cu128,12.8,default,0.0003816247733734,,,,,,7d94e4a49d5ed71f,2,138639,256,1,15091983,108.85813515677408,flybrain,2,9783,163.19999046318512,1.499198844699568,0.4816346156348125,288.0,599.6199999999953,0.005,0.0058471608367775,810.64453125,1076.0,1296,258346.0625,356395.25,374352,0.6966630263624473,0.696663026362447,0.4945385712283109,1.5987278641127576,sampled_16_timesteps_max_2048_sources,best_effort,0.9033203125,0.005,0.0058471607044339,0.0008471607044339,True,12,SpMV,CUSPARSE_SPMV_ALG_DEFAULT,,,torch_cuda_event,gpu_execution,full_rsnn,device_native,independent_inference,full_fusion,"(256, 1, 138639)","(256, 1, 138639)",138639,138639,1,1,BN,event_csr,event_csr,dense_to_events_precomputed,False,True,True,0,torch.int32,torch.float32,torch.float32,windowed_events,,,False,False,False,False,False,False,1.0,3685120,123820228,123820228,0,0,False,unknown,unknown,unknown,unknown,unknown,,4.57961607;4.54489613;4.54556799;4.5459199;4.53532791;4.54387188;4.54454422;4.54803181;4.53740788;4.53977585;4.54345608;4.54899216;4.54348803;4.55215979;4.54345608;4.54192019;4.54355192;4.55321598;4.54758406;4.54655981,20,4.546467185020447,0.008908898933412,4.535327911376953,4.579616069793701,passed,0,0.0,0.0008544921875,4.673004150390625e-05,0.0015731353778392,0.002014418831095,0.0015731353778392,0.002014418831095,138639,0,full_state,passed,,4.54472017288208,,,,,,,8.862767678711368,,,,8.862767678711368
cusparse_direct_cudagraph,flybrain,NVIDIA GeForce RTX 5090,2.11.0+cu128,12.8,default,0.0003816247733734,,,,,,8b923c1ae3c4dafd,2,138639,256,1,15091983,108.85813515677408,flybrain,2,9783,163.19999046318512,1.499198844699568,0.4816346156348125,288.0,599.6199999999953,0.01,0.0106626122970448,1478.25390625,1860.75,2046,369538.671875,420596.0,474036,0.8214968421125974,0.8214968421125972,0.1228147559244893,1.3840653431386798,sampled_16_timesteps_max_2048_sources,converged,1.0009765625,0.01,0.0106626115739345,0.0006626115739345,True,12,SpMV,CUSPARSE_SPMV_ALG_DEFAULT,,,torch_cuda_event,gpu_execution,full_rsnn,device_native,independent_inference,sparse_only,"(256, 1, 138639)","(256, 1, 138639)",138639,138639,1,1,BN,csr_post_by_pre,csr_post_by_pre,none,False,False,True,0,torch.int32,torch.float32,torch.float32,dense,,,False,False,False,False,False,True,1.0,58960,406886764,406886764,0,0,False,unknown,unknown,unknown,unknown,unknown,,40.3005447;40.2974091;40.3155518;40.2950706;40.2858543;40.2499847;40.2417908;40.274559;40.2582092;40.2684479;40.3063354;40.3073616;40.2971191;40.3176003;40.2981453;40.2930222;40.2868805;40.2868462;40.2929916;40.2858543,20,40.287978935241696,0.0204181619040853,40.241790771484375,40.31760025024414,passed,0,0.0,1.52587890625e-05,9.5367431640625e-07,4.31469852628652e-05,6.014075188431889e-05,4.31469852628652e-05,6.014075188431889e-05,138639,0,full_state,passed,,40.293006896972656,,,,,,,1.0,,,,1.0
tilespmspv_cudagraph,flybrain,NVIDIA GeForce RTX 5090,2.11.0+cu128,12.8,default,0.0003816247733734,,,,,,8b923c1ae3c4dafd,2,138639,256,1,15091983,108.85813515677408,flybrain,2,9783,163.19999046318512,1.499198844699568,0.4816346156348125,288.0,599.6199999999953,0.01,0.0106626122970448,1478.25390625,1860.75,2046,369538.671875,420596.0,474036,0.8214968421125974,0.8214968421125972,0.1228147559244893,1.3840653431386798,sampled_16_timesteps_max_2048_sources,converged,1.0009765625,0.01,0.0106626115739345,0.0006626115739345,True,12,SpMV,CUSPARSE_SPMV_ALG_DEFAULT,,,torch_cuda_event_cudagraph_replay,gpu_execution,full_rsnn,device_adapted,independent_inference,sparse_only,"(256, 1, 138639)","(256, 1, 138639)",138639,138639,1,1,BN,spmspv_csc_dense_device,spmspv_csc_dense_device,none,False,False,True,0,torch.int64,torch.float32,torch.float32,dense_device,,,False,False,False,False,False,True,1.0,554556,325842920,325842920,0,0,False,unknown,unknown,unknown,unknown,unknown,,7.03247976;7.01190376;7.01391983;7.01507187;7.0191679;7.01820803;7.01702404;7.01708794;7.02230406;7.01087999;7.02076817;7.0140481;7.01507187;7.01097584;7.01609612;7.01302385;7.02121592;7.02019215;7.02121592;7.02735996,20,7.01790075302124,0.0054625130347627,7.010879993438721,7.032479763031006,passed,0,0.0,5.340576171875e-05,2.384185791015625e-06,0.0001380323956254,0.0002004298294195,0.0001380323956254,0.0002004298294195,138639,0,full_state,passed,,7.017055988311768,,,,,,,,,,,5.742152686837367
globalatomic_cudagraph,flybrain,NVIDIA GeForce RTX 5090,2.11.0+cu128,12.8,default,0.0003816247733734,,,,,,8b923c1ae3c4dafd,2,138639,256,1,15091983,108.85813515677408,flybrain,2,9783,163.19999046318512,1.499198844699568,0.4816346156348125,288.0,599.6199999999953,0.01,0.0106626122970448,1478.25390625,1860.75,2046,369538.671875,420596.0,474036,0.8214968421125974,0.8214968421125972,0.1228147559244893,1.3840653431386798,sampled_16_timesteps_max_2048_sources,converged,1.0009765625,0.01,0.0106626115739345,0.0006626115739345,True,12,SpMV,CUSPARSE_SPMV_ALG_DEFAULT,,,torch_cuda_event_cudagraph_replay,gpu_execution,full_rsnn,device_adapted,independent_inference,sparse_only,"(256, 1, 138639)","(256, 1, 138639)",138639,138639,1,1,BN,spmspv_csc_dense_device,spmspv_csc_dense_device,none,False,False,True,0,torch.int64,torch.float32,torch.float32,dense_device,,,False,False,False,False,False,True,1.0,554556,325842920,325842920,0,0,False,unknown,unknown,unknown,unknown,unknown,,11.0813437;11.0541763;11.0558395;11.0439682;11.04704;11.0455685;11.0531836;11.0487356;11.0450239;11.0495996;11.0429764;11.0445118;11.045536;11.0516796;11.0619202;11.0588484;11.0598717;11.0557756;11.0567999;11.0557756,20,11.05290870666504,0.0088828084263414,11.042976379394531,11.081343650817873,passed,0,0.0,6.866455078125e-05,2.86102294921875e-06,0.0001774702250258,0.0002004298294195,0.0001774702250258,0.0002004298294195,138639,0,full_state,passed,,11.05243158340454,,,,,,,,,,,3.645623733828261
vdha_cudagraph,flybrain,NVIDIA GeForce RTX 5090,2.11.0+cu128,12.8,default,0.0003816247733734,,,,,,8b923c1ae3c4dafd,2,138639,256,1,15091983,108.85813515677408,flybrain,2,9783,163.19999046318512,1.499198844699568,0.4816346156348125,288.0,599.6199999999953,0.01,0.0106626122970448,1478.25390625,1860.75,2046,369538.671875,420596.0,474036,0.8214968421125974,0.8214968421125972,0.1228147559244893,1.3840653431386798,sampled_16_timesteps_max_2048_sources,converged,1.0009765625,0.01,0.0106626115739345,0.0006626115739345,True,12,SpMV,CUSPARSE_SPMV_ALG_DEFAULT,,,torch_cuda_event_cudagraph_replay,gpu_execution,full_rsnn,device_adapted,independent_inference,sparse_only,"(256, 1, 138639)","(256, 1, 138639)",138639,138639,1,1,BN,spmspv_csc_dense_device,spmspv_csc_dense_device,none,False,False,True,0,torch.int64,torch.float32,torch.float32,dense_device,,,False,False,False,False,False,True,1.0,554556,325842920,325842920,0,0,False,unknown,unknown,unknown,unknown,unknown,,13.4366398;12.9269762;12.9341764;12.9307203;12.9260798;12.9343681;12.9297276;12.930624;12.9282236;12.9280643;12.9348803;12.9286404;12.9337597;12.9303036;12.9266243;12.9327679;12.9348164;12.9266243;12.9317436;12.9347839,20,12.956027221679689,0.1131659087777923,12.926079750061035,13.436639785766602,passed,0,0.0,3.0517578125e-05,1.9073486328125e-06,7.373142580036074e-05,0.0001184163047582,7.373142580036074e-05,0.0001184163047582,138639,0,full_state,passed,,12.93067216873169,,,,,,,,,,,3.1160798426556053
persistent_spike_block,flybrain,NVIDIA GeForce RTX 5090,2.11.0+cu128,12.8,default,0.0003816247733734,,,,,,8b923c1ae3c4dafd,2,138639,256,1,15091983,108.85813515677408,flybrain,2,9783,163.19999046318512,1.499198844699568,0.4816346156348125,288.0,599.6199999999953,0.01,0.0106626122970448,1478.25390625,1860.75,2046,369538.671875,420596.0,474036,0.8214968421125974,0.8214968421125972,0.1228147559244893,1.3840653431386798,sampled_16_timesteps_max_2048_sources,converged,1.0009765625,0.01,0.0106626115739345,0.0006626115739345,True,12,SpMV,CUSPARSE_SPMV_ALG_DEFAULT,,,torch_cuda_event,gpu_execution,full_rsnn,device_native,independent_inference,full_fusion,"(256, 1, 138639)","(256, 1, 138639)",138639,138639,1,1,BN,event_csr,event_csr,dense_to_events_precomputed,False,True,True,0,torch.int32,torch.float32,torch.float32,windowed_events,,,False,False,False,False,False,False,1.0,3685120,123820228,123820228,0,0,False,unknown,unknown,unknown,unknown,unknown,,5.36220789;5.3129282;5.31356812;5.31091213;5.3216958;5.30880022;5.3115201;5.30895996;5.31772804;5.30880022;5.31356812;5.31507206;5.32982397;5.30883217;5.31459188;5.31094408;5.31267214;5.30384016;5.31459188;5.30633593,20,5.315369653701782,0.0123720952530327,5.303840160369873,5.362207889556885,passed_causal_masked_state,4,1.127027748324786e-07,0.00091552734375,4.673004150390625e-05,0.0016842522891238,0.0020340310875326,0.0016842522891238,0.0020340310875326,138338,301,causal_masked_state,passed_causal_masked_state,,5.312800168991089,,,,,,,7.584137482179078,,,,7.584137482179078
cusparse_direct_cudagraph,flybrain,NVIDIA GeForce RTX 5090,2.11.0+cu128,12.8,default,0.0003816247733734,,,,,,265619cb2dd93c62,2,138639,256,1,15091983,108.85813515677408,flybrain,2,9783,163.19999046318512,1.499198844699568,0.4816346156348125,288.0,599.6199999999953,0.02,0.0202666919571693,2809.75390625,3469.5,4059,579156.29296875,630619.0,741686,0.768824849804412,0.7688248498044119,0.0998689819258102,1.444610501642576,sampled_16_timesteps_max_2048_sources,converged,2.05078125,0.02,0.0202666912227869,0.0002666912227869,True,12,SpMV,CUSPARSE_SPMV_ALG_DEFAULT,,,torch_cuda_event,gpu_execution,full_rsnn,device_native,independent_inference,sparse_only,"(256, 1, 138639)","(256, 1, 138639)",138639,138639,1,1,BN,csr_post_by_pre,csr_post_by_pre,none,False,False,True,0,torch.int32,torch.float32,torch.float32,dense,,,False,False,False,False,False,True,1.0,58960,406886764,406886764,0,0,False,unknown,unknown,unknown,unknown,unknown,,40.3678093;40.2911987;40.2623024;40.2541122;40.284832;40.3001938;40.3032646;40.2909431;40.284832;40.2868805;40.3104324;40.3012161;40.3073616;40.3052788;40.304287;40.2991676;40.2725449;40.284832;40.2868805;40.3206711,20,40.295952033996585,0.0233895270525774,40.25411224365234,40.3678092956543,passed_causal_masked_state,4714,0.00013282022014,0.9994120001792908,0.1548488885164261,4.993575572967529,29.78863906860352,4.168286523054121e-06,1.0350248885515612e-05,72804,65835,causal_masked_state,passed_causal_masked_state,,40.295183181762695,,,,,,,1.0,,,,1.0
tilespmspv_cudagraph,flybrain,NVIDIA GeForce RTX 5090,2.11.0+cu128,12.8,default,0.0003816247733734,,,,,,265619cb2dd93c62,2,138639,256,1,15091983,108.85813515677408,flybrain,2,9783,163.19999046318512,1.499198844699568,0.4816346156348125,288.0,599.6199999999953,0.02,0.0202666919571693,2809.75390625,3469.5,4059,579156.29296875,630619.0,741686,0.768824849804412,0.7688248498044119,0.0998689819258102,1.444610501642576,sampled_16_timesteps_max_2048_sources,converged,2.05078125,0.02,0.0202666912227869,0.0002666912227869,True,12,SpMV,CUSPARSE_SPMV_ALG_DEFAULT,,,torch_cuda_event_cudagraph_replay,gpu_execution,full_rsnn,device_adapted,independent_inference,sparse_only,"(256, 1, 138639)","(256, 1, 138639)",138639,138639,1,1,BN,spmspv_csc_dense_device,spmspv_csc_dense_device,none,False,False,True,0,torch.int64,torch.float32,torch.float32,dense_device,,,False,False,False,False,False,True,1.0,554556,325842920,325842920,0,0,False,unknown,unknown,unknown,unknown,unknown,,7.38051224;7.35833597;7.36940813;7.36422396;7.37145615;7.36015987;7.36736012;7.37232018;7.37555218;7.36831999;7.37504005;7.3704319;7.36323214;7.37241602;7.3714242;7.37244797;7.36732817;7.37244797;7.3652482;7.37852812,20,7.369809675216675,0.0057040395573006,7.358335971832275,7.380512237548828,passed_causal_masked_state,4714,0.00013282022014,0.9994120001792908,0.1548488885164261,4.993575096130371,29.78863906860352,9.190337550535332e-06,2.0003559257020243e-05,72804,65835,causal_masked_state,passed_causal_masked_state,,7.370928049087524,,,,,,,,,,,5.466772014787336
globalatomic_cudagraph,flybrain,NVIDIA GeForce RTX 5090,2.11.0+cu128,12.8,default,0.0003816247733734,,,,,,265619cb2dd93c62,2,138639,256,1,15091983,108.85813515677408,flybrain,2,9783,163.19999046318512,1.499198844699568,0.4816346156348125,288.0,599.6199999999953,0.02,0.0202666919571693,2809.75390625,3469.5,4059,579156.29296875,630619.0,741686,0.768824849804412,0.7688248498044119,0.0998689819258102,1.444610501642576,sampled_16_timesteps_max_2048_sources,converged,2.05078125,0.02,0.0202666912227869,0.0002666912227869,True,12,SpMV,CUSPARSE_SPMV_ALG_DEFAULT,,,torch_cuda_event_cudagraph_replay,gpu_execution,full_rsnn,device_adapted,independent_inference,sparse_only,"(256, 1, 138639)","(256, 1, 138639)",138639,138639,1,1,BN,spmspv_csc_dense_device,spmspv_csc_dense_device,none,False,False,True,0,torch.int64,torch.float32,torch.float32,dense_device,,,False,False,False,False,False,True,1.0,554556,325842920,325842920,0,0,False,unknown,unknown,unknown,unknown,unknown,,11.0489283;11.031456;11.0352316;11.0362883;11.035264;11.0413761;11.0332479;11.0404158;11.0434237;11.0434875;11.0471678;11.0465603;11.0434875;11.0434875;11.0496321;11.0506563;11.0495996;11.045536;11.0475836;11.0527039,20,11.043276691436768,0.0062206752437666,11.031455993652344,11.052703857421877,passed_causal_masked_state,4714,0.00013282022014,0.9994120001792908,0.1548488736152649,4.993575096130371,29.78863525390625,7.725171599304304e-06,2.0003559257020243e-05,72804,65835,causal_masked_state,passed_causal_masked_state,,11.043487548828123,,,,,,,,,,,3.648773361096296
vdha_cudagraph,flybrain,NVIDIA GeForce RTX 5090,2.11.0+cu128,12.8,default,0.0003816247733734,,,,,,265619cb2dd93c62,2,138639,256,1,15091983,108.85813515677408,flybrain,2,9783,163.19999046318512,1.499198844699568,0.4816346156348125,288.0,599.6199999999953,0.02,0.0202666919571693,2809.75390625,3469.5,4059,579156.29296875,630619.0,741686,0.768824849804412,0.7688248498044119,0.0998689819258102,1.444610501642576,sampled_16_timesteps_max_2048_sources,converged,2.05078125,0.02,0.0202666912227869,0.0002666912227869,True,12,SpMV,CUSPARSE_SPMV_ALG_DEFAULT,,,torch_cuda_event_cudagraph_replay,gpu_execution,full_rsnn,device_adapted,independent_inference,sparse_only,"(256, 1, 138639)","(256, 1, 138639)",138639,138639,1,1,BN,spmspv_csc_dense_device,spmspv_csc_dense_device,none,False,False,True,0,torch.int64,torch.float32,torch.float32,dense_device,,,False,False,False,False,False,True,1.0,554556,325842920,325842920,0,0,False,unknown,unknown,unknown,unknown,unknown,,13.3015041;13.2832956;13.2290878;13.2261763;13.2825918;13.28304;13.2861443;13.2296638;13.2808962;13.2281599;13.2784958;13.2846403;13.2283201;13.2273283;13.2256317;13.29424;13.2911358;13.2870722;13.2880964;13.2829762,20,13.265924835205078,0.0291563821619834,13.225631713867188,13.301504135131836,passed_causal_masked_state,4714,0.00013282022014,0.9994120001792908,0.1548488736152649,4.993574619293213,29.78863525390625,7.107670171535574e-06,2.0003559257020243e-05,72804,65835,causal_masked_state,passed_causal_masked_state,,13.28278398513794,,,,,,,,,,,3.0336398775173063
persistent_spike_block,flybrain,NVIDIA GeForce RTX 5090,2.11.0+cu128,12.8,default,0.0003816247733734,,,,,,265619cb2dd93c62,2,138639,256,1,15091983,108.85813515677408,flybrain,2,9783,163.19999046318512,1.499198844699568,0.4816346156348125,288.0,599.6199999999953,0.02,0.0202666919571693,2809.75390625,3469.5,4059,579156.29296875,630619.0,741686,0.768824849804412,0.7688248498044119,0.0998689819258102,1.444610501642576,sampled_16_timesteps_max_2048_sources,converged,2.05078125,0.02,0.0202666912227869,0.0002666912227869,True,12,SpMV,CUSPARSE_SPMV_ALG_DEFAULT,,,torch_cuda_event,gpu_execution,full_rsnn,device_native,independent_inference,full_fusion,"(256, 1, 138639)","(256, 1, 138639)",138639,138639,1,1,BN,event_csr,event_csr,dense_to_events_precomputed,False,True,True,0,torch.int32,torch.float32,torch.float32,windowed_events,,,False,False,False,False,False,False,1.0,3685120,123820228,123820228,0,0,False,unknown,unknown,unknown,unknown,unknown,,5.88947201;6.02559996;5.84496021;6.02361584;5.85321617;6.02153587;5.83279991;6.01846409;5.84284782;6.01737595;5.85116816;6.01843214;5.8368001;6.02364779;5.84099197;6.02156782;5.84499216;6.00819206;5.85110378;6.02211189,20,5.934444785118103,0.0885581261971998,5.832799911499023,6.025599956512451,passed_causal_masked_state,6,1.690541622487179e-07,0.0390757322311401,0.0018050670623779,0.1937723308801651,0.1649036705493927,0.0017603220185264,0.0020838610362261,138339,300,causal_masked_state,passed_causal_masked_state,,5.948832035064697,,,,,,,6.773629335010206,,,,6.773629335010206
cusparse_direct_cudagraph,flybrain,NVIDIA GeForce RTX 5090,2.11.0+cu128,12.8,default,0.0003816247733734,,,,,,dcf44e73cdaf4e28,2,138639,256,1,15091983,108.85813515677408,flybrain,2,9783,163.19999046318512,1.499198844699568,0.4816346156348125,288.0,599.6199999999953,0.05,0.0500742373177821,6942.2421875,10862.25,12111,1143905.69140625,1517272.5,1885068,0.7146364765516596,0.7146364765516596,0.181175415659981,1.7445372363710845,sampled_16_timesteps_max_2048_sources,converged,5.4931640625,0.05,0.0500742346048355,7.423460483550748e-05,True,12,SpMV,CUSPARSE_SPMV_ALG_DEFAULT,,,torch_cuda_event,gpu_execution,full_rsnn,device_native,independent_inference,sparse_only,"(256, 1, 138639)","(256, 1, 138639)",138639,138639,1,1,BN,csr_post_by_pre,csr_post_by_pre,none,False,False,True,0,torch.int32,torch.float32,torch.float32,dense,,,False,False,False,False,False,True,1.0,58960,406886764,406886764,0,0,False,unknown,unknown,unknown,unknown,unknown,,40.3055687;40.3015366;40.2971191;40.2991676;40.2694702;40.2684479;40.2684479;40.2827835;40.2684479;40.2827835;40.2735672;40.2888947;40.2704964;40.284832;40.2971191;40.3001938;40.2868462;40.2868805;40.3012161;40.2838097,20,40.285881423950194,0.0127873587072876,40.26844787597656,40.30556869506836,passed,0,0.0,3.0517578125e-05,1.9073486328125e-06,5.708782555302605e-05,8.40661596157588e-05,5.708782555302605e-05,8.40661596157588e-05,138639,0,full_state,passed,,40.28583908081055,,,,,,,1.0,,,,1.0
tilespmspv_cudagraph,flybrain,NVIDIA GeForce RTX 5090,2.11.0+cu128,12.8,default,0.0003816247733734,,,,,,dcf44e73cdaf4e28,2,138639,256,1,15091983,108.85813515677408,flybrain,2,9783,163.19999046318512,1.499198844699568,0.4816346156348125,288.0,599.6199999999953,0.05,0.0500742373177821,6942.2421875,10862.25,12111,1143905.69140625,1517272.5,1885068,0.7146364765516596,0.7146364765516596,0.181175415659981,1.7445372363710845,sampled_16_timesteps_max_2048_sources,converged,5.4931640625,0.05,0.0500742346048355,7.423460483550748e-05,True,12,SpMV,CUSPARSE_SPMV_ALG_DEFAULT,,,torch_cuda_event_cudagraph_replay,gpu_execution,full_rsnn,device_adapted,independent_inference,sparse_only,"(256, 1, 138639)","(256, 1, 138639)",138639,138639,1,1,BN,spmspv_csc_dense_device,spmspv_csc_dense_device,none,False,False,True,0,torch.int64,torch.float32,torch.float32,dense_device,,,False,False,False,False,False,True,1.0,554556,325842920,325842920,0,0,False,unknown,unknown,unknown,unknown,unknown,,8.63859177;8.59939194;8.60931206;8.63199997;8.61551952;8.62780762;8.62169647;8.61551952;8.63619232;8.62054443;8.62335968;8.62985611;8.61558437;8.61964798;8.60943985;8.62172794;8.62377644;8.6196804;8.6207037;8.61763191,20,8.620899200439453,0.0092960131110648,8.59939193725586,8.638591766357422,passed,0,0.0,9.1552734375e-05,3.814697265625e-06,0.0001558860531076,0.0001982569665415,0.0001558860531076,0.0001982569665415,138639,0,full_state,passed,,8.62062406539917,,,,,,,,,,,4.6731928889588055
globalatomic_cudagraph,flybrain,NVIDIA GeForce RTX 5090,2.11.0+cu128,12.8,default,0.0003816247733734,,,,,,dcf44e73cdaf4e28,2,138639,256,1,15091983,108.85813515677408,flybrain,2,9783,163.19999046318512,1.499198844699568,0.4816346156348125,288.0,599.6199999999953,0.05,0.0500742373177821,6942.2421875,10862.25,12111,1143905.69140625,1517272.5,1885068,0.7146364765516596,0.7146364765516596,0.181175415659981,1.7445372363710845,sampled_16_timesteps_max_2048_sources,converged,5.4931640625,0.05,0.0500742346048355,7.423460483550748e-05,True,12,SpMV,CUSPARSE_SPMV_ALG_DEFAULT,,,torch_cuda_event_cudagraph_replay,gpu_execution,full_rsnn,device_adapted,independent_inference,sparse_only,"(256, 1, 138639)","(256, 1, 138639)",138639,138639,1,1,BN,spmspv_csc_dense_device,spmspv_csc_dense_device,none,False,False,True,0,torch.int64,torch.float32,torch.float32,dense_device,,,False,False,False,False,False,True,1.0,554556,325842920,325842920,0,0,False,unknown,unknown,unknown,unknown,unknown,,11.2027197;11.1873283;11.1888638;11.1893759;11.1864004;11.1883841;11.1894083;11.1971197;11.2037125;11.2007685;11.2007685;11.20016;11.2011843;11.2011843;11.20016;11.2011843;11.1991358;11.2022076;11.1991358;11.1991358,20,11.196916866302493,0.0059887463877359,11.186400413513184,11.203712463378906,passed,0,0.0,0.0001220703125,5.7220458984375e-06,0.000176560570253,0.0001932338636834,0.000176560570253,0.0001932338636834,138639,0,full_state,passed,,11.199647903442385,,,,,,,,,,,3.5970629994919823
vdha_cudagraph,flybrain,NVIDIA GeForce RTX 5090,2.11.0+cu128,12.8,default,0.0003816247733734,,,,,,dcf44e73cdaf4e28,2,138639,256,1,15091983,108.85813515677408,flybrain,2,9783,163.19999046318512,1.499198844699568,0.4816346156348125,288.0,599.6199999999953,0.05,0.0500742373177821,6942.2421875,10862.25,12111,1143905.69140625,1517272.5,1885068,0.7146364765516596,0.7146364765516596,0.181175415659981,1.7445372363710845,sampled_16_timesteps_max_2048_sources,converged,5.4931640625,0.05,0.0500742346048355,7.423460483550748e-05,True,12,SpMV,CUSPARSE_SPMV_ALG_DEFAULT,,,torch_cuda_event_cudagraph_replay,gpu_execution,full_rsnn,device_adapted,independent_inference,sparse_only,"(256, 1, 138639)","(256, 1, 138639)",138639,138639,1,1,BN,spmspv_csc_dense_device,spmspv_csc_dense_device,none,False,False,True,0,torch.int64,torch.float32,torch.float32,dense_device,,,False,False,False,False,False,True,1.0,554556,325842920,325842920,0,0,False,unknown,unknown,unknown,unknown,unknown,,15.681632;15.6597443;15.6688957;15.6652164;15.6403522;15.6611204;15.6648636;15.6659517;15.6579838;15.6592636;15.6601601;15.6715202;15.6664324;15.6674881;15.6576319;15.6627522;15.6576319;15.6566076;15.6596804;15.6607037,20,15.662281608581544,0.0078883653627432,15.640352249145508,15.681632041931152,passed_causal_masked_state,14675,0.0004134783051666,0.9997133016586304,0.5626819133758545,4.997110843658447,58.00766372680664,9.481000233790836e-06,2.0413988750078715e-05,30577,108062,causal_masked_state,passed_causal_masked_state,,15.660912036895752,,,,,,,,,,,2.572381415967384
persistent_spike_block,flybrain,NVIDIA GeForce RTX 5090,2.11.0+cu128,12.8,default,0.0003816247733734,,,,,,dcf44e73cdaf4e28,2,138639,256,1,15091983,108.85813515677408,flybrain,2,9783,163.19999046318512,1.499198844699568,0.4816346156348125,288.0,599.6199999999953,0.05,0.0500742373177821,6942.2421875,10862.25,12111,1143905.69140625,1517272.5,1885068,0.7146364765516596,0.7146364765516596,0.181175415659981,1.7445372363710845,sampled_16_timesteps_max_2048_sources,converged,5.4931640625,0.05,0.0500742346048355,7.423460483550748e-05,True,12,SpMV,CUSPARSE_SPMV_ALG_DEFAULT,,,torch_cuda_event,gpu_execution,full_rsnn,device_native,independent_inference,full_fusion,"(256, 1, 138639)","(256, 1, 138639)",138639,138639,1,1,BN,event_csr,event_csr,dense_to_events_precomputed,False,True,True,0,torch.int32,torch.float32,torch.float32,windowed_events,,,False,False,False,False,False,False,1.0,3685120,123820228,123820228,0,0,False,unknown,unknown,unknown,unknown,unknown,,7.65932798;7.66092777;7.61855984;7.66512012;7.61961603;7.65174389;7.61958408;7.659904;7.606112;7.67327976;7.61139202;7.65382385;7.61139202;7.67740822;7.62265587;7.6711998;7.61036777;7.65686417;7.61958408;7.66668797,20,7.641777563095093,0.0253963022261158,7.606112003326416,7.677408218383789,passed_causal_masked_state,4591,0.0001293546098139,0.99969220161438,0.4859540462493896,4.998455047607422,50.0976791381836,7.96914246166125e-05,0.0001486280816607,68985,69654,causal_masked_state,passed_causal_masked_state,,7.652783870697021,,,,,,,5.264207086138613,,,,5.264207086138613
cusparse_direct_cudagraph,flybrain,NVIDIA GeForce RTX 5090,2.11.0+cu128,12.8,default,0.0003816247733734,,,,,,26945f6dc9ce8b0d,2,138639,256,1,15091983,108.85813515677408,flybrain,2,9783,163.19999046318512,1.499198844699568,0.4816346156348125,288.0,599.6199999999953,0.1,0.100058819578185,13872.0546875,21961.75,25522,2028770.9609375,3037191.0,3544032,0.6815099114485358,0.6815099114485358,0.2114165884886979,1.8398139695194309,sampled_16_timesteps_max_2048_sources,converged,12.4267578125,0.1,0.1000588163733482,5.881637334823053e-05,True,12,SpMV,CUSPARSE_SPMV_ALG_DEFAULT,,,torch_cuda_event,gpu_execution,full_rsnn,device_native,independent_inference,sparse_only,"(256, 1, 138639)","(256, 1, 138639)",138639,138639,1,1,BN,csr_post_by_pre,csr_post_by_pre,none,False,False,True,0,torch.int32,torch.float32,torch.float32,dense,,,False,False,False,False,False,True,1.0,58960,406886764,406886764,0,0,False,unknown,unknown,unknown,unknown,unknown,,40.4314575;40.309536;40.2950706;40.3012161;40.2981453;40.280735;40.2827835;40.2950706;40.2930222;40.2919998;40.2971191;40.2745934;40.2561607;40.2971191;40.2981453;40.2909775;40.3196487;40.3032646;40.2950706;40.2940483,20,40.3002592086792,0.033505460809571,40.256160736083984,40.43145751953125,passed,0,0.0,6.103515625e-05,1.9073486328125e-06,6.540719186887145e-05,6.385083543136716e-05,6.540719186887145e-05,6.385083543136716e-05,138639,0,full_state,passed,,40.29507064819336,,,,,,,1.0,,,,1.0
tilespmspv_cudagraph,flybrain,NVIDIA GeForce RTX 5090,2.11.0+cu128,12.8,default,0.0003816247733734,,,,,,26945f6dc9ce8b0d,2,138639,256,1,15091983,108.85813515677408,flybrain,2,9783,163.19999046318512,1.499198844699568,0.4816346156348125,288.0,599.6199999999953,0.1,0.100058819578185,13872.0546875,21961.75,25522,2028770.9609375,3037191.0,3544032,0.6815099114485358,0.6815099114485358,0.2114165884886979,1.8398139695194309,sampled_16_timesteps_max_2048_sources,converged,12.4267578125,0.1,0.1000588163733482,5.881637334823053e-05,True,12,SpMV,CUSPARSE_SPMV_ALG_DEFAULT,,,torch_cuda_event_cudagraph_replay,gpu_execution,full_rsnn,device_adapted,independent_inference,sparse_only,"(256, 1, 138639)","(256, 1, 138639)",138639,138639,1,1,BN,spmspv_csc_dense_device,spmspv_csc_dense_device,none,False,False,True,0,torch.int64,torch.float32,torch.float32,dense_device,,,False,False,False,False,False,True,1.0,554556,325842920,325842920,0,0,False,unknown,unknown,unknown,unknown,unknown,,11.1445761;11.1032639;11.1127043;11.0932159;11.0963516;11.0988798;11.1013117;11.1029119;11.1089602;11.0982723;11.0910721;11.0926399;11.0946884;11.1059523;11.1069756;11.096736;11.104928;11.0854721;11.096736;11.109024,20,11.102233600616454,0.0121343833144781,11.085472106933594,11.144576072692873,passed,0,0.0,0.000244140625,1.1444091796875e-05,0.0003972228441853,0.0004670279740821,0.0003972228441853,0.0004670279740821,138639,0,full_state,passed,,11.100095748901367,,,,,,,,,,,3.630155231064702
globalatomic_cudagraph,flybrain,NVIDIA GeForce RTX 5090,2.11.0+cu128,12.8,default,0.0003816247733734,,,,,,26945f6dc9ce8b0d,2,138639,256,1,15091983,108.85813515677408,flybrain,2,9783,163.19999046318512,1.499198844699568,0.4816346156348125,288.0,599.6199999999953,0.1,0.100058819578185,13872.0546875,21961.75,25522,2028770.9609375,3037191.0,3544032,0.6815099114485358,0.6815099114485358,0.2114165884886979,1.8398139695194309,sampled_16_timesteps_max_2048_sources,converged,12.4267578125,0.1,0.1000588163733482,5.881637334823053e-05,True,12,SpMV,CUSPARSE_SPMV_ALG_DEFAULT,,,torch_cuda_event_cudagraph_replay,gpu_execution,full_rsnn,device_adapted,independent_inference,sparse_only,"(256, 1, 138639)","(256, 1, 138639)",138639,138639,1,1,BN,spmspv_csc_dense_device,spmspv_csc_dense_device,none,False,False,True,0,torch.int64,torch.float32,torch.float32,dense_device,,,False,False,False,False,False,True,1.0,554556,325842920,325842920,0,0,False,unknown,unknown,unknown,unknown,unknown,,12.2477436;12.2343359;12.2462082;12.2441282;12.2420797;12.2430716;12.2440319;12.2420797;12.2338877;12.2462082;12.2421122;12.2384319;12.2395201;12.2425919;12.2446404;12.2446079;12.2446718;12.2384958;12.2436161;12.2405443,20,12.242150354385377,0.0036955683749638,12.233887672424316,12.247743606567385,passed,0,0.0,0.0001983642578125,9.5367431640625e-06,0.0003512350958772,0.0004178671224508,0.0003512350958772,0.0004178671224508,138639,0,full_state,passed,,12.242831707000732,,,,,,,,,,,3.2913194931162626
vdha_cudagraph,flybrain,NVIDIA GeForce RTX 5090,2.11.0+cu128,12.8,default,0.0003816247733734,,,,,,26945f6dc9ce8b0d,2,138639,256,1,15091983,108.85813515677408,flybrain,2,9783,163.19999046318512,1.499198844699568,0.4816346156348125,288.0,599.6199999999953,0.1,0.100058819578185,13872.0546875,21961.75,25522,2028770.9609375,3037191.0,3544032,0.6815099114485358,0.6815099114485358,0.2114165884886979,1.8398139695194309,sampled_16_timesteps_max_2048_sources,converged,12.4267578125,0.1,0.1000588163733482,5.881637334823053e-05,True,12,SpMV,CUSPARSE_SPMV_ALG_DEFAULT,,,torch_cuda_event_cudagraph_replay,gpu_execution,full_rsnn,device_adapted,independent_inference,sparse_only,"(256, 1, 138639)","(256, 1, 138639)",138639,138639,1,1,BN,spmspv_csc_dense_device,spmspv_csc_dense_device,none,False,False,True,0,torch.int64,torch.float32,torch.float32,dense_device,,,False,False,False,False,False,True,1.0,554556,325842920,325842920,0,0,False,unknown,unknown,unknown,unknown,unknown,,19.2060165;19.1905289;19.1796474;19.1884804;19.1883831;19.1885433;19.1912956;19.1817284;19.1694088;19.1940479;19.1920967;19.1775684;19.182272;19.1868801;19.1945286;19.1719685;19.1924801;19.2006721;19.1945286;19.1822395,20,19.187665748596192,0.0090244020631654,19.169408798217773,19.206016540527344,passed,0,0.0,0.0001220703125,6.67572021484375e-06,0.0002237081935163,0.000327483023284,0.0002237081935163,0.000327483023284,138639,0,full_state,passed,,19.188511848449707,,,,,,,,,,,2.0999580877580617
persistent_spike_block,flybrain,NVIDIA GeForce RTX 5090,2.11.0+cu128,12.8,default,0.0003816247733734,,,,,,26945f6dc9ce8b0d,2,138639,256,1,15091983,108.85813515677408,flybrain,2,9783,163.19999046318512,1.499198844699568,0.4816346156348125,288.0,599.6199999999953,0.1,0.100058819578185,13872.0546875,21961.75,25522,2028770.9609375,3037191.0,3544032,0.6815099114485358,0.6815099114485358,0.2114165884886979,1.8398139695194309,sampled_16_timesteps_max_2048_sources,converged,12.4267578125,0.1,0.1000588163733482,5.881637334823053e-05,True,12,SpMV,CUSPARSE_SPMV_ALG_DEFAULT,,,torch_cuda_event,gpu_execution,full_rsnn,device_native,independent_inference,full_fusion,"(256, 1, 138639)","(256, 1, 138639)",138639,138639,1,1,BN,event_csr,event_csr,dense_to_events_precomputed,False,True,True,0,torch.int32,torch.float32,torch.float32,windowed_events,,,False,False,False,False,False,False,1.0,3685120,123820228,123820228,0,0,False,unknown,unknown,unknown,unknown,unknown,,10.1544323;9.93260765;10.1288004;9.92460823;10.1205759;9.94303989;10.1268482;9.92460823;10.1084156;9.94396782;10.1052485;9.91846371;10.1176643;9.92764759;10.1134081;9.9143362;10.1135044;9.94099236;10.1027517;9.92150402,20,10.024171257019043,0.0982799471550061,9.914336204528809,10.15443229675293,passed_causal_masked_state,19019,0.0005358735186347,1.2604293823242188,0.3052610158920288,4.998691558837891,44.35792541503906,0.0001155563586507,0.0002144017053069,31797,106842,causal_masked_state,passed_causal_masked_state,,10.023359775543211,,,,,,,4.02011616369518,,,,4.02011616369518
cusparse_direct_cudagraph,flybrain,NVIDIA GeForce RTX 5090,2.11.0+cu128,12.8,default,0.0003816247733734,,,,,,b7d594da268c6ee2,2,138639,256,1,15091983,108.85813515677408,flybrain,2,9783,163.19999046318512,1.499198844699568,0.4816346156348125,288.0,599.6199999999953,0.2,0.2000372539022208,27732.96484375,40774.75,50276,3738344.125,5315096.5,6309964,0.6588563946067547,0.6588563946067548,0.2067930123437132,1.812860625730407,sampled_16_timesteps_max_2048_sources,converged,33.154296875,0.2,0.2000372409820556,3.724098205565296e-05,True,12,SpMV,CUSPARSE_SPMV_ALG_DEFAULT,,,torch_cuda_event,gpu_execution,full_rsnn,device_native,independent_inference,sparse_only,"(256, 1, 138639)","(256, 1, 138639)",138639,138639,1,1,BN,csr_post_by_pre,csr_post_by_pre,none,False,False,True,0,torch.int32,torch.float32,torch.float32,dense,,,False,False,False,False,False,True,1.0,58960,406886764,406886764,0,0,False,unknown,unknown,unknown,unknown,unknown,,40.2913284;40.2831993;40.2745934;40.274559;40.288929;40.2919998;40.2991676;40.2930222;40.2970886;40.2817612;40.2847672;40.2909775;40.2766418;40.284832;40.2879028;40.284832;40.2930222;40.3134727;40.2991982;40.3063354,20,40.28988151550293,0.0100423400897516,40.274559020996094,40.313472747802734,passed_causal_masked_state,2,5.6351387416239296e-08,0.0001220703125,3.814697265625e-06,0.0001469567068852,7.957361231092364e-05,4.1144736314890906e-05,7.957361231092364e-05,138567,72,causal_masked_state,passed_causal_masked_state,,40.28995323181152,,,,,,,1.0,,,,1.0
tilespmspv_cudagraph,flybrain,NVIDIA GeForce RTX 5090,2.11.0+cu128,12.8,default,0.0003816247733734,,,,,,b7d594da268c6ee2,2,138639,256,1,15091983,108.85813515677408,flybrain,2,9783,163.19999046318512,1.499198844699568,0.4816346156348125,288.0,599.6199999999953,0.2,0.2000372539022208,27732.96484375,40774.75,50276,3738344.125,5315096.5,6309964,0.6588563946067547,0.6588563946067548,0.2067930123437132,1.812860625730407,sampled_16_timesteps_max_2048_sources,converged,33.154296875,0.2,0.2000372409820556,3.724098205565296e-05,True,12,SpMV,CUSPARSE_SPMV_ALG_DEFAULT,,,torch_cuda_event_cudagraph_replay,gpu_execution,full_rsnn,device_adapted,independent_inference,sparse_only,"(256, 1, 138639)","(256, 1, 138639)",138639,138639,1,1,BN,spmspv_csc_dense_device,spmspv_csc_dense_device,none,False,False,True,0,torch.int64,torch.float32,torch.float32,dense_device,,,False,False,False,False,False,True,1.0,554556,325842920,325842920,0,0,False,unknown,unknown,unknown,unknown,unknown,,15.8464956;15.8004484;15.8295679;15.8368645;15.8500795;15.8301764;15.8482237;15.8342724;15.8030396;15.8389759;15.8106241;15.8224964;15.8450241;15.8378563;15.8163519;15.8235197;15.8163519;15.800992;15.8143044;15.8071356,20,15.82564001083374,0.0164121823912105,15.800448417663574,15.850079536437988,passed,0,0.0,0.00152587890625,9.1552734375e-05,0.0015094497939571,0.0017616018885746,0.0015094497939571,0.0017616018885746,138639,0,full_state,passed,,15.826543807983398,,,,,,,,,,,2.5457202608877894
globalatomic_cudagraph,flybrain,NVIDIA GeForce RTX 5090,2.11.0+cu128,12.8,default,0.0003816247733734,,,,,,b7d594da268c6ee2,2,138639,256,1,15091983,108.85813515677408,flybrain,2,9783,163.19999046318512,1.499198844699568,0.4816346156348125,288.0,599.6199999999953,0.2,0.2000372539022208,27732.96484375,40774.75,50276,3738344.125,5315096.5,6309964,0.6588563946067547,0.6588563946067548,0.2067930123437132,1.812860625730407,sampled_16_timesteps_max_2048_sources,converged,33.154296875,0.2,0.2000372409820556,3.724098205565296e-05,True,12,SpMV,CUSPARSE_SPMV_ALG_DEFAULT,,,torch_cuda_event_cudagraph_replay,gpu_execution,full_rsnn,device_adapted,independent_inference,sparse_only,"(256, 1, 138639)","(256, 1, 138639)",138639,138639,1,1,BN,spmspv_csc_dense_device,spmspv_csc_dense_device,none,False,False,True,0,torch.int64,torch.float32,torch.float32,dense_device,,,False,False,False,False,False,True,1.0,554556,325842920,325842920,0,0,False,unknown,unknown,unknown,unknown,unknown,,19.2527046;18.8549767;18.8545914;18.8423042;18.8545284;18.8687687;18.9569607;18.9528313;18.9497604;18.9569607;18.9503689;18.9507198;18.9589767;18.9549122;18.9548798;18.9507847;18.9528313;18.9487686;18.9569283;18.9528313,20,18.943819427490237,0.0847939870335058,18.842304229736328,19.252704620361328,passed_causal_masked_state,88,2.4794610463145293e-06,0.7060589790344238,0.0030811056494712,3.499678611755371,0.6121680736541748,0.001362029579468,0.0013129645958542,130150,8489,causal_masked_state,passed_causal_masked_state,,18.951807975769043,,,,,,,,,,,2.125916075306615
vdha_cudagraph,flybrain,NVIDIA GeForce RTX 5090,2.11.0+cu128,12.8,default,0.0003816247733734,,,,,,b7d594da268c6ee2,2,138639,256,1,15091983,108.85813515677408,flybrain,2,9783,163.19999046318512,1.499198844699568,0.4816346156348125,288.0,599.6199999999953,0.2,0.2000372539022208,27732.96484375,40774.75,50276,3738344.125,5315096.5,6309964,0.6588563946067547,0.6588563946067548,0.2067930123437132,1.812860625730407,sampled_16_timesteps_max_2048_sources,converged,33.154296875,0.2,0.2000372409820556,3.724098205565296e-05,True,12,SpMV,CUSPARSE_SPMV_ALG_DEFAULT,,,torch_cuda_event_cudagraph_replay,gpu_execution,full_rsnn,device_adapted,independent_inference,sparse_only,"(256, 1, 138639)","(256, 1, 138639)",138639,138639,1,1,BN,spmspv_csc_dense_device,spmspv_csc_dense_device,none,False,False,True,0,torch.int64,torch.float32,torch.float32,dense_device,,,False,False,False,False,False,True,1.0,554556,325842920,325842920,0,0,False,unknown,unknown,unknown,unknown,unknown,,27.6865273;27.7432632;27.6419525;27.6442242;27.6425285;27.6510391;27.6445446;27.7408638;27.6486397;27.637888;27.6312962;27.6543369;27.6343365;27.6298237;27.7408314;27.6445751;27.6393929;27.64048;27.6261444;27.7449284,20,27.663380813598632,0.0423800986404172,27.626144409179688,27.74492835998535,passed,0,0.0,0.000579833984375,4.38690185546875e-05,0.0005506076849997,0.000844100897666,0.0005506076849997,0.000844100897666,138639,0,full_state,passed,,27.644384384155277,,,,,,,,,,,1.4574371659693828
persistent_spike_block,flybrain,NVIDIA GeForce RTX 5090,2.11.0+cu128,12.8,default,0.0003816247733734,,,,,,b7d594da268c6ee2,2,138639,256,1,15091983,108.85813515677408,flybrain,2,9783,163.19999046318512,1.499198844699568,0.4816346156348125,288.0,599.6199999999953,0.2,0.2000372539022208,27732.96484375,40774.75,50276,3738344.125,5315096.5,6309964,0.6588563946067547,0.6588563946067548,0.2067930123437132,1.812860625730407,sampled_16_timesteps_max_2048_sources,converged,33.154296875,0.2,0.2000372409820556,3.724098205565296e-05,True,12,SpMV,CUSPARSE_SPMV_ALG_DEFAULT,,,torch_cuda_event,gpu_execution,full_rsnn,device_native,independent_inference,full_fusion,"(256, 1, 138639)","(256, 1, 138639)",138639,138639,1,1,BN,event_csr,event_csr,dense_to_events_precomputed,False,True,True,0,torch.int32,torch.float32,torch.float32,windowed_events,,,False,False,False,False,False,False,1.0,3685120,123820228,123820228,0,0,False,unknown,unknown,unknown,unknown,unknown,,15.661664;15.5504637;15.6154242;15.5688963;15.6153603;15.534112;15.6256638;15.5627518;15.6327677;15.5658236;15.6082239;15.5495682;15.6235523;15.5535679;15.5959044;15.5607042;15.6108484;15.5525122;15.6098557;15.5514565,20,15.587456035614014,0.0361928889132623,15.534111976623535,15.661664009094238,passed_causal_masked_state,1960,5.522435966791451e-05,0.9994805455207824,0.1109276264905929,4.997386455535889,21.055944442749023,0.004954689182341,0.0062338942661881,94215,44424,causal_masked_state,passed_causal_masked_state,,15.58240032196045,,,,,,,2.58560635071289,,,,2.58560635071289
cusparse_direct_cudagraph,microns_mm3,NVIDIA GeForce RTX 5090,2.11.0+cu128,12.8,default,0.15,condensed,,,,,5559b144e9cd594f,0,60048,256,1,6965260,115.99487077005062,microns_mm3,0,4531,251.05142100284277,2.1643320893087554,0.6903498928976086,412.0,1353.0,0.005,0.0049813014171995,299.1171875,604.25,607,34866.640625,65849.0,76692,0.2882666238626691,0.4762522633134298,0.7902289829649849,2.0293049860265886,exact,converged,0.78125,0.005,0.0049813017249107,1.869827508926402e-05,True,12,SpMV,CUSPARSE_SPMV_ALG_DEFAULT,,,torch_cuda_event,gpu_execution,full_rsnn,device_native,independent_inference,sparse_only,"(256, 1, 60048)","(256, 1, 60048)",60048,60048,1,1,BN,csr_post_by_pre,csr_post_by_pre,none,False,False,True,0,torch.int32,torch.float32,torch.float32,dense,,,False,False,False,False,False,True,1.0,27216,179661156,179661156,0,0,False,unknown,unknown,unknown,unknown,unknown,,20.7861118;20.7643204;20.7684155;20.7499847;20.7663689;20.7684155;20.7684155;20.7479038;20.7499847;20.7530556;20.7520313;20.7540798;20.7438393;20.7417927;20.7458878;20.7438393;20.7561283;20.7561283;20.7530556;20.7581768,20,20.75639677047729,0.0110550810226273,20.741792678833008,20.78611183166504,passed,0,0.0,2.086162567138672e-07,1.862645149230957e-09,1.040140546137991e-06,3.7190929447206155e-07,1.040140546137991e-06,3.7190929447206155e-07,60048,0,full_state,passed,,20.75356769561768,,,,,,,1.0,,,,1.0
tilespmspv_cudagraph,microns_mm3,NVIDIA GeForce RTX 5090,2.11.0+cu128,12.8,default,0.15,condensed,,,,,5559b144e9cd594f,0,60048,256,1,6965260,115.99487077005062,microns_mm3,0,4531,251.05142100284277,2.1643320893087554,0.6903498928976086,412.0,1353.0,0.005,0.0049813014171995,299.1171875,604.25,607,34866.640625,65849.0,76692,0.2882666238626691,0.4762522633134298,0.7902289829649849,2.0293049860265886,exact,converged,0.78125,0.005,0.0049813017249107,1.869827508926402e-05,True,12,SpMV,CUSPARSE_SPMV_ALG_DEFAULT,,,torch_cuda_event_cudagraph_replay,gpu_execution,full_rsnn,device_adapted,independent_inference,sparse_only,"(256, 1, 60048)","(256, 1, 60048)",60048,60048,1,1,BN,spmspv_csc_dense_device,spmspv_csc_dense_device,none,False,False,True,0,torch.int64,torch.float32,torch.float32,dense_device,,,False,False,False,False,False,True,1.0,240192,146273240,146273240,0,0,False,unknown,unknown,unknown,unknown,unknown,,5.22601604;5.21606398;5.21484804;5.21583986;5.21295977;5.2118082;5.2147522;5.21385622;5.21280003;5.21177578;5.21036816;5.2118082;5.21283197;5.2118082;5.21078396;5.20976019;5.21487999;5.21385622;5.21078396;5.21590424,20,5.213675260543823,0.0034848968839741,5.2097601890563965,5.226016044616699,passed,0,0.0,1.1920928955078125e-07,1.862645149230957e-09,5.929127837589476e-07,3.714709180258069e-07,5.929127837589476e-07,3.714709180258069e-07,60048,0,full_state,passed,,5.21289587020874,,,,,,,,,,,3.9811974404136015
globalatomic_cudagraph,microns_mm3,NVIDIA GeForce RTX 5090,2.11.0+cu128,12.8,default,0.15,condensed,,,,,5559b144e9cd594f,0,60048,256,1,6965260,115.99487077005062,microns_mm3,0,4531,251.05142100284277,2.1643320893087554,0.6903498928976086,412.0,1353.0,0.005,0.0049813014171995,299.1171875,604.25,607,34866.640625,65849.0,76692,0.2882666238626691,0.4762522633134298,0.7902289829649849,2.0293049860265886,exact,converged,0.78125,0.005,0.0049813017249107,1.869827508926402e-05,True,12,SpMV,CUSPARSE_SPMV_ALG_DEFAULT,,,torch_cuda_event_cudagraph_replay,gpu_execution,full_rsnn,device_adapted,independent_inference,sparse_only,"(256, 1, 60048)","(256, 1, 60048)",60048,60048,1,1,BN,spmspv_csc_dense_device,spmspv_csc_dense_device,none,False,False,True,0,torch.int64,torch.float32,torch.float32,dense_device,,,False,False,False,False,False,True,1.0,240192,146273240,146273240,0,0,False,unknown,unknown,unknown,unknown,unknown,,7.26339197;7.25641584;7.25519991;7.26105595;7.26329613;7.261024;7.26534414;7.25632;7.25942421;7.25881577;7.25929594;7.24854422;7.25468779;7.24956799;7.25263977;7.25366402;7.2567358;7.251616;7.25059223;7.251616,20,7.256462383270263,0.0049032802837981,7.248544216156006,7.265344142913818,passed,0,0.0,1.1920928955078125e-07,1.862645149230957e-09,5.929127837589476e-07,3.714709180258069e-07,5.929127837589476e-07,3.714709180258069e-07,60048,0,full_state,passed,,7.256367921829224,,,,,,,,,,,2.860048983071135
vdha_cudagraph,microns_mm3,NVIDIA GeForce RTX 5090,2.11.0+cu128,12.8,default,0.15,condensed,,,,,5559b144e9cd594f,0,60048,256,1,6965260,115.99487077005062,microns_mm3,0,4531,251.05142100284277,2.1643320893087554,0.6903498928976086,412.0,1353.0,0.005,0.0049813014171995,299.1171875,604.25,607,34866.640625,65849.0,76692,0.2882666238626691,0.4762522633134298,0.7902289829649849,2.0293049860265886,exact,converged,0.78125,0.005,0.0049813017249107,1.869827508926402e-05,True,12,SpMV,CUSPARSE_SPMV_ALG_DEFAULT,,,torch_cuda_event_cudagraph_replay,gpu_execution,full_rsnn,device_adapted,independent_inference,sparse_only,"(256, 1, 60048)","(256, 1, 60048)",60048,60048,1,1,BN,spmspv_csc_dense_device,spmspv_csc_dense_device,none,False,False,True,0,torch.int64,torch.float32,torch.float32,dense_device,,,False,False,False,False,False,True,1.0,240192,146273240,146273240,0,0,False,unknown,unknown,unknown,unknown,unknown,,11.0772161;11.0600319;11.0618877;11.0608959;11.0639677;11.0619202;11.0577917;11.0629759;11.0640001;11.0639038;11.0598717;11.062912;11.0599041;11.061408;11.0629444;11.0578241;11.0598717;11.0639677;11.0629444;11.0639677,20,11.062510347366333,0.0039946827412912,11.057791709899902,11.077216148376465,passed,0,0.0,1.1920928955078125e-07,1.862645149230957e-09,5.93284255501203e-07,3.715126979386696e-07,5.93284255501203e-07,3.715126979386696e-07,60048,0,full_state,passed,,11.062416076660156,,,,,,,,,,,1.8760429504549396
persistent_spike_block,microns_mm3,NVIDIA GeForce RTX 5090,2.11.0+cu128,12.8,default,0.15,condensed,,,,,5559b144e9cd594f,0,60048,256,1,6965260,115.99487077005062,microns_mm3,0,4531,251.05142100284277,2.1643320893087554,0.6903498928976086,412.0,1353.0,0.005,0.0049813014171995,299.1171875,604.25,607,34866.640625,65849.0,76692,0.2882666238626691,0.4762522633134298,0.7902289829649849,2.0293049860265886,exact,converged,0.78125,0.005,0.0049813017249107,1.869827508926402e-05,True,12,SpMV,CUSPARSE_SPMV_ALG_DEFAULT,,,torch_cuda_event,gpu_execution,full_rsnn,device_native,independent_inference,full_fusion,"(256, 1, 60048)","(256, 1, 60048)",60048,60048,1,1,BN,event_csr,event_csr,dense_to_events_precomputed,False,True,True,0,torch.int32,torch.float32,torch.float32,windowed_events,,,False,False,False,False,False,False,1.0,1636312,57058580,57058580,0,0,False,unknown,unknown,unknown,unknown,unknown,,3.07062411;3.02732801;3.03011203;3.02531195;3.03408003;3.02937603;3.03008008;3.0274241;3.04022408;3.02735996;3.03308797;3.03455997;3.03311992;3.02630401;3.03715205;3.03068805;3.03292799;3.03043199;3.03715205;3.02591991,20,3.0331632137298583,0.009723591056947,3.0253119468688965,3.0706241130828857,passed,0,0.0,2.086162567138672e-07,2.7939677238464355e-09,1.040140546137991e-06,5.57816747459583e-07,1.040140546137991e-06,5.57816747459583e-07,60048,0,full_state,passed,,3.03056001663208,,,,,,,6.848096583377193,,,,6.848096583377193
cusparse_direct_cudagraph,microns_mm3,NVIDIA GeForce RTX 5090,2.11.0+cu128,12.8,default,0.15,condensed,,,,,139547cc9dc10a4a,0,60048,256,1,6965260,115.99487077005062,microns_mm3,0,4531,251.05142100284277,2.1643320893087554,0.6903498928976086,412.0,1353.0,0.01,0.0099996174935051,600.45703125,607.0,608,66974.28125,76692.0,76692,0.4520755954180889,0.4520755954180889,0.0954930974434565,1.0125620458374809,sampled_16_timesteps_max_2048_sources,converged,1.171875,0.01,0.0099996179342269,3.820657730104621e-07,True,12,SpMV,CUSPARSE_SPMV_ALG_DEFAULT,,,torch_cuda_event,gpu_execution,full_rsnn,device_native,independent_inference,sparse_only,"(256, 1, 60048)","(256, 1, 60048)",60048,60048,1,1,BN,csr_post_by_pre,csr_post_by_pre,none,False,False,True,0,torch.int32,torch.float32,torch.float32,dense,,,False,False,False,False,False,True,1.0,27216,179661156,179661156,0,0,False,unknown,unknown,unknown,unknown,unknown,,20.766016;20.7484474;20.7479362;20.7315521;20.7376957;20.7499847;20.7438393;20.7417927;20.7489605;20.7376957;20.7499847;20.7397442;20.7376328;20.7561283;20.7479362;20.7458878;20.7376957;20.7346249;20.7376633;20.7417927,20,20.74415054321289,0.0081194153475923,20.73155212402344,20.766016006469727,passed,0,0.0,2.980232238769531e-07,3.725290298461914e-09,1.4859098200759036e-06,7.41538144666265e-07,1.4859098200759036e-06,7.41538144666265e-07,60048,0,full_state,passed,,20.74281597137451,,,,,,,1.0,,,,1.0
tilespmspv_cudagraph,microns_mm3,NVIDIA GeForce RTX 5090,2.11.0+cu128,12.8,default,0.15,condensed,,,,,139547cc9dc10a4a,0,60048,256,1,6965260,115.99487077005062,microns_mm3,0,4531,251.05142100284277,2.1643320893087554,0.6903498928976086,412.0,1353.0,0.01,0.0099996174935051,600.45703125,607.0,608,66974.28125,76692.0,76692,0.4520755954180889,0.4520755954180889,0.0954930974434565,1.0125620458374809,sampled_16_timesteps_max_2048_sources,converged,1.171875,0.01,0.0099996179342269,3.820657730104621e-07,True,12,SpMV,CUSPARSE_SPMV_ALG_DEFAULT,,,torch_cuda_event_cudagraph_replay,gpu_execution,full_rsnn,device_adapted,independent_inference,sparse_only,"(256, 1, 60048)","(256, 1, 60048)",60048,60048,1,1,BN,spmspv_csc_dense_device,spmspv_csc_dense_device,none,False,False,True,0,torch.int64,torch.float32,torch.float32,dense_device,,,False,False,False,False,False,True,1.0,240192,146273240,146273240,0,0,False,unknown,unknown,unknown,unknown,unknown,,5.31187201;5.29900789;5.29772806;5.3049922;5.29587221;5.2945919;5.29987192;5.29686403;5.29769611;5.2988162;5.29734421;5.29884815;5.29782391;5.29680014;5.29987192;5.30089617;5.29372787;5.29884815;5.29779196;5.2988162,20,5.298904061317444,0.0038522322058129,5.293727874755859,5.311872005462647,passed,0,0.0,2.2351741790771487e-07,5.587935447692871e-09,1.1154887715747464e-06,1.1074047279180377e-06,1.1154887715747464e-06,1.1074047279180377e-06,60048,0,full_state,passed,,5.298320055007935,,,,,,,,,,,3.9149797966184674
globalatomic_cudagraph,microns_mm3,NVIDIA GeForce RTX 5090,2.11.0+cu128,12.8,default,0.15,condensed,,,,,139547cc9dc10a4a,0,60048,256,1,6965260,115.99487077005062,microns_mm3,0,4531,251.05142100284277,2.1643320893087554,0.6903498928976086,412.0,1353.0,0.01,0.0099996174935051,600.45703125,607.0,608,66974.28125,76692.0,76692,0.4520755954180889,0.4520755954180889,0.0954930974434565,1.0125620458374809,sampled_16_timesteps_max_2048_sources,converged,1.171875,0.01,0.0099996179342269,3.820657730104621e-07,True,12,SpMV,CUSPARSE_SPMV_ALG_DEFAULT,,,torch_cuda_event_cudagraph_replay,gpu_execution,full_rsnn,device_adapted,independent_inference,sparse_only,"(256, 1, 60048)","(256, 1, 60048)",60048,60048,1,1,BN,spmspv_csc_dense_device,spmspv_csc_dense_device,none,False,False,True,0,torch.int64,torch.float32,torch.float32,dense_device,,,False,False,False,False,False,True,1.0,240192,146273240,146273240,0,0,False,unknown,unknown,unknown,unknown,unknown,,7.27772808;7.26870394;7.26991987;7.27523184;7.27404785;7.27110386;7.27206421;7.26899195;7.27004814;7.26905584;7.27356815;7.27311993;7.27209616;7.27721596;7.27107191;7.28028822;7.27721596;7.27209616;7.27107191;7.27209616,20,7.272836804389954,0.0032406925988697,7.268703937530518,7.280288219451904,passed,0,0.0,2.2351741790771487e-07,5.587935447692871e-09,1.1154887715747464e-06,1.1074047279180377e-06,1.1154887715747464e-06,1.1074047279180377e-06,60048,0,full_state,passed,,7.272096157073975,,,,,,,,,,,2.852384721452949
vdha_cudagraph,microns_mm3,NVIDIA GeForce RTX 5090,2.11.0+cu128,12.8,default,0.15,condensed,,,,,139547cc9dc10a4a,0,60048,256,1,6965260,115.99487077005062,microns_mm3,0,4531,251.05142100284277,2.1643320893087554,0.6903498928976086,412.0,1353.0,0.01,0.0099996174935051,600.45703125,607.0,608,66974.28125,76692.0,76692,0.4520755954180889,0.4520755954180889,0.0954930974434565,1.0125620458374809,sampled_16_timesteps_max_2048_sources,converged,1.171875,0.01,0.0099996179342269,3.820657730104621e-07,True,12,SpMV,CUSPARSE_SPMV_ALG_DEFAULT,,,torch_cuda_event_cudagraph_replay,gpu_execution,full_rsnn,device_adapted,independent_inference,sparse_only,"(256, 1, 60048)","(256, 1, 60048)",60048,60048,1,1,BN,spmspv_csc_dense_device,spmspv_csc_dense_device,none,False,False,True,0,torch.int64,torch.float32,torch.float32,dense_device,,,False,False,False,False,False,True,1.0,240192,146273240,146273240,0,0,False,unknown,unknown,unknown,unknown,unknown,,12.1402884;12.1280642;12.1299524;12.134016;12.1350718;12.136096;12.1299524;12.1360636;12.1279364;12.1288958;12.1320639;12.1360636;12.1300478;12.1282244;12.1340485;12.12992;12.136096;12.134016;12.1330242;12.132,20,12.132592058181762,0.0034297298198003,12.127936363220217,12.140288352966309,passed,0,0.0,2.2351741790771487e-07,5.587935447692871e-09,1.1154887715747464e-06,1.1074047279180377e-06,1.1154887715747464e-06,1.1074047279180377e-06,60048,0,full_state,passed,,12.132544040679932,,,,,,,,,,,1.7096839625576206
persistent_spike_block,microns_mm3,NVIDIA GeForce RTX 5090,2.11.0+cu128,12.8,default,0.15,condensed,,,,,139547cc9dc10a4a,0,60048,256,1,6965260,115.99487077005062,microns_mm3,0,4531,251.05142100284277,2.1643320893087554,0.6903498928976086,412.0,1353.0,0.01,0.0099996174935051,600.45703125,607.0,608,66974.28125,76692.0,76692,0.4520755954180889,0.4520755954180889,0.0954930974434565,1.0125620458374809,sampled_16_timesteps_max_2048_sources,converged,1.171875,0.01,0.0099996179342269,3.820657730104621e-07,True,12,SpMV,CUSPARSE_SPMV_ALG_DEFAULT,,,torch_cuda_event,gpu_execution,full_rsnn,device_native,independent_inference,full_fusion,"(256, 1, 60048)","(256, 1, 60048)",60048,60048,1,1,BN,event_csr,event_csr,dense_to_events_precomputed,False,True,True,0,torch.int32,torch.float32,torch.float32,windowed_events,,,False,False,False,False,False,False,1.0,1636312,57058580,57058580,0,0,False,unknown,unknown,unknown,unknown,unknown,,3.45516801;3.4032321;3.40172791;3.3970561;3.4068799;3.39606404;3.40899205;3.39808011;3.40463996;3.4011519;3.40777612;3.39715195;3.40889597;3.40009594;3.40697598;3.40524793;3.40585589;3.40748811;3.40582395;3.40582395,20,3.4062063932418822,0.0122422420606446,3.396064043045044,3.4551680088043213,passed,0,0.0,3.278255462646485e-07,1.1175870895385742e-08,1.6317652580255526e-06,2.2052950043871533e-06,1.6317652580255526e-06,2.2052950043871533e-06,60048,0,full_state,passed,,3.405535936355591,,,,,,,6.090910904781784,,,,6.090910904781784
cusparse_direct_cudagraph,microns_mm3,NVIDIA GeForce RTX 5090,2.11.0+cu128,12.8,default,0.15,condensed,,,,,5ebaee6e1ed6cea1,0,60048,256,1,6965260,115.99487077005062,microns_mm3,0,4531,251.05142100284277,2.1643320893087554,0.6903498928976086,412.0,1353.0,0.02,0.0199994951955102,1200.9296875,1217.0,1221,136725.33984375,151372.0,157129,0.6099127379213486,0.6099127379213487,0.0872239468531429,1.0167123127264683,sampled_16_timesteps_max_2048_sources,converged,2.24609375,0.02,0.0199994966387748,5.033612251285902e-07,True,12,SpMV,CUSPARSE_SPMV_ALG_DEFAULT,,,torch_cuda_event,gpu_execution,full_rsnn,device_native,independent_inference,sparse_only,"(256, 1, 60048)","(256, 1, 60048)",60048,60048,1,1,BN,csr_post_by_pre,csr_post_by_pre,none,False,False,True,0,torch.int32,torch.float32,torch.float32,dense,,,False,False,False,False,False,True,1.0,27216,179661156,179661156,0,0,False,unknown,unknown,unknown,unknown,unknown,,20.7957764;20.748064;20.7417278;20.7479362;20.7397442;20.7458878;20.7499847;20.7499523;20.7510071;20.7581768;20.7458878;20.7561283;20.7417927;20.7295036;20.7438393;20.7376957;20.7479362;20.7428169;20.7458878;20.7417927,20,20.748076915740967,0.0128949613753178,20.7295036315918,20.7957763671875,passed,0,0.0,5.364418029785156e-07,1.1175870895385742e-08,2.6687077934184344e-06,2.1976372863719007e-06,2.6687077934184344e-06,2.1976372863719007e-06,60048,0,full_state,passed,,20.745887756347656,,,,,,,1.0,,,,1.0
tilespmspv_cudagraph,microns_mm3,NVIDIA GeForce RTX 5090,2.11.0+cu128,12.8,default,0.15,condensed,,,,,5ebaee6e1ed6cea1,0,60048,256,1,6965260,115.99487077005062,microns_mm3,0,4531,251.05142100284277,2.1643320893087554,0.6903498928976086,412.0,1353.0,0.02,0.0199994951955102,1200.9296875,1217.0,1221,136725.33984375,151372.0,157129,0.6099127379213486,0.6099127379213487,0.0872239468531429,1.0167123127264683,sampled_16_timesteps_max_2048_sources,converged,2.24609375,0.02,0.0199994966387748,5.033612251285902e-07,True,12,SpMV,CUSPARSE_SPMV_ALG_DEFAULT,,,torch_cuda_event_cudagraph_replay,gpu_execution,full_rsnn,device_adapted,independent_inference,sparse_only,"(256, 1, 60048)","(256, 1, 60048)",60048,60048,1,1,BN,spmspv_csc_dense_device,spmspv_csc_dense_device,none,False,False,True,0,torch.int64,torch.float32,torch.float32,dense_device,,,False,False,False,False,False,True,1.0,240192,146273240,146273240,0,0,False,unknown,unknown,unknown,unknown,unknown,,5.43919992;5.4299202;5.42828798;5.42742395;5.42838383;5.43344021;5.43347216;5.43296003;5.42931223;5.42828798;5.42937613;5.43196821;5.42684793;5.4339838;5.43094397;5.43606377;5.43401623;5.43299198;5.43811178;5.42889595,20,5.431694412231446,0.0035190584370182,5.4268479347229,5.439199924468994,passed,0,0.0,2.384185791015625e-07,1.1175870895385742e-08,1.1885625781360432e-06,2.2072858882893343e-06,1.1885625781360432e-06,2.2072858882893343e-06,60048,0,full_state,passed,,5.431456089019775,,,,,,,,,,,3.8195812350002263
globalatomic_cudagraph,microns_mm3,NVIDIA GeForce RTX 5090,2.11.0+cu128,12.8,default,0.15,condensed,,,,,5ebaee6e1ed6cea1,0,60048,256,1,6965260,115.99487077005062,microns_mm3,0,4531,251.05142100284277,2.1643320893087554,0.6903498928976086,412.0,1353.0,0.02,0.0199994951955102,1200.9296875,1217.0,1221,136725.33984375,151372.0,157129,0.6099127379213486,0.6099127379213487,0.0872239468531429,1.0167123127264683,sampled_16_timesteps_max_2048_sources,converged,2.24609375,0.02,0.0199994966387748,5.033612251285902e-07,True,12,SpMV,CUSPARSE_SPMV_ALG_DEFAULT,,,torch_cuda_event_cudagraph_replay,gpu_execution,full_rsnn,device_adapted,independent_inference,sparse_only,"(256, 1, 60048)","(256, 1, 60048)",60048,60048,1,1,BN,spmspv_csc_dense_device,spmspv_csc_dense_device,none,False,False,True,0,torch.int64,torch.float32,torch.float32,dense_device,,,False,False,False,False,False,True,1.0,240192,146273240,146273240,0,0,False,unknown,unknown,unknown,unknown,unknown,,7.28406382;7.26886415;7.26800013;7.27107191;7.27203178;7.27321577;7.26787186;7.26287985;7.26995182;7.27516794;7.26956797;7.26896;7.26595211;7.26287985;7.26697588;7.27004814;7.27516794;7.26595211;7.27516794;7.27004814,20,7.270191955566406,0.0048514689405335,7.262879848480225,7.284063816070557,passed,0,0.0,2.384185791015625e-07,1.1175870895385742e-08,1.1871040896949123e-06,2.1883627141505717e-06,1.1871040896949123e-06,2.1883627141505717e-06,60048,0,full_state,passed,,7.269759893417358,,,,,,,,,,,2.853723927681944
vdha_cudagraph,microns_mm3,NVIDIA GeForce RTX 5090,2.11.0+cu128,12.8,default,0.15,condensed,,,,,5ebaee6e1ed6cea1,0,60048,256,1,6965260,115.99487077005062,microns_mm3,0,4531,251.05142100284277,2.1643320893087554,0.6903498928976086,412.0,1353.0,0.02,0.0199994951955102,1200.9296875,1217.0,1221,136725.33984375,151372.0,157129,0.6099127379213486,0.6099127379213487,0.0872239468531429,1.0167123127264683,sampled_16_timesteps_max_2048_sources,converged,2.24609375,0.02,0.0199994966387748,5.033612251285902e-07,True,12,SpMV,CUSPARSE_SPMV_ALG_DEFAULT,,,torch_cuda_event_cudagraph_replay,gpu_execution,full_rsnn,device_adapted,independent_inference,sparse_only,"(256, 1, 60048)","(256, 1, 60048)",60048,60048,1,1,BN,spmspv_csc_dense_device,spmspv_csc_dense_device,none,False,False,True,0,torch.int64,torch.float32,torch.float32,dense_device,,,False,False,False,False,False,True,1.0,240192,146273240,146273240,0,0,False,unknown,unknown,unknown,unknown,unknown,,12.6098242;12.5980797;12.5908155;12.5948162;12.5989122;12.6010876;12.5926399;12.5947199;12.5968637;12.5949116;12.5948477;12.5968323;12.5948477;12.5984001;12.5968962;12.5928001;12.5948477;12.5907516;12.5968962;12.5928001,20,12.596129512786865,0.0041843566934246,12.59075164794922,12.609824180603027,passed,0,0.0,4.172325134277344e-07,1.1175870895385742e-08,2.068774847430177e-06,2.2072858882893343e-06,2.068774847430177e-06,2.2072858882893343e-06,60048,0,full_state,passed,,12.594879627227783,,,,,,,,,,,1.6471684025863107
persistent_spike_block,microns_mm3,NVIDIA GeForce RTX 5090,2.11.0+cu128,12.8,default,0.15,condensed,,,,,5ebaee6e1ed6cea1,0,60048,256,1,6965260,115.99487077005062,microns_mm3,0,4531,251.05142100284277,2.1643320893087554,0.6903498928976086,412.0,1353.0,0.02,0.0199994951955102,1200.9296875,1217.0,1221,136725.33984375,151372.0,157129,0.6099127379213486,0.6099127379213487,0.0872239468531429,1.0167123127264683,sampled_16_timesteps_max_2048_sources,converged,2.24609375,0.02,0.0199994966387748,5.033612251285902e-07,True,12,SpMV,CUSPARSE_SPMV_ALG_DEFAULT,,,torch_cuda_event,gpu_execution,full_rsnn,device_native,independent_inference,full_fusion,"(256, 1, 60048)","(256, 1, 60048)",60048,60048,1,1,BN,event_csr,event_csr,dense_to_events_precomputed,False,True,True,0,torch.int32,torch.float32,torch.float32,windowed_events,,,False,False,False,False,False,False,1.0,1636312,57058580,57058580,0,0,False,unknown,unknown,unknown,unknown,unknown,,4.10767984;4.0360322;4.06816006;4.03401613;4.05609608;4.0360322;4.06016016;4.03395224;4.06028795;4.03401613;4.06627178;4.03401613;4.06435204;4.03808022;4.05612803;4.03708792;4.06016016;4.03398418;4.06425619;4.04275179,20,4.051176071166992,0.0188094632541381,4.033952236175537,4.107679843902588,passed,0,0.0,6.556510925292969e-07,2.2351741790771484e-08,3.259579671066604e-06,4.353051735961344e-06,3.259579671066604e-06,4.353051735961344e-06,60048,0,full_state,passed,,4.049423933029175,,,,,,,5.123170134678559,,,,5.123170134678559
cusparse_direct_cudagraph,microns_mm3,NVIDIA GeForce RTX 5090,2.11.0+cu128,12.8,default,0.15,condensed,,,,,e21f7685d7f5b514,0,60048,256,1,6965260,115.99487077005062,microns_mm3,0,4531,251.05142100284277,2.1643320893087554,0.6903498928976086,412.0,1353.0,0.05,0.0499906064731548,3001.8359375,3055.0,3077,365184.3125,387863.0,405554,0.7679152083074497,0.7679152083074496,0.0787610729427442,1.0250393639309276,sampled_16_timesteps_max_2048_sources,converged,5.76171875,0.05,0.0499906092882156,9.390711784365569e-06,True,12,SpMV,CUSPARSE_SPMV_ALG_DEFAULT,,,torch_cuda_event,gpu_execution,full_rsnn,device_native,independent_inference,sparse_only,"(256, 1, 60048)","(256, 1, 60048)",60048,60048,1,1,BN,csr_post_by_pre,csr_post_by_pre,none,False,False,True,0,torch.int32,torch.float32,torch.float32,dense,,,False,False,False,False,False,True,1.0,27216,179661156,179661156,0,0,False,unknown,unknown,unknown,unknown,unknown,,20.77952;20.7479992;20.7602234;20.7643204;20.7684155;20.7499523;20.7622719;20.7520313;20.7540798;20.7530556;20.7520313;20.7499847;20.7499847;20.7417927;20.7479362;20.7499847;20.7417927;20.7561283;20.746912;20.7581768,20,20.754329681396484,0.0091392729461375,20.741792678833008,20.77952003479004,passed,0,0.0,8.940696716308594e-07,2.9802322387695312e-08,4.426605755725177e-06,5.509955826710211e-06,4.426605755725177e-06,5.509955826710211e-06,60048,0,full_state,passed,,20.752031326293945,,,,,,,1.0,,,,1.0
tilespmspv_cudagraph,microns_mm3,NVIDIA GeForce RTX 5090,2.11.0+cu128,12.8,default,0.15,condensed,,,,,e21f7685d7f5b514,0,60048,256,1,6965260,115.99487077005062,microns_mm3,0,4531,251.05142100284277,2.1643320893087554,0.6903498928976086,412.0,1353.0,0.05,0.0499906064731548,3001.8359375,3055.0,3077,365184.3125,387863.0,405554,0.7679152083074497,0.7679152083074496,0.0787610729427442,1.0250393639309276,sampled_16_timesteps_max_2048_sources,converged,5.76171875,0.05,0.0499906092882156,9.390711784365569e-06,True,12,SpMV,CUSPARSE_SPMV_ALG_DEFAULT,,,torch_cuda_event_cudagraph_replay,gpu_execution,full_rsnn,device_adapted,independent_inference,sparse_only,"(256, 1, 60048)","(256, 1, 60048)",60048,60048,1,1,BN,spmspv_csc_dense_device,spmspv_csc_dense_device,none,False,False,True,0,torch.int64,torch.float32,torch.float32,dense_device,,,False,False,False,False,False,True,1.0,240192,146273240,146273240,0,0,False,unknown,unknown,unknown,unknown,unknown,,5.73993587;5.72662401;5.72688007;5.72380781;5.72486401;5.72278404;5.73248005;5.72336006;5.72035217;5.72035217;5.72841597;5.72380781;5.72073603;5.72688007;5.72380781;5.72688007;5.72278404;5.72684813;5.72380781;5.72892809,20,5.7257168054580685,0.0045428437462803,5.7203521728515625,5.739935874938965,passed,0,0.0,9.5367431640625e-07,2.9802322387695312e-08,4.7675043788331095e-06,5.779170351161156e-06,4.7675043788331095e-06,5.779170351161156e-06,60048,0,full_state,passed,,5.7243359088897705,,,,,,,,,,,3.625229486282677
globalatomic_cudagraph,microns_mm3,NVIDIA GeForce RTX 5090,2.11.0+cu128,12.8,default,0.15,condensed,,,,,e21f7685d7f5b514,0,60048,256,1,6965260,115.99487077005062,microns_mm3,0,4531,251.05142100284277,2.1643320893087554,0.6903498928976086,412.0,1353.0,0.05,0.0499906064731548,3001.8359375,3055.0,3077,365184.3125,387863.0,405554,0.7679152083074497,0.7679152083074496,0.0787610729427442,1.0250393639309276,sampled_16_timesteps_max_2048_sources,converged,5.76171875,0.05,0.0499906092882156,9.390711784365569e-06,True,12,SpMV,CUSPARSE_SPMV_ALG_DEFAULT,,,torch_cuda_event_cudagraph_replay,gpu_execution,full_rsnn,device_adapted,independent_inference,sparse_only,"(256, 1, 60048)","(256, 1, 60048)",60048,60048,1,1,BN,spmspv_csc_dense_device,spmspv_csc_dense_device,none,False,False,True,0,torch.int64,torch.float32,torch.float32,dense_device,,,False,False,False,False,False,True,1.0,240192,146273240,146273240,0,0,False,unknown,unknown,unknown,unknown,unknown,,7.24774408;7.23852777;7.2393918;7.24028778;7.24137592;7.2403841;7.24540806;7.2464962;7.24342394;7.24243212;7.23369598;7.24134398;7.2403841;7.24540806;7.24444818;7.24137592;7.23830414;7.23932791;7.24035215;7.24547195,20,7.241779208183289,0.0033749955739307,7.233695983886719,7.247744083404541,passed,0,0.0,9.238719940185548e-07,4.4703483581542975e-08,4.61219178760075e-06,8.514059118169826e-06,4.61219178760075e-06,8.514059118169826e-06,60048,0,full_state,passed,,7.241359949111938,,,,,,,,,,,2.8657643691415893
vdha_cudagraph,microns_mm3,NVIDIA GeForce RTX 5090,2.11.0+cu128,12.8,default,0.15,condensed,,,,,e21f7685d7f5b514,0,60048,256,1,6965260,115.99487077005062,microns_mm3,0,4531,251.05142100284277,2.1643320893087554,0.6903498928976086,412.0,1353.0,0.05,0.0499906064731548,3001.8359375,3055.0,3077,365184.3125,387863.0,405554,0.7679152083074497,0.7679152083074496,0.0787610729427442,1.0250393639309276,sampled_16_timesteps_max_2048_sources,converged,5.76171875,0.05,0.0499906092882156,9.390711784365569e-06,True,12,SpMV,CUSPARSE_SPMV_ALG_DEFAULT,,,torch_cuda_event_cudagraph_replay,gpu_execution,full_rsnn,device_adapted,independent_inference,sparse_only,"(256, 1, 60048)","(256, 1, 60048)",60048,60048,1,1,BN,spmspv_csc_dense_device,spmspv_csc_dense_device,none,False,False,True,0,torch.int64,torch.float32,torch.float32,dense_device,,,False,False,False,False,False,True,1.0,240192,146273240,146273240,0,0,False,unknown,unknown,unknown,unknown,unknown,,13.2768316;13.260704;13.2645435;13.2717123;13.272768;13.2645121;13.2655678;13.2726717;13.2686396;13.2697277;13.2706881;13.2788801;13.2777281;13.2804155;13.2788162;13.2778559;13.2788162;13.2788801;13.2798719;13.2788801,20,13.273425531387328,0.0061450180711881,13.260704040527344,13.280415534973145,passed,0,0.0,9.5367431640625e-07,2.9802322387695312e-08,4.671732312999666e-06,5.77958780922927e-06,4.671732312999666e-06,5.77958780922927e-06,60048,0,full_state,passed,,13.274799823760986,,,,,,,,,,,1.5632651039414716
persistent_spike_block,microns_mm3,NVIDIA GeForce RTX 5090,2.11.0+cu128,12.8,default,0.15,condensed,,,,,e21f7685d7f5b514,0,60048,256,1,6965260,115.99487077005062,microns_mm3,0,4531,251.05142100284277,2.1643320893087554,0.6903498928976086,412.0,1353.0,0.05,0.0499906064731548,3001.8359375,3055.0,3077,365184.3125,387863.0,405554,0.7679152083074497,0.7679152083074496,0.0787610729427442,1.0250393639309276,sampled_16_timesteps_max_2048_sources,converged,5.76171875,0.05,0.0499906092882156,9.390711784365569e-06,True,12,SpMV,CUSPARSE_SPMV_ALG_DEFAULT,,,torch_cuda_event,gpu_execution,full_rsnn,device_native,independent_inference,full_fusion,"(256, 1, 60048)","(256, 1, 60048)",60048,60048,1,1,BN,event_csr,event_csr,dense_to_events_precomputed,False,True,True,0,torch.int32,torch.float32,torch.float32,windowed_events,,,False,False,False,False,False,False,1.0,1636312,57058580,57058580,0,0,False,unknown,unknown,unknown,unknown,unknown,,4.85071993;4.71347189;4.79987192;4.71756792;4.80230379;4.71350384;4.79782391;4.71363211;4.79580784;4.72064018;4.80396795;4.72064018;4.80191994;4.71244812;4.79884815;4.71952009;4.80195189;4.71043205;4.79641581;4.71859217,20,4.760503983497619,0.0470441974857693,4.710432052612305,4.850719928741455,passed,0,0.0,1.7389655113220215e-05,6.407499313354492e-07,8.674614218762144e-05,0.0001217366952914,8.674614218762144e-05,0.0001217366952914,60048,0,full_state,passed,,4.758224010467529,,,,,,,4.361297677587674,,,,4.361297677587674
cusparse_direct_cudagraph,microns_mm3,NVIDIA GeForce RTX 5090,2.11.0+cu128,12.8,default,0.15,condensed,,,,,0d9aa4d336ed5f8d,0,60048,256,1,6965260,115.99487077005062,microns_mm3,0,4531,251.05142100284277,2.1643320893087554,0.6903498928976086,412.0,1353.0,0.1,0.0999664461139421,6002.78515625,6162.0,6182,754905.5703125,797137.25,815637,0.7747728482955547,0.7747728482955546,0.1082330132665509,1.0298552820207807,sampled_16_timesteps_max_2048_sources,converged,12.9150390625,0.1,0.0999664515256881,3.3548474311834164e-05,True,12,SpMV,CUSPARSE_SPMV_ALG_DEFAULT,,,torch_cuda_event,gpu_execution,full_rsnn,device_native,independent_inference,sparse_only,"(256, 1, 60048)","(256, 1, 60048)",60048,60048,1,1,BN,csr_post_by_pre,csr_post_by_pre,none,False,False,True,0,torch.int32,torch.float32,torch.float32,dense,,,False,False,False,False,False,True,1.0,27216,179661156,179661156,0,0,False,unknown,unknown,unknown,unknown,unknown,,20.7864323;20.7688007;20.7561283;20.7520313;20.7520313;20.7602234;20.7458878;20.7397442;20.7417927;20.746912;20.7602234;20.7663689;20.7499847;20.7417927;20.7561283;20.7520313;20.7581444;20.7622719;20.7510071;20.7397442,20,20.75438404083252,0.0113562459792024,20.739744186401367,20.78643226623535,passed,0,0.0,1.9073486328125e-06,8.940696716308595e-08,9.285856322094332e-06,1.5916284610284492e-05,9.285856322094332e-06,1.5916284610284492e-05,60048,0,full_state,passed,,20.752031326293945,,,,,,,1.0,,,,1.0
tilespmspv_cudagraph,microns_mm3,NVIDIA GeForce RTX 5090,2.11.0+cu128,12.8,default,0.15,condensed,,,,,0d9aa4d336ed5f8d,0,60048,256,1,6965260,115.99487077005062,microns_mm3,0,4531,251.05142100284277,2.1643320893087554,0.6903498928976086,412.0,1353.0,0.1,0.0999664461139421,6002.78515625,6162.0,6182,754905.5703125,797137.25,815637,0.7747728482955547,0.7747728482955546,0.1082330132665509,1.0298552820207807,sampled_16_timesteps_max_2048_sources,converged,12.9150390625,0.1,0.0999664515256881,3.3548474311834164e-05,True,12,SpMV,CUSPARSE_SPMV_ALG_DEFAULT,,,torch_cuda_event_cudagraph_replay,gpu_execution,full_rsnn,device_adapted,independent_inference,sparse_only,"(256, 1, 60048)","(256, 1, 60048)",60048,60048,1,1,BN,spmspv_csc_dense_device,spmspv_csc_dense_device,none,False,False,True,0,torch.int64,torch.float32,torch.float32,dense_device,,,False,False,False,False,False,True,1.0,240192,146273240,146273240,0,0,False,unknown,unknown,unknown,unknown,unknown,,6.81244802;6.75897598;6.76918411;6.76726389;6.75808001;6.76732779;6.76512003;6.76105595;6.76313591;6.77033615;6.7688961;6.76316786;6.76521587;6.75593615;6.77135992;6.76316786;6.76111984;6.76217604;6.76518393;6.75907183,20,6.766411161422729,0.0116392749731557,6.755936145782471,6.812448024749756,passed,0,0.0,1.9073486328125e-06,1.4901161193847656e-07,9.275612683268264e-06,2.4989005396491848e-05,9.275612683268264e-06,2.4989005396491848e-05,60048,0,full_state,passed,,6.764143943786621,,,,,,,,,,,3.067946439158241
globalatomic_cudagraph,microns_mm3,NVIDIA GeForce RTX 5090,2.11.0+cu128,12.8,default,0.15,condensed,,,,,0d9aa4d336ed5f8d,0,60048,256,1,6965260,115.99487077005062,microns_mm3,0,4531,251.05142100284277,2.1643320893087554,0.6903498928976086,412.0,1353.0,0.1,0.0999664461139421,6002.78515625,6162.0,6182,754905.5703125,797137.25,815637,0.7747728482955547,0.7747728482955546,0.1082330132665509,1.0298552820207807,sampled_16_timesteps_max_2048_sources,converged,12.9150390625,0.1,0.0999664515256881,3.3548474311834164e-05,True,12,SpMV,CUSPARSE_SPMV_ALG_DEFAULT,,,torch_cuda_event_cudagraph_replay,gpu_execution,full_rsnn,device_adapted,independent_inference,sparse_only,"(256, 1, 60048)","(256, 1, 60048)",60048,60048,1,1,BN,spmspv_csc_dense_device,spmspv_csc_dense_device,none,False,False,True,0,torch.int64,torch.float32,torch.float32,dense_device,,,False,False,False,False,False,True,1.0,240192,146273240,146273240,0,0,False,unknown,unknown,unknown,unknown,unknown,,7.41126394;7.37235212;7.3714242;7.37251186;7.37132788;7.37859201;7.36934423;7.37052822;7.37343979;7.37440014;7.37302399;7.37244797;7.3714242;7.37039995;7.37347221;7.37039995;7.3714242;7.37449598;7.37347221;7.37244797,20,7.374409651756286,0.008900040370638,7.369344234466553,7.411263942718506,passed,0,0.0,1.9073486328125e-06,1.4901161193847656e-07,9.275612683268264e-06,2.4989005396491848e-05,9.275612683268264e-06,2.4989005396491848e-05,60048,0,full_state,passed,,7.372447967529297,,,,,,,,,,,2.8148087877585257
vdha_cudagraph,microns_mm3,NVIDIA GeForce RTX 5090,2.11.0+cu128,12.8,default,0.15,condensed,,,,,0d9aa4d336ed5f8d,0,60048,256,1,6965260,115.99487077005062,microns_mm3,0,4531,251.05142100284277,2.1643320893087554,0.6903498928976086,412.0,1353.0,0.1,0.0999664461139421,6002.78515625,6162.0,6182,754905.5703125,797137.25,815637,0.7747728482955547,0.7747728482955546,0.1082330132665509,1.0298552820207807,sampled_16_timesteps_max_2048_sources,converged,12.9150390625,0.1,0.0999664515256881,3.3548474311834164e-05,True,12,SpMV,CUSPARSE_SPMV_ALG_DEFAULT,,,torch_cuda_event_cudagraph_replay,gpu_execution,full_rsnn,device_adapted,independent_inference,sparse_only,"(256, 1, 60048)","(256, 1, 60048)",60048,60048,1,1,BN,spmspv_csc_dense_device,spmspv_csc_dense_device,none,False,False,True,0,torch.int64,torch.float32,torch.float32,dense_device,,,False,False,False,False,False,True,1.0,240192,146273240,146273240,0,0,False,unknown,unknown,unknown,unknown,unknown,,15.2057276;15.1827517;15.1927996;15.2007999;15.1999359;15.2071037;15.196928;15.1803522;15.185504;15.1826878;15.1884804;15.1906557;15.1917124;15.1881285;15.1927357;15.1906881;15.201952;15.1865921;15.1865921;15.1865921,20,15.191935968399047,0.0077807292300399,15.180352210998535,15.207103729248049,passed,0,0.0,1.9073486328125e-06,1.4901161193847656e-07,9.181262612401042e-06,2.4989005396491848e-05,9.181262612401042e-06,2.4989005396491848e-05,60048,0,full_state,passed,,15.190671920776367,,,,,,,,,,,1.3661035821536818
persistent_spike_block,microns_mm3,NVIDIA GeForce RTX 5090,2.11.0+cu128,12.8,default,0.15,condensed,,,,,0d9aa4d336ed5f8d,0,60048,256,1,6965260,115.99487077005062,microns_mm3,0,4531,251.05142100284277,2.1643320893087554,0.6903498928976086,412.0,1353.0,0.1,0.0999664461139421,6002.78515625,6162.0,6182,754905.5703125,797137.25,815637,0.7747728482955547,0.7747728482955546,0.1082330132665509,1.0298552820207807,sampled_16_timesteps_max_2048_sources,converged,12.9150390625,0.1,0.0999664515256881,3.3548474311834164e-05,True,12,SpMV,CUSPARSE_SPMV_ALG_DEFAULT,,,torch_cuda_event,gpu_execution,full_rsnn,device_native,independent_inference,full_fusion,"(256, 1, 60048)","(256, 1, 60048)",60048,60048,1,1,BN,event_csr,event_csr,dense_to_events_precomputed,False,True,True,0,torch.int32,torch.float32,torch.float32,windowed_events,,,False,False,False,False,False,False,1.0,1636312,57058580,57058580,0,0,False,unknown,unknown,unknown,unknown,unknown,,5.66844797;5.40303993;5.60236788;5.40915203;5.59718418;5.40812778;5.60323191;5.40809584;5.60540819;5.41936016;5.60844803;5.40095997;5.59926414;5.3999362;5.60953617;5.41145611;5.59820795;5.41270399;5.60640001;5.4036479,20,5.508748817443848,0.1048116432606403,5.399936199188232,5.668447971343994,passed_causal_masked_state,12,7.806254996003197e-07,0.1005252599716186,0.0002617575228214,0.4993255734443664,0.0514080375432968,0.0002666061045601,0.0004306905611883,60032,16,causal_masked_state,passed_causal_masked_state,,5.508272171020508,,,,,,,3.767430272503992,,,,3.767430272503992
cusparse_direct_cudagraph,microns_mm3,NVIDIA GeForce RTX 5090,2.11.0+cu128,12.8,default,0.15,condensed,,,,,485ec4a396214e9e,0,60048,256,1,6965260,115.99487077005062,microns_mm3,0,4531,251.05142100284277,2.1643320893087554,0.6903498928976086,412.0,1353.0,0.2,0.1121261194169664,6732.94921875,6903.0,6930,853096.33984375,898004.25,923583,0.775113484517447,0.7751134845174468,0.1139272303470768,1.0292666370780357,sampled_16_timesteps_max_2048_sources,best_effort,250.0,0.2,0.1121261268854141,0.0878738731145858,True,16,SpMV,CUSPARSE_SPMV_ALG_DEFAULT,,,torch_cuda_event,gpu_execution,full_rsnn,device_native,independent_inference,sparse_only,"(256, 1, 60048)","(256, 1, 60048)",60048,60048,1,1,BN,csr_post_by_pre,csr_post_by_pre,none,False,False,True,0,torch.int32,torch.float32,torch.float32,dense,,,False,False,False,False,False,True,1.0,27216,179661156,179661156,0,0,False,unknown,unknown,unknown,unknown,unknown,,20.7813759;20.7622395;20.7540798;20.7540798;20.7458878;20.7458878;20.7520313;20.7458878;20.7458878;20.7509441;20.7479362;20.7520313;20.7519684;20.7643204;20.7581768;20.7602234;20.7499847;20.7499847;20.746912;20.7458878,20,20.753286361694336,0.0087037627144038,20.745887756347656,20.78137588500977,passed,0,0.0,0.0001220703125,5.960464477539064e-08,0.0001615380315342,1.0590336387394927e-05,0.0001615380315342,1.0590336387394927e-05,60048,0,full_state,passed,,20.751456260681152,,,,,,,1.0,,,,1.0
tilespmspv_cudagraph,microns_mm3,NVIDIA GeForce RTX 5090,2.11.0+cu128,12.8,default,0.15,condensed,,,,,485ec4a396214e9e,0,60048,256,1,6965260,115.99487077005062,microns_mm3,0,4531,251.05142100284277,2.1643320893087554,0.6903498928976086,412.0,1353.0,0.2,0.1121261194169664,6732.94921875,6903.0,6930,853096.33984375,898004.25,923583,0.775113484517447,0.7751134845174468,0.1139272303470768,1.0292666370780357,sampled_16_timesteps_max_2048_sources,best_effort,250.0,0.2,0.1121261268854141,0.0878738731145858,True,16,SpMV,CUSPARSE_SPMV_ALG_DEFAULT,,,torch_cuda_event_cudagraph_replay,gpu_execution,full_rsnn,device_adapted,independent_inference,sparse_only,"(256, 1, 60048)","(256, 1, 60048)",60048,60048,1,1,BN,spmspv_csc_dense_device,spmspv_csc_dense_device,none,False,False,True,0,torch.int64,torch.float32,torch.float32,dense_device,,,False,False,False,False,False,True,1.0,240192,146273240,146273240,0,0,False,unknown,unknown,unknown,unknown,unknown,,7.09308815;7.07209587;7.0730238;7.07814407;7.07033587;7.07292795;7.07190418;7.07196808;7.07705593;7.08636808;7.07097578;7.07651186;7.07651186;7.07337618;7.07446384;7.06627178;7.07139206;7.07849598;7.07958412;7.0683198,20,7.075140762329101,0.0061475027487166,7.066271781921387,7.093088150024414,passed,0,0.0,6.103515625e-05,1.788139343261719e-07,7.767723582219332e-05,2.9068147341604345e-05,7.767723582219332e-05,2.9068147341604345e-05,60048,0,full_state,passed,,7.073199987411499,,,,,,,,,,,2.9338144400856017
globalatomic_cudagraph,microns_mm3,NVIDIA GeForce RTX 5090,2.11.0+cu128,12.8,default,0.15,condensed,,,,,485ec4a396214e9e,0,60048,256,1,6965260,115.99487077005062,microns_mm3,0,4531,251.05142100284277,2.1643320893087554,0.6903498928976086,412.0,1353.0,0.2,0.1121261194169664,6732.94921875,6903.0,6930,853096.33984375,898004.25,923583,0.775113484517447,0.7751134845174468,0.1139272303470768,1.0292666370780357,sampled_16_timesteps_max_2048_sources,best_effort,250.0,0.2,0.1121261268854141,0.0878738731145858,True,16,SpMV,CUSPARSE_SPMV_ALG_DEFAULT,,,torch_cuda_event_cudagraph_replay,gpu_execution,full_rsnn,device_adapted,independent_inference,sparse_only,"(256, 1, 60048)","(256, 1, 60048)",60048,60048,1,1,BN,spmspv_csc_dense_device,spmspv_csc_dense_device,none,False,False,True,0,torch.int64,torch.float32,torch.float32,dense_device,,,False,False,False,False,False,True,1.0,240192,146273240,146273240,0,0,False,unknown,unknown,unknown,unknown,unknown,,7.44975996;7.44006395;7.4369278;7.4400959;7.43894386;7.43596792;7.43699217;7.43590403;7.44316816;7.4378562;7.43849611;7.43798399;7.44003201;7.43696022;7.43798399;7.43286419;7.43593597;7.4349122;7.43798399;7.43900824,20,7.4383920431137085,0.0034703976402119,7.432864189147949,7.44975996017456,passed,0,0.0,9.1552734375e-05,1.788139343261719e-07,9.04311818885617e-05,2.9068147341604345e-05,9.04311818885617e-05,2.9068147341604345e-05,60048,0,full_state,passed,,7.437983989715576,,,,,,,,,,,2.7899302135328576
vdha_cudagraph,microns_mm3,NVIDIA GeForce RTX 5090,2.11.0+cu128,12.8,default,0.15,condensed,,,,,485ec4a396214e9e,0,60048,256,1,6965260,115.99487077005062,microns_mm3,0,4531,251.05142100284277,2.1643320893087554,0.6903498928976086,412.0,1353.0,0.2,0.1121261194169664,6732.94921875,6903.0,6930,853096.33984375,898004.25,923583,0.775113484517447,0.7751134845174468,0.1139272303470768,1.0292666370780357,sampled_16_timesteps_max_2048_sources,best_effort,250.0,0.2,0.1121261268854141,0.0878738731145858,True,16,SpMV,CUSPARSE_SPMV_ALG_DEFAULT,,,torch_cuda_event_cudagraph_replay,gpu_execution,full_rsnn,device_adapted,independent_inference,sparse_only,"(256, 1, 60048)","(256, 1, 60048)",60048,60048,1,1,BN,spmspv_csc_dense_device,spmspv_csc_dense_device,none,False,False,True,0,torch.int64,torch.float32,torch.float32,dense_device,,,False,False,False,False,False,True,1.0,240192,146273240,146273240,0,0,False,unknown,unknown,unknown,unknown,unknown,,15.7930555;15.7731524;15.7702398;15.7733116;15.7722559;15.768672;15.7744961;15.773344;15.7763844;15.777504;15.7826242;15.7773438;15.7723198;15.7829762;15.7723198;15.7753916;15.7764158;15.7774401;15.7743683;15.7794561,20,15.776153564453123,0.0054146212783447,15.768671989440918,15.793055534362791,passed_causal_masked_state,354,2.3028452238209436e-05,0.9994069933891296,0.0124466679990291,4.947575092315674,2.422609567642212,0.0001073288731276,2.9068147341604345e-05,38219,21829,causal_masked_state,passed_causal_masked_state,,15.774943828582764,,,,,,,,,,,1.315469423294009
persistent_spike_block,microns_mm3,NVIDIA GeForce RTX 5090,2.11.0+cu128,12.8,default,0.15,condensed,,,,,485ec4a396214e9e,0,60048,256,1,6965260,115.99487077005062,microns_mm3,0,4531,251.05142100284277,2.1643320893087554,0.6903498928976086,412.0,1353.0,0.2,0.1121261194169664,6732.94921875,6903.0,6930,853096.33984375,898004.25,923583,0.775113484517447,0.7751134845174468,0.1139272303470768,1.0292666370780357,sampled_16_timesteps_max_2048_sources,best_effort,250.0,0.2,0.1121261268854141,0.0878738731145858,True,16,SpMV,CUSPARSE_SPMV_ALG_DEFAULT,,,torch_cuda_event,gpu_execution,full_rsnn,device_native,independent_inference,full_fusion,"(256, 1, 60048)","(256, 1, 60048)",60048,60048,1,1,BN,event_csr,event_csr,dense_to_events_precomputed,False,True,True,0,torch.int32,torch.float32,torch.float32,windowed_events,,,False,False,False,False,False,False,1.0,1636312,57058580,57058580,0,0,False,unknown,unknown,unknown,unknown,unknown,,5.87571192;5.56239986;5.83718395;5.56748819;5.83107185;5.57260799;5.83718395;5.56137609;5.84127998;5.55212784;5.84025621;5.55622387;5.843328;5.56438398;5.8260479;5.55814409;5.82489586;5.57158422;5.83270407;5.56748819,20,5.701174402236939,0.1417891320201031,5.552127838134766,5.875711917877197,passed_causal_masked_state,955,6.212477934319212e-05,0.99853253364563,0.0236258059740066,4.992636680603027,4.4776105880737305,0.0001615380315342,0.0002087806497002,26309,33739,causal_masked_state,passed_causal_masked_state,,5.698751926422119,,,,,,,3.6414036842817374,,,,3.6414036842817374
cusparse_direct_cudagraph,microns_mm3,NVIDIA GeForce RTX 5090,2.11.0+cu128,12.8,default,0.15,condensed,,,,,689aa0aa6b9f2ce7,1,60048,256,1,6965260,115.99487077005062,microns_mm3,1,4531,251.05142100284277,2.1643320893087554,0.6903498928976086,412.0,1353.0,0.005,0.0046672297578603,280.2578125,409.25,964,27345.13671875,43363.75,106385,0.2543090723491275,0.3602760068536039,0.3449138167442871,3.4396900175619547,exact,converged,1.0009765625,0.005,0.004667229950428,0.0003327700495719,True,12,SpMV,CUSPARSE_SPMV_ALG_DEFAULT,,,torch_cuda_event,gpu_execution,full_rsnn,device_native,independent_inference,sparse_only,"(256, 1, 60048)","(256, 1, 60048)",60048,60048,1,1,BN,csr_post_by_pre,csr_post_by_pre,none,False,False,True,0,torch.int32,torch.float32,torch.float32,dense,,,False,False,False,False,False,True,1.0,27216,179661156,179661156,0,0,False,unknown,unknown,unknown,unknown,unknown,,20.7493439;20.7318726;20.7233601;20.7315521;20.7315521;20.7254086;20.7254086;20.7192631;20.7366714;20.7295036;20.7397442;20.7315521;20.7356472;20.7336006;20.7192631;20.7254086;20.7325764;20.7294407;20.7315521;20.7315521,20,20.73071365356445,0.0069166345235567,20.719263076782227,20.749343872070312,passed,0,0.0,1.1920928955078125e-07,3.725290298461914e-09,5.960270073046559e-07,7.405781161651248e-07,5.960270073046559e-07,7.405781161651248e-07,60048,0,full_state,passed,,20.73155212402344,,,,,,,1.0,,,,1.0
tilespmspv_cudagraph,microns_mm3,NVIDIA GeForce RTX 5090,2.11.0+cu128,12.8,default,0.15,condensed,,,,,689aa0aa6b9f2ce7,1,60048,256,1,6965260,115.99487077005062,microns_mm3,1,4531,251.05142100284277,2.1643320893087554,0.6903498928976086,412.0,1353.0,0.005,0.0046672297578603,280.2578125,409.25,964,27345.13671875,43363.75,106385,0.2543090723491275,0.3602760068536039,0.3449138167442871,3.4396900175619547,exact,converged,1.0009765625,0.005,0.004667229950428,0.0003327700495719,True,12,SpMV,CUSPARSE_SPMV_ALG_DEFAULT,,,torch_cuda_event_cudagraph_replay,gpu_execution,full_rsnn,device_adapted,independent_inference,sparse_only,"(256, 1, 60048)","(256, 1, 60048)",60048,60048,1,1,BN,spmspv_csc_dense_device,spmspv_csc_dense_device,none,False,False,True,0,torch.int64,torch.float32,torch.float32,dense_device,,,False,False,False,False,False,True,1.0,240192,146273240,146273240,0,0,False,unknown,unknown,unknown,unknown,unknown,,5.46694422;5.45071983;5.450912;5.44793606;5.44691181;5.45052814;5.44572783;5.4495039;5.45190382;5.444736;5.45206404;5.44835186;5.45142412;5.44425583;5.45142412;5.44630384;5.45244789;5.44729614;5.44835186;5.44937611,20,5.449855971336365,0.0047353517294516,5.444255828857422,5.466944217681885,passed,0,0.0,1.1920928955078125e-07,1.862645149230957e-09,5.955294000159483e-07,3.711513727466809e-07,5.955294000159483e-07,3.711513727466809e-07,60048,0,full_state,passed,,5.449440002441406,,,,,,,,,,,3.8043454216828674
globalatomic_cudagraph,microns_mm3,NVIDIA GeForce RTX 5090,2.11.0+cu128,12.8,default,0.15,condensed,,,,,689aa0aa6b9f2ce7,1,60048,256,1,6965260,115.99487077005062,microns_mm3,1,4531,251.05142100284277,2.1643320893087554,0.6903498928976086,412.0,1353.0,0.005,0.0046672297578603,280.2578125,409.25,964,27345.13671875,43363.75,106385,0.2543090723491275,0.3602760068536039,0.3449138167442871,3.4396900175619547,exact,converged,1.0009765625,0.005,0.004667229950428,0.0003327700495719,True,12,SpMV,CUSPARSE_SPMV_ALG_DEFAULT,,,torch_cuda_event_cudagraph_replay,gpu_execution,full_rsnn,device_adapted,independent_inference,sparse_only,"(256, 1, 60048)","(256, 1, 60048)",60048,60048,1,1,BN,spmspv_csc_dense_device,spmspv_csc_dense_device,none,False,False,True,0,torch.int64,torch.float32,torch.float32,dense_device,,,False,False,False,False,False,True,1.0,240192,146273240,146273240,0,0,False,unknown,unknown,unknown,unknown,unknown,,7.33273602;7.3144002;7.31305599;7.31609583;7.31091213;7.30991983;7.30678415;7.31196785;7.30899191;7.30988789;7.30851221;7.31203222;7.31510401;7.31203222;7.31097603;7.30998421;7.31712008;7.30998421;7.30889606;7.30793619,20,7.312366461753845,0.0055275182205416,7.306784152984619,7.332736015319824,passed,0,0.0,1.1920928955078125e-07,1.862645149230957e-09,5.955294000159483e-07,3.711304543685401e-07,5.955294000159483e-07,3.711304543685401e-07,60048,0,full_state,passed,,7.310944080352783,,,,,,,,,,,2.8356874154921803
vdha_cudagraph,microns_mm3,NVIDIA GeForce RTX 5090,2.11.0+cu128,12.8,default,0.15,condensed,,,,,689aa0aa6b9f2ce7,1,60048,256,1,6965260,115.99487077005062,microns_mm3,1,4531,251.05142100284277,2.1643320893087554,0.6903498928976086,412.0,1353.0,0.005,0.0046672297578603,280.2578125,409.25,964,27345.13671875,43363.75,106385,0.2543090723491275,0.3602760068536039,0.3449138167442871,3.4396900175619547,exact,converged,1.0009765625,0.005,0.004667229950428,0.0003327700495719,True,12,SpMV,CUSPARSE_SPMV_ALG_DEFAULT,,,torch_cuda_event_cudagraph_replay,gpu_execution,full_rsnn,device_adapted,independent_inference,sparse_only,"(256, 1, 60048)","(256, 1, 60048)",60048,60048,1,1,BN,spmspv_csc_dense_device,spmspv_csc_dense_device,none,False,False,True,0,torch.int64,torch.float32,torch.float32,dense_device,,,False,False,False,False,False,True,1.0,240192,146273240,146273240,0,0,False,unknown,unknown,unknown,unknown,unknown,,13.8085117;13.7860804;13.784256;13.7856636;13.7863045;13.7918396;13.7867517;13.7934084;13.7857599;13.7881918;13.7854404;13.7882881;13.7817602;13.7862396;13.7857599;13.7878084;13.7908478;13.7857599;13.7867842;13.787776,20,13.788161611557006,0.0054542605324645,13.781760215759276,13.808511734008787,passed,0,0.0,1.1920928955078125e-07,3.725290298461914e-09,5.955294000159483e-07,7.388738936242589e-07,5.955294000159483e-07,7.388738936242589e-07,60048,0,full_state,passed,,13.78652811050415,,,,,,,,,,,1.503754386735539
persistent_spike_block,microns_mm3,NVIDIA GeForce RTX 5090,2.11.0+cu128,12.8,default,0.15,condensed,,,,,689aa0aa6b9f2ce7,1,60048,256,1,6965260,115.99487077005062,microns_mm3,1,4531,251.05142100284277,2.1643320893087554,0.6903498928976086,412.0,1353.0,0.005,0.0046672297578603,280.2578125,409.25,964,27345.13671875,43363.75,106385,0.2543090723491275,0.3602760068536039,0.3449138167442871,3.4396900175619547,exact,converged,1.0009765625,0.005,0.004667229950428,0.0003327700495719,True,12,SpMV,CUSPARSE_SPMV_ALG_DEFAULT,,,torch_cuda_event,gpu_execution,full_rsnn,device_native,independent_inference,full_fusion,"(256, 1, 60048)","(256, 1, 60048)",60048,60048,1,1,BN,event_csr,event_csr,dense_to_events_precomputed,False,True,True,0,torch.int32,torch.float32,torch.float32,windowed_events,,,False,False,False,False,False,False,1.0,1636312,57058580,57058580,0,0,False,unknown,unknown,unknown,unknown,unknown,,4.19158411;4.09904003;4.1015358;4.1010561;4.0953598;4.09292793;4.10355186;4.09094381;4.0995841;4.094944;4.09945583;4.10316801;4.1076479;4.10304022;4.10358381;4.09904003;4.11382389;4.09916782;4.10726404;4.09600019,20,4.10513596534729,0.0210372877758509,4.090943813323975,4.19158411026001,passed,0,0.0,1.4901161193847656e-07,5.587935447692871e-09,7.41850556096324e-07,1.1102705457233242e-06,7.41850556096324e-07,1.1102705457233242e-06,60048,0,full_state,passed,,4.100320100784302,,,,,,,5.056081382538388,,,,5.056081382538388
cusparse_direct_cudagraph,microns_mm3,NVIDIA GeForce RTX 5090,2.11.0+cu128,12.8,default,0.15,condensed,,,,,338d3c1ed916c887,1,60048,256,1,6965260,115.99487077005062,microns_mm3,1,4531,251.05142100284277,2.1643320893087554,0.6903498928976086,412.0,1353.0,0.01,0.009999877702005,600.47265625,583.0,1166,69733.4921875,82382.0,141480,0.4746356863878918,0.474635686387892,0.160728635999649,1.941803657275193,sampled_16_timesteps_max_2048_sources,converged,1.4892578125,0.01,0.0099998777732253,1.2222677469274357e-07,True,12,SpMV,CUSPARSE_SPMV_ALG_DEFAULT,,,torch_cuda_event,gpu_execution,full_rsnn,device_native,independent_inference,sparse_only,"(256, 1, 60048)","(256, 1, 60048)",60048,60048,1,1,BN,csr_post_by_pre,csr_post_by_pre,none,False,False,True,0,torch.int32,torch.float32,torch.float32,dense,,,False,False,False,False,False,True,1.0,27216,179661156,179661156,0,0,False,unknown,unknown,unknown,unknown,unknown,,20.746912;20.7237434;20.7315521;20.7295036;20.7151356;20.7233601;20.7336006;20.7274551;20.7325764;20.7438393;20.7437763;20.7438393;20.7438393;20.7295036;20.7192631;20.7273922;20.7243843;20.7274551;20.7213116;20.7295036,20,20.73089733123779,0.0091859988968477,20.71513557434082,20.74691200256348,passed,0,0.0,1.1920928955078125e-07,7.450580596923828e-09,5.944996246398659e-07,1.4689611589346896e-06,5.944996246398659e-07,1.4689611589346896e-06,60048,0,full_state,passed,,20.7295036315918,,,,,,,1.0,,,,1.0
tilespmspv_cudagraph,microns_mm3,NVIDIA GeForce RTX 5090,2.11.0+cu128,12.8,default,0.15,condensed,,,,,338d3c1ed916c887,1,60048,256,1,6965260,115.99487077005062,microns_mm3,1,4531,251.05142100284277,2.1643320893087554,0.6903498928976086,412.0,1353.0,0.01,0.009999877702005,600.47265625,583.0,1166,69733.4921875,82382.0,141480,0.4746356863878918,0.474635686387892,0.160728635999649,1.941803657275193,sampled_16_timesteps_max_2048_sources,converged,1.4892578125,0.01,0.0099998777732253,1.2222677469274357e-07,True,12,SpMV,CUSPARSE_SPMV_ALG_DEFAULT,,,torch_cuda_event_cudagraph_replay,gpu_execution,full_rsnn,device_adapted,independent_inference,sparse_only,"(256, 1, 60048)","(256, 1, 60048)",60048,60048,1,1,BN,spmspv_csc_dense_device,spmspv_csc_dense_device,none,False,False,True,0,torch.int64,torch.float32,torch.float32,dense_device,,,False,False,False,False,False,True,1.0,240192,146273240,146273240,0,0,False,unknown,unknown,unknown,unknown,unknown,,5.77487993;5.74953604;5.74748802;5.74825621;5.74940777;5.74751997;5.74720001;5.74630404;5.74720001;5.7535038;5.746912;5.748384;5.74940777;5.75145578;5.74940777;5.75043201;5.74940777;5.74736023;5.74736023;5.74633598,20,5.7498879671096805,0.006152924760005,5.746304035186768,5.7748799324035645,passed,0,0.0,1.1920928955078125e-07,3.725290298461914e-09,5.942840743955458e-07,7.416705329887918e-07,5.942840743955458e-07,7.416705329887918e-07,60048,0,full_state,passed,,5.74832010269165,,,,,,,,,,,3.6061846350354094
globalatomic_cudagraph,microns_mm3,NVIDIA GeForce RTX 5090,2.11.0+cu128,12.8,default,0.15,condensed,,,,,338d3c1ed916c887,1,60048,256,1,6965260,115.99487077005062,microns_mm3,1,4531,251.05142100284277,2.1643320893087554,0.6903498928976086,412.0,1353.0,0.01,0.009999877702005,600.47265625,583.0,1166,69733.4921875,82382.0,141480,0.4746356863878918,0.474635686387892,0.160728635999649,1.941803657275193,sampled_16_timesteps_max_2048_sources,converged,1.4892578125,0.01,0.0099998777732253,1.2222677469274357e-07,True,12,SpMV,CUSPARSE_SPMV_ALG_DEFAULT,,,torch_cuda_event_cudagraph_replay,gpu_execution,full_rsnn,device_adapted,independent_inference,sparse_only,"(256, 1, 60048)","(256, 1, 60048)",60048,60048,1,1,BN,spmspv_csc_dense_device,spmspv_csc_dense_device,none,False,False,True,0,torch.int64,torch.float32,torch.float32,dense_device,,,False,False,False,False,False,True,1.0,240192,146273240,146273240,0,0,False,unknown,unknown,unknown,unknown,unknown,,7.32172823;7.31427193;7.3151679;7.31603193;7.31923199;7.31414413;7.31916809;7.31408024;7.31302404;7.31609583;7.31871986;7.31817579;7.31715202;7.32220793;7.31715202;7.31203222;7.31510401;7.31408024;7.31715202;7.31817579,20,7.316644811630249,0.0027555834338516,7.312032222747803,7.322207927703857,passed,0,0.0,1.1920928955078125e-07,7.450580596923828e-09,5.949516435066471e-07,1.4689611589346896e-06,5.949516435066471e-07,1.4689611589346896e-06,60048,0,full_state,passed,,7.31662392616272,,,,,,,,,,,2.8332061126535995
vdha_cudagraph,microns_mm3,NVIDIA GeForce RTX 5090,2.11.0+cu128,12.8,default,0.15,condensed,,,,,338d3c1ed916c887,1,60048,256,1,6965260,115.99487077005062,microns_mm3,1,4531,251.05142100284277,2.1643320893087554,0.6903498928976086,412.0,1353.0,0.01,0.009999877702005,600.47265625,583.0,1166,69733.4921875,82382.0,141480,0.4746356863878918,0.474635686387892,0.160728635999649,1.941803657275193,sampled_16_timesteps_max_2048_sources,converged,1.4892578125,0.01,0.0099998777732253,1.2222677469274357e-07,True,12,SpMV,CUSPARSE_SPMV_ALG_DEFAULT,,,torch_cuda_event_cudagraph_replay,gpu_execution,full_rsnn,device_adapted,independent_inference,sparse_only,"(256, 1, 60048)","(256, 1, 60048)",60048,60048,1,1,BN,spmspv_csc_dense_device,spmspv_csc_dense_device,none,False,False,True,0,torch.int64,torch.float32,torch.float32,dense_device,,,False,False,False,False,False,True,1.0,240192,146273240,146273240,0,0,False,unknown,unknown,unknown,unknown,unknown,,13.8613119;13.8269444;13.8359041;13.8246717;13.8216;13.8288641;13.8242884;13.8291521;13.8247042;13.8277435;13.830368;13.8284159;13.8296957;13.832448;13.8338881;13.8349123;13.8267202;13.829792;13.8287678;13.825696,20,13.830294418334962,0.0081706763689663,13.821599960327148,13.86131191253662,passed,0,0.0,1.1920928955078125e-07,7.450580596923828e-09,5.942840743955458e-07,1.469421249566949e-06,5.942840743955458e-07,1.469421249566949e-06,60048,0,full_state,passed,,13.828815937042236,,,,,,,,,,,1.4990078489702936
persistent_spike_block,microns_mm3,NVIDIA GeForce RTX 5090,2.11.0+cu128,12.8,default,0.15,condensed,,,,,338d3c1ed916c887,1,60048,256,1,6965260,115.99487077005062,microns_mm3,1,4531,251.05142100284277,2.1643320893087554,0.6903498928976086,412.0,1353.0,0.01,0.009999877702005,600.47265625,583.0,1166,69733.4921875,82382.0,141480,0.4746356863878918,0.474635686387892,0.160728635999649,1.941803657275193,sampled_16_timesteps_max_2048_sources,converged,1.4892578125,0.01,0.0099998777732253,1.2222677469274357e-07,True,12,SpMV,CUSPARSE_SPMV_ALG_DEFAULT,,,torch_cuda_event,gpu_execution,full_rsnn,device_native,independent_inference,full_fusion,"(256, 1, 60048)","(256, 1, 60048)",60048,60048,1,1,BN,event_csr,event_csr,dense_to_events_precomputed,False,True,True,0,torch.int32,torch.float32,torch.float32,windowed_events,,,False,False,False,False,False,False,1.0,1636312,57058580,57058580,0,0,False,unknown,unknown,unknown,unknown,unknown,,3.96179199;3.92127991;3.91875196;3.91718411;3.91465592;3.91923189;3.91680002;3.91411209;3.91670394;3.91616011;3.9187839;3.92131209;3.92089605;3.9195199;3.92499208;3.92230392;3.920928;3.91923189;3.91680002;3.913728,20,3.920758390426636,0.010082161428454,3.913727998733521,3.9617919921875,passed,0,0.0,2.384185791015625e-07,1.1175870895385742e-08,1.1840405704788282e-06,2.2148265088617336e-06,1.1840405704788282e-06,2.2148265088617336e-06,60048,0,full_state,passed,,3.919007897377014,,,,,,,5.289477381626615,,,,5.289477381626615
cusparse_direct_cudagraph,microns_mm3,NVIDIA GeForce RTX 5090,2.11.0+cu128,12.8,default,0.15,condensed,,,,,a40da76ac0e7cd2f,1,60048,256,1,6965260,115.99487077005062,microns_mm3,1,4531,251.05142100284277,2.1643320893087554,0.6903498928976086,412.0,1353.0,0.02,0.0199938356606381,1200.58984375,1175.0,2332,142794.41796875,159866.25,273217,0.6546830923780486,0.6546830923780486,0.1604802399034837,1.9423785834436849,sampled_16_timesteps_max_2048_sources,converged,2.63671875,0.02,0.0199938360601663,6.163939833641469e-06,True,12,SpMV,CUSPARSE_SPMV_ALG_DEFAULT,,,torch_cuda_event,gpu_execution,full_rsnn,device_native,independent_inference,sparse_only,"(256, 1, 60048)","(256, 1, 60048)",60048,60048,1,1,BN,csr_post_by_pre,csr_post_by_pre,none,False,False,True,0,torch.int32,torch.float32,torch.float32,dense,,,False,False,False,False,False,True,1.0,27216,179661156,179661156,0,0,False,unknown,unknown,unknown,unknown,unknown,,20.7843513;20.7402248;20.7438393;20.7254086;20.7254086;20.7356472;20.7295036;20.7254086;20.7284794;20.7274551;20.7192631;20.7315521;20.7274551;20.7254086;20.7397442;20.7254086;20.7346249;20.7295036;20.7315521;20.7295036,20,20.732987117767333,0.0134974154422255,20.719263076782227,20.784351348876957,passed,0,0.0,2.384185791015625e-07,1.4901161193847656e-08,1.1885077810802611e-06,2.8855019991169684e-06,1.1885077810802611e-06,2.8855019991169684e-06,60048,0,full_state,passed,,20.7295036315918,,,,,,,1.0,,,,1.0
tilespmspv_cudagraph,microns_mm3,NVIDIA GeForce RTX 5090,2.11.0+cu128,12.8,default,0.15,condensed,,,,,a40da76ac0e7cd2f,1,60048,256,1,6965260,115.99487077005062,microns_mm3,1,4531,251.05142100284277,2.1643320893087554,0.6903498928976086,412.0,1353.0,0.02,0.0199938356606381,1200.58984375,1175.0,2332,142794.41796875,159866.25,273217,0.6546830923780486,0.6546830923780486,0.1604802399034837,1.9423785834436849,sampled_16_timesteps_max_2048_sources,converged,2.63671875,0.02,0.0199938360601663,6.163939833641469e-06,True,12,SpMV,CUSPARSE_SPMV_ALG_DEFAULT,,,torch_cuda_event_cudagraph_replay,gpu_execution,full_rsnn,device_adapted,independent_inference,sparse_only,"(256, 1, 60048)","(256, 1, 60048)",60048,60048,1,1,BN,spmspv_csc_dense_device,spmspv_csc_dense_device,none,False,False,True,0,torch.int64,torch.float32,torch.float32,dense_device,,,False,False,False,False,False,True,1.0,240192,146273240,146273240,0,0,False,unknown,unknown,unknown,unknown,unknown,,5.83225584;5.8209281;5.82675219;5.8226881;5.82582378;5.82064009;5.82272005;5.82460785;5.82582378;5.81865597;5.822752;5.82108784;5.82313585;5.82211208;5.82518387;5.82108784;5.82102394;5.82006407;5.82716799;5.82313585,20,5.8233823537826535,0.0031383198221403,5.818655967712402,5.832255840301514,passed,0,0.0,2.384185791015625e-07,1.4901161193847656e-08,1.1910975672435598e-06,2.900603476518881e-06,1.1910975672435598e-06,2.900603476518881e-06,60048,0,full_state,passed,,5.822736024856567,,,,,,,,,,,3.560096755734764
globalatomic_cudagraph,microns_mm3,NVIDIA GeForce RTX 5090,2.11.0+cu128,12.8,default,0.15,condensed,,,,,a40da76ac0e7cd2f,1,60048,256,1,6965260,115.99487077005062,microns_mm3,1,4531,251.05142100284277,2.1643320893087554,0.6903498928976086,412.0,1353.0,0.02,0.0199938356606381,1200.58984375,1175.0,2332,142794.41796875,159866.25,273217,0.6546830923780486,0.6546830923780486,0.1604802399034837,1.9423785834436849,sampled_16_timesteps_max_2048_sources,converged,2.63671875,0.02,0.0199938360601663,6.163939833641469e-06,True,12,SpMV,CUSPARSE_SPMV_ALG_DEFAULT,,,torch_cuda_event_cudagraph_replay,gpu_execution,full_rsnn,device_adapted,independent_inference,sparse_only,"(256, 1, 60048)","(256, 1, 60048)",60048,60048,1,1,BN,spmspv_csc_dense_device,spmspv_csc_dense_device,none,False,False,True,0,torch.int64,torch.float32,torch.float32,dense_device,,,False,False,False,False,False,True,1.0,240192,146273240,146273240,0,0,False,unknown,unknown,unknown,unknown,unknown,,7.31123209;7.28966379;7.29871988;7.29964781;7.30281591;7.29763222;7.30284786;7.30790377;7.31097603;7.30796814;7.30639982;7.30995178;7.31097603;7.30179214;7.29462385;7.30588818;7.30691195;7.30793619;7.2945919;7.29766417,20,7.3033071756362915,0.0063112583340834,7.289663791656494,7.311232089996338,passed,0,0.0,2.384185791015625e-07,1.4901161193847656e-08,1.1898571301571792e-06,2.900603476518881e-06,1.1898571301571792e-06,2.900603476518881e-06,60048,0,full_state,passed,,7.304368019104004,,,,,,,,,,,2.83795991348949
vdha_cudagraph,microns_mm3,NVIDIA GeForce RTX 5090,2.11.0+cu128,12.8,default,0.15,condensed,,,,,a40da76ac0e7cd2f,1,60048,256,1,6965260,115.99487077005062,microns_mm3,1,4531,251.05142100284277,2.1643320893087554,0.6903498928976086,412.0,1353.0,0.02,0.0199938356606381,1200.58984375,1175.0,2332,142794.41796875,159866.25,273217,0.6546830923780486,0.6546830923780486,0.1604802399034837,1.9423785834436849,sampled_16_timesteps_max_2048_sources,converged,2.63671875,0.02,0.0199938360601663,6.163939833641469e-06,True,12,SpMV,CUSPARSE_SPMV_ALG_DEFAULT,,,torch_cuda_event_cudagraph_replay,gpu_execution,full_rsnn,device_adapted,independent_inference,sparse_only,"(256, 1, 60048)","(256, 1, 60048)",60048,60048,1,1,BN,spmspv_csc_dense_device,spmspv_csc_dense_device,none,False,False,True,0,torch.int64,torch.float32,torch.float32,dense_device,,,False,False,False,False,False,True,1.0,240192,146273240,146273240,0,0,False,unknown,unknown,unknown,unknown,unknown,,12.9778242;12.9638081;12.9593916;12.9655037;12.9614077;12.9604158;12.959424;12.9554243;12.9674244;12.9568005;12.9656639;12.9644804;12.9635525;12.9690561;12.9614077;12.9655361;12.9604158;12.9675522;12.9614401;12.9593916,20,12.963296031951904,0.0049917818330796,12.955424308776855,12.977824211120604,passed,0,0.0,2.384185791015625e-07,2.2351741790771484e-08,1.1885077810802611e-06,4.295678536436753e-06,1.1885077810802611e-06,4.295678536436753e-06,60048,0,full_state,passed,,12.962496280670166,,,,,,,,,,,1.599190710087523
persistent_spike_block,microns_mm3,NVIDIA GeForce RTX 5090,2.11.0+cu128,12.8,default,0.15,condensed,,,,,a40da76ac0e7cd2f,1,60048,256,1,6965260,115.99487077005062,microns_mm3,1,4531,251.05142100284277,2.1643320893087554,0.6903498928976086,412.0,1353.0,0.02,0.0199938356606381,1200.58984375,1175.0,2332,142794.41796875,159866.25,273217,0.6546830923780486,0.6546830923780486,0.1604802399034837,1.9423785834436849,sampled_16_timesteps_max_2048_sources,converged,2.63671875,0.02,0.0199938360601663,6.163939833641469e-06,True,12,SpMV,CUSPARSE_SPMV_ALG_DEFAULT,,,torch_cuda_event,gpu_execution,full_rsnn,device_native,independent_inference,full_fusion,"(256, 1, 60048)","(256, 1, 60048)",60048,60048,1,1,BN,event_csr,event_csr,dense_to_events_precomputed,False,True,True,0,torch.int32,torch.float32,torch.float32,windowed_events,,,False,False,False,False,False,False,1.0,1636312,57058580,57058580,0,0,False,unknown,unknown,unknown,unknown,unknown,,4.25686407;4.18959999;4.2075839;4.19984007;4.20351982;4.18550396;4.20547199;4.19369602;4.21171188;4.18547201;4.20025587;4.18547201;4.20761585;4.19161606;4.20761585;4.18959999;4.20768023;4.18959999;4.20147181;4.17996788,20,4.200007963180542,0.0164089827437396,4.179967880249023,4.256864070892334,passed,0,0.0,4.76837158203125e-07,2.2351741790771484e-08,2.364793317610747e-06,4.365731456346111e-06,2.364793317610747e-06,4.365731456346111e-06,60048,0,full_state,passed,,4.200047969818115,,,,,,,4.935539732059178,,,,4.935539732059178
cusparse_direct_cudagraph,microns_mm3,NVIDIA GeForce RTX 5090,2.11.0+cu128,12.8,default,0.15,condensed,,,,,1ff15a19c6728e71,1,60048,256,1,6965260,115.99487077005062,microns_mm3,1,4531,251.05142100284277,2.1643320893087554,0.6903498928976086,412.0,1353.0,0.05,0.0499468263930522,2999.20703125,2974.5,5836,372516.1953125,397197.0,688222,0.76946839372093,0.7694683937209302,0.156230491839992,1.9458476654636576,sampled_16_timesteps_max_2048_sources,converged,6.4208984375,0.05,0.0499468296766281,5.317032337188998e-05,True,12,SpMV,CUSPARSE_SPMV_ALG_DEFAULT,,,torch_cuda_event,gpu_execution,full_rsnn,device_native,independent_inference,sparse_only,"(256, 1, 60048)","(256, 1, 60048)",60048,60048,1,1,BN,csr_post_by_pre,csr_post_by_pre,none,False,False,True,0,torch.int32,torch.float32,torch.float32,dense,,,False,False,False,False,False,True,1.0,27216,179661156,179661156,0,0,False,unknown,unknown,unknown,unknown,unknown,,20.7748795;20.7401924;20.7397442;20.7561283;20.7540798;20.7602234;20.7417927;20.7335358;20.7305279;20.7376957;20.7336006;20.7499847;20.7458248;20.7479362;20.7561283;20.7438393;20.7438393;20.7489605;20.7274246;20.7254086,20,20.744587326049803,0.0120997839698756,20.72540855407715,20.774879455566406,passed,0,0.0,8.344650268554688e-07,2.9802322387695312e-08,4.147080744587584e-06,5.577791398536647e-06,4.147080744587584e-06,5.577791398536647e-06,60048,0,full_state,passed,,20.743839263916016,,,,,,,1.0,,,,1.0
tilespmspv_cudagraph,microns_mm3,NVIDIA GeForce RTX 5090,2.11.0+cu128,12.8,default,0.15,condensed,,,,,1ff15a19c6728e71,1,60048,256,1,6965260,115.99487077005062,microns_mm3,1,4531,251.05142100284277,2.1643320893087554,0.6903498928976086,412.0,1353.0,0.05,0.0499468263930522,2999.20703125,2974.5,5836,372516.1953125,397197.0,688222,0.76946839372093,0.7694683937209302,0.156230491839992,1.9458476654636576,sampled_16_timesteps_max_2048_sources,converged,6.4208984375,0.05,0.0499468296766281,5.317032337188998e-05,True,12,SpMV,CUSPARSE_SPMV_ALG_DEFAULT,,,torch_cuda_event_cudagraph_replay,gpu_execution,full_rsnn,device_adapted,independent_inference,sparse_only,"(256, 1, 60048)","(256, 1, 60048)",60048,60048,1,1,BN,spmspv_csc_dense_device,spmspv_csc_dense_device,none,False,False,True,0,torch.int64,torch.float32,torch.float32,dense_device,,,False,False,False,False,False,True,1.0,240192,146273240,146273240,0,0,False,unknown,unknown,unknown,unknown,unknown,,6.04691219;6.03385592;6.03350401;6.02943993;6.02342415;6.02735996;6.03148794;6.03257608;6.03359985;6.02540779;6.03151989;6.02793598;6.02588797;6.02793598;6.029984;6.02691221;6.02793598;6.029984;6.02383995;6.02588797,20,6.0297695875167845,0.0051397257450835,6.02342414855957,6.04691219329834,passed,0,0.0,9.5367431640625e-07,2.9802322387695312e-08,4.732421530206921e-06,5.781699201179436e-06,4.732421530206921e-06,5.781699201179436e-06,60048,0,full_state,passed,,6.028687953948975,,,,,,,,,,,3.4408546971365745
globalatomic_cudagraph,microns_mm3,NVIDIA GeForce RTX 5090,2.11.0+cu128,12.8,default,0.15,condensed,,,,,1ff15a19c6728e71,1,60048,256,1,6965260,115.99487077005062,microns_mm3,1,4531,251.05142100284277,2.1643320893087554,0.6903498928976086,412.0,1353.0,0.05,0.0499468263930522,2999.20703125,2974.5,5836,372516.1953125,397197.0,688222,0.76946839372093,0.7694683937209302,0.156230491839992,1.9458476654636576,sampled_16_timesteps_max_2048_sources,converged,6.4208984375,0.05,0.0499468296766281,5.317032337188998e-05,True,12,SpMV,CUSPARSE_SPMV_ALG_DEFAULT,,,torch_cuda_event_cudagraph_replay,gpu_execution,full_rsnn,device_adapted,independent_inference,sparse_only,"(256, 1, 60048)","(256, 1, 60048)",60048,60048,1,1,BN,spmspv_csc_dense_device,spmspv_csc_dense_device,none,False,False,True,0,torch.int64,torch.float32,torch.float32,dense_device,,,False,False,False,False,False,True,1.0,240192,146273240,146273240,0,0,False,unknown,unknown,unknown,unknown,unknown,,7.30428791;7.29795218;7.29206419;7.29305601;7.29062414;7.29718399;7.29219198;7.29561615;7.30025578;7.2931838;7.29827213;7.28950405;7.2884798;7.2956481;7.29667187;7.29360008;7.29462385;7.29360008;7.3007679;7.29356813,20,7.295057606697083,0.0039499297899137,7.288479804992676,7.304287910461426,passed,0,0.0,8.344650268554688e-07,4.4703483581542975e-08,4.157331659371266e-06,8.455886018055025e-06,4.157331659371266e-06,8.455886018055025e-06,60048,0,full_state,passed,,7.294111967086792,,,,,,,,,,,2.8439156620461
vdha_cudagraph,microns_mm3,NVIDIA GeForce RTX 5090,2.11.0+cu128,12.8,default,0.15,condensed,,,,,1ff15a19c6728e71,1,60048,256,1,6965260,115.99487077005062,microns_mm3,1,4531,251.05142100284277,2.1643320893087554,0.6903498928976086,412.0,1353.0,0.05,0.0499468263930522,2999.20703125,2974.5,5836,372516.1953125,397197.0,688222,0.76946839372093,0.7694683937209302,0.156230491839992,1.9458476654636576,sampled_16_timesteps_max_2048_sources,converged,6.4208984375,0.05,0.0499468296766281,5.317032337188998e-05,True,12,SpMV,CUSPARSE_SPMV_ALG_DEFAULT,,,torch_cuda_event_cudagraph_replay,gpu_execution,full_rsnn,device_adapted,independent_inference,sparse_only,"(256, 1, 60048)","(256, 1, 60048)",60048,60048,1,1,BN,spmspv_csc_dense_device,spmspv_csc_dense_device,none,False,False,True,0,torch.int64,torch.float32,torch.float32,dense_device,,,False,False,False,False,False,True,1.0,240192,146273240,146273240,0,0,False,unknown,unknown,unknown,unknown,unknown,,13.3430719;13.3302078;13.3331518;13.3178244;13.3254404;13.3243198;13.3255358;13.3238401;13.3246078;13.3275518;13.3296003;13.3228159;13.3316479;13.3254404;13.3290558;13.33008;13.33008;13.3249598;13.3320961;13.3270082,20,13.327916812896728,0.0051464377518413,13.317824363708496,13.343071937561035,passed,0,0.0,8.344650268554688e-07,4.4703483581542975e-08,4.135020844842074e-06,8.348611117980909e-06,4.135020844842074e-06,8.348611117980909e-06,60048,0,full_state,passed,,13.327280044555664,,,,,,,,,,,1.556494588135416
persistent_spike_block,microns_mm3,NVIDIA GeForce RTX 5090,2.11.0+cu128,12.8,default,0.15,condensed,,,,,1ff15a19c6728e71,1,60048,256,1,6965260,115.99487077005062,microns_mm3,1,4531,251.05142100284277,2.1643320893087554,0.6903498928976086,412.0,1353.0,0.05,0.0499468263930522,2999.20703125,2974.5,5836,372516.1953125,397197.0,688222,0.76946839372093,0.7694683937209302,0.156230491839992,1.9458476654636576,sampled_16_timesteps_max_2048_sources,converged,6.4208984375,0.05,0.0499468296766281,5.317032337188998e-05,True,12,SpMV,CUSPARSE_SPMV_ALG_DEFAULT,,,torch_cuda_event,gpu_execution,full_rsnn,device_native,independent_inference,full_fusion,"(256, 1, 60048)","(256, 1, 60048)",60048,60048,1,1,BN,event_csr,event_csr,dense_to_events_precomputed,False,True,True,0,torch.int32,torch.float32,torch.float32,windowed_events,,,False,False,False,False,False,False,1.0,1636312,57058580,57058580,0,0,False,unknown,unknown,unknown,unknown,unknown,,4.92470407;4.78963184;4.88137579;4.78860807;4.87740803;4.80191994;4.88240004;4.79180813;4.8895998;4.7988801;4.88339186;4.79167986;4.88243198;4.79375982;4.88150406;4.79577589;4.87427187;4.80000019;4.87116814;4.79539204,20,4.839785575866699,0.047436994087627,4.788608074188232,4.924704074859619,passed,0,0.0,8.761882781982422e-06,4.917383193969727e-07,4.341110252426006e-05,9.280977974412964e-05,4.341110252426006e-05,9.280977974412964e-05,60048,0,full_state,passed,,4.836544036865234,,,,,,,4.288979714813258,,,,4.288979714813258
cusparse_direct_cudagraph,microns_mm3,NVIDIA GeForce RTX 5090,2.11.0+cu128,12.8,default,0.15,condensed,,,,,126f1c04715c6fff,1,60048,256,1,6965260,115.99487077005062,microns_mm3,1,4531,251.05142100284277,2.1643320893087554,0.6903498928976086,412.0,1353.0,0.1,0.1000041763464228,6005.05078125,6154.25,10354,759471.89453125,810099.0,1271668,0.7712520932354979,0.7712520932354978,0.1421258462963446,1.7242152276761815,sampled_16_timesteps_max_2048_sources,converged,14.013671875,0.1,0.100004181265831,4.181265830988101e-06,True,12,SpMV,CUSPARSE_SPMV_ALG_DEFAULT,,,torch_cuda_event,gpu_execution,full_rsnn,device_native,independent_inference,sparse_only,"(256, 1, 60048)","(256, 1, 60048)",60048,60048,1,1,BN,csr_post_by_pre,csr_post_by_pre,none,False,False,True,0,torch.int32,torch.float32,torch.float32,dense,,,False,False,False,False,False,True,1.0,27216,179661156,179661156,0,0,False,unknown,unknown,unknown,unknown,unknown,,20.8002872;20.7400322;20.7376957;20.7417927;20.7315521;20.7315521;20.7294407;20.7315521;20.7489605;20.7295036;20.7274551;20.7233601;20.7213116;20.7192001;20.7274551;20.7356472;20.7428169;20.7356472;20.7315521;20.7376957,20,20.736225509643557,0.0168120193602374,20.719200134277344,20.8002872467041,passed,0,0.0,1.9073486328125e-06,4.4703483581542975e-08,9.154369763564318e-06,8.225030796893407e-06,9.154369763564318e-06,8.225030796893407e-06,60048,0,full_state,passed,,20.73155212402344,,,,,,,1.0,,,,1.0
tilespmspv_cudagraph,microns_mm3,NVIDIA GeForce RTX 5090,2.11.0+cu128,12.8,default,0.15,condensed,,,,,126f1c04715c6fff,1,60048,256,1,6965260,115.99487077005062,microns_mm3,1,4531,251.05142100284277,2.1643320893087554,0.6903498928976086,412.0,1353.0,0.1,0.1000041763464228,6005.05078125,6154.25,10354,759471.89453125,810099.0,1271668,0.7712520932354979,0.7712520932354978,0.1421258462963446,1.7242152276761815,sampled_16_timesteps_max_2048_sources,converged,14.013671875,0.1,0.100004181265831,4.181265830988101e-06,True,12,SpMV,CUSPARSE_SPMV_ALG_DEFAULT,,,torch_cuda_event_cudagraph_replay,gpu_execution,full_rsnn,device_adapted,independent_inference,sparse_only,"(256, 1, 60048)","(256, 1, 60048)",60048,60048,1,1,BN,spmspv_csc_dense_device,spmspv_csc_dense_device,none,False,False,True,0,torch.int64,torch.float32,torch.float32,dense_device,,,False,False,False,False,False,True,1.0,240192,146273240,146273240,0,0,False,unknown,unknown,unknown,unknown,unknown,,7.20137596;7.17606401;7.17529583;7.17014408;7.1855998;7.16409588;7.17011213;7.15696001;7.18240023;7.1711359;7.17008018;7.16969585;7.18710423;7.17888021;7.18198395;7.16457605;7.15740824;7.17481613;7.1707201;7.18198395,20,7.174521636962891,0.0105484723741964,7.1569600105285645,7.201375961303711,passed,0,0.0,1.9073486328125e-06,8.940696716308595e-08,9.154369763564318e-06,1.563611840538215e-05,9.154369763564318e-06,1.563611840538215e-05,60048,0,full_state,passed,,7.172976016998291,,,,,,,,,,,2.8902302300878278
globalatomic_cudagraph,microns_mm3,NVIDIA GeForce RTX 5090,2.11.0+cu128,12.8,default,0.15,condensed,,,,,126f1c04715c6fff,1,60048,256,1,6965260,115.99487077005062,microns_mm3,1,4531,251.05142100284277,2.1643320893087554,0.6903498928976086,412.0,1353.0,0.1,0.1000041763464228,6005.05078125,6154.25,10354,759471.89453125,810099.0,1271668,0.7712520932354979,0.7712520932354978,0.1421258462963446,1.7242152276761815,sampled_16_timesteps_max_2048_sources,converged,14.013671875,0.1,0.100004181265831,4.181265830988101e-06,True,12,SpMV,CUSPARSE_SPMV_ALG_DEFAULT,,,torch_cuda_event_cudagraph_replay,gpu_execution,full_rsnn,device_adapted,independent_inference,sparse_only,"(256, 1, 60048)","(256, 1, 60048)",60048,60048,1,1,BN,spmspv_csc_dense_device,spmspv_csc_dense_device,none,False,False,True,0,torch.int64,torch.float32,torch.float32,dense_device,,,False,False,False,False,False,True,1.0,240192,146273240,146273240,0,0,False,unknown,unknown,unknown,unknown,unknown,,7.35465622;7.34460783;7.3436799;7.34064007;7.3499198;7.34284782;7.34371185;7.34377623;7.34060812;7.34489584;7.34323215;7.34275198;7.34582376;7.34377623;7.34275198;7.34377623;7.34275198;7.34176016;7.34272003;7.34275198,20,7.344072008132935,0.0031699711696508,7.3406081199646,7.354656219482422,passed,0,0.0,1.9073486328125e-06,8.940696716308595e-08,9.154369763564318e-06,1.563611840538215e-05,9.154369763564318e-06,1.563611840538215e-05,60048,0,full_state,passed,,7.343456029891968,,,,,,,,,,,2.823132873627137
vdha_cudagraph,microns_mm3,NVIDIA GeForce RTX 5090,2.11.0+cu128,12.8,default,0.15,condensed,,,,,126f1c04715c6fff,1,60048,256,1,6965260,115.99487077005062,microns_mm3,1,4531,251.05142100284277,2.1643320893087554,0.6903498928976086,412.0,1353.0,0.1,0.1000041763464228,6005.05078125,6154.25,10354,759471.89453125,810099.0,1271668,0.7712520932354979,0.7712520932354978,0.1421258462963446,1.7242152276761815,sampled_16_timesteps_max_2048_sources,converged,14.013671875,0.1,0.100004181265831,4.181265830988101e-06,True,12,SpMV,CUSPARSE_SPMV_ALG_DEFAULT,,,torch_cuda_event_cudagraph_replay,gpu_execution,full_rsnn,device_adapted,independent_inference,sparse_only,"(256, 1, 60048)","(256, 1, 60048)",60048,60048,1,1,BN,spmspv_csc_dense_device,spmspv_csc_dense_device,none,False,False,True,0,torch.int64,torch.float32,torch.float32,dense_device,,,False,False,False,False,False,True,1.0,240192,146273240,146273240,0,0,False,unknown,unknown,unknown,unknown,unknown,,15.1562881;15.1354561;15.1332483;15.1355524;15.1383362;15.1374722;15.1374083;15.1394882;15.1415043;15.1385279;15.131424;15.1311045;15.1354237;15.1348162;15.132288;15.1312962;15.1292477;15.1292477;15.1384001;15.1333437,20,15.135993671417236,0.0059146953868502,15.129247665405272,15.156288146972656,passed,0,0.0,1.9073486328125e-06,9.406358003616333e-08,9.357350791106e-06,1.8710086806095205e-05,9.357350791106e-06,1.8710086806095205e-05,60048,0,full_state,passed,,15.1354398727417,,,,,,,,,,,1.3697356864639332
persistent_spike_block,microns_mm3,NVIDIA GeForce RTX 5090,2.11.0+cu128,12.8,default,0.15,condensed,,,,,126f1c04715c6fff,1,60048,256,1,6965260,115.99487077005062,microns_mm3,1,4531,251.05142100284277,2.1643320893087554,0.6903498928976086,412.0,1353.0,0.1,0.1000041763464228,6005.05078125,6154.25,10354,759471.89453125,810099.0,1271668,0.7712520932354979,0.7712520932354978,0.1421258462963446,1.7242152276761815,sampled_16_timesteps_max_2048_sources,converged,14.013671875,0.1,0.100004181265831,4.181265830988101e-06,True,12,SpMV,CUSPARSE_SPMV_ALG_DEFAULT,,,torch_cuda_event,gpu_execution,full_rsnn,device_native,independent_inference,full_fusion,"(256, 1, 60048)","(256, 1, 60048)",60048,60048,1,1,BN,event_csr,event_csr,dense_to_events_precomputed,False,True,True,0,torch.int32,torch.float32,torch.float32,windowed_events,,,False,False,False,False,False,False,1.0,1636312,57058580,57058580,0,0,False,unknown,unknown,unknown,unknown,unknown,,5.73321581;5.47987223;5.66784;5.47679996;5.65235186;5.48188782;5.64438391;5.47782421;5.63913584;5.47065592;5.65462399;5.48409605;5.65043211;5.4747839;5.64323187;5.48086405;5.64022398;5.47168016;5.66681623;5.46918392,20,5.567995190620422,0.0956101199324423,5.469183921813965,5.733215808868408,passed,0,0.0,2.8818845748901367e-05,1.6093254089355469e-06,0.0001436323364032,0.0002808476856444,0.0001436323364032,0.0002808476856444,60048,0,full_state,passed,,5.561615943908691,,,,,,,3.727613041445172,,,,3.727613041445172
cusparse_direct_cudagraph,microns_mm3,NVIDIA GeForce RTX 5090,2.11.0+cu128,12.8,default,0.15,condensed,,,,,3bc0cf2cd75985f6,1,60048,256,1,6965260,115.99487077005062,microns_mm3,1,4531,251.05142100284277,2.1643320893087554,0.6903498928976086,412.0,1353.0,0.2,0.1999632065181188,12007.390625,13406.25,16793,1524471.0078125,1709771.0,2121749,0.7762795490400444,0.7762795490400445,0.138285952147397,1.3985553168426217,sampled_16_timesteps_max_2048_sources,converged,37.0849609375,0.2,0.1999632120132446,3.67879867553822e-05,True,12,SpMV,CUSPARSE_SPMV_ALG_DEFAULT,,,torch_cuda_event,gpu_execution,full_rsnn,device_native,independent_inference,sparse_only,"(256, 1, 60048)","(256, 1, 60048)",60048,60048,1,1,BN,csr_post_by_pre,csr_post_by_pre,none,False,False,True,0,torch.int32,torch.float32,torch.float32,dense,,,False,False,False,False,False,True,1.0,27216,179661156,179661156,0,0,False,unknown,unknown,unknown,unknown,unknown,,20.7815685;20.7378883;20.7643204;20.7417927;20.7520313;20.7417927;20.7458878;20.7438393;20.7305279;20.7479362;20.7213116;20.7315521;20.7213116;20.7295036;20.7295036;20.7295036;20.7315521;20.7387199;20.7397442;20.7336006,20,20.73969440460205,0.0143081331501836,20.721311569213867,20.78156852722168,passed,0,0.0,3.814697265625e-06,8.940696716308595e-08,1.863182842498645e-05,1.5460622307728045e-05,1.863182842498645e-05,1.5460622307728045e-05,60048,0,full_state,passed,,20.738304138183597,,,,,,,1.0,,,,1.0
tilespmspv_cudagraph,microns_mm3,NVIDIA GeForce RTX 5090,2.11.0+cu128,12.8,default,0.15,condensed,,,,,3bc0cf2cd75985f6,1,60048,256,1,6965260,115.99487077005062,microns_mm3,1,4531,251.05142100284277,2.1643320893087554,0.6903498928976086,412.0,1353.0,0.2,0.1999632065181188,12007.390625,13406.25,16793,1524471.0078125,1709771.0,2121749,0.7762795490400444,0.7762795490400445,0.138285952147397,1.3985553168426217,sampled_16_timesteps_max_2048_sources,converged,37.0849609375,0.2,0.1999632120132446,3.67879867553822e-05,True,12,SpMV,CUSPARSE_SPMV_ALG_DEFAULT,,,torch_cuda_event_cudagraph_replay,gpu_execution,full_rsnn,device_adapted,independent_inference,sparse_only,"(256, 1, 60048)","(256, 1, 60048)",60048,60048,1,1,BN,spmspv_csc_dense_device,spmspv_csc_dense_device,none,False,False,True,0,torch.int64,torch.float32,torch.float32,dense_device,,,False,False,False,False,False,True,1.0,240192,146273240,146273240,0,0,False,unknown,unknown,unknown,unknown,unknown,,9.53404808;9.5159359;9.54524803;9.51977634;9.53113556;9.53196812;9.53715229;9.53209591;9.52083206;9.54854393;9.52435207;9.53820801;9.52591991;9.52284813;9.53001595;9.506464;9.53820801;9.52079964;9.53411198;9.5289917,20,9.529332780838011,0.0100574681800992,9.506464004516602,9.548543930053713,passed,0,0.0,1.049041748046875e-05,4.172325134277344e-07,4.583541885949671e-05,6.45176914986223e-05,4.583541885949671e-05,6.45176914986223e-05,60048,0,full_state,passed,,9.5305757522583,,,,,,,,,,,2.1759760036815807
globalatomic_cudagraph,microns_mm3,NVIDIA GeForce RTX 5090,2.11.0+cu128,12.8,default,0.15,condensed,,,,,3bc0cf2cd75985f6,1,60048,256,1,6965260,115.99487077005062,microns_mm3,1,4531,251.05142100284277,2.1643320893087554,0.6903498928976086,412.0,1353.0,0.2,0.1999632065181188,12007.390625,13406.25,16793,1524471.0078125,1709771.0,2121749,0.7762795490400444,0.7762795490400445,0.138285952147397,1.3985553168426217,sampled_16_timesteps_max_2048_sources,converged,37.0849609375,0.2,0.1999632120132446,3.67879867553822e-05,True,12,SpMV,CUSPARSE_SPMV_ALG_DEFAULT,,,torch_cuda_event_cudagraph_replay,gpu_execution,full_rsnn,device_adapted,independent_inference,sparse_only,"(256, 1, 60048)","(256, 1, 60048)",60048,60048,1,1,BN,spmspv_csc_dense_device,spmspv_csc_dense_device,none,False,False,True,0,torch.int64,torch.float32,torch.float32,dense_device,,,False,False,False,False,False,True,1.0,240192,146273240,146273240,0,0,False,unknown,unknown,unknown,unknown,unknown,,9.02627182;9.01452827;9.01452827;9.01555157;9.01081562;9.01439953;9.00995159;9.01443195;9.0150404;9.01494408;9.01337624;9.01289558;9.01494408;9.01596832;9.01696014;9.01491165;9.01596832;9.01699162;9.01084805;9.01289558,20,9.01481113433838,0.0033182165368181,9.0099515914917,9.02627182006836,passed,0,0.0,7.62939453125e-06,2.980232238769531e-07,3.067979560000822e-05,4.6140186896082014e-05,3.067979560000822e-05,4.6140186896082014e-05,60048,0,full_state,passed,,9.01471996307373,,,,,,,,,,,2.3004934399662145
vdha_cudagraph,microns_mm3,NVIDIA GeForce RTX 5090,2.11.0+cu128,12.8,default,0.15,condensed,,,,,3bc0cf2cd75985f6,1,60048,256,1,6965260,115.99487077005062,microns_mm3,1,4531,251.05142100284277,2.1643320893087554,0.6903498928976086,412.0,1353.0,0.2,0.1999632065181188,12007.390625,13406.25,16793,1524471.0078125,1709771.0,2121749,0.7762795490400444,0.7762795490400445,0.138285952147397,1.3985553168426217,sampled_16_timesteps_max_2048_sources,converged,37.0849609375,0.2,0.1999632120132446,3.67879867553822e-05,True,12,SpMV,CUSPARSE_SPMV_ALG_DEFAULT,,,torch_cuda_event_cudagraph_replay,gpu_execution,full_rsnn,device_adapted,independent_inference,sparse_only,"(256, 1, 60048)","(256, 1, 60048)",60048,60048,1,1,BN,spmspv_csc_dense_device,spmspv_csc_dense_device,none,False,False,True,0,torch.int64,torch.float32,torch.float32,dense_device,,,False,False,False,False,False,True,1.0,240192,146273240,146273240,0,0,False,unknown,unknown,unknown,unknown,unknown,,18.8569603;18.8343048;18.8299522;18.8356152;18.825983;18.8238392;18.8278713;18.8239365;18.8196163;18.8321609;18.8278408;18.8279037;18.8320312;18.8294716;18.8238392;18.8320312;18.8238392;18.8299847;18.8320312;18.8258877,20,18.8297550201416,0.0076024129347372,18.819616317749023,18.85696029663086,passed,0,0.0,2.6702880859375e-05,1.6093254089355469e-06,0.0001166719739558,0.0002488539612386,0.0001166719739558,0.0002488539612386,60048,0,full_state,passed,,18.82868766784668,,,,,,,,,,,1.1014205824656556
persistent_spike_block,microns_mm3,NVIDIA GeForce RTX 5090,2.11.0+cu128,12.8,default,0.15,condensed,,,,,3bc0cf2cd75985f6,1,60048,256,1,6965260,115.99487077005062,microns_mm3,1,4531,251.05142100284277,2.1643320893087554,0.6903498928976086,412.0,1353.0,0.2,0.1999632065181188,12007.390625,13406.25,16793,1524471.0078125,1709771.0,2121749,0.7762795490400444,0.7762795490400445,0.138285952147397,1.3985553168426217,sampled_16_timesteps_max_2048_sources,converged,37.0849609375,0.2,0.1999632120132446,3.67879867553822e-05,True,12,SpMV,CUSPARSE_SPMV_ALG_DEFAULT,,,torch_cuda_event,gpu_execution,full_rsnn,device_native,independent_inference,full_fusion,"(256, 1, 60048)","(256, 1, 60048)",60048,60048,1,1,BN,event_csr,event_csr,dense_to_events_precomputed,False,True,True,0,torch.int32,torch.float32,torch.float32,windowed_events,,,False,False,False,False,False,False,1.0,1636312,57058580,57058580,0,0,False,unknown,unknown,unknown,unknown,unknown,,7.59872007;7.93702412;7.53907204;7.95955181;7.55033588;7.9616642;7.54320002;7.98006392;7.53804779;7.9667201;7.54623985;7.95756817;7.55344009;7.94710398;7.54012823;7.96163177;7.541152;7.96771193;7.54380798;7.9575038,20,7.754534387588501,0.2109653364489588,7.538047790527344,7.980063915252685,passed_causal_masked_state,447,2.907829986011191e-05,0.99961918592453,0.005554623901844,4.998090744018555,1.0775129795074463,0.0002521316637285,0.0005030946340411,33029,27019,causal_masked_state,passed_causal_masked_state,,7.767872095108032,,,,,,,2.6697535546760536,,,,2.6697535546760536
cusparse_direct_cudagraph,microns_mm3,NVIDIA GeForce RTX 5090,2.11.0+cu128,12.8,default,0.15,condensed,,,,,77be1a2993ac604f,2,60048,256,1,6965260,115.99487077005062,microns_mm3,2,4531,251.05142100284277,2.1643320893087554,0.6903498928976086,412.0,1353.0,0.005,0.0048379265337729,290.5078125,525.75,733,28974.85546875,62091.5,86619,0.2607511903387659,0.4430454581493713,0.3476219345046757,2.5231679440634665,exact,converged,1.0009765625,0.005,0.0048379264771938,0.0001620735228061,True,12,SpMV,CUSPARSE_SPMV_ALG_DEFAULT,,,torch_cuda_event,gpu_execution,full_rsnn,device_native,independent_inference,sparse_only,"(256, 1, 60048)","(256, 1, 60048)",60048,60048,1,1,BN,csr_post_by_pre,csr_post_by_pre,none,False,False,True,0,torch.int32,torch.float32,torch.float32,dense,,,False,False,False,False,False,True,1.0,27216,179661156,179661156,0,0,False,unknown,unknown,unknown,unknown,unknown,,20.7420483;20.7440643;20.7356472;20.7479362;20.7315521;20.7336006;20.7315521;20.7274551;20.7223358;20.7254086;20.7295036;20.7314873;20.7356472;20.7233601;20.7458553;20.7356472;20.7366714;20.7336006;20.7274551;20.7274551,20,20.73341417312622,0.0072535297372413,20.722335815429688,20.747936248779297,passed,0,0.0,1.1920928955078125e-07,3.725290298461914e-09,5.96027348365169e-07,7.394893373202649e-07,5.96027348365169e-07,7.394893373202649e-07,60048,0,full_state,passed,,20.732576370239254,,,,,,,1.0,,,,1.0
tilespmspv_cudagraph,microns_mm3,NVIDIA GeForce RTX 5090,2.11.0+cu128,12.8,default,0.15,condensed,,,,,77be1a2993ac604f,2,60048,256,1,6965260,115.99487077005062,microns_mm3,2,4531,251.05142100284277,2.1643320893087554,0.6903498928976086,412.0,1353.0,0.005,0.0048379265337729,290.5078125,525.75,733,28974.85546875,62091.5,86619,0.2607511903387659,0.4430454581493713,0.3476219345046757,2.5231679440634665,exact,converged,1.0009765625,0.005,0.0048379264771938,0.0001620735228061,True,12,SpMV,CUSPARSE_SPMV_ALG_DEFAULT,,,torch_cuda_event_cudagraph_replay,gpu_execution,full_rsnn,device_adapted,independent_inference,sparse_only,"(256, 1, 60048)","(256, 1, 60048)",60048,60048,1,1,BN,spmspv_csc_dense_device,spmspv_csc_dense_device,none,False,False,True,0,torch.int64,torch.float32,torch.float32,dense_device,,,False,False,False,False,False,True,1.0,240192,146273240,146273240,0,0,False,unknown,unknown,unknown,unknown,unknown,,5.46758413;5.44870377;5.44723177;5.44828796;5.44323206;5.44617605;5.4462719;5.44524813;5.44422388;5.44745588;5.45183992;5.44838381;5.44528008;5.44630384;5.44937611;5.44835186;5.4401598;5.44732809;5.44425583;5.44732809,20,5.447651147842407,0.0053164208357794,5.440159797668457,5.467584133148193,passed,0,0.0,1.1920928955078125e-07,9.313225746154783e-10,5.954473749625322e-07,1.8590111494631858e-07,5.954473749625322e-07,1.8590111494631858e-07,60048,0,full_state,passed,,5.447279930114746,,,,,,,,,,,3.8060420312936873
globalatomic_cudagraph,microns_mm3,NVIDIA GeForce RTX 5090,2.11.0+cu128,12.8,default,0.15,condensed,,,,,77be1a2993ac604f,2,60048,256,1,6965260,115.99487077005062,microns_mm3,2,4531,251.05142100284277,2.1643320893087554,0.6903498928976086,412.0,1353.0,0.005,0.0048379265337729,290.5078125,525.75,733,28974.85546875,62091.5,86619,0.2607511903387659,0.4430454581493713,0.3476219345046757,2.5231679440634665,exact,converged,1.0009765625,0.005,0.0048379264771938,0.0001620735228061,True,12,SpMV,CUSPARSE_SPMV_ALG_DEFAULT,,,torch_cuda_event_cudagraph_replay,gpu_execution,full_rsnn,device_adapted,independent_inference,sparse_only,"(256, 1, 60048)","(256, 1, 60048)",60048,60048,1,1,BN,spmspv_csc_dense_device,spmspv_csc_dense_device,none,False,False,True,0,torch.int64,torch.float32,torch.float32,dense_device,,,False,False,False,False,False,True,1.0,240192,146273240,146273240,0,0,False,unknown,unknown,unknown,unknown,unknown,,7.31929588;7.30956793;7.31059217;7.31612778;7.3105278;7.30950403;7.30892801;7.3115201;7.31455994;7.31164789;7.31676817;7.31196785;7.31715202;7.31196785;7.31100798;7.31606388;7.31100798;7.31817579;7.31715202;7.31203222,20,7.313278365135193,0.0032660288023742,7.3089280128479,7.319295883178711,passed,0,0.0,1.1920928955078125e-07,1.862645149230957e-09,5.954473749625322e-07,3.7164960531299595e-07,5.954473749625322e-07,3.7164960531299595e-07,60048,0,full_state,passed,,7.311967849731445,,,,,,,,,,,2.835430460898529
vdha_cudagraph,microns_mm3,NVIDIA GeForce RTX 5090,2.11.0+cu128,12.8,default,0.15,condensed,,,,,77be1a2993ac604f,2,60048,256,1,6965260,115.99487077005062,microns_mm3,2,4531,251.05142100284277,2.1643320893087554,0.6903498928976086,412.0,1353.0,0.005,0.0048379265337729,290.5078125,525.75,733,28974.85546875,62091.5,86619,0.2607511903387659,0.4430454581493713,0.3476219345046757,2.5231679440634665,exact,converged,1.0009765625,0.005,0.0048379264771938,0.0001620735228061,True,12,SpMV,CUSPARSE_SPMV_ALG_DEFAULT,,,torch_cuda_event_cudagraph_replay,gpu_execution,full_rsnn,device_adapted,independent_inference,sparse_only,"(256, 1, 60048)","(256, 1, 60048)",60048,60048,1,1,BN,spmspv_csc_dense_device,spmspv_csc_dense_device,none,False,False,True,0,torch.int64,torch.float32,torch.float32,dense_device,,,False,False,False,False,False,True,1.0,240192,146273240,146273240,0,0,False,unknown,unknown,unknown,unknown,unknown,,13.6887684;13.6652479;13.6680002;13.6668797;13.6659517;13.6628485;13.6659842;13.6710081;13.6680002;13.6771517;13.6657276;13.664896;13.6659842;13.6623363;13.6700478;13.6690245;13.6659517;13.666976;13.6659517;13.666976,20,13.668185615539551,0.0057753341769342,13.662336349487305,13.68876838684082,passed,0,0.0,8.940696716308595e-08,1.862645149230957e-09,4.463471157123422e-07,3.711146234763874e-07,4.463471157123422e-07,3.711146234763874e-07,60048,0,full_state,passed,,13.666431903839111,,,,,,,,,,,1.5170438426152153
persistent_spike_block,microns_mm3,NVIDIA GeForce RTX 5090,2.11.0+cu128,12.8,default,0.15,condensed,,,,,77be1a2993ac604f,2,60048,256,1,6965260,115.99487077005062,microns_mm3,2,4531,251.05142100284277,2.1643320893087554,0.6903498928976086,412.0,1353.0,0.005,0.0048379265337729,290.5078125,525.75,733,28974.85546875,62091.5,86619,0.2607511903387659,0.4430454581493713,0.3476219345046757,2.5231679440634665,exact,converged,1.0009765625,0.005,0.0048379264771938,0.0001620735228061,True,12,SpMV,CUSPARSE_SPMV_ALG_DEFAULT,,,torch_cuda_event,gpu_execution,full_rsnn,device_native,independent_inference,full_fusion,"(256, 1, 60048)","(256, 1, 60048)",60048,60048,1,1,BN,event_csr,event_csr,dense_to_events_precomputed,False,True,True,0,torch.int32,torch.float32,torch.float32,windowed_events,,,False,False,False,False,False,False,1.0,1636312,57058580,57058580,0,0,False,unknown,unknown,unknown,unknown,unknown,,4.11679983;4.07081604;4.07664013;4.07286406;4.07859182;4.07692814;4.07654381;4.07081604;4.07241583;4.07286406;4.07452822;4.07497597;4.07040024;4.07286406;4.07040024;4.07904005;4.07449579;4.06873608;4.07347202;4.07347202,20,4.075883221626282,0.0100307776700463,4.0687360763549805,4.116799831390381,passed,0,0.0,1.1920928955078125e-07,5.587935447692871e-09,5.95202436670661e-07,1.1067519380958402e-06,5.95202436670661e-07,1.1067519380958402e-06,60048,0,full_state,passed,,4.073472023010254,,,,,,,5.089657239113206,,,,5.089657239113206
cusparse_direct_cudagraph,microns_mm3,NVIDIA GeForce RTX 5090,2.11.0+cu128,12.8,default,0.15,condensed,,,,,a5798bd61cc79177,2,60048,256,1,6965260,115.99487077005062,microns_mm3,2,4531,251.05142100284277,2.1643320893087554,0.6903498928976086,412.0,1353.0,0.01,0.0100000078062549,600.48046875,1122.0,1123,69894.484375,122869.25,144783,0.4792330536221962,0.4792330536221961,0.2349011291173478,1.870169070340808,sampled_16_timesteps_max_2048_sources,converged,1.46484375,0.01,0.0100000081583857,8.158385753423425e-09,True,12,SpMV,CUSPARSE_SPMV_ALG_DEFAULT,,,torch_cuda_event,gpu_execution,full_rsnn,device_native,independent_inference,sparse_only,"(256, 1, 60048)","(256, 1, 60048)",60048,60048,1,1,BN,csr_post_by_pre,csr_post_by_pre,none,False,False,True,0,torch.int32,torch.float32,torch.float32,dense,,,False,False,False,False,False,True,1.0,27216,179661156,179661156,0,0,False,unknown,unknown,unknown,unknown,unknown,,20.8027191;20.7358398;20.7274551;20.7254086;20.7315521;20.7295036;20.7274551;20.7233601;20.7202873;20.7356472;20.7438087;20.7213116;20.7213116;20.7233601;20.7172165;20.7295036;20.7264004;20.7254086;20.7295036;20.7336006,20,20.731532669067384,0.0178868656081263,20.71721649169922,20.802719116210938,passed,0,0.0,1.1920928955078125e-07,3.725290298461914e-09,5.952015840193781e-07,7.398200523311971e-07,5.952015840193781e-07,7.398200523311971e-07,60048,0,full_state,passed,,20.72745513916016,,,,,,,1.0,,,,1.0
tilespmspv_cudagraph,microns_mm3,NVIDIA GeForce RTX 5090,2.11.0+cu128,12.8,default,0.15,condensed,,,,,a5798bd61cc79177,2,60048,256,1,6965260,115.99487077005062,microns_mm3,2,4531,251.05142100284277,2.1643320893087554,0.6903498928976086,412.0,1353.0,0.01,0.0100000078062549,600.48046875,1122.0,1123,69894.484375,122869.25,144783,0.4792330536221962,0.4792330536221961,0.2349011291173478,1.870169070340808,sampled_16_timesteps_max_2048_sources,converged,1.46484375,0.01,0.0100000081583857,8.158385753423425e-09,True,12,SpMV,CUSPARSE_SPMV_ALG_DEFAULT,,,torch_cuda_event_cudagraph_replay,gpu_execution,full_rsnn,device_adapted,independent_inference,sparse_only,"(256, 1, 60048)","(256, 1, 60048)",60048,60048,1,1,BN,spmspv_csc_dense_device,spmspv_csc_dense_device,none,False,False,True,0,torch.int64,torch.float32,torch.float32,dense_device,,,False,False,False,False,False,True,1.0,240192,146273240,146273240,0,0,False,unknown,unknown,unknown,unknown,unknown,,5.71417618;5.70649576;5.70627213;5.70937586;5.70832014;5.70431995;5.70844793;5.70735979;5.70422411;5.7105279;5.70688009;5.7043519;5.7043519;5.70844793;5.7115202;5.70636797;5.71049595;5.70947218;5.70639992;5.7043519,20,5.707607984542847,0.0027578557627034,5.704224109649658,5.714176177978516,passed,0,0.0,1.788139343261719e-07,3.725290298461914e-09,8.911223972063453e-07,7.442151854775148e-07,8.911223972063453e-07,7.442151854775148e-07,60048,0,full_state,passed,,5.707119941711426,,,,,,,,,,,3.631859037632999
globalatomic_cudagraph,microns_mm3,NVIDIA GeForce RTX 5090,2.11.0+cu128,12.8,default,0.15,condensed,,,,,a5798bd61cc79177,2,60048,256,1,6965260,115.99487077005062,microns_mm3,2,4531,251.05142100284277,2.1643320893087554,0.6903498928976086,412.0,1353.0,0.01,0.0100000078062549,600.48046875,1122.0,1123,69894.484375,122869.25,144783,0.4792330536221962,0.4792330536221961,0.2349011291173478,1.870169070340808,sampled_16_timesteps_max_2048_sources,converged,1.46484375,0.01,0.0100000081583857,8.158385753423425e-09,True,12,SpMV,CUSPARSE_SPMV_ALG_DEFAULT,,,torch_cuda_event_cudagraph_replay,gpu_execution,full_rsnn,device_adapted,independent_inference,sparse_only,"(256, 1, 60048)","(256, 1, 60048)",60048,60048,1,1,BN,spmspv_csc_dense_device,spmspv_csc_dense_device,none,False,False,True,0,torch.int64,torch.float32,torch.float32,dense_device,,,False,False,False,False,False,True,1.0,240192,146273240,146273240,0,0,False,unknown,unknown,unknown,unknown,unknown,,7.31961584;7.31398392;7.31097603;7.31404781;7.31510401;7.31216002;7.31705618;7.31196785;7.31497622;7.31408024;7.31654406;7.31817579;7.31100798;7.31612778;7.31305599;7.31612778;7.3129921;7.31612778;7.31100798;7.31203222,20,7.314358377456665,0.0024955218425412,7.310976028442383,7.319615840911865,passed,0,0.0,1.1920928955078125e-07,3.725290298461914e-09,5.948348302808881e-07,7.442151854775148e-07,5.948348302808881e-07,7.442151854775148e-07,60048,0,full_state,passed,,7.314064025878906,,,,,,,,,,,2.833917650409057
vdha_cudagraph,microns_mm3,NVIDIA GeForce RTX 5090,2.11.0+cu128,12.8,default,0.15,condensed,,,,,a5798bd61cc79177,2,60048,256,1,6965260,115.99487077005062,microns_mm3,2,4531,251.05142100284277,2.1643320893087554,0.6903498928976086,412.0,1353.0,0.01,0.0100000078062549,600.48046875,1122.0,1123,69894.484375,122869.25,144783,0.4792330536221962,0.4792330536221961,0.2349011291173478,1.870169070340808,sampled_16_timesteps_max_2048_sources,converged,1.46484375,0.01,0.0100000081583857,8.158385753423425e-09,True,12,SpMV,CUSPARSE_SPMV_ALG_DEFAULT,,,torch_cuda_event_cudagraph_replay,gpu_execution,full_rsnn,device_adapted,independent_inference,sparse_only,"(256, 1, 60048)","(256, 1, 60048)",60048,60048,1,1,BN,spmspv_csc_dense_device,spmspv_csc_dense_device,none,False,False,True,0,torch.int64,torch.float32,torch.float32,dense_device,,,False,False,False,False,False,True,1.0,240192,146273240,146273240,0,0,False,unknown,unknown,unknown,unknown,unknown,,13.0745916;13.045536;13.0515203;13.0433283;13.0466242;13.0452805;13.0493441;13.0515842;13.0394878;13.0503998;13.0493755;13.0452156;13.0495043;13.0478716;13.0433598;13.0556479;13.0515518;13.0495043;13.04848;13.0495043,20,13.049385595321656,0.0069603454469256,13.039487838745115,13.074591636657717,passed,0,0.0,1.1920928955078125e-07,5.122274160385132e-09,5.948348302808881e-07,1.0232959084532922e-06,5.948348302808881e-07,1.0232959084532922e-06,60048,0,full_state,passed,,13.049359798431396,,,,,,,,,,,1.588388661154987
persistent_spike_block,microns_mm3,NVIDIA GeForce RTX 5090,2.11.0+cu128,12.8,default,0.15,condensed,,,,,a5798bd61cc79177,2,60048,256,1,6965260,115.99487077005062,microns_mm3,2,4531,251.05142100284277,2.1643320893087554,0.6903498928976086,412.0,1353.0,0.01,0.0100000078062549,600.48046875,1122.0,1123,69894.484375,122869.25,144783,0.4792330536221962,0.4792330536221961,0.2349011291173478,1.870169070340808,sampled_16_timesteps_max_2048_sources,converged,1.46484375,0.01,0.0100000081583857,8.158385753423425e-09,True,12,SpMV,CUSPARSE_SPMV_ALG_DEFAULT,,,torch_cuda_event,gpu_execution,full_rsnn,device_native,independent_inference,full_fusion,"(256, 1, 60048)","(256, 1, 60048)",60048,60048,1,1,BN,event_csr,event_csr,dense_to_events_precomputed,False,True,True,0,torch.int32,torch.float32,torch.float32,windowed_events,,,False,False,False,False,False,False,1.0,1636312,57058580,57058580,0,0,False,unknown,unknown,unknown,unknown,unknown,,3.95903993;3.8989439;3.90662408;3.90393591;3.90028811;3.90806389;3.90460801;3.90089607;3.90444803;3.89574409;3.90460801;3.9029119;3.906528;3.90083194;3.90143991;3.90086389;3.90655994;3.90192008;3.90662408;3.90143991,20,3.905815982818603,0.01290295662561,3.8957440853118896,3.95903992652893,passed,0,0.0,2.384185791015625e-07,1.1175870895385742e-08,1.186307144962484e-06,2.211409764640848e-06,1.186307144962484e-06,2.211409764640848e-06,60048,0,full_state,passed,,3.90342390537262,,,,,,,5.310070246439586,,,,5.310070246439586
cusparse_direct_cudagraph,microns_mm3,NVIDIA GeForce RTX 5090,2.11.0+cu128,12.8,default,0.15,condensed,,,,,8ad87a9aae85bdc4,2,60048,256,1,6965260,115.99487077005062,microns_mm3,2,4531,251.05142100284277,2.1643320893087554,0.6903498928976086,412.0,1353.0,0.02,0.0200009263422595,1201.015625,2244.25,2256,143678.57421875,250750.5,279536,0.6533504067959529,0.6533504067959528,0.2355922152518155,1.878410199700774,sampled_16_timesteps_max_2048_sources,converged,2.63671875,0.02,0.0200009271502494,9.271502494807848e-07,True,12,SpMV,CUSPARSE_SPMV_ALG_DEFAULT,,,torch_cuda_event,gpu_execution,full_rsnn,device_native,independent_inference,sparse_only,"(256, 1, 60048)","(256, 1, 60048)",60048,60048,1,1,BN,csr_post_by_pre,csr_post_by_pre,none,False,False,True,0,torch.int32,torch.float32,torch.float32,dense,,,False,False,False,False,False,True,1.0,27216,179661156,179661156,0,0,False,unknown,unknown,unknown,unknown,unknown,,20.7582722;20.7458878;20.7315521;20.7397442;20.7458878;20.7274551;20.7356472;20.7336006;20.7366714;20.7438393;20.7336006;20.7356472;20.7295036;20.7213116;20.7233601;20.7131195;20.7264328;20.7192631;20.7315521;20.7315521,20,20.73319501876831,0.0104306549128,20.713119506835938,20.758272171020508,passed,0,0.0,2.384185791015625e-07,1.1175870895385742e-08,1.1905667633982375e-06,2.1911484964221017e-06,1.1905667633982375e-06,2.1911484964221017e-06,60048,0,full_state,passed,,20.732576370239254,,,,,,,1.0,,,,1.0
tilespmspv_cudagraph,microns_mm3,NVIDIA GeForce RTX 5090,2.11.0+cu128,12.8,default,0.15,condensed,,,,,8ad87a9aae85bdc4,2,60048,256,1,6965260,115.99487077005062,microns_mm3,2,4531,251.05142100284277,2.1643320893087554,0.6903498928976086,412.0,1353.0,0.02,0.0200009263422595,1201.015625,2244.25,2256,143678.57421875,250750.5,279536,0.6533504067959529,0.6533504067959528,0.2355922152518155,1.878410199700774,sampled_16_timesteps_max_2048_sources,converged,2.63671875,0.02,0.0200009271502494,9.271502494807848e-07,True,12,SpMV,CUSPARSE_SPMV_ALG_DEFAULT,,,torch_cuda_event_cudagraph_replay,gpu_execution,full_rsnn,device_adapted,independent_inference,sparse_only,"(256, 1, 60048)","(256, 1, 60048)",60048,60048,1,1,BN,spmspv_csc_dense_device,spmspv_csc_dense_device,none,False,False,True,0,torch.int64,torch.float32,torch.float32,dense_device,,,False,False,False,False,False,True,1.0,240192,146273240,146273240,0,0,False,unknown,unknown,unknown,unknown,unknown,,5.74751997;5.73667192;5.732512;5.73135996;5.732512;5.73459196;5.73651218;5.73401594;5.73040009;5.7393918;5.73027182;5.73814392;5.73507214;5.73507214;5.73404789;5.73302412;5.73507214;5.73507214;5.73404789;5.73507214,20,5.735019207000732,0.003748821891358,5.730271816253662,5.7475199699401855,passed,0,0.0,2.384185791015625e-07,1.4901161193847656e-08,1.1905667633982375e-06,2.8888669021398528e-06,1.1905667633982375e-06,2.8888669021398528e-06,60048,0,full_state,passed,,5.734832048416138,,,,,,,,,,,3.61520201380008
globalatomic_cudagraph,microns_mm3,NVIDIA GeForce RTX 5090,2.11.0+cu128,12.8,default,0.15,condensed,,,,,8ad87a9aae85bdc4,2,60048,256,1,6965260,115.99487077005062,microns_mm3,2,4531,251.05142100284277,2.1643320893087554,0.6903498928976086,412.0,1353.0,0.02,0.0200009263422595,1201.015625,2244.25,2256,143678.57421875,250750.5,279536,0.6533504067959529,0.6533504067959528,0.2355922152518155,1.878410199700774,sampled_16_timesteps_max_2048_sources,converged,2.63671875,0.02,0.0200009271502494,9.271502494807848e-07,True,12,SpMV,CUSPARSE_SPMV_ALG_DEFAULT,,,torch_cuda_event_cudagraph_replay,gpu_execution,full_rsnn,device_adapted,independent_inference,sparse_only,"(256, 1, 60048)","(256, 1, 60048)",60048,60048,1,1,BN,spmspv_csc_dense_device,spmspv_csc_dense_device,none,False,False,True,0,torch.int64,torch.float32,torch.float32,dense_device,,,False,False,False,False,False,True,1.0,240192,146273240,146273240,0,0,False,unknown,unknown,unknown,unknown,unknown,,7.32230377;7.29958391;7.30688;7.31203222;7.30688;7.30377579;7.300704;7.29759979;7.30272007;7.30585623;7.30435181;7.30592012;7.30278397;7.29977608;7.2884798;7.30179214;7.29871988;7.29971218;7.30281591;7.29974413,20,7.303121590614319,0.006536637835205,7.288479804992676,7.322303771972656,passed,0,0.0,2.384185791015625e-07,7.450580596923828e-09,1.1905667633982375e-06,1.478642502661387e-06,1.1905667633982375e-06,1.478642502661387e-06,60048,0,full_state,passed,,7.302752017974853,,,,,,,,,,,2.839008680454778
vdha_cudagraph,microns_mm3,NVIDIA GeForce RTX 5090,2.11.0+cu128,12.8,default,0.15,condensed,,,,,8ad87a9aae85bdc4,2,60048,256,1,6965260,115.99487077005062,microns_mm3,2,4531,251.05142100284277,2.1643320893087554,0.6903498928976086,412.0,1353.0,0.02,0.0200009263422595,1201.015625,2244.25,2256,143678.57421875,250750.5,279536,0.6533504067959529,0.6533504067959528,0.2355922152518155,1.878410199700774,sampled_16_timesteps_max_2048_sources,converged,2.63671875,0.02,0.0200009271502494,9.271502494807848e-07,True,12,SpMV,CUSPARSE_SPMV_ALG_DEFAULT,,,torch_cuda_event_cudagraph_replay,gpu_execution,full_rsnn,device_adapted,independent_inference,sparse_only,"(256, 1, 60048)","(256, 1, 60048)",60048,60048,1,1,BN,spmspv_csc_dense_device,spmspv_csc_dense_device,none,False,False,True,0,torch.int64,torch.float32,torch.float32,dense_device,,,False,False,False,False,False,True,1.0,240192,146273240,146273240,0,0,False,unknown,unknown,unknown,unknown,unknown,,13.0998077;13.0743999;13.0651197;13.0701122;13.0667524;13.0679359;13.0650558;13.0694723;13.0648956;13.063776;13.0672636;13.0672321;13.0713921;13.0663357;13.0658884;13.069952;13.0658884;13.0689602;13.0658884;13.0699844,20,13.069305658340454,0.0076388352664291,13.063776016235352,13.099807739257812,passed,0,0.0,2.384185791015625e-07,9.313225746154784e-09,1.1891930853380472e-06,1.847911335062236e-06,1.1891930853380472e-06,1.847911335062236e-06,60048,0,full_state,passed,,13.067247867584229,,,,,,,,,,,1.586606191321305
persistent_spike_block,microns_mm3,NVIDIA GeForce RTX 5090,2.11.0+cu128,12.8,default,0.15,condensed,,,,,8ad87a9aae85bdc4,2,60048,256,1,6965260,115.99487077005062,microns_mm3,2,4531,251.05142100284277,2.1643320893087554,0.6903498928976086,412.0,1353.0,0.02,0.0200009263422595,1201.015625,2244.25,2256,143678.57421875,250750.5,279536,0.6533504067959529,0.6533504067959528,0.2355922152518155,1.878410199700774,sampled_16_timesteps_max_2048_sources,converged,2.63671875,0.02,0.0200009271502494,9.271502494807848e-07,True,12,SpMV,CUSPARSE_SPMV_ALG_DEFAULT,,,torch_cuda_event,gpu_execution,full_rsnn,device_native,independent_inference,full_fusion,"(256, 1, 60048)","(256, 1, 60048)",60048,60048,1,1,BN,event_csr,event_csr,dense_to_events_precomputed,False,True,True,0,torch.int32,torch.float32,torch.float32,windowed_events,,,False,False,False,False,False,False,1.0,1636312,57058580,57058580,0,0,False,unknown,unknown,unknown,unknown,unknown,,4.24064016;4.18758392;4.19737577;4.17427206;4.20147181;4.17939186;4.20351982;4.18345594;4.20662403;4.18358421;4.19532824;4.17942381;4.19948816;4.17526388;4.19939184;4.17942381;4.19116783;4.17734385;4.19942379;4.1758399,20,4.191500735282898,0.0157490193867794,4.174272060394287,4.240640163421631,passed,0,0.0,4.76837158203125e-07,2.9802322387695312e-08,2.3780830815667287e-06,5.772695203631884e-06,2.3780830815667287e-06,5.772695203631884e-06,60048,0,full_state,passed,,4.189375877380371,,,,,,,4.948846075660176,,,,4.948846075660176
cusparse_direct_cudagraph,microns_mm3,NVIDIA GeForce RTX 5090,2.11.0+cu128,12.8,default,0.15,condensed,,,,,31224b8fbf1f86de,2,60048,256,1,6965260,115.99487077005062,microns_mm3,2,4531,251.05142100284277,2.1643320893087554,0.6903498928976086,412.0,1353.0,0.05,0.0500229373792632,3003.77734375,5431.5,5719,374591.3671875,660821.0,755855,0.771366596398792,0.7713665963987918,0.2399183366626988,1.9039360596748625,sampled_16_timesteps_max_2048_sources,converged,6.4208984375,0.05,0.0500229373574256,2.293735742568692e-05,True,12,SpMV,CUSPARSE_SPMV_ALG_DEFAULT,,,torch_cuda_event,gpu_execution,full_rsnn,device_native,independent_inference,sparse_only,"(256, 1, 60048)","(256, 1, 60048)",60048,60048,1,1,BN,csr_post_by_pre,csr_post_by_pre,none,False,False,True,0,torch.int32,torch.float32,torch.float32,dense,,,False,False,False,False,False,True,1.0,27216,179661156,179661156,0,0,False,unknown,unknown,unknown,unknown,unknown,,20.8269119;20.7480965;20.7438393;20.7376957;20.7315521;20.7172165;20.7295036;20.7315521;20.7346249;20.7356167;20.7336006;20.7233601;20.7376957;20.7295036;20.7253761;20.7376957;20.7284164;20.7295036;20.7315521;20.7336006,20,20.737345695495605,0.0221569063930559,20.71721649169922,20.82691192626953,passed,0,0.0,9.5367431640625e-07,2.9802322387695312e-08,4.567425094137434e-06,5.628175586025463e-06,4.567425094137434e-06,5.628175586025463e-06,60048,0,full_state,passed,,20.732576370239254,,,,,,,1.0,,,,1.0
tilespmspv_cudagraph,microns_mm3,NVIDIA GeForce RTX 5090,2.11.0+cu128,12.8,default,0.15,condensed,,,,,31224b8fbf1f86de,2,60048,256,1,6965260,115.99487077005062,microns_mm3,2,4531,251.05142100284277,2.1643320893087554,0.6903498928976086,412.0,1353.0,0.05,0.0500229373792632,3003.77734375,5431.5,5719,374591.3671875,660821.0,755855,0.771366596398792,0.7713665963987918,0.2399183366626988,1.9039360596748625,sampled_16_timesteps_max_2048_sources,converged,6.4208984375,0.05,0.0500229373574256,2.293735742568692e-05,True,12,SpMV,CUSPARSE_SPMV_ALG_DEFAULT,,,torch_cuda_event_cudagraph_replay,gpu_execution,full_rsnn,device_adapted,independent_inference,sparse_only,"(256, 1, 60048)","(256, 1, 60048)",60048,60048,1,1,BN,spmspv_csc_dense_device,spmspv_csc_dense_device,none,False,False,True,0,torch.int64,torch.float32,torch.float32,dense_device,,,False,False,False,False,False,True,1.0,240192,146273240,146273240,0,0,False,unknown,unknown,unknown,unknown,unknown,,5.87760019;5.86947203;5.86979198;5.8717761;5.8769598;5.87184;5.86976004;5.87180805;5.8737278;5.87084818;5.86976004;5.87228823;5.8784318;5.8722558;5.88150406;5.87228823;5.8681922;5.87228823;5.87024021;5.87126398,20,5.872604846954346,0.0034375492614477,5.868192195892334,5.881504058837891,passed,0,0.0,7.748603820800781e-07,2.9802322387695312e-08,3.8491530176543165e-06,5.760968633694574e-06,3.8491530176543165e-06,5.760968633694574e-06,60048,0,full_state,passed,,5.871824026107788,,,,,,,,,,,3.530857920478605
globalatomic_cudagraph,microns_mm3,NVIDIA GeForce RTX 5090,2.11.0+cu128,12.8,default,0.15,condensed,,,,,31224b8fbf1f86de,2,60048,256,1,6965260,115.99487077005062,microns_mm3,2,4531,251.05142100284277,2.1643320893087554,0.6903498928976086,412.0,1353.0,0.05,0.0500229373792632,3003.77734375,5431.5,5719,374591.3671875,660821.0,755855,0.771366596398792,0.7713665963987918,0.2399183366626988,1.9039360596748625,sampled_16_timesteps_max_2048_sources,converged,6.4208984375,0.05,0.0500229373574256,2.293735742568692e-05,True,12,SpMV,CUSPARSE_SPMV_ALG_DEFAULT,,,torch_cuda_event_cudagraph_replay,gpu_execution,full_rsnn,device_adapted,independent_inference,sparse_only,"(256, 1, 60048)","(256, 1, 60048)",60048,60048,1,1,BN,spmspv_csc_dense_device,spmspv_csc_dense_device,none,False,False,True,0,torch.int64,torch.float32,torch.float32,dense_device,,,False,False,False,False,False,True,1.0,240192,146273240,146273240,0,0,False,unknown,unknown,unknown,unknown,unknown,,7.29577589;7.28502417;7.28793621;7.28480005;7.28851223;7.28543997;7.29046392;7.28892803;7.29059219;7.28281593;7.29001617;7.29155207;7.28233624;7.28745604;7.29052782;7.28950405;7.28438377;7.28950405;7.28336;7.2884798,20,7.2878704309463505,0.0034134232067565,7.282336235046387,7.295775890350342,passed,0,0.0,7.748603820800781e-07,4.4703483581542975e-08,3.8491530176543165e-06,8.44226360641187e-06,3.8491530176543165e-06,8.44226360641187e-06,60048,0,full_state,passed,,7.288496017456055,,,,,,,,,,,2.844561665477272
vdha_cudagraph,microns_mm3,NVIDIA GeForce RTX 5090,2.11.0+cu128,12.8,default,0.15,condensed,,,,,31224b8fbf1f86de,2,60048,256,1,6965260,115.99487077005062,microns_mm3,2,4531,251.05142100284277,2.1643320893087554,0.6903498928976086,412.0,1353.0,0.05,0.0500229373792632,3003.77734375,5431.5,5719,374591.3671875,660821.0,755855,0.771366596398792,0.7713665963987918,0.2399183366626988,1.9039360596748625,sampled_16_timesteps_max_2048_sources,converged,6.4208984375,0.05,0.0500229373574256,2.293735742568692e-05,True,12,SpMV,CUSPARSE_SPMV_ALG_DEFAULT,,,torch_cuda_event_cudagraph_replay,gpu_execution,full_rsnn,device_adapted,independent_inference,sparse_only,"(256, 1, 60048)","(256, 1, 60048)",60048,60048,1,1,BN,spmspv_csc_dense_device,spmspv_csc_dense_device,none,False,False,True,0,torch.int64,torch.float32,torch.float32,dense_device,,,False,False,False,False,False,True,1.0,240192,146273240,146273240,0,0,False,unknown,unknown,unknown,unknown,unknown,,13.6055679;13.5761604;13.5747843;13.579936;13.5748482;13.5758076;13.5727682;13.5778561;13.5809278;13.5860796;13.5850239;13.579936;13.5788803;13.5793276;13.5809603;13.5819836;13.5849924;13.5778875;13.5819836;13.5789118,20,13.58073115348816,0.0068446073760327,13.572768211364746,13.605567932128906,passed,0,0.0,9.5367431640625e-07,5.960464477539064e-08,4.720173819805496e-06,1.1256351172050929e-05,4.720173819805496e-06,1.1256351172050929e-05,60048,0,full_state,passed,,13.579631805419922,,,,,,,,,,,1.5267406854112526
persistent_spike_block,microns_mm3,NVIDIA GeForce RTX 5090,2.11.0+cu128,12.8,default,0.15,condensed,,,,,31224b8fbf1f86de,2,60048,256,1,6965260,115.99487077005062,microns_mm3,2,4531,251.05142100284277,2.1643320893087554,0.6903498928976086,412.0,1353.0,0.05,0.0500229373792632,3003.77734375,5431.5,5719,374591.3671875,660821.0,755855,0.771366596398792,0.7713665963987918,0.2399183366626988,1.9039360596748625,sampled_16_timesteps_max_2048_sources,converged,6.4208984375,0.05,0.0500229373574256,2.293735742568692e-05,True,12,SpMV,CUSPARSE_SPMV_ALG_DEFAULT,,,torch_cuda_event,gpu_execution,full_rsnn,device_native,independent_inference,full_fusion,"(256, 1, 60048)","(256, 1, 60048)",60048,60048,1,1,BN,event_csr,event_csr,dense_to_events_precomputed,False,True,True,0,torch.int32,torch.float32,torch.float32,windowed_events,,,False,False,False,False,False,False,1.0,1636312,57058580,57058580,0,0,False,unknown,unknown,unknown,unknown,unknown,,4.91574383;4.78352022;4.86710405;4.78457594;4.86099195;4.7815361;4.87427187;4.78457594;4.86710405;4.77843189;4.86294413;4.78870392;4.86300802;4.7866559;4.85881615;4.78364801;4.86796808;4.7877121;4.86912012;4.78310394,20,4.827476811408997,0.045820554012017,4.77843189239502,4.915743827819824,passed,0,0.0,8.58306884765625e-06,3.203749656677246e-07,4.264454037183896e-05,6.161741475807503e-05,4.264454037183896e-05,6.161741475807503e-05,60048,0,full_state,passed,,4.823760032653809,,,,,,,4.298011557352109,,,,4.298011557352109
cusparse_direct_cudagraph,microns_mm3,NVIDIA GeForce RTX 5090,2.11.0+cu128,12.8,default,0.15,condensed,,,,,8d2276ffe51cb7b5,2,60048,256,1,6965260,115.99487077005062,microns_mm3,2,4531,251.05142100284277,2.1643320893087554,0.6903498928976086,412.0,1353.0,0.1,0.100046720436151,6007.60546875,9909.0,11602,762514.0078125,1265388.0,1525307,0.777283070943571,0.7772830709435707,0.2394207967000038,1.9312186960929083,sampled_16_timesteps_max_2048_sources,converged,13.9892578125,0.1,0.1000467240810394,4.672408103942316e-05,True,12,SpMV,CUSPARSE_SPMV_ALG_DEFAULT,,,torch_cuda_event,gpu_execution,full_rsnn,device_native,independent_inference,sparse_only,"(256, 1, 60048)","(256, 1, 60048)",60048,60048,1,1,BN,csr_post_by_pre,csr_post_by_pre,none,False,False,True,0,torch.int32,torch.float32,torch.float32,dense,,,False,False,False,False,False,True,1.0,27216,179661156,179661156,0,0,False,unknown,unknown,unknown,unknown,unknown,,20.7499847;20.7604485;20.7499847;20.7376328;20.7295036;20.7110729;20.7295036;20.7336311;20.7345924;20.7356472;20.7356472;20.7417927;20.7254086;20.7233601;20.7213116;20.7192326;20.7202873;20.7213116;20.7274551;20.7171841,20,20.731249618530278,0.0124518315283951,20.71107292175293,20.760448455810547,passed,0,0.0,1.9073486328125e-06,4.4703483581542975e-08,9.183388101519084e-06,8.429745321336668e-06,9.183388101519084e-06,8.429745321336668e-06,60048,0,full_state,passed,,20.7295036315918,,,,,,,1.0,,,,1.0
tilespmspv_cudagraph,microns_mm3,NVIDIA GeForce RTX 5090,2.11.0+cu128,12.8,default,0.15,condensed,,,,,8d2276ffe51cb7b5,2,60048,256,1,6965260,115.99487077005062,microns_mm3,2,4531,251.05142100284277,2.1643320893087554,0.6903498928976086,412.0,1353.0,0.1,0.100046720436151,6007.60546875,9909.0,11602,762514.0078125,1265388.0,1525307,0.777283070943571,0.7772830709435707,0.2394207967000038,1.9312186960929083,sampled_16_timesteps_max_2048_sources,converged,13.9892578125,0.1,0.1000467240810394,4.672408103942316e-05,True,12,SpMV,CUSPARSE_SPMV_ALG_DEFAULT,,,torch_cuda_event_cudagraph_replay,gpu_execution,full_rsnn,device_adapted,independent_inference,sparse_only,"(256, 1, 60048)","(256, 1, 60048)",60048,60048,1,1,BN,spmspv_csc_dense_device,spmspv_csc_dense_device,none,False,False,True,0,torch.int64,torch.float32,torch.float32,dense_device,,,False,False,False,False,False,True,1.0,240192,146273240,146273240,0,0,False,unknown,unknown,unknown,unknown,unknown,,6.87174416;6.86764812;6.86342382;6.87267208;6.85542393;6.86540794;6.87167978;6.87068796;6.8634882;6.86963177;6.86508799;6.8624959;6.86352015;6.86556816;6.85635185;6.87376022;6.85123205;6.86556816;6.85635185;6.86352015,20,6.86476321220398,0.0062089978717352,6.851232051849365,6.873760223388672,passed,0,0.0,1.9073486328125e-06,8.940696716308595e-08,9.170908015221356e-06,1.606935438758228e-05,9.170908015221356e-06,1.606935438758228e-05,60048,0,full_state,passed,,6.865247964859009,,,,,,,,,,,3.01948359880072
globalatomic_cudagraph,microns_mm3,NVIDIA GeForce RTX 5090,2.11.0+cu128,12.8,default,0.15,condensed,,,,,8d2276ffe51cb7b5,2,60048,256,1,6965260,115.99487077005062,microns_mm3,2,4531,251.05142100284277,2.1643320893087554,0.6903498928976086,412.0,1353.0,0.1,0.100046720436151,6007.60546875,9909.0,11602,762514.0078125,1265388.0,1525307,0.777283070943571,0.7772830709435707,0.2394207967000038,1.9312186960929083,sampled_16_timesteps_max_2048_sources,converged,13.9892578125,0.1,0.1000467240810394,4.672408103942316e-05,True,12,SpMV,CUSPARSE_SPMV_ALG_DEFAULT,,,torch_cuda_event_cudagraph_replay,gpu_execution,full_rsnn,device_adapted,independent_inference,sparse_only,"(256, 1, 60048)","(256, 1, 60048)",60048,60048,1,1,BN,spmspv_csc_dense_device,spmspv_csc_dense_device,none,False,False,True,0,torch.int64,torch.float32,torch.float32,dense_device,,,False,False,False,False,False,True,1.0,240192,146273240,146273240,0,0,False,unknown,unknown,unknown,unknown,unknown,,7.44163179;7.43369579;7.42863989;7.42972803;7.42880011;7.42975998;7.42668819;7.4237442;7.42454386;7.42361593;7.42217588;7.42159986;7.42364788;7.42262411;7.42364788;7.42262411;7.42975998;7.42262411;7.42975998;7.42467213,20,7.426699185371399,0.00491662398773,7.421599864959717,7.44163179397583,passed,0,0.0,1.9073486328125e-06,8.940696716308595e-08,9.026955012814142e-06,1.606935438758228e-05,9.026955012814142e-06,1.606935438758228e-05,60048,0,full_state,passed,,7.424607992172241,,,,,,,,,,,2.7919997464441084
vdha_cudagraph,microns_mm3,NVIDIA GeForce RTX 5090,2.11.0+cu128,12.8,default,0.15,condensed,,,,,8d2276ffe51cb7b5,2,60048,256,1,6965260,115.99487077005062,microns_mm3,2,4531,251.05142100284277,2.1643320893087554,0.6903498928976086,412.0,1353.0,0.1,0.100046720436151,6007.60546875,9909.0,11602,762514.0078125,1265388.0,1525307,0.777283070943571,0.7772830709435707,0.2394207967000038,1.9312186960929083,sampled_16_timesteps_max_2048_sources,converged,13.9892578125,0.1,0.1000467240810394,4.672408103942316e-05,True,12,SpMV,CUSPARSE_SPMV_ALG_DEFAULT,,,torch_cuda_event_cudagraph_replay,gpu_execution,full_rsnn,device_adapted,independent_inference,sparse_only,"(256, 1, 60048)","(256, 1, 60048)",60048,60048,1,1,BN,spmspv_csc_dense_device,spmspv_csc_dense_device,none,False,False,True,0,torch.int64,torch.float32,torch.float32,dense_device,,,False,False,False,False,False,True,1.0,240192,146273240,146273240,0,0,False,unknown,unknown,unknown,unknown,unknown,,15.2810879;15.2256956;15.2173758;15.2120962;15.2214079;15.2152958;15.2172155;15.2142715;15.2112322;15.2152319;15.2111044;15.2100477;15.2173443;15.2105598;15.2111683;15.2142401;15.2111683;15.2152643;15.2132158;15.2183037,20,15.21816635131836,0.0153304346830375,15.210047721862791,15.281087875366213,passed,0,0.0,1.9073486328125e-06,5.960464477539064e-08,9.026955012814142e-06,1.1701185030688066e-05,9.026955012814142e-06,1.1701185030688066e-05,60048,0,full_state,passed,,15.214751720428469,,,,,,,,,,,1.3624608546032868
persistent_spike_block,microns_mm3,NVIDIA GeForce RTX 5090,2.11.0+cu128,12.8,default,0.15,condensed,,,,,8d2276ffe51cb7b5,2,60048,256,1,6965260,115.99487077005062,microns_mm3,2,4531,251.05142100284277,2.1643320893087554,0.6903498928976086,412.0,1353.0,0.1,0.100046720436151,6007.60546875,9909.0,11602,762514.0078125,1265388.0,1525307,0.777283070943571,0.7772830709435707,0.2394207967000038,1.9312186960929083,sampled_16_timesteps_max_2048_sources,converged,13.9892578125,0.1,0.1000467240810394,4.672408103942316e-05,True,12,SpMV,CUSPARSE_SPMV_ALG_DEFAULT,,,torch_cuda_event,gpu_execution,full_rsnn,device_native,independent_inference,full_fusion,"(256, 1, 60048)","(256, 1, 60048)",60048,60048,1,1,BN,event_csr,event_csr,dense_to_events_precomputed,False,True,True,0,torch.int32,torch.float32,torch.float32,windowed_events,,,False,False,False,False,False,False,1.0,1636312,57058580,57058580,0,0,False,unknown,unknown,unknown,unknown,unknown,,5.69612789;5.52131224;5.64572811;5.51939201;5.6426878;5.50396776;5.63263988;5.52147198;5.65510416;5.50911999;5.65699196;5.51219177;5.63654423;5.51724815;5.66316795;5.51731205;5.65507221;5.51619196;5.63916779;5.5162878,20,5.583886384963989,0.0714393211790308,5.503967761993408,5.696127891540527,passed,0,0.0,2.771615982055664e-05,1.6391277313232422e-06,0.0001375636202283,0.0003000646538566,0.0001375636202283,0.0003000646538566,60048,0,full_state,passed,,5.577055931091309,,,,,,,3.716925899205656,,,,3.716925899205656
cusparse_direct_cudagraph,microns_mm3,NVIDIA GeForce RTX 5090,2.11.0+cu128,12.8,default,0.15,condensed,,,,,78de832cd37100a6,2,60048,256,1,6965260,115.99487077005062,microns_mm3,2,4531,251.05142100284277,2.1643320893087554,0.6903498928976086,412.0,1353.0,0.2,0.1999915041924793,12009.08984375,18201.75,22040,1529205.79296875,2352873.5,2810502,0.7716188947905847,0.7716188947905844,0.2245766641177984,1.835276468638502,sampled_16_timesteps_max_2048_sources,converged,36.962890625,0.2,0.1999915093183517,8.490681648265497e-06,True,12,SpMV,CUSPARSE_SPMV_ALG_DEFAULT,,,torch_cuda_event,gpu_execution,full_rsnn,device_native,independent_inference,sparse_only,"(256, 1, 60048)","(256, 1, 60048)",60048,60048,1,1,BN,csr_post_by_pre,csr_post_by_pre,none,False,False,True,0,torch.int32,torch.float32,torch.float32,dense,,,False,False,False,False,False,True,1.0,27216,179661156,179661156,0,0,False,unknown,unknown,unknown,unknown,unknown,,20.7651196;20.7481289;20.7376957;20.7315521;20.7254086;20.7356472;20.7315521;20.7295036;20.7325439;20.7274551;20.715168;20.7376957;20.7254086;20.7336006;20.7397442;20.7397442;20.7305279;20.7254086;20.7315521;20.7336006,20,20.733852863311768,0.0100923282809838,20.715167999267575,20.765119552612305,passed,0,0.0,3.814697265625e-06,8.940696716308595e-08,1.8152193661080677e-05,1.5753559637232684e-05,1.8152193661080677e-05,1.5753559637232684e-05,60048,0,full_state,passed,,20.73204803466797,,,,,,,1.0,,,,1.0
tilespmspv_cudagraph,microns_mm3,NVIDIA GeForce RTX 5090,2.11.0+cu128,12.8,default,0.15,condensed,,,,,78de832cd37100a6,2,60048,256,1,6965260,115.99487077005062,microns_mm3,2,4531,251.05142100284277,2.1643320893087554,0.6903498928976086,412.0,1353.0,0.2,0.1999915041924793,12009.08984375,18201.75,22040,1529205.79296875,2352873.5,2810502,0.7716188947905847,0.7716188947905844,0.2245766641177984,1.835276468638502,sampled_16_timesteps_max_2048_sources,converged,36.962890625,0.2,0.1999915093183517,8.490681648265497e-06,True,12,SpMV,CUSPARSE_SPMV_ALG_DEFAULT,,,torch_cuda_event_cudagraph_replay,gpu_execution,full_rsnn,device_adapted,independent_inference,sparse_only,"(256, 1, 60048)","(256, 1, 60048)",60048,60048,1,1,BN,spmspv_csc_dense_device,spmspv_csc_dense_device,none,False,False,True,0,torch.int64,torch.float32,torch.float32,dense_device,,,False,False,False,False,False,True,1.0,240192,146273240,146273240,0,0,False,unknown,unknown,unknown,unknown,unknown,,9.22963238;9.23347187;9.24473572;9.23206425;9.24124813;9.24988842;9.24844837;9.26111984;9.24995232;9.25702381;9.24166393;9.24227238;9.2432003;9.23408031;9.2473917;9.23612785;9.25251198;9.23510361;9.24841595;9.23100758,20,9.242968034744262,0.0089442915691707,9.229632377624512,9.261119842529297,passed_causal_masked_state,4,2.6020849986677324e-07,0.0283571481704711,0.0001796334981918,0.1408136785030365,0.0327936485409736,2.0552330170175992e-05,2.987306834256742e-05,57408,2640,causal_masked_state,passed_causal_masked_state,,9.242736339569092,,,,,,,,,,,2.2430638798936595
globalatomic_cudagraph,microns_mm3,NVIDIA GeForce RTX 5090,2.11.0+cu128,12.8,default,0.15,condensed,,,,,78de832cd37100a6,2,60048,256,1,6965260,115.99487077005062,microns_mm3,2,4531,251.05142100284277,2.1643320893087554,0.6903498928976086,412.0,1353.0,0.2,0.1999915041924793,12009.08984375,18201.75,22040,1529205.79296875,2352873.5,2810502,0.7716188947905847,0.7716188947905844,0.2245766641177984,1.835276468638502,sampled_16_timesteps_max_2048_sources,converged,36.962890625,0.2,0.1999915093183517,8.490681648265497e-06,True,12,SpMV,CUSPARSE_SPMV_ALG_DEFAULT,,,torch_cuda_event_cudagraph_replay,gpu_execution,full_rsnn,device_adapted,independent_inference,sparse_only,"(256, 1, 60048)","(256, 1, 60048)",60048,60048,1,1,BN,spmspv_csc_dense_device,spmspv_csc_dense_device,none,False,False,True,0,torch.int64,torch.float32,torch.float32,dense_device,,,False,False,False,False,False,True,1.0,240192,146273240,146273240,0,0,False,unknown,unknown,unknown,unknown,unknown,,9.05468845;9.04982376;9.05382442;9.05068779;9.0476799;9.04982376;9.04662418;9.05187225;9.05382442;9.05273628;9.0472002;9.04975986;9.04873562;9.0415678;9.04975986;9.05283165;9.05795193;9.05590439;9.0538559;9.05283165,20,9.05109920501709,0.0037348284746124,9.0415678024292,9.05795192718506,passed_causal_masked_state,4,2.6020849986677324e-07,0.0283572673797607,0.0001796334981918,0.1408142745494842,0.0327936485409736,2.5420109523111023e-05,2.987306834256742e-05,57408,2640,causal_masked_state,passed_causal_masked_state,,9.05128002166748,,,,,,,,,,,2.290510069850716
vdha_cudagraph,microns_mm3,NVIDIA GeForce RTX 5090,2.11.0+cu128,12.8,default,0.15,condensed,,,,,78de832cd37100a6,2,60048,256,1,6965260,115.99487077005062,microns_mm3,2,4531,251.05142100284277,2.1643320893087554,0.6903498928976086,412.0,1353.0,0.2,0.1999915041924793,12009.08984375,18201.75,22040,1529205.79296875,2352873.5,2810502,0.7716188947905847,0.7716188947905844,0.2245766641177984,1.835276468638502,sampled_16_timesteps_max_2048_sources,converged,36.962890625,0.2,0.1999915093183517,8.490681648265497e-06,True,12,SpMV,CUSPARSE_SPMV_ALG_DEFAULT,,,torch_cuda_event_cudagraph_replay,gpu_execution,full_rsnn,device_adapted,independent_inference,sparse_only,"(256, 1, 60048)","(256, 1, 60048)",60048,60048,1,1,BN,spmspv_csc_dense_device,spmspv_csc_dense_device,none,False,False,True,0,torch.int64,torch.float32,torch.float32,dense_device,,,False,False,False,False,False,True,1.0,240192,146273240,146273240,0,0,False,unknown,unknown,unknown,unknown,unknown,,19.1418247;19.1027203;19.1017914;19.1003513;19.1105289;19.1043835;19.1105289;19.1064644;19.1125126;19.1096954;19.1063671;19.1063671;19.1085434;19.1119995;19.1064644;19.0982723;19.1125431;19.1105595;19.1074886;19.1105595,20,19.10899829864502,0.0087454765960173,19.0982723236084,19.14182472229004,passed_causal_masked_state,4,2.6020849986677324e-07,0.0283570885658264,0.0001796334981918,0.1408133804798126,0.0327936485409736,8.960485138231888e-05,0.0002071950002573,57408,2640,causal_masked_state,passed_causal_masked_state,,19.10801601409912,,,,,,,,,,,1.0849921843989734
persistent_spike_block,microns_mm3,NVIDIA GeForce RTX 5090,2.11.0+cu128,12.8,default,0.15,condensed,,,,,78de832cd37100a6,2,60048,256,1,6965260,115.99487077005062,microns_mm3,2,4531,251.05142100284277,2.1643320893087554,0.6903498928976086,412.0,1353.0,0.2,0.1999915041924793,12009.08984375,18201.75,22040,1529205.79296875,2352873.5,2810502,0.7716188947905847,0.7716188947905844,0.2245766641177984,1.835276468638502,sampled_16_timesteps_max_2048_sources,converged,36.962890625,0.2,0.1999915093183517,8.490681648265497e-06,True,12,SpMV,CUSPARSE_SPMV_ALG_DEFAULT,,,torch_cuda_event,gpu_execution,full_rsnn,device_native,independent_inference,full_fusion,"(256, 1, 60048)","(256, 1, 60048)",60048,60048,1,1,BN,event_csr,event_csr,dense_to_events_precomputed,False,True,True,0,torch.int32,torch.float32,torch.float32,windowed_events,,,False,False,False,False,False,False,1.0,1636312,57058580,57058580,0,0,False,unknown,unknown,unknown,unknown,unknown,,7.6436801;8.00300789;7.60310411;8.00403214;7.61139202;8.0101757;7.59814405;8.00310421;7.60313606;7.99276781;7.59791994;8.00505638;7.61744022;7.97644806;7.59196806;8.00412846;7.60323191;8.00198364;7.61753607;8.00355244,20,7.804590463638306,0.201287497683743,7.591968059539795,8.010175704956055,passed_causal_masked_state,524,3.4087313482547294e-05,0.9993423819541932,0.0171673148870468,4.996694087982178,3.1533217430114746,0.0002135319955414,0.0004060545179527,28969,31079,causal_masked_state,passed_causal_masked_state,,7.810064077377319,,,,,,,2.654529825782166,,,,2.654529825782166
cusparse_direct_cudagraph,multiarea_mam,NVIDIA GeForce RTX 5090,2.11.0+cu128,12.8,default,0.15,,0.005,1.0,0.0,400000000.0,2758128ea927ee3c,0,20649,256,1,21960982,1063.5373141556493,multiarea_mam,0,4692,615.5277770001732,0.5787552244829751,0.3108347092842594,2081.5999999999985,2809.0,0.005,0.0051207458593636,105.73828125,173.0,207,95171.22265625,180259.5,220348,0.7856365333990107,0.785636533399011,0.2350288693108468,1.9576637481990469,sampled_16_timesteps_max_2048_sources,converged,1.0498046875,0.005,0.0051207458600401,0.0001207458600401,True,12,SpMV,CUSPARSE_SPMV_ALG_DEFAULT,,,torch_cuda_event,gpu_execution,full_rsnn,device_native,independent_inference,sparse_only,"(256, 1, 20649)","(256, 1, 20649)",20649,20649,1,1,BN,csr_post_by_pre,csr_post_by_pre,none,False,False,True,0,torch.int32,torch.float32,torch.float32,dense,,,False,False,False,False,False,True,1.0,85792,218307396,218307396,0,0,False,unknown,unknown,unknown,unknown,unknown,,28.0746555;28.0704956;28.0695038;28.0746231;28.0684795;28.0736008;28.0787525;28.0736008;28.070528;28.0807991;28.0715523;28.0726089;28.0664635;28.0756474;28.070528;28.0715847;28.066433;28.0725765;28.0715847;28.068512,20,28.07212648391724,0.0036659379380967,28.06643295288086,28.080799102783203,passed,0,0.0,1.1920928955078125e-07,2.7939677238464355e-09,5.959615236861282e-07,5.570270786847686e-07,5.959615236861282e-07,5.570270786847686e-07,20649,0,full_state,passed,,28.07158470153809,,,,,,,1.0,,,,1.0
tilespmspv_cudagraph,multiarea_mam,NVIDIA GeForce RTX 5090,2.11.0+cu128,12.8,default,0.15,,0.005,1.0,0.0,400000000.0,2758128ea927ee3c,0,20649,256,1,21960982,1063.5373141556493,multiarea_mam,0,4692,615.5277770001732,0.5787552244829751,0.3108347092842594,2081.5999999999985,2809.0,0.005,0.0051207458593636,105.73828125,173.0,207,95171.22265625,180259.5,220348,0.7856365333990107,0.785636533399011,0.2350288693108468,1.9576637481990469,sampled_16_timesteps_max_2048_sources,converged,1.0498046875,0.005,0.0051207458600401,0.0001207458600401,True,12,SpMV,CUSPARSE_SPMV_ALG_DEFAULT,,,torch_cuda_event_cudagraph_replay,gpu_execution,full_rsnn,device_adapted,independent_inference,sparse_only,"(256, 1, 20649)","(256, 1, 20649)",20649,20649,1,1,BN,spmspv_csc_dense_device,spmspv_csc_dense_device,none,False,False,True,0,torch.int64,torch.float32,torch.float32,dense_device,,,False,False,False,False,False,True,1.0,82596,285089348,285089348,0,0,False,unknown,unknown,unknown,unknown,unknown,,5.06547213;5.05235195;5.0509119;5.05408001;5.04896021;5.05408001;5.05209589;5.05100822;5.05200005;5.05100822;5.0495038;5.05411196;5.04694414;5.05001593;5.05104017;5.05001593;5.05615997;5.05104017;5.05203199;5.05305576,20,5.052294421195984,0.003736954196105,5.04694414138794,5.06547212600708,passed,0,0.0,1.1920928955078125e-07,1.862645149230957e-09,5.932996032242954e-07,3.7155407994760026e-07,5.932996032242954e-07,3.7155407994760026e-07,20649,0,full_state,passed,,5.051520109176636,,,,,,,,,,,5.557056904622234
globalatomic_cudagraph,multiarea_mam,NVIDIA GeForce RTX 5090,2.11.0+cu128,12.8,default,0.15,,0.005,1.0,0.0,400000000.0,2758128ea927ee3c,0,20649,256,1,21960982,1063.5373141556493,multiarea_mam,0,4692,615.5277770001732,0.5787552244829751,0.3108347092842594,2081.5999999999985,2809.0,0.005,0.0051207458593636,105.73828125,173.0,207,95171.22265625,180259.5,220348,0.7856365333990107,0.785636533399011,0.2350288693108468,1.9576637481990469,sampled_16_timesteps_max_2048_sources,converged,1.0498046875,0.005,0.0051207458600401,0.0001207458600401,True,12,SpMV,CUSPARSE_SPMV_ALG_DEFAULT,,,torch_cuda_event_cudagraph_replay,gpu_execution,full_rsnn,device_adapted,independent_inference,sparse_only,"(256, 1, 20649)","(256, 1, 20649)",20649,20649,1,1,BN,spmspv_csc_dense_device,spmspv_csc_dense_device,none,False,False,True,0,torch.int64,torch.float32,torch.float32,dense_device,,,False,False,False,False,False,True,1.0,82596,285089348,285089348,0,0,False,unknown,unknown,unknown,unknown,unknown,,14.3587523;14.1115837;14.1134396;14.1118402;14.1087685;14.1086721;14.1109123;14.1063042;14.1128635;14.1093435;14.1077442;14.1093435;14.107296;14.1093435;14.1083202;14.1052485;14.105216;14.1052485;14.1165123;14.1134396,20,14.12200961112976,0.0558077336849789,14.105216026306152,14.358752250671388,passed,0,0.0,1.1338852345943454e-07,1.862645149230957e-09,5.669298275279289e-07,3.7157826682232553e-07,5.669298275279289e-07,3.7157826682232553e-07,20649,0,full_state,passed,,14.10934352874756,,,,,,,,,,,1.9895741176294053
vdha_cudagraph,multiarea_mam,NVIDIA GeForce RTX 5090,2.11.0+cu128,12.8,default,0.15,,0.005,1.0,0.0,400000000.0,2758128ea927ee3c,0,20649,256,1,21960982,1063.5373141556493,multiarea_mam,0,4692,615.5277770001732,0.5787552244829751,0.3108347092842594,2081.5999999999985,2809.0,0.005,0.0051207458593636,105.73828125,173.0,207,95171.22265625,180259.5,220348,0.7856365333990107,0.785636533399011,0.2350288693108468,1.9576637481990469,sampled_16_timesteps_max_2048_sources,converged,1.0498046875,0.005,0.0051207458600401,0.0001207458600401,True,12,SpMV,CUSPARSE_SPMV_ALG_DEFAULT,,,torch_cuda_event_cudagraph_replay,gpu_execution,full_rsnn,device_adapted,independent_inference,sparse_only,"(256, 1, 20649)","(256, 1, 20649)",20649,20649,1,1,BN,spmspv_csc_dense_device,spmspv_csc_dense_device,none,False,False,True,0,torch.int64,torch.float32,torch.float32,dense_device,,,False,False,False,False,False,True,1.0,82596,285089348,285089348,0,0,False,unknown,unknown,unknown,unknown,unknown,,8.39625645;8.37967968;8.37811184;8.38412762;8.37801647;8.38419247;8.37587166;8.38214397;8.37795162;8.37385559;8.37801647;8.38003159;8.37804794;8.3773756;8.37596798;8.37801647;8.37596798;8.37596798;8.37801647;8.37596798,20,8.379179191589355,0.0048348189771176,8.373855590820312,8.396256446838379,passed,0,0.0,1.019798219203949e-07,1.862645149230957e-09,5.098626161270658e-07,3.712299303515465e-07,5.098626161270658e-07,3.712299303515465e-07,20649,0,full_state,passed,,8.378016471862793,,,,,,,,,,,3.350624195573653
persistent_spike_block,multiarea_mam,NVIDIA GeForce RTX 5090,2.11.0+cu128,12.8,default,0.15,,0.005,1.0,0.0,400000000.0,2758128ea927ee3c,0,20649,256,1,21960982,1063.5373141556493,multiarea_mam,0,4692,615.5277770001732,0.5787552244829751,0.3108347092842594,2081.5999999999985,2809.0,0.005,0.0051207458593636,105.73828125,173.0,207,95171.22265625,180259.5,220348,0.7856365333990107,0.785636533399011,0.2350288693108468,1.9576637481990469,sampled_16_timesteps_max_2048_sources,converged,1.0498046875,0.005,0.0051207458600401,0.0001207458600401,True,12,SpMV,CUSPARSE_SPMV_ALG_DEFAULT,,,torch_cuda_event,gpu_execution,full_rsnn,device_native,independent_inference,full_fusion,"(256, 1, 20649)","(256, 1, 20649)",20649,20649,1,1,BN,event_csr,event_csr,dense_to_events_precomputed,False,True,True,0,torch.int32,torch.float32,torch.float32,windowed_events,,,False,False,False,False,False,False,1.0,2397004,176148120,176148120,0,0,False,unknown,unknown,unknown,unknown,unknown,,4.36137581;4.30595207;4.30537605;4.3101759;4.30636787;4.3161602;4.3100481;4.3100481;4.31148815;4.30796814;4.31046391;4.31408024;4.30025578;4.31001616;4.30636787;4.31827211;4.31455994;4.30079985;4.31411219;4.31103992,20,4.312246417999267,0.0124619268426529,4.30025577545166,4.36137580871582,passed,0,0.0,1.1920928955078125e-07,2.7939677238464355e-09,5.958532938166172e-07,5.569914378611429e-07,5.958532938166172e-07,5.569914378611429e-07,20649,0,full_state,passed,,4.310111999511719,,,,,,,6.512959455512581,,,,6.512959455512581
cusparse_direct_cudagraph,multiarea_mam,NVIDIA GeForce RTX 5090,2.11.0+cu128,12.8,default,0.15,,0.005,1.0,0.0,400000000.0,6cc09509f327c5c2,0,20649,256,1,21960982,1063.5373141556493,multiarea_mam,0,4692,615.5277770001732,0.5787552244829751,0.3108347092842594,2081.5999999999985,2809.0,0.01,0.0099999167635236,206.48828125,207.0,207,219520.671875,227209.0,230832,0.9058761909943112,0.9058761909943114,0.0024207797605171,1.0024781975369366,sampled_16_timesteps_max_2048_sources,converged,1.5625,0.01,0.0099999168887734,8.311122655889348e-08,True,12,SpMV,CUSPARSE_SPMV_ALG_DEFAULT,,,torch_cuda_event,gpu_execution,full_rsnn,device_native,independent_inference,sparse_only,"(256, 1, 20649)","(256, 1, 20649)",20649,20649,1,1,BN,csr_post_by_pre,csr_post_by_pre,none,False,False,True,0,torch.int32,torch.float32,torch.float32,dense,,,False,False,False,False,False,True,1.0,85792,218307396,218307396,0,0,False,unknown,unknown,unknown,unknown,unknown,,28.1224957;28.0826244;28.0797443;28.0766716;28.0766716;28.0817928;28.0766716;28.0777283;28.0807686;28.0746231;28.0797443;28.0766716;28.0807686;28.0797768;28.0787201;28.0797768;28.0787201;28.0828476;28.0756474;28.0848961,20,28.081368064880373,0.0100332319147666,28.07462310791016,28.12249565124512,passed,0,0.0,1.1920928955078125e-07,2.7939677238464355e-09,5.952332458036835e-07,5.562406499848294e-07,5.952332458036835e-07,5.562406499848294e-07,20649,0,full_state,passed,,28.079744338989254,,,,,,,1.0,,,,1.0
tilespmspv_cudagraph,multiarea_mam,NVIDIA GeForce RTX 5090,2.11.0+cu128,12.8,default,0.15,,0.005,1.0,0.0,400000000.0,6cc09509f327c5c2,0,20649,256,1,21960982,1063.5373141556493,multiarea_mam,0,4692,615.5277770001732,0.5787552244829751,0.3108347092842594,2081.5999999999985,2809.0,0.01,0.0099999167635236,206.48828125,207.0,207,219520.671875,227209.0,230832,0.9058761909943112,0.9058761909943114,0.0024207797605171,1.0024781975369366,sampled_16_timesteps_max_2048_sources,converged,1.5625,0.01,0.0099999168887734,8.311122655889348e-08,True,12,SpMV,CUSPARSE_SPMV_ALG_DEFAULT,,,torch_cuda_event_cudagraph_replay,gpu_execution,full_rsnn,device_adapted,independent_inference,sparse_only,"(256, 1, 20649)","(256, 1, 20649)",20649,20649,1,1,BN,spmspv_csc_dense_device,spmspv_csc_dense_device,none,False,False,True,0,torch.int64,torch.float32,torch.float32,dense_device,,,False,False,False,False,False,True,1.0,82596,285089348,285089348,0,0,False,unknown,unknown,unknown,unknown,unknown,,5.25852823;5.2263999;5.22857618;5.22832012;5.22860813;5.22358418;5.23267221;5.22972822;5.22710419;5.22406387;5.22864008;5.22819185;5.22512007;5.22819185;5.22512007;5.22409582;5.22307205;5.22819185;5.23126411;5.23020792,20,5.228984045982361,0.0074294820682781,5.223072052001953,5.258528232574463,passed,0,0.0,1.1920928955078125e-07,2.7939677238464355e-09,5.949162869001157e-07,5.561865918934927e-07,5.949162869001157e-07,5.561865918934927e-07,20649,0,full_state,passed,,5.22819185256958,,,,,,,,,,,5.370832810044734
globalatomic_cudagraph,multiarea_mam,NVIDIA GeForce RTX 5090,2.11.0+cu128,12.8,default,0.15,,0.005,1.0,0.0,400000000.0,6cc09509f327c5c2,0,20649,256,1,21960982,1063.5373141556493,multiarea_mam,0,4692,615.5277770001732,0.5787552244829751,0.3108347092842594,2081.5999999999985,2809.0,0.01,0.0099999167635236,206.48828125,207.0,207,219520.671875,227209.0,230832,0.9058761909943112,0.9058761909943114,0.0024207797605171,1.0024781975369366,sampled_16_timesteps_max_2048_sources,converged,1.5625,0.01,0.0099999168887734,8.311122655889348e-08,True,12,SpMV,CUSPARSE_SPMV_ALG_DEFAULT,,,torch_cuda_event_cudagraph_replay,gpu_execution,full_rsnn,device_adapted,independent_inference,sparse_only,"(256, 1, 20649)","(256, 1, 20649)",20649,20649,1,1,BN,spmspv_csc_dense_device,spmspv_csc_dense_device,none,False,False,True,0,torch.int64,torch.float32,torch.float32,dense_device,,,False,False,False,False,False,True,1.0,82596,285089348,285089348,0,0,False,unknown,unknown,unknown,unknown,unknown,,14.1638718;14.1462717;14.1481276;14.1411524;14.1400318;14.1421118;14.1440964;14.1533442;14.1523199;14.1504002;14.1517763;14.1533756;14.1523199;14.1564484;14.1523523;14.1472321;14.1523523;14.1523523;14.1502399;14.1492796,20,14.149972820281985,0.0055612223858145,14.140031814575195,14.16387176513672,passed,0,0.0,1.1920928955078125e-07,2.7939677238464355e-09,5.952332458036835e-07,5.565967171605735e-07,5.952332458036835e-07,5.565967171605735e-07,20649,0,full_state,passed,,14.151088237762451,,,,,,,,,,,1.984281623236432
vdha_cudagraph,multiarea_mam,NVIDIA GeForce RTX 5090,2.11.0+cu128,12.8,default,0.15,,0.005,1.0,0.0,400000000.0,6cc09509f327c5c2,0,20649,256,1,21960982,1063.5373141556493,multiarea_mam,0,4692,615.5277770001732,0.5787552244829751,0.3108347092842594,2081.5999999999985,2809.0,0.01,0.0099999167635236,206.48828125,207.0,207,219520.671875,227209.0,230832,0.9058761909943112,0.9058761909943114,0.0024207797605171,1.0024781975369366,sampled_16_timesteps_max_2048_sources,converged,1.5625,0.01,0.0099999168887734,8.311122655889348e-08,True,12,SpMV,CUSPARSE_SPMV_ALG_DEFAULT,,,torch_cuda_event_cudagraph_replay,gpu_execution,full_rsnn,device_adapted,independent_inference,sparse_only,"(256, 1, 20649)","(256, 1, 20649)",20649,20649,1,1,BN,spmspv_csc_dense_device,spmspv_csc_dense_device,none,False,False,True,0,torch.int64,torch.float32,torch.float32,dense_device,,,False,False,False,False,False,True,1.0,82596,285089348,285089348,0,0,False,unknown,unknown,unknown,unknown,unknown,,8.73452759;8.72441578;8.72208023;8.7179203;8.72204781;8.72416019;8.72095966;8.72432041;8.72192001;8.72012806;8.71782398;8.72412777;8.72719955;8.72963238;8.72825623;8.73231983;8.73436832;8.72204781;8.72416019;8.73334408,20,8.725288009643554,0.0052167705455034,8.71782398223877,8.734527587890625,passed,0,0.0,1.1920928955078125e-07,3.725290298461914e-09,5.949162869001157e-07,7.399248147521575e-07,5.949162869001157e-07,7.399248147521575e-07,20649,0,full_state,passed,,8.724160194396973,,,,,,,,,,,3.218618607785683
persistent_spike_block,multiarea_mam,NVIDIA GeForce RTX 5090,2.11.0+cu128,12.8,default,0.15,,0.005,1.0,0.0,400000000.0,6cc09509f327c5c2,0,20649,256,1,21960982,1063.5373141556493,multiarea_mam,0,4692,615.5277770001732,0.5787552244829751,0.3108347092842594,2081.5999999999985,2809.0,0.01,0.0099999167635236,206.48828125,207.0,207,219520.671875,227209.0,230832,0.9058761909943112,0.9058761909943114,0.0024207797605171,1.0024781975369366,sampled_16_timesteps_max_2048_sources,converged,1.5625,0.01,0.0099999168887734,8.311122655889348e-08,True,12,SpMV,CUSPARSE_SPMV_ALG_DEFAULT,,,torch_cuda_event,gpu_execution,full_rsnn,device_native,independent_inference,full_fusion,"(256, 1, 20649)","(256, 1, 20649)",20649,20649,1,1,BN,event_csr,event_csr,dense_to_events_precomputed,False,True,True,0,torch.int32,torch.float32,torch.float32,windowed_events,,,False,False,False,False,False,False,1.0,2397004,176148120,176148120,0,0,False,unknown,unknown,unknown,unknown,unknown,,4.62044811;4.55174398;4.5504961;4.55577612;4.53574419;4.54960012;4.55929613;4.55987215;4.5664959;4.54963207;4.55622387;4.55273581;4.56035185;4.55571222;4.55523205;4.55171204;4.55215979;4.55065584;4.55577612;4.55475187,20,4.557220816612244,0.0160487000658088,4.5357441902160645,4.620448112487793,passed,0,0.0,3.129243850708008e-07,1.7695128917694092e-08,1.5620681779182632e-06,3.533038352543372e-06,1.5620681779182632e-06,3.533038352543372e-06,20649,0,full_state,passed,,4.554991960525513,,,,,,,6.164608978969455,,,,6.164608978969455
cusparse_direct_cudagraph,multiarea_mam,NVIDIA GeForce RTX 5090,2.11.0+cu128,12.8,default,0.15,,0.005,1.0,0.0,400000000.0,8f90f8e3c23e0661,0,20649,256,1,21960982,1063.5373141556493,multiarea_mam,0,4692,615.5277770001732,0.5787552244829751,0.3108347092842594,2081.5999999999985,2809.0,0.02,0.0199977526151387,412.93359375,415.0,415,438602.4453125,446391.0,448345,0.9499441519429546,0.9499441519429546,0.0313010292003919,1.005004209590298,sampled_16_timesteps_max_2048_sources,converged,2.9052734375,0.02,0.01999775134027,2.248659729957997e-06,True,12,SpMV,CUSPARSE_SPMV_ALG_DEFAULT,,,torch_cuda_event,gpu_execution,full_rsnn,device_native,independent_inference,sparse_only,"(256, 1, 20649)","(256, 1, 20649)",20649,20649,1,1,BN,csr_post_by_pre,csr_post_by_pre,none,False,False,True,0,torch.int32,torch.float32,torch.float32,dense,,,False,False,False,False,False,True,1.0,85792,218307396,218307396,0,0,False,unknown,unknown,unknown,unknown,unknown,,28.0936966;28.0704002;28.0736008;28.0704956;28.0746555;28.0736313;28.0705605;28.0736313;28.0705605;28.0787201;28.0736313;28.0725765;28.076704;28.0695362;28.070528;28.0695362;28.0726089;28.0726089;28.0674553;28.0705605,20,28.073284912109376,0.0054756986759392,28.067455291748047,28.09369659423828,passed,0,0.0,2.384185791015625e-07,5.587935447692871e-09,1.1873727316924487e-06,1.109152890421683e-06,1.1873727316924487e-06,1.109152890421683e-06,20649,0,full_state,passed,,28.072592735290527,,,,,,,1.0,,,,1.0
tilespmspv_cudagraph,multiarea_mam,NVIDIA GeForce RTX 5090,2.11.0+cu128,12.8,default,0.15,,0.005,1.0,0.0,400000000.0,8f90f8e3c23e0661,0,20649,256,1,21960982,1063.5373141556493,multiarea_mam,0,4692,615.5277770001732,0.5787552244829751,0.3108347092842594,2081.5999999999985,2809.0,0.02,0.0199977526151387,412.93359375,415.0,415,438602.4453125,446391.0,448345,0.9499441519429546,0.9499441519429546,0.0313010292003919,1.005004209590298,sampled_16_timesteps_max_2048_sources,converged,2.9052734375,0.02,0.01999775134027,2.248659729957997e-06,True,12,SpMV,CUSPARSE_SPMV_ALG_DEFAULT,,,torch_cuda_event_cudagraph_replay,gpu_execution,full_rsnn,device_adapted,independent_inference,sparse_only,"(256, 1, 20649)","(256, 1, 20649)",20649,20649,1,1,BN,spmspv_csc_dense_device,spmspv_csc_dense_device,none,False,False,True,0,torch.int64,torch.float32,torch.float32,dense_device,,,False,False,False,False,False,True,1.0,82596,285089348,285089348,0,0,False,unknown,unknown,unknown,unknown,unknown,,5.25564814;5.24889612;5.24553585;5.24662399;5.24143982;5.24659204;5.24348783;5.24454403;5.24566412;5.24243212;5.24924803;5.24662399;5.24351978;5.24662399;5.24150419;5.24252796;5.23945618;5.24662399;5.24764776;5.24457598,20,5.245460796356201,0.0035272205892634,5.2394561767578125,5.255648136138916,passed,0,0.0,2.384185791015625e-07,7.450580596923828e-09,1.1891910389749685e-06,1.4717456906510051e-06,1.1891910389749685e-06,1.4717456906510051e-06,20649,0,full_state,passed,,5.245599985122681,,,,,,,,,,,5.351645724971151
globalatomic_cudagraph,multiarea_mam,NVIDIA GeForce RTX 5090,2.11.0+cu128,12.8,default,0.15,,0.005,1.0,0.0,400000000.0,8f90f8e3c23e0661,0,20649,256,1,21960982,1063.5373141556493,multiarea_mam,0,4692,615.5277770001732,0.5787552244829751,0.3108347092842594,2081.5999999999985,2809.0,0.02,0.0199977526151387,412.93359375,415.0,415,438602.4453125,446391.0,448345,0.9499441519429546,0.9499441519429546,0.0313010292003919,1.005004209590298,sampled_16_timesteps_max_2048_sources,converged,2.9052734375,0.02,0.01999775134027,2.248659729957997e-06,True,12,SpMV,CUSPARSE_SPMV_ALG_DEFAULT,,,torch_cuda_event_cudagraph_replay,gpu_execution,full_rsnn,device_adapted,independent_inference,sparse_only,"(256, 1, 20649)","(256, 1, 20649)",20649,20649,1,1,BN,spmspv_csc_dense_device,spmspv_csc_dense_device,none,False,False,True,0,torch.int64,torch.float32,torch.float32,dense_device,,,False,False,False,False,False,True,1.0,82596,285089348,285089348,0,0,False,unknown,unknown,unknown,unknown,unknown,,14.2278719;14.2079039;14.2076159;14.2117119;14.2086716;14.2055683;14.2035522;14.2034883;14.2045441;14.2055683;14.2072001;14.2137604;14.2137918;14.2086716;14.2096958;14.2117443;14.2076483;14.2127676;14.2117443;14.2137918,20,14.209865617752076,0.0054226995443966,14.20348834991455,14.227871894836426,passed,0,0.0,2.384185791015625e-07,7.450580596923828e-09,1.1873727316924487e-06,1.470580627938034e-06,1.1873727316924487e-06,1.470580627938034e-06,20649,0,full_state,passed,,14.20867156982422,,,,,,,,,,,1.975736619523948
vdha_cudagraph,multiarea_mam,NVIDIA GeForce RTX 5090,2.11.0+cu128,12.8,default,0.15,,0.005,1.0,0.0,400000000.0,8f90f8e3c23e0661,0,20649,256,1,21960982,1063.5373141556493,multiarea_mam,0,4692,615.5277770001732,0.5787552244829751,0.3108347092842594,2081.5999999999985,2809.0,0.02,0.0199977526151387,412.93359375,415.0,415,438602.4453125,446391.0,448345,0.9499441519429546,0.9499441519429546,0.0313010292003919,1.005004209590298,sampled_16_timesteps_max_2048_sources,converged,2.9052734375,0.02,0.01999775134027,2.248659729957997e-06,True,12,SpMV,CUSPARSE_SPMV_ALG_DEFAULT,,,torch_cuda_event_cudagraph_replay,gpu_execution,full_rsnn,device_adapted,independent_inference,sparse_only,"(256, 1, 20649)","(256, 1, 20649)",20649,20649,1,1,BN,spmspv_csc_dense_device,spmspv_csc_dense_device,none,False,False,True,0,torch.int64,torch.float32,torch.float32,dense_device,,,False,False,False,False,False,True,1.0,82596,285089348,285089348,0,0,False,unknown,unknown,unknown,unknown,unknown,,8.8643837;8.85340786;8.85683155;8.85315228;8.85372829;8.85097599;8.85107231;8.85472012;8.85878372;8.85007954;8.85059166;8.85462379;8.85110378;8.85369587;8.85110378;8.85315228;8.85315228;8.85519981;8.85417557;8.85311985,20,8.853852701187133,0.0032894845445358,8.850079536437988,8.864383697509766,passed,0,0.0,2.384185791015625e-07,5.587935447692871e-09,1.1873706853293695e-06,1.1100097481175908e-06,1.1873706853293695e-06,1.1100097481175908e-06,20649,0,full_state,passed,,8.853280067443848,,,,,,,,,,,3.1708691605184645
persistent_spike_block,multiarea_mam,NVIDIA GeForce RTX 5090,2.11.0+cu128,12.8,default,0.15,,0.005,1.0,0.0,400000000.0,8f90f8e3c23e0661,0,20649,256,1,21960982,1063.5373141556493,multiarea_mam,0,4692,615.5277770001732,0.5787552244829751,0.3108347092842594,2081.5999999999985,2809.0,0.02,0.0199977526151387,412.93359375,415.0,415,438602.4453125,446391.0,448345,0.9499441519429546,0.9499441519429546,0.0313010292003919,1.005004209590298,sampled_16_timesteps_max_2048_sources,converged,2.9052734375,0.02,0.01999775134027,2.248659729957997e-06,True,12,SpMV,CUSPARSE_SPMV_ALG_DEFAULT,,,torch_cuda_event,gpu_execution,full_rsnn,device_native,independent_inference,full_fusion,"(256, 1, 20649)","(256, 1, 20649)",20649,20649,1,1,BN,event_csr,event_csr,dense_to_events_precomputed,False,True,True,0,torch.int32,torch.float32,torch.float32,windowed_events,,,False,False,False,False,False,False,1.0,2397004,176148120,176148120,0,0,False,unknown,unknown,unknown,unknown,unknown,,4.53868818;4.48860788;4.49638414;4.48857594;4.50048018;4.48857594;4.50358391;4.48854399;4.50668812;4.48860788;4.5046401;4.4906559;4.50668812;4.48960018;4.50048018;4.49267197;4.50051212;4.49062395;4.50048018;4.49331188,20,4.497920036315918,0.0116568136920955,4.48854398727417,4.5386881828308105,passed,0,0.0,1.2516975402832031e-06,9.313225746154785e-08,6.224435310286935e-06,1.8467617337591943e-05,6.224435310286935e-06,1.8467617337591943e-05,20649,0,full_state,passed,,4.494848012924194,,,,,,,6.245504331753247,,,,6.245504331753247
cusparse_direct_cudagraph,multiarea_mam,NVIDIA GeForce RTX 5090,2.11.0+cu128,12.8,default,0.15,,0.005,1.0,0.0,400000000.0,7a720dc89ed42df8,0,20649,256,1,21960982,1063.5373141556493,multiarea_mam,0,4692,615.5277770001732,0.5787552244829751,0.3108347092842594,2081.5999999999985,2809.0,0.05,0.049986909172357,1032.1796875,1047.0,1058,1093315.6328125,1119708.0,1126820,0.9763867111896012,0.9763867111896014,0.0689568223150319,1.0250153270914857,sampled_16_timesteps_max_2048_sources,converged,6.787109375,0.05,0.0499869063496589,1.3093650341036713e-05,True,12,SpMV,CUSPARSE_SPMV_ALG_DEFAULT,,,torch_cuda_event,gpu_execution,full_rsnn,device_native,independent_inference,sparse_only,"(256, 1, 20649)","(256, 1, 20649)",20649,20649,1,1,BN,csr_post_by_pre,csr_post_by_pre,none,False,False,True,0,torch.int32,torch.float32,torch.float32,dense,,,False,False,False,False,False,True,1.0,85792,218307396,218307396,0,0,False,unknown,unknown,unknown,unknown,unknown,,28.0900478;28.0749111;28.0736008;28.0705605;28.0725765;28.0695038;28.0726089;28.0674553;28.070528;28.0705605;28.0756798;28.068512;28.0726089;28.0715847;28.0726089;28.0736313;28.0725765;28.0725765;28.0715847;28.070528,20,28.072712230682374,0.0045468453542058,28.067455291748047,28.09004783630371,passed,0,0.0,6.258487701416016e-07,1.4901161193847656e-08,3.115621893812204e-06,2.9052300760668004e-06,3.115621893812204e-06,2.9052300760668004e-06,20649,0,full_state,passed,,28.07257652282715,,,,,,,1.0,,,,1.0
tilespmspv_cudagraph,multiarea_mam,NVIDIA GeForce RTX 5090,2.11.0+cu128,12.8,default,0.15,,0.005,1.0,0.0,400000000.0,7a720dc89ed42df8,0,20649,256,1,21960982,1063.5373141556493,multiarea_mam,0,4692,615.5277770001732,0.5787552244829751,0.3108347092842594,2081.5999999999985,2809.0,0.05,0.049986909172357,1032.1796875,1047.0,1058,1093315.6328125,1119708.0,1126820,0.9763867111896012,0.9763867111896014,0.0689568223150319,1.0250153270914857,sampled_16_timesteps_max_2048_sources,converged,6.787109375,0.05,0.0499869063496589,1.3093650341036713e-05,True,12,SpMV,CUSPARSE_SPMV_ALG_DEFAULT,,,torch_cuda_event_cudagraph_replay,gpu_execution,full_rsnn,device_adapted,independent_inference,sparse_only,"(256, 1, 20649)","(256, 1, 20649)",20649,20649,1,1,BN,spmspv_csc_dense_device,spmspv_csc_dense_device,none,False,False,True,0,torch.int64,torch.float32,torch.float32,dense_device,,,False,False,False,False,False,True,1.0,82596,285089348,285089348,0,0,False,unknown,unknown,unknown,unknown,unknown,,6.44083214;6.43919992;6.43097591;6.43763208;6.43500805;6.43100786;6.43088007;6.43558407;6.43135977;6.42470407;6.43305588;6.42934418;6.42729616;6.42729616;6.42934418;6.43446398;6.42934418;6.43344021;6.42934418;6.43139219,20,6.432075262069702,0.0041190812587332,6.424704074859619,6.440832138061523,passed,0,0.0,2.2351741790771484e-06,8.940696716308595e-08,1.114219230657909e-05,1.7618103811400943e-05,1.114219230657909e-05,1.7618103811400943e-05,20649,0,full_state,passed,,6.431183815002441,,,,,,,,,,,4.365071397483683
globalatomic_cudagraph,multiarea_mam,NVIDIA GeForce RTX 5090,2.11.0+cu128,12.8,default,0.15,,0.005,1.0,0.0,400000000.0,7a720dc89ed42df8,0,20649,256,1,21960982,1063.5373141556493,multiarea_mam,0,4692,615.5277770001732,0.5787552244829751,0.3108347092842594,2081.5999999999985,2809.0,0.05,0.049986909172357,1032.1796875,1047.0,1058,1093315.6328125,1119708.0,1126820,0.9763867111896012,0.9763867111896014,0.0689568223150319,1.0250153270914857,sampled_16_timesteps_max_2048_sources,converged,6.787109375,0.05,0.0499869063496589,1.3093650341036713e-05,True,12,SpMV,CUSPARSE_SPMV_ALG_DEFAULT,,,torch_cuda_event_cudagraph_replay,gpu_execution,full_rsnn,device_adapted,independent_inference,sparse_only,"(256, 1, 20649)","(256, 1, 20649)",20649,20649,1,1,BN,spmspv_csc_dense_device,spmspv_csc_dense_device,none,False,False,True,0,torch.int64,torch.float32,torch.float32,dense_device,,,False,False,False,False,False,True,1.0,82596,285089348,285089348,0,0,False,unknown,unknown,unknown,unknown,unknown,,14.812192;14.7668476;14.7728319;14.7708483;14.7748804;14.7729282;14.7709122;14.772768;14.7728004;14.7689276;14.7641277;14.7647038;14.7667522;14.7667522;14.7647038;14.7647038;14.7728958;14.7707844;14.7667198;14.7647038,20,14.771139192581176,0.010286178764178,14.764127731323242,14.8121919631958,passed,0,0.0,7.450580596923828e-07,2.9802322387695312e-08,3.713815658556996e-06,5.776360467280028e-06,3.713815658556996e-06,5.776360467280028e-06,20649,0,full_state,passed,,14.769855976104736,,,,,,,,,,,1.9006669102423264
vdha_cudagraph,multiarea_mam,NVIDIA GeForce RTX 5090,2.11.0+cu128,12.8,default,0.15,,0.005,1.0,0.0,400000000.0,7a720dc89ed42df8,0,20649,256,1,21960982,1063.5373141556493,multiarea_mam,0,4692,615.5277770001732,0.5787552244829751,0.3108347092842594,2081.5999999999985,2809.0,0.05,0.049986909172357,1032.1796875,1047.0,1058,1093315.6328125,1119708.0,1126820,0.9763867111896012,0.9763867111896014,0.0689568223150319,1.0250153270914857,sampled_16_timesteps_max_2048_sources,converged,6.787109375,0.05,0.0499869063496589,1.3093650341036713e-05,True,12,SpMV,CUSPARSE_SPMV_ALG_DEFAULT,,,torch_cuda_event_cudagraph_replay,gpu_execution,full_rsnn,device_adapted,independent_inference,sparse_only,"(256, 1, 20649)","(256, 1, 20649)",20649,20649,1,1,BN,spmspv_csc_dense_device,spmspv_csc_dense_device,none,False,False,True,0,torch.int64,torch.float32,torch.float32,dense_device,,,False,False,False,False,False,True,1.0,82596,285089348,285089348,0,0,False,unknown,unknown,unknown,unknown,unknown,,10.0855684;10.0751362;10.07232;10.0747843;10.0727358;10.0779524;10.076704;10.0748796;10.0740156;10.0762243;10.0777922;10.0743675;10.0725756;10.0763836;10.0768318;10.0757761;10.0768318;10.0788479;10.0747843;10.0747843,20,10.075964784622192,0.0028814617256151,10.072319984436035,10.08556842803955,passed,0,0.0,6.556510925292969e-07,2.9802322387695312e-08,3.261360916440026e-06,5.836549917148659e-06,3.261360916440026e-06,5.836549917148659e-06,20649,0,full_state,passed,,10.075456142425535,,,,,,,,,,,2.7862338067871373
persistent_spike_block,multiarea_mam,NVIDIA GeForce RTX 5090,2.11.0+cu128,12.8,default,0.15,,0.005,1.0,0.0,400000000.0,7a720dc89ed42df8,0,20649,256,1,21960982,1063.5373141556493,multiarea_mam,0,4692,615.5277770001732,0.5787552244829751,0.3108347092842594,2081.5999999999985,2809.0,0.05,0.049986909172357,1032.1796875,1047.0,1058,1093315.6328125,1119708.0,1126820,0.9763867111896012,0.9763867111896014,0.0689568223150319,1.0250153270914857,sampled_16_timesteps_max_2048_sources,converged,6.787109375,0.05,0.0499869063496589,1.3093650341036713e-05,True,12,SpMV,CUSPARSE_SPMV_ALG_DEFAULT,,,torch_cuda_event,gpu_execution,full_rsnn,device_native,independent_inference,full_fusion,"(256, 1, 20649)","(256, 1, 20649)",20649,20649,1,1,BN,event_csr,event_csr,dense_to_events_precomputed,False,True,True,0,torch.int32,torch.float32,torch.float32,windowed_events,,,False,False,False,False,False,False,1.0,2397004,176148120,176148120,0,0,False,unknown,unknown,unknown,unknown,unknown,,5.16633606;5.10911989;5.11177588;5.11126423;5.11791992;5.123456;5.11791992;5.1173439;5.1169281;5.11443186;5.10665607;5.11433601;5.11500788;5.11023998;5.1168642;5.10812807;5.11708784;5.11014414;5.1220479;5.10975981,20,5.116838383674621,0.0125095839169007,5.106656074523926,5.1663360595703125,passed,0,0.0,6.616115570068359e-06,5.103647708892822e-07,3.297178409411572e-05,0.0001003763827611,3.297178409411572e-05,0.0001003763827611,20649,0,full_state,passed,,5.114719867706299,,,,,,,5.488585347571797,,,,5.488585347571797
cusparse_direct_cudagraph,multiarea_mam,NVIDIA GeForce RTX 5090,2.11.0+cu128,12.8,default,0.15,,0.005,1.0,0.0,400000000.0,2ab41795cd0fae11,0,20649,256,1,21960982,1063.5373141556493,multiarea_mam,0,4692,615.5277770001732,0.5787552244829751,0.3108347092842594,2081.5999999999985,2809.0,0.1,0.0999586844399244,2064.046875,2153.0,2263,2181701.453125,2291015.75,2372519,0.9850012237539238,0.9850012237539236,0.107776492008834,1.0963898288404907,sampled_16_timesteps_max_2048_sources,converged,14.8681640625,0.1,0.0999586805701255,4.131942987442572e-05,True,12,SpMV,CUSPARSE_SPMV_ALG_DEFAULT,,,torch_cuda_event,gpu_execution,full_rsnn,device_native,independent_inference,sparse_only,"(256, 1, 20649)","(256, 1, 20649)",20649,20649,1,1,BN,csr_post_by_pre,csr_post_by_pre,none,False,False,True,0,torch.int32,torch.float32,torch.float32,dense,,,False,False,False,False,False,True,1.0,85792,218307396,218307396,0,0,False,unknown,unknown,unknown,unknown,unknown,,28.1044159;28.068512;28.0777283;28.0684795;28.0705605;28.0756798;28.0746555;28.0756474;28.0684795;28.0725765;28.0736313;28.0725765;28.0766716;28.0695362;28.0684795;28.0715523;28.0725765;28.0705605;28.0756474;28.068512,20,28.073823928833008,0.0078192713343862,28.068479537963867,28.104415893554688,passed,0,0.0,1.9073486328125e-06,2.9802322387695312e-08,8.74169018061366e-06,5.631729891319992e-06,8.74169018061366e-06,5.631729891319992e-06,20649,0,full_state,passed,,28.07257652282715,,,,,,,1.0,,,,1.0
tilespmspv_cudagraph,multiarea_mam,NVIDIA GeForce RTX 5090,2.11.0+cu128,12.8,default,0.15,,0.005,1.0,0.0,400000000.0,2ab41795cd0fae11,0,20649,256,1,21960982,1063.5373141556493,multiarea_mam,0,4692,615.5277770001732,0.5787552244829751,0.3108347092842594,2081.5999999999985,2809.0,0.1,0.0999586844399244,2064.046875,2153.0,2263,2181701.453125,2291015.75,2372519,0.9850012237539238,0.9850012237539236,0.107776492008834,1.0963898288404907,sampled_16_timesteps_max_2048_sources,converged,14.8681640625,0.1,0.0999586805701255,4.131942987442572e-05,True,12,SpMV,CUSPARSE_SPMV_ALG_DEFAULT,,,torch_cuda_event_cudagraph_replay,gpu_execution,full_rsnn,device_adapted,independent_inference,sparse_only,"(256, 1, 20649)","(256, 1, 20649)",20649,20649,1,1,BN,spmspv_csc_dense_device,spmspv_csc_dense_device,none,False,False,True,0,torch.int64,torch.float32,torch.float32,dense_device,,,False,False,False,False,False,True,1.0,82596,285089348,285089348,0,0,False,unknown,unknown,unknown,unknown,unknown,,7.99539185;7.95571184;7.96393585;7.97817612;7.98195219;7.96358395;7.96384001;7.976192;7.96236801;7.97151995;7.96784019;7.97046423;7.97251177;7.97865582;7.97558403;7.97455978;7.95203209;7.97865582;7.98070383;7.97555208,20,7.971961569786072,0.0099410932101619,7.952032089233398,7.995391845703125,passed,0,0.0,4.798173904418945e-06,3.427267074584961e-07,2.3888054784038104e-05,6.547969678649679e-05,2.3888054784038104e-05,6.547969678649679e-05,20649,0,full_state,passed,,7.973535776138306,,,,,,,,,,,3.520718701336672
globalatomic_cudagraph,multiarea_mam,NVIDIA GeForce RTX 5090,2.11.0+cu128,12.8,default,0.15,,0.005,1.0,0.0,400000000.0,2ab41795cd0fae11,0,20649,256,1,21960982,1063.5373141556493,multiarea_mam,0,4692,615.5277770001732,0.5787552244829751,0.3108347092842594,2081.5999999999985,2809.0,0.1,0.0999586844399244,2064.046875,2153.0,2263,2181701.453125,2291015.75,2372519,0.9850012237539238,0.9850012237539236,0.107776492008834,1.0963898288404907,sampled_16_timesteps_max_2048_sources,converged,14.8681640625,0.1,0.0999586805701255,4.131942987442572e-05,True,12,SpMV,CUSPARSE_SPMV_ALG_DEFAULT,,,torch_cuda_event_cudagraph_replay,gpu_execution,full_rsnn,device_adapted,independent_inference,sparse_only,"(256, 1, 20649)","(256, 1, 20649)",20649,20649,1,1,BN,spmspv_csc_dense_device,spmspv_csc_dense_device,none,False,False,True,0,torch.int64,torch.float32,torch.float32,dense_device,,,False,False,False,False,False,True,1.0,82596,285089348,285089348,0,0,False,unknown,unknown,unknown,unknown,unknown,,16.5031033;16.4863682;16.4881287;16.4920635;16.4922237;16.4963207;16.4963512;16.4910717;16.4880962;16.4921608;16.4917126;16.4880962;16.4880962;16.4901447;16.4911671;16.4901447;16.4901447;16.4901123;16.4901447;16.4880638,20,16.49118576049805,0.0038015956556302,16.48636817932129,16.503103256225586,passed,0,0.0,3.1888484954833984e-06,1.043081283569336e-07,1.5894731404841878e-05,1.990085729630664e-05,1.5894731404841878e-05,1.990085729630664e-05,20649,0,full_state,passed,,16.490144729614258,,,,,,,,,,,1.702385090193434
vdha_cudagraph,multiarea_mam,NVIDIA GeForce RTX 5090,2.11.0+cu128,12.8,default,0.15,,0.005,1.0,0.0,400000000.0,2ab41795cd0fae11,0,20649,256,1,21960982,1063.5373141556493,multiarea_mam,0,4692,615.5277770001732,0.5787552244829751,0.3108347092842594,2081.5999999999985,2809.0,0.1,0.0999586844399244,2064.046875,2153.0,2263,2181701.453125,2291015.75,2372519,0.9850012237539238,0.9850012237539236,0.107776492008834,1.0963898288404907,sampled_16_timesteps_max_2048_sources,converged,14.8681640625,0.1,0.0999586805701255,4.131942987442572e-05,True,12,SpMV,CUSPARSE_SPMV_ALG_DEFAULT,,,torch_cuda_event_cudagraph_replay,gpu_execution,full_rsnn,device_adapted,independent_inference,sparse_only,"(256, 1, 20649)","(256, 1, 20649)",20649,20649,1,1,BN,spmspv_csc_dense_device,spmspv_csc_dense_device,none,False,False,True,0,torch.int64,torch.float32,torch.float32,dense_device,,,False,False,False,False,False,True,1.0,82596,285089348,285089348,0,0,False,unknown,unknown,unknown,unknown,unknown,,11.4103041;11.3980484;11.392704;11.393568;11.3947515;11.3972158;11.3967676;11.3958721;11.399456;11.3920002;11.3951683;11.3925762;11.3937597;11.390048;11.3916483;11.3998079;11.3947201;11.3957443;11.390624;11.3895998,20,11.395219230651856,0.00460455628896,11.389599800109863,11.410304069519045,passed,0,0.0,2.950429916381836e-06,1.862645149230957e-07,1.4710097275383305e-05,3.628166814451106e-05,1.4710097275383305e-05,3.628166814451106e-05,20649,0,full_state,passed,,11.39473581314087,,,,,,,,,,,2.4636443514954265
persistent_spike_block,multiarea_mam,NVIDIA GeForce RTX 5090,2.11.0+cu128,12.8,default,0.15,,0.005,1.0,0.0,400000000.0,2ab41795cd0fae11,0,20649,256,1,21960982,1063.5373141556493,multiarea_mam,0,4692,615.5277770001732,0.5787552244829751,0.3108347092842594,2081.5999999999985,2809.0,0.1,0.0999586844399244,2064.046875,2153.0,2263,2181701.453125,2291015.75,2372519,0.9850012237539238,0.9850012237539236,0.107776492008834,1.0963898288404907,sampled_16_timesteps_max_2048_sources,converged,14.8681640625,0.1,0.0999586805701255,4.131942987442572e-05,True,12,SpMV,CUSPARSE_SPMV_ALG_DEFAULT,,,torch_cuda_event,gpu_execution,full_rsnn,device_native,independent_inference,full_fusion,"(256, 1, 20649)","(256, 1, 20649)",20649,20649,1,1,BN,event_csr,event_csr,dense_to_events_precomputed,False,True,True,0,torch.int32,torch.float32,torch.float32,windowed_events,,,False,False,False,False,False,False,1.0,2397004,176148120,176148120,0,0,False,unknown,unknown,unknown,unknown,unknown,,6.5664959;6.64169598;6.52121592;6.62732792;6.51200008;6.6252799;6.51097584;6.64463997;6.50483179;6.62940788;6.50687981;6.64576006;6.52886391;6.64371204;6.52227211;6.63350391;6.52121592;6.65395212;6.50649595;6.63859177,20,6.579255938529968,0.0622736217130761,6.504831790924072,6.653952121734619,passed_causal_masked_state,10,1.8917380986972732e-06,0.0173800885677337,3.203749656677246e-06,0.0865492224693298,0.00061633012956,6.065872003091499e-05,0.0005149344797246,20109,540,causal_masked_state,passed_causal_masked_state,,6.595887899398804,,,,,,,4.256072412235187,,,,4.256072412235187
cusparse_direct_cudagraph,multiarea_mam,NVIDIA GeForce RTX 5090,2.11.0+cu128,12.8,default,0.15,,0.005,1.0,0.0,400000000.0,d128670c45a48e96,0,20649,256,1,21960982,1063.5373141556493,multiarea_mam,0,4692,615.5277770001732,0.5787552244829751,0.3108347092842594,2081.5999999999985,2809.0,0.2,0.1999866064942612,4129.5234375,4388.5,4503,4363917.76171875,4674760.5,4730542,0.98500758906202,0.9850075890620204,0.1602594529657142,1.0904405963914572,sampled_16_timesteps_max_2048_sources,converged,41.259765625,0.2,0.1999866068363189,1.3393163681041376e-05,True,12,SpMV,CUSPARSE_SPMV_ALG_DEFAULT,,,torch_cuda_event,gpu_execution,full_rsnn,device_native,independent_inference,sparse_only,"(256, 1, 20649)","(256, 1, 20649)",20649,20649,1,1,BN,csr_post_by_pre,csr_post_by_pre,none,False,False,True,0,torch.int32,torch.float32,torch.float32,dense,,,False,False,False,False,False,True,1.0,85792,218307396,218307396,0,0,False,unknown,unknown,unknown,unknown,unknown,,28.0827847;28.0767994;28.0715847;28.0726089;28.070528;28.0736008;28.066433;28.0715523;28.0726089;28.0684795;28.0695038;28.070528;28.068512;28.0715523;28.066433;28.0695362;28.0746231;28.070528;28.0715523;28.070528,20,28.071513843536376,0.0036497065147857,28.06643295288086,28.08278465270996,passed,0,0.0,3.814697265625e-06,4.4703483581542975e-08,1.8647449905984104e-05,8.373450327781029e-06,1.8647449905984104e-05,8.373450327781029e-06,20649,0,full_state,passed,,28.071040153503414,,,,,,,1.0,,,,1.0
tilespmspv_cudagraph,multiarea_mam,NVIDIA GeForce RTX 5090,2.11.0+cu128,12.8,default,0.15,,0.005,1.0,0.0,400000000.0,d128670c45a48e96,0,20649,256,1,21960982,1063.5373141556493,multiarea_mam,0,4692,615.5277770001732,0.5787552244829751,0.3108347092842594,2081.5999999999985,2809.0,0.2,0.1999866064942612,4129.5234375,4388.5,4503,4363917.76171875,4674760.5,4730542,0.98500758906202,0.9850075890620204,0.1602594529657142,1.0904405963914572,sampled_16_timesteps_max_2048_sources,converged,41.259765625,0.2,0.1999866068363189,1.3393163681041376e-05,True,12,SpMV,CUSPARSE_SPMV_ALG_DEFAULT,,,torch_cuda_event_cudagraph_replay,gpu_execution,full_rsnn,device_adapted,independent_inference,sparse_only,"(256, 1, 20649)","(256, 1, 20649)",20649,20649,1,1,BN,spmspv_csc_dense_device,spmspv_csc_dense_device,none,False,False,True,0,torch.int64,torch.float32,torch.float32,dense_device,,,False,False,False,False,False,True,1.0,82596,285089348,285089348,0,0,False,unknown,unknown,unknown,unknown,unknown,,10.5320644;10.531744;10.5274563;10.5313597;10.5151043;10.5109119;10.5129919;10.5007677;10.5313921;10.5334721;10.5453119;10.533536;10.5150719;10.5315199;10.5089283;10.5130558;10.5232964;10.537632;10.5151043;10.5560637,20,10.525339221954344,0.0136359023830035,10.500767707824709,10.556063652038574,passed,0,0.0,1.52587890625e-05,1.1846423149108889e-06,7.240193372126669e-05,0.0002275077567901,7.240193372126669e-05,0.0002275077567901,20649,0,full_state,passed,,10.52940797805786,,,,,,,,,,,2.665965666065975
globalatomic_cudagraph,multiarea_mam,NVIDIA GeForce RTX 5090,2.11.0+cu128,12.8,default,0.15,,0.005,1.0,0.0,400000000.0,d128670c45a48e96,0,20649,256,1,21960982,1063.5373141556493,multiarea_mam,0,4692,615.5277770001732,0.5787552244829751,0.3108347092842594,2081.5999999999985,2809.0,0.2,0.1999866064942612,4129.5234375,4388.5,4503,4363917.76171875,4674760.5,4730542,0.98500758906202,0.9850075890620204,0.1602594529657142,1.0904405963914572,sampled_16_timesteps_max_2048_sources,converged,41.259765625,0.2,0.1999866068363189,1.3393163681041376e-05,True,12,SpMV,CUSPARSE_SPMV_ALG_DEFAULT,,,torch_cuda_event_cudagraph_replay,gpu_execution,full_rsnn,device_adapted,independent_inference,sparse_only,"(256, 1, 20649)","(256, 1, 20649)",20649,20649,1,1,BN,spmspv_csc_dense_device,spmspv_csc_dense_device,none,False,False,True,0,torch.int64,torch.float32,torch.float32,dense_device,,,False,False,False,False,False,True,1.0,82596,285089348,285089348,0,0,False,unknown,unknown,unknown,unknown,unknown,,20.4171524;20.3937283;20.3915844;20.3966713;20.385376;20.3915844;20.3855362;20.3904324;20.3874569;20.393568;20.398304;20.3936005;20.391552;20.3936005;20.3905602;20.3956795;20.3895359;20.3905602;20.3895035;20.3895359,20,20.392776107788087,0.0066415336341737,20.3853759765625,20.41715240478516,passed,0,0.0,1.621246337890625e-05,7.525086402893066e-07,7.307317719096318e-05,0.000149386411067,7.307317719096318e-05,0.000149386411067,20649,0,full_state,passed,,20.39156818389893,,,,,,,,,,,1.376600362480614
vdha_cudagraph,multiarea_mam,NVIDIA GeForce RTX 5090,2.11.0+cu128,12.8,default,0.15,,0.005,1.0,0.0,400000000.0,d128670c45a48e96,0,20649,256,1,21960982,1063.5373141556493,multiarea_mam,0,4692,615.5277770001732,0.5787552244829751,0.3108347092842594,2081.5999999999985,2809.0,0.2,0.1999866064942612,4129.5234375,4388.5,4503,4363917.76171875,4674760.5,4730542,0.98500758906202,0.9850075890620204,0.1602594529657142,1.0904405963914572,sampled_16_timesteps_max_2048_sources,converged,41.259765625,0.2,0.1999866068363189,1.3393163681041376e-05,True,12,SpMV,CUSPARSE_SPMV_ALG_DEFAULT,,,torch_cuda_event_cudagraph_replay,gpu_execution,full_rsnn,device_adapted,independent_inference,sparse_only,"(256, 1, 20649)","(256, 1, 20649)",20649,20649,1,1,BN,spmspv_csc_dense_device,spmspv_csc_dense_device,none,False,False,True,0,torch.int64,torch.float32,torch.float32,dense_device,,,False,False,False,False,False,True,1.0,82596,285089348,285089348,0,0,False,unknown,unknown,unknown,unknown,unknown,,14.5918398;14.5786562;14.5804482;14.5802565;14.5783043;14.5702076;14.5741444;14.5742397;14.5783358;14.5721922;14.5680637;14.5763836;14.582304;14.5819197;14.5721922;14.5721922;14.5721922;14.5701122;14.5712004;14.5762882,20,14.57607364654541,0.0056209482199712,14.568063735961914,14.591839790344238,passed,0,0.0,9.5367431640625e-06,4.172325134277344e-07,4.137676296522841e-05,7.955683395266533e-05,4.137676296522841e-05,7.955683395266533e-05,20649,0,full_state,passed,,14.57526397705078,,,,,,,,,,,1.925936998307692
persistent_spike_block,multiarea_mam,NVIDIA GeForce RTX 5090,2.11.0+cu128,12.8,default,0.15,,0.005,1.0,0.0,400000000.0,d128670c45a48e96,0,20649,256,1,21960982,1063.5373141556493,multiarea_mam,0,4692,615.5277770001732,0.5787552244829751,0.3108347092842594,2081.5999999999985,2809.0,0.2,0.1999866064942612,4129.5234375,4388.5,4503,4363917.76171875,4674760.5,4730542,0.98500758906202,0.9850075890620204,0.1602594529657142,1.0904405963914572,sampled_16_timesteps_max_2048_sources,converged,41.259765625,0.2,0.1999866068363189,1.3393163681041376e-05,True,12,SpMV,CUSPARSE_SPMV_ALG_DEFAULT,,,torch_cuda_event,gpu_execution,full_rsnn,device_native,independent_inference,full_fusion,"(256, 1, 20649)","(256, 1, 20649)",20649,20649,1,1,BN,event_csr,event_csr,dense_to_events_precomputed,False,True,True,0,torch.int32,torch.float32,torch.float32,windowed_events,,,False,False,False,False,False,False,1.0,2397004,176148120,176148120,0,0,False,unknown,unknown,unknown,unknown,unknown,,10.2282238;10.4980803;10.1421118;10.5103683;10.1871681;10.5165119;10.1646404;10.512352;10.1497917;10.512352;10.1625919;10.5124159;10.1687365;10.510272;10.1512957;10.5227842;10.1687365;10.5020161;10.1744642;10.5093117,20,10.340211248397829,0.1757263290651838,10.142111778259276,10.522784233093262,passed_causal_masked_state,1,1.8917380986972733e-07,0.0002727508544921,5.096197128295898e-06,0.0013317235279828,0.0009249853901565,0.0002034980425378,0.0009249853901565,19962,687,causal_masked_state,passed_causal_masked_state,,10.363152027130129,,,,,,,2.708735728281808,,,,2.708735728281808
cusparse_direct_cudagraph,multiarea_mam,NVIDIA GeForce RTX 5090,2.11.0+cu128,12.8,default,0.15,,0.005,1.0,0.0,400000000.0,a91e6814364cc66a,1,20649,256,1,21960982,1063.5373141556493,multiarea_mam,1,4692,615.5277770001732,0.5787552244829751,0.3108347092842594,2081.5999999999985,2809.0,0.005,0.0044715013438907,92.33203125,152.75,401,78381.515625,156652.0,428792,0.7200246506344887,0.7200246506344885,0.5885931075354395,4.343021534035622,sampled_16_timesteps_max_2048_sources,best_effort,1.0498046875,0.005,0.0044715013355016,0.0005284986644983,True,12,SpMV,CUSPARSE_SPMV_ALG_DEFAULT,,,torch_cuda_event,gpu_execution,full_rsnn,device_native,independent_inference,sparse_only,"(256, 1, 20649)","(256, 1, 20649)",20649,20649,1,1,BN,csr_post_by_pre,csr_post_by_pre,none,False,False,True,0,torch.int32,torch.float32,torch.float32,dense,,,False,False,False,False,False,True,1.0,85792,218307396,218307396,0,0,False,unknown,unknown,unknown,unknown,unknown,,28.0894089;28.0765114;28.0797119;28.0828476;28.0766716;28.0756474;28.0787525;28.0838394;28.0787201;28.0828476;28.0838394;28.0828152;28.0807991;28.0817928;28.0787525;28.0797119;28.0828152;28.0828152;28.0817928;28.0766716,20,28.080838203430176,0.0033182644245724,28.075647354125977,28.08940887451172,passed,0,0.0,1.1920928955078125e-07,1.862645149230957e-09,5.960311000308138e-07,3.717063918884378e-07,5.960311000308138e-07,3.717063918884378e-07,20649,0,full_state,passed,,28.08129596710205,,,,,,,1.0,,,,1.0
tilespmspv_cudagraph,multiarea_mam,NVIDIA GeForce RTX 5090,2.11.0+cu128,12.8,default,0.15,,0.005,1.0,0.0,400000000.0,a91e6814364cc66a,1,20649,256,1,21960982,1063.5373141556493,multiarea_mam,1,4692,615.5277770001732,0.5787552244829751,0.3108347092842594,2081.5999999999985,2809.0,0.005,0.0044715013438907,92.33203125,152.75,401,78381.515625,156652.0,428792,0.7200246506344887,0.7200246506344885,0.5885931075354395,4.343021534035622,sampled_16_timesteps_max_2048_sources,best_effort,1.0498046875,0.005,0.0044715013355016,0.0005284986644983,True,12,SpMV,CUSPARSE_SPMV_ALG_DEFAULT,,,torch_cuda_event_cudagraph_replay,gpu_execution,full_rsnn,device_adapted,independent_inference,sparse_only,"(256, 1, 20649)","(256, 1, 20649)",20649,20649,1,1,BN,spmspv_csc_dense_device,spmspv_csc_dense_device,none,False,False,True,0,torch.int64,torch.float32,torch.float32,dense_device,,,False,False,False,False,False,True,1.0,82596,285089348,285089348,0,0,False,unknown,unknown,unknown,unknown,unknown,,4.94672012;4.93743992;4.93238401;4.94540787;4.93939209;4.93839979;4.93747187;4.93120003;4.93225622;4.93724823;4.93696022;4.93225622;4.93737602;4.93123198;4.93635178;4.93532801;4.93532801;4.93635178;4.92918396;4.94249582,20,4.936539196968079,0.0045893387471117,4.9291839599609375,4.946720123291016,passed,0,0.0,1.1920928955078125e-07,1.862645149230957e-09,5.957984967608354e-07,3.7112735640221217e-07,5.957984967608354e-07,3.7112735640221217e-07,20649,0,full_state,passed,,4.9366559982299805,,,,,,,,,,,5.6883234272694905
globalatomic_cudagraph,multiarea_mam,NVIDIA GeForce RTX 5090,2.11.0+cu128,12.8,default,0.15,,0.005,1.0,0.0,400000000.0,a91e6814364cc66a,1,20649,256,1,21960982,1063.5373141556493,multiarea_mam,1,4692,615.5277770001732,0.5787552244829751,0.3108347092842594,2081.5999999999985,2809.0,0.005,0.0044715013438907,92.33203125,152.75,401,78381.515625,156652.0,428792,0.7200246506344887,0.7200246506344885,0.5885931075354395,4.343021534035622,sampled_16_timesteps_max_2048_sources,best_effort,1.0498046875,0.005,0.0044715013355016,0.0005284986644983,True,12,SpMV,CUSPARSE_SPMV_ALG_DEFAULT,,,torch_cuda_event_cudagraph_replay,gpu_execution,full_rsnn,device_adapted,independent_inference,sparse_only,"(256, 1, 20649)","(256, 1, 20649)",20649,20649,1,1,BN,spmspv_csc_dense_device,spmspv_csc_dense_device,none,False,False,True,0,torch.int64,torch.float32,torch.float32,dense_device,,,False,False,False,False,False,True,1.0,82596,285089348,285089348,0,0,False,unknown,unknown,unknown,unknown,unknown,,14.1317759;14.0953283;14.0909758;14.0897284;14.092864;14.0888319;14.0930243;14.0918722;14.0930243;14.0867205;14.0894403;14.0888643;14.0908804;14.0888643;14.0898876;14.0888643;14.0908804;14.0919037;14.0888643;14.0847683,20,14.092368173599244,0.0095769018975948,14.084768295288086,14.131775856018066,passed,0,0.0,1.1920928955078125e-07,1.862645149230957e-09,5.944457370787859e-07,3.713324758791714e-07,5.944457370787859e-07,3.713324758791714e-07,20649,0,full_state,passed,,14.090384006500244,,,,,,,,,,,1.9929404304486984
vdha_cudagraph,multiarea_mam,NVIDIA GeForce RTX 5090,2.11.0+cu128,12.8,default,0.15,,0.005,1.0,0.0,400000000.0,a91e6814364cc66a,1,20649,256,1,21960982,1063.5373141556493,multiarea_mam,1,4692,615.5277770001732,0.5787552244829751,0.3108347092842594,2081.5999999999985,2809.0,0.005,0.0044715013438907,92.33203125,152.75,401,78381.515625,156652.0,428792,0.7200246506344887,0.7200246506344885,0.5885931075354395,4.343021534035622,sampled_16_timesteps_max_2048_sources,best_effort,1.0498046875,0.005,0.0044715013355016,0.0005284986644983,True,12,SpMV,CUSPARSE_SPMV_ALG_DEFAULT,,,torch_cuda_event_cudagraph_replay,gpu_execution,full_rsnn,device_adapted,independent_inference,sparse_only,"(256, 1, 20649)","(256, 1, 20649)",20649,20649,1,1,BN,spmspv_csc_dense_device,spmspv_csc_dense_device,none,False,False,True,0,torch.int64,torch.float32,torch.float32,dense_device,,,False,False,False,False,False,True,1.0,82596,285089348,285089348,0,0,False,unknown,unknown,unknown,unknown,unknown,,8.28579235;8.26556778;8.27561569;8.27369595;8.27340794;8.27561569;8.2694397;8.27558422;8.27561569;8.27359962;8.27353573;8.27350426;8.27561569;8.27305603;8.26992035;8.27107239;8.26940823;8.27868843;8.27353573;8.27145576,20,8.273686361312866,0.004096642076667,8.265567779541016,8.285792350769043,passed,0,0.0,1.1920928955078125e-07,1.862645149230957e-09,5.944457370787859e-07,3.713324758791714e-07,5.944457370787859e-07,3.713324758791714e-07,20649,0,full_state,passed,,8.27353572845459,,,,,,,,,,,3.394110678766277
persistent_spike_block,multiarea_mam,NVIDIA GeForce RTX 5090,2.11.0+cu128,12.8,default,0.15,,0.005,1.0,0.0,400000000.0,a91e6814364cc66a,1,20649,256,1,21960982,1063.5373141556493,multiarea_mam,1,4692,615.5277770001732,0.5787552244829751,0.3108347092842594,2081.5999999999985,2809.0,0.005,0.0044715013438907,92.33203125,152.75,401,78381.515625,156652.0,428792,0.7200246506344887,0.7200246506344885,0.5885931075354395,4.343021534035622,sampled_16_timesteps_max_2048_sources,best_effort,1.0498046875,0.005,0.0044715013355016,0.0005284986644983,True,12,SpMV,CUSPARSE_SPMV_ALG_DEFAULT,,,torch_cuda_event,gpu_execution,full_rsnn,device_native,independent_inference,full_fusion,"(256, 1, 20649)","(256, 1, 20649)",20649,20649,1,1,BN,event_csr,event_csr,dense_to_events_precomputed,False,True,True,0,torch.int32,torch.float32,torch.float32,windowed_events,,,False,False,False,False,False,False,1.0,2397004,176148120,176148120,0,0,False,unknown,unknown,unknown,unknown,unknown,,4.08767986;4.04681587;4.03904009;4.04876804;4.04368019;4.04892778;4.03958416;4.04067183;4.0462079;4.04678392;4.04006386;4.04067183;4.04220819;4.04070377;4.04928017;4.05503988;4.04160023;4.04486418;4.04377604;4.04476786,20,4.046556782722473,0.010507112495983,4.0390400886535645,4.087679862976074,passed,0,0.0,1.1920928955078125e-07,3.725290298461914e-09,5.960444582342461e-07,7.402898631880817e-07,5.960444582342461e-07,7.402898631880817e-07,20649,0,full_state,passed,,4.044271945953369,,,,,,,6.943473718477247,,,,6.943473718477247
cusparse_direct_cudagraph,multiarea_mam,NVIDIA GeForce RTX 5090,2.11.0+cu128,12.8,default,0.15,,0.005,1.0,0.0,400000000.0,b1fed748129422ff,1,20649,256,1,21960982,1063.5373141556493,multiarea_mam,1,4692,615.5277770001732,0.5787552244829751,0.3108347092842594,2081.5999999999985,2809.0,0.01,0.0099999167635236,206.48828125,201.0,402,219591.6640625,227404.0,438745,0.9036316802482988,0.9036316802482988,0.1627504308955255,1.9468417169557897,sampled_16_timesteps_max_2048_sources,converged,1.5625,0.01,0.0099999168887734,8.311122655889348e-08,True,12,SpMV,CUSPARSE_SPMV_ALG_DEFAULT,,,torch_cuda_event,gpu_execution,full_rsnn,device_native,independent_inference,sparse_only,"(256, 1, 20649)","(256, 1, 20649)",20649,20649,1,1,BN,csr_post_by_pre,csr_post_by_pre,none,False,False,True,0,torch.int32,torch.float32,torch.float32,dense,,,False,False,False,False,False,True,1.0,85792,218307396,218307396,0,0,False,unknown,unknown,unknown,unknown,unknown,,28.0835209;28.0704327;28.0817604;28.0726089;28.070528;28.0715523;28.0684795;28.0695038;28.0684795;28.0726089;28.0715523;28.070528;28.0746555;28.0736313;28.0725765;28.0715847;28.068512;28.0705605;28.0715523;28.0726089,20,28.072361850738524,0.003902471241376,28.068479537963867,28.083520889282227,passed,0,0.0,1.1920928955078125e-07,2.7939677238464355e-09,5.947550221208076e-07,5.567190441979619e-07,5.947550221208076e-07,5.567190441979619e-07,20649,0,full_state,passed,,28.071552276611328,,,,,,,1.0,,,,1.0
tilespmspv_cudagraph,multiarea_mam,NVIDIA GeForce RTX 5090,2.11.0+cu128,12.8,default,0.15,,0.005,1.0,0.0,400000000.0,b1fed748129422ff,1,20649,256,1,21960982,1063.5373141556493,multiarea_mam,1,4692,615.5277770001732,0.5787552244829751,0.3108347092842594,2081.5999999999985,2809.0,0.01,0.0099999167635236,206.48828125,201.0,402,219591.6640625,227404.0,438745,0.9036316802482988,0.9036316802482988,0.1627504308955255,1.9468417169557897,sampled_16_timesteps_max_2048_sources,converged,1.5625,0.01,0.0099999168887734,8.311122655889348e-08,True,12,SpMV,CUSPARSE_SPMV_ALG_DEFAULT,,,torch_cuda_event_cudagraph_replay,gpu_execution,full_rsnn,device_adapted,independent_inference,sparse_only,"(256, 1, 20649)","(256, 1, 20649)",20649,20649,1,1,BN,spmspv_csc_dense_device,spmspv_csc_dense_device,none,False,False,True,0,torch.int64,torch.float32,torch.float32,dense_device,,,False,False,False,False,False,True,1.0,82596,285089348,285089348,0,0,False,unknown,unknown,unknown,unknown,unknown,,5.22198391;5.2054081;5.21033621;5.20921612;5.21449614;5.21343994;5.21030378;5.20918417;5.21231985;5.21343994;5.21036816;5.20976019;5.21283197;5.21590424;5.21484804;5.2118082;5.21276808;5.21388817;5.21283197;5.2118082,20,5.212347269058228,0.0033179810222548,5.205408096313477,5.221983909606934,passed,0,0.0,1.1920928955078125e-07,3.725290298461914e-09,5.946423584646254e-07,7.409846602968173e-07,5.946423584646254e-07,7.409846602968173e-07,20649,0,full_state,passed,,5.212543964385986,,,,,,,,,,,5.385384270791091
globalatomic_cudagraph,multiarea_mam,NVIDIA GeForce RTX 5090,2.11.0+cu128,12.8,default,0.15,,0.005,1.0,0.0,400000000.0,b1fed748129422ff,1,20649,256,1,21960982,1063.5373141556493,multiarea_mam,1,4692,615.5277770001732,0.5787552244829751,0.3108347092842594,2081.5999999999985,2809.0,0.01,0.0099999167635236,206.48828125,201.0,402,219591.6640625,227404.0,438745,0.9036316802482988,0.9036316802482988,0.1627504308955255,1.9468417169557897,sampled_16_timesteps_max_2048_sources,converged,1.5625,0.01,0.0099999168887734,8.311122655889348e-08,True,12,SpMV,CUSPARSE_SPMV_ALG_DEFAULT,,,torch_cuda_event_cudagraph_replay,gpu_execution,full_rsnn,device_adapted,independent_inference,sparse_only,"(256, 1, 20649)","(256, 1, 20649)",20649,20649,1,1,BN,spmspv_csc_dense_device,spmspv_csc_dense_device,none,False,False,True,0,torch.int64,torch.float32,torch.float32,dense_device,,,False,False,False,False,False,True,1.0,82596,285089348,285089348,0,0,False,unknown,unknown,unknown,unknown,unknown,,14.1743679;14.1586561;14.1564159;14.1594563;14.1584959;14.1565123;14.160512;14.1554241;14.154336;14.1564159;14.1580477;14.1594877;14.1543999;14.1543999;14.1584959;14.1513281;14.1543999;14.1584959;14.1584959;14.1533756,20,14.157575941085817,0.0046365048212348,14.151328086853027,14.174367904663086,passed,0,0.0,1.1920928955078125e-07,2.7939677238464355e-09,5.946883447904838e-07,5.565085530179203e-07,5.946883447904838e-07,5.565085530179203e-07,20649,0,full_state,passed,,14.15727996826172,,,,,,,,,,,1.982835144854316
vdha_cudagraph,multiarea_mam,NVIDIA GeForce RTX 5090,2.11.0+cu128,12.8,default,0.15,,0.005,1.0,0.0,400000000.0,b1fed748129422ff,1,20649,256,1,21960982,1063.5373141556493,multiarea_mam,1,4692,615.5277770001732,0.5787552244829751,0.3108347092842594,2081.5999999999985,2809.0,0.01,0.0099999167635236,206.48828125,201.0,402,219591.6640625,227404.0,438745,0.9036316802482988,0.9036316802482988,0.1627504308955255,1.9468417169557897,sampled_16_timesteps_max_2048_sources,converged,1.5625,0.01,0.0099999168887734,8.311122655889348e-08,True,12,SpMV,CUSPARSE_SPMV_ALG_DEFAULT,,,torch_cuda_event_cudagraph_replay,gpu_execution,full_rsnn,device_adapted,independent_inference,sparse_only,"(256, 1, 20649)","(256, 1, 20649)",20649,20649,1,1,BN,spmspv_csc_dense_device,spmspv_csc_dense_device,none,False,False,True,0,torch.int64,torch.float32,torch.float32,dense_device,,,False,False,False,False,False,True,1.0,82596,285089348,285089348,0,0,False,unknown,unknown,unknown,unknown,unknown,,8.70412827;8.69155216;8.69344044;8.69747162;8.69337559;8.69542408;8.68931198;8.69033623;8.69334412;8.6894722;8.69132805;8.68716812;8.69539165;8.69292831;8.69443226;8.68931198;8.68726444;8.69545555;8.69750404;8.69340801,20,8.69310245513916,0.0039918047760002,8.68716812133789,8.70412826538086,passed,0,0.0,1.1920928955078125e-07,2.7939677238464355e-09,5.946883447904838e-07,5.567564471675723e-07,5.946883447904838e-07,5.567564471675723e-07,20649,0,full_state,passed,,8.693359851837158,,,,,,,,,,,3.2290797522524044
persistent_spike_block,multiarea_mam,NVIDIA GeForce RTX 5090,2.11.0+cu128,12.8,default,0.15,,0.005,1.0,0.0,400000000.0,b1fed748129422ff,1,20649,256,1,21960982,1063.5373141556493,multiarea_mam,1,4692,615.5277770001732,0.5787552244829751,0.3108347092842594,2081.5999999999985,2809.0,0.01,0.0099999167635236,206.48828125,201.0,402,219591.6640625,227404.0,438745,0.9036316802482988,0.9036316802482988,0.1627504308955255,1.9468417169557897,sampled_16_timesteps_max_2048_sources,converged,1.5625,0.01,0.0099999168887734,8.311122655889348e-08,True,12,SpMV,CUSPARSE_SPMV_ALG_DEFAULT,,,torch_cuda_event,gpu_execution,full_rsnn,device_native,independent_inference,full_fusion,"(256, 1, 20649)","(256, 1, 20649)",20649,20649,1,1,BN,event_csr,event_csr,dense_to_events_precomputed,False,True,True,0,torch.int32,torch.float32,torch.float32,windowed_events,,,False,False,False,False,False,False,1.0,2397004,176148120,176148120,0,0,False,unknown,unknown,unknown,unknown,unknown,,4.49110413;4.43404818;4.44252777;4.43071985;4.44918394;4.43904018;4.44147205;4.43286419;4.44608021;4.4369278;4.44505596;4.42672014;4.441504;4.4349122;4.4476161;4.43702412;4.45014381;4.43500805;4.44927979;4.43391991,20,4.442257618904113,0.0133183971105218,4.426720142364502,4.4911041259765625,passed,0,0.0,1.2945383787155154e-07,6.5192580223083504e-09,6.472158702308661e-07,1.299469204241177e-06,6.472158702308661e-07,1.299469204241177e-06,20649,0,full_state,passed,,4.440256118774414,,,,,,,6.3220569998019736,,,,6.3220569998019736
cusparse_direct_cudagraph,multiarea_mam,NVIDIA GeForce RTX 5090,2.11.0+cu128,12.8,default,0.15,,0.005,1.0,0.0,400000000.0,e6072bc3c2ca1a3d,1,20649,256,1,21960982,1063.5373141556493,multiarea_mam,1,4692,615.5277770001732,0.5787552244829751,0.3108347092842594,2081.5999999999985,2809.0,0.02,0.0199945366603709,412.8671875,404.0,803,438741.3359375,443692.25,862296,0.9487851723627988,0.9487851723627988,0.1615451939860571,1.9449353794917403,sampled_16_timesteps_max_2048_sources,converged,2.978515625,0.02,0.0199945364147424,5.463585257530629e-06,True,12,SpMV,CUSPARSE_SPMV_ALG_DEFAULT,,,torch_cuda_event,gpu_execution,full_rsnn,device_native,independent_inference,sparse_only,"(256, 1, 20649)","(256, 1, 20649)",20649,20649,1,1,BN,csr_post_by_pre,csr_post_by_pre,none,False,False,True,0,torch.int32,torch.float32,torch.float32,dense,,,False,False,False,False,False,True,1.0,85792,218307396,218307396,0,0,False,unknown,unknown,unknown,unknown,unknown,,28.0859203;28.0703049;28.0756798;28.076704;28.0684795;28.0736008;28.0726089;28.0715523;28.070528;28.076704;28.0695038;28.0664005;28.0725765;28.0715523;28.0746555;28.0715847;28.0746231;28.0684795;28.0715847;28.0725765,20,28.072780990600585,0.0041362475899324,28.0664005279541,28.085920333862305,passed,0,0.0,2.384185791015625e-07,3.725290298461914e-09,1.1856232049467508e-06,7.410302487187437e-07,1.1856232049467508e-06,7.410302487187437e-07,20649,0,full_state,passed,,28.072080612182617,,,,,,,1.0,,,,1.0
tilespmspv_cudagraph,multiarea_mam,NVIDIA GeForce RTX 5090,2.11.0+cu128,12.8,default,0.15,,0.005,1.0,0.0,400000000.0,e6072bc3c2ca1a3d,1,20649,256,1,21960982,1063.5373141556493,multiarea_mam,1,4692,615.5277770001732,0.5787552244829751,0.3108347092842594,2081.5999999999985,2809.0,0.02,0.0199945366603709,412.8671875,404.0,803,438741.3359375,443692.25,862296,0.9487851723627988,0.9487851723627988,0.1615451939860571,1.9449353794917403,sampled_16_timesteps_max_2048_sources,converged,2.978515625,0.02,0.0199945364147424,5.463585257530629e-06,True,12,SpMV,CUSPARSE_SPMV_ALG_DEFAULT,,,torch_cuda_event_cudagraph_replay,gpu_execution,full_rsnn,device_adapted,independent_inference,sparse_only,"(256, 1, 20649)","(256, 1, 20649)",20649,20649,1,1,BN,spmspv_csc_dense_device,spmspv_csc_dense_device,none,False,False,True,0,torch.int64,torch.float32,torch.float32,dense_device,,,False,False,False,False,False,True,1.0,82596,285089348,285089348,0,0,False,unknown,unknown,unknown,unknown,unknown,,5.2356801;5.22582388;5.224576;5.22985601;5.22463989;5.22777605;5.22723198;5.22819185;5.22659206;5.2296958;5.22476816;5.22409582;5.2292161;5.22819185;5.21897602;5.22204781;5.21897602;5.22819185;5.22099209;5.22617579,20,5.226084756851196,0.0039757263768917,5.218976020812988,5.235680103302002,passed,0,0.0,2.384185791015625e-07,5.587935447692871e-09,1.1868631872857804e-06,1.1093543434981257e-06,1.1868631872857804e-06,1.1093543434981257e-06,20649,0,full_state,passed,,5.226383924484253,,,,,,,,,,,5.371224352782849
globalatomic_cudagraph,multiarea_mam,NVIDIA GeForce RTX 5090,2.11.0+cu128,12.8,default,0.15,,0.005,1.0,0.0,400000000.0,e6072bc3c2ca1a3d,1,20649,256,1,21960982,1063.5373141556493,multiarea_mam,1,4692,615.5277770001732,0.5787552244829751,0.3108347092842594,2081.5999999999985,2809.0,0.02,0.0199945366603709,412.8671875,404.0,803,438741.3359375,443692.25,862296,0.9487851723627988,0.9487851723627988,0.1615451939860571,1.9449353794917403,sampled_16_timesteps_max_2048_sources,converged,2.978515625,0.02,0.0199945364147424,5.463585257530629e-06,True,12,SpMV,CUSPARSE_SPMV_ALG_DEFAULT,,,torch_cuda_event_cudagraph_replay,gpu_execution,full_rsnn,device_adapted,independent_inference,sparse_only,"(256, 1, 20649)","(256, 1, 20649)",20649,20649,1,1,BN,spmspv_csc_dense_device,spmspv_csc_dense_device,none,False,False,True,0,torch.int64,torch.float32,torch.float32,dense_device,,,False,False,False,False,False,True,1.0,82596,285089348,285089348,0,0,False,unknown,unknown,unknown,unknown,unknown,,14.2234564;14.20784;14.2137604;14.2096958;14.2085762;14.2097282;14.211648;14.2096643;14.2106876;14.2096004;14.2071676;14.2117443;14.2178879;14.2147837;14.2117443;14.2137918;14.2158079;14.2107201;14.2137918;14.2158403,20,14.21239686012268,0.0038862920917527,14.207167625427246,14.223456382751465,passed,0,0.0,2.384185791015625e-07,5.587935447692871e-09,1.1874307119796867e-06,1.1085662663390394e-06,1.1874307119796867e-06,1.1085662663390394e-06,20649,0,full_state,passed,,14.2116961479187,,,,,,,,,,,1.975280101685383
vdha_cudagraph,multiarea_mam,NVIDIA GeForce RTX 5090,2.11.0+cu128,12.8,default,0.15,,0.005,1.0,0.0,400000000.0,e6072bc3c2ca1a3d,1,20649,256,1,21960982,1063.5373141556493,multiarea_mam,1,4692,615.5277770001732,0.5787552244829751,0.3108347092842594,2081.5999999999985,2809.0,0.02,0.0199945366603709,412.8671875,404.0,803,438741.3359375,443692.25,862296,0.9487851723627988,0.9487851723627988,0.1615451939860571,1.9449353794917403,sampled_16_timesteps_max_2048_sources,converged,2.978515625,0.02,0.0199945364147424,5.463585257530629e-06,True,12,SpMV,CUSPARSE_SPMV_ALG_DEFAULT,,,torch_cuda_event_cudagraph_replay,gpu_execution,full_rsnn,device_adapted,independent_inference,sparse_only,"(256, 1, 20649)","(256, 1, 20649)",20649,20649,1,1,BN,spmspv_csc_dense_device,spmspv_csc_dense_device,none,False,False,True,0,torch.int64,torch.float32,torch.float32,dense_device,,,False,False,False,False,False,True,1.0,82596,285089348,285089348,0,0,False,unknown,unknown,unknown,unknown,unknown,,8.83689594;8.82262421;8.82243156;8.82672024;8.81916809;8.81830406;8.82643223;8.82656002;8.81984043;8.82342434;8.82240009;8.82451153;8.8265276;8.82179165;8.82140827;8.82243156;8.82240009;8.82243156;8.82038403;8.82345581,20,8.823507165908813,0.0039785548940988,8.818304061889648,8.836895942687988,passed,0,0.0,2.384185791015625e-07,5.587935447692871e-09,1.1874307119796867e-06,1.1077479484811192e-06,1.1874307119796867e-06,1.1077479484811192e-06,20649,0,full_state,passed,,8.822431564331055,,,,,,,,,,,3.1818983697960976
persistent_spike_block,multiarea_mam,NVIDIA GeForce RTX 5090,2.11.0+cu128,12.8,default,0.15,,0.005,1.0,0.0,400000000.0,e6072bc3c2ca1a3d,1,20649,256,1,21960982,1063.5373141556493,multiarea_mam,1,4692,615.5277770001732,0.5787552244829751,0.3108347092842594,2081.5999999999985,2809.0,0.02,0.0199945366603709,412.8671875,404.0,803,438741.3359375,443692.25,862296,0.9487851723627988,0.9487851723627988,0.1615451939860571,1.9449353794917403,sampled_16_timesteps_max_2048_sources,converged,2.978515625,0.02,0.0199945364147424,5.463585257530629e-06,True,12,SpMV,CUSPARSE_SPMV_ALG_DEFAULT,,,torch_cuda_event,gpu_execution,full_rsnn,device_native,independent_inference,full_fusion,"(256, 1, 20649)","(256, 1, 20649)",20649,20649,1,1,BN,event_csr,event_csr,dense_to_events_precomputed,False,True,True,0,torch.int32,torch.float32,torch.float32,windowed_events,,,False,False,False,False,False,False,1.0,2397004,176148120,176148120,0,0,False,unknown,unknown,unknown,unknown,unknown,,4.52953577;4.48198414;4.49475193;4.47788811;4.49267197;4.477952;4.4887042;4.48102379;4.49679995;4.47798395;4.50089598;4.48630381;4.48860788;4.48003197;4.49987221;4.48006392;4.49475193;4.47788811;4.49228811;4.48102379,20,4.489051175117493,0.0123303883747253,4.477888107299805,4.52953577041626,passed,0,0.0,7.152557373046875e-07,8.009374141693115e-08,3.556356432454777e-06,1.5909356079646386e-05,3.556356432454777e-06,1.5909356079646386e-05,20649,0,full_state,passed,,4.48745584487915,,,,,,,6.255678402767351,,,,6.255678402767351
cusparse_direct_cudagraph,multiarea_mam,NVIDIA GeForce RTX 5090,2.11.0+cu128,12.8,default,0.15,,0.005,1.0,0.0,400000000.0,02751b121b30680b,1,20649,256,1,21960982,1063.5373141556493,multiarea_mam,1,4692,615.5277770001732,0.5787552244829751,0.3108347092842594,2081.5999999999985,2809.0,0.05,0.0499768829604339,1031.97265625,1024.0,2033,1093827.9453125,1100027.5,2157592,0.9759018668821384,0.9759018668821386,0.1641428392836515,1.9700134375532297,sampled_16_timesteps_max_2048_sources,converged,6.8115234375,0.05,0.0499768815934658,2.311840653419772e-05,True,12,SpMV,CUSPARSE_SPMV_ALG_DEFAULT,,,torch_cuda_event,gpu_execution,full_rsnn,device_native,independent_inference,sparse_only,"(256, 1, 20649)","(256, 1, 20649)",20649,20649,1,1,BN,csr_post_by_pre,csr_post_by_pre,none,False,False,True,0,torch.int32,torch.float32,torch.float32,dense,,,False,False,False,False,False,True,1.0,85792,218307396,218307396,0,0,False,unknown,unknown,unknown,unknown,unknown,,28.0909767;28.0703049;28.0777283;28.0725765;28.070528;28.0674877;28.070528;28.0736008;28.0705605;28.0726089;28.0695362;28.0725765;28.0725765;28.0776958;28.0725765;28.0715523;28.0705605;28.070528;28.0736313;28.0684795,20,28.07283067703247,0.0049791041301144,28.067487716674805,28.09097671508789,passed,0,0.0,8.344650268554688e-07,1.1175870895385742e-08,4.155444457865087e-06,2.199820528403506e-06,4.155444457865087e-06,2.199820528403506e-06,20649,0,full_state,passed,,28.07206439971924,,,,,,,1.0,,,,1.0
tilespmspv_cudagraph,multiarea_mam,NVIDIA GeForce RTX 5090,2.11.0+cu128,12.8,default,0.15,,0.005,1.0,0.0,400000000.0,02751b121b30680b,1,20649,256,1,21960982,1063.5373141556493,multiarea_mam,1,4692,615.5277770001732,0.5787552244829751,0.3108347092842594,2081.5999999999985,2809.0,0.05,0.0499768829604339,1031.97265625,1024.0,2033,1093827.9453125,1100027.5,2157592,0.9759018668821384,0.9759018668821386,0.1641428392836515,1.9700134375532297,sampled_16_timesteps_max_2048_sources,converged,6.8115234375,0.05,0.0499768815934658,2.311840653419772e-05,True,12,SpMV,CUSPARSE_SPMV_ALG_DEFAULT,,,torch_cuda_event_cudagraph_replay,gpu_execution,full_rsnn,device_adapted,independent_inference,sparse_only,"(256, 1, 20649)","(256, 1, 20649)",20649,20649,1,1,BN,spmspv_csc_dense_device,spmspv_csc_dense_device,none,False,False,True,0,torch.int64,torch.float32,torch.float32,dense_device,,,False,False,False,False,False,True,1.0,82596,285089348,285089348,0,0,False,unknown,unknown,unknown,unknown,unknown,,6.2629118;6.24316788;6.24857616;6.2464962;6.24713612;6.25321579;6.2465601;6.23635197;6.24035215;6.24860811;6.24255991;6.24505615;6.24092817;6.2450242;6.24912024;6.2450242;6.24908781;6.24707222;6.24707222;6.25526381,20,6.2469792604446415,0.0056890076207907,6.23635196685791,6.262911796569824,passed,0,0.0,9.5367431640625e-07,1.1175870895385744e-07,4.705750143330079e-06,2.1921076040598564e-05,4.705750143330079e-06,2.1921076040598564e-05,20649,0,full_state,passed,,6.246816158294678,,,,,,,,,,,4.493819521556506
globalatomic_cudagraph,multiarea_mam,NVIDIA GeForce RTX 5090,2.11.0+cu128,12.8,default,0.15,,0.005,1.0,0.0,400000000.0,02751b121b30680b,1,20649,256,1,21960982,1063.5373141556493,multiarea_mam,1,4692,615.5277770001732,0.5787552244829751,0.3108347092842594,2081.5999999999985,2809.0,0.05,0.0499768829604339,1031.97265625,1024.0,2033,1093827.9453125,1100027.5,2157592,0.9759018668821384,0.9759018668821386,0.1641428392836515,1.9700134375532297,sampled_16_timesteps_max_2048_sources,converged,6.8115234375,0.05,0.0499768815934658,2.311840653419772e-05,True,12,SpMV,CUSPARSE_SPMV_ALG_DEFAULT,,,torch_cuda_event_cudagraph_replay,gpu_execution,full_rsnn,device_adapted,independent_inference,sparse_only,"(256, 1, 20649)","(256, 1, 20649)",20649,20649,1,1,BN,spmspv_csc_dense_device,spmspv_csc_dense_device,none,False,False,True,0,torch.int64,torch.float32,torch.float32,dense_device,,,False,False,False,False,False,True,1.0,82596,285089348,285089348,0,0,False,unknown,unknown,unknown,unknown,unknown,,14.7784319;14.7300158;14.7339201;14.7318716;14.725728;14.7339516;14.733984;14.7298555;14.7257919;14.7236481;14.7232962;14.727808;14.729888;14.7277756;14.7278404;14.7237444;14.729888;14.7319365;14.7278404;14.729888,20,14.7313551902771,0.0115679735294856,14.723296165466309,14.77843189239502,passed,0,0.0,9.5367431640625e-07,2.2351741790771484e-08,4.705750143330079e-06,4.424348844622728e-06,4.705750143330079e-06,4.424348844622728e-06,20649,0,full_state,passed,,14.72987174987793,,,,,,,,,,,1.905791501541884
vdha_cudagraph,multiarea_mam,NVIDIA GeForce RTX 5090,2.11.0+cu128,12.8,default,0.15,,0.005,1.0,0.0,400000000.0,02751b121b30680b,1,20649,256,1,21960982,1063.5373141556493,multiarea_mam,1,4692,615.5277770001732,0.5787552244829751,0.3108347092842594,2081.5999999999985,2809.0,0.05,0.0499768829604339,1031.97265625,1024.0,2033,1093827.9453125,1100027.5,2157592,0.9759018668821384,0.9759018668821386,0.1641428392836515,1.9700134375532297,sampled_16_timesteps_max_2048_sources,converged,6.8115234375,0.05,0.0499768815934658,2.311840653419772e-05,True,12,SpMV,CUSPARSE_SPMV_ALG_DEFAULT,,,torch_cuda_event_cudagraph_replay,gpu_execution,full_rsnn,device_adapted,independent_inference,sparse_only,"(256, 1, 20649)","(256, 1, 20649)",20649,20649,1,1,BN,spmspv_csc_dense_device,spmspv_csc_dense_device,none,False,False,True,0,torch.int64,torch.float32,torch.float32,dense_device,,,False,False,False,False,False,True,1.0,82596,285089348,285089348,0,0,False,unknown,unknown,unknown,unknown,unknown,,10.1532478;10.1402884;10.1424322;10.1377916;10.1403198;10.1373758;10.1375685;10.1398716;10.1423359;10.1418238;10.1402884;10.1408005;10.136096;10.1316481;10.1382399;10.1382723;10.1382723;10.137248;10.1382723;10.1361923,20,10.139419269561769,0.0041114758511894,10.131648063659668,10.153247833251951,passed,0,0.0,4.954636096954346e-07,2.2351741790771484e-08,2.476461986589129e-06,4.377947334432975e-06,2.476461986589129e-06,4.377947334432975e-06,20649,0,full_state,passed,,10.138272285461426,,,,,,,,,,,2.7689199509836984
persistent_spike_block,multiarea_mam,NVIDIA GeForce RTX 5090,2.11.0+cu128,12.8,default,0.15,,0.005,1.0,0.0,400000000.0,02751b121b30680b,1,20649,256,1,21960982,1063.5373141556493,multiarea_mam,1,4692,615.5277770001732,0.5787552244829751,0.3108347092842594,2081.5999999999985,2809.0,0.05,0.0499768829604339,1031.97265625,1024.0,2033,1093827.9453125,1100027.5,2157592,0.9759018668821384,0.9759018668821386,0.1641428392836515,1.9700134375532297,sampled_16_timesteps_max_2048_sources,converged,6.8115234375,0.05,0.0499768815934658,2.311840653419772e-05,True,12,SpMV,CUSPARSE_SPMV_ALG_DEFAULT,,,torch_cuda_event,gpu_execution,full_rsnn,device_native,independent_inference,full_fusion,"(256, 1, 20649)","(256, 1, 20649)",20649,20649,1,1,BN,event_csr,event_csr,dense_to_events_precomputed,False,True,True,0,torch.int32,torch.float32,torch.float32,windowed_events,,,False,False,False,False,False,False,1.0,2397004,176148120,176148120,0,0,False,unknown,unknown,unknown,unknown,unknown,,4.94521618;4.94736004;4.9049921;4.93097591;4.89775991;4.9401598;4.8895998;4.94633579;4.89881611;4.9289279;4.90601587;4.94022417;4.90611219;4.9433279;4.90080023;4.93520021;4.90188789;4.95043182;4.89779186;4.92953587,20,4.922073578834533,0.0211149502328713,4.889599800109863,4.950431823730469,passed,0,0.0,5.982816219329834e-06,2.7194619178771973e-07,2.9896384148742072e-05,5.403753311838955e-05,2.9896384148742072e-05,5.403753311838955e-05,20649,0,full_state,passed,,4.929231882095337,,,,,,,5.695018021304012,,,,5.695018021304012
cusparse_direct_cudagraph,multiarea_mam,NVIDIA GeForce RTX 5090,2.11.0+cu128,12.8,default,0.15,,0.005,1.0,0.0,400000000.0,919cb7d9846b870a,1,20649,256,1,21960982,1063.5373141556493,multiarea_mam,1,4692,615.5277770001732,0.5787552244829751,0.3108347092842594,2081.5999999999985,2809.0,0.1,0.1000702969877476,2066.3515625,2360.75,3717,2180238.39453125,2501463.0,3958444,0.98500272771952,0.9850027277195204,0.1703302402894347,1.7988226531515012,sampled_16_timesteps_max_2048_sources,converged,14.8681640625,0.1,0.1000702902674675,7.029026746749323e-05,True,12,SpMV,CUSPARSE_SPMV_ALG_DEFAULT,,,torch_cuda_event,gpu_execution,full_rsnn,device_native,independent_inference,sparse_only,"(256, 1, 20649)","(256, 1, 20649)",20649,20649,1,1,BN,csr_post_by_pre,csr_post_by_pre,none,False,False,True,0,torch.int32,torch.float32,torch.float32,dense,,,False,False,False,False,False,True,1.0,85792,218307396,218307396,0,0,False,unknown,unknown,unknown,unknown,unknown,,28.0872326;28.0744324;28.0674877;28.0746231;28.070528;28.0674877;28.0725765;28.0735683;28.070528;28.0705605;28.0736313;28.068512;28.0725441;28.0736313;28.0726089;28.0695362;28.0746555;28.0725765;28.0695038;28.070528,20,28.07233762741089,0.0041831490337972,28.067487716674805,28.08723258972168,passed,0,0.0,1.9073486328125e-06,2.2351741790771484e-08,9.075291018234566e-06,4.32546084994101e-06,9.075291018234566e-06,4.32546084994101e-06,20649,0,full_state,passed,,28.07256031036377,,,,,,,1.0,,,,1.0
tilespmspv_cudagraph,multiarea_mam,NVIDIA GeForce RTX 5090,2.11.0+cu128,12.8,default,0.15,,0.005,1.0,0.0,400000000.0,919cb7d9846b870a,1,20649,256,1,21960982,1063.5373141556493,multiarea_mam,1,4692,615.5277770001732,0.5787552244829751,0.3108347092842594,2081.5999999999985,2809.0,0.1,0.1000702969877476,2066.3515625,2360.75,3717,2180238.39453125,2501463.0,3958444,0.98500272771952,0.9850027277195204,0.1703302402894347,1.7988226531515012,sampled_16_timesteps_max_2048_sources,converged,14.8681640625,0.1,0.1000702902674675,7.029026746749323e-05,True,12,SpMV,CUSPARSE_SPMV_ALG_DEFAULT,,,torch_cuda_event_cudagraph_replay,gpu_execution,full_rsnn,device_adapted,independent_inference,sparse_only,"(256, 1, 20649)","(256, 1, 20649)",20649,20649,1,1,BN,spmspv_csc_dense_device,spmspv_csc_dense_device,none,False,False,True,0,torch.int64,torch.float32,torch.float32,dense_device,,,False,False,False,False,False,True,1.0,82596,285089348,285089348,0,0,False,unknown,unknown,unknown,unknown,unknown,,7.33321619;7.32412815;7.31871986;7.32384014;7.31712008;7.31753588;7.32492781;7.32179213;7.32550383;7.324224;7.32483196;7.31817579;7.31715202;7.32841587;7.32534409;7.32841587;7.32329607;7.31408024;7.31510401;7.32022381,20,7.322302389144897,0.0049577053183883,7.314080238342285,7.333216190338135,passed,0,0.0,4.529953002929688e-06,3.0547380447387695e-07,2.228644916613121e-05,5.861248428118415e-05,2.228644916613121e-05,5.861248428118415e-05,20649,0,full_state,passed,,7.323568105697632,,,,,,,,,,,3.833180753589732
globalatomic_cudagraph,multiarea_mam,NVIDIA GeForce RTX 5090,2.11.0+cu128,12.8,default,0.15,,0.005,1.0,0.0,400000000.0,919cb7d9846b870a,1,20649,256,1,21960982,1063.5373141556493,multiarea_mam,1,4692,615.5277770001732,0.5787552244829751,0.3108347092842594,2081.5999999999985,2809.0,0.1,0.1000702969877476,2066.3515625,2360.75,3717,2180238.39453125,2501463.0,3958444,0.98500272771952,0.9850027277195204,0.1703302402894347,1.7988226531515012,sampled_16_timesteps_max_2048_sources,converged,14.8681640625,0.1,0.1000702902674675,7.029026746749323e-05,True,12,SpMV,CUSPARSE_SPMV_ALG_DEFAULT,,,torch_cuda_event_cudagraph_replay,gpu_execution,full_rsnn,device_adapted,independent_inference,sparse_only,"(256, 1, 20649)","(256, 1, 20649)",20649,20649,1,1,BN,spmspv_csc_dense_device,spmspv_csc_dense_device,none,False,False,True,0,torch.int64,torch.float32,torch.float32,dense_device,,,False,False,False,False,False,True,1.0,82596,285089348,285089348,0,0,False,unknown,unknown,unknown,unknown,unknown,,16.3826237;16.3693447;16.3692799;16.3733768;16.3692799;16.3682232;16.3713913;16.3693447;16.3732796;16.3713284;16.3678398;16.3713608;16.3652153;16.3693123;16.3713608;16.3723831;16.3693123;16.3672638;16.3693123;16.3672638,20,16.37040481567383,0.0035565099121461,16.365215301513672,16.38262367248535,passed,0,0.0,1.9073486328125e-06,1.4901161193847656e-07,9.383034011989366e-06,2.8996386390645057e-05,9.383034011989366e-06,2.8996386390645057e-05,20649,0,full_state,passed,,16.369328498840332,,,,,,,,,,,1.7149488027167723
vdha_cudagraph,multiarea_mam,NVIDIA GeForce RTX 5090,2.11.0+cu128,12.8,default,0.15,,0.005,1.0,0.0,400000000.0,919cb7d9846b870a,1,20649,256,1,21960982,1063.5373141556493,multiarea_mam,1,4692,615.5277770001732,0.5787552244829751,0.3108347092842594,2081.5999999999985,2809.0,0.1,0.1000702969877476,2066.3515625,2360.75,3717,2180238.39453125,2501463.0,3958444,0.98500272771952,0.9850027277195204,0.1703302402894347,1.7988226531515012,sampled_16_timesteps_max_2048_sources,converged,14.8681640625,0.1,0.1000702902674675,7.029026746749323e-05,True,12,SpMV,CUSPARSE_SPMV_ALG_DEFAULT,,,torch_cuda_event_cudagraph_replay,gpu_execution,full_rsnn,device_adapted,independent_inference,sparse_only,"(256, 1, 20649)","(256, 1, 20649)",20649,20649,1,1,BN,spmspv_csc_dense_device,spmspv_csc_dense_device,none,False,False,True,0,torch.int64,torch.float32,torch.float32,dense_device,,,False,False,False,False,False,True,1.0,82596,285089348,285089348,0,0,False,unknown,unknown,unknown,unknown,unknown,,11.5215998;11.5024319;11.5088644;11.5083838;11.5107517;11.5057917;11.5031357;11.5097923;11.5073605;11.5104322;11.5052795;11.5103998;11.5068483;11.5077438;11.5032644;11.5042877;11.505312;11.5042562;11.5073605;11.5022402,20,11.507276821136475,0.004338472258101,11.502240180969238,11.521599769592283,passed,0,0.0,1.9073486328125e-06,5.401670932769776e-08,9.383034011989366e-06,1.0700568054744508e-05,9.383034011989366e-06,1.0700568054744508e-05,20649,0,full_state,passed,,11.507104396820068,,,,,,,,,,,2.439585089548808
persistent_spike_block,multiarea_mam,NVIDIA GeForce RTX 5090,2.11.0+cu128,12.8,default,0.15,,0.005,1.0,0.0,400000000.0,919cb7d9846b870a,1,20649,256,1,21960982,1063.5373141556493,multiarea_mam,1,4692,615.5277770001732,0.5787552244829751,0.3108347092842594,2081.5999999999985,2809.0,0.1,0.1000702969877476,2066.3515625,2360.75,3717,2180238.39453125,2501463.0,3958444,0.98500272771952,0.9850027277195204,0.1703302402894347,1.7988226531515012,sampled_16_timesteps_max_2048_sources,converged,14.8681640625,0.1,0.1000702902674675,7.029026746749323e-05,True,12,SpMV,CUSPARSE_SPMV_ALG_DEFAULT,,,torch_cuda_event,gpu_execution,full_rsnn,device_native,independent_inference,full_fusion,"(256, 1, 20649)","(256, 1, 20649)",20649,20649,1,1,BN,event_csr,event_csr,dense_to_events_precomputed,False,True,True,0,torch.int32,torch.float32,torch.float32,windowed_events,,,False,False,False,False,False,False,1.0,2397004,176148120,176148120,0,0,False,unknown,unknown,unknown,unknown,unknown,,6.54057598;6.6191678;6.49673605;6.61097622;6.46803188;6.63350391;6.48038387;6.62121582;6.49769592;6.60678387;6.50076818;6.61302423;6.4823041;6.64156818;6.48998404;6.63251209;6.48127985;6.63350391;6.49420786;6.62220812,20,6.558321595191956,0.0685982419132968,6.468031883239746,6.641568183898926,passed_causal_masked_state,1,1.8917380986972733e-07,8.988380432128906e-05,7.320195436477661e-07,0.0004443335637915,0.0001454292068956,5.249661626294255e-05,0.0001454235607525,19467,1182,causal_masked_state,passed_causal_masked_state,,6.573679924011231,,,,,,,4.270448308233727,,,,4.270448308233727
cusparse_direct_cudagraph,multiarea_mam,NVIDIA GeForce RTX 5090,2.11.0+cu128,12.8,default,0.15,,0.005,1.0,0.0,400000000.0,d1572d11010d7896,1,20649,256,1,21960982,1063.5373141556493,multiarea_mam,1,4692,615.5277770001732,0.5787552244829751,0.3108347092842594,2081.5999999999985,2809.0,0.2,0.2000002270085718,4129.8046875,4965.0,5872,4363410.9765625,5280572.25,6240850,0.9850824747020592,0.9850824747020596,0.161839848410104,1.421859008919535,sampled_16_timesteps_max_2048_sources,converged,41.2109375,0.2,0.2000002264976501,2.2649765013538214e-07,True,12,SpMV,CUSPARSE_SPMV_ALG_DEFAULT,,,torch_cuda_event,gpu_execution,full_rsnn,device_native,independent_inference,sparse_only,"(256, 1, 20649)","(256, 1, 20649)",20649,20649,1,1,BN,csr_post_by_pre,csr_post_by_pre,none,False,False,True,0,torch.int32,torch.float32,torch.float32,dense,,,False,False,False,False,False,True,1.0,85792,218307396,218307396,0,0,False,unknown,unknown,unknown,unknown,unknown,,28.0879688;28.0723515;28.0756474;28.066433;28.0746231;28.0736008;28.0684795;28.0715523;28.0725765;28.070528;28.0715847;28.068512;28.070528;28.0736313;28.070528;28.0715523;28.0705605;28.0766716;28.0695038;28.0766716,20,28.072675228118896,0.0045091994709671,28.06643295288086,28.087968826293945,passed,0,0.0,3.814697265625e-06,4.4703483581542975e-08,1.8844388250727206e-05,8.296013220387977e-06,1.8844388250727206e-05,8.296013220387977e-06,20649,0,full_state,passed,,28.071568489074707,,,,,,,1.0,,,,1.0
tilespmspv_cudagraph,multiarea_mam,NVIDIA GeForce RTX 5090,2.11.0+cu128,12.8,default,0.15,,0.005,1.0,0.0,400000000.0,d1572d11010d7896,1,20649,256,1,21960982,1063.5373141556493,multiarea_mam,1,4692,615.5277770001732,0.5787552244829751,0.3108347092842594,2081.5999999999985,2809.0,0.2,0.2000002270085718,4129.8046875,4965.0,5872,4363410.9765625,5280572.25,6240850,0.9850824747020592,0.9850824747020596,0.161839848410104,1.421859008919535,sampled_16_timesteps_max_2048_sources,converged,41.2109375,0.2,0.2000002264976501,2.2649765013538214e-07,True,12,SpMV,CUSPARSE_SPMV_ALG_DEFAULT,,,torch_cuda_event_cudagraph_replay,gpu_execution,full_rsnn,device_adapted,independent_inference,sparse_only,"(256, 1, 20649)","(256, 1, 20649)",20649,20649,1,1,BN,spmspv_csc_dense_device,spmspv_csc_dense_device,none,False,False,True,0,torch.int64,torch.float32,torch.float32,dense_device,,,False,False,False,False,False,True,1.0,82596,285089348,285089348,0,0,False,unknown,unknown,unknown,unknown,unknown,,9.55471992;9.55430412;9.55929565;9.54995155;9.54940796;9.5730238;9.55916786;9.5500803;9.55299187;9.55827236;9.56431961;9.55558395;9.55254364;9.55766392;9.5504961;9.54332829;9.55459213;9.55152035;9.55663967;9.55663967,20,9.555227136611938,0.0062001938169603,9.543328285217283,9.573023796081545,passed,0,0.0,1.33514404296875e-05,7.301568984985352e-07,6.424495950341225e-05,0.0001396906882291,6.424495950341225e-05,0.0001396906882291,20649,0,full_state,passed,,9.55465602874756,,,,,,,,,,,2.937998856747372
globalatomic_cudagraph,multiarea_mam,NVIDIA GeForce RTX 5090,2.11.0+cu128,12.8,default,0.15,,0.005,1.0,0.0,400000000.0,d1572d11010d7896,1,20649,256,1,21960982,1063.5373141556493,multiarea_mam,1,4692,615.5277770001732,0.5787552244829751,0.3108347092842594,2081.5999999999985,2809.0,0.2,0.2000002270085718,4129.8046875,4965.0,5872,4363410.9765625,5280572.25,6240850,0.9850824747020592,0.9850824747020596,0.161839848410104,1.421859008919535,sampled_16_timesteps_max_2048_sources,converged,41.2109375,0.2,0.2000002264976501,2.2649765013538214e-07,True,12,SpMV,CUSPARSE_SPMV_ALG_DEFAULT,,,torch_cuda_event_cudagraph_replay,gpu_execution,full_rsnn,device_adapted,independent_inference,sparse_only,"(256, 1, 20649)","(256, 1, 20649)",20649,20649,1,1,BN,spmspv_csc_dense_device,spmspv_csc_dense_device,none,False,False,True,0,torch.int64,torch.float32,torch.float32,dense_device,,,False,False,False,False,False,True,1.0,82596,285089348,285089348,0,0,False,unknown,unknown,unknown,unknown,unknown,,20.2757759;20.2625275;20.2614727;20.2625923;20.2645111;20.2637444;20.2644482;20.2687359;20.2635193;20.2666245;20.2662086;20.2635841;20.2625599;20.2687035;20.2615356;20.264576;20.2687035;20.2656002;20.2646084;20.2687035,20,20.265436744689943,0.0034091792137127,20.261472702026367,20.275775909423828,passed,0,0.0,1.239776611328125e-05,6.444752216339111e-07,6.070670860935934e-05,0.0001264384482055,6.070670860935934e-05,0.0001264384482055,20649,0,full_state,passed,,20.264543533325195,,,,,,,,,,,1.3852554064645377
vdha_cudagraph,multiarea_mam,NVIDIA GeForce RTX 5090,2.11.0+cu128,12.8,default,0.15,,0.005,1.0,0.0,400000000.0,d1572d11010d7896,1,20649,256,1,21960982,1063.5373141556493,multiarea_mam,1,4692,615.5277770001732,0.5787552244829751,0.3108347092842594,2081.5999999999985,2809.0,0.2,0.2000002270085718,4129.8046875,4965.0,5872,4363410.9765625,5280572.25,6240850,0.9850824747020592,0.9850824747020596,0.161839848410104,1.421859008919535,sampled_16_timesteps_max_2048_sources,converged,41.2109375,0.2,0.2000002264976501,2.2649765013538214e-07,True,12,SpMV,CUSPARSE_SPMV_ALG_DEFAULT,,,torch_cuda_event_cudagraph_replay,gpu_execution,full_rsnn,device_adapted,independent_inference,sparse_only,"(256, 1, 20649)","(256, 1, 20649)",20649,20649,1,1,BN,spmspv_csc_dense_device,spmspv_csc_dense_device,none,False,False,True,0,torch.int64,torch.float32,torch.float32,dense_device,,,False,False,False,False,False,True,1.0,82596,285089348,285089348,0,0,False,unknown,unknown,unknown,unknown,unknown,,14.2147837;14.2017603;14.19872;14.2035198;14.1943045;14.2015038;14.2035198;14.1954556;14.1999044;14.1967039;14.2028799;14.2007999;14.201952;14.1927996;14.2035522;14.2055683;14.1953278;14.196352;14.1974077;14.1933117,20,14.200006341934204,0.0051763785733691,14.19279956817627,14.214783668518066,passed,0,0.0,7.62939453125e-06,3.501772880554199e-07,3.4532014979049563e-05,6.738068623235449e-05,3.4532014979049563e-05,6.738068623235449e-05,20649,0,full_state,passed,,14.200352191925049,,,,,,,,,,,1.976821990727628
persistent_spike_block,multiarea_mam,NVIDIA GeForce RTX 5090,2.11.0+cu128,12.8,default,0.15,,0.005,1.0,0.0,400000000.0,d1572d11010d7896,1,20649,256,1,21960982,1063.5373141556493,multiarea_mam,1,4692,615.5277770001732,0.5787552244829751,0.3108347092842594,2081.5999999999985,2809.0,0.2,0.2000002270085718,4129.8046875,4965.0,5872,4363410.9765625,5280572.25,6240850,0.9850824747020592,0.9850824747020596,0.161839848410104,1.421859008919535,sampled_16_timesteps_max_2048_sources,converged,41.2109375,0.2,0.2000002264976501,2.2649765013538214e-07,True,12,SpMV,CUSPARSE_SPMV_ALG_DEFAULT,,,torch_cuda_event,gpu_execution,full_rsnn,device_native,independent_inference,full_fusion,"(256, 1, 20649)","(256, 1, 20649)",20649,20649,1,1,BN,event_csr,event_csr,dense_to_events_precomputed,False,True,True,0,torch.int32,torch.float32,torch.float32,windowed_events,,,False,False,False,False,False,False,1.0,2397004,176148120,176148120,0,0,False,unknown,unknown,unknown,unknown,unknown,,10.1688004;10.4816322;10.0889282;10.5021763;10.1206722;10.4755201;10.1186562;10.4918718;10.1063356;10.5041599;10.0858879;10.4877443;10.0972157;10.4816637;10.0786877;10.4755516;10.1145601;10.4795523;10.1017599;10.4785919,20,10.296998405456543,0.1946842363623491,10.07868766784668,10.504159927368164,passed_causal_masked_state,2,3.7834761973945467e-07,0.7733885049819946,0.0001510551664978,3.852430820465088,0.03017058968544,0.0002867099246941,0.0006163090583868,18718,1931,causal_masked_state,passed_causal_masked_state,,10.322160243988035,,,,,,,2.7195439545151903,,,,2.7195439545151903
cusparse_direct_cudagraph,multiarea_mam,NVIDIA GeForce RTX 5090,2.11.0+cu128,12.8,default,0.15,,0.005,1.0,0.0,400000000.0,04c0072d183f954b,2,20649,256,1,21960982,1063.5373141556493,multiarea_mam,2,4692,615.5277770001732,0.5787552244829751,0.3108347092842594,2081.5999999999985,2809.0,0.005,0.004434801624776,91.57421875,167.25,232,86256.390625,176697.5,243782,0.7648921766209681,0.7648921766209679,0.3958705939638359,2.533464147080152,sampled_16_timesteps_max_2048_sources,best_effort,1.025390625,0.005,0.0044348016381263,0.0005651983618736,True,12,SpMV,CUSPARSE_SPMV_ALG_DEFAULT,,,torch_cuda_event,gpu_execution,full_rsnn,device_native,independent_inference,sparse_only,"(256, 1, 20649)","(256, 1, 20649)",20649,20649,1,1,BN,csr_post_by_pre,csr_post_by_pre,none,False,False,True,0,torch.int32,torch.float32,torch.float32,dense,,,False,False,False,False,False,True,1.0,85792,218307396,218307396,0,0,False,unknown,unknown,unknown,unknown,unknown,,28.0793591;28.0725765;28.0736313;28.0807991;28.070528;28.0736313;28.0725765;28.0715847;28.0704956;28.070528;28.0695362;28.0725765;28.070528;28.0715847;28.0746231;28.0736313;28.0746231;28.070528;28.0777283;28.0766716,20,28.07338705062866,0.0031441311670846,28.069536209106445,28.080799102783203,passed,0,0.0,1.1920928955078125e-07,2.7939677238464355e-09,5.960033035989909e-07,5.567579819398816e-07,5.960033035989909e-07,5.567579819398816e-07,20649,0,full_state,passed,,28.07257652282715,,,,,,,1.0,,,,1.0
tilespmspv_cudagraph,multiarea_mam,NVIDIA GeForce RTX 5090,2.11.0+cu128,12.8,default,0.15,,0.005,1.0,0.0,400000000.0,04c0072d183f954b,2,20649,256,1,21960982,1063.5373141556493,multiarea_mam,2,4692,615.5277770001732,0.5787552244829751,0.3108347092842594,2081.5999999999985,2809.0,0.005,0.004434801624776,91.57421875,167.25,232,86256.390625,176697.5,243782,0.7648921766209681,0.7648921766209679,0.3958705939638359,2.533464147080152,sampled_16_timesteps_max_2048_sources,best_effort,1.025390625,0.005,0.0044348016381263,0.0005651983618736,True,12,SpMV,CUSPARSE_SPMV_ALG_DEFAULT,,,torch_cuda_event_cudagraph_replay,gpu_execution,full_rsnn,device_adapted,independent_inference,sparse_only,"(256, 1, 20649)","(256, 1, 20649)",20649,20649,1,1,BN,spmspv_csc_dense_device,spmspv_csc_dense_device,none,False,False,True,0,torch.int64,torch.float32,torch.float32,dense_device,,,False,False,False,False,False,True,1.0,82596,285089348,285089348,0,0,False,unknown,unknown,unknown,unknown,unknown,,4.92137623;4.91039991;4.905056;4.91443205;4.9101119;4.91123199;4.91020823;4.90822411;4.91132784;4.90819216;4.91033602;4.91382408;4.90867186;4.9087038;4.91177607;4.91279984;4.91279984;4.90764809;4.91075182;4.91075182,20,4.910931181907654,0.0033226239379911,4.905055999755859,4.92137622833252,passed,0,0.0,1.1920928955078125e-07,1.862645149230957e-09,5.959932991572714e-07,3.7165054322940715e-07,5.959932991572714e-07,3.7165054322940715e-07,20649,0,full_state,passed,,4.910575866699219,,,,,,,,,,,5.716758540113324
globalatomic_cudagraph,multiarea_mam,NVIDIA GeForce RTX 5090,2.11.0+cu128,12.8,default,0.15,,0.005,1.0,0.0,400000000.0,04c0072d183f954b,2,20649,256,1,21960982,1063.5373141556493,multiarea_mam,2,4692,615.5277770001732,0.5787552244829751,0.3108347092842594,2081.5999999999985,2809.0,0.005,0.004434801624776,91.57421875,167.25,232,86256.390625,176697.5,243782,0.7648921766209681,0.7648921766209679,0.3958705939638359,2.533464147080152,sampled_16_timesteps_max_2048_sources,best_effort,1.025390625,0.005,0.0044348016381263,0.0005651983618736,True,12,SpMV,CUSPARSE_SPMV_ALG_DEFAULT,,,torch_cuda_event_cudagraph_replay,gpu_execution,full_rsnn,device_adapted,independent_inference,sparse_only,"(256, 1, 20649)","(256, 1, 20649)",20649,20649,1,1,BN,spmspv_csc_dense_device,spmspv_csc_dense_device,none,False,False,True,0,torch.int64,torch.float32,torch.float32,dense_device,,,False,False,False,False,False,True,1.0,82596,285089348,285089348,0,0,False,unknown,unknown,unknown,unknown,unknown,,14.1180801;14.1074562;14.1072636;14.1042242;14.1051521;14.1074238;14.1091843;14.1143684;14.1114244;14.1133757;14.1119356;14.1134396;14.107296;14.111392;14.1062717;14.111392;14.1051836;14.1052485;14.1082878;14.1113596,20,14.109487962722778,0.0037126706038651,14.10422420501709,14.118080139160156,passed,0,0.0,8.195638656616212e-08,2.7939677238464355e-09,4.097173018635658e-07,5.566874961004942e-07,4.097173018635658e-07,5.566874961004942e-07,20649,0,full_state,passed,,14.108736038208008,,,,,,,,,,,1.98973008261006
vdha_cudagraph,multiarea_mam,NVIDIA GeForce RTX 5090,2.11.0+cu128,12.8,default,0.15,,0.005,1.0,0.0,400000000.0,04c0072d183f954b,2,20649,256,1,21960982,1063.5373141556493,multiarea_mam,2,4692,615.5277770001732,0.5787552244829751,0.3108347092842594,2081.5999999999985,2809.0,0.005,0.004434801624776,91.57421875,167.25,232,86256.390625,176697.5,243782,0.7648921766209681,0.7648921766209679,0.3958705939638359,2.533464147080152,sampled_16_timesteps_max_2048_sources,best_effort,1.025390625,0.005,0.0044348016381263,0.0005651983618736,True,12,SpMV,CUSPARSE_SPMV_ALG_DEFAULT,,,torch_cuda_event_cudagraph_replay,gpu_execution,full_rsnn,device_adapted,independent_inference,sparse_only,"(256, 1, 20649)","(256, 1, 20649)",20649,20649,1,1,BN,spmspv_csc_dense_device,spmspv_csc_dense_device,none,False,False,True,0,torch.int64,torch.float32,torch.float32,dense_device,,,False,False,False,False,False,True,1.0,82596,285089348,285089348,0,0,False,unknown,unknown,unknown,unknown,unknown,,8.36812782;8.35145569;8.35340786;8.35545635;8.35344028;8.35097599;8.35472012;8.35548782;8.34726429;8.35283184;8.35699177;8.3568964;8.35740757;8.35299206;8.35548782;8.35139179;8.35955238;8.35136032;8.35139179;8.34928036,20,8.354296016693116,0.0044222568716868,8.347264289855957,8.368127822875977,passed,0,0.0,1.1920928955078125e-07,1.862645149230957e-09,5.959932991572714e-07,3.712987961534964e-07,5.959932991572714e-07,3.712987961534964e-07,20649,0,full_state,passed,,8.353424072265625,,,,,,,,,,,3.3606071330715133
persistent_spike_block,multiarea_mam,NVIDIA GeForce RTX 5090,2.11.0+cu128,12.8,default,0.15,,0.005,1.0,0.0,400000000.0,04c0072d183f954b,2,20649,256,1,21960982,1063.5373141556493,multiarea_mam,2,4692,615.5277770001732,0.5787552244829751,0.3108347092842594,2081.5999999999985,2809.0,0.005,0.004434801624776,91.57421875,167.25,232,86256.390625,176697.5,243782,0.7648921766209681,0.7648921766209679,0.3958705939638359,2.533464147080152,sampled_16_timesteps_max_2048_sources,best_effort,1.025390625,0.005,0.0044348016381263,0.0005651983618736,True,12,SpMV,CUSPARSE_SPMV_ALG_DEFAULT,,,torch_cuda_event,gpu_execution,full_rsnn,device_native,independent_inference,full_fusion,"(256, 1, 20649)","(256, 1, 20649)",20649,20649,1,1,BN,event_csr,event_csr,dense_to_events_precomputed,False,True,True,0,torch.int32,torch.float32,torch.float32,windowed_events,,,False,False,False,False,False,False,1.0,2397004,176148120,176148120,0,0,False,unknown,unknown,unknown,unknown,unknown,,4.35164785;4.32832003;4.32028818;4.32681608;4.31827211;4.32483196;4.32435179;4.33088017;4.32438421;4.3226881;4.32230377;4.33500814;4.32025623;4.32681608;4.3161602;4.32588816;4.32012796;4.32419205;4.33049583;4.32742405,20,4.326057648658752,0.0075495053855971,4.316160202026367,4.351647853851318,passed,0,0.0,1.1920928955078125e-07,5.587935447692871e-09,5.960033035989909e-07,1.1125287073809886e-06,5.960033035989909e-07,1.1125287073809886e-06,20649,0,full_state,passed,,4.324608087539673,,,,,,,6.491357356453082,,,,6.491357356453082
cusparse_direct_cudagraph,multiarea_mam,NVIDIA GeForce RTX 5090,2.11.0+cu128,12.8,default,0.15,,0.005,1.0,0.0,400000000.0,1e392333e0a0831b,2,20649,256,1,21960982,1063.5373141556493,multiarea_mam,2,4692,615.5277770001732,0.5787552244829751,0.3108347092842594,2081.5999999999985,2809.0,0.01,0.0099999167635236,206.48828125,386.0,386,219580.484375,409149.0,422926,0.9022433185075284,0.9022433185075288,0.2371660454642825,1.869355479465012,sampled_16_timesteps_max_2048_sources,converged,1.5625,0.01,0.0099999168887734,8.311122655889348e-08,True,12,SpMV,CUSPARSE_SPMV_ALG_DEFAULT,,,torch_cuda_event,gpu_execution,full_rsnn,device_native,independent_inference,sparse_only,"(256, 1, 20649)","(256, 1, 20649)",20649,20649,1,1,BN,csr_post_by_pre,csr_post_by_pre,none,False,False,True,0,torch.int32,torch.float32,torch.float32,dense,,,False,False,False,False,False,True,1.0,85792,218307396,218307396,0,0,False,unknown,unknown,unknown,unknown,unknown,,28.0821114;28.0663681;28.0736313;28.068512;28.0746231;28.0695362;28.0664635;28.0756798;28.070528;28.0726089;28.0654087;28.066433;28.068512;28.0695362;28.0705605;28.0695038;28.0705605;28.070528;28.0695362;28.0746231,20,28.07076320648193,0.0039472957696153,28.06540870666504,28.082111358642575,passed,0,0.0,1.1920928955078125e-07,3.725290298461914e-09,5.947301247033465e-07,7.413309504045174e-07,5.947301247033465e-07,7.413309504045174e-07,20649,0,full_state,passed,,28.070032119750977,,,,,,,1.0,,,,1.0
tilespmspv_cudagraph,multiarea_mam,NVIDIA GeForce RTX 5090,2.11.0+cu128,12.8,default,0.15,,0.005,1.0,0.0,400000000.0,1e392333e0a0831b,2,20649,256,1,21960982,1063.5373141556493,multiarea_mam,2,4692,615.5277770001732,0.5787552244829751,0.3108347092842594,2081.5999999999985,2809.0,0.01,0.0099999167635236,206.48828125,386.0,386,219580.484375,409149.0,422926,0.9022433185075284,0.9022433185075288,0.2371660454642825,1.869355479465012,sampled_16_timesteps_max_2048_sources,converged,1.5625,0.01,0.0099999168887734,8.311122655889348e-08,True,12,SpMV,CUSPARSE_SPMV_ALG_DEFAULT,,,torch_cuda_event_cudagraph_replay,gpu_execution,full_rsnn,device_adapted,independent_inference,sparse_only,"(256, 1, 20649)","(256, 1, 20649)",20649,20649,1,1,BN,spmspv_csc_dense_device,spmspv_csc_dense_device,none,False,False,True,0,torch.int64,torch.float32,torch.float32,dense_device,,,False,False,False,False,False,True,1.0,82596,285089348,285089348,0,0,False,unknown,unknown,unknown,unknown,unknown,,5.19830418;5.1852479;5.19027185;5.18310404;5.18207979;5.18319988;5.19020796;5.18531179;5.18812799;5.18515205;5.18163204;5.18313599;5.18620777;5.18515205;5.18419218;5.18928003;5.18416023;5.18723202;5.18313599;5.18620777,20,5.1860671758651735,0.0038413203112409,5.181632041931152,5.198304176330566,passed,0,0.0,1.1920928955078125e-07,3.725290298461914e-09,5.939371590102382e-07,7.412009495055827e-07,5.939371590102382e-07,7.412009495055827e-07,20649,0,full_state,passed,,5.185199975967407,,,,,,,,,,,5.413490752497723
globalatomic_cudagraph,multiarea_mam,NVIDIA GeForce RTX 5090,2.11.0+cu128,12.8,default,0.15,,0.005,1.0,0.0,400000000.0,1e392333e0a0831b,2,20649,256,1,21960982,1063.5373141556493,multiarea_mam,2,4692,615.5277770001732,0.5787552244829751,0.3108347092842594,2081.5999999999985,2809.0,0.01,0.0099999167635236,206.48828125,386.0,386,219580.484375,409149.0,422926,0.9022433185075284,0.9022433185075288,0.2371660454642825,1.869355479465012,sampled_16_timesteps_max_2048_sources,converged,1.5625,0.01,0.0099999168887734,8.311122655889348e-08,True,12,SpMV,CUSPARSE_SPMV_ALG_DEFAULT,,,torch_cuda_event_cudagraph_replay,gpu_execution,full_rsnn,device_adapted,independent_inference,sparse_only,"(256, 1, 20649)","(256, 1, 20649)",20649,20649,1,1,BN,spmspv_csc_dense_device,spmspv_csc_dense_device,none,False,False,True,0,torch.int64,torch.float32,torch.float32,dense_device,,,False,False,False,False,False,True,1.0,82596,285089348,285089348,0,0,False,unknown,unknown,unknown,unknown,unknown,,14.1515522;14.1483517;14.1421118;14.1430721;14.1461439;14.1461763;14.1440639;14.1452799;14.1420479;14.1421442;14.1436796;14.1410875;14.1441603;14.1421118;14.1441603;14.1410875;14.1421118;14.1400642;14.1400642;14.1410875,20,14.143527936935424,0.0028826575274561,14.140064239501951,14.151552200317385,passed,0,0.0,1.1920928955078125e-07,3.725290298461914e-09,5.944768872723216e-07,7.416987841679656e-07,5.944768872723216e-07,7.416987841679656e-07,20649,0,full_state,passed,,14.142608165740969,,,,,,,,,,,1.984784686868988
vdha_cudagraph,multiarea_mam,NVIDIA GeForce RTX 5090,2.11.0+cu128,12.8,default,0.15,,0.005,1.0,0.0,400000000.0,1e392333e0a0831b,2,20649,256,1,21960982,1063.5373141556493,multiarea_mam,2,4692,615.5277770001732,0.5787552244829751,0.3108347092842594,2081.5999999999985,2809.0,0.01,0.0099999167635236,206.48828125,386.0,386,219580.484375,409149.0,422926,0.9022433185075284,0.9022433185075288,0.2371660454642825,1.869355479465012,sampled_16_timesteps_max_2048_sources,converged,1.5625,0.01,0.0099999168887734,8.311122655889348e-08,True,12,SpMV,CUSPARSE_SPMV_ALG_DEFAULT,,,torch_cuda_event_cudagraph_replay,gpu_execution,full_rsnn,device_adapted,independent_inference,sparse_only,"(256, 1, 20649)","(256, 1, 20649)",20649,20649,1,1,BN,spmspv_csc_dense_device,spmspv_csc_dense_device,none,False,False,True,0,torch.int64,torch.float32,torch.float32,dense_device,,,False,False,False,False,False,True,1.0,82596,285089348,285089348,0,0,False,unknown,unknown,unknown,unknown,unknown,,8.7474556;8.74275208;8.73638439;8.74009609;8.74051189;8.7441597;8.73740768;8.740448;8.73855972;8.74182415;8.73801613;8.73999977;8.73545647;8.73788834;8.73846436;8.74051189;8.74252796;8.73027229;8.73744011;8.73638439,20,8.739328050613404,0.0036230444640482,8.73027229309082,8.747455596923828,passed,0,0.0,1.1920928955078125e-07,3.725290298461914e-09,5.944430654380994e-07,7.418074119414086e-07,5.944430654380994e-07,7.418074119414086e-07,20649,0,full_state,passed,,8.739279747009277,,,,,,,,,,,3.211938847632952
persistent_spike_block,multiarea_mam,NVIDIA GeForce RTX 5090,2.11.0+cu128,12.8,default,0.15,,0.005,1.0,0.0,400000000.0,1e392333e0a0831b,2,20649,256,1,21960982,1063.5373141556493,multiarea_mam,2,4692,615.5277770001732,0.5787552244829751,0.3108347092842594,2081.5999999999985,2809.0,0.01,0.0099999167635236,206.48828125,386.0,386,219580.484375,409149.0,422926,0.9022433185075284,0.9022433185075288,0.2371660454642825,1.869355479465012,sampled_16_timesteps_max_2048_sources,converged,1.5625,0.01,0.0099999168887734,8.311122655889348e-08,True,12,SpMV,CUSPARSE_SPMV_ALG_DEFAULT,,,torch_cuda_event,gpu_execution,full_rsnn,device_native,independent_inference,full_fusion,"(256, 1, 20649)","(256, 1, 20649)",20649,20649,1,1,BN,event_csr,event_csr,dense_to_events_precomputed,False,True,True,0,torch.int32,torch.float32,torch.float32,windowed_events,,,False,False,False,False,False,False,1.0,2397004,176148120,176148120,0,0,False,unknown,unknown,unknown,unknown,unknown,,4.46697617;4.42716789;4.44316816;4.42511988;4.43292809;4.42118406;4.44112015;4.42102385;4.43196821;4.42511988;4.43699217;4.42511988;4.43289614;4.41897583;4.43702412;4.42102385;4.43705606;4.42771196;4.43289614;4.42777586,20,4.4316624164581295,0.0108489806201734,4.418975830078125,4.466976165771484,passed,0,0.0,3.5762786865234375e-07,4.6566128730773926e-08,1.780239131221606e-06,9.26150823943317e-06,1.780239131221606e-06,9.26150823943317e-06,20649,0,full_state,passed,,4.429872035980225,,,,,,,6.336533401362631,,,,6.336533401362631
cusparse_direct_cudagraph,multiarea_mam,NVIDIA GeForce RTX 5090,2.11.0+cu128,12.8,default,0.15,,0.005,1.0,0.0,400000000.0,e5dce83a29688e4f,2,20649,256,1,21960982,1063.5373141556493,multiarea_mam,2,4692,615.5277770001732,0.5787552244829751,0.3108347092842594,2081.5999999999985,2809.0,0.02,0.0199990768318078,412.9609375,772.0,775,438778.3046875,818418.5,842582,0.9480948110125028,0.9480948110125028,0.2365700504484631,1.8766908189712248,sampled_16_timesteps_max_2048_sources,converged,2.8564453125,0.02,0.0199990756809711,9.243190288547865e-07,True,12,SpMV,CUSPARSE_SPMV_ALG_DEFAULT,,,torch_cuda_event,gpu_execution,full_rsnn,device_native,independent_inference,sparse_only,"(256, 1, 20649)","(256, 1, 20649)",20649,20649,1,1,BN,csr_post_by_pre,csr_post_by_pre,none,False,False,True,0,torch.int32,torch.float32,torch.float32,dense,,,False,False,False,False,False,True,1.0,85792,218307396,218307396,0,0,False,unknown,unknown,unknown,unknown,unknown,,28.0795841;28.0766087;28.0736008;28.0684795;28.0726089;28.0736008;28.0726089;28.0715847;28.0746231;28.0684795;28.0756168;28.070528;28.0725765;28.0715523;28.068512;28.0797768;28.0746555;28.0684795;28.0715523;28.0726089,20,28.07288188934326,0.0033194273556894,28.068479537963867,28.079776763916016,passed,0,0.0,2.384185791015625e-07,7.450580596923828e-09,1.1886239690284128e-06,1.4757591770830911e-06,1.1886239690284128e-06,1.4757591770830911e-06,20649,0,full_state,passed,,28.072608947753903,,,,,,,1.0,,,,1.0
tilespmspv_cudagraph,multiarea_mam,NVIDIA GeForce RTX 5090,2.11.0+cu128,12.8,default,0.15,,0.005,1.0,0.0,400000000.0,e5dce83a29688e4f,2,20649,256,1,21960982,1063.5373141556493,multiarea_mam,2,4692,615.5277770001732,0.5787552244829751,0.3108347092842594,2081.5999999999985,2809.0,0.02,0.0199990768318078,412.9609375,772.0,775,438778.3046875,818418.5,842582,0.9480948110125028,0.9480948110125028,0.2365700504484631,1.8766908189712248,sampled_16_timesteps_max_2048_sources,converged,2.8564453125,0.02,0.0199990756809711,9.243190288547865e-07,True,12,SpMV,CUSPARSE_SPMV_ALG_DEFAULT,,,torch_cuda_event_cudagraph_replay,gpu_execution,full_rsnn,device_adapted,independent_inference,sparse_only,"(256, 1, 20649)","(256, 1, 20649)",20649,20649,1,1,BN,spmspv_csc_dense_device,spmspv_csc_dense_device,none,False,False,True,0,torch.int64,torch.float32,torch.float32,dense_device,,,False,False,False,False,False,True,1.0,82596,285089348,285089348,0,0,False,unknown,unknown,unknown,unknown,unknown,,5.59040022;5.57708788;5.58192015;5.5809598;5.58147192;5.57980824;5.57491207;5.5790081;5.58006382;5.58099222;5.58105612;5.57840014;5.57737589;5.57532787;5.57635212;5.57737589;5.58147192;5.58044815;5.57532787;5.57737589,20,5.5793568134307865,0.0034542648345376,5.574912071228027,5.590400218963623,passed,0,0.0,2.384185791015625e-07,2.9802322387695312e-08,1.1888688504768652e-06,5.8729324337036815e-06,1.1888688504768652e-06,5.8729324337036815e-06,20649,0,full_state,passed,,5.579408168792725,,,,,,,,,,,5.031467155382589
globalatomic_cudagraph,multiarea_mam,NVIDIA GeForce RTX 5090,2.11.0+cu128,12.8,default,0.15,,0.005,1.0,0.0,400000000.0,e5dce83a29688e4f,2,20649,256,1,21960982,1063.5373141556493,multiarea_mam,2,4692,615.5277770001732,0.5787552244829751,0.3108347092842594,2081.5999999999985,2809.0,0.02,0.0199990768318078,412.9609375,772.0,775,438778.3046875,818418.5,842582,0.9480948110125028,0.9480948110125028,0.2365700504484631,1.8766908189712248,sampled_16_timesteps_max_2048_sources,converged,2.8564453125,0.02,0.0199990756809711,9.243190288547865e-07,True,12,SpMV,CUSPARSE_SPMV_ALG_DEFAULT,,,torch_cuda_event_cudagraph_replay,gpu_execution,full_rsnn,device_adapted,independent_inference,sparse_only,"(256, 1, 20649)","(256, 1, 20649)",20649,20649,1,1,BN,spmspv_csc_dense_device,spmspv_csc_dense_device,none,False,False,True,0,torch.int64,torch.float32,torch.float32,dense_device,,,False,False,False,False,False,True,1.0,82596,285089348,285089348,0,0,False,unknown,unknown,unknown,unknown,unknown,,14.204896;14.1994877;14.1974077;14.2015362;14.2024956;14.1972799;14.1973763;14.1974401;14.1943045;14.1973124;14.1969604;14.1953602;14.1963844;14.1973763;14.1973438;14.1974077;14.1974077;14.198432;14.1994562;14.1974077,20,14.198153638839722,0.0024338669004801,14.19430446624756,14.204895973205566,passed,0,0.0,2.384185791015625e-07,1.4901161193847656e-08,1.1888688504768652e-06,2.936713144663372e-06,1.1888688504768652e-06,2.936713144663372e-06,20649,0,full_state,passed,,14.197407722473145,,,,,,,,,,,1.9773052585732
vdha_cudagraph,multiarea_mam,NVIDIA GeForce RTX 5090,2.11.0+cu128,12.8,default,0.15,,0.005,1.0,0.0,400000000.0,e5dce83a29688e4f,2,20649,256,1,21960982,1063.5373141556493,multiarea_mam,2,4692,615.5277770001732,0.5787552244829751,0.3108347092842594,2081.5999999999985,2809.0,0.02,0.0199990768318078,412.9609375,772.0,775,438778.3046875,818418.5,842582,0.9480948110125028,0.9480948110125028,0.2365700504484631,1.8766908189712248,sampled_16_timesteps_max_2048_sources,converged,2.8564453125,0.02,0.0199990756809711,9.243190288547865e-07,True,12,SpMV,CUSPARSE_SPMV_ALG_DEFAULT,,,torch_cuda_event_cudagraph_replay,gpu_execution,full_rsnn,device_adapted,independent_inference,sparse_only,"(256, 1, 20649)","(256, 1, 20649)",20649,20649,1,1,BN,spmspv_csc_dense_device,spmspv_csc_dense_device,none,False,False,True,0,torch.int64,torch.float32,torch.float32,dense_device,,,False,False,False,False,False,True,1.0,82596,285089348,285089348,0,0,False,unknown,unknown,unknown,unknown,unknown,,8.81366444;8.79609585;8.79520035;8.79379177;8.79539204;8.79811192;8.79174423;8.79926395;8.79990387;8.79712009;8.79689598;8.80131245;8.7974081;8.79113579;8.79580784;8.79475212;8.79372787;8.79580784;8.79785633;8.79580784,20,8.797040033340455,0.0046507389723297,8.791135787963867,8.813664436340332,passed,0,0.0,2.384185791015625e-07,1.4901161193847656e-08,1.1888688504768652e-06,2.9364662168518407e-06,1.1888688504768652e-06,2.9364662168518407e-06,20649,0,full_state,passed,,8.795951843261719,,,,,,,,,,,3.191537362640222
persistent_spike_block,multiarea_mam,NVIDIA GeForce RTX 5090,2.11.0+cu128,12.8,default,0.15,,0.005,1.0,0.0,400000000.0,e5dce83a29688e4f,2,20649,256,1,21960982,1063.5373141556493,multiarea_mam,2,4692,615.5277770001732,0.5787552244829751,0.3108347092842594,2081.5999999999985,2809.0,0.02,0.0199990768318078,412.9609375,772.0,775,438778.3046875,818418.5,842582,0.9480948110125028,0.9480948110125028,0.2365700504484631,1.8766908189712248,sampled_16_timesteps_max_2048_sources,converged,2.8564453125,0.02,0.0199990756809711,9.243190288547865e-07,True,12,SpMV,CUSPARSE_SPMV_ALG_DEFAULT,,,torch_cuda_event,gpu_execution,full_rsnn,device_native,independent_inference,full_fusion,"(256, 1, 20649)","(256, 1, 20649)",20649,20649,1,1,BN,event_csr,event_csr,dense_to_events_precomputed,False,True,True,0,torch.int32,torch.float32,torch.float32,windowed_events,,,False,False,False,False,False,False,1.0,2397004,176148120,176148120,0,0,False,unknown,unknown,unknown,unknown,unknown,,4.53599977;4.47836781;4.48822403;4.47734404;4.49027205;4.47222424;4.4840641;4.47750378;4.48816013;4.48048019;4.49228811;4.47836781;4.48611212;4.47427177;4.48511982;4.47648001;4.48000002;4.46608019;4.48819208;4.46668816,20,4.483312010765076,0.0144185460884316,4.466080188751221,4.535999774932861,passed,0,0.0,1.0132789611816406e-06,1.341104507446289e-07,5.04126683154027e-06,2.6429654099047184e-05,5.04126683154027e-06,2.6429654099047184e-05,20649,0,full_state,passed,,4.480240106582642,,,,,,,6.265871533650154,,,,6.265871533650154
cusparse_direct_cudagraph,multiarea_mam,NVIDIA GeForce RTX 5090,2.11.0+cu128,12.8,default,0.15,,0.005,1.0,0.0,400000000.0,4ab33f555bd6b834,2,20649,256,1,21960982,1063.5373141556493,multiarea_mam,2,4692,615.5277770001732,0.5787552244829751,0.3108347092842594,2081.5999999999985,2809.0,0.05,0.049995611167611,1032.359375,1929.5,1977,1092596.24609375,2047540.75,2118808,0.9754497037595588,0.9754497037595592,0.2424986932672949,1.915030800199785,sampled_16_timesteps_max_2048_sources,converged,6.7626953125,0.05,0.0499956086277961,4.39137220382968e-06,True,12,SpMV,CUSPARSE_SPMV_ALG_DEFAULT,,,torch_cuda_event,gpu_execution,full_rsnn,device_native,independent_inference,sparse_only,"(256, 1, 20649)","(256, 1, 20649)",20649,20649,1,1,BN,csr_post_by_pre,csr_post_by_pre,none,False,False,True,0,torch.int32,torch.float32,torch.float32,dense,,,False,False,False,False,False,True,1.0,85792,218307396,218307396,0,0,False,unknown,unknown,unknown,unknown,unknown,,28.081728;28.0765762;28.0756798;28.0746231;28.0705605;28.0736313;28.0705605;28.0776958;28.0725765;28.0746231;28.0756474;28.0705605;28.0725765;28.0695038;28.076704;28.0715847;28.0787201;28.0684795;28.0776958;28.070528,20,28.074012756347656,0.003538038388116,28.068479537963867,28.081727981567383,passed,0,0.0,9.5367431640625e-07,2.2351741790771484e-08,4.645898570743157e-06,4.311689735914115e-06,4.645898570743157e-06,4.311689735914115e-06,20649,0,full_state,passed,,28.074127197265625,,,,,,,1.0,,,,1.0
tilespmspv_cudagraph,multiarea_mam,NVIDIA GeForce RTX 5090,2.11.0+cu128,12.8,default,0.15,,0.005,1.0,0.0,400000000.0,4ab33f555bd6b834,2,20649,256,1,21960982,1063.5373141556493,multiarea_mam,2,4692,615.5277770001732,0.5787552244829751,0.3108347092842594,2081.5999999999985,2809.0,0.05,0.049995611167611,1032.359375,1929.5,1977,1092596.24609375,2047540.75,2118808,0.9754497037595588,0.9754497037595592,0.2424986932672949,1.915030800199785,sampled_16_timesteps_max_2048_sources,converged,6.7626953125,0.05,0.0499956086277961,4.39137220382968e-06,True,12,SpMV,CUSPARSE_SPMV_ALG_DEFAULT,,,torch_cuda_event_cudagraph_replay,gpu_execution,full_rsnn,device_adapted,independent_inference,sparse_only,"(256, 1, 20649)","(256, 1, 20649)",20649,20649,1,1,BN,spmspv_csc_dense_device,spmspv_csc_dense_device,none,False,False,True,0,torch.int64,torch.float32,torch.float32,dense_device,,,False,False,False,False,False,True,1.0,82596,285089348,285089348,0,0,False,unknown,unknown,unknown,unknown,unknown,,6.80038404;6.79820824;6.79385614;6.79379177;6.79279995;6.79375982;6.79193592;6.8039999;6.78867197;6.79392004;6.79343987;6.78979206;6.79695988;6.79593611;6.78979206;6.79798412;6.79491186;6.79593611;6.79593611;6.79184008,20,6.794692802429199,0.0037005265263264,6.788671970367432,6.803999900817871,passed,0,0.0,1.430511474609375e-06,1.6391277313232425e-07,7.134479346859735e-06,3.160997584927827e-05,7.134479346859735e-06,3.160997584927827e-05,20649,0,full_state,passed,,6.793888092041016,,,,,,,,,,,4.132262235840216
globalatomic_cudagraph,multiarea_mam,NVIDIA GeForce RTX 5090,2.11.0+cu128,12.8,default,0.15,,0.005,1.0,0.0,400000000.0,4ab33f555bd6b834,2,20649,256,1,21960982,1063.5373141556493,multiarea_mam,2,4692,615.5277770001732,0.5787552244829751,0.3108347092842594,2081.5999999999985,2809.0,0.05,0.049995611167611,1032.359375,1929.5,1977,1092596.24609375,2047540.75,2118808,0.9754497037595588,0.9754497037595592,0.2424986932672949,1.915030800199785,sampled_16_timesteps_max_2048_sources,converged,6.7626953125,0.05,0.0499956086277961,4.39137220382968e-06,True,12,SpMV,CUSPARSE_SPMV_ALG_DEFAULT,,,torch_cuda_event_cudagraph_replay,gpu_execution,full_rsnn,device_adapted,independent_inference,sparse_only,"(256, 1, 20649)","(256, 1, 20649)",20649,20649,1,1,BN,spmspv_csc_dense_device,spmspv_csc_dense_device,none,False,False,True,0,torch.int64,torch.float32,torch.float32,dense_device,,,False,False,False,False,False,True,1.0,82596,285089348,285089348,0,0,False,unknown,unknown,unknown,unknown,unknown,,14.75424;14.7116156;14.7093763;14.7114239;14.7094402;14.7093439;14.7155199;14.7134724;14.7136316;14.7175684;14.7129917;14.7155523;14.7155523;14.7135038;14.7135038;14.7073603;14.7114563;14.7053118;14.7053118;14.7114563,20,14.713881635665894,0.0100654037423787,14.70531177520752,14.754240036010742,passed,0,0.0,9.5367431640625e-07,8.940696716308595e-08,4.645898570743157e-06,1.7291311451117508e-05,4.645898570743157e-06,1.7291311451117508e-05,20649,0,full_state,passed,,14.712303638458252,,,,,,,,,,,1.9082074355697296
vdha_cudagraph,multiarea_mam,NVIDIA GeForce RTX 5090,2.11.0+cu128,12.8,default,0.15,,0.005,1.0,0.0,400000000.0,4ab33f555bd6b834,2,20649,256,1,21960982,1063.5373141556493,multiarea_mam,2,4692,615.5277770001732,0.5787552244829751,0.3108347092842594,2081.5999999999985,2809.0,0.05,0.049995611167611,1032.359375,1929.5,1977,1092596.24609375,2047540.75,2118808,0.9754497037595588,0.9754497037595592,0.2424986932672949,1.915030800199785,sampled_16_timesteps_max_2048_sources,converged,6.7626953125,0.05,0.0499956086277961,4.39137220382968e-06,True,12,SpMV,CUSPARSE_SPMV_ALG_DEFAULT,,,torch_cuda_event_cudagraph_replay,gpu_execution,full_rsnn,device_adapted,independent_inference,sparse_only,"(256, 1, 20649)","(256, 1, 20649)",20649,20649,1,1,BN,spmspv_csc_dense_device,spmspv_csc_dense_device,none,False,False,True,0,torch.int64,torch.float32,torch.float32,dense_device,,,False,False,False,False,False,True,1.0,82596,285089348,285089348,0,0,False,unknown,unknown,unknown,unknown,unknown,,9.99897575;9.98486423;9.98256016;9.98630428;9.98566437;9.98208046;9.98057556;9.9840641;9.98121643;9.98822403;9.98672009;9.98672009;9.98108768;9.98217583;9.98262405;9.98672009;9.97955227;9.98672009;9.98262405;9.98057556,20,9.984502458572388,0.0042786507350576,9.979552268981934,9.99897575378418,passed,0,0.0,9.5367431640625e-07,1.1920928955078125e-07,4.645898570743157e-06,2.305154339410365e-05,4.645898570743157e-06,2.305154339410365e-05,20649,0,full_state,passed,,9.983344078063965,,,,,,,,,,,2.8120965257475072
persistent_spike_block,multiarea_mam,NVIDIA GeForce RTX 5090,2.11.0+cu128,12.8,default,0.15,,0.005,1.0,0.0,400000000.0,4ab33f555bd6b834,2,20649,256,1,21960982,1063.5373141556493,multiarea_mam,2,4692,615.5277770001732,0.5787552244829751,0.3108347092842594,2081.5999999999985,2809.0,0.05,0.049995611167611,1032.359375,1929.5,1977,1092596.24609375,2047540.75,2118808,0.9754497037595588,0.9754497037595592,0.2424986932672949,1.915030800199785,sampled_16_timesteps_max_2048_sources,converged,6.7626953125,0.05,0.0499956086277961,4.39137220382968e-06,True,12,SpMV,CUSPARSE_SPMV_ALG_DEFAULT,,,torch_cuda_event,gpu_execution,full_rsnn,device_native,independent_inference,full_fusion,"(256, 1, 20649)","(256, 1, 20649)",20649,20649,1,1,BN,event_csr,event_csr,dense_to_events_precomputed,False,True,True,0,torch.int32,torch.float32,torch.float32,windowed_events,,,False,False,False,False,False,False,1.0,2397004,176148120,176148120,0,0,False,unknown,unknown,unknown,unknown,unknown,,4.90892792;4.90844822;4.86499214;4.90944004;4.85683203;4.90992022;4.87427187;4.91868782;4.86092806;4.91148806;4.85884809;4.92288017;4.85574389;4.92070389;4.85881615;4.9176321;4.86291218;4.91401577;4.85990381;4.90905619,20,4.890222430229187,0.0272012764090447,4.855743885040283,4.922880172729492,passed,0,0.0,6.340444087982178e-06,4.097819328308106e-07,3.166502574458718e-05,8.065468136919662e-05,3.166502574458718e-05,8.065468136919662e-05,20649,0,full_state,passed,,4.908688068389893,,,,,,,5.719273012692018,,,,5.719273012692018
cusparse_direct_cudagraph,multiarea_mam,NVIDIA GeForce RTX 5090,2.11.0+cu128,12.8,default,0.15,,0.005,1.0,0.0,400000000.0,2f2e049962ee3c06,2,20649,256,1,21960982,1063.5373141556493,multiarea_mam,2,4692,615.5277770001732,0.5787552244829751,0.3108347092842594,2081.5999999999985,2809.0,0.1,0.1000604599496343,2066.1484375,3390.25,4000,2189455.234375,3625449.5,4249906,0.9843993779873284,0.9843993779873284,0.2464208662156277,1.9359693269859757,sampled_16_timesteps_max_2048_sources,converged,14.8193359375,0.1,0.1000604555010795,6.0455501079553775e-05,True,12,SpMV,CUSPARSE_SPMV_ALG_DEFAULT,,,torch_cuda_event,gpu_execution,full_rsnn,device_native,independent_inference,sparse_only,"(256, 1, 20649)","(256, 1, 20649)",20649,20649,1,1,BN,csr_post_by_pre,csr_post_by_pre,none,False,False,True,0,torch.int32,torch.float32,torch.float32,dense,,,False,False,False,False,False,True,1.0,85792,218307396,218307396,0,0,False,unknown,unknown,unknown,unknown,unknown,,28.0792313;28.0746555;28.0695362;28.0705605;28.070528;28.0715847;28.0705605;28.0756798;28.068512;28.0766716;28.0695038;28.066433;28.0684795;28.0674877;28.0787525;28.0674553;28.0766716;28.070528;28.0736313;28.068512,20,28.071748733520508,0.0039283833585182,28.06643295288086,28.07923126220703,passed,0,0.0,1.430511474609375e-06,2.9802322387695312e-08,6.956803645152832e-06,5.6935823522508144e-06,6.956803645152832e-06,5.6935823522508144e-06,20649,0,full_state,passed,,28.070544242858887,,,,,,,1.0,,,,1.0
tilespmspv_cudagraph,multiarea_mam,NVIDIA GeForce RTX 5090,2.11.0+cu128,12.8,default,0.15,,0.005,1.0,0.0,400000000.0,2f2e049962ee3c06,2,20649,256,1,21960982,1063.5373141556493,multiarea_mam,2,4692,615.5277770001732,0.5787552244829751,0.3108347092842594,2081.5999999999985,2809.0,0.1,0.1000604599496343,2066.1484375,3390.25,4000,2189455.234375,3625449.5,4249906,0.9843993779873284,0.9843993779873284,0.2464208662156277,1.9359693269859757,sampled_16_timesteps_max_2048_sources,converged,14.8193359375,0.1,0.1000604555010795,6.0455501079553775e-05,True,12,SpMV,CUSPARSE_SPMV_ALG_DEFAULT,,,torch_cuda_event_cudagraph_replay,gpu_execution,full_rsnn,device_adapted,independent_inference,sparse_only,"(256, 1, 20649)","(256, 1, 20649)",20649,20649,1,1,BN,spmspv_csc_dense_device,spmspv_csc_dense_device,none,False,False,True,0,torch.int64,torch.float32,torch.float32,dense_device,,,False,False,False,False,False,True,1.0,82596,285089348,285089348,0,0,False,unknown,unknown,unknown,unknown,unknown,,8.24828815;8.23007965;8.21772766;8.23200035;8.2240324;8.21209621;8.23203182;8.22399998;8.22428799;8.21776009;8.21161556;8.22031975;8.21315193;8.21212769;8.21622372;8.21823978;8.23465633;8.22236824;8.22441578;8.21417618,20,8.222479963302613,0.0093508995251773,8.211615562438965,8.24828815460205,passed,0,0.0,4.35858964920044e-06,4.544854164123535e-07,2.177704118366819e-05,8.776941103860736e-05,2.177704118366819e-05,8.776941103860736e-05,20649,0,full_state,passed,,8.221343994140625,,,,,,,,,,,3.4143498025219285
globalatomic_cudagraph,multiarea_mam,NVIDIA GeForce RTX 5090,2.11.0+cu128,12.8,default,0.15,,0.005,1.0,0.0,400000000.0,2f2e049962ee3c06,2,20649,256,1,21960982,1063.5373141556493,multiarea_mam,2,4692,615.5277770001732,0.5787552244829751,0.3108347092842594,2081.5999999999985,2809.0,0.1,0.1000604599496343,2066.1484375,3390.25,4000,2189455.234375,3625449.5,4249906,0.9843993779873284,0.9843993779873284,0.2464208662156277,1.9359693269859757,sampled_16_timesteps_max_2048_sources,converged,14.8193359375,0.1,0.1000604555010795,6.0455501079553775e-05,True,12,SpMV,CUSPARSE_SPMV_ALG_DEFAULT,,,torch_cuda_event_cudagraph_replay,gpu_execution,full_rsnn,device_adapted,independent_inference,sparse_only,"(256, 1, 20649)","(256, 1, 20649)",20649,20649,1,1,BN,spmspv_csc_dense_device,spmspv_csc_dense_device,none,False,False,True,0,torch.int64,torch.float32,torch.float32,dense_device,,,False,False,False,False,False,True,1.0,82596,285089348,285089348,0,0,False,unknown,unknown,unknown,unknown,unknown,,16.3060474;16.2915192;16.2914238;16.2957115;16.2882557;16.2914238;16.2894402;16.2893753;16.290432;16.2954884;16.2889271;16.2914886;16.2925129;16.2914562;16.2914886;16.2914886;16.2925129;16.2894402;16.2935352;16.2894402,20,16.292070388793945,0.0038423041191862,16.28825569152832,16.306047439575195,passed,0,0.0,1.96695327758789e-06,1.6391277313232425e-07,9.781345397641417e-06,3.168393959640525e-05,9.781345397641417e-06,3.168393959640525e-05,20649,0,full_state,passed,,16.29147243499756,,,,,,,,,,,1.7230207002380808
vdha_cudagraph,multiarea_mam,NVIDIA GeForce RTX 5090,2.11.0+cu128,12.8,default,0.15,,0.005,1.0,0.0,400000000.0,2f2e049962ee3c06,2,20649,256,1,21960982,1063.5373141556493,multiarea_mam,2,4692,615.5277770001732,0.5787552244829751,0.3108347092842594,2081.5999999999985,2809.0,0.1,0.1000604599496343,2066.1484375,3390.25,4000,2189455.234375,3625449.5,4249906,0.9843993779873284,0.9843993779873284,0.2464208662156277,1.9359693269859757,sampled_16_timesteps_max_2048_sources,converged,14.8193359375,0.1,0.1000604555010795,6.0455501079553775e-05,True,12,SpMV,CUSPARSE_SPMV_ALG_DEFAULT,,,torch_cuda_event_cudagraph_replay,gpu_execution,full_rsnn,device_adapted,independent_inference,sparse_only,"(256, 1, 20649)","(256, 1, 20649)",20649,20649,1,1,BN,spmspv_csc_dense_device,spmspv_csc_dense_device,none,False,False,True,0,torch.int64,torch.float32,torch.float32,dense_device,,,False,False,False,False,False,True,1.0,82596,285089348,285089348,0,0,False,unknown,unknown,unknown,unknown,unknown,,11.5463362;11.5352316;11.5298882;11.5308161;11.5298557;11.5288324;11.5319357;11.5288639;11.5339842;11.53088;11.5257597;11.5329924;11.5297918;11.5283203;11.5360317;11.5288324;11.5299196;11.5350084;11.5298557;11.5288324,20,11.5315984249115,0.0043583429643361,11.52575969696045,11.54633617401123,passed,0,0.0,2.86102294921875e-06,3.352761268615723e-07,1.3522268091037404e-05,6.474051770055667e-05,1.3522268091037404e-05,6.474051770055667e-05,20649,0,full_state,passed,,11.529903888702393,,,,,,,,,,,2.4345861434598675
persistent_spike_block,multiarea_mam,NVIDIA GeForce RTX 5090,2.11.0+cu128,12.8,default,0.15,,0.005,1.0,0.0,400000000.0,2f2e049962ee3c06,2,20649,256,1,21960982,1063.5373141556493,multiarea_mam,2,4692,615.5277770001732,0.5787552244829751,0.3108347092842594,2081.5999999999985,2809.0,0.1,0.1000604599496343,2066.1484375,3390.25,4000,2189455.234375,3625449.5,4249906,0.9843993779873284,0.9843993779873284,0.2464208662156277,1.9359693269859757,sampled_16_timesteps_max_2048_sources,converged,14.8193359375,0.1,0.1000604555010795,6.0455501079553775e-05,True,12,SpMV,CUSPARSE_SPMV_ALG_DEFAULT,,,torch_cuda_event,gpu_execution,full_rsnn,device_native,independent_inference,full_fusion,"(256, 1, 20649)","(256, 1, 20649)",20649,20649,1,1,BN,event_csr,event_csr,dense_to_events_precomputed,False,True,True,0,torch.int32,torch.float32,torch.float32,windowed_events,,,False,False,False,False,False,False,1.0,2397004,176148120,176148120,0,0,False,unknown,unknown,unknown,unknown,unknown,,6.87129593;6.4920001;6.82435179;6.48195219;6.80390406;6.47881603;6.83468819;6.48195219;6.8263998;6.4696002;6.83475208;6.48499203;6.81001616;6.48191977;6.82025623;6.46963215;6.81308794;6.48598385;6.85056019;6.46655989,20,6.654136037826538,0.1799625685016149,6.466559886932373,6.871295928955078,passed,0,0.0,2.390146255493164e-05,1.5795230865478516e-06,0.0001189262475236,0.0002956695971079,0.0001189262475236,0.0002956695971079,20649,0,full_state,passed,,6.647952079772949,,,,,,,4.222434804887702,,,,4.222434804887702
cusparse_direct_cudagraph,multiarea_mam,NVIDIA GeForce RTX 5090,2.11.0+cu128,12.8,default,0.15,,0.005,1.0,0.0,400000000.0,cbbdf6222989a1a0,2,20649,256,1,21960982,1063.5373141556493,multiarea_mam,2,4692,615.5277770001732,0.5787552244829751,0.3108347092842594,2081.5999999999985,2809.0,0.2,0.1999830121918737,4129.44921875,6496.25,7511,4370229.71484375,6919478.5,8018796,0.9847119704861496,0.9847119704861498,0.2460914165657046,1.8188866364782683,sampled_16_timesteps_max_2048_sources,converged,40.966796875,0.2,0.19998300075531,1.699924468995251e-05,True,12,SpMV,CUSPARSE_SPMV_ALG_DEFAULT,,,torch_cuda_event,gpu_execution,full_rsnn,device_native,independent_inference,sparse_only,"(256, 1, 20649)","(256, 1, 20649)",20649,20649,1,1,BN,csr_post_by_pre,csr_post_by_pre,none,False,False,True,0,torch.int32,torch.float32,torch.float32,dense,,,False,False,False,False,False,True,1.0,85792,218307396,218307396,0,0,False,unknown,unknown,unknown,unknown,unknown,,28.0781116;28.0728645;28.0736313;28.068512;28.0725765;28.0756474;28.0684795;28.0715847;28.0664635;28.0726089;28.0736008;28.0725765;28.070528;28.0654392;28.0725765;28.0695038;28.076704;28.0705605;28.0736313;28.0664635,20,28.071603202819823,0.0033964924608968,28.065439224243164,28.07811164855957,passed,0,0.0,3.814697265625e-06,5.960464477539064e-08,1.8151302356272936e-05,1.083037022908684e-05,1.8151302356272936e-05,1.083037022908684e-05,20649,0,full_state,passed,,28.07257652282715,,,,,,,1.0,,,,1.0
tilespmspv_cudagraph,multiarea_mam,NVIDIA GeForce RTX 5090,2.11.0+cu128,12.8,default,0.15,,0.005,1.0,0.0,400000000.0,cbbdf6222989a1a0,2,20649,256,1,21960982,1063.5373141556493,multiarea_mam,2,4692,615.5277770001732,0.5787552244829751,0.3108347092842594,2081.5999999999985,2809.0,0.2,0.1999830121918737,4129.44921875,6496.25,7511,4370229.71484375,6919478.5,8018796,0.9847119704861496,0.9847119704861498,0.2460914165657046,1.8188866364782683,sampled_16_timesteps_max_2048_sources,converged,40.966796875,0.2,0.19998300075531,1.699924468995251e-05,True,12,SpMV,CUSPARSE_SPMV_ALG_DEFAULT,,,torch_cuda_event_cudagraph_replay,gpu_execution,full_rsnn,device_adapted,independent_inference,sparse_only,"(256, 1, 20649)","(256, 1, 20649)",20649,20649,1,1,BN,spmspv_csc_dense_device,spmspv_csc_dense_device,none,False,False,True,0,torch.int64,torch.float32,torch.float32,dense_device,,,False,False,False,False,False,True,1.0,82596,285089348,285089348,0,0,False,unknown,unknown,unknown,unknown,unknown,,10.1045437;10.0436802;10.0662079;10.1009283;10.0769596;10.0854082;10.0885439;10.0763836;10.0789757;10.0701761;10.1121597;10.0747843;10.0870724;10.0686398;10.0850239;10.0532799;10.0604477;10.0747843;10.0891199;10.0891199,20,10.0793119430542,0.0167300044366623,10.04368019104004,10.112159729003906,passed,0,0.0,1.9073486328125e-05,8.791685104370117e-07,8.398023783229291e-05,0.0001699196436675,8.398023783229291e-05,0.0001699196436675,20649,0,full_state,passed,,10.077967643737791,,,,,,,,,,,2.7855394574788868
globalatomic_cudagraph,multiarea_mam,NVIDIA GeForce RTX 5090,2.11.0+cu128,12.8,default,0.15,,0.005,1.0,0.0,400000000.0,cbbdf6222989a1a0,2,20649,256,1,21960982,1063.5373141556493,multiarea_mam,2,4692,615.5277770001732,0.5787552244829751,0.3108347092842594,2081.5999999999985,2809.0,0.2,0.1999830121918737,4129.44921875,6496.25,7511,4370229.71484375,6919478.5,8018796,0.9847119704861496,0.9847119704861498,0.2460914165657046,1.8188866364782683,sampled_16_timesteps_max_2048_sources,converged,40.966796875,0.2,0.19998300075531,1.699924468995251e-05,True,12,SpMV,CUSPARSE_SPMV_ALG_DEFAULT,,,torch_cuda_event_cudagraph_replay,gpu_execution,full_rsnn,device_adapted,independent_inference,sparse_only,"(256, 1, 20649)","(256, 1, 20649)",20649,20649,1,1,BN,spmspv_csc_dense_device,spmspv_csc_dense_device,none,False,False,True,0,torch.int64,torch.float32,torch.float32,dense_device,,,False,False,False,False,False,True,1.0,82596,285089348,285089348,0,0,False,unknown,unknown,unknown,unknown,unknown,,20.0191689;20.0046082;20.0097599;20.006464;20.0075836;20.0086403;20.0055676;20.0025272;20.0012169;20.0004158;20.0009289;20.0024643;19.9993916;19.9983673;20.0004158;20.00144;20.0004158;20.0055351;20.0024643;20.00144,20,20.003940773010253,0.0047985987598943,19.998367309570312,20.01916885375977,passed,0,0.0,1.52587890625e-05,7.525086402893066e-07,6.730837048962712e-05,0.0001445964444428,6.730837048962712e-05,0.0001445964444428,20649,0,full_state,passed,,20.002464294433597,,,,,,,,,,,1.4034558997132844
vdha_cudagraph,multiarea_mam,NVIDIA GeForce RTX 5090,2.11.0+cu128,12.8,default,0.15,,0.005,1.0,0.0,400000000.0,cbbdf6222989a1a0,2,20649,256,1,21960982,1063.5373141556493,multiarea_mam,2,4692,615.5277770001732,0.5787552244829751,0.3108347092842594,2081.5999999999985,2809.0,0.2,0.1999830121918737,4129.44921875,6496.25,7511,4370229.71484375,6919478.5,8018796,0.9847119704861496,0.9847119704861498,0.2460914165657046,1.8188866364782683,sampled_16_timesteps_max_2048_sources,converged,40.966796875,0.2,0.19998300075531,1.699924468995251e-05,True,12,SpMV,CUSPARSE_SPMV_ALG_DEFAULT,,,torch_cuda_event_cudagraph_replay,gpu_execution,full_rsnn,device_adapted,independent_inference,sparse_only,"(256, 1, 20649)","(256, 1, 20649)",20649,20649,1,1,BN,spmspv_csc_dense_device,spmspv_csc_dense_device,none,False,False,True,0,torch.int64,torch.float32,torch.float32,dense_device,,,False,False,False,False,False,True,1.0,82596,285089348,285089348,0,0,False,unknown,unknown,unknown,unknown,unknown,,14.3132477;14.3040962;14.2992964;14.3075523;14.3033924;14.2982082;14.3033276;14.301856;14.2993603;14.3059521;14.3002882;14.3033276;14.3017921;14.3034563;14.29776;14.301856;14.3008318;14.29776;14.3079996;14.301856,20,14.302660846710204,0.0038471300299586,14.297760009765623,14.313247680664062,passed,0,0.0,8.58306884765625e-06,4.544854164123535e-07,4.145776256336831e-05,8.821548544801772e-05,4.145776256336831e-05,8.821548544801772e-05,20649,0,full_state,passed,,14.30185604095459,,,,,,,,,,,1.962862473404775
persistent_spike_block,multiarea_mam,NVIDIA GeForce RTX 5090,2.11.0+cu128,12.8,default,0.15,,0.005,1.0,0.0,400000000.0,cbbdf6222989a1a0,2,20649,256,1,21960982,1063.5373141556493,multiarea_mam,2,4692,615.5277770001732,0.5787552244829751,0.3108347092842594,2081.5999999999985,2809.0,0.2,0.1999830121918737,4129.44921875,6496.25,7511,4370229.71484375,6919478.5,8018796,0.9847119704861496,0.9847119704861498,0.2460914165657046,1.8188866364782683,sampled_16_timesteps_max_2048_sources,converged,40.966796875,0.2,0.19998300075531,1.699924468995251e-05,True,12,SpMV,CUSPARSE_SPMV_ALG_DEFAULT,,,torch_cuda_event,gpu_execution,full_rsnn,device_native,independent_inference,full_fusion,"(256, 1, 20649)","(256, 1, 20649)",20649,20649,1,1,BN,event_csr,event_csr,dense_to_events_precomputed,False,True,True,0,torch.int32,torch.float32,torch.float32,windowed_events,,,False,False,False,False,False,False,1.0,2397004,176148120,176148120,0,0,False,unknown,unknown,unknown,unknown,unknown,,10.1280956;10.4979525;10.1195841;10.4980803;10.0980482;10.4857597;10.1032;10.5020475;10.1062403;10.4959679;10.1123838;10.5061436;10.0991039;10.5062084;10.1134396;10.4754877;10.1047039;10.4857283;10.0945921;10.49088,20,10.30118236541748,0.1985108955880416,10.094592094421388,10.506208419799805,passed_causal_masked_state,4,7.566952394789093e-07,0.0001071691513061,6.0498714447021484e-06,0.000529307173565,0.0011497683590278,0.0002679210738278,0.0011497683590278,19999,650,causal_masked_state,passed_causal_masked_state,,10.301791667938232,,,,,,,2.7250188537782285,,,,2.7250188537782285
cusparse_direct_cudagraph,uniform,NVIDIA GeForce RTX 5090,2.11.0+cu128,12.8,default,0.15,,,,,,c6cb5a970b05f5aa,0,131072,256,1,16777216,128.0,uniform,0,128,0.0,0.0,0.0,128.0,128.0,0.005,0.0048828125,640.0,1311.0,1311,81920.0,167808.0,167808,0.0683906527943968,0.0683906527943968,1.0237188287444594,2.0484375,sampled_16_timesteps_max_2048_sources,converged,0.830078125,0.005,0.0048828125,0.0001171875,True,12,SpMV,CUSPARSE_SPMV_ALG_DEFAULT,,,torch_cuda_event,gpu_execution,full_rsnn,device_native,independent_inference,sparse_only,"(256, 1, 131072)","(256, 1, 131072)",131072,131072,1,1,BN,csr_post_by_pre,csr_post_by_pre,none,False,False,True,0,torch.int32,torch.float32,torch.float32,dense,,,False,False,False,False,False,True,1.0,65540,404750340,404750340,0,0,False,unknown,unknown,unknown,unknown,unknown,,22.1192646;22.1091194;22.1098557;22.1149445;22.1139526;22.1067848;22.1119041;22.1108799;22.1098557;22.1108799;22.1098557;22.1088009;22.1119041;22.1088314;22.1149769;22.1119041;22.1149769;22.1119041;22.1067848;22.1119041,20,22.11146421432495,0.0030483607957776,22.10678482055664,22.119264602661133,passed,0,0.0,8.940696716308595e-08,4.656612873077393e-10,4.4632867002292187e-07,9.304970660650724e-08,4.4632867002292187e-07,9.304970660650724e-08,131072,0,full_state,passed,,22.1113920211792,,,,,,,1.0,,,,1.0
tilespmspv_cudagraph,uniform,NVIDIA GeForce RTX 5090,2.11.0+cu128,12.8,default,0.15,,,,,,c6cb5a970b05f5aa,0,131072,256,1,16777216,128.0,uniform,0,128,0.0,0.0,0.0,128.0,128.0,0.005,0.0048828125,640.0,1311.0,1311,81920.0,167808.0,167808,0.0683906527943968,0.0683906527943968,1.0237188287444594,2.0484375,sampled_16_timesteps_max_2048_sources,converged,0.830078125,0.005,0.0048828125,0.0001171875,True,12,SpMV,CUSPARSE_SPMV_ALG_DEFAULT,,,torch_cuda_event_cudagraph_replay,gpu_execution,full_rsnn,device_adapted,independent_inference,sparse_only,"(256, 1, 131072)","(256, 1, 131072)",131072,131072,1,1,BN,spmspv_csc_dense_device,spmspv_csc_dense_device,none,False,False,True,0,torch.int64,torch.float32,torch.float32,dense_device,,,False,False,False,False,False,True,1.0,524288,338165768,338165768,0,0,False,unknown,unknown,unknown,unknown,unknown,,5.98902416;5.97910404;5.98086405;5.9807682;5.97875214;5.97872019;5.97769594;5.980896;5.98070383;5.97878408;5.98243189;5.98281622;5.9808321;5.97980785;5.9808321;5.97878408;5.97878408;5.98288012;5.97878408;5.97775984,20,5.980451250076294,0.0025525884720944,5.977695941925049,5.9890241622924805,passed,0,0.0,0.0,0.0,0.0,0.0,0.0,0.0,131072,0,full_state,passed,,5.980255842208862,,,,,,,,,,,3.697399008436427
globalatomic_cudagraph,uniform,NVIDIA GeForce RTX 5090,2.11.0+cu128,12.8,default,0.15,,,,,,c6cb5a970b05f5aa,0,131072,256,1,16777216,128.0,uniform,0,128,0.0,0.0,0.0,128.0,128.0,0.005,0.0048828125,640.0,1311.0,1311,81920.0,167808.0,167808,0.0683906527943968,0.0683906527943968,1.0237188287444594,2.0484375,sampled_16_timesteps_max_2048_sources,converged,0.830078125,0.005,0.0048828125,0.0001171875,True,12,SpMV,CUSPARSE_SPMV_ALG_DEFAULT,,,torch_cuda_event_cudagraph_replay,gpu_execution,full_rsnn,device_adapted,independent_inference,sparse_only,"(256, 1, 131072)","(256, 1, 131072)",131072,131072,1,1,BN,spmspv_csc_dense_device,spmspv_csc_dense_device,none,False,False,True,0,torch.int64,torch.float32,torch.float32,dense_device,,,False,False,False,False,False,True,1.0,524288,338165768,338165768,0,0,False,unknown,unknown,unknown,unknown,unknown,,11.7424955;11.6785917;11.6738882;11.672864;11.6779518;11.67488;11.6738882;11.6774397;11.6731195;11.6716805;11.6727362;11.6742716;11.6732483;11.6763201;11.6773443;11.6773443;11.6701756;11.6752958;11.6783676;11.6752958,20,11.678359937667846,0.0152786122775945,11.670175552368164,11.7424955368042,passed,0,0.0,0.0,0.0,0.0,0.0,0.0,0.0,131072,0,full_state,passed,,11.675087928771973,,,,,,,,,,,1.8938951171997689
vdha_cudagraph,uniform,NVIDIA GeForce RTX 5090,2.11.0+cu128,12.8,default,0.15,,,,,,c6cb5a970b05f5aa,0,131072,256,1,16777216,128.0,uniform,0,128,0.0,0.0,0.0,128.0,128.0,0.005,0.0048828125,640.0,1311.0,1311,81920.0,167808.0,167808,0.0683906527943968,0.0683906527943968,1.0237188287444594,2.0484375,sampled_16_timesteps_max_2048_sources,converged,0.830078125,0.005,0.0048828125,0.0001171875,True,12,SpMV,CUSPARSE_SPMV_ALG_DEFAULT,,,torch_cuda_event_cudagraph_replay,gpu_execution,full_rsnn,device_adapted,independent_inference,sparse_only,"(256, 1, 131072)","(256, 1, 131072)",131072,131072,1,1,BN,spmspv_csc_dense_device,spmspv_csc_dense_device,none,False,False,True,0,torch.int64,torch.float32,torch.float32,dense_device,,,False,False,False,False,False,True,1.0,524288,338165768,338165768,0,0,False,unknown,unknown,unknown,unknown,unknown,,7.04166412;7.02595186;7.02633619;7.02479982;7.02460814;7.02169609;7.03068781;7.02553606;7.02755213;7.02467203;7.02256012;7.02425623;7.02323198;7.01872015;7.02633619;7.02531195;7.02940798;7.03043222;7.03350401;7.03552008,20,7.027139258384705,0.0052420651202596,7.0187201499938965,7.041664123535156,passed,0,0.0,0.0,0.0,0.0,0.0,0.0,0.0,131072,0,full_state,passed,,7.0257439613342285,,,,,,,,,,,3.147195819100149
persistent_spike_block,uniform,NVIDIA GeForce RTX 5090,2.11.0+cu128,12.8,default,0.15,,,,,,c6cb5a970b05f5aa,0,131072,256,1,16777216,128.0,uniform,0,128,0.0,0.0,0.0,128.0,128.0,0.005,0.0048828125,640.0,1311.0,1311,81920.0,167808.0,167808,0.0683906527943968,0.0683906527943968,1.0237188287444594,2.0484375,sampled_16_timesteps_max_2048_sources,converged,0.830078125,0.005,0.0048828125,0.0001171875,True,12,SpMV,CUSPARSE_SPMV_ALG_DEFAULT,,,torch_cuda_event,gpu_execution,full_rsnn,device_native,independent_inference,full_fusion,"(256, 1, 131072)","(256, 1, 131072)",131072,131072,1,1,BN,event_csr,event_csr,dense_to_events_precomputed,False,True,True,0,torch.int32,torch.float32,torch.float32,windowed_events,,,False,False,False,False,False,False,1.0,3719184,137133800,137133800,0,0,False,unknown,unknown,unknown,unknown,unknown,,2.28051209;2.24297595;2.23446393;2.23996806;2.23420811;2.24089599;2.23635197;2.24095988;2.22614408;2.23782396;2.23449612;2.23676801;2.23452806;2.23996806;2.23126411;2.24089599;2.23648;2.23884797;2.23436809;2.24150395,20,2.2391712188720705,0.0105326453496145,2.2261440753936768,2.2805120944976807,passed,0,0.0,5.960464477539064e-08,6.984919309616089e-10,2.955456182007765e-07,1.3955279598576453e-07,2.955456182007765e-07,1.3955279598576453e-07,131072,0,full_state,passed,,2.237295985221863,,,,,,,9.88308751601613,,,,9.88308751601613
cusparse_direct_cudagraph,uniform,NVIDIA GeForce RTX 5090,2.11.0+cu128,12.8,default,0.15,,,,,,491e001ca26b5a95,0,131072,256,1,16777216,128.0,uniform,0,128,0.0,0.0,0.0,128.0,128.0,0.01,0.0099999904632568,1310.71875,1311.0,1311,167772.0,167808.0,167808,0.2188125317065377,0.2188125317065377,0.0003430249283536,1.000214576925828,sampled_16_timesteps_max_2048_sources,converged,1.5625,0.01,0.0099999904632568,9.536743164270668e-09,True,12,SpMV,CUSPARSE_SPMV_ALG_DEFAULT,,,torch_cuda_event,gpu_execution,full_rsnn,device_native,independent_inference,sparse_only,"(256, 1, 131072)","(256, 1, 131072)",131072,131072,1,1,BN,csr_post_by_pre,csr_post_by_pre,none,False,False,True,0,torch.int32,torch.float32,torch.float32,dense,,,False,False,False,False,False,True,1.0,65540,404750340,404750340,0,0,False,unknown,unknown,unknown,unknown,unknown,,22.1209278;22.1092167;22.1037121;22.1047363;22.1077766;22.1047363;22.1119041;22.1108799;22.1078072;22.1088314;22.1098557;22.1067848;22.1098232;22.1047363;22.1088314;22.1078072;22.1047039;22.1036797;22.1129284;22.1139526,20,22.10868158340454,0.0041814005123984,22.103679656982425,22.120927810668945,passed,0,0.0,5.960464477539064e-08,9.313225746154783e-10,2.966597207887389e-07,1.857293483453759e-07,2.966597207887389e-07,1.857293483453759e-07,131072,0,full_state,passed,,22.10831928253174,,,,,,,1.0,,,,1.0
tilespmspv_cudagraph,uniform,NVIDIA GeForce RTX 5090,2.11.0+cu128,12.8,default,0.15,,,,,,491e001ca26b5a95,0,131072,256,1,16777216,128.0,uniform,0,128,0.0,0.0,0.0,128.0,128.0,0.01,0.0099999904632568,1310.71875,1311.0,1311,167772.0,167808.0,167808,0.2188125317065377,0.2188125317065377,0.0003430249283536,1.000214576925828,sampled_16_timesteps_max_2048_sources,converged,1.5625,0.01,0.0099999904632568,9.536743164270668e-09,True,12,SpMV,CUSPARSE_SPMV_ALG_DEFAULT,,,torch_cuda_event_cudagraph_replay,gpu_execution,full_rsnn,device_adapted,independent_inference,sparse_only,"(256, 1, 131072)","(256, 1, 131072)",131072,131072,1,1,BN,spmspv_csc_dense_device,spmspv_csc_dense_device,none,False,False,True,0,torch.int64,torch.float32,torch.float32,dense_device,,,False,False,False,False,False,True,1.0,524288,338165768,338165768,0,0,False,unknown,unknown,unknown,unknown,unknown,,6.02025604;6.01584005;6.00966406;6.01353598;6.01142406;6.01353598;6.01564789;6.01459217;6.01366377;6.01158381;6.01107216;6.01564789;6.01974392;6.01974392;6.01667213;6.01564789;6.01564789;6.01564789;6.01968002;6.01564789,20,6.015244770050049,0.0030258243630999,6.009664058685303,6.020256042480469,passed,0,0.0,0.0,0.0,0.0,0.0,0.0,0.0,131072,0,full_state,passed,,6.015647888183594,,,,,,,,,,,3.675135196320022
globalatomic_cudagraph,uniform,NVIDIA GeForce RTX 5090,2.11.0+cu128,12.8,default,0.15,,,,,,491e001ca26b5a95,0,131072,256,1,16777216,128.0,uniform,0,128,0.0,0.0,0.0,128.0,128.0,0.01,0.0099999904632568,1310.71875,1311.0,1311,167772.0,167808.0,167808,0.2188125317065377,0.2188125317065377,0.0003430249283536,1.000214576925828,sampled_16_timesteps_max_2048_sources,converged,1.5625,0.01,0.0099999904632568,9.536743164270668e-09,True,12,SpMV,CUSPARSE_SPMV_ALG_DEFAULT,,,torch_cuda_event_cudagraph_replay,gpu_execution,full_rsnn,device_adapted,independent_inference,sparse_only,"(256, 1, 131072)","(256, 1, 131072)",131072,131072,1,1,BN,spmspv_csc_dense_device,spmspv_csc_dense_device,none,False,False,True,0,torch.int64,torch.float32,torch.float32,dense_device,,,False,False,False,False,False,True,1.0,524288,338165768,338165768,0,0,False,unknown,unknown,unknown,unknown,unknown,,11.7244482;11.70928;11.7085123;11.7118082;11.7111998;11.7116156;11.7117758;11.7147198;11.7122564;11.7086077;11.7116156;11.7152319;11.7142076;11.7120962;11.7090883;11.7080641;11.7131844;11.7101116;11.7121601;11.7070398,20,11.711851167678834,0.0037202570537451,11.707039833068848,11.724448204040527,passed,0,0.0,0.0,0.0,0.0,0.0,0.0,0.0,131072,0,full_state,passed,,11.711695671081545,,,,,,,,,,,1.887712924194357
vdha_cudagraph,uniform,NVIDIA GeForce RTX 5090,2.11.0+cu128,12.8,default,0.15,,,,,,491e001ca26b5a95,0,131072,256,1,16777216,128.0,uniform,0,128,0.0,0.0,0.0,128.0,128.0,0.01,0.0099999904632568,1310.71875,1311.0,1311,167772.0,167808.0,167808,0.2188125317065377,0.2188125317065377,0.0003430249283536,1.000214576925828,sampled_16_timesteps_max_2048_sources,converged,1.5625,0.01,0.0099999904632568,9.536743164270668e-09,True,12,SpMV,CUSPARSE_SPMV_ALG_DEFAULT,,,torch_cuda_event_cudagraph_replay,gpu_execution,full_rsnn,device_adapted,independent_inference,sparse_only,"(256, 1, 131072)","(256, 1, 131072)",131072,131072,1,1,BN,spmspv_csc_dense_device,spmspv_csc_dense_device,none,False,False,True,0,torch.int64,torch.float32,torch.float32,dense_device,,,False,False,False,False,False,True,1.0,524288,338165768,338165768,0,0,False,unknown,unknown,unknown,unknown,unknown,,7.58131218;7.5692482;7.56806421;7.57263994;7.56905603;7.57158422;7.57068777;7.57158422;7.57465601;7.56860781;7.56803179;7.57263994;7.57212782;7.57052803;7.57110405;7.56796789;7.56905603;7.57212782;7.56700802;7.56905603,20,7.57085440158844,0.0031698172215299,7.567008018493652,7.58131217956543,passed,0,0.0,0.0,0.0,0.0,0.0,0.0,0.0,131072,0,full_state,passed,,7.570607900619507,,,,,,,,,,,2.920283228606068
persistent_spike_block,uniform,NVIDIA GeForce RTX 5090,2.11.0+cu128,12.8,default,0.15,,,,,,491e001ca26b5a95,0,131072,256,1,16777216,128.0,uniform,0,128,0.0,0.0,0.0,128.0,128.0,0.01,0.0099999904632568,1310.71875,1311.0,1311,167772.0,167808.0,167808,0.2188125317065377,0.2188125317065377,0.0003430249283536,1.000214576925828,sampled_16_timesteps_max_2048_sources,converged,1.5625,0.01,0.0099999904632568,9.536743164270668e-09,True,12,SpMV,CUSPARSE_SPMV_ALG_DEFAULT,,,torch_cuda_event,gpu_execution,full_rsnn,device_native,independent_inference,full_fusion,"(256, 1, 131072)","(256, 1, 131072)",131072,131072,1,1,BN,event_csr,event_csr,dense_to_events_precomputed,False,True,True,0,torch.int32,torch.float32,torch.float32,windowed_events,,,False,False,False,False,False,False,1.0,3719184,137133800,137133800,0,0,False,unknown,unknown,unknown,unknown,unknown,,2.51228809;2.46998405;2.46723199;2.46991992;2.47126389;2.46899199;2.47446394;2.46985602;2.47232008;2.47190404;2.46831989;2.46883202;2.4743681;2.46780801;2.47024012;2.46799994;2.47276807;2.46777606;2.46780801;2.466784,20,2.472046411037445,0.0097431489845894,2.4667840003967285,2.5122880935668945,passed,0,0.0,1.788139343261719e-07,1.862645149230957e-09,8.892307619134954e-07,3.714345950811549e-07,8.892307619134954e-07,3.714345950811549e-07,131072,0,full_state,passed,,2.469887971878052,,,,,,,8.951142535311442,,,,8.951142535311442
cusparse_direct_cudagraph,uniform,NVIDIA GeForce RTX 5090,2.11.0+cu128,12.8,default,0.15,,,,,,b89336d21203edb6,0,131072,256,1,16777216,128.0,uniform,0,128,0.0,0.0,0.0,128.0,128.0,0.02,0.0199609398841857,2616.3203125,2622.0,2622,334889.0,335616.0,335616,0.4824323035850497,0.4824323035850495,0.0312438156137011,1.002170868556447,sampled_16_timesteps_max_2048_sources,converged,2.34375,0.02,0.0199609398841857,3.90601158142094e-05,True,12,SpMV,CUSPARSE_SPMV_ALG_DEFAULT,,,torch_cuda_event,gpu_execution,full_rsnn,device_native,independent_inference,sparse_only,"(256, 1, 131072)","(256, 1, 131072)",131072,131072,1,1,BN,csr_post_by_pre,csr_post_by_pre,none,False,False,True,0,torch.int32,torch.float32,torch.float32,dense,,,False,False,False,False,False,True,1.0,65540,404750340,404750340,0,0,False,unknown,unknown,unknown,unknown,unknown,,22.1343689;22.1071358;22.1057911;22.1088009;22.1078396;22.1108799;22.1078072;22.1047363;22.1036797;22.1047363;22.1057606;22.1067848;22.1057606;22.1108799;22.1067848;22.1057281;22.1088314;22.1037121;22.1088009;22.1098557,20,22.108433723449707,0.0064715979043426,22.103679656982425,22.13436889648437,passed,0,0.0,2.384185791015625e-07,2.7939677238464355e-09,1.184673578791262e-06,5.553299047278415e-07,1.184673578791262e-06,5.553299047278415e-07,131072,0,full_state,passed,,22.10696029663086,,,,,,,1.0,,,,1.0
tilespmspv_cudagraph,uniform,NVIDIA GeForce RTX 5090,2.11.0+cu128,12.8,default,0.15,,,,,,b89336d21203edb6,0,131072,256,1,16777216,128.0,uniform,0,128,0.0,0.0,0.0,128.0,128.0,0.02,0.0199609398841857,2616.3203125,2622.0,2622,334889.0,335616.0,335616,0.4824323035850497,0.4824323035850495,0.0312438156137011,1.002170868556447,sampled_16_timesteps_max_2048_sources,converged,2.34375,0.02,0.0199609398841857,3.90601158142094e-05,True,12,SpMV,CUSPARSE_SPMV_ALG_DEFAULT,,,torch_cuda_event_cudagraph_replay,gpu_execution,full_rsnn,device_adapted,independent_inference,sparse_only,"(256, 1, 131072)","(256, 1, 131072)",131072,131072,1,1,BN,spmspv_csc_dense_device,spmspv_csc_dense_device,none,False,False,True,0,torch.int64,torch.float32,torch.float32,dense_device,,,False,False,False,False,False,True,1.0,524288,338165768,338165768,0,0,False,unknown,unknown,unknown,unknown,unknown,,6.11171198;6.08767986;6.09139204;6.08729601;6.08739185;6.08675194;6.08892822;6.08748817;6.08729601;6.08886385;6.09001589;6.08937597;6.08937597;6.09552002;6.09142399;6.08937597;6.093472;6.08732796;6.09139204;6.09344006,20,6.090775990486145,0.0054966263508379,6.086751937866211,6.1117119789123535,passed,0,0.0,0.0,0.0,0.0,0.0,0.0,0.0,131072,0,full_state,passed,,6.089375972747803,,,,,,,,,,,3.630414741275237
globalatomic_cudagraph,uniform,NVIDIA GeForce RTX 5090,2.11.0+cu128,12.8,default,0.15,,,,,,b89336d21203edb6,0,131072,256,1,16777216,128.0,uniform,0,128,0.0,0.0,0.0,128.0,128.0,0.02,0.0199609398841857,2616.3203125,2622.0,2622,334889.0,335616.0,335616,0.4824323035850497,0.4824323035850495,0.0312438156137011,1.002170868556447,sampled_16_timesteps_max_2048_sources,converged,2.34375,0.02,0.0199609398841857,3.90601158142094e-05,True,12,SpMV,CUSPARSE_SPMV_ALG_DEFAULT,,,torch_cuda_event_cudagraph_replay,gpu_execution,full_rsnn,device_adapted,independent_inference,sparse_only,"(256, 1, 131072)","(256, 1, 131072)",131072,131072,1,1,BN,spmspv_csc_dense_device,spmspv_csc_dense_device,none,False,False,True,0,torch.int64,torch.float32,torch.float32,dense_device,,,False,False,False,False,False,True,1.0,524288,338165768,338165768,0,0,False,unknown,unknown,unknown,unknown,unknown,,11.7212477;11.6960001;11.6948795;11.693696;11.6926403;11.6977596;11.6917124;11.6926718;11.6918402;11.6946878;11.6891203;11.6926718;11.6916475;11.6875839;11.6906557;11.69168;11.6885443;11.6896324;11.6927042;11.7080641,20,11.694471979141236,0.0076369140566038,11.687583923339844,11.721247673034668,passed,0,0.0,0.0,0.0,0.0,0.0,0.0,0.0,131072,0,full_state,passed,,11.69265604019165,,,,,,,,,,,1.8906705388956704
vdha_cudagraph,uniform,NVIDIA GeForce RTX 5090,2.11.0+cu128,12.8,default,0.15,,,,,,b89336d21203edb6,0,131072,256,1,16777216,128.0,uniform,0,128,0.0,0.0,0.0,128.0,128.0,0.02,0.0199609398841857,2616.3203125,2622.0,2622,334889.0,335616.0,335616,0.4824323035850497,0.4824323035850495,0.0312438156137011,1.002170868556447,sampled_16_timesteps_max_2048_sources,converged,2.34375,0.02,0.0199609398841857,3.90601158142094e-05,True,12,SpMV,CUSPARSE_SPMV_ALG_DEFAULT,,,torch_cuda_event_cudagraph_replay,gpu_execution,full_rsnn,device_adapted,independent_inference,sparse_only,"(256, 1, 131072)","(256, 1, 131072)",131072,131072,1,1,BN,spmspv_csc_dense_device,spmspv_csc_dense_device,none,False,False,True,0,torch.int64,torch.float32,torch.float32,dense_device,,,False,False,False,False,False,True,1.0,524288,338165768,338165768,0,0,False,unknown,unknown,unknown,unknown,unknown,,7.55855989;7.54083204;7.54265594;7.54246378;7.53948784;7.54175997;7.54179192;7.54684782;7.54569578;7.54083204;7.54796791;7.54236794;7.5424962;7.54201603;7.54140806;7.54038382;7.54447985;7.54755211;7.55062389;7.54960012,20,7.544491147994995,0.0046176356245819,7.539487838745117,7.558559894561768,passed,0,0.0,0.0,0.0,0.0,0.0,0.0,0.0,131072,0,full_state,passed,,7.542479991912842,,,,,,,,,,,2.93099356184362
persistent_spike_block,uniform,NVIDIA GeForce RTX 5090,2.11.0+cu128,12.8,default,0.15,,,,,,b89336d21203edb6,0,131072,256,1,16777216,128.0,uniform,0,128,0.0,0.0,0.0,128.0,128.0,0.02,0.0199609398841857,2616.3203125,2622.0,2622,334889.0,335616.0,335616,0.4824323035850497,0.4824323035850495,0.0312438156137011,1.002170868556447,sampled_16_timesteps_max_2048_sources,converged,2.34375,0.02,0.0199609398841857,3.90601158142094e-05,True,12,SpMV,CUSPARSE_SPMV_ALG_DEFAULT,,,torch_cuda_event,gpu_execution,full_rsnn,device_native,independent_inference,full_fusion,"(256, 1, 131072)","(256, 1, 131072)",131072,131072,1,1,BN,event_csr,event_csr,dense_to_events_precomputed,False,True,True,0,torch.int32,torch.float32,torch.float32,windowed_events,,,False,False,False,False,False,False,1.0,3719184,137133800,137133800,0,0,False,unknown,unknown,unknown,unknown,unknown,,3.29990411;3.2112;3.21948791;3.21068811;3.2173121;3.21171188;3.21945596;3.20767999;3.21945596;3.2137599;3.22150397;3.21481609;3.21945596;3.21280003;3.22268796;3.20963192;3.21843195;3.21081591;3.21843195;3.21433592,20,3.219678378105164,0.0193738592035427,3.207679986953736,3.2999041080474854,passed,0,0.0,2.384185791015625e-07,3.725290298461914e-09,1.184673578791262e-06,7.404177040370996e-07,1.184673578791262e-06,7.404177040370996e-07,131072,0,full_state,passed,,3.216064095497132,,,,,,,6.873917820102904,,,,6.873917820102904
cusparse_direct_cudagraph,uniform,NVIDIA GeForce RTX 5090,2.11.0+cu128,12.8,default,0.15,,,,,,94c1f051ae4a9cfc,0,131072,256,1,16777216,128.0,uniform,0,128,0.0,0.0,0.0,128.0,128.0,0.05,0.0496271550655365,6504.73046875,6561.0,6561,832605.5,839808.0,839808,0.4824323035850497,0.4824323035850495,0.0685639247919851,1.008650555395082,sampled_16_timesteps_max_2048_sources,converged,5.712890625,0.05,0.0496271550655365,0.0003728449344635,True,12,SpMV,CUSPARSE_SPMV_ALG_DEFAULT,,,torch_cuda_event,gpu_execution,full_rsnn,device_native,independent_inference,sparse_only,"(256, 1, 131072)","(256, 1, 131072)",131072,131072,1,1,BN,csr_post_by_pre,csr_post_by_pre,none,False,False,True,0,torch.int32,torch.float32,torch.float32,dense,,,False,False,False,False,False,True,1.0,65540,404750340,404750340,0,0,False,unknown,unknown,unknown,unknown,unknown,,22.1200008;22.1050873;22.1057606;22.1067848;22.1078072;22.1047363;22.1098557;22.1129284;22.1119041;22.1088314;22.1119041;22.1067848;22.1139526;22.1088314;22.1129284;22.1057606;22.1108799;22.1139526;22.1108799;22.1098557,20,22.10997133255005,0.0037922404113201,22.104736328125,22.1200008392334,passed,0,0.0,4.76837158203125e-07,7.450580596923828e-09,2.3645384317205757e-06,1.4670434893560014e-06,2.3645384317205757e-06,1.4670434893560014e-06,131072,0,full_state,passed,,22.10985565185547,,,,,,,1.0,,,,1.0
tilespmspv_cudagraph,uniform,NVIDIA GeForce RTX 5090,2.11.0+cu128,12.8,default,0.15,,,,,,94c1f051ae4a9cfc,0,131072,256,1,16777216,128.0,uniform,0,128,0.0,0.0,0.0,128.0,128.0,0.05,0.0496271550655365,6504.73046875,6561.0,6561,832605.5,839808.0,839808,0.4824323035850497,0.4824323035850495,0.0685639247919851,1.008650555395082,sampled_16_timesteps_max_2048_sources,converged,5.712890625,0.05,0.0496271550655365,0.0003728449344635,True,12,SpMV,CUSPARSE_SPMV_ALG_DEFAULT,,,torch_cuda_event_cudagraph_replay,gpu_execution,full_rsnn,device_adapted,independent_inference,sparse_only,"(256, 1, 131072)","(256, 1, 131072)",131072,131072,1,1,BN,spmspv_csc_dense_device,spmspv_csc_dense_device,none,False,False,True,0,torch.int64,torch.float32,torch.float32,dense_device,,,False,False,False,False,False,True,1.0,524288,338165768,338165768,0,0,False,unknown,unknown,unknown,unknown,unknown,,6.35670424;6.34348822;6.34335995;6.34127998;6.34329605;6.34950399;6.34524822;6.34742403;6.34745598;6.34736013;6.34899187;6.34742403;6.34537601;6.34537601;6.34537601;6.34329605;6.34742403;6.34947205;6.34742403;6.34742403,20,6.346635246276856,0.0032912709367252,6.341279983520508,6.356704235076904,passed,0,0.0,6.556510925292969e-07,1.862645149230957e-08,3.2646960335114272e-06,3.6633693980547832e-06,3.2646960335114272e-06,3.6633693980547832e-06,131072,0,full_state,passed,,6.347392082214356,,,,,,,,,,,3.483297607187078
globalatomic_cudagraph,uniform,NVIDIA GeForce RTX 5090,2.11.0+cu128,12.8,default,0.15,,,,,,94c1f051ae4a9cfc,0,131072,256,1,16777216,128.0,uniform,0,128,0.0,0.0,0.0,128.0,128.0,0.05,0.0496271550655365,6504.73046875,6561.0,6561,832605.5,839808.0,839808,0.4824323035850497,0.4824323035850495,0.0685639247919851,1.008650555395082,sampled_16_timesteps_max_2048_sources,converged,5.712890625,0.05,0.0496271550655365,0.0003728449344635,True,12,SpMV,CUSPARSE_SPMV_ALG_DEFAULT,,,torch_cuda_event_cudagraph_replay,gpu_execution,full_rsnn,device_adapted,independent_inference,sparse_only,"(256, 1, 131072)","(256, 1, 131072)",131072,131072,1,1,BN,spmspv_csc_dense_device,spmspv_csc_dense_device,none,False,False,True,0,torch.int64,torch.float32,torch.float32,dense_device,,,False,False,False,False,False,True,1.0,524288,338165768,338165768,0,0,False,unknown,unknown,unknown,unknown,unknown,,11.6741438;11.6644802;11.6655684;11.6645756;11.6635523;11.6686401;11.6677437;11.6665602;11.6645117;11.6655359;11.6665916;11.6701756;11.6855364;11.6804161;11.6875839;11.6824636;11.6834879;11.6732483;11.6804161;11.6814404,20,11.672833585739136,0.0082857668801391,11.663552284240724,11.687583923339844,passed,0,0.0,6.556510925292969e-07,1.862645149230957e-08,3.2646960335114272e-06,3.6633693980547832e-06,3.2646960335114272e-06,3.6633693980547832e-06,131072,0,full_state,passed,,11.669407844543455,,,,,,,,,,,1.894685312776509
vdha_cudagraph,uniform,NVIDIA GeForce RTX 5090,2.11.0+cu128,12.8,default,0.15,,,,,,94c1f051ae4a9cfc,0,131072,256,1,16777216,128.0,uniform,0,128,0.0,0.0,0.0,128.0,128.0,0.05,0.0496271550655365,6504.73046875,6561.0,6561,832605.5,839808.0,839808,0.4824323035850497,0.4824323035850495,0.0685639247919851,1.008650555395082,sampled_16_timesteps_max_2048_sources,converged,5.712890625,0.05,0.0496271550655365,0.0003728449344635,True,12,SpMV,CUSPARSE_SPMV_ALG_DEFAULT,,,torch_cuda_event_cudagraph_replay,gpu_execution,full_rsnn,device_adapted,independent_inference,sparse_only,"(256, 1, 131072)","(256, 1, 131072)",131072,131072,1,1,BN,spmspv_csc_dense_device,spmspv_csc_dense_device,none,False,False,True,0,torch.int64,torch.float32,torch.float32,dense_device,,,False,False,False,False,False,True,1.0,524288,338165768,338165768,0,0,False,unknown,unknown,unknown,unknown,unknown,,7.70377588;7.6880641;7.69043207;7.68928003;7.68758392;7.69040012;7.68931198;7.6912961;7.69244814;7.69337606;7.69142389;7.69705582;7.69136;7.68742418;7.68681622;7.69603205;7.69193602;7.68886423;7.6960001;7.689888,20,7.691638445854187,0.0040649331943376,7.686816215515137,7.703775882720947,passed,0,0.0,4.76837158203125e-07,1.862645149230957e-08,2.383979790465673e-06,3.6633693980547832e-06,2.383979790465673e-06,3.6633693980547832e-06,131072,0,full_state,passed,,7.690864086151123,,,,,,,,,,,2.87482074890239
persistent_spike_block,uniform,NVIDIA GeForce RTX 5090,2.11.0+cu128,12.8,default,0.15,,,,,,94c1f051ae4a9cfc,0,131072,256,1,16777216,128.0,uniform,0,128,0.0,0.0,0.0,128.0,128.0,0.05,0.0496271550655365,6504.73046875,6561.0,6561,832605.5,839808.0,839808,0.4824323035850497,0.4824323035850495,0.0685639247919851,1.008650555395082,sampled_16_timesteps_max_2048_sources,converged,5.712890625,0.05,0.0496271550655365,0.0003728449344635,True,12,SpMV,CUSPARSE_SPMV_ALG_DEFAULT,,,torch_cuda_event,gpu_execution,full_rsnn,device_native,independent_inference,full_fusion,"(256, 1, 131072)","(256, 1, 131072)",131072,131072,1,1,BN,event_csr,event_csr,dense_to_events_precomputed,False,True,True,0,torch.int32,torch.float32,torch.float32,windowed_events,,,False,False,False,False,False,False,1.0,3719184,137133800,137133800,0,0,False,unknown,unknown,unknown,unknown,unknown,,4.41180801;4.37196779;4.36511993;4.37395191;4.36326408;4.37401581;4.36326408;4.37491179;4.36118412;4.37391996;4.36127996;4.36880016;4.36131191;4.36777592;4.36121607;4.36774397;4.35705614;4.36726379;4.36121607;4.36633587,20,4.36867036819458,0.0114379529838659,4.357056140899658,4.411808013916016,passed,0,0.0,9.5367431640625e-07,3.3527612686157227e-08,4.765342055179644e-06,6.578948159585707e-06,4.765342055179644e-06,6.578948159585707e-06,131072,0,full_state,passed,,4.366799831390381,,,,,,,5.063171316651749,,,,5.063171316651749
cusparse_direct_cudagraph,uniform,NVIDIA GeForce RTX 5090,2.11.0+cu128,12.8,default,0.15,,,,,,b9854ef1c90f97ca,0,131072,256,1,16777216,128.0,uniform,0,128,0.0,0.0,0.0,128.0,128.0,0.1,0.123524397611618,16190.58984375,65229.0,108629,2072395.5,8349312.0,13904512,0.4824942924156161,0.482494292415616,1.2527106202859926,6.709391136971683,sampled_16_timesteps_max_2048_sources,best_effort,6.8603515625,0.1,0.123524397611618,0.023524397611618,True,12,SpMV,CUSPARSE_SPMV_ALG_DEFAULT,,,torch_cuda_event,gpu_execution,full_rsnn,device_native,independent_inference,sparse_only,"(256, 1, 131072)","(256, 1, 131072)",131072,131072,1,1,BN,csr_post_by_pre,csr_post_by_pre,none,False,False,True,0,torch.int32,torch.float32,torch.float32,dense,,,False,False,False,False,False,True,1.0,65540,404750340,404750340,0,0,False,unknown,unknown,unknown,unknown,unknown,,22.1199036;22.1030083;22.1037121;22.1088009;22.1078072;22.1108475;22.1119366;22.1129284;22.1139526;22.1129284;22.1139526;22.112896;22.1098232;22.1088314;22.1129284;22.1119041;22.1067848;22.1139526;22.1108799;22.1119041,20,22.110984134674077,0.0038291838423477,22.103008270263672,22.119903564453125,passed,0,0.0,4.76837158203125e-07,2.9802322387695312e-08,2.383323362664669e-06,5.714885901397793e-06,2.383323362664669e-06,5.714885901397793e-06,131072,0,full_state,passed,,22.11190414428711,,,,,,,1.0,,,,1.0
tilespmspv_cudagraph,uniform,NVIDIA GeForce RTX 5090,2.11.0+cu128,12.8,default,0.15,,,,,,b9854ef1c90f97ca,0,131072,256,1,16777216,128.0,uniform,0,128,0.0,0.0,0.0,128.0,128.0,0.1,0.123524397611618,16190.58984375,65229.0,108629,2072395.5,8349312.0,13904512,0.4824942924156161,0.482494292415616,1.2527106202859926,6.709391136971683,sampled_16_timesteps_max_2048_sources,best_effort,6.8603515625,0.1,0.123524397611618,0.023524397611618,True,12,SpMV,CUSPARSE_SPMV_ALG_DEFAULT,,,torch_cuda_event_cudagraph_replay,gpu_execution,full_rsnn,device_adapted,independent_inference,sparse_only,"(256, 1, 131072)","(256, 1, 131072)",131072,131072,1,1,BN,spmspv_csc_dense_device,spmspv_csc_dense_device,none,False,False,True,0,torch.int64,torch.float32,torch.float32,dense_device,,,False,False,False,False,False,True,1.0,524288,338165768,338165768,0,0,False,unknown,unknown,unknown,unknown,unknown,,7.78768015;7.77590418;7.77382421;7.77487993;7.76976013;7.77587223;7.77702379;7.77161598;7.7718401;7.77587223;7.77443218;7.77385616;7.77180815;7.7707839;7.77180815;7.77385616;7.76873589;7.77590418;7.77180815;7.76771212,20,7.773748898506165,0.0041716709067896,7.767712116241455,7.787680149078369,passed_causal_masked_state,30,8.940696716308594e-07,0.1331268548965454,0.0001784712076187,0.6624448895454407,0.0340668782591819,9.43434042710578e-06,2.75542388408212e-05,130943,129,causal_masked_state,passed_causal_masked_state,,7.7738401889801025,,,,,,,,,,,2.844399113790903
globalatomic_cudagraph,uniform,NVIDIA GeForce RTX 5090,2.11.0+cu128,12.8,default,0.15,,,,,,b9854ef1c90f97ca,0,131072,256,1,16777216,128.0,uniform,0,128,0.0,0.0,0.0,128.0,128.0,0.1,0.123524397611618,16190.58984375,65229.0,108629,2072395.5,8349312.0,13904512,0.4824942924156161,0.482494292415616,1.2527106202859926,6.709391136971683,sampled_16_timesteps_max_2048_sources,best_effort,6.8603515625,0.1,0.123524397611618,0.023524397611618,True,12,SpMV,CUSPARSE_SPMV_ALG_DEFAULT,,,torch_cuda_event_cudagraph_replay,gpu_execution,full_rsnn,device_adapted,independent_inference,sparse_only,"(256, 1, 131072)","(256, 1, 131072)",131072,131072,1,1,BN,spmspv_csc_dense_device,spmspv_csc_dense_device,none,False,False,True,0,torch.int64,torch.float32,torch.float32,dense_device,,,False,False,False,False,False,True,1.0,524288,338165768,338165768,0,0,False,unknown,unknown,unknown,unknown,unknown,,13.2471037;13.1993599;13.1968956;13.1978884;13.1908159;13.1927996;13.1959038;13.1970558;13.1927681;13.1970243;13.1933441;13.1908159;13.1887684;13.1897917;13.194912;13.1969604;13.1867199;13.1918402;13.1928644;13.190752,20,13.196219205856323,0.0124471319087489,13.18671989440918,13.247103691101074,passed_causal_masked_state,30,8.940696716308594e-07,0.1331268548965454,0.0001784712076187,0.6624448895454407,0.0340668782591819,9.43434042710578e-06,2.75542388408212e-05,130943,129,causal_masked_state,passed_causal_masked_state,,13.19310426712036,,,,,,,,,,,1.676019812819492
vdha_cudagraph,uniform,NVIDIA GeForce RTX 5090,2.11.0+cu128,12.8,default,0.15,,,,,,b9854ef1c90f97ca,0,131072,256,1,16777216,128.0,uniform,0,128,0.0,0.0,0.0,128.0,128.0,0.1,0.123524397611618,16190.58984375,65229.0,108629,2072395.5,8349312.0,13904512,0.4824942924156161,0.482494292415616,1.2527106202859926,6.709391136971683,sampled_16_timesteps_max_2048_sources,best_effort,6.8603515625,0.1,0.123524397611618,0.023524397611618,True,12,SpMV,CUSPARSE_SPMV_ALG_DEFAULT,,,torch_cuda_event_cudagraph_replay,gpu_execution,full_rsnn,device_adapted,independent_inference,sparse_only,"(256, 1, 131072)","(256, 1, 131072)",131072,131072,1,1,BN,spmspv_csc_dense_device,spmspv_csc_dense_device,none,False,False,True,0,torch.int64,torch.float32,torch.float32,dense_device,,,False,False,False,False,False,True,1.0,524288,338165768,338165768,0,0,False,unknown,unknown,unknown,unknown,unknown,,10.7110081;10.6937284;10.7035837;10.7032003;10.6993284;10.7050877;10.7055044;10.6973763;10.7035837;10.7060804;10.7056637;10.703392;10.703104;10.6988802;10.7035198;10.6932478;10.6973438;10.7117119;10.7055683;10.6943045,20,10.702260875701905,0.0052053561900515,10.69324779510498,10.711711883544922,passed,0,0.0,9.5367431640625e-07,5.960464477539064e-08,4.669156169256894e-06,1.1096522939624265e-05,4.669156169256894e-06,1.1096522939624265e-05,131072,0,full_state,passed,,10.703455924987791,,,,,,,,,,,2.0658658567150896
persistent_spike_block,uniform,NVIDIA GeForce RTX 5090,2.11.0+cu128,12.8,default,0.15,,,,,,b9854ef1c90f97ca,0,131072,256,1,16777216,128.0,uniform,0,128,0.0,0.0,0.0,128.0,128.0,0.1,0.123524397611618,16190.58984375,65229.0,108629,2072395.5,8349312.0,13904512,0.4824942924156161,0.482494292415616,1.2527106202859926,6.709391136971683,sampled_16_timesteps_max_2048_sources,best_effort,6.8603515625,0.1,0.123524397611618,0.023524397611618,True,12,SpMV,CUSPARSE_SPMV_ALG_DEFAULT,,,torch_cuda_event,gpu_execution,full_rsnn,device_native,independent_inference,full_fusion,"(256, 1, 131072)","(256, 1, 131072)",131072,131072,1,1,BN,event_csr,event_csr,dense_to_events_precomputed,False,True,True,0,torch.int32,torch.float32,torch.float32,windowed_events,,,False,False,False,False,False,False,1.0,3719184,137133800,137133800,0,0,False,unknown,unknown,unknown,unknown,unknown,,6.94729614;6.89299202;6.89763212;6.89510393;6.89766407;6.90009594;6.89680004;6.89091206;6.89971209;6.89913607;6.90483189;6.89398384;6.89977598;6.89504004;6.89990377;6.89232016;6.91196823;6.89084816;6.89763212;6.88742399,20,6.899553632736206,0.0124492557578058,6.887423992156982,6.947296142578125,passed,0,0.0,2.1457672119140625e-06,1.341104507446289e-07,1.0686275345506148e-05,2.497756759112235e-05,1.0686275345506148e-05,2.497756759112235e-05,131072,0,full_state,passed,,6.897632122039795,,,,,,,3.205723899602244,,,,3.205723899602244
cusparse_direct_cudagraph,uniform,NVIDIA GeForce RTX 5090,2.11.0+cu128,12.8,default,0.15,,,,,,cfc1df46c36a47f5,0,131072,256,1,16777216,128.0,uniform,0,128,0.0,0.0,0.0,128.0,128.0,0.2,0.2005078792572021,26280.96875,112717.0,114026,3363964.0,14427776.0,14595328,0.4824323035850497,0.4824323035850495,1.2689797050519485,4.338728951915062,sampled_16_timesteps_max_2048_sources,converged,8.30078125,0.2,0.2005078792572021,0.0005078792572021,True,12,SpMV,CUSPARSE_SPMV_ALG_DEFAULT,,,torch_cuda_event,gpu_execution,full_rsnn,device_native,independent_inference,sparse_only,"(256, 1, 131072)","(256, 1, 131072)",131072,131072,1,1,BN,csr_post_by_pre,csr_post_by_pre,none,False,False,True,0,torch.int32,torch.float32,torch.float32,dense,,,False,False,False,False,False,True,1.0,65540,404750340,404750340,0,0,False,unknown,unknown,unknown,unknown,unknown,,22.1132488;22.1070728;22.1037121;22.1026878;22.1037121;22.1026554;22.1037121;22.1047363;22.1037121;22.1026878;22.1057281;22.1108475;22.1057606;22.1129284;22.1108799;22.1057606;22.1088314;22.1078072;22.1067848;22.1057606,20,22.106451320648198,0.0033461950695662,22.1026554107666,22.11324882507324,passed,0,0.0,9.5367431640625e-07,2.9802322387695312e-08,4.644259661290562e-06,5.418573437054874e-06,4.644259661290562e-06,5.418573437054874e-06,131072,0,full_state,passed,,22.10576057434082,,,,,,,1.0,,,,1.0
tilespmspv_cudagraph,uniform,NVIDIA GeForce RTX 5090,2.11.0+cu128,12.8,default,0.15,,,,,,cfc1df46c36a47f5,0,131072,256,1,16777216,128.0,uniform,0,128,0.0,0.0,0.0,128.0,128.0,0.2,0.2005078792572021,26280.96875,112717.0,114026,3363964.0,14427776.0,14595328,0.4824323035850497,0.4824323035850495,1.2689797050519485,4.338728951915062,sampled_16_timesteps_max_2048_sources,converged,8.30078125,0.2,0.2005078792572021,0.0005078792572021,True,12,SpMV,CUSPARSE_SPMV_ALG_DEFAULT,,,torch_cuda_event_cudagraph_replay,gpu_execution,full_rsnn,device_adapted,independent_inference,sparse_only,"(256, 1, 131072)","(256, 1, 131072)",131072,131072,1,1,BN,spmspv_csc_dense_device,spmspv_csc_dense_device,none,False,False,True,0,torch.int64,torch.float32,torch.float32,dense_device,,,False,False,False,False,False,True,1.0,524288,338165768,338165768,0,0,False,unknown,unknown,unknown,unknown,unknown,,8.84147167;8.8349123;8.83478355;8.83267212;8.83366394;8.83062363;8.83459187;8.83875179;8.83487988;8.82739162;8.83225632;8.83267212;8.83267212;8.83471966;8.8377924;8.83878422;8.84492779;8.84496021;8.84387207;8.85110378,20,8.83687515258789,0.0058331569427982,8.827391624450684,8.851103782653809,passed,0,0.0,3.814697265625e-06,2.384185791015625e-07,1.8418602849124e-05,4.3329200707376e-05,1.8418602849124e-05,4.3329200707376e-05,131072,0,full_state,passed,,8.834831714630127,,,,,,,,,,,2.502114504086656
globalatomic_cudagraph,uniform,NVIDIA GeForce RTX 5090,2.11.0+cu128,12.8,default,0.15,,,,,,cfc1df46c36a47f5,0,131072,256,1,16777216,128.0,uniform,0,128,0.0,0.0,0.0,128.0,128.0,0.2,0.2005078792572021,26280.96875,112717.0,114026,3363964.0,14427776.0,14595328,0.4824323035850497,0.4824323035850495,1.2689797050519485,4.338728951915062,sampled_16_timesteps_max_2048_sources,converged,8.30078125,0.2,0.2005078792572021,0.0005078792572021,True,12,SpMV,CUSPARSE_SPMV_ALG_DEFAULT,,,torch_cuda_event_cudagraph_replay,gpu_execution,full_rsnn,device_adapted,independent_inference,sparse_only,"(256, 1, 131072)","(256, 1, 131072)",131072,131072,1,1,BN,spmspv_csc_dense_device,spmspv_csc_dense_device,none,False,False,True,0,torch.int64,torch.float32,torch.float32,dense_device,,,False,False,False,False,False,True,1.0,524288,338165768,338165768,0,0,False,unknown,unknown,unknown,unknown,unknown,,15.051712;15.036768;15.0412483;15.0344;15.0367041;15.0366402;15.0397444;15.0454082;15.040576;15.0325117;15.042592;15.0340157;15.0370884;15.0329924;15.0411196;15.0391359;15.0452805;15.0463037;15.0411844;15.0329924,20,15.039420890808106,0.0051398713903706,15.032511711120604,15.051712036132812,passed,0,0.0,3.814697265625e-06,2.384185791015625e-07,1.8418602849124e-05,4.3329200707376e-05,1.8418602849124e-05,4.3329200707376e-05,131072,0,full_state,passed,,15.039440155029297,,,,,,,,,,,1.4698526239321812
vdha_cudagraph,uniform,NVIDIA GeForce RTX 5090,2.11.0+cu128,12.8,default,0.15,,,,,,cfc1df46c36a47f5,0,131072,256,1,16777216,128.0,uniform,0,128,0.0,0.0,0.0,128.0,128.0,0.2,0.2005078792572021,26280.96875,112717.0,114026,3363964.0,14427776.0,14595328,0.4824323035850497,0.4824323035850495,1.2689797050519485,4.338728951915062,sampled_16_timesteps_max_2048_sources,converged,8.30078125,0.2,0.2005078792572021,0.0005078792572021,True,12,SpMV,CUSPARSE_SPMV_ALG_DEFAULT,,,torch_cuda_event_cudagraph_replay,gpu_execution,full_rsnn,device_adapted,independent_inference,sparse_only,"(256, 1, 131072)","(256, 1, 131072)",131072,131072,1,1,BN,spmspv_csc_dense_device,spmspv_csc_dense_device,none,False,False,True,0,torch.int64,torch.float32,torch.float32,dense_device,,,False,False,False,False,False,True,1.0,524288,338165768,338165768,0,0,False,unknown,unknown,unknown,unknown,unknown,,13.1092157;13.0990076;13.0940475;13.1007681;13.1038084;13.0980482;13.1068802;13.0966082;13.1015682;13.0986242;13.0919676;13.0921278;13.1017284;13.096096;13.1027517;13.1068478;13.1017284;13.0986557;13.1048002;13.0965443,20,13.100091218948364,0.0048244955170778,13.091967582702637,13.10921573638916,passed,0,0.0,1.430511474609375e-06,5.960464477539064e-08,6.838178251200588e-06,1.0835939065145794e-05,6.838178251200588e-06,1.0835939065145794e-05,131072,0,full_state,passed,,13.09988784790039,,,,,,,,,,,1.6874770861403874
persistent_spike_block,uniform,NVIDIA GeForce RTX 5090,2.11.0+cu128,12.8,default,0.15,,,,,,cfc1df46c36a47f5,0,131072,256,1,16777216,128.0,uniform,0,128,0.0,0.0,0.0,128.0,128.0,0.2,0.2005078792572021,26280.96875,112717.0,114026,3363964.0,14427776.0,14595328,0.4824323035850497,0.4824323035850495,1.2689797050519485,4.338728951915062,sampled_16_timesteps_max_2048_sources,converged,8.30078125,0.2,0.2005078792572021,0.0005078792572021,True,12,SpMV,CUSPARSE_SPMV_ALG_DEFAULT,,,torch_cuda_event,gpu_execution,full_rsnn,device_native,independent_inference,full_fusion,"(256, 1, 131072)","(256, 1, 131072)",131072,131072,1,1,BN,event_csr,event_csr,dense_to_events_precomputed,False,True,True,0,torch.int32,torch.float32,torch.float32,windowed_events,,,False,False,False,False,False,False,1.0,3719184,137133800,137133800,0,0,False,unknown,unknown,unknown,unknown,unknown,,9.6210556;9.56886387;9.55916786;9.56364822;9.56108761;9.57782364;9.55286407;9.56048012;9.560256;9.56655979;9.55391979;9.56611156;9.57231998;9.57996845;9.57427216;9.57785606;9.57952023;9.57478428;9.58767986;9.57952023,20,9.571887969970703,0.0150458883935965,9.552864074707031,9.621055603027344,passed,0,0.0,4.291534423828125e-06,2.086162567138672e-07,2.0720824977615848e-05,3.792887582676485e-05,2.0720824977615848e-05,3.792887582676485e-05,131072,0,full_state,passed,,9.570591926574709,,,,,,,2.3097589724789804,,,,2.3097589724789804
cusparse_direct_cudagraph,uniform,NVIDIA GeForce RTX 5090,2.11.0+cu128,12.8,default,0.15,,,,,,4c01574df05abedf,1,131072,256,1,16777216,128.0,uniform,1,128,0.0,0.0,0.0,128.0,128.0,0.005,0.0038444101810455,503.89453125,616.0,1273,64498.5,78848.0,162944,0.1584702715526136,0.1584702715526136,0.5646581357334366,2.526322317573277,sampled_16_timesteps_max_2048_sources,best_effort,0.9521484375,0.005,0.0038444101810455,0.0011555898189544,True,12,SpMV,CUSPARSE_SPMV_ALG_DEFAULT,,,torch_cuda_event,gpu_execution,full_rsnn,device_native,independent_inference,sparse_only,"(256, 1, 131072)","(256, 1, 131072)",131072,131072,1,1,BN,csr_post_by_pre,csr_post_by_pre,none,False,False,True,0,torch.int32,torch.float32,torch.float32,dense,,,False,False,False,False,False,True,1.0,65540,404750340,404750340,0,0,False,unknown,unknown,unknown,unknown,unknown,,22.2210884;22.1194248;22.1221447;22.1231689;22.1221447;22.119072;22.1200962;22.1293125;22.1282883;22.1293125;22.1282883;22.127264;22.1231689;22.1262398;22.1252155;22.1282883;22.1293125;22.1221447;22.127264;22.1262398,20,22.129873943328857,0.0217411988589701,22.11907196044922,22.221088409423828,passed,0,0.0,1.1920928955078125e-07,1.862645149230957e-09,5.953700110694626e-07,3.7134671515559603e-07,5.953700110694626e-07,3.7134671515559603e-07,131072,0,full_state,passed,,22.126239776611328,,,,,,,1.0,,,,1.0
tilespmspv_cudagraph,uniform,NVIDIA GeForce RTX 5090,2.11.0+cu128,12.8,default,0.15,,,,,,4c01574df05abedf,1,131072,256,1,16777216,128.0,uniform,1,128,0.0,0.0,0.0,128.0,128.0,0.005,0.0038444101810455,503.89453125,616.0,1273,64498.5,78848.0,162944,0.1584702715526136,0.1584702715526136,0.5646581357334366,2.526322317573277,sampled_16_timesteps_max_2048_sources,best_effort,0.9521484375,0.005,0.0038444101810455,0.0011555898189544,True,12,SpMV,CUSPARSE_SPMV_ALG_DEFAULT,,,torch_cuda_event_cudagraph_replay,gpu_execution,full_rsnn,device_adapted,independent_inference,sparse_only,"(256, 1, 131072)","(256, 1, 131072)",131072,131072,1,1,BN,spmspv_csc_dense_device,spmspv_csc_dense_device,none,False,False,True,0,torch.int64,torch.float32,torch.float32,dense_device,,,False,False,False,False,False,True,1.0,524288,338165768,338165768,0,0,False,unknown,unknown,unknown,unknown,unknown,,5.93824005;5.92537594;5.92560005;5.92550421;5.92496014;5.92396784;5.925632;5.92543983;5.92348814;5.92758417;5.92297602;5.92860794;5.9316802;5.92963219;5.92758417;5.92758417;5.92963219;5.93065596;5.9316802;5.92963219,20,5.927772879600525,0.0036199882221168,5.922976016998291,5.938240051269531,passed,0,0.0,0.0,0.0,0.0,0.0,0.0,0.0,131072,0,full_state,passed,,5.927584171295166,,,,,,,,,,,3.732758428595504
globalatomic_cudagraph,uniform,NVIDIA GeForce RTX 5090,2.11.0+cu128,12.8,default,0.15,,,,,,4c01574df05abedf,1,131072,256,1,16777216,128.0,uniform,1,128,0.0,0.0,0.0,128.0,128.0,0.005,0.0038444101810455,503.89453125,616.0,1273,64498.5,78848.0,162944,0.1584702715526136,0.1584702715526136,0.5646581357334366,2.526322317573277,sampled_16_timesteps_max_2048_sources,best_effort,0.9521484375,0.005,0.0038444101810455,0.0011555898189544,True,12,SpMV,CUSPARSE_SPMV_ALG_DEFAULT,,,torch_cuda_event_cudagraph_replay,gpu_execution,full_rsnn,device_adapted,independent_inference,sparse_only,"(256, 1, 131072)","(256, 1, 131072)",131072,131072,1,1,BN,spmspv_csc_dense_device,spmspv_csc_dense_device,none,False,False,True,0,torch.int64,torch.float32,torch.float32,dense_device,,,False,False,False,False,False,True,1.0,524288,338165768,338165768,0,0,False,unknown,unknown,unknown,unknown,unknown,,11.652832;11.6357756;11.6373758;11.6358404;11.6429758;11.6421118;11.6471043;11.6506882;11.6455679;11.6461124;11.6441917;11.6415043;11.6445761;11.6456003;11.6425276;11.647584;11.6507196;11.6476479;11.6507196;11.6476479,20,11.644955158233644,0.0048387311045562,11.635775566101074,11.65283203125,passed,0,0.0,0.0,0.0,0.0,0.0,0.0,0.0,131072,0,full_state,passed,,11.645584106445312,,,,,,,,,,,1.899968226099148
vdha_cudagraph,uniform,NVIDIA GeForce RTX 5090,2.11.0+cu128,12.8,default,0.15,,,,,,4c01574df05abedf,1,131072,256,1,16777216,128.0,uniform,1,128,0.0,0.0,0.0,128.0,128.0,0.005,0.0038444101810455,503.89453125,616.0,1273,64498.5,78848.0,162944,0.1584702715526136,0.1584702715526136,0.5646581357334366,2.526322317573277,sampled_16_timesteps_max_2048_sources,best_effort,0.9521484375,0.005,0.0038444101810455,0.0011555898189544,True,12,SpMV,CUSPARSE_SPMV_ALG_DEFAULT,,,torch_cuda_event_cudagraph_replay,gpu_execution,full_rsnn,device_adapted,independent_inference,sparse_only,"(256, 1, 131072)","(256, 1, 131072)",131072,131072,1,1,BN,spmspv_csc_dense_device,spmspv_csc_dense_device,none,False,False,True,0,torch.int64,torch.float32,torch.float32,dense_device,,,False,False,False,False,False,True,1.0,524288,338165768,338165768,0,0,False,unknown,unknown,unknown,unknown,unknown,,7.62307215;7.60979223;7.60857582;7.60943985;7.60742378;7.61068821;7.61372805;7.60992002;7.6126399;7.60995197;7.61110401;7.60992002;7.60812807;7.60828781;7.60796785;7.61206388;7.61104012;7.60796785;7.60694408;7.60591984,20,7.610228776931763,0.0036088642726421,7.60591983795166,7.623072147369385,passed,0,0.0,0.0,0.0,0.0,0.0,0.0,0.0,131072,0,full_state,passed,,7.609856128692627,,,,,,,,,,,2.907576622005417
persistent_spike_block,uniform,NVIDIA GeForce RTX 5090,2.11.0+cu128,12.8,default,0.15,,,,,,4c01574df05abedf,1,131072,256,1,16777216,128.0,uniform,1,128,0.0,0.0,0.0,128.0,128.0,0.005,0.0038444101810455,503.89453125,616.0,1273,64498.5,78848.0,162944,0.1584702715526136,0.1584702715526136,0.5646581357334366,2.526322317573277,sampled_16_timesteps_max_2048_sources,best_effort,0.9521484375,0.005,0.0038444101810455,0.0011555898189544,True,12,SpMV,CUSPARSE_SPMV_ALG_DEFAULT,,,torch_cuda_event,gpu_execution,full_rsnn,device_native,independent_inference,full_fusion,"(256, 1, 131072)","(256, 1, 131072)",131072,131072,1,1,BN,event_csr,event_csr,dense_to_events_precomputed,False,True,True,0,torch.int32,torch.float32,torch.float32,windowed_events,,,False,False,False,False,False,False,1.0,3719184,137133800,137133800,0,0,False,unknown,unknown,unknown,unknown,unknown,,2.52780795;2.48617601;2.48355198;2.4862721;2.48767996;2.48329592;2.48569608;2.48214412;2.48870397;2.48003197;2.4887681;2.49017596;2.48972797;2.48623991;2.4805119;2.48102403;2.48470402;2.48428798;2.48214412;2.48828793,20,2.487361598014832,0.0100094584303196,2.480031967163086,2.5278079509735107,passed,0,0.0,1.1920928955078125e-07,1.862645149230957e-09,5.953716595286096e-07,3.713429350682418e-07,5.953716595286096e-07,3.713429350682418e-07,131072,0,full_state,passed,,2.4859360456466675,,,,,,,8.900566776590434,,,,8.900566776590434
cusparse_direct_cudagraph,uniform,NVIDIA GeForce RTX 5090,2.11.0+cu128,12.8,default,0.15,,,,,,7323218a22116c05,1,131072,256,1,16777216,128.0,uniform,1,128,0.0,0.0,0.0,128.0,128.0,0.01,0.0099999904632568,1310.71875,1273.0,2546,167772.0,162944.0,325888,0.2038015309343829,0.2038015309343828,0.1610006152694052,1.9424457001168247,sampled_16_timesteps_max_2048_sources,converged,1.5625,0.01,0.0099999904632568,9.536743164270668e-09,True,12,SpMV,CUSPARSE_SPMV_ALG_DEFAULT,,,torch_cuda_event,gpu_execution,full_rsnn,device_native,independent_inference,sparse_only,"(256, 1, 131072)","(256, 1, 131072)",131072,131072,1,1,BN,csr_post_by_pre,csr_post_by_pre,none,False,False,True,0,torch.int32,torch.float32,torch.float32,dense,,,False,False,False,False,False,True,1.0,65540,404750340,404750340,0,0,False,unknown,unknown,unknown,unknown,unknown,,22.3249607;22.1048641;22.1057606;22.1047363;22.1057606;22.1026878;22.1057606;22.1026878;22.1037121;22.1006088;22.1119041;22.1067524;22.1078072;22.1067524;22.1088314;22.1119041;22.1088314;22.1078072;22.1108799;22.1077766,20,22.11753931045532,0.0489147285566693,22.100608825683597,22.324960708618164,passed,0,0.0,1.1920928955078125e-07,1.3969838619232178e-09,5.928720838710433e-07,2.785367314572796e-07,5.928720838710433e-07,2.785367314572796e-07,131072,0,full_state,passed,,22.106752395629883,,,,,,,1.0,,,,1.0
tilespmspv_cudagraph,uniform,NVIDIA GeForce RTX 5090,2.11.0+cu128,12.8,default,0.15,,,,,,7323218a22116c05,1,131072,256,1,16777216,128.0,uniform,1,128,0.0,0.0,0.0,128.0,128.0,0.01,0.0099999904632568,1310.71875,1273.0,2546,167772.0,162944.0,325888,0.2038015309343829,0.2038015309343828,0.1610006152694052,1.9424457001168247,sampled_16_timesteps_max_2048_sources,converged,1.5625,0.01,0.0099999904632568,9.536743164270668e-09,True,12,SpMV,CUSPARSE_SPMV_ALG_DEFAULT,,,torch_cuda_event_cudagraph_replay,gpu_execution,full_rsnn,device_adapted,independent_inference,sparse_only,"(256, 1, 131072)","(256, 1, 131072)",131072,131072,1,1,BN,spmspv_csc_dense_device,spmspv_csc_dense_device,none,False,False,True,0,torch.int64,torch.float32,torch.float32,dense_device,,,False,False,False,False,False,True,1.0,524288,338165768,338165768,0,0,False,unknown,unknown,unknown,unknown,unknown,,6.13203192;6.13017607;6.12582397;6.12377596;6.12636805;6.12355185;6.12559986;6.12636805;6.12569618;6.12380791;6.12777615;6.12828779;6.12521601;6.12623978;6.12828779;6.13238382;6.13033581;6.12419224;6.1282239;6.12623978,20,6.127019143104553,0.0026304730435164,6.123551845550537,6.132383823394775,passed,0,0.0,0.0,0.0,0.0,0.0,0.0,0.0,131072,0,full_state,passed,,6.126303911209106,,,,,,,,,,,3.6084975078010495
globalatomic_cudagraph,uniform,NVIDIA GeForce RTX 5090,2.11.0+cu128,12.8,default,0.15,,,,,,7323218a22116c05,1,131072,256,1,16777216,128.0,uniform,1,128,0.0,0.0,0.0,128.0,128.0,0.01,0.0099999904632568,1310.71875,1273.0,2546,167772.0,162944.0,325888,0.2038015309343829,0.2038015309343828,0.1610006152694052,1.9424457001168247,sampled_16_timesteps_max_2048_sources,converged,1.5625,0.01,0.0099999904632568,9.536743164270668e-09,True,12,SpMV,CUSPARSE_SPMV_ALG_DEFAULT,,,torch_cuda_event_cudagraph_replay,gpu_execution,full_rsnn,device_adapted,independent_inference,sparse_only,"(256, 1, 131072)","(256, 1, 131072)",131072,131072,1,1,BN,spmspv_csc_dense_device,spmspv_csc_dense_device,none,False,False,True,0,torch.int64,torch.float32,torch.float32,dense_device,,,False,False,False,False,False,True,1.0,524288,338165768,338165768,0,0,False,unknown,unknown,unknown,unknown,unknown,,11.7326078;11.7157764;11.7107515;11.7163525;11.7167358;11.7179203;11.7158403;11.7153282;11.7183037;11.7167358;11.7157764;11.7142076;11.7131844;11.7264318;11.7357121;11.7285442;11.72752;11.7264957;11.7285442;11.7254725,20,11.720912075042724,0.0072089786433172,11.7107515335083,11.735712051391602,passed,0,0.0,0.0,0.0,0.0,0.0,0.0,0.0,131072,0,full_state,passed,,11.717328071594238,,,,,,,,,,,1.8866717958697623
vdha_cudagraph,uniform,NVIDIA GeForce RTX 5090,2.11.0+cu128,12.8,default,0.15,,,,,,7323218a22116c05,1,131072,256,1,16777216,128.0,uniform,1,128,0.0,0.0,0.0,128.0,128.0,0.01,0.0099999904632568,1310.71875,1273.0,2546,167772.0,162944.0,325888,0.2038015309343829,0.2038015309343828,0.1610006152694052,1.9424457001168247,sampled_16_timesteps_max_2048_sources,converged,1.5625,0.01,0.0099999904632568,9.536743164270668e-09,True,12,SpMV,CUSPARSE_SPMV_ALG_DEFAULT,,,torch_cuda_event_cudagraph_replay,gpu_execution,full_rsnn,device_adapted,independent_inference,sparse_only,"(256, 1, 131072)","(256, 1, 131072)",131072,131072,1,1,BN,spmspv_csc_dense_device,spmspv_csc_dense_device,none,False,False,True,0,torch.int64,torch.float32,torch.float32,dense_device,,,False,False,False,False,False,True,1.0,524288,338165768,338165768,0,0,False,unknown,unknown,unknown,unknown,unknown,,8.01516819;8.00310421;8.00537586;8.00473595;8.00131226;8.00784016;8.00537586;7.99907207;8.00937557;8.00271988;7.99968004;8.00486374;8.00691223;8.0089922;8.01142406;8.00732803;8.00220776;8.00527954;8.003232;8.00937557,20,8.005668759346008,0.0040019321204123,7.999072074890137,8.015168190002441,passed,0,0.0,0.0,0.0,0.0,0.0,0.0,0.0,131072,0,full_state,passed,,8.005327701568604,,,,,,,,,,,2.7615049901452724
persistent_spike_block,uniform,NVIDIA GeForce RTX 5090,2.11.0+cu128,12.8,default,0.15,,,,,,7323218a22116c05,1,131072,256,1,16777216,128.0,uniform,1,128,0.0,0.0,0.0,128.0,128.0,0.01,0.0099999904632568,1310.71875,1273.0,2546,167772.0,162944.0,325888,0.2038015309343829,0.2038015309343828,0.1610006152694052,1.9424457001168247,sampled_16_timesteps_max_2048_sources,converged,1.5625,0.01,0.0099999904632568,9.536743164270668e-09,True,12,SpMV,CUSPARSE_SPMV_ALG_DEFAULT,,,torch_cuda_event,gpu_execution,full_rsnn,device_native,independent_inference,full_fusion,"(256, 1, 131072)","(256, 1, 131072)",131072,131072,1,1,BN,event_csr,event_csr,dense_to_events_precomputed,False,True,True,0,torch.int32,torch.float32,torch.float32,windowed_events,,,False,False,False,False,False,False,1.0,3719184,137133800,137133800,0,0,False,unknown,unknown,unknown,unknown,unknown,,2.79382396;2.7422719;2.74166393;2.73932791;2.74105597;2.7422719;2.73760009;2.74022388;2.7396481;2.74124789;2.74067211;2.74006391;2.74060798;2.74022388;2.73753595;2.74022388;2.74179196;2.742208;2.73814392;2.74121594,20,2.7430911540985106,0.0120264405777947,2.7375359535217285,2.7938239574432373,passed,0,0.0,1.1920928955078125e-07,1.862645149230957e-09,5.930950806032342e-07,3.713429350682418e-07,5.930950806032342e-07,3.713429350682418e-07,131072,0,full_state,passed,,2.7406400442123413,,,,,,,8.066273585367302,,,,8.066273585367302
cusparse_direct_cudagraph,uniform,NVIDIA GeForce RTX 5090,2.11.0+cu128,12.8,default,0.15,,,,,,e70f6f2e7ab02461,1,131072,256,1,16777216,128.0,uniform,1,128,0.0,0.0,0.0,128.0,128.0,0.02,0.0199620425701141,2616.46484375,2546.0,5091,334907.5,325888.0,651648,0.4893690179155758,0.4893690179155759,0.1599658715004635,1.945755171203989,sampled_16_timesteps_max_2048_sources,converged,2.34375,0.02,0.0199620425701141,3.7957429885864674e-05,True,12,SpMV,CUSPARSE_SPMV_ALG_DEFAULT,,,torch_cuda_event,gpu_execution,full_rsnn,device_native,independent_inference,sparse_only,"(256, 1, 131072)","(256, 1, 131072)",131072,131072,1,1,BN,csr_post_by_pre,csr_post_by_pre,none,False,False,True,0,torch.int32,torch.float32,torch.float32,dense,,,False,False,False,False,False,True,1.0,65540,404750340,404750340,0,0,False,unknown,unknown,unknown,unknown,unknown,,22.1688957;22.1108475;22.1119041;22.1088314;22.1119041;22.1129284;22.1180477;22.1231365;22.1180477;22.1149769;22.1159992;22.1149769;22.1149769;22.1180477;22.1149769;22.1119041;22.116993;22.1159992;22.119072;22.1159992,20,22.117923259735107,0.0124388996013371,22.10883140563965,22.168895721435547,passed,0,0.0,2.384185791015625e-07,1.862645149230957e-09,1.186475401482312e-06,3.704710707097547e-07,1.186475401482312e-06,3.704710707097547e-07,131072,0,full_state,passed,,22.115488052368164,,,,,,,1.0,,,,1.0
tilespmspv_cudagraph,uniform,NVIDIA GeForce RTX 5090,2.11.0+cu128,12.8,default,0.15,,,,,,e70f6f2e7ab02461,1,131072,256,1,16777216,128.0,uniform,1,128,0.0,0.0,0.0,128.0,128.0,0.02,0.0199620425701141,2616.46484375,2546.0,5091,334907.5,325888.0,651648,0.4893690179155758,0.4893690179155759,0.1599658715004635,1.945755171203989,sampled_16_timesteps_max_2048_sources,converged,2.34375,0.02,0.0199620425701141,3.7957429885864674e-05,True,12,SpMV,CUSPARSE_SPMV_ALG_DEFAULT,,,torch_cuda_event_cudagraph_replay,gpu_execution,full_rsnn,device_adapted,independent_inference,sparse_only,"(256, 1, 131072)","(256, 1, 131072)",131072,131072,1,1,BN,spmspv_csc_dense_device,spmspv_csc_dense_device,none,False,False,True,0,torch.int64,torch.float32,torch.float32,dense_device,,,False,False,False,False,False,True,1.0,524288,338165768,338165768,0,0,False,unknown,unknown,unknown,unknown,unknown,,6.2085762;6.19609594;6.19801617;6.19369602;6.19587183;6.19993591;6.19993591;6.19379187;6.19184017;6.204;6.20160007;6.20406389;6.19791985;6.20611191;6.20611191;6.20406389;6.19791985;6.20406389;6.19993591;6.19996786,20,6.200175952911377,0.0046197465531481,6.191840171813965,6.208576202392578,passed,0,0.0,0.0,0.0,0.0,0.0,0.0,0.0,131072,0,full_state,passed,,6.1999359130859375,,,,,,,,,,,3.567051073171572
globalatomic_cudagraph,uniform,NVIDIA GeForce RTX 5090,2.11.0+cu128,12.8,default,0.15,,,,,,e70f6f2e7ab02461,1,131072,256,1,16777216,128.0,uniform,1,128,0.0,0.0,0.0,128.0,128.0,0.02,0.0199620425701141,2616.46484375,2546.0,5091,334907.5,325888.0,651648,0.4893690179155758,0.4893690179155759,0.1599658715004635,1.945755171203989,sampled_16_timesteps_max_2048_sources,converged,2.34375,0.02,0.0199620425701141,3.7957429885864674e-05,True,12,SpMV,CUSPARSE_SPMV_ALG_DEFAULT,,,torch_cuda_event_cudagraph_replay,gpu_execution,full_rsnn,device_adapted,independent_inference,sparse_only,"(256, 1, 131072)","(256, 1, 131072)",131072,131072,1,1,BN,spmspv_csc_dense_device,spmspv_csc_dense_device,none,False,False,True,0,torch.int64,torch.float32,torch.float32,dense_device,,,False,False,False,False,False,True,1.0,524288,338165768,338165768,0,0,False,unknown,unknown,unknown,unknown,unknown,,11.7249603;11.692832;11.6927681;11.695776;11.6967678;11.6896324;11.697216;11.6948481;11.6977921;11.6880636;11.6933441;11.6927042;11.6875839;11.703968;11.7152319;11.7060156;11.7111359;11.703968;11.7090883;11.7101116,20,11.70019040107727,0.0100095271092513,11.687583923339844,11.724960327148438,passed,0,0.0,0.0,0.0,0.0,0.0,0.0,0.0,131072,0,full_state,passed,,11.696991920471191,,,,,,,,,,,1.8906987542381135
vdha_cudagraph,uniform,NVIDIA GeForce RTX 5090,2.11.0+cu128,12.8,default,0.15,,,,,,e70f6f2e7ab02461,1,131072,256,1,16777216,128.0,uniform,1,128,0.0,0.0,0.0,128.0,128.0,0.02,0.0199620425701141,2616.46484375,2546.0,5091,334907.5,325888.0,651648,0.4893690179155758,0.4893690179155759,0.1599658715004635,1.945755171203989,sampled_16_timesteps_max_2048_sources,converged,2.34375,0.02,0.0199620425701141,3.7957429885864674e-05,True,12,SpMV,CUSPARSE_SPMV_ALG_DEFAULT,,,torch_cuda_event_cudagraph_replay,gpu_execution,full_rsnn,device_adapted,independent_inference,sparse_only,"(256, 1, 131072)","(256, 1, 131072)",131072,131072,1,1,BN,spmspv_csc_dense_device,spmspv_csc_dense_device,none,False,False,True,0,torch.int64,torch.float32,torch.float32,dense_device,,,False,False,False,False,False,True,1.0,524288,338165768,338165768,0,0,False,unknown,unknown,unknown,unknown,unknown,,7.90710402;7.76979208;7.77203178;7.77427197;7.77196789;7.7717762;7.77487993;7.76988792;7.77574396;7.77193594;7.77472019;7.77203178;7.77577591;7.77433586;7.77590418;7.77385616;7.77487993;7.77590418;7.78000021;7.77795219,20,7.780737614631652,0.0298521026362392,7.769792079925537,7.907104015350342,passed,0,0.0,0.0,0.0,0.0,0.0,0.0,0.0,131072,0,full_state,passed,,7.77452802658081,,,,,,,,,,,2.84460844140714
persistent_spike_block,uniform,NVIDIA GeForce RTX 5090,2.11.0+cu128,12.8,default,0.15,,,,,,e70f6f2e7ab02461,1,131072,256,1,16777216,128.0,uniform,1,128,0.0,0.0,0.0,128.0,128.0,0.02,0.0199620425701141,2616.46484375,2546.0,5091,334907.5,325888.0,651648,0.4893690179155758,0.4893690179155759,0.1599658715004635,1.945755171203989,sampled_16_timesteps_max_2048_sources,converged,2.34375,0.02,0.0199620425701141,3.7957429885864674e-05,True,12,SpMV,CUSPARSE_SPMV_ALG_DEFAULT,,,torch_cuda_event,gpu_execution,full_rsnn,device_native,independent_inference,full_fusion,"(256, 1, 131072)","(256, 1, 131072)",131072,131072,1,1,BN,event_csr,event_csr,dense_to_events_precomputed,False,True,True,0,torch.int32,torch.float32,torch.float32,windowed_events,,,False,False,False,False,False,False,1.0,3719184,137133800,137133800,0,0,False,unknown,unknown,unknown,unknown,unknown,,2.989568;2.95727992;2.9567039;2.95532799;2.9567039;2.95727992;2.95971203;2.9562881;2.95673609;2.95840001;2.95667195;2.95926404;2.95875192;2.95935988;2.95881605;2.95935988;2.96492791;2.96147203;2.96550393;2.96345592,20,2.9605791687965395,0.0073880059416568,2.9553279876708984,2.989567995071411,passed,0,0.0,2.384185791015625e-07,5.587935447692871e-09,1.186475401482312e-06,1.1097288279415809e-06,1.186475401482312e-06,1.1097288279415809e-06,131072,0,full_state,passed,,2.958783984184265,,,,,,,7.474519319620215,,,,7.474519319620215
cusparse_direct_cudagraph,uniform,NVIDIA GeForce RTX 5090,2.11.0+cu128,12.8,default,0.15,,,,,,8679ccc64e6af844,1,131072,256,1,16777216,128.0,uniform,1,128,0.0,0.0,0.0,128.0,128.0,0.05,0.0497607290744781,6522.23828125,6427.0,12726,834846.5,822656.0,1628928,0.4893690179155758,0.4893690179155759,0.1503555806611051,1.95117066430775,sampled_16_timesteps_max_2048_sources,converged,5.810546875,0.05,0.0497607290744781,0.0002392709255218,True,12,SpMV,CUSPARSE_SPMV_ALG_DEFAULT,,,torch_cuda_event,gpu_execution,full_rsnn,device_native,independent_inference,sparse_only,"(256, 1, 131072)","(256, 1, 131072)",131072,131072,1,1,BN,csr_post_by_pre,csr_post_by_pre,none,False,False,True,0,torch.int32,torch.float32,torch.float32,dense,,,False,False,False,False,False,True,1.0,65540,404750340,404750340,0,0,False,unknown,unknown,unknown,unknown,unknown,,22.1176319;22.1112328;22.1078072;22.1108799;22.1119041;22.110815;22.1180477;22.1170235;22.1159992;22.116993;22.1180477;22.119072;22.116993;22.1201286;22.1149769;22.1180153;22.1191044;22.1139526;22.1149769;22.1200962,20,22.11568489074707,0.0035172704590747,22.107807159423828,22.1201286315918,passed,0,0.0,4.76837158203125e-07,1.1175870895385742e-08,2.382405909884256e-06,2.194778062403202e-06,2.382405909884256e-06,2.194778062403202e-06,131072,0,full_state,passed,,22.116992950439453,,,,,,,1.0,,,,1.0
tilespmspv_cudagraph,uniform,NVIDIA GeForce RTX 5090,2.11.0+cu128,12.8,default,0.15,,,,,,8679ccc64e6af844,1,131072,256,1,16777216,128.0,uniform,1,128,0.0,0.0,0.0,128.0,128.0,0.05,0.0497607290744781,6522.23828125,6427.0,12726,834846.5,822656.0,1628928,0.4893690179155758,0.4893690179155759,0.1503555806611051,1.95117066430775,sampled_16_timesteps_max_2048_sources,converged,5.810546875,0.05,0.0497607290744781,0.0002392709255218,True,12,SpMV,CUSPARSE_SPMV_ALG_DEFAULT,,,torch_cuda_event_cudagraph_replay,gpu_execution,full_rsnn,device_adapted,independent_inference,sparse_only,"(256, 1, 131072)","(256, 1, 131072)",131072,131072,1,1,BN,spmspv_csc_dense_device,spmspv_csc_dense_device,none,False,False,True,0,torch.int64,torch.float32,torch.float32,dense_device,,,False,False,False,False,False,True,1.0,524288,338165768,338165768,0,0,False,unknown,unknown,unknown,unknown,unknown,,6.4331522;6.41708803;6.41702414;6.42118406;6.41504002;6.41708803;6.41900778;6.41907215;6.42124796;6.41894388;6.41868782;6.41500807;6.42112017;6.41705608;6.41705608;6.41702414;6.41603184;6.42115211;6.41494417;6.41500807,20,6.418596839904785,0.0040495561007889,6.414944171905518,6.433152198791504,passed,0,0.0,9.5367431640625e-07,1.862645149230957e-08,4.760955107485643e-06,3.6592098240362247e-06,4.760955107485643e-06,3.6592098240362247e-06,131072,0,full_state,passed,,6.417088031768799,,,,,,,,,,,3.4465777687552075
globalatomic_cudagraph,uniform,NVIDIA GeForce RTX 5090,2.11.0+cu128,12.8,default,0.15,,,,,,8679ccc64e6af844,1,131072,256,1,16777216,128.0,uniform,1,128,0.0,0.0,0.0,128.0,128.0,0.05,0.0497607290744781,6522.23828125,6427.0,12726,834846.5,822656.0,1628928,0.4893690179155758,0.4893690179155759,0.1503555806611051,1.95117066430775,sampled_16_timesteps_max_2048_sources,converged,5.810546875,0.05,0.0497607290744781,0.0002392709255218,True,12,SpMV,CUSPARSE_SPMV_ALG_DEFAULT,,,torch_cuda_event_cudagraph_replay,gpu_execution,full_rsnn,device_adapted,independent_inference,sparse_only,"(256, 1, 131072)","(256, 1, 131072)",131072,131072,1,1,BN,spmspv_csc_dense_device,spmspv_csc_dense_device,none,False,False,True,0,torch.int64,torch.float32,torch.float32,dense_device,,,False,False,False,False,False,True,1.0,524288,338165768,338165768,0,0,False,unknown,unknown,unknown,unknown,unknown,,11.7012157;11.6850882;11.6839676;11.6912956;11.6886396;11.6870403;11.6887035;11.6891203;11.6836481;11.6860161;11.6890879;11.6845121;11.69168;11.6886082;11.6896324;11.69168;11.6844797;11.6834879;11.6927042;11.6855364,20,11.688307189941408,0.0042223822889355,11.68348789215088,11.701215744018556,passed,0,0.0,9.5367431640625e-07,1.862645149230957e-08,4.760955107485643e-06,3.6592098240362247e-06,4.760955107485643e-06,3.6592098240362247e-06,131072,0,full_state,passed,,11.688623905181885,,,,,,,,,,,1.892181075364602
vdha_cudagraph,uniform,NVIDIA GeForce RTX 5090,2.11.0+cu128,12.8,default,0.15,,,,,,8679ccc64e6af844,1,131072,256,1,16777216,128.0,uniform,1,128,0.0,0.0,0.0,128.0,128.0,0.05,0.0497607290744781,6522.23828125,6427.0,12726,834846.5,822656.0,1628928,0.4893690179155758,0.4893690179155759,0.1503555806611051,1.95117066430775,sampled_16_timesteps_max_2048_sources,converged,5.810546875,0.05,0.0497607290744781,0.0002392709255218,True,12,SpMV,CUSPARSE_SPMV_ALG_DEFAULT,,,torch_cuda_event_cudagraph_replay,gpu_execution,full_rsnn,device_adapted,independent_inference,sparse_only,"(256, 1, 131072)","(256, 1, 131072)",131072,131072,1,1,BN,spmspv_csc_dense_device,spmspv_csc_dense_device,none,False,False,True,0,torch.int64,torch.float32,torch.float32,dense_device,,,False,False,False,False,False,True,1.0,524288,338165768,338165768,0,0,False,unknown,unknown,unknown,unknown,unknown,,7.83983994;7.8306241;7.82915211;7.83017588;7.82851219;7.82713604;7.82908821;7.83167982;7.82505608;7.82857609;7.83270407;7.82569599;7.82672024;7.82470417;7.82607985;7.83120012;7.83120012;7.82710409;7.82607985;7.82710409,20,7.82892165184021,0.0034813291966418,7.824704170227051,7.839839935302734,passed,0,0.0,9.5367431640625e-07,1.862645149230957e-08,4.6134518925100565e-06,3.6592098240362247e-06,4.6134518925100565e-06,3.6592098240362247e-06,131072,0,full_state,passed,,7.8285441398620605,,,,,,,,,,,2.8251731810289256
persistent_spike_block,uniform,NVIDIA GeForce RTX 5090,2.11.0+cu128,12.8,default,0.15,,,,,,8679ccc64e6af844,1,131072,256,1,16777216,128.0,uniform,1,128,0.0,0.0,0.0,128.0,128.0,0.05,0.0497607290744781,6522.23828125,6427.0,12726,834846.5,822656.0,1628928,0.4893690179155758,0.4893690179155759,0.1503555806611051,1.95117066430775,sampled_16_timesteps_max_2048_sources,converged,5.810546875,0.05,0.0497607290744781,0.0002392709255218,True,12,SpMV,CUSPARSE_SPMV_ALG_DEFAULT,,,torch_cuda_event,gpu_execution,full_rsnn,device_native,independent_inference,full_fusion,"(256, 1, 131072)","(256, 1, 131072)",131072,131072,1,1,BN,event_csr,event_csr,dense_to_events_precomputed,False,True,True,0,torch.int32,torch.float32,torch.float32,windowed_events,,,False,False,False,False,False,False,1.0,3719184,137133800,137133800,0,0,False,unknown,unknown,unknown,unknown,unknown,,4.49139214;4.44121599;4.4363842;4.44112015;4.43743992;4.442976;4.43737602;4.43897581;4.43747187;4.44121599;4.43839979;4.43907213;4.43948793;4.44323206;4.43641615;4.43907213;4.44105577;4.43894386;4.4410882;4.44412804,20,4.442323207855225,0.0117619320747145,4.436384201049805,4.491392135620117,passed,0,0.0,5.364418029785156e-07,2.60770320892334e-08,2.6698137389757903e-06,5.115860403748229e-06,2.6698137389757903e-06,5.115860403748229e-06,131072,0,full_state,passed,,4.439280033111572,,,,,,,4.982112591563017,,,,4.982112591563017
cusparse_direct_cudagraph,uniform,NVIDIA GeForce RTX 5090,2.11.0+cu128,12.8,default,0.15,,,,,,f874d04295250f6c,1,131072,256,1,16777216,128.0,uniform,1,128,0.0,0.0,0.0,128.0,128.0,0.1,0.126501202583313,16580.765625,39015.25,55039,2122338.0,4993952.0,7044992,0.4944308827684811,0.4944308827684812,0.6654122615684485,3.319448645785921,sampled_16_timesteps_max_2048_sources,best_effort,6.9091796875,0.1,0.126501202583313,0.0265012025833129,True,12,SpMV,CUSPARSE_SPMV_ALG_DEFAULT,,,torch_cuda_event,gpu_execution,full_rsnn,device_native,independent_inference,sparse_only,"(256, 1, 131072)","(256, 1, 131072)",131072,131072,1,1,BN,csr_post_by_pre,csr_post_by_pre,none,False,False,True,0,torch.int32,torch.float32,torch.float32,dense,,,False,False,False,False,False,True,1.0,65540,404750340,404750340,0,0,False,unknown,unknown,unknown,unknown,unknown,,22.1191044;22.1050568;22.1077766;22.1149769;22.1119041;22.1088314;22.1180801;22.1088009;22.1098881;22.1088314;22.1098557;22.1190395;22.1098557;22.1129284;22.1088314;22.1098557;22.1088009;22.1139526;22.1129284;22.1098232,20,22.11145610809326,0.0038737568827906,22.105056762695312,22.119104385375977,passed,0,0.0,8.344650268554688e-07,4.4703483581542975e-08,4.132552021474112e-06,8.45816066430416e-06,4.132552021474112e-06,8.45816066430416e-06,131072,0,full_state,passed,,22.10985565185547,,,,,,,1.0,,,,1.0
tilespmspv_cudagraph,uniform,NVIDIA GeForce RTX 5090,2.11.0+cu128,12.8,default,0.15,,,,,,f874d04295250f6c,1,131072,256,1,16777216,128.0,uniform,1,128,0.0,0.0,0.0,128.0,128.0,0.1,0.126501202583313,16580.765625,39015.25,55039,2122338.0,4993952.0,7044992,0.4944308827684811,0.4944308827684812,0.6654122615684485,3.319448645785921,sampled_16_timesteps_max_2048_sources,best_effort,6.9091796875,0.1,0.126501202583313,0.0265012025833129,True,12,SpMV,CUSPARSE_SPMV_ALG_DEFAULT,,,torch_cuda_event_cudagraph_replay,gpu_execution,full_rsnn,device_adapted,independent_inference,sparse_only,"(256, 1, 131072)","(256, 1, 131072)",131072,131072,1,1,BN,spmspv_csc_dense_device,spmspv_csc_dense_device,none,False,False,True,0,torch.int64,torch.float32,torch.float32,dense_device,,,False,False,False,False,False,True,1.0,524288,338165768,338165768,0,0,False,unknown,unknown,unknown,unknown,unknown,,7.51833582;7.49417591;7.50038385;7.49734402;7.49647999;7.50332785;7.50156784;7.49423981;7.50144005;7.49833584;7.49897623;7.49840021;7.49737597;7.49737597;7.50451183;7.49532795;7.50044823;7.49942398;7.49430418;7.49734402,20,7.499455976486206,0.0053061203914896,7.494175910949707,7.518335819244385,passed_causal_masked_state,2,5.960464477539064e-08,0.0220069885253906,8.672475814819336e-06,0.1099881902337074,0.0016478974139317,8.309708391607273e-06,1.6638628949294798e-05,130943,129,causal_masked_state,passed_causal_masked_state,,7.49836802482605,,,,,,,,,,,2.948622364046793
globalatomic_cudagraph,uniform,NVIDIA GeForce RTX 5090,2.11.0+cu128,12.8,default,0.15,,,,,,f874d04295250f6c,1,131072,256,1,16777216,128.0,uniform,1,128,0.0,0.0,0.0,128.0,128.0,0.1,0.126501202583313,16580.765625,39015.25,55039,2122338.0,4993952.0,7044992,0.4944308827684811,0.4944308827684812,0.6654122615684485,3.319448645785921,sampled_16_timesteps_max_2048_sources,best_effort,6.9091796875,0.1,0.126501202583313,0.0265012025833129,True,12,SpMV,CUSPARSE_SPMV_ALG_DEFAULT,,,torch_cuda_event_cudagraph_replay,gpu_execution,full_rsnn,device_adapted,independent_inference,sparse_only,"(256, 1, 131072)","(256, 1, 131072)",131072,131072,1,1,BN,spmspv_csc_dense_device,spmspv_csc_dense_device,none,False,False,True,0,torch.int64,torch.float32,torch.float32,dense_device,,,False,False,False,False,False,True,1.0,524288,338165768,338165768,0,0,False,unknown,unknown,unknown,unknown,unknown,,13.48944;12.9984322;12.9963522;13.0039043;12.9978876;13.0030079;13.0039682;13.0018559;13.0019197;12.9983358;13.0008316;13.0003519;13.0003519;13.0044479;13.0003519;13.0054083;13.0003519;12.9983044;13.0003519;13.0044479,20,13.025515174865722,0.109225542485278,12.996352195739746,13.489439964294434,passed_causal_masked_state,2,5.960464477539064e-08,0.0220069885253906,8.672475814819336e-06,0.1099881902337074,0.0016478974139317,8.309708391607273e-06,1.6638628949294798e-05,130943,129,causal_masked_state,passed_causal_masked_state,,13.00059175491333,,,,,,,,,,,1.7006807127452075
vdha_cudagraph,uniform,NVIDIA GeForce RTX 5090,2.11.0+cu128,12.8,default,0.15,,,,,,f874d04295250f6c,1,131072,256,1,16777216,128.0,uniform,1,128,0.0,0.0,0.0,128.0,128.0,0.1,0.126501202583313,16580.765625,39015.25,55039,2122338.0,4993952.0,7044992,0.4944308827684811,0.4944308827684812,0.6654122615684485,3.319448645785921,sampled_16_timesteps_max_2048_sources,best_effort,6.9091796875,0.1,0.126501202583313,0.0265012025833129,True,12,SpMV,CUSPARSE_SPMV_ALG_DEFAULT,,,torch_cuda_event_cudagraph_replay,gpu_execution,full_rsnn,device_adapted,independent_inference,sparse_only,"(256, 1, 131072)","(256, 1, 131072)",131072,131072,1,1,BN,spmspv_csc_dense_device,spmspv_csc_dense_device,none,False,False,True,0,torch.int64,torch.float32,torch.float32,dense_device,,,False,False,False,False,False,True,1.0,524288,338165768,338165768,0,0,False,unknown,unknown,unknown,unknown,unknown,,10.8001919;10.7753916;10.768384;10.7787523;10.76896;10.7691517;10.7730885;10.7721281;10.772768;10.7764158;10.7789116;10.7729921;10.7747202;10.7788162;10.7741442;10.7690563;10.777792;10.7746563;10.77104;10.7717762,20,10.774956846237185,0.0068294745763409,10.768383979797363,10.80019187927246,passed,0,0.0,9.5367431640625e-07,5.960464477539064e-08,4.652741154131945e-06,1.1260101928201038e-05,4.652741154131945e-06,1.1260101928201038e-05,131072,0,full_state,passed,,10.773616313934326,,,,,,,,,,,2.0522223000701385
persistent_spike_block,uniform,NVIDIA GeForce RTX 5090,2.11.0+cu128,12.8,default,0.15,,,,,,f874d04295250f6c,1,131072,256,1,16777216,128.0,uniform,1,128,0.0,0.0,0.0,128.0,128.0,0.1,0.126501202583313,16580.765625,39015.25,55039,2122338.0,4993952.0,7044992,0.4944308827684811,0.4944308827684812,0.6654122615684485,3.319448645785921,sampled_16_timesteps_max_2048_sources,best_effort,6.9091796875,0.1,0.126501202583313,0.0265012025833129,True,12,SpMV,CUSPARSE_SPMV_ALG_DEFAULT,,,torch_cuda_event,gpu_execution,full_rsnn,device_native,independent_inference,full_fusion,"(256, 1, 131072)","(256, 1, 131072)",131072,131072,1,1,BN,event_csr,event_csr,dense_to_events_precomputed,False,True,True,0,torch.int32,torch.float32,torch.float32,windowed_events,,,False,False,False,False,False,False,1.0,3719184,137133800,137133800,0,0,False,unknown,unknown,unknown,unknown,unknown,,7.18732786;7.07827187;7.08713579;7.07644796;7.08809614;7.07315207;7.09011221;7.08031988;7.09126377;7.07827187;7.0930562;7.08035183;7.09219217;7.07830381;7.08214378;7.08031988;7.08822393;7.08134413;7.08505583;7.06864023,20,7.088001561164856,0.024279958152273,7.068640232086182,7.187327861785889,passed_causal_masked_state,2,5.960464477539064e-08,0.0220067501068115,8.687376976013184e-06,0.1099869981408119,0.0016505785752087,9.20424281503074e-06,1.967771640920546e-05,130943,129,causal_masked_state,passed_causal_masked_state,,7.081743955612183,,,,,,,3.122091929676972,,,,3.122091929676972
cusparse_direct_cudagraph,uniform,NVIDIA GeForce RTX 5090,2.11.0+cu128,12.8,default,0.15,,,,,,d8dd9124f9c4fa3b,1,131072,256,1,16777216,128.0,uniform,1,128,0.0,0.0,0.0,128.0,128.0,0.2,0.2002804577350616,26251.16015625,43507.5,57518,3360148.5,5568960.0,7362304,0.5016425679491451,0.5016425679491452,0.4336696973141551,2.191065067511153,sampled_16_timesteps_max_2048_sources,converged,8.203125,0.2,0.2002804577350616,0.0002804577350616,True,12,SpMV,CUSPARSE_SPMV_ALG_DEFAULT,,,torch_cuda_event,gpu_execution,full_rsnn,device_native,independent_inference,sparse_only,"(256, 1, 131072)","(256, 1, 131072)",131072,131072,1,1,BN,csr_post_by_pre,csr_post_by_pre,none,False,False,True,0,torch.int32,torch.float32,torch.float32,dense,,,False,False,False,False,False,True,1.0,65540,404750340,404750340,0,0,False,unknown,unknown,unknown,unknown,unknown,,22.1208;22.1089592;22.1078072;22.1190395;22.1098557;22.1047363;22.1078072;22.1108799;22.1098557;22.1067848;22.1098557;22.1129284;22.1119041;22.1129284;22.1108799;22.1077766;22.1149769;22.1078072;22.1088009;22.1078072,20,22.110609531402588,0.0039922446409748,22.104736328125,22.120800018310547,passed,0,0.0,9.5367431640625e-07,4.4703483581542975e-08,4.765804533235496e-06,8.367699592781719e-06,4.765804533235496e-06,8.367699592781719e-06,131072,0,full_state,passed,,22.10985565185547,,,,,,,1.0,,,,1.0
tilespmspv_cudagraph,uniform,NVIDIA GeForce RTX 5090,2.11.0+cu128,12.8,default,0.15,,,,,,d8dd9124f9c4fa3b,1,131072,256,1,16777216,128.0,uniform,1,128,0.0,0.0,0.0,128.0,128.0,0.2,0.2002804577350616,26251.16015625,43507.5,57518,3360148.5,5568960.0,7362304,0.5016425679491451,0.5016425679491452,0.4336696973141551,2.191065067511153,sampled_16_timesteps_max_2048_sources,converged,8.203125,0.2,0.2002804577350616,0.0002804577350616,True,12,SpMV,CUSPARSE_SPMV_ALG_DEFAULT,,,torch_cuda_event_cudagraph_replay,gpu_execution,full_rsnn,device_adapted,independent_inference,sparse_only,"(256, 1, 131072)","(256, 1, 131072)",131072,131072,1,1,BN,spmspv_csc_dense_device,spmspv_csc_dense_device,none,False,False,True,0,torch.int64,torch.float32,torch.float32,dense_device,,,False,False,False,False,False,True,1.0,524288,338165768,338165768,0,0,False,unknown,unknown,unknown,unknown,unknown,,8.50415993;8.49043179;8.49279976;8.48451233;8.4901123;8.48614407;8.49225616;8.49062443;8.48809624;8.48870373;8.49014378;8.49680042;8.48655987;8.50089645;8.50499153;8.50704002;8.5070076;8.50294399;8.50294399;8.51113605,20,8.49591522216797,0.0083588558497696,8.484512329101562,8.511136054992676,passed_causal_masked_state,96,2.86102294921875e-06,0.8609274625778198,0.0015672147274017,4.301607131958008,0.2893321812152862,1.385871564707486e-05,2.195328852394596e-05,130661,411,causal_masked_state,passed_causal_masked_state,,8.492527961730957,,,,,,,,,,,2.603448084184937
globalatomic_cudagraph,uniform,NVIDIA GeForce RTX 5090,2.11.0+cu128,12.8,default,0.15,,,,,,d8dd9124f9c4fa3b,1,131072,256,1,16777216,128.0,uniform,1,128,0.0,0.0,0.0,128.0,128.0,0.2,0.2002804577350616,26251.16015625,43507.5,57518,3360148.5,5568960.0,7362304,0.5016425679491451,0.5016425679491452,0.4336696973141551,2.191065067511153,sampled_16_timesteps_max_2048_sources,converged,8.203125,0.2,0.2002804577350616,0.0002804577350616,True,12,SpMV,CUSPARSE_SPMV_ALG_DEFAULT,,,torch_cuda_event_cudagraph_replay,gpu_execution,full_rsnn,device_adapted,independent_inference,sparse_only,"(256, 1, 131072)","(256, 1, 131072)",131072,131072,1,1,BN,spmspv_csc_dense_device,spmspv_csc_dense_device,none,False,False,True,0,torch.int64,torch.float32,torch.float32,dense_device,,,False,False,False,False,False,True,1.0,524288,338165768,338165768,0,0,False,unknown,unknown,unknown,unknown,unknown,,14.8860159;14.8751678;14.8651838;14.8686085;14.8665924;14.8646402;14.8568316;14.8686085;14.8646402;14.8624315;14.8666878;14.8660803;14.8732481;14.8589125;14.86096;14.8671036;14.865056;14.8691521;14.8671036;14.865056,20,14.866904020309448,0.0061825754734329,14.856831550598145,14.886015892028809,passed_causal_masked_state,96,2.86102294921875e-06,0.8609274625778198,0.0015672147274017,4.301607131958008,0.2893321812152862,1.385871564707486e-05,2.195328852394596e-05,130661,411,causal_masked_state,passed_causal_masked_state,,14.866336345672607,,,,,,,,,,,1.4872430663316287
vdha_cudagraph,uniform,NVIDIA GeForce RTX 5090,2.11.0+cu128,12.8,default,0.15,,,,,,d8dd9124f9c4fa3b,1,131072,256,1,16777216,128.0,uniform,1,128,0.0,0.0,0.0,128.0,128.0,0.2,0.2002804577350616,26251.16015625,43507.5,57518,3360148.5,5568960.0,7362304,0.5016425679491451,0.5016425679491452,0.4336696973141551,2.191065067511153,sampled_16_timesteps_max_2048_sources,converged,8.203125,0.2,0.2002804577350616,0.0002804577350616,True,12,SpMV,CUSPARSE_SPMV_ALG_DEFAULT,,,torch_cuda_event_cudagraph_replay,gpu_execution,full_rsnn,device_adapted,independent_inference,sparse_only,"(256, 1, 131072)","(256, 1, 131072)",131072,131072,1,1,BN,spmspv_csc_dense_device,spmspv_csc_dense_device,none,False,False,True,0,torch.int64,torch.float32,torch.float32,dense_device,,,False,False,False,False,False,True,1.0,524288,338165768,338165768,0,0,False,unknown,unknown,unknown,unknown,unknown,,12.8236485;12.7979841;12.7997761;12.7970238;12.8073597;12.7956161;12.7910404;12.794816;12.7972479;12.799552;12.7999678;12.7976322;12.8011837;12.80128;12.7935038;12.8016958;12.8078403;12.7955523;12.7894077;12.8067837,20,12.799945592880247,0.0074468633963841,12.78940773010254,12.823648452758787,passed,0,0.0,1.9073486328125e-06,7.450580596923828e-08,8.938000974012539e-06,1.3946166291134432e-05,8.938000974012539e-06,1.3946166291134432e-05,131072,0,full_state,passed,,12.798768043518066,,,,,,,,,,,1.727498738681572
persistent_spike_block,uniform,NVIDIA GeForce RTX 5090,2.11.0+cu128,12.8,default,0.15,,,,,,d8dd9124f9c4fa3b,1,131072,256,1,16777216,128.0,uniform,1,128,0.0,0.0,0.0,128.0,128.0,0.2,0.2002804577350616,26251.16015625,43507.5,57518,3360148.5,5568960.0,7362304,0.5016425679491451,0.5016425679491452,0.4336696973141551,2.191065067511153,sampled_16_timesteps_max_2048_sources,converged,8.203125,0.2,0.2002804577350616,0.0002804577350616,True,12,SpMV,CUSPARSE_SPMV_ALG_DEFAULT,,,torch_cuda_event,gpu_execution,full_rsnn,device_native,independent_inference,full_fusion,"(256, 1, 131072)","(256, 1, 131072)",131072,131072,1,1,BN,event_csr,event_csr,dense_to_events_precomputed,False,True,True,0,torch.int32,torch.float32,torch.float32,windowed_events,,,False,False,False,False,False,False,1.0,3719184,137133800,137133800,0,0,False,unknown,unknown,unknown,unknown,unknown,,9.41792011;9.35644817;9.37718391;9.36246395;9.37308788;9.36243153;9.3741436;9.37884808;9.39663982;9.38281631;9.38937569;9.37878418;9.38844776;9.38278389;9.39257622;9.37475204;9.39254379;9.38502407;9.39107227;9.38288021,20,9.38201117515564,0.0137107645984332,9.35644817352295,9.417920112609863,passed_causal_masked_state,96,2.86102294921875e-06,0.8609275817871094,0.0015672296285629,4.301607608795166,0.289337694644928,1.4195715266396292e-05,2.747358121268917e-05,130661,411,causal_masked_state,passed_causal_masked_state,,9.382800102233888,,,,,,,2.3564240323729675,,,,2.3564240323729675
cusparse_direct_cudagraph,uniform,NVIDIA GeForce RTX 5090,2.11.0+cu128,12.8,default,0.15,,,,,,ac6936c67d82cfaa,2,131072,256,1,16777216,128.0,uniform,2,128,0.0,0.0,0.0,128.0,128.0,0.005,0.0078125,1024.0,1249.0,1249,131072.0,159872.0,159872,0.1460667958445282,0.1460667958445282,0.4680254104269317,1.2197265625,sampled_16_timesteps_max_2048_sources,best_effort,0.9765625,0.005,0.0078125,0.0028125,True,12,SpMV,CUSPARSE_SPMV_ALG_DEFAULT,,,torch_cuda_event,gpu_execution,full_rsnn,device_native,independent_inference,sparse_only,"(256, 1, 131072)","(256, 1, 131072)",131072,131072,1,1,BN,csr_post_by_pre,csr_post_by_pre,none,False,False,True,0,torch.int32,torch.float32,torch.float32,dense,,,False,False,False,False,False,True,1.0,65540,404750340,404750340,0,0,False,unknown,unknown,unknown,unknown,unknown,,22.1391678;22.1316471;22.1282883;22.1252155;22.1241608;22.1231689;22.1262398;22.127264;22.1262398;22.1293125;22.125248;22.1282558;22.127264;22.1323833;22.1231689;22.1303368;22.1231689;22.1241913;22.127264;22.1262398,20,22.1274112701416,0.003860356460231,22.1231689453125,22.13916778564453,passed,0,0.0,1.1920928955078125e-07,1.862645149230957e-09,5.952454671387386e-07,3.712755471951823e-07,5.952454671387386e-07,3.712755471951823e-07,131072,0,full_state,passed,,22.12675189971924,,,,,,,1.0,,,,1.0
tilespmspv_cudagraph,uniform,NVIDIA GeForce RTX 5090,2.11.0+cu128,12.8,default,0.15,,,,,,ac6936c67d82cfaa,2,131072,256,1,16777216,128.0,uniform,2,128,0.0,0.0,0.0,128.0,128.0,0.005,0.0078125,1024.0,1249.0,1249,131072.0,159872.0,159872,0.1460667958445282,0.1460667958445282,0.4680254104269317,1.2197265625,sampled_16_timesteps_max_2048_sources,best_effort,0.9765625,0.005,0.0078125,0.0028125,True,12,SpMV,CUSPARSE_SPMV_ALG_DEFAULT,,,torch_cuda_event_cudagraph_replay,gpu_execution,full_rsnn,device_adapted,independent_inference,sparse_only,"(256, 1, 131072)","(256, 1, 131072)",131072,131072,1,1,BN,spmspv_csc_dense_device,spmspv_csc_dense_device,none,False,False,True,0,torch.int64,torch.float32,torch.float32,dense_device,,,False,False,False,False,False,True,1.0,524288,338165768,338165768,0,0,False,unknown,unknown,unknown,unknown,unknown,,6.08582401;6.0771842;6.07305622;6.07708788;6.07654381;6.07459211;6.07251215;6.07257605;6.07667208;6.07363176;6.07251215;6.07708788;6.07299185;6.07705593;6.07708788;6.07708788;6.07299185;6.07503986;6.07708788;6.07196808,20,6.0755295753479,0.0031527245712009,6.071968078613281,6.085824012756348,passed,0,0.0,0.0,0.0,0.0,0.0,0.0,0.0,131072,0,full_state,passed,,6.075791835784912,,,,,,,,,,,3.641789004257542
globalatomic_cudagraph,uniform,NVIDIA GeForce RTX 5090,2.11.0+cu128,12.8,default,0.15,,,,,,ac6936c67d82cfaa,2,131072,256,1,16777216,128.0,uniform,2,128,0.0,0.0,0.0,128.0,128.0,0.005,0.0078125,1024.0,1249.0,1249,131072.0,159872.0,159872,0.1460667958445282,0.1460667958445282,0.4680254104269317,1.2197265625,sampled_16_timesteps_max_2048_sources,best_effort,0.9765625,0.005,0.0078125,0.0028125,True,12,SpMV,CUSPARSE_SPMV_ALG_DEFAULT,,,torch_cuda_event_cudagraph_replay,gpu_execution,full_rsnn,device_adapted,independent_inference,sparse_only,"(256, 1, 131072)","(256, 1, 131072)",131072,131072,1,1,BN,spmspv_csc_dense_device,spmspv_csc_dense_device,none,False,False,True,0,torch.int64,torch.float32,torch.float32,dense_device,,,False,False,False,False,False,True,1.0,524288,338165768,338165768,0,0,False,unknown,unknown,unknown,unknown,unknown,,11.7111998;11.7011843;11.7009916;11.707552;11.7189436;11.7158718;11.7123203;11.7085762;11.717824;11.713376;11.7136002;11.7090883;11.7101116;11.7101116;11.7172804;11.7101116;11.7070398;11.7162561;11.7101116;11.7152319,20,11.711339139938357,0.0049579525029237,11.7009916305542,11.71894359588623,passed,0,0.0,0.0,0.0,0.0,0.0,0.0,0.0,131072,0,full_state,passed,,11.710655689239502,,,,,,,,,,,1.8894545691451516
vdha_cudagraph,uniform,NVIDIA GeForce RTX 5090,2.11.0+cu128,12.8,default,0.15,,,,,,ac6936c67d82cfaa,2,131072,256,1,16777216,128.0,uniform,2,128,0.0,0.0,0.0,128.0,128.0,0.005,0.0078125,1024.0,1249.0,1249,131072.0,159872.0,159872,0.1460667958445282,0.1460667958445282,0.4680254104269317,1.2197265625,sampled_16_timesteps_max_2048_sources,best_effort,0.9765625,0.005,0.0078125,0.0028125,True,12,SpMV,CUSPARSE_SPMV_ALG_DEFAULT,,,torch_cuda_event_cudagraph_replay,gpu_execution,full_rsnn,device_adapted,independent_inference,sparse_only,"(256, 1, 131072)","(256, 1, 131072)",131072,131072,1,1,BN,spmspv_csc_dense_device,spmspv_csc_dense_device,none,False,False,True,0,torch.int64,torch.float32,torch.float32,dense_device,,,False,False,False,False,False,True,1.0,524288,338165768,338165768,0,0,False,unknown,unknown,unknown,unknown,unknown,,7.68163204;7.66918421;7.67452812;7.67299223;7.67142391;7.67606401;7.66899204;7.67363214;7.66985607;7.67308807;7.67100811;7.6740799;7.66886377;7.66899204;7.67446423;7.6693759;7.67139196;7.67043209;7.67145586;7.67145586,20,7.672145628929138,0.0030998208531027,7.668863773345947,7.681632041931152,passed,0,0.0,0.0,0.0,0.0,0.0,0.0,0.0,131072,0,full_state,passed,,7.67143988609314,,,,,,,,,,,2.884302325021256
persistent_spike_block,uniform,NVIDIA GeForce RTX 5090,2.11.0+cu128,12.8,default,0.15,,,,,,ac6936c67d82cfaa,2,131072,256,1,16777216,128.0,uniform,2,128,0.0,0.0,0.0,128.0,128.0,0.005,0.0078125,1024.0,1249.0,1249,131072.0,159872.0,159872,0.1460667958445282,0.1460667958445282,0.4680254104269317,1.2197265625,sampled_16_timesteps_max_2048_sources,best_effort,0.9765625,0.005,0.0078125,0.0028125,True,12,SpMV,CUSPARSE_SPMV_ALG_DEFAULT,,,torch_cuda_event,gpu_execution,full_rsnn,device_native,independent_inference,full_fusion,"(256, 1, 131072)","(256, 1, 131072)",131072,131072,1,1,BN,event_csr,event_csr,dense_to_events_precomputed,False,True,True,0,torch.int32,torch.float32,torch.float32,windowed_events,,,False,False,False,False,False,False,1.0,3719184,137133800,137133800,0,0,False,unknown,unknown,unknown,unknown,unknown,,2.62313604;2.58771205;2.58086395;2.58656001;2.58601594;2.58675194;2.57983994;2.58454394;2.58291197;2.58662391;2.5819521;2.58860803;2.58185601;2.58467197;2.58092809;2.58662391;2.58406401;2.58656001;2.58249593;2.58556795,20,2.5864143848419188,0.0090046667438574,2.579839944839477,2.623136043548584,passed,0,0.0,1.043081283569336e-07,1.862645149230957e-09,5.20832088568568e-07,3.7139480468795227e-07,5.20832088568568e-07,3.7139480468795227e-07,131072,0,full_state,passed,,2.5851199626922607,,,,,,,8.559274702546276,,,,8.559274702546276
cusparse_direct_cudagraph,uniform,NVIDIA GeForce RTX 5090,2.11.0+cu128,12.8,default,0.15,,,,,,66f3505716a85f8b,2,131072,256,1,16777216,128.0,uniform,2,128,0.0,0.0,0.0,128.0,128.0,0.01,0.0099999904632568,1310.71875,1745.5,2498,167772.0,223424.0,319744,0.1797312057754176,0.1797312057754176,0.2034320911074688,1.9058245714421955,sampled_16_timesteps_max_2048_sources,converged,1.5625,0.01,0.0099999904632568,9.536743164270668e-09,True,12,SpMV,CUSPARSE_SPMV_ALG_DEFAULT,,,torch_cuda_event,gpu_execution,full_rsnn,device_native,independent_inference,sparse_only,"(256, 1, 131072)","(256, 1, 131072)",131072,131072,1,1,BN,csr_post_by_pre,csr_post_by_pre,none,False,False,True,0,torch.int32,torch.float32,torch.float32,dense,,,False,False,False,False,False,True,1.0,65540,404750340,404750340,0,0,False,unknown,unknown,unknown,unknown,unknown,,22.1287365;22.1132164;22.1098557;22.1067848;22.1139526;22.1108475;22.1098557;22.1108799;22.1118717;22.1108799;22.1118717;22.1108799;22.1139526;22.1129284;22.1129284;22.1098557;22.1108799;22.1119041;22.1108799;22.1077766,20,22.112036895751952,0.0043370205425797,22.10678482055664,22.12873649597168,passed,0,0.0,1.1920928955078125e-07,1.862645149230957e-09,5.937124001320626e-07,3.712755471951823e-07,5.937124001320626e-07,3.712755471951823e-07,131072,0,full_state,passed,,22.11087989807129,,,,,,,1.0,,,,1.0
tilespmspv_cudagraph,uniform,NVIDIA GeForce RTX 5090,2.11.0+cu128,12.8,default,0.15,,,,,,66f3505716a85f8b,2,131072,256,1,16777216,128.0,uniform,2,128,0.0,0.0,0.0,128.0,128.0,0.01,0.0099999904632568,1310.71875,1745.5,2498,167772.0,223424.0,319744,0.1797312057754176,0.1797312057754176,0.2034320911074688,1.9058245714421955,sampled_16_timesteps_max_2048_sources,converged,1.5625,0.01,0.0099999904632568,9.536743164270668e-09,True,12,SpMV,CUSPARSE_SPMV_ALG_DEFAULT,,,torch_cuda_event_cudagraph_replay,gpu_execution,full_rsnn,device_adapted,independent_inference,sparse_only,"(256, 1, 131072)","(256, 1, 131072)",131072,131072,1,1,BN,spmspv_csc_dense_device,spmspv_csc_dense_device,none,False,False,True,0,torch.int64,torch.float32,torch.float32,dense_device,,,False,False,False,False,False,True,1.0,524288,338165768,338165768,0,0,False,unknown,unknown,unknown,unknown,unknown,,6.14339209;6.13260794;6.13238382;6.13849592;6.13456011;6.13641596;6.13222408;6.13647985;6.13641596;6.13251209;6.13388777;6.13231993;6.13647985;6.13340807;6.13647985;6.13443184;6.13443184;6.13443184;6.13647985;6.13238382,20,6.135011124610901,0.0027225955328856,6.132224082946777,6.143392086029053,passed,0,0.0,0.0,0.0,0.0,0.0,0.0,0.0,131072,0,full_state,passed,,6.134431838989258,,,,,,,,,,,3.604389204806031
globalatomic_cudagraph,uniform,NVIDIA GeForce RTX 5090,2.11.0+cu128,12.8,default,0.15,,,,,,66f3505716a85f8b,2,131072,256,1,16777216,128.0,uniform,2,128,0.0,0.0,0.0,128.0,128.0,0.01,0.0099999904632568,1310.71875,1745.5,2498,167772.0,223424.0,319744,0.1797312057754176,0.1797312057754176,0.2034320911074688,1.9058245714421955,sampled_16_timesteps_max_2048_sources,converged,1.5625,0.01,0.0099999904632568,9.536743164270668e-09,True,12,SpMV,CUSPARSE_SPMV_ALG_DEFAULT,,,torch_cuda_event_cudagraph_replay,gpu_execution,full_rsnn,device_adapted,independent_inference,sparse_only,"(256, 1, 131072)","(256, 1, 131072)",131072,131072,1,1,BN,spmspv_csc_dense_device,spmspv_csc_dense_device,none,False,False,True,0,torch.int64,torch.float32,torch.float32,dense_device,,,False,False,False,False,False,True,1.0,524288,338165768,338165768,0,0,False,unknown,unknown,unknown,unknown,unknown,,11.7317123;11.7096319;11.7105284;11.711648;11.7270079;11.7342081;11.71984;11.7208319;11.7279358;11.7230082;11.7239037;11.7285442;11.72752;11.7285442;11.7131844;11.7182398;11.7254725;11.7162561;11.7326403;11.7254725,20,11.72280650138855,0.0075092047716594,11.70963191986084,11.734208106994627,passed,0,0.0,0.0,0.0,0.0,0.0,0.0,0.0,131072,0,full_state,passed,,11.724688053131104,,,,,,,,,,,1.8858395036076487
vdha_cudagraph,uniform,NVIDIA GeForce RTX 5090,2.11.0+cu128,12.8,default,0.15,,,,,,66f3505716a85f8b,2,131072,256,1,16777216,128.0,uniform,2,128,0.0,0.0,0.0,128.0,128.0,0.01,0.0099999904632568,1310.71875,1745.5,2498,167772.0,223424.0,319744,0.1797312057754176,0.1797312057754176,0.2034320911074688,1.9058245714421955,sampled_16_timesteps_max_2048_sources,converged,1.5625,0.01,0.0099999904632568,9.536743164270668e-09,True,12,SpMV,CUSPARSE_SPMV_ALG_DEFAULT,,,torch_cuda_event_cudagraph_replay,gpu_execution,full_rsnn,device_adapted,independent_inference,sparse_only,"(256, 1, 131072)","(256, 1, 131072)",131072,131072,1,1,BN,spmspv_csc_dense_device,spmspv_csc_dense_device,none,False,False,True,0,torch.int64,torch.float32,torch.float32,dense_device,,,False,False,False,False,False,True,1.0,524288,338165768,338165768,0,0,False,unknown,unknown,unknown,unknown,unknown,,8.00710392;7.99913597;7.99462414;7.99708796;7.99913597;8.00022411;8.00063992;7.99228811;7.99292803;7.99452782;7.99606419;7.99094391;7.99705601;7.99462414;7.99299192;7.99606419;7.99708796;7.99708796;7.99503994;7.99708796,20,7.996587204933166,0.0035982608022919,7.990943908691406,8.00710391998291,passed,0,0.0,0.0,0.0,0.0,0.0,0.0,0.0,131072,0,full_state,passed,,7.996560096740723,,,,,,,,,,,2.765048924859997
persistent_spike_block,uniform,NVIDIA GeForce RTX 5090,2.11.0+cu128,12.8,default,0.15,,,,,,66f3505716a85f8b,2,131072,256,1,16777216,128.0,uniform,2,128,0.0,0.0,0.0,128.0,128.0,0.01,0.0099999904632568,1310.71875,1745.5,2498,167772.0,223424.0,319744,0.1797312057754176,0.1797312057754176,0.2034320911074688,1.9058245714421955,sampled_16_timesteps_max_2048_sources,converged,1.5625,0.01,0.0099999904632568,9.536743164270668e-09,True,12,SpMV,CUSPARSE_SPMV_ALG_DEFAULT,,,torch_cuda_event,gpu_execution,full_rsnn,device_native,independent_inference,full_fusion,"(256, 1, 131072)","(256, 1, 131072)",131072,131072,1,1,BN,event_csr,event_csr,dense_to_events_precomputed,False,True,True,0,torch.int32,torch.float32,torch.float32,windowed_events,,,False,False,False,False,False,False,1.0,3719184,137133800,137133800,0,0,False,unknown,unknown,unknown,unknown,unknown,,2.80275202;2.75187206;2.74854398;2.75295997;2.75254393;2.75081611;2.74943995;2.75084805;2.75056005;2.75187206;2.74857593;2.75187206;2.74732804;2.7549119;2.75663996;2.749856;2.74841595;2.75193596;2.74841595;2.75043201,20,2.753529596328735,0.0118095648939994,2.747328042984009,2.802752017974853,passed,0,0.0,1.1920928955078125e-07,1.862645149230957e-09,5.928949349254253e-07,3.7139480468795227e-07,5.928949349254253e-07,3.7139480468795227e-07,131072,0,full_state,passed,,2.7508320808410645,,,,,,,8.037887900198877,,,,8.037887900198877
cusparse_direct_cudagraph,uniform,NVIDIA GeForce RTX 5090,2.11.0+cu128,12.8,default,0.15,,,,,,9729046b7af65ed0,2,131072,256,1,16777216,128.0,uniform,2,128,0.0,0.0,0.0,128.0,128.0,0.02,0.0199627578258514,2616.55859375,3308.5,4994,334919.5,423488.0,639232,0.4799714699769631,0.4799714699769631,0.2041506300416412,1.908613860942704,sampled_16_timesteps_max_2048_sources,converged,2.34375,0.02,0.0199627578258514,3.724217414855999e-05,True,12,SpMV,CUSPARSE_SPMV_ALG_DEFAULT,,,torch_cuda_event,gpu_execution,full_rsnn,device_native,independent_inference,sparse_only,"(256, 1, 131072)","(256, 1, 131072)",131072,131072,1,1,BN,csr_post_by_pre,csr_post_by_pre,none,False,False,True,0,torch.int32,torch.float32,torch.float32,dense,,,False,False,False,False,False,True,1.0,65540,404750340,404750340,0,0,False,unknown,unknown,unknown,unknown,unknown,,22.1280632;22.1175041;22.1180477;22.1149769;22.1159992;22.1129284;22.1221447;22.1170235;22.1139526;22.1170235;22.1159992;22.1170235;22.1211205;22.1139526;22.1170235;22.1200962;22.1211205;22.1180477;22.1149769;22.1180477,20,22.11775360107422,0.0034787797129136,22.11292839050293,22.128063201904297,passed,0,0.0,1.788139343261719e-07,2.7939677238464355e-09,8.895584073798091e-07,5.553786763812241e-07,8.895584073798091e-07,5.553786763812241e-07,131072,0,full_state,passed,,22.117023468017575,,,,,,,1.0,,,,1.0
tilespmspv_cudagraph,uniform,NVIDIA GeForce RTX 5090,2.11.0+cu128,12.8,default,0.15,,,,,,9729046b7af65ed0,2,131072,256,1,16777216,128.0,uniform,2,128,0.0,0.0,0.0,128.0,128.0,0.02,0.0199627578258514,2616.55859375,3308.5,4994,334919.5,423488.0,639232,0.4799714699769631,0.4799714699769631,0.2041506300416412,1.908613860942704,sampled_16_timesteps_max_2048_sources,converged,2.34375,0.02,0.0199627578258514,3.724217414855999e-05,True,12,SpMV,CUSPARSE_SPMV_ALG_DEFAULT,,,torch_cuda_event_cudagraph_replay,gpu_execution,full_rsnn,device_adapted,independent_inference,sparse_only,"(256, 1, 131072)","(256, 1, 131072)",131072,131072,1,1,BN,spmspv_csc_dense_device,spmspv_csc_dense_device,none,False,False,True,0,torch.int64,torch.float32,torch.float32,dense_device,,,False,False,False,False,False,True,1.0,524288,338165768,338165768,0,0,False,unknown,unknown,unknown,unknown,unknown,,6.21600008;6.20230389;6.20406389;6.19993591;6.21020794;6.21017599;6.20201588;6.20201588;6.19996786;6.20815992;6.20361614;6.19996786;6.20201588;6.20406389;6.19996786;6.21020794;6.20406389;6.20201588;6.20815992;6.20201588,20,6.204547119140625,0.0044476859661422,6.1999359130859375,6.216000080108643,passed,0,0.0,0.0,0.0,0.0,0.0,0.0,0.0,131072,0,full_state,passed,,6.202960014343262,,,,,,,,,,,3.565559574279993
globalatomic_cudagraph,uniform,NVIDIA GeForce RTX 5090,2.11.0+cu128,12.8,default,0.15,,,,,,9729046b7af65ed0,2,131072,256,1,16777216,128.0,uniform,2,128,0.0,0.0,0.0,128.0,128.0,0.02,0.0199627578258514,2616.55859375,3308.5,4994,334919.5,423488.0,639232,0.4799714699769631,0.4799714699769631,0.2041506300416412,1.908613860942704,sampled_16_timesteps_max_2048_sources,converged,2.34375,0.02,0.0199627578258514,3.724217414855999e-05,True,12,SpMV,CUSPARSE_SPMV_ALG_DEFAULT,,,torch_cuda_event_cudagraph_replay,gpu_execution,full_rsnn,device_adapted,independent_inference,sparse_only,"(256, 1, 131072)","(256, 1, 131072)",131072,131072,1,1,BN,spmspv_csc_dense_device,spmspv_csc_dense_device,none,False,False,True,0,torch.int64,torch.float32,torch.float32,dense_device,,,False,False,False,False,False,True,1.0,524288,338165768,338165768,0,0,False,unknown,unknown,unknown,unknown,unknown,,11.7102079;11.6991682;11.6943684;11.6877117;11.7003841;11.7138243;11.7097282;11.704608;11.7163525;11.7086077;11.7095356;11.7131844;11.7183037;11.7100477;11.7090883;11.7121601;11.7111359;11.7121601;11.7161922;11.7152319,20,11.708600044250488,0.0077943927194357,11.687711715698242,11.718303680419922,passed,0,0.0,0.0,0.0,0.0,0.0,0.0,0.0,131072,0,full_state,passed,,11.710127830505373,,,,,,,,,,,1.8887089695470112
vdha_cudagraph,uniform,NVIDIA GeForce RTX 5090,2.11.0+cu128,12.8,default,0.15,,,,,,9729046b7af65ed0,2,131072,256,1,16777216,128.0,uniform,2,128,0.0,0.0,0.0,128.0,128.0,0.02,0.0199627578258514,2616.55859375,3308.5,4994,334919.5,423488.0,639232,0.4799714699769631,0.4799714699769631,0.2041506300416412,1.908613860942704,sampled_16_timesteps_max_2048_sources,converged,2.34375,0.02,0.0199627578258514,3.724217414855999e-05,True,12,SpMV,CUSPARSE_SPMV_ALG_DEFAULT,,,torch_cuda_event_cudagraph_replay,gpu_execution,full_rsnn,device_adapted,independent_inference,sparse_only,"(256, 1, 131072)","(256, 1, 131072)",131072,131072,1,1,BN,spmspv_csc_dense_device,spmspv_csc_dense_device,none,False,False,True,0,torch.int64,torch.float32,torch.float32,dense_device,,,False,False,False,False,False,True,1.0,524288,338165768,338165768,0,0,False,unknown,unknown,unknown,unknown,unknown,,7.79212809;7.77590418;7.77750397;7.77910423;7.77740812;7.77961588;7.77846384;7.77606392;7.77727985;7.78009605;7.77849579;7.77961588;7.78220797;7.778368;7.77385616;7.77590418;7.78000021;7.78102398;7.78409576;7.78204823,20,7.77945921421051,0.0038639113982534,7.773856163024902,7.792128086090088,passed,0,0.0,0.0,0.0,0.0,0.0,0.0,0.0,131072,0,full_state,passed,,7.778800010681152,,,,,,,,,,,2.8432436156795986
persistent_spike_block,uniform,NVIDIA GeForce RTX 5090,2.11.0+cu128,12.8,default,0.15,,,,,,9729046b7af65ed0,2,131072,256,1,16777216,128.0,uniform,2,128,0.0,0.0,0.0,128.0,128.0,0.02,0.0199627578258514,2616.55859375,3308.5,4994,334919.5,423488.0,639232,0.4799714699769631,0.4799714699769631,0.2041506300416412,1.908613860942704,sampled_16_timesteps_max_2048_sources,converged,2.34375,0.02,0.0199627578258514,3.724217414855999e-05,True,12,SpMV,CUSPARSE_SPMV_ALG_DEFAULT,,,torch_cuda_event,gpu_execution,full_rsnn,device_native,independent_inference,full_fusion,"(256, 1, 131072)","(256, 1, 131072)",131072,131072,1,1,BN,event_csr,event_csr,dense_to_events_precomputed,False,True,True,0,torch.int32,torch.float32,torch.float32,windowed_events,,,False,False,False,False,False,False,1.0,3719184,137133800,137133800,0,0,False,unknown,unknown,unknown,unknown,unknown,,3.01004791;2.94281602;2.94947195;2.94716811;2.94947195;2.9408319;2.94591999;2.9461441;2.94591999;2.95014405;2.94969606;2.94505596;2.94639993;2.94720006;2.95056009;2.94912004;2.95177603;2.94598389;2.9501121;2.94710398,20,2.9505472064018248,0.0142649602401682,2.9408318996429443,3.010047912597656,passed,0,0.0,2.384185791015625e-07,3.725290298461914e-09,1.185408336823457e-06,7.407115276691911e-07,1.185408336823457e-06,7.407115276691911e-07,131072,0,full_state,passed,,2.9471840858459477,,,,,,,7.504459451391615,,,,7.504459451391615
cusparse_direct_cudagraph,uniform,NVIDIA GeForce RTX 5090,2.11.0+cu128,12.8,default,0.15,,,,,,a6cbbf6ee8d08525,2,131072,256,1,16777216,128.0,uniform,2,128,0.0,0.0,0.0,128.0,128.0,0.05,0.0496278703212738,6504.82421875,8302.75,14233,832617.5,1062752.0,1821824,0.4799714699769631,0.4799714699769631,0.2057164344951818,2.1880683507132628,sampled_16_timesteps_max_2048_sources,converged,5.46875,0.05,0.0496278703212738,0.0003721296787261,True,12,SpMV,CUSPARSE_SPMV_ALG_DEFAULT,,,torch_cuda_event,gpu_execution,full_rsnn,device_native,independent_inference,sparse_only,"(256, 1, 131072)","(256, 1, 131072)",131072,131072,1,1,BN,csr_post_by_pre,csr_post_by_pre,none,False,False,True,0,torch.int32,torch.float32,torch.float32,dense,,,False,False,False,False,False,True,1.0,65540,404750340,404750340,0,0,False,unknown,unknown,unknown,unknown,unknown,,22.1249275;22.1132164;22.1159992;22.119072;22.1200962;22.1211205;22.1221447;22.121088;22.1200962;22.1211205;22.1241913;22.119072;22.1231689;22.1200962;22.1211205;22.1200962;22.1231689;22.1200962;22.1211205;22.1159992,20,22.120350551605224,0.0028104850164391,22.113216400146484,22.124927520751957,passed,0,0.0,4.76837158203125e-07,7.450580596923828e-09,2.3176512513600755e-06,1.467733454774134e-06,2.3176512513600755e-06,1.467733454774134e-06,131072,0,full_state,passed,,22.12059211730957,,,,,,,1.0,,,,1.0
tilespmspv_cudagraph,uniform,NVIDIA GeForce RTX 5090,2.11.0+cu128,12.8,default,0.15,,,,,,a6cbbf6ee8d08525,2,131072,256,1,16777216,128.0,uniform,2,128,0.0,0.0,0.0,128.0,128.0,0.05,0.0496278703212738,6504.82421875,8302.75,14233,832617.5,1062752.0,1821824,0.4799714699769631,0.4799714699769631,0.2057164344951818,2.1880683507132628,sampled_16_timesteps_max_2048_sources,converged,5.46875,0.05,0.0496278703212738,0.0003721296787261,True,12,SpMV,CUSPARSE_SPMV_ALG_DEFAULT,,,torch_cuda_event_cudagraph_replay,gpu_execution,full_rsnn,device_adapted,independent_inference,sparse_only,"(256, 1, 131072)","(256, 1, 131072)",131072,131072,1,1,BN,spmspv_csc_dense_device,spmspv_csc_dense_device,none,False,False,True,0,torch.int64,torch.float32,torch.float32,dense_device,,,False,False,False,False,False,True,1.0,524288,338165768,338165768,0,0,False,unknown,unknown,unknown,unknown,unknown,,6.45292807;6.43977594;6.44361591;6.44163179;6.4415679;6.44163179;6.44367981;6.44159985;6.44367981;6.43763208;6.43904018;6.43958378;6.44367981;6.43753576;6.43856001;6.43958378;6.43344021;6.43958378;6.43753576;6.43753576,20,6.440691089630127,0.0039205529188611,6.433440208435059,6.452928066253662,passed,0,0.0,4.76837158203125e-07,1.1175870895385742e-08,2.3664524633204564e-06,2.200408516728203e-06,2.3664524633204564e-06,2.200408516728203e-06,131072,0,full_state,passed,,6.439679861068726,,,,,,,,,,,3.4350453119634508
globalatomic_cudagraph,uniform,NVIDIA GeForce RTX 5090,2.11.0+cu128,12.8,default,0.15,,,,,,a6cbbf6ee8d08525,2,131072,256,1,16777216,128.0,uniform,2,128,0.0,0.0,0.0,128.0,128.0,0.05,0.0496278703212738,6504.82421875,8302.75,14233,832617.5,1062752.0,1821824,0.4799714699769631,0.4799714699769631,0.2057164344951818,2.1880683507132628,sampled_16_timesteps_max_2048_sources,converged,5.46875,0.05,0.0496278703212738,0.0003721296787261,True,12,SpMV,CUSPARSE_SPMV_ALG_DEFAULT,,,torch_cuda_event_cudagraph_replay,gpu_execution,full_rsnn,device_adapted,independent_inference,sparse_only,"(256, 1, 131072)","(256, 1, 131072)",131072,131072,1,1,BN,spmspv_csc_dense_device,spmspv_csc_dense_device,none,False,False,True,0,torch.int64,torch.float32,torch.float32,dense_device,,,False,False,False,False,False,True,1.0,524288,338165768,338165768,0,0,False,unknown,unknown,unknown,unknown,unknown,,11.7037439;11.6959038;11.6947517;11.69168;11.6927996;11.6936321;11.6936321;11.6906557;11.6915836;11.6927042;11.6892157;11.6906557;11.695776;11.69168;11.6906557;11.6937284;11.6906557;11.6896324;11.6865597;11.6937284,20,11.69266872406006,0.0034720351758182,11.686559677124023,11.703743934631348,passed,0,0.0,4.76837158203125e-07,1.1175870895385742e-08,2.3664524633204564e-06,2.200408516728203e-06,2.3664524633204564e-06,2.200408516728203e-06,131072,0,full_state,passed,,11.69219207763672,,,,,,,,,,,1.8919114542788704
vdha_cudagraph,uniform,NVIDIA GeForce RTX 5090,2.11.0+cu128,12.8,default,0.15,,,,,,a6cbbf6ee8d08525,2,131072,256,1,16777216,128.0,uniform,2,128,0.0,0.0,0.0,128.0,128.0,0.05,0.0496278703212738,6504.82421875,8302.75,14233,832617.5,1062752.0,1821824,0.4799714699769631,0.4799714699769631,0.2057164344951818,2.1880683507132628,sampled_16_timesteps_max_2048_sources,converged,5.46875,0.05,0.0496278703212738,0.0003721296787261,True,12,SpMV,CUSPARSE_SPMV_ALG_DEFAULT,,,torch_cuda_event_cudagraph_replay,gpu_execution,full_rsnn,device_adapted,independent_inference,sparse_only,"(256, 1, 131072)","(256, 1, 131072)",131072,131072,1,1,BN,spmspv_csc_dense_device,spmspv_csc_dense_device,none,False,False,True,0,torch.int64,torch.float32,torch.float32,dense_device,,,False,False,False,False,False,True,1.0,524288,338165768,338165768,0,0,False,unknown,unknown,unknown,unknown,unknown,,7.8863678;7.87814379;7.86812782;7.87030411;7.86751986;7.86806393;7.86627197;7.87148809;7.87088013;7.86726379;7.87497616;7.87071991;7.86905622;7.87167978;7.86601591;7.86806393;7.86908817;7.86806393;7.87011194;7.85987186,20,7.87010395526886,0.0052699078606658,7.859871864318848,7.886367797851562,passed,0,0.0,4.76837158203125e-07,1.1175870895385742e-08,2.3664524633204564e-06,2.200408516728203e-06,2.3664524633204564e-06,2.200408516728203e-06,131072,0,full_state,passed,,7.869072198867798,,,,,,,,,,,2.811080081396671
persistent_spike_block,uniform,NVIDIA GeForce RTX 5090,2.11.0+cu128,12.8,default,0.15,,,,,,a6cbbf6ee8d08525,2,131072,256,1,16777216,128.0,uniform,2,128,0.0,0.0,0.0,128.0,128.0,0.05,0.0496278703212738,6504.82421875,8302.75,14233,832617.5,1062752.0,1821824,0.4799714699769631,0.4799714699769631,0.2057164344951818,2.1880683507132628,sampled_16_timesteps_max_2048_sources,converged,5.46875,0.05,0.0496278703212738,0.0003721296787261,True,12,SpMV,CUSPARSE_SPMV_ALG_DEFAULT,,,torch_cuda_event,gpu_execution,full_rsnn,device_native,independent_inference,full_fusion,"(256, 1, 131072)","(256, 1, 131072)",131072,131072,1,1,BN,event_csr,event_csr,dense_to_events_precomputed,False,True,True,0,torch.int32,torch.float32,torch.float32,windowed_events,,,False,False,False,False,False,False,1.0,3719184,137133800,137133800,0,0,False,unknown,unknown,unknown,unknown,unknown,,4.33695984;4.28684807;4.28547192;4.28684807;4.28387213;4.29116821;4.28758383;4.28825617;4.28921604;4.29404783;4.28748798;4.29619217;4.29366398;4.28736019;4.29158401;4.28902388;4.2852478;4.29305601;4.28745604;4.28950405,20,4.291542410850525,0.0111684739274653,4.283872127532959,4.336959838867188,passed,0,0.0,5.960464477539062e-07,2.2351741790771484e-08,2.957975539175095e-06,4.404720129969064e-06,2.957975539175095e-06,4.404720129969064e-06,131072,0,full_state,passed,,4.288640022277832,,,,,,,5.1579503064844845,,,,5.1579503064844845
cusparse_direct_cudagraph,uniform,NVIDIA GeForce RTX 5090,2.11.0+cu128,12.8,default,0.15,,,,,,77007b35a87cd41a,2,131072,256,1,16777216,128.0,uniform,2,128,0.0,0.0,0.0,128.0,128.0,0.1,0.0594418346881866,7791.16015625,12482.0,15475,997268.5,1597696.0,1980800,0.4799714699769631,0.4799714699769631,0.1861677291610612,1.9862253746107488,sampled_16_timesteps_max_2048_sources,best_effort,6.25,0.1,0.0594418346881866,0.0405581653118133,True,12,SpMV,CUSPARSE_SPMV_ALG_DEFAULT,,,torch_cuda_event,gpu_execution,full_rsnn,device_native,independent_inference,sparse_only,"(256, 1, 131072)","(256, 1, 131072)",131072,131072,1,1,BN,csr_post_by_pre,csr_post_by_pre,none,False,False,True,0,torch.int32,torch.float32,torch.float32,dense,,,False,False,False,False,False,True,1.0,65540,404750340,404750340,0,0,False,unknown,unknown,unknown,unknown,unknown,,22.1236477;22.1090565;22.1139202;22.1108799;22.1119041;22.1149769;22.1119041;22.1129284;22.1119041;22.1149769;22.1098557;22.1129284;22.1170235;22.1098232;22.1129284;22.1159992;22.1108799;22.1139526;22.1129284;22.1118717,20,22.11321449279785,0.0032169234416409,22.10905647277832,22.123647689819336,passed,0,0.0,4.76837158203125e-07,7.450580596923828e-09,2.34876392823935e-06,1.4638114862464136e-06,2.34876392823935e-06,1.4638114862464136e-06,131072,0,full_state,passed,,22.11292839050293,,,,,,,1.0,,,,1.0
tilespmspv_cudagraph,uniform,NVIDIA GeForce RTX 5090,2.11.0+cu128,12.8,default,0.15,,,,,,77007b35a87cd41a,2,131072,256,1,16777216,128.0,uniform,2,128,0.0,0.0,0.0,128.0,128.0,0.1,0.0594418346881866,7791.16015625,12482.0,15475,997268.5,1597696.0,1980800,0.4799714699769631,0.4799714699769631,0.1861677291610612,1.9862253746107488,sampled_16_timesteps_max_2048_sources,best_effort,6.25,0.1,0.0594418346881866,0.0405581653118133,True,12,SpMV,CUSPARSE_SPMV_ALG_DEFAULT,,,torch_cuda_event_cudagraph_replay,gpu_execution,full_rsnn,device_adapted,independent_inference,sparse_only,"(256, 1, 131072)","(256, 1, 131072)",131072,131072,1,1,BN,spmspv_csc_dense_device,spmspv_csc_dense_device,none,False,False,True,0,torch.int64,torch.float32,torch.float32,dense_device,,,False,False,False,False,False,True,1.0,524288,338165768,338165768,0,0,False,unknown,unknown,unknown,unknown,unknown,,6.50063992;6.48704004;6.48873615;6.48460817;6.48201609;6.49088001;6.48256016;6.48672009;6.48457623;6.48611212;6.48518419;6.48668814;6.48464012;6.48668814;6.48464012;6.48054409;6.48464012;6.48259211;6.48668814;6.48668814,20,6.486144113540649,0.0041547826411833,6.480544090270996,6.500639915466309,passed,0,0.0,4.76837158203125e-07,1.862645149230957e-08,2.372839844611008e-06,3.658852619992104e-06,2.372839844611008e-06,3.658852619992104e-06,131072,0,full_state,passed,,6.485648155212402,,,,,,,,,,,3.409517115530104
globalatomic_cudagraph,uniform,NVIDIA GeForce RTX 5090,2.11.0+cu128,12.8,default,0.15,,,,,,77007b35a87cd41a,2,131072,256,1,16777216,128.0,uniform,2,128,0.0,0.0,0.0,128.0,128.0,0.1,0.0594418346881866,7791.16015625,12482.0,15475,997268.5,1597696.0,1980800,0.4799714699769631,0.4799714699769631,0.1861677291610612,1.9862253746107488,sampled_16_timesteps_max_2048_sources,best_effort,6.25,0.1,0.0594418346881866,0.0405581653118133,True,12,SpMV,CUSPARSE_SPMV_ALG_DEFAULT,,,torch_cuda_event_cudagraph_replay,gpu_execution,full_rsnn,device_adapted,independent_inference,sparse_only,"(256, 1, 131072)","(256, 1, 131072)",131072,131072,1,1,BN,spmspv_csc_dense_device,spmspv_csc_dense_device,none,False,False,True,0,torch.int64,torch.float32,torch.float32,dense_device,,,False,False,False,False,False,True,1.0,524288,338165768,338165768,0,0,False,unknown,unknown,unknown,unknown,unknown,,11.7137604;11.6982079;11.7007999;11.7018881;11.7008963;11.7041283;11.6976643;11.7049599;11.7080641;11.6989441;11.6951675;11.7049923;11.695776;11.699872;11.6968002;11.6977596;11.6988163;11.6977596;11.6988478;11.699872,20,11.700748825073244,0.004523345412076,11.695167541503906,11.713760375976562,passed,0,0.0,4.76837158203125e-07,1.862645149230957e-08,2.372839844611008e-06,3.658852619992104e-06,2.372839844611008e-06,3.658852619992104e-06,131072,0,full_state,passed,,11.699408054351808,,,,,,,,,,,1.8900895060479257
vdha_cudagraph,uniform,NVIDIA GeForce RTX 5090,2.11.0+cu128,12.8,default,0.15,,,,,,77007b35a87cd41a,2,131072,256,1,16777216,128.0,uniform,2,128,0.0,0.0,0.0,128.0,128.0,0.1,0.0594418346881866,7791.16015625,12482.0,15475,997268.5,1597696.0,1980800,0.4799714699769631,0.4799714699769631,0.1861677291610612,1.9862253746107488,sampled_16_timesteps_max_2048_sources,best_effort,6.25,0.1,0.0594418346881866,0.0405581653118133,True,12,SpMV,CUSPARSE_SPMV_ALG_DEFAULT,,,torch_cuda_event_cudagraph_replay,gpu_execution,full_rsnn,device_adapted,independent_inference,sparse_only,"(256, 1, 131072)","(256, 1, 131072)",131072,131072,1,1,BN,spmspv_csc_dense_device,spmspv_csc_dense_device,none,False,False,True,0,torch.int64,torch.float32,torch.float32,dense_device,,,False,False,False,False,False,True,1.0,524288,338165768,338165768,0,0,False,unknown,unknown,unknown,unknown,unknown,,8.98121643;8.96607971;8.96710396;8.96684837;8.96387196;8.96364784;8.96313572;8.96227169;8.96163177;8.96992016;8.96316814;8.96419239;8.9612484;8.96332836;8.96476841;8.9677763;8.96169567;8.96780777;8.96067238;8.96374416,20,8.965206480026245,0.0045215720241098,8.960672378540039,8.981216430664062,passed,0,0.0,4.76837158203125e-07,1.862645149230957e-08,2.372839844611008e-06,3.658852619992104e-06,2.372839844611008e-06,3.658852619992104e-06,131072,0,full_state,passed,,8.963808059692383,,,,,,,,,,,2.4669123037047487
persistent_spike_block,uniform,NVIDIA GeForce RTX 5090,2.11.0+cu128,12.8,default,0.15,,,,,,77007b35a87cd41a,2,131072,256,1,16777216,128.0,uniform,2,128,0.0,0.0,0.0,128.0,128.0,0.1,0.0594418346881866,7791.16015625,12482.0,15475,997268.5,1597696.0,1980800,0.4799714699769631,0.4799714699769631,0.1861677291610612,1.9862253746107488,sampled_16_timesteps_max_2048_sources,best_effort,6.25,0.1,0.0594418346881866,0.0405581653118133,True,12,SpMV,CUSPARSE_SPMV_ALG_DEFAULT,,,torch_cuda_event,gpu_execution,full_rsnn,device_native,independent_inference,full_fusion,"(256, 1, 131072)","(256, 1, 131072)",131072,131072,1,1,BN,event_csr,event_csr,dense_to_events_precomputed,False,True,True,0,torch.int32,torch.float32,torch.float32,windowed_events,,,False,False,False,False,False,False,1.0,3719184,137133800,137133800,0,0,False,unknown,unknown,unknown,unknown,unknown,,4.67622423;4.61203194;4.61049604;4.61513615;4.6094718;4.61414385;4.61151981;4.61308813;4.61459208;4.61520004;4.61468792;4.61507177;4.61055994;4.61526394;4.61302423;4.61500788;4.61465597;4.61513615;4.61107206;4.61312008,20,4.616475200653076,0.0141870082674576,4.609471797943115,4.676224231719971,passed,0,0.0,9.238719940185548e-07,3.725290298461914e-08,4.596392500388902e-06,7.306228326342534e-06,4.596392500388902e-06,7.306228326342534e-06,131072,0,full_state,passed,,4.614367961883545,,,,,,,4.792190083921401,,,,4.792190083921401
cusparse_direct_cudagraph,uniform,NVIDIA GeForce RTX 5090,2.11.0+cu128,12.8,default,0.15,,,,,,321dacbc07d5697c,2,131072,256,1,16777216,128.0,uniform,2,128,0.0,0.0,0.0,128.0,128.0,0.2,0.2001886367797851,26239.125,45416.0,67385,3358608.0,5813248.0,8625280,0.4800391808534279,0.480039180853428,0.4386576013867944,2.5681115509758805,sampled_16_timesteps_max_2048_sources,converged,8.10546875,0.2,0.2001886367797851,0.0001886367797851,True,12,SpMV,CUSPARSE_SPMV_ALG_DEFAULT,,,torch_cuda_event,gpu_execution,full_rsnn,device_native,independent_inference,sparse_only,"(256, 1, 131072)","(256, 1, 131072)",131072,131072,1,1,BN,csr_post_by_pre,csr_post_by_pre,none,False,False,True,0,torch.int32,torch.float32,torch.float32,dense,,,False,False,False,False,False,True,1.0,65540,404750340,404750340,0,0,False,unknown,unknown,unknown,unknown,unknown,,22.1258888;22.1194248;22.1180477;22.1170235;22.1159992;22.1129284;22.1139526;22.1170235;22.1200962;22.1149769;22.1221447;22.1170235;22.119072;22.1159992;22.1149769;22.1200962;22.1211205;22.1180477;22.1211205;22.1159992,20,22.118048095703124,0.0031293452310034,22.11292839050293,22.12588882446289,passed,0,0.0,1.2516975402832031e-06,4.4703483581542975e-08,6.233127351151779e-06,8.390862603846472e-06,6.233127351151779e-06,8.390862603846472e-06,131072,0,full_state,passed,,22.11753559112549,,,,,,,1.0,,,,1.0
tilespmspv_cudagraph,uniform,NVIDIA GeForce RTX 5090,2.11.0+cu128,12.8,default,0.15,,,,,,321dacbc07d5697c,2,131072,256,1,16777216,128.0,uniform,2,128,0.0,0.0,0.0,128.0,128.0,0.2,0.2001886367797851,26239.125,45416.0,67385,3358608.0,5813248.0,8625280,0.4800391808534279,0.480039180853428,0.4386576013867944,2.5681115509758805,sampled_16_timesteps_max_2048_sources,converged,8.10546875,0.2,0.2001886367797851,0.0001886367797851,True,12,SpMV,CUSPARSE_SPMV_ALG_DEFAULT,,,torch_cuda_event_cudagraph_replay,gpu_execution,full_rsnn,device_adapted,independent_inference,sparse_only,"(256, 1, 131072)","(256, 1, 131072)",131072,131072,1,1,BN,spmspv_csc_dense_device,spmspv_csc_dense_device,none,False,False,True,0,torch.int64,torch.float32,torch.float32,dense_device,,,False,False,False,False,False,True,1.0,524288,338165768,338165768,0,0,False,unknown,unknown,unknown,unknown,unknown,,8.2596159;8.24924755;8.24886417;8.2571516;8.25731182;8.26111984;8.26121616;8.26534367;8.26553631;8.26316833;8.26080036;8.26128006;8.26128006;8.25923157;8.25718403;8.25820827;8.26739216;8.25923157;8.2633276;8.26128006,20,8.259889554977416,0.0046477841740149,8.24886417388916,8.2673921585083,passed,0,0.0,2.86102294921875e-06,1.043081283569336e-07,1.3880319784220774e-05,1.9383287508389916e-05,1.3880319784220774e-05,1.9383287508389916e-05,131072,0,full_state,passed,,8.260960102081299,,,,,,,,,,,2.6773565442536285
globalatomic_cudagraph,uniform,NVIDIA GeForce RTX 5090,2.11.0+cu128,12.8,default,0.15,,,,,,321dacbc07d5697c,2,131072,256,1,16777216,128.0,uniform,2,128,0.0,0.0,0.0,128.0,128.0,0.2,0.2001886367797851,26239.125,45416.0,67385,3358608.0,5813248.0,8625280,0.4800391808534279,0.480039180853428,0.4386576013867944,2.5681115509758805,sampled_16_timesteps_max_2048_sources,converged,8.10546875,0.2,0.2001886367797851,0.0001886367797851,True,12,SpMV,CUSPARSE_SPMV_ALG_DEFAULT,,,torch_cuda_event_cudagraph_replay,gpu_execution,full_rsnn,device_adapted,independent_inference,sparse_only,"(256, 1, 131072)","(256, 1, 131072)",131072,131072,1,1,BN,spmspv_csc_dense_device,spmspv_csc_dense_device,none,False,False,True,0,torch.int64,torch.float32,torch.float32,dense_device,,,False,False,False,False,False,True,1.0,524288,338165768,338165768,0,0,False,unknown,unknown,unknown,unknown,unknown,,14.8160324;14.7290878;14.7252483;14.728096;14.725152;14.7254076;14.7253437;14.7232962;14.7252483;14.7274561;14.7213116;14.7237444;14.7257919;14.733984;14.7257919;14.7257919;14.7257919;14.7257919;14.7257605;14.7278404,20,14.730598449707031,0.0202658435792481,14.721311569213867,14.816032409667969,passed,0,0.0,2.86102294921875e-06,1.043081283569336e-07,1.3880319784220774e-05,1.9383287508389916e-05,1.3880319784220774e-05,1.9383287508389916e-05,131072,0,full_state,passed,,14.725791931152344,,,,,,,,,,,1.5019589910363969
vdha_cudagraph,uniform,NVIDIA GeForce RTX 5090,2.11.0+cu128,12.8,default,0.15,,,,,,321dacbc07d5697c,2,131072,256,1,16777216,128.0,uniform,2,128,0.0,0.0,0.0,128.0,128.0,0.2,0.2001886367797851,26239.125,45416.0,67385,3358608.0,5813248.0,8625280,0.4800391808534279,0.480039180853428,0.4386576013867944,2.5681115509758805,sampled_16_timesteps_max_2048_sources,converged,8.10546875,0.2,0.2001886367797851,0.0001886367797851,True,12,SpMV,CUSPARSE_SPMV_ALG_DEFAULT,,,torch_cuda_event_cudagraph_replay,gpu_execution,full_rsnn,device_adapted,independent_inference,sparse_only,"(256, 1, 131072)","(256, 1, 131072)",131072,131072,1,1,BN,spmspv_csc_dense_device,spmspv_csc_dense_device,none,False,False,True,0,torch.int64,torch.float32,torch.float32,dense_device,,,False,False,False,False,False,True,1.0,524288,338165768,338165768,0,0,False,unknown,unknown,unknown,unknown,unknown,,12.8000956;12.7791681;12.7811203;12.7832317;12.7846718;12.7765436;12.7831364;12.7812796;12.7845764;12.7865915;12.7856321;12.7729282;12.7791357;12.7828484;12.7771196;12.7750721;12.7730236;12.7812157;12.7853117;12.7730236,20,12.78128628730774,0.0062533098631725,12.77292823791504,12.800095558166504,passed,0,0.0,1.9073486328125e-06,7.450580596923828e-08,9.141704140347429e-06,1.393611091771163e-05,9.141704140347429e-06,1.393611091771163e-05,131072,0,full_state,passed,,12.781247615814207,,,,,,,,,,,1.730467655110563
persistent_spike_block,uniform,NVIDIA GeForce RTX 5090,2.11.0+cu128,12.8,default,0.15,,,,,,321dacbc07d5697c,2,131072,256,1,16777216,128.0,uniform,2,128,0.0,0.0,0.0,128.0,128.0,0.2,0.2001886367797851,26239.125,45416.0,67385,3358608.0,5813248.0,8625280,0.4800391808534279,0.480039180853428,0.4386576013867944,2.5681115509758805,sampled_16_timesteps_max_2048_sources,converged,8.10546875,0.2,0.2001886367797851,0.0001886367797851,True,12,SpMV,CUSPARSE_SPMV_ALG_DEFAULT,,,torch_cuda_event,gpu_execution,full_rsnn,device_native,independent_inference,full_fusion,"(256, 1, 131072)","(256, 1, 131072)",131072,131072,1,1,BN,event_csr,event_csr,dense_to_events_precomputed,False,True,True,0,torch.int32,torch.float32,torch.float32,windowed_events,,,False,False,False,False,False,False,1.0,3719184,137133800,137133800,0,0,False,unknown,unknown,unknown,unknown,unknown,,9.34553623;9.29942417;9.2917757;9.29331207;9.29577637;9.29929638;9.29587173;9.29887962;9.29894447;9.29625607;9.30099201;9.2998724;9.29484844;9.29836845;9.2970562;9.29939175;9.29801559;9.30547237;9.3040638;9.2938242,20,9.300348901748658,0.0111528907880906,9.291775703430176,9.345536231994627,passed,0,0.0,2.86102294921875e-06,1.4901161193847656e-07,1.3432203559204936e-05,2.7632440833258443e-05,1.3432203559204936e-05,2.7632440833258443e-05,131072,0,full_state,passed,,9.298624038696287,,,,,,,2.378581551322347,,,,2.378581551322347
