provider,dataset,gpu,torch_version,cuda_version,connectome_root,weight_scale,microns_variant,multiarea_n_scaling,multiarea_k_scaling,multiarea_seed,multiarea_max_nnz,workload_id,input_seed,n_neuron,t_steps,batch_size,graph_synapses,average_fanout,graph_type,graph_seed,graph_max_fanout,graph_fanout_std,graph_fanout_cv,graph_fanout_gini,graph_p95_fanout,graph_p99_fanout,timestep_ms,external_event_rate,requested_activity,measured_activity,requested_firing_rate_hz,measured_firing_rate_hz,mean_active_neurons,p95_active_neurons,max_active_neurons,mean_active_edges,p95_active_edges,max_active_edges,mean_collision_ratio,p95_collision_ratio,temporal_cv,burst_factor,collision_method,calibration_status,calibration_input_amplitude,calibration_target_activity,calibration_measured_activity,calibration_activity_error,calibration_stable,calibration_iterations,direct_cusparse_primitive,direct_cusparse_algorithm,framework_version,build_time_s,timing_method,timing_scope,benchmark_mode,execution_class,state_semantics,fusion_level,logical_shape,physical_shape,logical_n,physical_n,logical_batch,physical_batch,input_layout,operator_layout,required_layout,layout_transform_mode,layout_transform_in_timing,need_layout_transform,input_contiguous,input_address_mod,index_dtype,value_dtype,compute_dtype,spike_representation,selected_kernels,selector_model,uses_host_control,uses_internal_sync,uses_d2h,uses_h2d,allocates_during_run,graph_capturable,padding_ratio,workspace_bytes,total_prepared_bytes,persistent_bytes,run_allocated_bytes,run_reserved_delta,profiler_audited,profiler_cuda_malloc,profiler_cuda_free,profiler_d2h,profiler_h2d,profiler_internal_sync,profiler_unexpected_alloc_ops,latency_samples_ms,sample_count,latency_mean_ms,latency_std_ms,latency_min_ms,latency_max_ms,status,spike_mismatches,spike_mismatch_rate,v_max_abs_diff,psc_max_abs_diff,v_max_normalized_error,psc_max_normalized_error,v_compared_max_normalized_error,psc_compared_max_normalized_error,state_compared_neurons,state_excluded_neurons,correctness_mode,correctness_status,status_detail,latency_ms,speedup_vs_dense_eager,speedup_vs_dense_cudagraph,speedup_vs_csr_eager,speedup_vs_csr_host_e2e,speedup_vs_csr_cudagraph,speedup_vs_cusparse_direct_eager,speedup_vs_cusparse_direct_cudagraph,speedup_vs_genn,speedup_vs_brian2cuda,speedup_vs_same_eager,activity_sweep_speedup_vs_cusparse
cusparse_direct_cudagraph,flybrain,NVIDIA GeForce RTX 5090,2.11.0+cu128,12.8,default,0.00038162477337341094,,,,,,84156b34b4ba481b,0,138639,256,1,15091983,108.85813515677407,flybrain,0,9783,163.19999046318512,1.499198844699568,0.4816346156348125,288.0,599.6199999999953,1.0,0.0,0.0,0.0,0.0,0.0,0.0,0.0,0,0.0,0.0,0,0.0,0.0,0.0,0.0,sampled_16_timesteps_max_2048_sources,converged,50.0,0.0,0.0,0.0,True,20,SpMV,CUSPARSE_SPMV_ALG_DEFAULT,,nan,torch_cuda_event,gpu_execution,full_rsnn,device_native,independent_inference,sparse_only,"(256, 1, 138639)","(256, 1, 138639)",138639,138639,1,1,BN,csr_post_by_pre,csr_post_by_pre,none,False,False,True,0,torch.int32,torch.float32,torch.float32,dense,,,False,False,False,False,False,True,1.0,58960,406886764,406886764,0,0,False,unknown,unknown,unknown,unknown,unknown,,41.8368301;41.7759361;41.7931519;41.7931519;41.7972488;41.7869759;41.7972488;41.805439;41.8156815;41.7911034;41.7521935;41.7532158;41.8320656;41.8955536;41.9057922;41.8832626;41.8566399;41.8484497;41.8894081;41.8402557,20,41.82248020172119,0.046105659895868324,41.752193450927734,41.905792236328125,passed,0,0.0,0.0,0.0,0.0,0.0,0.0,0.0,138639,0,full_state,passed,,41.81056022644043,nan,nan,nan,nan,nan,nan,1.0,nan,nan,nan,1.0
tilespmspv_cudagraph,flybrain,NVIDIA GeForce RTX 5090,2.11.0+cu128,12.8,default,0.00038162477337341094,,,,,,84156b34b4ba481b,0,138639,256,1,15091983,108.85813515677407,flybrain,0,9783,163.19999046318512,1.499198844699568,0.4816346156348125,288.0,599.6199999999953,1.0,0.0,0.0,0.0,0.0,0.0,0.0,0.0,0,0.0,0.0,0,0.0,0.0,0.0,0.0,sampled_16_timesteps_max_2048_sources,converged,50.0,0.0,0.0,0.0,True,20,SpMV,CUSPARSE_SPMV_ALG_DEFAULT,,nan,torch_cuda_event_cudagraph_replay,gpu_execution,full_rsnn,device_adapted,independent_inference,sparse_only,"(256, 1, 138639)","(256, 1, 138639)",138639,138639,1,1,BN,spmspv_csc_dense_device,spmspv_csc_dense_device,none,False,False,True,0,torch.int64,torch.float32,torch.float32,dense_device,,,False,False,False,False,False,True,1.0,554556,325842920,325842920,0,0,False,unknown,unknown,unknown,unknown,unknown,,6.3928318;6.37955189;6.37811184;6.38015985;6.37820816;6.38012791;6.37811184;6.38022423;6.37811184;6.37804794;6.37769604;6.38220787;6.38220787;6.37811184;6.38220787;6.38012791;6.38015985;6.38015985;6.3801918;6.37814379,20,6.380235099792481,0.003313502125991429,6.3776960372924805,6.392831802368164,passed,0,0.0,0.0,0.0,0.0,0.0,0.0,0.0,138639,0,full_state,passed,,6.380127906799316,nan,nan,nan,nan,nan,nan,nan,nan,nan,nan,6.553247965747336
globalatomic_cudagraph,flybrain,NVIDIA GeForce RTX 5090,2.11.0+cu128,12.8,default,0.00038162477337341094,,,,,,84156b34b4ba481b,0,138639,256,1,15091983,108.85813515677407,flybrain,0,9783,163.19999046318512,1.499198844699568,0.4816346156348125,288.0,599.6199999999953,1.0,0.0,0.0,0.0,0.0,0.0,0.0,0.0,0,0.0,0.0,0,0.0,0.0,0.0,0.0,sampled_16_timesteps_max_2048_sources,converged,50.0,0.0,0.0,0.0,True,20,SpMV,CUSPARSE_SPMV_ALG_DEFAULT,,nan,torch_cuda_event_cudagraph_replay,gpu_execution,full_rsnn,device_adapted,independent_inference,sparse_only,"(256, 1, 138639)","(256, 1, 138639)",138639,138639,1,1,BN,spmspv_csc_dense_device,spmspv_csc_dense_device,none,False,False,True,0,torch.int64,torch.float32,torch.float32,dense_device,,,False,False,False,False,False,True,1.0,554556,325842920,325842920,0,0,False,unknown,unknown,unknown,unknown,unknown,,11.3281918;11.3134079;11.3082876;11.3137922;11.3214722;11.3328638;11.3338556;11.3271999;11.3316164;11.3318396;11.32864;11.3240318;11.3230076;11.3281279;11.3260803;11.3291521;11.3281279;11.3271036;11.3260803;11.3281279,20,11.325550317764282,0.006739649870717485,11.308287620544434,11.333855628967285,passed,0,0.0,0.0,0.0,0.0,0.0,0.0,0.0,138639,0,full_state,passed,,11.327663898468018,nan,nan,nan,nan,nan,nan,nan,nan,nan,nan,3.6910134870875715
vdha_cudagraph,flybrain,NVIDIA GeForce RTX 5090,2.11.0+cu128,12.8,default,0.00038162477337341094,,,,,,84156b34b4ba481b,0,138639,256,1,15091983,108.85813515677407,flybrain,0,9783,163.19999046318512,1.499198844699568,0.4816346156348125,288.0,599.6199999999953,1.0,0.0,0.0,0.0,0.0,0.0,0.0,0.0,0,0.0,0.0,0,0.0,0.0,0.0,0.0,sampled_16_timesteps_max_2048_sources,converged,50.0,0.0,0.0,0.0,True,20,SpMV,CUSPARSE_SPMV_ALG_DEFAULT,,nan,torch_cuda_event_cudagraph_replay,gpu_execution,full_rsnn,device_adapted,independent_inference,sparse_only,"(256, 1, 138639)","(256, 1, 138639)",138639,138639,1,1,BN,spmspv_csc_dense_device,spmspv_csc_dense_device,none,False,False,True,0,torch.int64,torch.float32,torch.float32,dense_device,,,False,False,False,False,False,True,1.0,554556,325842920,325842920,0,0,False,unknown,unknown,unknown,unknown,unknown,,6.72416019;6.6562562;6.65254402;6.65267181;6.64995193;6.65094423;6.65043211;6.65251207;6.65049601;6.65052795;6.65593576;6.64694405;6.64982414;6.6520319;6.65254402;6.65052795;6.65254402;6.6515522;6.64847994;6.65049601,20,6.655068826675415,0.01640516822293862,6.646944046020508,6.724160194396973,passed,0,0.0,0.0,0.0,0.0,0.0,0.0,0.0,138639,0,full_state,passed,,6.651248216629028,nan,nan,nan,nan,nan,nan,nan,nan,nan,nan,6.286122373528073
persistent_spike_block,flybrain,NVIDIA GeForce RTX 5090,2.11.0+cu128,12.8,default,0.00038162477337341094,,,,,,84156b34b4ba481b,0,138639,256,1,15091983,108.85813515677407,flybrain,0,9783,163.19999046318512,1.499198844699568,0.4816346156348125,288.0,599.6199999999953,1.0,0.0,0.0,0.0,0.0,0.0,0.0,0.0,0,0.0,0.0,0,0.0,0.0,0.0,0.0,sampled_16_timesteps_max_2048_sources,converged,50.0,0.0,0.0,0.0,True,20,SpMV,CUSPARSE_SPMV_ALG_DEFAULT,,nan,torch_cuda_event,gpu_execution,full_rsnn,device_native,independent_inference,full_fusion,"(256, 1, 138639)","(256, 1, 138639)",138639,138639,1,1,BN,event_csr,event_csr,dense_to_events_precomputed,False,True,True,0,torch.int32,torch.float32,torch.float32,windowed_events,,,False,False,False,False,False,False,1.0,3685120,122400564,122400564,0,0,False,unknown,unknown,unknown,unknown,unknown,,2.13270402;2.08073592;2.07849598;2.08323193;2.07872009;2.08166409;2.08076811;2.08019209;2.07878399;2.08076811;2.07881594;2.08432007;2.08076811;2.08422399;2.08070397;2.08422399;2.08076811;2.08220792;2.08076811;2.0848639,20,2.083886420726776,0.011658580209264734,2.078495979309082,2.132704019546509,passed,0,0.0,0.0,0.0,0.0,0.0,0.0,0.0,138639,0,full_state,passed,,2.08076810836792,nan,nan,nan,nan,nan,nan,20.093810578073082,nan,nan,nan,20.093810578073082
cusparse_direct_cudagraph,flybrain,NVIDIA GeForce RTX 5090,2.11.0+cu128,12.8,default,0.00038162477337341094,,,,,,8253bed5efd6fe5c,0,138639,256,1,15091983,108.85813515677407,flybrain,0,9783,163.19999046318512,1.499198844699568,0.4816346156348125,288.0,599.6199999999953,1.0,0.0001,0.0001,9.999553697011664e-05,0.1,0.09999553697011664,13.86328125,14.0,14,1500.18359375,2374.0,4761,0.0186534475135465,0.0186534475135465,0.024781304246317287,1.009861932938856,sampled_16_timesteps_max_2048_sources,converged,1.5625,0.0001,9.999553731177002e-05,4.462688229982877e-09,True,20,SpMV,CUSPARSE_SPMV_ALG_DEFAULT,,nan,torch_cuda_event,gpu_execution,full_rsnn,device_native,independent_inference,sparse_only,"(256, 1, 138639)","(256, 1, 138639)",138639,138639,1,1,BN,csr_post_by_pre,csr_post_by_pre,none,False,False,True,0,torch.int32,torch.float32,torch.float32,dense,,,False,False,False,False,False,True,1.0,58960,406886764,406886764,0,0,False,unknown,unknown,unknown,unknown,unknown,,41.9440956;41.8832016;41.8975983;41.877121;41.877121;41.8504944;41.8484497;41.8423042;41.8320656;41.8525429;41.8341103;41.8627853;41.8627853;41.8648338;41.8545265;41.8443527;41.8525429;41.8545914;41.8464317;41.8740463,20,41.86280002593994,0.025419150499813543,41.83206558227539,41.944095611572266,passed,0,0.0,5.960464477539063e-08,1.862645149230957e-09,2.967920806895563e-07,3.697212491715618e-07,2.967920806895563e-07,3.697212491715618e-07,138639,0,full_state,passed,,41.85455894470215,nan,nan,nan,nan,nan,nan,1.0,nan,nan,nan,1.0
tilespmspv_cudagraph,flybrain,NVIDIA GeForce RTX 5090,2.11.0+cu128,12.8,default,0.00038162477337341094,,,,,,8253bed5efd6fe5c,0,138639,256,1,15091983,108.85813515677407,flybrain,0,9783,163.19999046318512,1.499198844699568,0.4816346156348125,288.0,599.6199999999953,1.0,0.0001,0.0001,9.999553697011664e-05,0.1,0.09999553697011664,13.86328125,14.0,14,1500.18359375,2374.0,4761,0.0186534475135465,0.0186534475135465,0.024781304246317287,1.009861932938856,sampled_16_timesteps_max_2048_sources,converged,1.5625,0.0001,9.999553731177002e-05,4.462688229982877e-09,True,20,SpMV,CUSPARSE_SPMV_ALG_DEFAULT,,nan,torch_cuda_event_cudagraph_replay,gpu_execution,full_rsnn,device_adapted,independent_inference,sparse_only,"(256, 1, 138639)","(256, 1, 138639)",138639,138639,1,1,BN,spmspv_csc_dense_device,spmspv_csc_dense_device,none,False,False,True,0,torch.int64,torch.float32,torch.float32,dense_device,,,False,False,False,False,False,True,1.0,554556,325842920,325842920,0,0,False,unknown,unknown,unknown,unknown,unknown,,6.52307177;6.51299191;6.51254416;6.51340818;6.50707197;6.51350403;6.51046419;6.51488018;6.5112319;6.51372814;6.51260805;6.51331186;6.50713587;6.50713587;6.50915194;6.50921583;6.5112319;6.51532793;6.50921583;6.51228809,20,6.511975979804992,0.0036374268632386763,6.5070719718933105,6.523071765899658,passed,0,0.0,7.450580596923828e-09,0.0,3.7230325489190363e-08,0.0,3.7230325489190363e-08,0.0,138639,0,full_state,passed,,6.512416124343872,nan,nan,nan,nan,nan,nan,nan,nan,nan,nan,6.426886449753548
globalatomic_cudagraph,flybrain,NVIDIA GeForce RTX 5090,2.11.0+cu128,12.8,default,0.00038162477337341094,,,,,,8253bed5efd6fe5c,0,138639,256,1,15091983,108.85813515677407,flybrain,0,9783,163.19999046318512,1.499198844699568,0.4816346156348125,288.0,599.6199999999953,1.0,0.0001,0.0001,9.999553697011664e-05,0.1,0.09999553697011664,13.86328125,14.0,14,1500.18359375,2374.0,4761,0.0186534475135465,0.0186534475135465,0.024781304246317287,1.009861932938856,sampled_16_timesteps_max_2048_sources,converged,1.5625,0.0001,9.999553731177002e-05,4.462688229982877e-09,True,20,SpMV,CUSPARSE_SPMV_ALG_DEFAULT,,nan,torch_cuda_event_cudagraph_replay,gpu_execution,full_rsnn,device_adapted,independent_inference,sparse_only,"(256, 1, 138639)","(256, 1, 138639)",138639,138639,1,1,BN,spmspv_csc_dense_device,spmspv_csc_dense_device,none,False,False,True,0,torch.int64,torch.float32,torch.float32,dense_device,,,False,False,False,False,False,True,1.0,554556,325842920,325842920,0,0,False,unknown,unknown,unknown,unknown,unknown,,11.3305922;11.3176317;11.3189116;11.3241596;11.3342075;11.3394556;11.3423996;11.3395519;11.3342724;11.3392639;11.3377924;11.3363523;11.3353281;11.3363199;11.3332481;11.3342724;11.3342724;11.3373442;11.3383999;11.3373756,20,11.334057569503784,0.006619912461185893,11.317631721496582,11.342399597167969,passed,0,0.0,7.450580596923828e-09,0.0,3.7230325489190363e-08,0.0,3.7230325489190363e-08,0.0,138639,0,full_state,passed,,11.335824012756348,nan,nan,nan,nan,nan,nan,nan,nan,nan,nan,3.6922378909202083
vdha_cudagraph,flybrain,NVIDIA GeForce RTX 5090,2.11.0+cu128,12.8,default,0.00038162477337341094,,,,,,8253bed5efd6fe5c,0,138639,256,1,15091983,108.85813515677407,flybrain,0,9783,163.19999046318512,1.499198844699568,0.4816346156348125,288.0,599.6199999999953,1.0,0.0001,0.0001,9.999553697011664e-05,0.1,0.09999553697011664,13.86328125,14.0,14,1500.18359375,2374.0,4761,0.0186534475135465,0.0186534475135465,0.024781304246317287,1.009861932938856,sampled_16_timesteps_max_2048_sources,converged,1.5625,0.0001,9.999553731177002e-05,4.462688229982877e-09,True,20,SpMV,CUSPARSE_SPMV_ALG_DEFAULT,,nan,torch_cuda_event_cudagraph_replay,gpu_execution,full_rsnn,device_adapted,independent_inference,sparse_only,"(256, 1, 138639)","(256, 1, 138639)",138639,138639,1,1,BN,spmspv_csc_dense_device,spmspv_csc_dense_device,none,False,False,True,0,torch.int64,torch.float32,torch.float32,dense_device,,,False,False,False,False,False,True,1.0,554556,325842920,325842920,0,0,False,unknown,unknown,unknown,unknown,unknown,,10.0848961;10.0743361;10.072608;10.0686722;10.0655041;10.0706558;10.0707836;10.0679045;10.0707521;10.0676804;10.0747843;10.0725756;10.062624;10.0658236;10.0757761;10.0706882;10.0686398;10.0706558;10.0645437;10.0676165,20,10.070376014709472,0.004871873257925539,10.062623977661133,10.084896087646484,passed,0,0.0,0.0,0.0,0.0,0.0,0.0,0.0,138639,0,full_state,passed,,10.070655822753906,nan,nan,nan,nan,nan,nan,nan,nan,nan,nan,4.156090693729682
persistent_spike_block,flybrain,NVIDIA GeForce RTX 5090,2.11.0+cu128,12.8,default,0.00038162477337341094,,,,,,8253bed5efd6fe5c,0,138639,256,1,15091983,108.85813515677407,flybrain,0,9783,163.19999046318512,1.499198844699568,0.4816346156348125,288.0,599.6199999999953,1.0,0.0001,0.0001,9.999553697011664e-05,0.1,0.09999553697011664,13.86328125,14.0,14,1500.18359375,2374.0,4761,0.0186534475135465,0.0186534475135465,0.024781304246317287,1.009861932938856,sampled_16_timesteps_max_2048_sources,converged,1.5625,0.0001,9.999553731177002e-05,4.462688229982877e-09,True,20,SpMV,CUSPARSE_SPMV_ALG_DEFAULT,,nan,torch_cuda_event,gpu_execution,full_rsnn,device_native,independent_inference,full_fusion,"(256, 1, 138639)","(256, 1, 138639)",138639,138639,1,1,BN,event_csr,event_csr,dense_to_events_precomputed,False,True,True,0,torch.int32,torch.float32,torch.float32,windowed_events,,,False,False,False,False,False,False,1.0,3685120,122414760,122414760,0,0,False,unknown,unknown,unknown,unknown,unknown,,3.13107204;3.09401608;3.09356809;3.09203196;3.08940792;3.09430408;3.09158397;3.09363198;3.09350395;3.09545588;3.09360003;3.09961605;3.09756804;3.09113598;3.09366393;3.0995841;3.09344006;3.09814405;3.09247994;3.09552002,20,3.0961664080619813,0.00864530406397364,3.0894079208374023,3.1310720443725586,passed,0,0.0,5.960464477539063e-08,3.725290298461914e-09,2.967920806895563e-07,7.38692563118093e-07,2.967920806895563e-07,7.38692563118093e-07,138639,0,full_state,passed,,3.0936479568481445,nan,nan,nan,nan,nan,nan,13.529192567645676,nan,nan,nan,13.529192567645676
cusparse_direct_cudagraph,flybrain,NVIDIA GeForce RTX 5090,2.11.0+cu128,12.8,default,0.00038162477337341094,,,,,,0e41e878f98a94c4,0,138639,256,1,15091983,108.85813515677407,flybrain,0,9783,163.19999046318512,1.499198844699568,0.4816346156348125,288.0,599.6199999999953,1.0,0.0002,0.0002,0.00019999107394023328,0.2,0.19999107394023327,27.7265625,28.0,28,3023.03125,4383.0,7144,0.03238794191452797,0.03238794191452796,0.016075685348656988,1.009861932938856,sampled_16_timesteps_max_2048_sources,converged,1.5625,0.0002,0.00019999107462354004,8.925376459965753e-09,True,20,SpMV,CUSPARSE_SPMV_ALG_DEFAULT,,nan,torch_cuda_event,gpu_execution,full_rsnn,device_native,independent_inference,sparse_only,"(256, 1, 138639)","(256, 1, 138639)",138639,138639,1,1,BN,csr_post_by_pre,csr_post_by_pre,none,False,False,True,0,torch.int32,torch.float32,torch.float32,dense,,,False,False,False,False,False,True,1.0,58960,406886764,406886764,0,0,False,unknown,unknown,unknown,unknown,unknown,,41.7723198;41.835968;41.8811836;41.8586578;41.8607368;41.8791695;41.8648338;41.8832626;41.8709755;41.8996811;41.873024;41.8791695;41.8504944;41.8607368;41.873024;41.8566399;41.8668785;41.8812141;41.8627853;41.8668785,20,41.86388168334961,0.025550222343617646,41.77231979370117,41.899681091308594,passed,0,0.0,5.960464477539063e-08,3.725290298461914e-09,2.970608079522208e-07,7.367522698586981e-07,2.970608079522208e-07,7.367522698586981e-07,138639,0,full_state,passed,,41.866878509521484,nan,nan,nan,nan,nan,nan,1.0,nan,nan,nan,1.0
tilespmspv_cudagraph,flybrain,NVIDIA GeForce RTX 5090,2.11.0+cu128,12.8,default,0.00038162477337341094,,,,,,0e41e878f98a94c4,0,138639,256,1,15091983,108.85813515677407,flybrain,0,9783,163.19999046318512,1.499198844699568,0.4816346156348125,288.0,599.6199999999953,1.0,0.0002,0.0002,0.00019999107394023328,0.2,0.19999107394023327,27.7265625,28.0,28,3023.03125,4383.0,7144,0.03238794191452797,0.03238794191452796,0.016075685348656988,1.009861932938856,sampled_16_timesteps_max_2048_sources,converged,1.5625,0.0002,0.00019999107462354004,8.925376459965753e-09,True,20,SpMV,CUSPARSE_SPMV_ALG_DEFAULT,,nan,torch_cuda_event_cudagraph_replay,gpu_execution,full_rsnn,device_adapted,independent_inference,sparse_only,"(256, 1, 138639)","(256, 1, 138639)",138639,138639,1,1,BN,spmspv_csc_dense_device,spmspv_csc_dense_device,none,False,False,True,0,torch.int64,torch.float32,torch.float32,dense_device,,,False,False,False,False,False,True,1.0,554556,325842920,325842920,0,0,False,unknown,unknown,unknown,unknown,unknown,,6.599648;6.58038378;6.58444786;6.58652782;6.58505583;6.58297586;6.58697605;6.58806419;6.58438396;6.58319998;6.58623981;6.58294392;6.58499193;6.58492804;6.58185577;6.587008;6.58294392;6.58499193;6.58294392;6.58499193,20,6.58527512550354,0.0038808277734251636,6.580383777618408,6.5996479988098145,passed,0,0.0,5.960464477539063e-08,3.725290298461914e-09,2.9610595220219693e-07,7.311637091333978e-07,2.9610595220219693e-07,7.311637091333978e-07,138639,0,full_state,passed,,6.584959983825684,nan,nan,nan,nan,nan,nan,nan,nan,nan,nan,6.357954886947994
globalatomic_cudagraph,flybrain,NVIDIA GeForce RTX 5090,2.11.0+cu128,12.8,default,0.00038162477337341094,,,,,,0e41e878f98a94c4,0,138639,256,1,15091983,108.85813515677407,flybrain,0,9783,163.19999046318512,1.499198844699568,0.4816346156348125,288.0,599.6199999999953,1.0,0.0002,0.0002,0.00019999107394023328,0.2,0.19999107394023327,27.7265625,28.0,28,3023.03125,4383.0,7144,0.03238794191452797,0.03238794191452796,0.016075685348656988,1.009861932938856,sampled_16_timesteps_max_2048_sources,converged,1.5625,0.0002,0.00019999107462354004,8.925376459965753e-09,True,20,SpMV,CUSPARSE_SPMV_ALG_DEFAULT,,nan,torch_cuda_event_cudagraph_replay,gpu_execution,full_rsnn,device_adapted,independent_inference,sparse_only,"(256, 1, 138639)","(256, 1, 138639)",138639,138639,1,1,BN,spmspv_csc_dense_device,spmspv_csc_dense_device,none,False,False,True,0,torch.int64,torch.float32,torch.float32,dense_device,,,False,False,False,False,False,True,1.0,554556,325842920,325842920,0,0,False,unknown,unknown,unknown,unknown,unknown,,11.3582077;11.3487682;11.3414717;11.3439035;11.343648;11.3418884;11.3420162;11.345088;11.3467197;11.3455677;11.339776;11.3465595;11.3455362;11.3404484;11.3455362;11.3424644;11.3465919;11.3434563;11.3424644;11.3475838,20,11.344884824752807,0.003981503035439977,11.339776039123535,11.358207702636719,passed,0,0.0,5.960464477539063e-08,3.725290298461914e-09,2.9610595220219693e-07,7.311637091333978e-07,2.9610595220219693e-07,7.311637091333978e-07,138639,0,full_state,passed,,11.34449577331543,nan,nan,nan,nan,nan,nan,nan,nan,nan,nan,3.690501486015882
vdha_cudagraph,flybrain,NVIDIA GeForce RTX 5090,2.11.0+cu128,12.8,default,0.00038162477337341094,,,,,,0e41e878f98a94c4,0,138639,256,1,15091983,108.85813515677407,flybrain,0,9783,163.19999046318512,1.499198844699568,0.4816346156348125,288.0,599.6199999999953,1.0,0.0002,0.0002,0.00019999107394023328,0.2,0.19999107394023327,27.7265625,28.0,28,3023.03125,4383.0,7144,0.03238794191452797,0.03238794191452796,0.016075685348656988,1.009861932938856,sampled_16_timesteps_max_2048_sources,converged,1.5625,0.0002,0.00019999107462354004,8.925376459965753e-09,True,20,SpMV,CUSPARSE_SPMV_ALG_DEFAULT,,nan,torch_cuda_event_cudagraph_replay,gpu_execution,full_rsnn,device_adapted,independent_inference,sparse_only,"(256, 1, 138639)","(256, 1, 138639)",138639,138639,1,1,BN,spmspv_csc_dense_device,spmspv_csc_dense_device,none,False,False,True,0,torch.int64,torch.float32,torch.float32,dense_device,,,False,False,False,False,False,True,1.0,554556,325842920,325842920,0,0,False,unknown,unknown,unknown,unknown,unknown,,11.2752323;11.2525759;11.2533436;11.2482882;11.2544317;11.2472324;11.2482243;11.2559357;11.2528963;11.2524481;11.2543364;11.2513599;11.2564802;11.2568321;11.2544317;11.2503042;11.2575045;11.2482882;11.2482557;11.251296,20,11.253484869003296,0.00601586567452789,11.247232437133789,11.275232315063477,passed,0,0.0,5.960464477539063e-08,3.725290298461914e-09,2.9610595220219693e-07,7.311637091333978e-07,2.9610595220219693e-07,7.311637091333978e-07,138639,0,full_state,passed,,11.25273609161377,nan,nan,nan,nan,nan,nan,nan,nan,nan,nan,3.7205954328497275
persistent_spike_block,flybrain,NVIDIA GeForce RTX 5090,2.11.0+cu128,12.8,default,0.00038162477337341094,,,,,,0e41e878f98a94c4,0,138639,256,1,15091983,108.85813515677407,flybrain,0,9783,163.19999046318512,1.499198844699568,0.4816346156348125,288.0,599.6199999999953,1.0,0.0002,0.0002,0.00019999107394023328,0.2,0.19999107394023327,27.7265625,28.0,28,3023.03125,4383.0,7144,0.03238794191452797,0.03238794191452796,0.016075685348656988,1.009861932938856,sampled_16_timesteps_max_2048_sources,converged,1.5625,0.0002,0.00019999107462354004,8.925376459965753e-09,True,20,SpMV,CUSPARSE_SPMV_ALG_DEFAULT,,nan,torch_cuda_event,gpu_execution,full_rsnn,device_native,independent_inference,full_fusion,"(256, 1, 138639)","(256, 1, 138639)",138639,138639,1,1,BN,event_csr,event_csr,dense_to_events_precomputed,False,True,True,0,torch.int32,torch.float32,torch.float32,windowed_events,,,False,False,False,False,False,False,1.0,3685120,122428956,122428956,0,0,False,unknown,unknown,unknown,unknown,unknown,,3.40307212;3.34828806;3.35036802;3.35865593;3.35472012;3.35651207;3.35164809;3.35142398;3.35139203;3.35001612;3.34960008;3.35302401;3.35270405;3.35055995;3.35548806;3.35136008;3.34652805;3.35619211;3.35360003;3.35360003,20,3.3549376487731934,0.011706088615566747,3.3465280532836914,3.4030721187591553,passed,0,0.0,5.960464477539063e-08,1.862645149230957e-09,2.965168448554323e-07,3.7047024648018123e-07,2.965168448554323e-07,3.7047024648018123e-07,138639,0,full_state,passed,,3.352176070213318,nan,nan,nan,nan,nan,nan,12.489462854156482,nan,nan,nan,12.489462854156482
cusparse_direct_cudagraph,flybrain,NVIDIA GeForce RTX 5090,2.11.0+cu128,12.8,default,0.00038162477337341094,,,,,,0d7401c4485640d1,0,138639,256,1,15091983,108.85813515677407,flybrain,0,9783,163.19999046318512,1.499198844699568,0.4816346156348125,288.0,599.6199999999953,1.0,0.0005,0.0005,0.0004999776848505831,0.5,0.49997768485058314,69.31640625,70.0,71,8233.4140625,15856.25,21042,0.07206202524817454,0.07206202524817457,0.013170788345209475,1.0242885319808397,sampled_16_timesteps_max_2048_sources,converged,1.0692596435546875,0.0005,0.0004999776720069349,2.2327993065129198e-08,True,20,SpMV,CUSPARSE_SPMV_ALG_DEFAULT,,nan,torch_cuda_event,gpu_execution,full_rsnn,device_native,independent_inference,sparse_only,"(256, 1, 138639)","(256, 1, 138639)",138639,138639,1,1,BN,csr_post_by_pre,csr_post_by_pre,none,False,False,True,0,torch.int32,torch.float32,torch.float32,dense,,,False,False,False,False,False,True,1.0,58960,406886764,406886764,0,0,False,unknown,unknown,unknown,unknown,unknown,,41.7524147;41.7457924;41.7378578;41.8177261;41.8545914;41.8525429;41.8627853;41.8566399;41.8607368;41.8484154;41.8423042;41.8464012;41.8423042;41.8504944;41.8382072;41.8474579;41.8341103;41.8832626;41.8443527;41.868927,20,41.83436622619629,0.04071102722684449,41.737857818603516,41.883262634277344,passed,0,0.0,2.384185791015625e-07,1.4901161193847656e-08,1.180840172310127e-06,2.8381905394780915e-06,1.180840172310127e-06,2.8381905394780915e-06,138639,0,full_state,passed,,41.8469295501709,nan,nan,nan,nan,nan,nan,1.0,nan,nan,nan,1.0
tilespmspv_cudagraph,flybrain,NVIDIA GeForce RTX 5090,2.11.0+cu128,12.8,default,0.00038162477337341094,,,,,,0d7401c4485640d1,0,138639,256,1,15091983,108.85813515677407,flybrain,0,9783,163.19999046318512,1.499198844699568,0.4816346156348125,288.0,599.6199999999953,1.0,0.0005,0.0005,0.0004999776848505831,0.5,0.49997768485058314,69.31640625,70.0,71,8233.4140625,15856.25,21042,0.07206202524817454,0.07206202524817457,0.013170788345209475,1.0242885319808397,sampled_16_timesteps_max_2048_sources,converged,1.0692596435546875,0.0005,0.0004999776720069349,2.2327993065129198e-08,True,20,SpMV,CUSPARSE_SPMV_ALG_DEFAULT,,nan,torch_cuda_event_cudagraph_replay,gpu_execution,full_rsnn,device_adapted,independent_inference,sparse_only,"(256, 1, 138639)","(256, 1, 138639)",138639,138639,1,1,BN,spmspv_csc_dense_device,spmspv_csc_dense_device,none,False,False,True,0,torch.int64,torch.float32,torch.float32,dense_device,,,False,False,False,False,False,True,1.0,554556,325842920,325842920,0,0,False,unknown,unknown,unknown,unknown,unknown,,6.62911987;6.61737585;6.61580801;6.62374401;6.61772823;6.62182379;6.62703991;6.61910391;6.61974382;6.61977577;6.61718416;6.61977577;6.62083197;6.61772823;6.6198082;6.61568022;6.61977577;6.61772823;6.61977577;6.61878395,20,6.619916772842407,0.0034008227722927757,6.61568021774292,6.629119873046875,passed,0,0.0,5.960464477539063e-08,3.725290298461914e-09,2.95497443403292e-07,7.399612513836473e-07,2.95497443403292e-07,7.399612513836473e-07,138639,0,full_state,passed,,6.619759798049927,nan,nan,nan,nan,nan,nan,nan,nan,nan,nan,6.321517823425908
globalatomic_cudagraph,flybrain,NVIDIA GeForce RTX 5090,2.11.0+cu128,12.8,default,0.00038162477337341094,,,,,,0d7401c4485640d1,0,138639,256,1,15091983,108.85813515677407,flybrain,0,9783,163.19999046318512,1.499198844699568,0.4816346156348125,288.0,599.6199999999953,1.0,0.0005,0.0005,0.0004999776848505831,0.5,0.49997768485058314,69.31640625,70.0,71,8233.4140625,15856.25,21042,0.07206202524817454,0.07206202524817457,0.013170788345209475,1.0242885319808397,sampled_16_timesteps_max_2048_sources,converged,1.0692596435546875,0.0005,0.0004999776720069349,2.2327993065129198e-08,True,20,SpMV,CUSPARSE_SPMV_ALG_DEFAULT,,nan,torch_cuda_event_cudagraph_replay,gpu_execution,full_rsnn,device_adapted,independent_inference,sparse_only,"(256, 1, 138639)","(256, 1, 138639)",138639,138639,1,1,BN,spmspv_csc_dense_device,spmspv_csc_dense_device,none,False,False,True,0,torch.int64,torch.float32,torch.float32,dense_device,,,False,False,False,False,False,True,1.0,554556,325842920,325842920,0,0,False,unknown,unknown,unknown,unknown,unknown,,11.3902082;11.365984;11.3633919;11.3664322;11.3681917;11.3690557;11.3705282;11.3696642;11.367136;11.3701124;11.3685122;11.3701439;11.3670397;11.3711357;11.3660164;11.3711357;11.3680964;11.3711042;11.3711357;11.3680639,20,11.369654417037964,0.00528456682811638,11.363391876220703,11.39020824432373,passed,0,0.0,5.960464477539063e-08,3.725290298461914e-09,2.95497443403292e-07,7.399612513836473e-07,2.95497443403292e-07,7.399612513836473e-07,138639,0,full_state,passed,,11.368783950805664,nan,nan,nan,nan,nan,nan,nan,nan,nan,nan,3.680862415122715
vdha_cudagraph,flybrain,NVIDIA GeForce RTX 5090,2.11.0+cu128,12.8,default,0.00038162477337341094,,,,,,0d7401c4485640d1,0,138639,256,1,15091983,108.85813515677407,flybrain,0,9783,163.19999046318512,1.499198844699568,0.4816346156348125,288.0,599.6199999999953,1.0,0.0005,0.0005,0.0004999776848505831,0.5,0.49997768485058314,69.31640625,70.0,71,8233.4140625,15856.25,21042,0.07206202524817454,0.07206202524817457,0.013170788345209475,1.0242885319808397,sampled_16_timesteps_max_2048_sources,converged,1.0692596435546875,0.0005,0.0004999776720069349,2.2327993065129198e-08,True,20,SpMV,CUSPARSE_SPMV_ALG_DEFAULT,,nan,torch_cuda_event_cudagraph_replay,gpu_execution,full_rsnn,device_adapted,independent_inference,sparse_only,"(256, 1, 138639)","(256, 1, 138639)",138639,138639,1,1,BN,spmspv_csc_dense_device,spmspv_csc_dense_device,none,False,False,True,0,torch.int64,torch.float32,torch.float32,dense_device,,,False,False,False,False,False,True,1.0,554556,325842920,325842920,0,0,False,unknown,unknown,unknown,unknown,unknown,,11.6205759;11.6051197;11.6107836;11.6097918;11.6045761;11.6028795;11.6079359;11.6097279;11.6065922;11.6098881;11.6024637;11.6052485;11.6020164;11.6092157;11.600544;11.6056004;11.6015358;11.6148481;11.6036158;11.6107521,20,11.607185554504394,0.004936181359357558,11.600543975830078,11.620575904846191,passed,0,0.0,5.960464477539063e-08,7.450580596923828e-09,2.95497443403292e-07,1.4565770243279985e-06,2.95497443403292e-07,1.4565770243279985e-06,138639,0,full_state,passed,,11.606096267700195,nan,nan,nan,nan,nan,nan,nan,nan,nan,nan,3.605599039069755
persistent_spike_block,flybrain,NVIDIA GeForce RTX 5090,2.11.0+cu128,12.8,default,0.00038162477337341094,,,,,,0d7401c4485640d1,0,138639,256,1,15091983,108.85813515677407,flybrain,0,9783,163.19999046318512,1.499198844699568,0.4816346156348125,288.0,599.6199999999953,1.0,0.0005,0.0005,0.0004999776848505831,0.5,0.49997768485058314,69.31640625,70.0,71,8233.4140625,15856.25,21042,0.07206202524817454,0.07206202524817457,0.013170788345209475,1.0242885319808397,sampled_16_timesteps_max_2048_sources,converged,1.0692596435546875,0.0005,0.0004999776720069349,2.2327993065129198e-08,True,20,SpMV,CUSPARSE_SPMV_ALG_DEFAULT,,nan,torch_cuda_event,gpu_execution,full_rsnn,device_native,independent_inference,full_fusion,"(256, 1, 138639)","(256, 1, 138639)",138639,138639,1,1,BN,event_csr,event_csr,dense_to_events_precomputed,False,True,True,0,torch.int32,torch.float32,torch.float32,windowed_events,,,False,False,False,False,False,False,1.0,3685120,122471548,122471548,0,0,False,unknown,unknown,unknown,unknown,unknown,,3.84915209;3.80924797;3.80569601;3.8082881;3.80300808;3.8072319;3.81123209;3.802176;3.80784011;3.80624008;3.8101759;3.80409598;3.80511999;3.81238389;3.80979204;3.81231999;3.8122561;3.81132793;3.8072319;3.80927992,20,3.810204803943634,0.009670894254348942,3.802175998687744,3.849152088165283,passed,0,0.0,1.7881393432617188e-07,2.9802322387695312e-08,8.854959219206648e-07,5.676381078956183e-06,8.854959219206648e-07,5.676381078956183e-06,138639,0,full_state,passed,,3.8087680339813232,nan,nan,nan,nan,nan,nan,10.986998729462687,nan,nan,nan,10.986998729462687
cusparse_direct_cudagraph,flybrain,NVIDIA GeForce RTX 5090,2.11.0+cu128,12.8,default,0.00038162477337341094,,,,,,9e8c84a2283cdb8c,0,138639,256,1,15091983,108.85813515677407,flybrain,0,9783,163.19999046318512,1.499198844699568,0.4816346156348125,288.0,599.6199999999953,1.0,0.001,0.001,0.0009999835453948745,1.0,0.9999835453948746,138.63671875,141.0,142,17780.0625,28303.5,33592,0.12401717960376879,0.12401717960376879,0.01937583606279554,1.0242596714660055,sampled_16_timesteps_max_2048_sources,converged,1.030731201171875,0.001,0.0009999835165217519,1.648347824814017e-08,True,20,SpMV,CUSPARSE_SPMV_ALG_DEFAULT,,nan,torch_cuda_event,gpu_execution,full_rsnn,device_native,independent_inference,sparse_only,"(256, 1, 138639)","(256, 1, 138639)",138639,138639,1,1,BN,csr_post_by_pre,csr_post_by_pre,none,False,False,True,0,torch.int32,torch.float32,torch.float32,dense,,,False,False,False,False,False,True,1.0,58960,406886764,406886764,0,0,False,unknown,unknown,unknown,unknown,unknown,,41.862751;41.8317108;41.8382072;41.8484802;41.8259201;41.8484497;41.8423042;41.8300171;41.8382072;41.8381767;41.8525429;41.8402557;41.8320656;41.8320656;41.8402557;41.8586884;41.8668785;41.8576622;41.8853111;41.8320656,20,41.845100784301756,0.015053088981355905,41.82592010498047,41.885311126708984,passed,0,0.0,4.76837158203125e-07,1.4901161193847656e-08,2.262169118694146e-06,2.891119038395118e-06,2.262169118694146e-06,2.891119038395118e-06,138639,0,full_state,passed,,41.84025573730469,nan,nan,nan,nan,nan,nan,1.0,nan,nan,nan,1.0
tilespmspv_cudagraph,flybrain,NVIDIA GeForce RTX 5090,2.11.0+cu128,12.8,default,0.00038162477337341094,,,,,,9e8c84a2283cdb8c,0,138639,256,1,15091983,108.85813515677407,flybrain,0,9783,163.19999046318512,1.499198844699568,0.4816346156348125,288.0,599.6199999999953,1.0,0.001,0.001,0.0009999835453948745,1.0,0.9999835453948746,138.63671875,141.0,142,17780.0625,28303.5,33592,0.12401717960376879,0.12401717960376879,0.01937583606279554,1.0242596714660055,sampled_16_timesteps_max_2048_sources,converged,1.030731201171875,0.001,0.0009999835165217519,1.648347824814017e-08,True,20,SpMV,CUSPARSE_SPMV_ALG_DEFAULT,,nan,torch_cuda_event_cudagraph_replay,gpu_execution,full_rsnn,device_adapted,independent_inference,sparse_only,"(256, 1, 138639)","(256, 1, 138639)",138639,138639,1,1,BN,spmspv_csc_dense_device,spmspv_csc_dense_device,none,False,False,True,0,torch.int64,torch.float32,torch.float32,dense_device,,,False,False,False,False,False,True,1.0,554556,325842920,325842920,0,0,False,unknown,unknown,unknown,unknown,unknown,,6.64601612;6.63388777;6.64172792;6.6403842;6.63411188;6.63801622;6.63497591;6.63619184;6.63206387;6.63622379;6.63769579;6.63820791;6.63718414;6.6361599;6.6361599;6.63823986;6.64028788;6.64028788;6.64128017;6.63823986,20,6.637867140769958,0.0032055792380544707,6.632063865661621,6.6460161209106445,passed,0,0.0,1.1920928955078125e-07,1.4901161193847656e-08,5.958536348771304e-07,2.801215032377513e-06,5.958536348771304e-07,2.801215032377513e-06,138639,0,full_state,passed,,6.6378560066223145,nan,nan,nan,nan,nan,nan,nan,nan,nan,nan,6.3032786031457135
globalatomic_cudagraph,flybrain,NVIDIA GeForce RTX 5090,2.11.0+cu128,12.8,default,0.00038162477337341094,,,,,,9e8c84a2283cdb8c,0,138639,256,1,15091983,108.85813515677407,flybrain,0,9783,163.19999046318512,1.499198844699568,0.4816346156348125,288.0,599.6199999999953,1.0,0.001,0.001,0.0009999835453948745,1.0,0.9999835453948746,138.63671875,141.0,142,17780.0625,28303.5,33592,0.12401717960376879,0.12401717960376879,0.01937583606279554,1.0242596714660055,sampled_16_timesteps_max_2048_sources,converged,1.030731201171875,0.001,0.0009999835165217519,1.648347824814017e-08,True,20,SpMV,CUSPARSE_SPMV_ALG_DEFAULT,,nan,torch_cuda_event_cudagraph_replay,gpu_execution,full_rsnn,device_adapted,independent_inference,sparse_only,"(256, 1, 138639)","(256, 1, 138639)",138639,138639,1,1,BN,spmspv_csc_dense_device,spmspv_csc_dense_device,none,False,False,True,0,torch.int64,torch.float32,torch.float32,dense_device,,,False,False,False,False,False,True,1.0,554556,325842920,325842920,0,0,False,unknown,unknown,unknown,unknown,unknown,,11.3240643;11.3155203;11.312768;11.3132801;11.3216;11.331296;11.3342724;11.333312;11.3317118;11.3358078;11.3367996;11.3383684;11.3332481;11.3343039;11.3342724;11.3352957;11.3322563;11.3311996;11.3363199;11.3342724,20,11.329998445510864,0.007999596250676458,11.31276798248291,11.33836841583252,passed,0,0.0,1.1920928955078125e-07,1.4901161193847656e-08,5.958536348771304e-07,2.801215032377513e-06,5.958536348771304e-07,2.801215032377513e-06,138639,0,full_state,passed,,11.333280086517334,nan,nan,nan,nan,nan,nan,nan,nan,nan,nan,3.691804615954039
vdha_cudagraph,flybrain,NVIDIA GeForce RTX 5090,2.11.0+cu128,12.8,default,0.00038162477337341094,,,,,,9e8c84a2283cdb8c,0,138639,256,1,15091983,108.85813515677407,flybrain,0,9783,163.19999046318512,1.499198844699568,0.4816346156348125,288.0,599.6199999999953,1.0,0.001,0.001,0.0009999835453948745,1.0,0.9999835453948746,138.63671875,141.0,142,17780.0625,28303.5,33592,0.12401717960376879,0.12401717960376879,0.01937583606279554,1.0242596714660055,sampled_16_timesteps_max_2048_sources,converged,1.030731201171875,0.001,0.0009999835165217519,1.648347824814017e-08,True,20,SpMV,CUSPARSE_SPMV_ALG_DEFAULT,,nan,torch_cuda_event_cudagraph_replay,gpu_execution,full_rsnn,device_adapted,independent_inference,sparse_only,"(256, 1, 138639)","(256, 1, 138639)",138639,138639,1,1,BN,spmspv_csc_dense_device,spmspv_csc_dense_device,none,False,False,True,0,torch.int64,torch.float32,torch.float32,dense_device,,,False,False,False,False,False,True,1.0,554556,325842920,325842920,0,0,False,unknown,unknown,unknown,unknown,unknown,,10.4572163;10.4335356;10.4408321;10.4365759;10.4366398;10.4388475;10.4347525;10.4348478;10.4369278;10.4388161;10.4409285;10.4373436;10.4326715;10.43888;10.4351997;10.4392958;10.4372797;10.4392958;10.4393282;10.4352322,20,10.438222312927246,0.005039006163568368,10.432671546936035,10.457216262817383,passed,0,0.0,2.384185791015625e-07,1.4901161193847656e-08,1.1861055781992036e-06,2.801215032377513e-06,1.1861055781992036e-06,2.801215032377513e-06,138639,0,full_state,passed,,10.43731164932251,nan,nan,nan,nan,nan,nan,nan,nan,nan,nan,4.00871959591439
persistent_spike_block,flybrain,NVIDIA GeForce RTX 5090,2.11.0+cu128,12.8,default,0.00038162477337341094,,,,,,9e8c84a2283cdb8c,0,138639,256,1,15091983,108.85813515677407,flybrain,0,9783,163.19999046318512,1.499198844699568,0.4816346156348125,288.0,599.6199999999953,1.0,0.001,0.001,0.0009999835453948745,1.0,0.9999835453948746,138.63671875,141.0,142,17780.0625,28303.5,33592,0.12401717960376879,0.12401717960376879,0.01937583606279554,1.0242596714660055,sampled_16_timesteps_max_2048_sources,converged,1.030731201171875,0.001,0.0009999835165217519,1.648347824814017e-08,True,20,SpMV,CUSPARSE_SPMV_ALG_DEFAULT,,nan,torch_cuda_event,gpu_execution,full_rsnn,device_native,independent_inference,full_fusion,"(256, 1, 138639)","(256, 1, 138639)",138639,138639,1,1,BN,event_csr,event_csr,dense_to_events_precomputed,False,True,True,0,torch.int32,torch.float32,torch.float32,windowed_events,,,False,False,False,False,False,False,1.0,3685120,122542532,122542532,0,0,False,unknown,unknown,unknown,unknown,unknown,,3.323488;3.28265595;3.2787199;3.2797761;3.28134394;3.28396797;3.28848004;3.27993608;3.28131199;3.28502393;3.2869761;3.28496003;3.28467202;3.28707194;3.2869761;3.28803205;3.289536;3.28598404;3.28908801;3.288064,20,3.2868032097816466,0.009243361340945774,3.278719902038574,3.3234879970550537,passed,0,0.0,3.5762786865234375e-07,3.725290298461914e-08,1.7691337461656076e-06,7.112297225830844e-06,1.7691337461656076e-06,7.112297225830844e-06,138639,0,full_state,passed,,3.2855039834976196,nan,nan,nan,nan,nan,nan,12.73480596811305,nan,nan,nan,12.73480596811305
cusparse_direct_cudagraph,flybrain,NVIDIA GeForce RTX 5090,2.11.0+cu128,12.8,default,0.00038162477337341094,,,,,,006be97930dca9f1,0,138639,256,1,15091983,108.85813515677407,flybrain,0,9783,163.19999046318512,1.499198844699568,0.4816346156348125,288.0,599.6199999999953,1.0,0.002,0.002,0.001999995266483457,2.0,1.9999952664834568,277.27734375,281.0,284,37727.85546875,50601.25,65821,0.20898543499214425,0.20898543499214417,0.008604812181602308,1.0242452418184635,sampled_16_timesteps_max_2048_sources,converged,1.2488365173339844,0.002,0.001999995205551386,4.794448614162117e-09,True,20,SpMV,CUSPARSE_SPMV_ALG_DEFAULT,,nan,torch_cuda_event,gpu_execution,full_rsnn,device_native,independent_inference,sparse_only,"(256, 1, 138639)","(256, 1, 138639)",138639,138639,1,1,BN,csr_post_by_pre,csr_post_by_pre,none,False,False,True,0,torch.int32,torch.float32,torch.float32,dense,,,False,False,False,False,False,True,1.0,58960,406886764,406886764,0,0,False,unknown,unknown,unknown,unknown,unknown,,41.8505592;41.8441925;41.8484497;41.8525429;41.870945;41.8361931;41.8422737;41.8648338;41.8545914;41.8709755;41.8361588;41.8545914;41.8423347;41.8750725;41.8586884;41.8504944;41.8545914;41.8525429;41.8556175;41.8505287,20,41.853308868408206,0.010831754769740146,41.836158752441406,41.87507247924805,passed,0,0.0,4.76837158203125e-07,5.960464477539063e-08,2.3623592824151274e-06,1.0055180609924719e-05,2.3623592824151274e-06,1.0055180609924719e-05,138639,0,full_state,passed,,41.852542877197266,nan,nan,nan,nan,nan,nan,1.0,nan,nan,nan,1.0
tilespmspv_cudagraph,flybrain,NVIDIA GeForce RTX 5090,2.11.0+cu128,12.8,default,0.00038162477337341094,,,,,,006be97930dca9f1,0,138639,256,1,15091983,108.85813515677407,flybrain,0,9783,163.19999046318512,1.499198844699568,0.4816346156348125,288.0,599.6199999999953,1.0,0.002,0.002,0.001999995266483457,2.0,1.9999952664834568,277.27734375,281.0,284,37727.85546875,50601.25,65821,0.20898543499214425,0.20898543499214417,0.008604812181602308,1.0242452418184635,sampled_16_timesteps_max_2048_sources,converged,1.2488365173339844,0.002,0.001999995205551386,4.794448614162117e-09,True,20,SpMV,CUSPARSE_SPMV_ALG_DEFAULT,,nan,torch_cuda_event_cudagraph_replay,gpu_execution,full_rsnn,device_adapted,independent_inference,sparse_only,"(256, 1, 138639)","(256, 1, 138639)",138639,138639,1,1,BN,spmspv_csc_dense_device,spmspv_csc_dense_device,none,False,False,True,0,torch.int64,torch.float32,torch.float32,dense_device,,,False,False,False,False,False,True,1.0,554556,325842920,325842920,0,0,False,unknown,unknown,unknown,unknown,unknown,,7.23667192;7.21967983;7.22083187;7.2152319;7.22092819;7.21814394;7.22051191;7.22806406;7.2152319;7.22710419;7.21929598;7.21680021;7.22803211;7.21878386;7.22192001;7.21676779;7.22192001;7.21782398;7.22700787;7.213696,20,7.221222376823425,0.005631369153857637,7.213696002960205,7.2366719245910645,passed,0,0.0,9.5367431640625e-07,5.960464477539063e-08,4.375310709292535e-06,1.0218464012723416e-05,4.375310709292535e-06,1.0218464012723416e-05,138639,0,full_state,passed,,7.220095872879028,nan,nan,nan,nan,nan,nan,nan,nan,nan,nan,5.796674118194012
globalatomic_cudagraph,flybrain,NVIDIA GeForce RTX 5090,2.11.0+cu128,12.8,default,0.00038162477337341094,,,,,,006be97930dca9f1,0,138639,256,1,15091983,108.85813515677407,flybrain,0,9783,163.19999046318512,1.499198844699568,0.4816346156348125,288.0,599.6199999999953,1.0,0.002,0.002,0.001999995266483457,2.0,1.9999952664834568,277.27734375,281.0,284,37727.85546875,50601.25,65821,0.20898543499214425,0.20898543499214417,0.008604812181602308,1.0242452418184635,sampled_16_timesteps_max_2048_sources,converged,1.2488365173339844,0.002,0.001999995205551386,4.794448614162117e-09,True,20,SpMV,CUSPARSE_SPMV_ALG_DEFAULT,,nan,torch_cuda_event_cudagraph_replay,gpu_execution,full_rsnn,device_adapted,independent_inference,sparse_only,"(256, 1, 138639)","(256, 1, 138639)",138639,138639,1,1,BN,spmspv_csc_dense_device,spmspv_csc_dense_device,none,False,False,True,0,torch.int64,torch.float32,torch.float32,dense_device,,,False,False,False,False,False,True,1.0,554556,325842920,325842920,0,0,False,unknown,unknown,unknown,unknown,unknown,,11.4013119;11.364192;11.3640957;11.3665276;11.3676796;11.3671684;11.3649921;11.3675518;11.369216;11.3619204;11.36656;11.3649921;11.3618879;11.3670721;11.3639679;11.3629436;11.3680325;11.3670397;11.3649921;11.3721924,20,11.367716789245605,0.008294521249526994,11.36188793182373,11.401311874389648,passed,0,0.0,9.5367431640625e-07,5.960464477539063e-08,4.375310709292535e-06,1.0055180609924719e-05,4.375310709292535e-06,1.0055180609924719e-05,138639,0,full_state,passed,,11.366543769836426,nan,nan,nan,nan,nan,nan,nan,nan,nan,nan,3.682081706161376
vdha_cudagraph,flybrain,NVIDIA GeForce RTX 5090,2.11.0+cu128,12.8,default,0.00038162477337341094,,,,,,006be97930dca9f1,0,138639,256,1,15091983,108.85813515677407,flybrain,0,9783,163.19999046318512,1.499198844699568,0.4816346156348125,288.0,599.6199999999953,1.0,0.002,0.002,0.001999995266483457,2.0,1.9999952664834568,277.27734375,281.0,284,37727.85546875,50601.25,65821,0.20898543499214425,0.20898543499214417,0.008604812181602308,1.0242452418184635,sampled_16_timesteps_max_2048_sources,converged,1.2488365173339844,0.002,0.001999995205551386,4.794448614162117e-09,True,20,SpMV,CUSPARSE_SPMV_ALG_DEFAULT,,nan,torch_cuda_event_cudagraph_replay,gpu_execution,full_rsnn,device_adapted,independent_inference,sparse_only,"(256, 1, 138639)","(256, 1, 138639)",138639,138639,1,1,BN,spmspv_csc_dense_device,spmspv_csc_dense_device,none,False,False,True,0,torch.int64,torch.float32,torch.float32,dense_device,,,False,False,False,False,False,True,1.0,554556,325842920,325842920,0,0,False,unknown,unknown,unknown,unknown,unknown,,12.2412157;12.2282238;12.2302399;12.2241917;12.2262077;12.2271357;12.2281599;12.2281923;12.2318077;12.2215996;12.2283201;12.2272644;12.2323523;12.2236156;12.2261763;12.2221117;12.2302723;12.2292805;12.2262077;12.2281923,20,12.228038358688355,0.00423357723906262,12.221599578857422,12.241215705871582,passed,0,0.0,4.76837158203125e-07,5.960464477539063e-08,2.3241452709044097e-06,1.0218464012723416e-05,2.3241452709044097e-06,1.0218464012723416e-05,138639,0,full_state,passed,,12.22817611694336,nan,nan,nan,nan,nan,nan,nan,nan,nan,nan,3.422631672699446
persistent_spike_block,flybrain,NVIDIA GeForce RTX 5090,2.11.0+cu128,12.8,default,0.00038162477337341094,,,,,,006be97930dca9f1,0,138639,256,1,15091983,108.85813515677407,flybrain,0,9783,163.19999046318512,1.499198844699568,0.4816346156348125,288.0,599.6199999999953,1.0,0.002,0.002,0.001999995266483457,2.0,1.9999952664834568,277.27734375,281.0,284,37727.85546875,50601.25,65821,0.20898543499214425,0.20898543499214417,0.008604812181602308,1.0242452418184635,sampled_16_timesteps_max_2048_sources,converged,1.2488365173339844,0.002,0.001999995205551386,4.794448614162117e-09,True,20,SpMV,CUSPARSE_SPMV_ALG_DEFAULT,,nan,torch_cuda_event,gpu_execution,full_rsnn,device_native,independent_inference,full_fusion,"(256, 1, 138639)","(256, 1, 138639)",138639,138639,1,1,BN,event_csr,event_csr,dense_to_events_precomputed,False,True,True,0,torch.int32,torch.float32,torch.float32,windowed_events,,,False,False,False,False,False,False,1.0,3685120,122684496,122684496,0,0,False,unknown,unknown,unknown,unknown,unknown,,4.66847992;4.61788797;4.61100817;4.60995197;4.62761593;4.61913586;4.61520004;4.61808014;4.62128019;4.61971188;4.61920023;4.62579203;4.62336016;4.61913586;4.62230396;4.61817598;4.623456;4.62271976;4.62336016;4.61619186,20,4.622102403640747,0.011777246365120352,4.609951972961426,4.668479919433594,passed,0,0.0,9.5367431640625e-07,8.940696716308594e-08,4.599428848450771e-06,1.5143623386393301e-05,4.599428848450771e-06,1.5143623386393301e-05,138639,0,full_state,passed,,4.619456052780151,nan,nan,nan,nan,nan,nan,9.060058673360238,nan,nan,nan,9.060058673360238
cusparse_direct_cudagraph,flybrain,NVIDIA GeForce RTX 5090,2.11.0+cu128,12.8,default,0.00038162477337341094,,,,,,b56f3864c9286da7,0,138639,256,1,15091983,108.85813515677407,flybrain,0,9783,163.19999046318512,1.499198844699568,0.4816346156348125,288.0,599.6199999999953,1.0,0.005,0.005,0.005977783352808373,5.0,5.977783352808373,828.75390625,1225.0,1282,228040.59765625,361441.5,372938,0.6399070326834286,0.6399070326834287,0.5113045765018135,1.5469007027681807,sampled_16_timesteps_max_2048_sources,best_effort,1.0000228881835938,0.005,0.005977783352136612,0.0009777833521366118,True,20,SpMV,CUSPARSE_SPMV_ALG_DEFAULT,,nan,torch_cuda_event,gpu_execution,full_rsnn,device_native,independent_inference,sparse_only,"(256, 1, 138639)","(256, 1, 138639)",138639,138639,1,1,BN,csr_post_by_pre,csr_post_by_pre,none,False,False,True,0,torch.int32,torch.float32,torch.float32,dense,,,False,False,False,False,False,True,1.0,58960,406886764,406886764,0,0,False,unknown,unknown,unknown,unknown,unknown,,41.8958397;41.8831367;41.873024;41.8525772;41.8381767;41.8341446;41.877121;41.8668785;41.8382072;41.8648338;41.8504639;41.815712;41.815712;41.8177261;41.8300476;41.8197746;41.8218231;41.8269424;41.8259506;41.8300171,20,41.843905448913574,0.02489136982923928,41.815711975097656,41.89583969116211,passed,0,0.0,3.0517578125e-05,9.5367431640625e-07,5.6338405556743965e-05,6.100666359998286e-05,5.6338405556743965e-05,6.100666359998286e-05,138639,0,full_state,passed,,41.83616065979004,nan,nan,nan,nan,nan,nan,1.0,nan,nan,nan,1.0
tilespmspv_cudagraph,flybrain,NVIDIA GeForce RTX 5090,2.11.0+cu128,12.8,default,0.00038162477337341094,,,,,,b56f3864c9286da7,0,138639,256,1,15091983,108.85813515677407,flybrain,0,9783,163.19999046318512,1.499198844699568,0.4816346156348125,288.0,599.6199999999953,1.0,0.005,0.005,0.005977783352808373,5.0,5.977783352808373,828.75390625,1225.0,1282,228040.59765625,361441.5,372938,0.6399070326834286,0.6399070326834287,0.5113045765018135,1.5469007027681807,sampled_16_timesteps_max_2048_sources,best_effort,1.0000228881835938,0.005,0.005977783352136612,0.0009777833521366118,True,20,SpMV,CUSPARSE_SPMV_ALG_DEFAULT,,nan,torch_cuda_event_cudagraph_replay,gpu_execution,full_rsnn,device_adapted,independent_inference,sparse_only,"(256, 1, 138639)","(256, 1, 138639)",138639,138639,1,1,BN,spmspv_csc_dense_device,spmspv_csc_dense_device,none,False,False,True,0,torch.int64,torch.float32,torch.float32,dense_device,,,False,False,False,False,False,True,1.0,554556,325842920,325842920,0,0,False,unknown,unknown,unknown,unknown,unknown,,7.58675194;7.19516802;7.18403196;7.19119978;7.19164801;7.18716812;7.19731188;7.18809605;7.19065619;7.1903038;7.18652821;7.19424009;7.18908787;7.18911982;7.19833612;7.1870718;7.18812799;7.1870718;7.19017601;7.18915176,20,7.2100623607635494,0.08873875884876851,7.184031963348389,7.586751937866211,passed,0,0.0,5.340576171875e-05,3.337860107421875e-06,0.0001381109468638897,0.00020412202866282314,0.0001381109468638897,0.00020412202866282314,138639,0,full_state,passed,,7.189663887023926,nan,nan,nan,nan,nan,nan,nan,nan,nan,nan,5.818931359962032
globalatomic_cudagraph,flybrain,NVIDIA GeForce RTX 5090,2.11.0+cu128,12.8,default,0.00038162477337341094,,,,,,b56f3864c9286da7,0,138639,256,1,15091983,108.85813515677407,flybrain,0,9783,163.19999046318512,1.499198844699568,0.4816346156348125,288.0,599.6199999999953,1.0,0.005,0.005,0.005977783352808373,5.0,5.977783352808373,828.75390625,1225.0,1282,228040.59765625,361441.5,372938,0.6399070326834286,0.6399070326834287,0.5113045765018135,1.5469007027681807,sampled_16_timesteps_max_2048_sources,best_effort,1.0000228881835938,0.005,0.005977783352136612,0.0009777833521366118,True,20,SpMV,CUSPARSE_SPMV_ALG_DEFAULT,,nan,torch_cuda_event_cudagraph_replay,gpu_execution,full_rsnn,device_adapted,independent_inference,sparse_only,"(256, 1, 138639)","(256, 1, 138639)",138639,138639,1,1,BN,spmspv_csc_dense_device,spmspv_csc_dense_device,none,False,False,True,0,torch.int64,torch.float32,torch.float32,dense_device,,,False,False,False,False,False,True,1.0,554556,325842920,325842920,0,0,False,unknown,unknown,unknown,unknown,unknown,,11.3722878;11.3648319;11.363328;11.3604803;11.3696318;11.3646078;11.365056;11.3675518;11.3650236;11.3634243;11.3646078;11.3650236;11.3640003;11.3629436;11.3619518;11.3670721;11.3619518;11.3629436;11.3649921;11.3619204,20,11.36468152999878,0.0027806770673669706,11.360480308532715,11.37228775024414,passed,0,0.0,6.103515625e-05,3.337860107421875e-06,0.00015784107381477952,0.00020412202866282314,0.00015784107381477952,0.00020412202866282314,138639,0,full_state,passed,,11.364607810974121,nan,nan,nan,nan,nan,nan,nan,nan,nan,nan,3.6812674362058817
vdha_cudagraph,flybrain,NVIDIA GeForce RTX 5090,2.11.0+cu128,12.8,default,0.00038162477337341094,,,,,,b56f3864c9286da7,0,138639,256,1,15091983,108.85813515677407,flybrain,0,9783,163.19999046318512,1.499198844699568,0.4816346156348125,288.0,599.6199999999953,1.0,0.005,0.005,0.005977783352808373,5.0,5.977783352808373,828.75390625,1225.0,1282,228040.59765625,361441.5,372938,0.6399070326834286,0.6399070326834287,0.5113045765018135,1.5469007027681807,sampled_16_timesteps_max_2048_sources,best_effort,1.0000228881835938,0.005,0.005977783352136612,0.0009777833521366118,True,20,SpMV,CUSPARSE_SPMV_ALG_DEFAULT,,nan,torch_cuda_event_cudagraph_replay,gpu_execution,full_rsnn,device_adapted,independent_inference,sparse_only,"(256, 1, 138639)","(256, 1, 138639)",138639,138639,1,1,BN,spmspv_csc_dense_device,spmspv_csc_dense_device,none,False,False,True,0,torch.int64,torch.float32,torch.float32,dense_device,,,False,False,False,False,False,True,1.0,554556,325842920,325842920,0,0,False,unknown,unknown,unknown,unknown,unknown,,13.3616323;13.3343039;13.3330564;13.3321276;13.341856;13.3388157;13.3424959;13.3361921;13.3372478;13.3361921;13.342432;13.3370876;13.3340797;13.3357439;13.3352003;13.3403196;13.3331203;13.3361921;13.3382721;13.3351679,20,13.338076782226562,0.006337575177512549,13.332127571105957,13.361632347106934,passed,0,0.0,3.0517578125e-05,1.430511474609375e-06,8.000381058081985e-05,0.00010633213969413191,8.000381058081985e-05,0.00010633213969413191,138639,0,full_state,passed,,13.33619213104248,nan,nan,nan,nan,nan,nan,nan,nan,nan,nan,3.1370394373974677
persistent_spike_block,flybrain,NVIDIA GeForce RTX 5090,2.11.0+cu128,12.8,default,0.00038162477337341094,,,,,,b56f3864c9286da7,0,138639,256,1,15091983,108.85813515677407,flybrain,0,9783,163.19999046318512,1.499198844699568,0.4816346156348125,288.0,599.6199999999953,1.0,0.005,0.005,0.005977783352808373,5.0,5.977783352808373,828.75390625,1225.0,1282,228040.59765625,361441.5,372938,0.6399070326834286,0.6399070326834287,0.5113045765018135,1.5469007027681807,sampled_16_timesteps_max_2048_sources,best_effort,1.0000228881835938,0.005,0.005977783352136612,0.0009777833521366118,True,20,SpMV,CUSPARSE_SPMV_ALG_DEFAULT,,nan,torch_cuda_event,gpu_execution,full_rsnn,device_native,independent_inference,full_fusion,"(256, 1, 138639)","(256, 1, 138639)",138639,138639,1,1,BN,event_csr,event_csr,dense_to_events_precomputed,False,True,True,0,torch.int32,torch.float32,torch.float32,windowed_events,,,False,False,False,False,False,False,1.0,3685120,123110396,123110396,0,0,False,unknown,unknown,unknown,unknown,unknown,,5.30515194;5.01142406;5.26483202;5.00224018;5.27603197;5.00019217;5.27347183;5.01033592;5.27040005;5.0145278;5.27651215;5.01030397;5.26988792;5.00534391;5.26275206;5.00537586;5.25708818;5.01145601;5.27564812;5.0042882,20,5.1403632164001465,0.13659270293688638,5.000192165374756,5.30515193939209,passed_causal_masked_state,24,6.762166489948716e-07,0.055447936058044434,0.00037163496017456055,0.27502402663230896,0.06824331730604172,0.0014929677126929164,0.0018881576834246516,138094,545,causal_masked_state,passed_causal_masked_state,,5.135807991027832,nan,nan,nan,nan,nan,nan,8.145974447034837,nan,nan,nan,8.145974447034837
cusparse_direct_cudagraph,flybrain,NVIDIA GeForce RTX 5090,2.11.0+cu128,12.8,default,0.00038162477337341094,,,,,,f14d854b58dc2801,0,138639,256,1,15091983,108.85813515677407,flybrain,0,9783,163.19999046318512,1.499198844699568,0.4816346156348125,288.0,599.6199999999953,1.0,0.01,0.01,0.010009443365503213,10.0,10.009443365503213,1387.69921875,2020.0,2102,330892.12890625,469724.25,489165,0.686794505722185,0.6867945057221851,0.44043943061681373,1.5147374673118443,sampled_16_timesteps_max_2048_sources,converged,0.9722709655761719,0.01,0.010009443387389183,9.443387389182836e-06,True,20,SpMV,CUSPARSE_SPMV_ALG_DEFAULT,,nan,torch_cuda_event,gpu_execution,full_rsnn,device_native,independent_inference,sparse_only,"(256, 1, 138639)","(256, 1, 138639)",138639,138639,1,1,BN,csr_post_by_pre,csr_post_by_pre,none,False,False,True,0,torch.int32,torch.float32,torch.float32,dense,,,False,False,False,False,False,True,1.0,58960,406886764,406886764,0,0,False,unknown,unknown,unknown,unknown,unknown,,41.8985939;41.901535;41.8648338;41.8423042;41.8443527;41.8484497;41.8504944;41.8464012;41.8443527;41.8709755;41.8341103;41.8668785;41.8587189;41.8361931;41.8627853;41.8423347;41.8382072;41.8484497;41.8402557;41.8453751,20,41.85428009033203,0.018825398291437007,41.834110260009766,41.90153503417969,passed,0,0.0,1.52587890625e-05,9.5367431640625e-07,4.389004607219249e-05,6.541344191646203e-05,4.389004607219249e-05,6.541344191646203e-05,138639,0,full_state,passed,,41.84742546081543,nan,nan,nan,nan,nan,nan,1.0,nan,nan,nan,1.0
tilespmspv_cudagraph,flybrain,NVIDIA GeForce RTX 5090,2.11.0+cu128,12.8,default,0.00038162477337341094,,,,,,f14d854b58dc2801,0,138639,256,1,15091983,108.85813515677407,flybrain,0,9783,163.19999046318512,1.499198844699568,0.4816346156348125,288.0,599.6199999999953,1.0,0.01,0.01,0.010009443365503213,10.0,10.009443365503213,1387.69921875,2020.0,2102,330892.12890625,469724.25,489165,0.686794505722185,0.6867945057221851,0.44043943061681373,1.5147374673118443,sampled_16_timesteps_max_2048_sources,converged,0.9722709655761719,0.01,0.010009443387389183,9.443387389182836e-06,True,20,SpMV,CUSPARSE_SPMV_ALG_DEFAULT,,nan,torch_cuda_event_cudagraph_replay,gpu_execution,full_rsnn,device_adapted,independent_inference,sparse_only,"(256, 1, 138639)","(256, 1, 138639)",138639,138639,1,1,BN,spmspv_csc_dense_device,spmspv_csc_dense_device,none,False,False,True,0,torch.int64,torch.float32,torch.float32,dense_device,,,False,False,False,False,False,True,1.0,554556,325842920,325842920,0,0,False,unknown,unknown,unknown,unknown,unknown,,7.32636786;7.31203222;7.3213439;7.31196785;7.31318378;7.3100481;7.32108784;7.31606388;7.31510401;7.31830406;7.30835199;7.31814384;7.31712008;7.31404781;7.32121611;7.32019186;7.31916809;7.31612778;7.31715202;7.31814384,20,7.316758346557617,0.004357792025984633,7.308351993560791,7.3263678550720215,passed,0,0.0,4.57763671875e-05,2.86102294921875e-06,0.00012899903231300414,0.00017571882926858962,0.00012899903231300414,0.00017571882926858962,138639,0,full_state,passed,,7.31713604927063,nan,nan,nan,nan,nan,nan,nan,nan,nan,nan,5.71909899980427
globalatomic_cudagraph,flybrain,NVIDIA GeForce RTX 5090,2.11.0+cu128,12.8,default,0.00038162477337341094,,,,,,f14d854b58dc2801,0,138639,256,1,15091983,108.85813515677407,flybrain,0,9783,163.19999046318512,1.499198844699568,0.4816346156348125,288.0,599.6199999999953,1.0,0.01,0.01,0.010009443365503213,10.0,10.009443365503213,1387.69921875,2020.0,2102,330892.12890625,469724.25,489165,0.686794505722185,0.6867945057221851,0.44043943061681373,1.5147374673118443,sampled_16_timesteps_max_2048_sources,converged,0.9722709655761719,0.01,0.010009443387389183,9.443387389182836e-06,True,20,SpMV,CUSPARSE_SPMV_ALG_DEFAULT,,nan,torch_cuda_event_cudagraph_replay,gpu_execution,full_rsnn,device_adapted,independent_inference,sparse_only,"(256, 1, 138639)","(256, 1, 138639)",138639,138639,1,1,BN,spmspv_csc_dense_device,spmspv_csc_dense_device,none,False,False,True,0,torch.int64,torch.float32,torch.float32,dense_device,,,False,False,False,False,False,True,1.0,554556,325842920,325842920,0,0,False,unknown,unknown,unknown,unknown,unknown,,11.3708801;11.3527679;11.3618565;11.3568316;11.3578243;11.3608961;11.3587837;11.3558722;11.356864;11.357728;11.3543358;11.3568001;11.3578243;11.352704;11.3598719;11.354784;11.3516798;11.3588476;11.3547516;11.3578243,20,11.357486391067505,0.004149798149391696,11.351679801940918,11.370880126953125,passed,0,0.0,5.340576171875e-05,3.337860107421875e-06,0.00013808881340082735,0.00020454762852750719,0.00013808881340082735,0.00020454762852750719,138639,0,full_state,passed,,11.357295989990234,nan,nan,nan,nan,nan,nan,nan,nan,nan,nan,3.684629290079056
vdha_cudagraph,flybrain,NVIDIA GeForce RTX 5090,2.11.0+cu128,12.8,default,0.00038162477337341094,,,,,,f14d854b58dc2801,0,138639,256,1,15091983,108.85813515677407,flybrain,0,9783,163.19999046318512,1.499198844699568,0.4816346156348125,288.0,599.6199999999953,1.0,0.01,0.01,0.010009443365503213,10.0,10.009443365503213,1387.69921875,2020.0,2102,330892.12890625,469724.25,489165,0.686794505722185,0.6867945057221851,0.44043943061681373,1.5147374673118443,sampled_16_timesteps_max_2048_sources,converged,0.9722709655761719,0.01,0.010009443387389183,9.443387389182836e-06,True,20,SpMV,CUSPARSE_SPMV_ALG_DEFAULT,,nan,torch_cuda_event_cudagraph_replay,gpu_execution,full_rsnn,device_adapted,independent_inference,sparse_only,"(256, 1, 138639)","(256, 1, 138639)",138639,138639,1,1,BN,spmspv_csc_dense_device,spmspv_csc_dense_device,none,False,False,True,0,torch.int64,torch.float32,torch.float32,dense_device,,,False,False,False,False,False,True,1.0,554556,325842920,325842920,0,0,False,unknown,unknown,unknown,unknown,unknown,,13.248064;13.208992;13.2112322;13.2081604;13.2092161;13.2024317;13.2061119;13.203104;13.2092161;13.2044802;13.1994877;13.2109118;13.2044163;13.2097921;13.2051201;13.2072001;13.2061443;13.2072001;13.2051201;13.2030401,20,13.208472061157227,0.009811165290533082,13.199487686157227,13.248064041137695,passed_causal_masked_state,2,5.6351387416239296e-08,0.029937326908111572,0.00017833709716796875,0.14833275973796844,0.019799884408712387,0.0001196894736494869,0.0001192944691865705,138539,100,causal_masked_state,passed_causal_masked_state,,13.206672191619873,nan,nan,nan,nan,nan,nan,nan,nan,nan,nan,3.16865784609761
persistent_spike_block,flybrain,NVIDIA GeForce RTX 5090,2.11.0+cu128,12.8,default,0.00038162477337341094,,,,,,f14d854b58dc2801,0,138639,256,1,15091983,108.85813515677407,flybrain,0,9783,163.19999046318512,1.499198844699568,0.4816346156348125,288.0,599.6199999999953,1.0,0.01,0.01,0.010009443365503213,10.0,10.009443365503213,1387.69921875,2020.0,2102,330892.12890625,469724.25,489165,0.686794505722185,0.6867945057221851,0.44043943061681373,1.5147374673118443,sampled_16_timesteps_max_2048_sources,converged,0.9722709655761719,0.01,0.010009443387389183,9.443387389182836e-06,True,20,SpMV,CUSPARSE_SPMV_ALG_DEFAULT,,nan,torch_cuda_event,gpu_execution,full_rsnn,device_native,independent_inference,full_fusion,"(256, 1, 138639)","(256, 1, 138639)",138639,138639,1,1,BN,event_csr,event_csr,dense_to_events_precomputed,False,True,True,0,torch.int32,torch.float32,torch.float32,windowed_events,,,False,False,False,False,False,False,1.0,3685120,123820228,123820228,0,0,False,unknown,unknown,unknown,unknown,unknown,,5.04809618;4.98070383;4.99443197;4.98793602;4.98476791;4.98080015;4.98428822;4.98486423;4.99193621;4.98793602;4.99148798;4.99177599;4.98623991;4.98492813;4.98726416;4.98483181;4.99036789;4.98179197;4.98585606;4.98483181,20,4.98975682258606,0.014242525042914954,4.980703830718994,5.048096179962158,passed_causal_masked_state,3879,0.00010929351589379612,0.9992084503173828,0.3940925598144531,4.995785236358643,58.13495635986328,0.00015137485752347857,0.00019591634918469936,73847,64792,causal_masked_state,passed_causal_masked_state,,4.986047983169556,nan,nan,nan,nan,nan,nan,8.392904681637992,nan,nan,nan,8.392904681637992
cusparse_direct_cudagraph,flybrain,NVIDIA GeForce RTX 5090,2.11.0+cu128,12.8,default,0.00038162477337341094,,,,,,c176f9d18b76d780,0,138639,256,1,15091983,108.85813515677407,flybrain,0,9783,163.19999046318512,1.499198844699568,0.4816346156348125,288.0,599.6199999999953,1.0,0.01,0.02,0.020000065367609402,20.0,20.000065367609402,2772.7890625,3329.5,3397,566106.8515625,656196.5,678857,0.7584330855086806,0.7584330855086804,0.2121912502005277,1.2251202393799114,sampled_16_timesteps_max_2048_sources,converged,1.9443511962890625,0.02,0.020000064745545387,6.474554538685173e-08,True,20,SpMV,CUSPARSE_SPMV_ALG_DEFAULT,,nan,torch_cuda_event,gpu_execution,full_rsnn,device_native,independent_inference,sparse_only,"(256, 1, 138639)","(256, 1, 138639)",138639,138639,1,1,BN,csr_post_by_pre,csr_post_by_pre,none,False,False,True,0,torch.int32,torch.float32,torch.float32,dense,,,False,False,False,False,False,True,1.0,58960,406886764,406886764,0,0,False,unknown,unknown,unknown,unknown,unknown,,41.896801;41.831871;41.8320961;41.8423042;41.8443527;41.8300171;41.8504639;41.8607368;41.8545914;41.8484497;41.8423042;41.8525429;41.8443527;41.8668785;41.8607368;41.8586884;41.8443527;41.8402557;41.853569;41.8443527,20,41.849985885620114,0.014891992100556436,41.83001708984375,41.89680099487305,passed,0,0.0,3.0517578125e-05,9.5367431640625e-07,4.9445316108176485e-05,6.084859705879353e-05,4.9445316108176485e-05,6.084859705879353e-05,138639,0,full_state,passed,,41.84640121459961,nan,nan,nan,nan,nan,nan,1.0,nan,nan,nan,1.0
tilespmspv_cudagraph,flybrain,NVIDIA GeForce RTX 5090,2.11.0+cu128,12.8,default,0.00038162477337341094,,,,,,c176f9d18b76d780,0,138639,256,1,15091983,108.85813515677407,flybrain,0,9783,163.19999046318512,1.499198844699568,0.4816346156348125,288.0,599.6199999999953,1.0,0.01,0.02,0.020000065367609402,20.0,20.000065367609402,2772.7890625,3329.5,3397,566106.8515625,656196.5,678857,0.7584330855086806,0.7584330855086804,0.2121912502005277,1.2251202393799114,sampled_16_timesteps_max_2048_sources,converged,1.9443511962890625,0.02,0.020000064745545387,6.474554538685173e-08,True,20,SpMV,CUSPARSE_SPMV_ALG_DEFAULT,,nan,torch_cuda_event_cudagraph_replay,gpu_execution,full_rsnn,device_adapted,independent_inference,sparse_only,"(256, 1, 138639)","(256, 1, 138639)",138639,138639,1,1,BN,spmspv_csc_dense_device,spmspv_csc_dense_device,none,False,False,True,0,torch.int64,torch.float32,torch.float32,dense_device,,,False,False,False,False,False,True,1.0,554556,325842920,325842920,0,0,False,unknown,unknown,unknown,unknown,unknown,,7.62553596;7.60806417;7.61913586;7.620224;7.614048;7.61513615;7.60179186;7.60787201;7.61305618;7.60380793;7.61062384;7.61407995;7.60179186;7.61715221;7.60796785;7.61820793;7.6089921;7.60790396;7.60896015;7.61199999,20,7.6118175983428955,0.006269969662402402,7.601791858673096,7.62553596496582,passed,0,0.0,5.340576171875e-05,2.86102294921875e-06,0.0001505324471509084,0.00017325601947959512,0.0001505324471509084,0.00017325601947959512,138639,0,full_state,passed,,7.611311912536621,nan,nan,nan,nan,nan,nan,nan,nan,nan,nan,5.497922263003601
globalatomic_cudagraph,flybrain,NVIDIA GeForce RTX 5090,2.11.0+cu128,12.8,default,0.00038162477337341094,,,,,,c176f9d18b76d780,0,138639,256,1,15091983,108.85813515677407,flybrain,0,9783,163.19999046318512,1.499198844699568,0.4816346156348125,288.0,599.6199999999953,1.0,0.01,0.02,0.020000065367609402,20.0,20.000065367609402,2772.7890625,3329.5,3397,566106.8515625,656196.5,678857,0.7584330855086806,0.7584330855086804,0.2121912502005277,1.2251202393799114,sampled_16_timesteps_max_2048_sources,converged,1.9443511962890625,0.02,0.020000064745545387,6.474554538685173e-08,True,20,SpMV,CUSPARSE_SPMV_ALG_DEFAULT,,nan,torch_cuda_event_cudagraph_replay,gpu_execution,full_rsnn,device_adapted,independent_inference,sparse_only,"(256, 1, 138639)","(256, 1, 138639)",138639,138639,1,1,BN,spmspv_csc_dense_device,spmspv_csc_dense_device,none,False,False,True,0,torch.int64,torch.float32,torch.float32,dense_device,,,False,False,False,False,False,True,1.0,554556,325842920,325842920,0,0,False,unknown,unknown,unknown,unknown,unknown,,11.3716478;11.3601923;11.362112;11.3644476;11.3558397;11.36448;11.3584318;11.361536;11.3630724;11.3552322;11.358304;11.3588476;11.3557758;11.35888;11.3578558;11.3588476;11.3557758;11.3588476;11.3568316;11.3578243,20,11.359739112854005,0.003947882666460042,11.355232238769531,11.371647834777832,passed,0,0.0,6.866455078125e-05,3.814697265625e-06,0.00017741088231559843,0.0001750266965245828,0.00017741088231559843,0.0001750266965245828,138639,0,full_state,passed,,11.358847618103027,nan,nan,nan,nan,nan,nan,nan,nan,nan,nan,3.6840357949610496
vdha_cudagraph,flybrain,NVIDIA GeForce RTX 5090,2.11.0+cu128,12.8,default,0.00038162477337341094,,,,,,c176f9d18b76d780,0,138639,256,1,15091983,108.85813515677407,flybrain,0,9783,163.19999046318512,1.499198844699568,0.4816346156348125,288.0,599.6199999999953,1.0,0.01,0.02,0.020000065367609402,20.0,20.000065367609402,2772.7890625,3329.5,3397,566106.8515625,656196.5,678857,0.7584330855086806,0.7584330855086804,0.2121912502005277,1.2251202393799114,sampled_16_timesteps_max_2048_sources,converged,1.9443511962890625,0.02,0.020000064745545387,6.474554538685173e-08,True,20,SpMV,CUSPARSE_SPMV_ALG_DEFAULT,,nan,torch_cuda_event_cudagraph_replay,gpu_execution,full_rsnn,device_adapted,independent_inference,sparse_only,"(256, 1, 138639)","(256, 1, 138639)",138639,138639,1,1,BN,spmspv_csc_dense_device,spmspv_csc_dense_device,none,False,False,True,0,torch.int64,torch.float32,torch.float32,dense_device,,,False,False,False,False,False,True,1.0,554556,325842920,325842920,0,0,False,unknown,unknown,unknown,unknown,unknown,,13.8500795;13.8267517;13.8237438;13.8262396;13.8194561;13.8240957;13.8226557;13.8189764;13.8301439;13.8277121;13.8262396;13.8184643;13.8257923;13.8241282;13.8175039;13.8246403;13.8185282;13.8256321;13.8226242;13.8297596,20,13.82515835762024,0.006937141949903312,13.817503929138184,13.850079536437988,passed,0,0.0,3.814697265625e-05,2.86102294921875e-06,9.181463974528015e-05,0.00013442478666547686,9.181463974528015e-05,0.00013442478666547686,138639,0,full_state,passed,,13.824384212493896,nan,nan,nan,nan,nan,nan,nan,nan,nan,nan,3.0269992913522032
persistent_spike_block,flybrain,NVIDIA GeForce RTX 5090,2.11.0+cu128,12.8,default,0.00038162477337341094,,,,,,c176f9d18b76d780,0,138639,256,1,15091983,108.85813515677407,flybrain,0,9783,163.19999046318512,1.499198844699568,0.4816346156348125,288.0,599.6199999999953,1.0,0.01,0.02,0.020000065367609402,20.0,20.000065367609402,2772.7890625,3329.5,3397,566106.8515625,656196.5,678857,0.7584330855086806,0.7584330855086804,0.2121912502005277,1.2251202393799114,sampled_16_timesteps_max_2048_sources,converged,1.9443511962890625,0.02,0.020000064745545387,6.474554538685173e-08,True,20,SpMV,CUSPARSE_SPMV_ALG_DEFAULT,,nan,torch_cuda_event,gpu_execution,full_rsnn,device_native,independent_inference,full_fusion,"(256, 1, 138639)","(256, 1, 138639)",138639,138639,1,1,BN,event_csr,event_csr,dense_to_events_precomputed,False,True,True,0,torch.int32,torch.float32,torch.float32,windowed_events,,,False,False,False,False,False,False,1.0,3685120,123820228,123820228,0,0,False,unknown,unknown,unknown,unknown,unknown,,5.9891839;5.93507195;5.92460823;5.93347216;5.94531202;5.93599987;5.92889595;5.9242878;5.93923187;5.93311977;5.94329596;5.93247986;5.93715191;5.94371223;5.93513584;5.93142414;5.92691183;5.93139219;5.94329596;5.93408012,20,5.9374031782150265,0.013626845436094274,5.924287796020508,5.9891839027404785,passed_causal_masked_state,5741,0.0001617566575783149,0.9997273087501526,0.3219296932220459,4.99863338470459,39.00060272216797,0.00018758214719127864,0.0002918355748988688,56170,82469,causal_masked_state,passed_causal_masked_state,,5.934576034545898,nan,nan,nan,nan,nan,nan,7.051287399640101,nan,nan,nan,7.051287399640101
cusparse_direct_cudagraph,flybrain,NVIDIA GeForce RTX 5090,2.11.0+cu128,12.8,default,0.00038162477337341094,,,,,,191f5baba13114a2,0,138639,256,1,15091983,108.85813515677407,flybrain,0,9783,163.19999046318512,1.499198844699568,0.4816346156348125,288.0,599.6199999999953,1.0,0.01,0.05,0.04999799389060798,50.0,49.99799389060798,6931.671875,7272.5,7335,1132673.69140625,1193714.25,1220582,0.7170343482474555,0.7170343482474553,0.08889174061404762,1.0581862690954338,sampled_16_timesteps_max_2048_sources,converged,5.335712432861328,0.05,0.04999799281358719,2.007186412814055e-06,True,20,SpMV,CUSPARSE_SPMV_ALG_DEFAULT,,nan,torch_cuda_event,gpu_execution,full_rsnn,device_native,independent_inference,sparse_only,"(256, 1, 138639)","(256, 1, 138639)",138639,138639,1,1,BN,csr_post_by_pre,csr_post_by_pre,none,False,False,True,0,torch.int32,torch.float32,torch.float32,dense,,,False,False,False,False,False,True,1.0,58960,406886764,406886764,0,0,False,unknown,unknown,unknown,unknown,unknown,,41.8575363;41.8463669;41.8648643;41.8729935;41.8648338;41.8668785;41.8566399;41.8361931;41.8791695;41.8771515;41.8709755;41.8464012;41.8627853;41.9057922;41.9098892;41.8996468;41.8382072;41.8279686;41.8320961;41.8341103,20,41.86252498626709,0.024048208960791597,41.82796859741211,41.909889221191406,passed,0,0.0,6.103515625e-05,1.9073486328125e-06,7.185926369857043e-05,7.020271004876122e-05,7.185926369857043e-05,7.020271004876122e-05,138639,0,full_state,passed,,41.86380958557129,nan,nan,nan,nan,nan,nan,1.0,nan,nan,nan,1.0
tilespmspv_cudagraph,flybrain,NVIDIA GeForce RTX 5090,2.11.0+cu128,12.8,default,0.00038162477337341094,,,,,,191f5baba13114a2,0,138639,256,1,15091983,108.85813515677407,flybrain,0,9783,163.19999046318512,1.499198844699568,0.4816346156348125,288.0,599.6199999999953,1.0,0.01,0.05,0.04999799389060798,50.0,49.99799389060798,6931.671875,7272.5,7335,1132673.69140625,1193714.25,1220582,0.7170343482474555,0.7170343482474553,0.08889174061404762,1.0581862690954338,sampled_16_timesteps_max_2048_sources,converged,5.335712432861328,0.05,0.04999799281358719,2.007186412814055e-06,True,20,SpMV,CUSPARSE_SPMV_ALG_DEFAULT,,nan,torch_cuda_event_cudagraph_replay,gpu_execution,full_rsnn,device_adapted,independent_inference,sparse_only,"(256, 1, 138639)","(256, 1, 138639)",138639,138639,1,1,BN,spmspv_csc_dense_device,spmspv_csc_dense_device,none,False,False,True,0,torch.int64,torch.float32,torch.float32,dense_device,,,False,False,False,False,False,True,1.0,554556,325842920,325842920,0,0,False,unknown,unknown,unknown,unknown,unknown,,8.89644814;8.87299156;8.87574387;8.86736012;8.87887955;8.86726379;8.86748791;8.85929585;8.88492775;8.87964821;8.87315178;8.879776;8.86131191;8.8541441;8.88182354;8.86544037;8.85110378;8.86643219;8.8695364;8.88182354,20,8.871729516983033,0.011037086224904765,8.851103782653809,8.896448135375977,passed,0,0.0,6.103515625e-05,2.86102294921875e-06,0.0001549380540382117,0.00020753368153236806,0.0001549380540382117,0.00020753368153236806,138639,0,full_state,passed,,8.871263980865479,nan,nan,nan,nan,nan,nan,nan,nan,nan,nan,4.719035492108878
globalatomic_cudagraph,flybrain,NVIDIA GeForce RTX 5090,2.11.0+cu128,12.8,default,0.00038162477337341094,,,,,,191f5baba13114a2,0,138639,256,1,15091983,108.85813515677407,flybrain,0,9783,163.19999046318512,1.499198844699568,0.4816346156348125,288.0,599.6199999999953,1.0,0.01,0.05,0.04999799389060798,50.0,49.99799389060798,6931.671875,7272.5,7335,1132673.69140625,1193714.25,1220582,0.7170343482474555,0.7170343482474553,0.08889174061404762,1.0581862690954338,sampled_16_timesteps_max_2048_sources,converged,5.335712432861328,0.05,0.04999799281358719,2.007186412814055e-06,True,20,SpMV,CUSPARSE_SPMV_ALG_DEFAULT,,nan,torch_cuda_event_cudagraph_replay,gpu_execution,full_rsnn,device_adapted,independent_inference,sparse_only,"(256, 1, 138639)","(256, 1, 138639)",138639,138639,1,1,BN,spmspv_csc_dense_device,spmspv_csc_dense_device,none,False,False,True,0,torch.int64,torch.float32,torch.float32,dense_device,,,False,False,False,False,False,True,1.0,554556,325842920,325842920,0,0,False,unknown,unknown,unknown,unknown,unknown,,11.5434237;11.5279684;11.5233278;11.5221443;11.5252161;11.5242882;11.5192318;11.5263042;11.5293121;11.5242882;11.5273275;11.5226879;11.5237122;11.5288639;11.5237122;11.5267839;11.5237436;11.5227203;11.5237122;11.5288324,20,11.525880050659179,0.0048863151497993244,11.519231796264648,11.543423652648926,passed,0,0.0,0.000152587890625,5.7220458984375e-06,0.0001796481665223837,0.00022235751384869218,0.0001796481665223837,0.00022235751384869218,138639,0,full_state,passed,,11.524288177490234,nan,nan,nan,nan,nan,nan,nan,nan,nan,nan,3.632659036359538
vdha_cudagraph,flybrain,NVIDIA GeForce RTX 5090,2.11.0+cu128,12.8,default,0.00038162477337341094,,,,,,191f5baba13114a2,0,138639,256,1,15091983,108.85813515677407,flybrain,0,9783,163.19999046318512,1.499198844699568,0.4816346156348125,288.0,599.6199999999953,1.0,0.01,0.05,0.04999799389060798,50.0,49.99799389060798,6931.671875,7272.5,7335,1132673.69140625,1193714.25,1220582,0.7170343482474555,0.7170343482474553,0.08889174061404762,1.0581862690954338,sampled_16_timesteps_max_2048_sources,converged,5.335712432861328,0.05,0.04999799281358719,2.007186412814055e-06,True,20,SpMV,CUSPARSE_SPMV_ALG_DEFAULT,,nan,torch_cuda_event_cudagraph_replay,gpu_execution,full_rsnn,device_adapted,independent_inference,sparse_only,"(256, 1, 138639)","(256, 1, 138639)",138639,138639,1,1,BN,spmspv_csc_dense_device,spmspv_csc_dense_device,none,False,False,True,0,torch.int64,torch.float32,torch.float32,dense_device,,,False,False,False,False,False,True,1.0,554556,325842920,325842920,0,0,False,unknown,unknown,unknown,unknown,unknown,,16.4725437;16.4409924;16.4409924;16.4445438;16.4451199;16.4424953;16.4442234;16.4450245;16.4492474;16.4471035;16.4490871;16.4409275;16.4522877;16.4322243;16.449152;16.4491844;16.4430408;16.4471035;16.4440632;16.4450874,20,16.44622220993042,0.00755326002366916,16.43222427368164,16.472543716430664,passed,0,0.0,0.0001220703125,2.86102294921875e-06,0.0001618554233573377,0.00017984508303925395,0.0001618554233573377,0.00017984508303925395,138639,0,full_state,passed,,16.445055961608887,nan,nan,nan,nan,nan,nan,nan,nan,nan,nan,2.5456775387875044
persistent_spike_block,flybrain,NVIDIA GeForce RTX 5090,2.11.0+cu128,12.8,default,0.00038162477337341094,,,,,,191f5baba13114a2,0,138639,256,1,15091983,108.85813515677407,flybrain,0,9783,163.19999046318512,1.499198844699568,0.4816346156348125,288.0,599.6199999999953,1.0,0.01,0.05,0.04999799389060798,50.0,49.99799389060798,6931.671875,7272.5,7335,1132673.69140625,1193714.25,1220582,0.7170343482474555,0.7170343482474553,0.08889174061404762,1.0581862690954338,sampled_16_timesteps_max_2048_sources,converged,5.335712432861328,0.05,0.04999799281358719,2.007186412814055e-06,True,20,SpMV,CUSPARSE_SPMV_ALG_DEFAULT,,nan,torch_cuda_event,gpu_execution,full_rsnn,device_native,independent_inference,full_fusion,"(256, 1, 138639)","(256, 1, 138639)",138639,138639,1,1,BN,event_csr,event_csr,dense_to_events_precomputed,False,True,True,0,torch.int32,torch.float32,torch.float32,windowed_events,,,False,False,False,False,False,False,1.0,3685120,123820228,123820228,0,0,False,unknown,unknown,unknown,unknown,unknown,,7.77491188;7.74947214;7.69683218;7.74131203;7.69267178;7.75065613;7.69321585;7.73228788;7.69638395;7.73724794;7.69785595;7.73836803;7.6865921;7.74047995;7.68860817;7.73942423;7.68755198;7.73839998;7.69843197;7.74860811,20,7.721465611457825,0.027761369290503914,7.686592102050781,7.774911880493164,passed_causal_masked_state,7324,0.00020635878071826832,0.9997209906578064,0.3023788332939148,4.998597621917725,46.08773422241211,0.0001749529765220359,0.00027952546952292323,50543,88096,causal_masked_state,passed_causal_masked_state,,7.734767913818359,nan,nan,nan,nan,nan,nan,5.412419616467163,nan,nan,nan,5.412419616467163
cusparse_direct_cudagraph,flybrain,NVIDIA GeForce RTX 5090,2.11.0+cu128,12.8,default,0.00038162477337341094,,,,,,095cd27f665a18e1,1,138639,256,1,15091983,108.85813515677407,flybrain,1,9783,163.19999046318512,1.499198844699568,0.4816346156348125,288.0,599.6199999999953,1.0,0.0,0.0,0.0,0.0,0.0,0.0,0.0,0,0.0,0.0,0,0.0,0.0,0.0,0.0,sampled_16_timesteps_max_2048_sources,converged,50.0,0.0,0.0,0.0,True,20,SpMV,CUSPARSE_SPMV_ALG_DEFAULT,,nan,torch_cuda_event,gpu_execution,full_rsnn,device_native,independent_inference,sparse_only,"(256, 1, 138639)","(256, 1, 138639)",138639,138639,1,1,BN,csr_post_by_pre,csr_post_by_pre,none,False,False,True,0,torch.int32,torch.float32,torch.float32,dense,,,False,False,False,False,False,True,1.0,58960,406886764,406886764,0,0,False,unknown,unknown,unknown,unknown,unknown,,41.9964485;41.8995514;41.9057922;41.9242249;41.9037437;41.9201279;41.8996468;41.9119034;41.9057922;41.9119034;41.9160652;41.9058228;41.9139824;41.9057922;41.9160309;41.9078407;41.8894081;41.8894081;41.8668785;41.8873596,20,41.90888614654541,0.02449548762551798,41.866878509521484,41.9964485168457,passed,0,0.0,0.0,0.0,0.0,0.0,0.0,0.0,138639,0,full_state,passed,,41.90580749511719,nan,nan,nan,nan,nan,nan,1.0,nan,nan,nan,1.0
tilespmspv_cudagraph,flybrain,NVIDIA GeForce RTX 5090,2.11.0+cu128,12.8,default,0.00038162477337341094,,,,,,095cd27f665a18e1,1,138639,256,1,15091983,108.85813515677407,flybrain,1,9783,163.19999046318512,1.499198844699568,0.4816346156348125,288.0,599.6199999999953,1.0,0.0,0.0,0.0,0.0,0.0,0.0,0.0,0,0.0,0.0,0,0.0,0.0,0.0,0.0,sampled_16_timesteps_max_2048_sources,converged,50.0,0.0,0.0,0.0,True,20,SpMV,CUSPARSE_SPMV_ALG_DEFAULT,,nan,torch_cuda_event_cudagraph_replay,gpu_execution,full_rsnn,device_adapted,independent_inference,sparse_only,"(256, 1, 138639)","(256, 1, 138639)",138639,138639,1,1,BN,spmspv_csc_dense_device,spmspv_csc_dense_device,none,False,False,True,0,torch.int64,torch.float32,torch.float32,dense_device,,,False,False,False,False,False,True,1.0,554556,325842920,325842920,0,0,False,unknown,unknown,unknown,unknown,unknown,,6.40486383;6.37766409;6.37606382;6.37824011;6.37593603;6.37827206;6.38000011;6.37814379;6.37753582;6.3784318;6.38147211;6.3801918;6.37811184;6.38012791;6.37814379;6.37606382;6.3801918;6.37609577;6.37609577;6.38015985,20,6.379590296745301,0.006179983227835063,6.375936031341553,6.4048638343811035,passed,0,0.0,0.0,0.0,0.0,0.0,0.0,0.0,138639,0,full_state,passed,,6.378191947937012,nan,nan,nan,nan,nan,nan,nan,nan,nan,nan,6.5701703299586915
globalatomic_cudagraph,flybrain,NVIDIA GeForce RTX 5090,2.11.0+cu128,12.8,default,0.00038162477337341094,,,,,,095cd27f665a18e1,1,138639,256,1,15091983,108.85813515677407,flybrain,1,9783,163.19999046318512,1.499198844699568,0.4816346156348125,288.0,599.6199999999953,1.0,0.0,0.0,0.0,0.0,0.0,0.0,0.0,0,0.0,0.0,0,0.0,0.0,0.0,0.0,sampled_16_timesteps_max_2048_sources,converged,50.0,0.0,0.0,0.0,True,20,SpMV,CUSPARSE_SPMV_ALG_DEFAULT,,nan,torch_cuda_event_cudagraph_replay,gpu_execution,full_rsnn,device_adapted,independent_inference,sparse_only,"(256, 1, 138639)","(256, 1, 138639)",138639,138639,1,1,BN,spmspv_csc_dense_device,spmspv_csc_dense_device,none,False,False,True,0,torch.int64,torch.float32,torch.float32,dense_device,,,False,False,False,False,False,True,1.0,554556,325842920,325842920,0,0,False,unknown,unknown,unknown,unknown,unknown,,11.3487682;11.3277121;11.3291836;11.3280964;11.3262081;11.3290558;11.3280964;11.3270397;11.3260479;11.3281603;11.3266239;11.3280964;11.3311996;11.3301764;11.3240643;11.3250561;11.3260803;11.3250875;11.3260803;11.3281279,20,11.328448057174683,0.0051031149007388105,11.324064254760742,11.34876823425293,passed,0,0.0,0.0,0.0,0.0,0.0,0.0,0.0,138639,0,full_state,passed,,11.327904224395752,nan,nan,nan,nan,nan,nan,nan,nan,nan,nan,3.699343379410723
vdha_cudagraph,flybrain,NVIDIA GeForce RTX 5090,2.11.0+cu128,12.8,default,0.00038162477337341094,,,,,,095cd27f665a18e1,1,138639,256,1,15091983,108.85813515677407,flybrain,1,9783,163.19999046318512,1.499198844699568,0.4816346156348125,288.0,599.6199999999953,1.0,0.0,0.0,0.0,0.0,0.0,0.0,0.0,0,0.0,0.0,0,0.0,0.0,0.0,0.0,sampled_16_timesteps_max_2048_sources,converged,50.0,0.0,0.0,0.0,True,20,SpMV,CUSPARSE_SPMV_ALG_DEFAULT,,nan,torch_cuda_event_cudagraph_replay,gpu_execution,full_rsnn,device_adapted,independent_inference,sparse_only,"(256, 1, 138639)","(256, 1, 138639)",138639,138639,1,1,BN,spmspv_csc_dense_device,spmspv_csc_dense_device,none,False,False,True,0,torch.int64,torch.float32,torch.float32,dense_device,,,False,False,False,False,False,True,1.0,554556,325842920,325842920,0,0,False,unknown,unknown,unknown,unknown,unknown,,6.66409588;6.650208;6.65049601;6.65046406;6.65052795;6.65305614;6.65043211;6.64230394;6.65046406;6.65254402;6.65052795;6.65167999;6.65187216;6.64790392;6.65254402;6.65254402;6.64847994;6.6515522;6.65049601;6.64844799,20,6.651032018661499,0.0038725602390409005,6.642303943634033,6.664095878601074,passed,0,0.0,0.0,0.0,0.0,0.0,0.0,0.0,138639,0,full_state,passed,,6.650511980056763,nan,nan,nan,nan,nan,nan,nan,nan,nan,nan,6.301140065724612
persistent_spike_block,flybrain,NVIDIA GeForce RTX 5090,2.11.0+cu128,12.8,default,0.00038162477337341094,,,,,,095cd27f665a18e1,1,138639,256,1,15091983,108.85813515677407,flybrain,1,9783,163.19999046318512,1.499198844699568,0.4816346156348125,288.0,599.6199999999953,1.0,0.0,0.0,0.0,0.0,0.0,0.0,0.0,0,0.0,0.0,0,0.0,0.0,0.0,0.0,sampled_16_timesteps_max_2048_sources,converged,50.0,0.0,0.0,0.0,True,20,SpMV,CUSPARSE_SPMV_ALG_DEFAULT,,nan,torch_cuda_event,gpu_execution,full_rsnn,device_native,independent_inference,full_fusion,"(256, 1, 138639)","(256, 1, 138639)",138639,138639,1,1,BN,event_csr,event_csr,dense_to_events_precomputed,False,True,True,0,torch.int32,torch.float32,torch.float32,windowed_events,,,False,False,False,False,False,False,1.0,3685120,122400564,122400564,0,0,False,unknown,unknown,unknown,unknown,unknown,,2.15228796;2.08182406;2.08067203;2.0822401;2.08073592;2.08166409;2.07868791;2.082304;2.08080006;2.08169603;2.080832;2.08438396;2.0829761;2.08428788;2.08073592;2.08425593;2.08076811;2.08428788;2.08076811;2.08383989,20,2.085502398014069,0.01579939292718227,2.078687906265259,2.1522879600524902,passed,0,0.0,0.0,0.0,0.0,0.0,0.0,0.0,138639,0,full_state,passed,,2.081760048866272,nan,nan,nan,nan,nan,nan,20.129989293405416,nan,nan,nan,20.129989293405416
cusparse_direct_cudagraph,flybrain,NVIDIA GeForce RTX 5090,2.11.0+cu128,12.8,default,0.00038162477337341094,,,,,,bdae60c35a7b5fc0,1,138639,256,1,15091983,108.85813515677407,flybrain,1,9783,163.19999046318512,1.499198844699568,0.4816346156348125,288.0,599.6199999999953,1.0,0.0001,0.0001,9.999553697011664e-05,0.1,0.09999553697011664,13.86328125,14.0,15,1487.1953125,2267.5,6011,0.01601651081688019,0.016016510816880193,0.027869554559314516,1.0819949281487744,sampled_16_timesteps_max_2048_sources,converged,1.055908203125,0.0001,9.999553731177002e-05,4.462688229982877e-09,True,20,SpMV,CUSPARSE_SPMV_ALG_DEFAULT,,nan,torch_cuda_event,gpu_execution,full_rsnn,device_native,independent_inference,sparse_only,"(256, 1, 138639)","(256, 1, 138639)",138639,138639,1,1,BN,csr_post_by_pre,csr_post_by_pre,none,False,False,True,0,torch.int32,torch.float32,torch.float32,dense,,,False,False,False,False,False,True,1.0,58960,406886764,406886764,0,0,False,unknown,unknown,unknown,unknown,unknown,,41.9659843;41.9015694;41.8689613;41.8832626;41.8566399;41.8545914;41.8648643;41.866848;41.8586884;41.8566399;41.8484497;41.8852806;41.8628159;41.8587189;41.8587189;41.862751;41.8484497;41.8709755;41.8709755;41.8484497,20,41.86968173980713,0.026288459260179958,41.84844970703125,41.96598434448242,passed,0,0.0,5.960464477539063e-08,1.862645149230957e-09,2.969960632981383e-07,3.6997255392634543e-07,2.969960632981383e-07,3.6997255392634543e-07,138639,0,full_state,passed,,41.862783432006836,nan,nan,nan,nan,nan,nan,1.0,nan,nan,nan,1.0
tilespmspv_cudagraph,flybrain,NVIDIA GeForce RTX 5090,2.11.0+cu128,12.8,default,0.00038162477337341094,,,,,,bdae60c35a7b5fc0,1,138639,256,1,15091983,108.85813515677407,flybrain,1,9783,163.19999046318512,1.499198844699568,0.4816346156348125,288.0,599.6199999999953,1.0,0.0001,0.0001,9.999553697011664e-05,0.1,0.09999553697011664,13.86328125,14.0,15,1487.1953125,2267.5,6011,0.01601651081688019,0.016016510816880193,0.027869554559314516,1.0819949281487744,sampled_16_timesteps_max_2048_sources,converged,1.055908203125,0.0001,9.999553731177002e-05,4.462688229982877e-09,True,20,SpMV,CUSPARSE_SPMV_ALG_DEFAULT,,nan,torch_cuda_event_cudagraph_replay,gpu_execution,full_rsnn,device_adapted,independent_inference,sparse_only,"(256, 1, 138639)","(256, 1, 138639)",138639,138639,1,1,BN,spmspv_csc_dense_device,spmspv_csc_dense_device,none,False,False,True,0,torch.int64,torch.float32,torch.float32,dense_device,,,False,False,False,False,False,True,1.0,554556,325842920,325842920,0,0,False,unknown,unknown,unknown,unknown,unknown,,6.53718376;6.51724815;6.51948786;6.51929617;6.52153587;6.51955223;6.51724815;6.51743984;6.517344;6.51427221;6.51696014;6.51945591;6.52150393;6.52150393;6.51740789;6.51740789;6.51737595;6.52351999;6.51433611;6.52147198,20,6.519577598571777,0.004799192048026168,6.514272212982178,6.53718376159668,passed,0,0.0,0.0,0.0,0.0,0.0,0.0,0.0,138639,0,full_state,passed,,6.5183680057525635,nan,nan,nan,nan,nan,nan,nan,nan,nan,nan,6.422279839840626
globalatomic_cudagraph,flybrain,NVIDIA GeForce RTX 5090,2.11.0+cu128,12.8,default,0.00038162477337341094,,,,,,bdae60c35a7b5fc0,1,138639,256,1,15091983,108.85813515677407,flybrain,1,9783,163.19999046318512,1.499198844699568,0.4816346156348125,288.0,599.6199999999953,1.0,0.0001,0.0001,9.999553697011664e-05,0.1,0.09999553697011664,13.86328125,14.0,15,1487.1953125,2267.5,6011,0.01601651081688019,0.016016510816880193,0.027869554559314516,1.0819949281487744,sampled_16_timesteps_max_2048_sources,converged,1.055908203125,0.0001,9.999553731177002e-05,4.462688229982877e-09,True,20,SpMV,CUSPARSE_SPMV_ALG_DEFAULT,,nan,torch_cuda_event_cudagraph_replay,gpu_execution,full_rsnn,device_adapted,independent_inference,sparse_only,"(256, 1, 138639)","(256, 1, 138639)",138639,138639,1,1,BN,spmspv_csc_dense_device,spmspv_csc_dense_device,none,False,False,True,0,torch.int64,torch.float32,torch.float32,dense_device,,,False,False,False,False,False,True,1.0,554556,325842920,325842920,0,0,False,unknown,unknown,unknown,unknown,unknown,,11.3516483;11.3421116;11.3394241;11.336256;11.3415356;11.3382721;11.3363199;11.3414402;11.3384962;11.3454399;11.3379517;11.3383999;11.3394241;11.3363523;11.3353281;11.3404484;11.3383684;11.3394241;11.3363199;11.3373756,20,11.339516830444335,0.003759071326182529,11.335328102111816,11.351648330688477,passed,0,0.0,0.0,0.0,0.0,0.0,0.0,0.0,138639,0,full_state,passed,,11.33844804763794,nan,nan,nan,nan,nan,nan,nan,nan,nan,nan,3.692108766219361
vdha_cudagraph,flybrain,NVIDIA GeForce RTX 5090,2.11.0+cu128,12.8,default,0.00038162477337341094,,,,,,bdae60c35a7b5fc0,1,138639,256,1,15091983,108.85813515677407,flybrain,1,9783,163.19999046318512,1.499198844699568,0.4816346156348125,288.0,599.6199999999953,1.0,0.0001,0.0001,9.999553697011664e-05,0.1,0.09999553697011664,13.86328125,14.0,15,1487.1953125,2267.5,6011,0.01601651081688019,0.016016510816880193,0.027869554559314516,1.0819949281487744,sampled_16_timesteps_max_2048_sources,converged,1.055908203125,0.0001,9.999553731177002e-05,4.462688229982877e-09,True,20,SpMV,CUSPARSE_SPMV_ALG_DEFAULT,,nan,torch_cuda_event_cudagraph_replay,gpu_execution,full_rsnn,device_adapted,independent_inference,sparse_only,"(256, 1, 138639)","(256, 1, 138639)",138639,138639,1,1,BN,spmspv_csc_dense_device,spmspv_csc_dense_device,none,False,False,True,0,torch.int64,torch.float32,torch.float32,dense_device,,,False,False,False,False,False,True,1.0,554556,325842920,325842920,0,0,False,unknown,unknown,unknown,unknown,unknown,,10.0815039;10.0561275;10.0604162;10.0619516;10.0615997;10.0583677;10.0604162;10.0604477;10.0604162;10.0630398;10.0644798;10.0603838;10.0626879;10.0576639;10.0614719;10.0562878;10.0562878;10.0624962;10.0604162;10.0614719,20,10.06139669418335,0.005274500456560852,10.056127548217773,10.081503868103027,passed,0,0.0,1.862645149230957e-09,0.0,9.311393434074944e-09,0.0,9.311393434074944e-09,0.0,138639,0,full_state,passed,,10.060431957244873,nan,nan,nan,nan,nan,nan,nan,nan,nan,nan,4.161131809242044
persistent_spike_block,flybrain,NVIDIA GeForce RTX 5090,2.11.0+cu128,12.8,default,0.00038162477337341094,,,,,,bdae60c35a7b5fc0,1,138639,256,1,15091983,108.85813515677407,flybrain,1,9783,163.19999046318512,1.499198844699568,0.4816346156348125,288.0,599.6199999999953,1.0,0.0001,0.0001,9.999553697011664e-05,0.1,0.09999553697011664,13.86328125,14.0,15,1487.1953125,2267.5,6011,0.01601651081688019,0.016016510816880193,0.027869554559314516,1.0819949281487744,sampled_16_timesteps_max_2048_sources,converged,1.055908203125,0.0001,9.999553731177002e-05,4.462688229982877e-09,True,20,SpMV,CUSPARSE_SPMV_ALG_DEFAULT,,nan,torch_cuda_event,gpu_execution,full_rsnn,device_native,independent_inference,full_fusion,"(256, 1, 138639)","(256, 1, 138639)",138639,138639,1,1,BN,event_csr,event_csr,dense_to_events_precomputed,False,True,True,0,torch.int32,torch.float32,torch.float32,windowed_events,,,False,False,False,False,False,False,1.0,3685120,122414760,122414760,0,0,False,unknown,unknown,unknown,unknown,unknown,,3.13660789;3.06572795;3.06275201;3.06527996;3.06278396;3.06624007;3.05910397;3.0646081;3.06486392;3.06262398;3.06489611;3.06470394;3.06707191;3.06624007;3.06592011;3.06217599;3.06380796;3.0682559;3.05971193;3.06687999,20,3.0680127859115602,0.01631452921380549,3.0591039657592773,3.1366078853607178,passed,0,0.0,2.9802322387695312e-08,4.656612873077393e-10,1.4849803164906916e-07,9.294904401713211e-08,1.4849803164906916e-07,9.294904401713211e-08,138639,0,full_state,passed,,3.0648800134658813,nan,nan,nan,nan,nan,nan,13.658865354623403,nan,nan,nan,13.658865354623403
cusparse_direct_cudagraph,flybrain,NVIDIA GeForce RTX 5090,2.11.0+cu128,12.8,default,0.00038162477337341094,,,,,,7b52a35ed5582490,1,138639,256,1,15091983,108.85813515677407,flybrain,1,9783,163.19999046318512,1.499198844699568,0.4816346156348125,288.0,599.6199999999953,1.0,0.0002,0.0002,0.00019999107394023328,0.2,0.19999107394023327,27.7265625,28.0,31,3011.69921875,4659.0,8463,0.034120787144270706,0.03412078714427071,0.01815391791247632,1.1180614257537334,sampled_16_timesteps_max_2048_sources,converged,1.104736328125,0.0002,0.00019999107462354004,8.925376459965753e-09,True,20,SpMV,CUSPARSE_SPMV_ALG_DEFAULT,,nan,torch_cuda_event,gpu_execution,full_rsnn,device_native,independent_inference,sparse_only,"(256, 1, 138639)","(256, 1, 138639)",138639,138639,1,1,BN,csr_post_by_pre,csr_post_by_pre,none,False,False,True,0,torch.int32,torch.float32,torch.float32,dense,,,False,False,False,False,False,True,1.0,58960,406886764,406886764,0,0,False,unknown,unknown,unknown,unknown,unknown,,41.9452171;41.8872948;41.8566399;41.8566399;41.8402557;41.8894386;41.8914566;41.8935051;41.868927;41.8566704;41.8607368;41.8504944;41.8688965;41.8484497;41.8505287;41.8648338;41.8607368;41.8709755;41.8361588;41.8546257,20,41.86762409210205,0.024560543449619304,41.836158752441406,41.94521713256836,passed,0,0.0,5.960464477539063e-08,3.725290298461914e-09,2.9740516538367956e-07,7.374997608167178e-07,2.9740516538367956e-07,7.374997608167178e-07,138639,0,full_state,passed,,41.86073684692383,nan,nan,nan,nan,nan,nan,1.0,nan,nan,nan,1.0
tilespmspv_cudagraph,flybrain,NVIDIA GeForce RTX 5090,2.11.0+cu128,12.8,default,0.00038162477337341094,,,,,,7b52a35ed5582490,1,138639,256,1,15091983,108.85813515677407,flybrain,1,9783,163.19999046318512,1.499198844699568,0.4816346156348125,288.0,599.6199999999953,1.0,0.0002,0.0002,0.00019999107394023328,0.2,0.19999107394023327,27.7265625,28.0,31,3011.69921875,4659.0,8463,0.034120787144270706,0.03412078714427071,0.01815391791247632,1.1180614257537334,sampled_16_timesteps_max_2048_sources,converged,1.104736328125,0.0002,0.00019999107462354004,8.925376459965753e-09,True,20,SpMV,CUSPARSE_SPMV_ALG_DEFAULT,,nan,torch_cuda_event_cudagraph_replay,gpu_execution,full_rsnn,device_adapted,independent_inference,sparse_only,"(256, 1, 138639)","(256, 1, 138639)",138639,138639,1,1,BN,spmspv_csc_dense_device,spmspv_csc_dense_device,none,False,False,True,0,torch.int64,torch.float32,torch.float32,dense_device,,,False,False,False,False,False,True,1.0,554556,325842920,325842920,0,0,False,unknown,unknown,unknown,unknown,unknown,,6.58617592;6.56835222;6.5743041;6.57011223;6.57219219;6.56672001;6.57052803;6.56550407;6.56857586;6.56655979;6.5700798;6.56854391;6.56652784;6.56860781;6.56451178;6.57366419;6.57062387;6.56857586;6.5664959;6.56652784,20,6.569659161567688,0.0046844027804605086,6.564511775970459,6.586175918579102,passed,0,0.0,4.656612873077393e-10,1.1641532182693481e-10,2.3281570005195817e-09,2.32696848456726e-08,2.3281570005195817e-09,2.32696848456726e-08,138639,0,full_state,passed,,6.568575859069824,nan,nan,nan,nan,nan,nan,nan,nan,nan,nan,6.372878649048856
globalatomic_cudagraph,flybrain,NVIDIA GeForce RTX 5090,2.11.0+cu128,12.8,default,0.00038162477337341094,,,,,,7b52a35ed5582490,1,138639,256,1,15091983,108.85813515677407,flybrain,1,9783,163.19999046318512,1.499198844699568,0.4816346156348125,288.0,599.6199999999953,1.0,0.0002,0.0002,0.00019999107394023328,0.2,0.19999107394023327,27.7265625,28.0,31,3011.69921875,4659.0,8463,0.034120787144270706,0.03412078714427071,0.01815391791247632,1.1180614257537334,sampled_16_timesteps_max_2048_sources,converged,1.104736328125,0.0002,0.00019999107462354004,8.925376459965753e-09,True,20,SpMV,CUSPARSE_SPMV_ALG_DEFAULT,,nan,torch_cuda_event_cudagraph_replay,gpu_execution,full_rsnn,device_adapted,independent_inference,sparse_only,"(256, 1, 138639)","(256, 1, 138639)",138639,138639,1,1,BN,spmspv_csc_dense_device,spmspv_csc_dense_device,none,False,False,True,0,torch.int64,torch.float32,torch.float32,dense_device,,,False,False,False,False,False,True,1.0,554556,325842920,325842920,0,0,False,unknown,unknown,unknown,unknown,unknown,,11.3568964;11.344512;11.3511038;11.3481598;11.3470716;11.3440962;11.3461761;11.3449917;11.3480644;11.3451519;11.3481598;11.344512;11.3455677;11.3424644;11.3434877;11.3486404;11.344512;11.3455677;11.344512;11.3434877,20,11.346356773376465,0.003274229898497546,11.342464447021484,11.35689640045166,passed,0,0.0,4.656612873077393e-10,1.1641532182693481e-10,2.3281570005195817e-09,2.32696848456726e-08,2.3281570005195817e-09,2.32696848456726e-08,138639,0,full_state,passed,,11.345359802246094,nan,nan,nan,nan,nan,nan,nan,nan,nan,nan,3.6896790914146647
vdha_cudagraph,flybrain,NVIDIA GeForce RTX 5090,2.11.0+cu128,12.8,default,0.00038162477337341094,,,,,,7b52a35ed5582490,1,138639,256,1,15091983,108.85813515677407,flybrain,1,9783,163.19999046318512,1.499198844699568,0.4816346156348125,288.0,599.6199999999953,1.0,0.0002,0.0002,0.00019999107394023328,0.2,0.19999107394023327,27.7265625,28.0,31,3011.69921875,4659.0,8463,0.034120787144270706,0.03412078714427071,0.01815391791247632,1.1180614257537334,sampled_16_timesteps_max_2048_sources,converged,1.104736328125,0.0002,0.00019999107462354004,8.925376459965753e-09,True,20,SpMV,CUSPARSE_SPMV_ALG_DEFAULT,,nan,torch_cuda_event_cudagraph_replay,gpu_execution,full_rsnn,device_adapted,independent_inference,sparse_only,"(256, 1, 138639)","(256, 1, 138639)",138639,138639,1,1,BN,spmspv_csc_dense_device,spmspv_csc_dense_device,none,False,False,True,0,torch.int64,torch.float32,torch.float32,dense_device,,,False,False,False,False,False,True,1.0,554556,325842920,325842920,0,0,False,unknown,unknown,unknown,unknown,unknown,,11.2899837;11.2768316;11.2738876;11.2770557;11.276288;11.2740164;11.2790079;11.2728319;11.2719364;11.2767677;11.2738237;11.2703037;11.2729282;11.275424;11.2748804;11.2728643;11.2738562;11.2728319;11.2799997;11.3035841,20,11.276955175399781,0.00751602001631209,11.270303726196289,11.303584098815918,passed,0,0.0,1.862645149230957e-09,1.1641532182693481e-10,9.31321331165691e-09,2.32696848456726e-08,9.31321331165691e-09,2.32696848456726e-08,138639,0,full_state,passed,,11.27444839477539,nan,nan,nan,nan,nan,nan,nan,nan,nan,nan,3.712885578182451
persistent_spike_block,flybrain,NVIDIA GeForce RTX 5090,2.11.0+cu128,12.8,default,0.00038162477337341094,,,,,,7b52a35ed5582490,1,138639,256,1,15091983,108.85813515677407,flybrain,1,9783,163.19999046318512,1.499198844699568,0.4816346156348125,288.0,599.6199999999953,1.0,0.0002,0.0002,0.00019999107394023328,0.2,0.19999107394023327,27.7265625,28.0,31,3011.69921875,4659.0,8463,0.034120787144270706,0.03412078714427071,0.01815391791247632,1.1180614257537334,sampled_16_timesteps_max_2048_sources,converged,1.104736328125,0.0002,0.00019999107462354004,8.925376459965753e-09,True,20,SpMV,CUSPARSE_SPMV_ALG_DEFAULT,,nan,torch_cuda_event,gpu_execution,full_rsnn,device_native,independent_inference,full_fusion,"(256, 1, 138639)","(256, 1, 138639)",138639,138639,1,1,BN,event_csr,event_csr,dense_to_events_precomputed,False,True,True,0,torch.int32,torch.float32,torch.float32,windowed_events,,,False,False,False,False,False,False,1.0,3685120,122428956,122428956,0,0,False,unknown,unknown,unknown,unknown,unknown,,3.44524789;3.37872005;3.37113595;3.37958407;3.38035202;3.37996793;3.38016009;3.38064003;3.38025594;3.38448;3.38121605;3.38185596;3.38329601;3.38470411;3.37827206;3.38060808;3.38025594;3.37913609;3.37305593;3.37612796,20,3.382953608036041,0.01502486647659322,3.371135950088501,3.4452478885650635,passed,0,0.0,5.960464477539063e-08,1.862645149230957e-09,2.9657775257874164e-07,3.699077524288441e-07,2.9657775257874164e-07,3.699077524288441e-07,138639,0,full_state,passed,,3.380255937576294,nan,nan,nan,nan,nan,nan,12.383895663515572,nan,nan,nan,12.383895663515572
cusparse_direct_cudagraph,flybrain,NVIDIA GeForce RTX 5090,2.11.0+cu128,12.8,default,0.00038162477337341094,,,,,,b0d0a05d76d189b9,1,138639,256,1,15091983,108.85813515677407,flybrain,1,9783,163.19999046318512,1.499198844699568,0.4816346156348125,288.0,599.6199999999953,1.0,0.0005,0.0005,0.0005000058605442913,0.5,0.5000058605442913,69.3203125,70.0,87,8213.0625,15953.0,19469,0.06718914919354046,0.06718914919354046,0.020633601810485305,1.2550433900597318,sampled_16_timesteps_max_2048_sources,converged,1.088714599609375,0.0005,0.000500005844514817,5.844514816989027e-09,True,20,SpMV,CUSPARSE_SPMV_ALG_DEFAULT,,nan,torch_cuda_event,gpu_execution,full_rsnn,device_native,independent_inference,sparse_only,"(256, 1, 138639)","(256, 1, 138639)",138639,138639,1,1,BN,csr_post_by_pre,csr_post_by_pre,none,False,False,True,0,torch.int32,torch.float32,torch.float32,dense,,,False,False,False,False,False,True,1.0,58960,406886764,406886764,0,0,False,unknown,unknown,unknown,unknown,unknown,,41.92976;41.8484154;41.8648338;41.8361282;41.8668785;41.8504944;41.8627853;41.8545914;41.8648338;41.8341103;41.8648338;41.8607368;41.8402557;41.8668785;41.8443527;41.8423347;41.8668785;41.8525429;41.8505287;41.8515205,20,41.8576847076416,0.020049263706464815,41.834110260009766,41.92975997924805,passed,0,0.0,2.384185791015625e-07,1.1175870895385742e-08,1.1743678669517976e-06,2.182552407248295e-06,1.1743678669517976e-06,2.182552407248295e-06,138639,0,full_state,passed,,41.853567123413086,nan,nan,nan,nan,nan,nan,1.0,nan,nan,nan,1.0
tilespmspv_cudagraph,flybrain,NVIDIA GeForce RTX 5090,2.11.0+cu128,12.8,default,0.00038162477337341094,,,,,,b0d0a05d76d189b9,1,138639,256,1,15091983,108.85813515677407,flybrain,1,9783,163.19999046318512,1.499198844699568,0.4816346156348125,288.0,599.6199999999953,1.0,0.0005,0.0005,0.0005000058605442913,0.5,0.5000058605442913,69.3203125,70.0,87,8213.0625,15953.0,19469,0.06718914919354046,0.06718914919354046,0.020633601810485305,1.2550433900597318,sampled_16_timesteps_max_2048_sources,converged,1.088714599609375,0.0005,0.000500005844514817,5.844514816989027e-09,True,20,SpMV,CUSPARSE_SPMV_ALG_DEFAULT,,nan,torch_cuda_event_cudagraph_replay,gpu_execution,full_rsnn,device_adapted,independent_inference,sparse_only,"(256, 1, 138639)","(256, 1, 138639)",138639,138639,1,1,BN,spmspv_csc_dense_device,spmspv_csc_dense_device,none,False,False,True,0,torch.int64,torch.float32,torch.float32,dense_device,,,False,False,False,False,False,True,1.0,554556,325842920,325842920,0,0,False,unknown,unknown,unknown,unknown,unknown,,6.64633608;6.63161612;6.63628817;6.63411188;6.63564777;6.63632011;6.63520002;6.63823986;6.62793589;6.63011217;6.637568;6.63414383;6.63308811;6.63411188;6.6300478;6.63414383;6.63619184;6.63206387;6.63312006;6.63414383,20,6.634521555900574,0.0038089680541396912,6.627935886383057,6.646336078643799,passed,0,0.0,3.91155481338501e-08,7.450580596923828e-09,1.9553262120552972e-07,1.4445237184190773e-06,1.9553262120552972e-07,1.4445237184190773e-06,138639,0,full_state,passed,,6.634143829345703,nan,nan,nan,nan,nan,nan,nan,nan,nan,nan,6.308812139145455
globalatomic_cudagraph,flybrain,NVIDIA GeForce RTX 5090,2.11.0+cu128,12.8,default,0.00038162477337341094,,,,,,b0d0a05d76d189b9,1,138639,256,1,15091983,108.85813515677407,flybrain,1,9783,163.19999046318512,1.499198844699568,0.4816346156348125,288.0,599.6199999999953,1.0,0.0005,0.0005,0.0005000058605442913,0.5,0.5000058605442913,69.3203125,70.0,87,8213.0625,15953.0,19469,0.06718914919354046,0.06718914919354046,0.020633601810485305,1.2550433900597318,sampled_16_timesteps_max_2048_sources,converged,1.088714599609375,0.0005,0.000500005844514817,5.844514816989027e-09,True,20,SpMV,CUSPARSE_SPMV_ALG_DEFAULT,,nan,torch_cuda_event_cudagraph_replay,gpu_execution,full_rsnn,device_adapted,independent_inference,sparse_only,"(256, 1, 138639)","(256, 1, 138639)",138639,138639,1,1,BN,spmspv_csc_dense_device,spmspv_csc_dense_device,none,False,False,True,0,torch.int64,torch.float32,torch.float32,dense_device,,,False,False,False,False,False,True,1.0,554556,325842920,325842920,0,0,False,unknown,unknown,unknown,unknown,unknown,,11.3781118;11.3663683;11.3676481;11.3686724;11.3676157;11.3686399;11.3666563;11.3635521;11.362464;11.3635521;11.3664961;11.3639364;11.3711042;11.3649921;11.3640003;11.3650236;11.3660164;11.3670721;11.3690882;11.3619204,20,11.366646528244019,0.0036032470042859296,11.361920356750488,11.378111839294434,passed,0,0.0,3.91155481338501e-08,7.450580596923828e-09,1.9553262120552972e-07,1.4445237184190773e-06,1.9553262120552972e-07,1.4445237184190773e-06,138639,0,full_state,passed,,11.366432189941406,nan,nan,nan,nan,nan,nan,nan,nan,nan,nan,3.6822079632385365
vdha_cudagraph,flybrain,NVIDIA GeForce RTX 5090,2.11.0+cu128,12.8,default,0.00038162477337341094,,,,,,b0d0a05d76d189b9,1,138639,256,1,15091983,108.85813515677407,flybrain,1,9783,163.19999046318512,1.499198844699568,0.4816346156348125,288.0,599.6199999999953,1.0,0.0005,0.0005,0.0005000058605442913,0.5,0.5000058605442913,69.3203125,70.0,87,8213.0625,15953.0,19469,0.06718914919354046,0.06718914919354046,0.020633601810485305,1.2550433900597318,sampled_16_timesteps_max_2048_sources,converged,1.088714599609375,0.0005,0.000500005844514817,5.844514816989027e-09,True,20,SpMV,CUSPARSE_SPMV_ALG_DEFAULT,,nan,torch_cuda_event_cudagraph_replay,gpu_execution,full_rsnn,device_adapted,independent_inference,sparse_only,"(256, 1, 138639)","(256, 1, 138639)",138639,138639,1,1,BN,spmspv_csc_dense_device,spmspv_csc_dense_device,none,False,False,True,0,torch.int64,torch.float32,torch.float32,dense_device,,,False,False,False,False,False,True,1.0,554556,325842920,325842920,0,0,False,unknown,unknown,unknown,unknown,unknown,,11.6065598;11.5976324;11.6024961;11.5974398;11.5903044;11.5954561;11.6021757;11.5994558;11.5979843;11.5973759;11.5984964;11.5933762;11.5980482;11.597024;11.6005116;11.5933762;11.594368;11.5994883;11.5933762;11.5923204,20,11.59736328125,0.003912046951038468,11.590304374694824,11.606559753417969,passed,0,0.0,3.91155481338501e-08,7.450580596923828e-09,1.9553262120552972e-07,1.4445237184190773e-06,1.9553262120552972e-07,1.4445237184190773e-06,138639,0,full_state,passed,,11.597536087036133,nan,nan,nan,nan,nan,nan,nan,nan,nan,nan,3.608832670087357
persistent_spike_block,flybrain,NVIDIA GeForce RTX 5090,2.11.0+cu128,12.8,default,0.00038162477337341094,,,,,,b0d0a05d76d189b9,1,138639,256,1,15091983,108.85813515677407,flybrain,1,9783,163.19999046318512,1.499198844699568,0.4816346156348125,288.0,599.6199999999953,1.0,0.0005,0.0005,0.0005000058605442913,0.5,0.5000058605442913,69.3203125,70.0,87,8213.0625,15953.0,19469,0.06718914919354046,0.06718914919354046,0.020633601810485305,1.2550433900597318,sampled_16_timesteps_max_2048_sources,converged,1.088714599609375,0.0005,0.000500005844514817,5.844514816989027e-09,True,20,SpMV,CUSPARSE_SPMV_ALG_DEFAULT,,nan,torch_cuda_event,gpu_execution,full_rsnn,device_native,independent_inference,full_fusion,"(256, 1, 138639)","(256, 1, 138639)",138639,138639,1,1,BN,event_csr,event_csr,dense_to_events_precomputed,False,True,True,0,torch.int32,torch.float32,torch.float32,windowed_events,,,False,False,False,False,False,False,1.0,3685120,122471548,122471548,0,0,False,unknown,unknown,unknown,unknown,unknown,,3.84243202;3.7988801;3.80009604;3.80563211;3.79379201;3.79843211;3.79590392;3.79327989;3.79801607;3.78969598;3.79910398;3.79689598;3.80025601;3.79331207;3.79788804;3.79737592;3.79494405;3.80047989;3.80006409;3.80006409,20,3.799827218055725,0.010608553251353667,3.789695978164673,3.8424320220947266,passed,0,0.0,7.152557373046875e-07,7.450580596923828e-09,3.523103487168555e-06,1.4680684898848995e-06,3.523103487168555e-06,1.4680684898848995e-06,138639,0,full_state,passed,,3.798224091529846,nan,nan,nan,nan,nan,nan,11.019246393794353,nan,nan,nan,11.019246393794353
cusparse_direct_cudagraph,flybrain,NVIDIA GeForce RTX 5090,2.11.0+cu128,12.8,default,0.00038162477337341094,,,,,,307f194623fea176,1,138639,256,1,15091983,108.85813515677407,flybrain,1,9783,163.19999046318512,1.499198844699568,0.4816346156348125,288.0,599.6199999999953,1.0,0.001,0.001,0.0010000117210885826,1.0,1.0000117210885826,138.640625,140.0,211,17676.91015625,26180.0,37910,0.12483897969737211,0.12483897969737211,0.036946658249375965,1.5219204327735827,sampled_16_timesteps_max_2048_sources,converged,1.1343002319335938,0.001,0.001000011689029634,1.1689029633978054e-08,True,20,SpMV,CUSPARSE_SPMV_ALG_DEFAULT,,nan,torch_cuda_event,gpu_execution,full_rsnn,device_native,independent_inference,sparse_only,"(256, 1, 138639)","(256, 1, 138639)",138639,138639,1,1,BN,csr_post_by_pre,csr_post_by_pre,none,False,False,True,0,torch.int32,torch.float32,torch.float32,dense,,,False,False,False,False,False,True,1.0,58960,406886764,406886764,0,0,False,unknown,unknown,unknown,unknown,unknown,,42.0006714;41.8892479;41.8382416;41.8566399;41.8627853;41.8709755;41.8484497;41.8341103;41.8443527;41.8341103;41.8443527;41.8566093;41.8320656;41.8504944;41.8361588;41.8484497;41.8566399;41.8443527;41.8474236;41.8464012,20,41.85712661743164,0.036446466265089884,41.83206558227539,42.00067138671875,passed,0,0.0,2.384185791015625e-07,1.4901161193847656e-08,1.173773512164189e-06,2.8962806482013548e-06,1.173773512164189e-06,2.8962806482013548e-06,138639,0,full_state,passed,,41.84793663024902,nan,nan,nan,nan,nan,nan,1.0,nan,nan,nan,1.0
tilespmspv_cudagraph,flybrain,NVIDIA GeForce RTX 5090,2.11.0+cu128,12.8,default,0.00038162477337341094,,,,,,307f194623fea176,1,138639,256,1,15091983,108.85813515677407,flybrain,1,9783,163.19999046318512,1.499198844699568,0.4816346156348125,288.0,599.6199999999953,1.0,0.001,0.001,0.0010000117210885826,1.0,1.0000117210885826,138.640625,140.0,211,17676.91015625,26180.0,37910,0.12483897969737211,0.12483897969737211,0.036946658249375965,1.5219204327735827,sampled_16_timesteps_max_2048_sources,converged,1.1343002319335938,0.001,0.001000011689029634,1.1689029633978054e-08,True,20,SpMV,CUSPARSE_SPMV_ALG_DEFAULT,,nan,torch_cuda_event_cudagraph_replay,gpu_execution,full_rsnn,device_adapted,independent_inference,sparse_only,"(256, 1, 138639)","(256, 1, 138639)",138639,138639,1,1,BN,spmspv_csc_dense_device,spmspv_csc_dense_device,none,False,False,True,0,torch.int64,torch.float32,torch.float32,dense_device,,,False,False,False,False,False,True,1.0,554556,325842920,325842920,0,0,False,unknown,unknown,unknown,unknown,unknown,,6.82899189;6.82159996;6.81599998;6.81190395;6.81500816;6.81443214;6.81420803;6.80815983;6.81078386;6.81651211;6.82201576;6.81228781;6.81129599;6.81027222;6.82051182;6.81638384;6.8194561;6.81027222;6.81228781;6.81436777,20,6.8153375625610355,0.005080132162175578,6.808159828186035,6.828991889953613,passed,0,0.0,1.1920928955078125e-07,1.4901161193847656e-08,5.918190595366468e-07,2.824749344654265e-06,5.918190595366468e-07,2.824749344654265e-06,138639,0,full_state,passed,,6.81439995765686,nan,nan,nan,nan,nan,nan,nan,nan,nan,nan,6.141103676080452
globalatomic_cudagraph,flybrain,NVIDIA GeForce RTX 5090,2.11.0+cu128,12.8,default,0.00038162477337341094,,,,,,307f194623fea176,1,138639,256,1,15091983,108.85813515677407,flybrain,1,9783,163.19999046318512,1.499198844699568,0.4816346156348125,288.0,599.6199999999953,1.0,0.001,0.001,0.0010000117210885826,1.0,1.0000117210885826,138.640625,140.0,211,17676.91015625,26180.0,37910,0.12483897969737211,0.12483897969737211,0.036946658249375965,1.5219204327735827,sampled_16_timesteps_max_2048_sources,converged,1.1343002319335938,0.001,0.001000011689029634,1.1689029633978054e-08,True,20,SpMV,CUSPARSE_SPMV_ALG_DEFAULT,,nan,torch_cuda_event_cudagraph_replay,gpu_execution,full_rsnn,device_adapted,independent_inference,sparse_only,"(256, 1, 138639)","(256, 1, 138639)",138639,138639,1,1,BN,spmspv_csc_dense_device,spmspv_csc_dense_device,none,False,False,True,0,torch.int64,torch.float32,torch.float32,dense_device,,,False,False,False,False,False,True,1.0,554556,325842920,325842920,0,0,False,unknown,unknown,unknown,unknown,unknown,,11.4010239;11.3825922;11.3845758;11.3854723;11.3864956;11.3890238;11.3849602;11.3840637;11.3829441;11.3866243;11.3890562;11.3844805;11.3875198;11.3875198;11.390624;11.3834238;11.3844481;11.3875198;11.3844805;11.3834562,20,11.386515235900879,0.004078572927512691,11.38259220123291,11.401023864746094,passed,0,0.0,2.384185791015625e-07,1.4901161193847656e-08,1.1703994005074492e-06,2.824749344654265e-06,1.1703994005074492e-06,2.824749344654265e-06,138639,0,full_state,passed,,11.385216236114502,nan,nan,nan,nan,nan,nan,nan,nan,nan,nan,3.6756382805892764
vdha_cudagraph,flybrain,NVIDIA GeForce RTX 5090,2.11.0+cu128,12.8,default,0.00038162477337341094,,,,,,307f194623fea176,1,138639,256,1,15091983,108.85813515677407,flybrain,1,9783,163.19999046318512,1.499198844699568,0.4816346156348125,288.0,599.6199999999953,1.0,0.001,0.001,0.0010000117210885826,1.0,1.0000117210885826,138.640625,140.0,211,17676.91015625,26180.0,37910,0.12483897969737211,0.12483897969737211,0.036946658249375965,1.5219204327735827,sampled_16_timesteps_max_2048_sources,converged,1.1343002319335938,0.001,0.001000011689029634,1.1689029633978054e-08,True,20,SpMV,CUSPARSE_SPMV_ALG_DEFAULT,,nan,torch_cuda_event_cudagraph_replay,gpu_execution,full_rsnn,device_adapted,independent_inference,sparse_only,"(256, 1, 138639)","(256, 1, 138639)",138639,138639,1,1,BN,spmspv_csc_dense_device,spmspv_csc_dense_device,none,False,False,True,0,torch.int64,torch.float32,torch.float32,dense_device,,,False,False,False,False,False,True,1.0,554556,325842920,325842920,0,0,False,unknown,unknown,unknown,unknown,unknown,,12.1755838;12.1603203;12.1647997;12.1646719;12.1555519;12.1647682;12.1626883;12.1545277;12.1668158;12.1596479;12.1539516;12.1647043;12.1606398;12.1581116;12.159584;12.1606398;12.1585922;12.1565437;12.1585922;12.1596165,20,12.161017560958863,0.004987955728508449,12.153951644897461,12.175583839416504,passed,0,0.0,2.384185791015625e-07,7.450580596923828e-09,1.170727841781627e-06,1.4751661865375354e-06,1.170727841781627e-06,1.4751661865375354e-06,138639,0,full_state,passed,,12.159984111785889,nan,nan,nan,nan,nan,nan,nan,nan,nan,nan,3.44144665367519
persistent_spike_block,flybrain,NVIDIA GeForce RTX 5090,2.11.0+cu128,12.8,default,0.00038162477337341094,,,,,,307f194623fea176,1,138639,256,1,15091983,108.85813515677407,flybrain,1,9783,163.19999046318512,1.499198844699568,0.4816346156348125,288.0,599.6199999999953,1.0,0.001,0.001,0.0010000117210885826,1.0,1.0000117210885826,138.640625,140.0,211,17676.91015625,26180.0,37910,0.12483897969737211,0.12483897969737211,0.036946658249375965,1.5219204327735827,sampled_16_timesteps_max_2048_sources,converged,1.1343002319335938,0.001,0.001000011689029634,1.1689029633978054e-08,True,20,SpMV,CUSPARSE_SPMV_ALG_DEFAULT,,nan,torch_cuda_event,gpu_execution,full_rsnn,device_native,independent_inference,full_fusion,"(256, 1, 138639)","(256, 1, 138639)",138639,138639,1,1,BN,event_csr,event_csr,dense_to_events_precomputed,False,True,True,0,torch.int32,torch.float32,torch.float32,windowed_events,,,False,False,False,False,False,False,1.0,3685120,122542532,122542532,0,0,False,unknown,unknown,unknown,unknown,unknown,,4.2432642;4.17481613;4.17526388;4.17705584;4.17782402;4.18108797;4.18604803;4.18287992;4.18547201;4.18726397;4.18598413;4.18294382;4.1917119;4.18508816;4.18345594;4.18508816;4.18710423;4.1912322;4.17791986;4.18508816,20,4.186329627037049,0.014225184394305111,4.174816131591797,4.243264198303223,passed,0,0.0,4.76837158203125e-07,1.862645149230957e-08,2.3246493583428673e-06,3.6512030874291668e-06,2.3246493583428673e-06,3.6512030874291668e-06,138639,0,full_state,passed,,4.185088157653809,nan,nan,nan,nan,nan,nan,9.999296323953493,nan,nan,nan,9.999296323953493
cusparse_direct_cudagraph,flybrain,NVIDIA GeForce RTX 5090,2.11.0+cu128,12.8,default,0.00038162477337341094,,,,,,5eae6f0f05d731bf,1,138639,256,1,15091983,108.85813515677407,flybrain,1,9783,163.19999046318512,1.499198844699568,0.4816346156348125,288.0,599.6199999999953,1.0,0.002,0.002,0.001971199707513759,2.0,1.9711997075137588,273.28515625,278.0,551,36932.2890625,50642.0,65606,0.2190910501994354,0.2190910501994354,0.06972959332077831,2.016209030745701,sampled_16_timesteps_max_2048_sources,nonmonotonic_best_effort,1.1766433715820312,0.002,0.00197119964286685,2.8800357133150142e-05,True,20,SpMV,CUSPARSE_SPMV_ALG_DEFAULT,,nan,torch_cuda_event,gpu_execution,full_rsnn,device_native,independent_inference,sparse_only,"(256, 1, 138639)","(256, 1, 138639)",138639,138639,1,1,BN,csr_post_by_pre,csr_post_by_pre,none,False,False,True,0,torch.int32,torch.float32,torch.float32,dense,,,False,False,False,False,False,True,1.0,58960,406886764,406886764,0,0,False,unknown,unknown,unknown,unknown,unknown,,41.9085121;41.8339195;41.8525429;41.8505287;41.873024;41.8935051;41.8484497;41.8750381;41.8996811;41.9078407;41.8545914;41.8689613;41.8648338;41.8361588;41.8423347;41.8422737;41.8484497;41.8648643;41.866848;41.8484802,20,41.86404190063477,0.022977758117006006,41.833919525146484,41.908512115478516,passed,0,0.0,7.152557373046875e-07,2.9802322387695312e-08,3.447291646807571e-06,5.591465196630452e-06,3.447291646807571e-06,5.591465196630452e-06,138639,0,full_state,passed,,41.85971260070801,nan,nan,nan,nan,nan,nan,1.0,nan,nan,nan,1.0
tilespmspv_cudagraph,flybrain,NVIDIA GeForce RTX 5090,2.11.0+cu128,12.8,default,0.00038162477337341094,,,,,,5eae6f0f05d731bf,1,138639,256,1,15091983,108.85813515677407,flybrain,1,9783,163.19999046318512,1.499198844699568,0.4816346156348125,288.0,599.6199999999953,1.0,0.002,0.002,0.001971199707513759,2.0,1.9711997075137588,273.28515625,278.0,551,36932.2890625,50642.0,65606,0.2190910501994354,0.2190910501994354,0.06972959332077831,2.016209030745701,sampled_16_timesteps_max_2048_sources,nonmonotonic_best_effort,1.1766433715820312,0.002,0.00197119964286685,2.8800357133150142e-05,True,20,SpMV,CUSPARSE_SPMV_ALG_DEFAULT,,nan,torch_cuda_event_cudagraph_replay,gpu_execution,full_rsnn,device_adapted,independent_inference,sparse_only,"(256, 1, 138639)","(256, 1, 138639)",138639,138639,1,1,BN,spmspv_csc_dense_device,spmspv_csc_dense_device,none,False,False,True,0,torch.int64,torch.float32,torch.float32,dense_device,,,False,False,False,False,False,True,1.0,554556,325842920,325842920,0,0,False,unknown,unknown,unknown,unknown,unknown,,7.21273613;7.20492792;7.20204782;7.20099211;7.20188808;7.2054081;7.20448017;7.19939184;7.20345592;7.20038414;7.19884777;7.20656013;7.20755196;7.19628811;7.19939184;7.20755196;7.20854378;7.20342398;7.19836807;7.2075839,20,7.203491187095642,0.00417210213050894,7.196288108825684,7.212736129760742,passed,0,0.0,9.5367431640625e-07,2.9802322387695312e-08,4.496555902733235e-06,5.612163022306049e-06,4.496555902733235e-06,5.612163022306049e-06,138639,0,full_state,passed,,7.203439950942993,nan,nan,nan,nan,nan,nan,nan,nan,nan,nan,5.811072610555767
globalatomic_cudagraph,flybrain,NVIDIA GeForce RTX 5090,2.11.0+cu128,12.8,default,0.00038162477337341094,,,,,,5eae6f0f05d731bf,1,138639,256,1,15091983,108.85813515677407,flybrain,1,9783,163.19999046318512,1.499198844699568,0.4816346156348125,288.0,599.6199999999953,1.0,0.002,0.002,0.001971199707513759,2.0,1.9711997075137588,273.28515625,278.0,551,36932.2890625,50642.0,65606,0.2190910501994354,0.2190910501994354,0.06972959332077831,2.016209030745701,sampled_16_timesteps_max_2048_sources,nonmonotonic_best_effort,1.1766433715820312,0.002,0.00197119964286685,2.8800357133150142e-05,True,20,SpMV,CUSPARSE_SPMV_ALG_DEFAULT,,nan,torch_cuda_event_cudagraph_replay,gpu_execution,full_rsnn,device_adapted,independent_inference,sparse_only,"(256, 1, 138639)","(256, 1, 138639)",138639,138639,1,1,BN,spmspv_csc_dense_device,spmspv_csc_dense_device,none,False,False,True,0,torch.int64,torch.float32,torch.float32,dense_device,,,False,False,False,False,False,True,1.0,554556,325842920,325842920,0,0,False,unknown,unknown,unknown,unknown,unknown,,11.3716803;11.3661118;11.3634243;11.3609276;11.3701439;11.36304;11.3649282;11.3660479;11.36448;11.3675518;11.3624315;11.3650236;11.3639679;11.3649921;11.3639679;11.3629761;11.3639679;11.3608961;11.3609276;11.3660479,20,11.364676713943481,0.0028045053293432928,11.360896110534668,11.37168025970459,passed,0,0.0,9.5367431640625e-07,2.9802322387695312e-08,4.496555902733235e-06,5.612163022306049e-06,4.496555902733235e-06,5.612163022306049e-06,138639,0,full_state,passed,,11.364223957061768,nan,nan,nan,nan,nan,nan,nan,nan,nan,nan,3.683464243477553
vdha_cudagraph,flybrain,NVIDIA GeForce RTX 5090,2.11.0+cu128,12.8,default,0.00038162477337341094,,,,,,5eae6f0f05d731bf,1,138639,256,1,15091983,108.85813515677407,flybrain,1,9783,163.19999046318512,1.499198844699568,0.4816346156348125,288.0,599.6199999999953,1.0,0.002,0.002,0.001971199707513759,2.0,1.9711997075137588,273.28515625,278.0,551,36932.2890625,50642.0,65606,0.2190910501994354,0.2190910501994354,0.06972959332077831,2.016209030745701,sampled_16_timesteps_max_2048_sources,nonmonotonic_best_effort,1.1766433715820312,0.002,0.00197119964286685,2.8800357133150142e-05,True,20,SpMV,CUSPARSE_SPMV_ALG_DEFAULT,,nan,torch_cuda_event_cudagraph_replay,gpu_execution,full_rsnn,device_adapted,independent_inference,sparse_only,"(256, 1, 138639)","(256, 1, 138639)",138639,138639,1,1,BN,spmspv_csc_dense_device,spmspv_csc_dense_device,none,False,False,True,0,torch.int64,torch.float32,torch.float32,dense_device,,,False,False,False,False,False,True,1.0,554556,325842920,325842920,0,0,False,unknown,unknown,unknown,unknown,unknown,,12.3530235;12.3328962;12.3326721;12.3362885;12.3423042;12.3429441;12.3347521;12.3408003;12.329216;12.3408003;12.3307199;12.3341761;12.3449917;12.3650236;12.3675203;12.3613443;12.3675203;12.3603516;12.3674879;12.3633919,20,12.347411251068115,0.014154253334623642,12.329216003417969,12.367520332336426,passed,0,0.0,9.5367431640625e-07,2.9802322387695312e-08,4.496555902733235e-06,5.612163022306049e-06,4.496555902733235e-06,5.612163022306049e-06,138639,0,full_state,passed,,12.342624187469482,nan,nan,nan,nan,nan,nan,nan,nan,nan,nan,3.391475910220531
persistent_spike_block,flybrain,NVIDIA GeForce RTX 5090,2.11.0+cu128,12.8,default,0.00038162477337341094,,,,,,5eae6f0f05d731bf,1,138639,256,1,15091983,108.85813515677407,flybrain,1,9783,163.19999046318512,1.499198844699568,0.4816346156348125,288.0,599.6199999999953,1.0,0.002,0.002,0.001971199707513759,2.0,1.9711997075137588,273.28515625,278.0,551,36932.2890625,50642.0,65606,0.2190910501994354,0.2190910501994354,0.06972959332077831,2.016209030745701,sampled_16_timesteps_max_2048_sources,nonmonotonic_best_effort,1.1766433715820312,0.002,0.00197119964286685,2.8800357133150142e-05,True,20,SpMV,CUSPARSE_SPMV_ALG_DEFAULT,,nan,torch_cuda_event,gpu_execution,full_rsnn,device_native,independent_inference,full_fusion,"(256, 1, 138639)","(256, 1, 138639)",138639,138639,1,1,BN,event_csr,event_csr,dense_to_events_precomputed,False,True,True,0,torch.int32,torch.float32,torch.float32,windowed_events,,,False,False,False,False,False,False,1.0,3685120,122684496,122684496,0,0,False,unknown,unknown,unknown,unknown,unknown,,4.67475224;4.62025595;4.62134409;4.61868811;4.61721611;4.62601614;4.61721611;4.62380791;4.61718416;4.61696005;4.61721611;4.62419224;4.62140799;4.61676788;4.61206388;4.62476778;4.62121582;4.61664009;4.61721611;4.61823988,20,4.622158432006836,0.012852751328142223,4.612063884735107,4.674752235412598,passed,0,0.0,1.430511474609375e-06,1.1920928955078125e-07,6.958745416341117e-06,2.1411389752756804e-05,6.958745416341117e-06,2.1411389752756804e-05,138639,0,full_state,passed,,4.61846399307251,nan,nan,nan,nan,nan,nan,9.063557205056856,nan,nan,nan,9.063557205056856
cusparse_direct_cudagraph,flybrain,NVIDIA GeForce RTX 5090,2.11.0+cu128,12.8,default,0.00038162477337341094,,,,,,9ccdbe9fe3c7d051,1,138639,256,1,15091983,108.85813515677407,flybrain,1,9783,163.19999046318512,1.499198844699568,0.4816346156348125,288.0,599.6199999999953,1.0,0.005,0.005,0.005101040291692813,5.0,5.101040291692813,707.203125,1371.0,1410,138725.67578125,370202.0,393000,0.4790964124310611,0.4790964124310612,0.5362733793813734,1.9937694704049844,sampled_16_timesteps_max_2048_sources,nonmonotonic_best_effort,1.013946533203125,0.005,0.005101040005683899,0.00010104000568389882,True,20,SpMV,CUSPARSE_SPMV_ALG_DEFAULT,,nan,torch_cuda_event,gpu_execution,full_rsnn,device_native,independent_inference,sparse_only,"(256, 1, 138639)","(256, 1, 138639)",138639,138639,1,1,BN,csr_post_by_pre,csr_post_by_pre,none,False,False,True,0,torch.int32,torch.float32,torch.float32,dense,,,False,False,False,False,False,True,1.0,58960,406886764,406886764,0,0,False,unknown,unknown,unknown,unknown,unknown,,41.9340477;41.8503342;41.8443527;41.8381767;41.8402252;41.8504944;41.8341103;41.8586884;41.8238716;41.8484497;41.8238716;41.8218231;41.8341446;41.8300171;41.8341103;41.8279686;41.8351059;41.8423042;41.8505287;41.815712,20,41.841916847229,0.024452029980922274,41.815711975097656,41.93404769897461,passed,0,0.0,3.0517578125e-05,9.5367431640625e-07,5.713788777939044e-05,5.96553654759191e-05,5.713788777939044e-05,5.96553654759191e-05,138639,0,full_state,passed,,41.83664131164551,nan,nan,nan,nan,nan,nan,1.0,nan,nan,nan,1.0
tilespmspv_cudagraph,flybrain,NVIDIA GeForce RTX 5090,2.11.0+cu128,12.8,default,0.00038162477337341094,,,,,,9ccdbe9fe3c7d051,1,138639,256,1,15091983,108.85813515677407,flybrain,1,9783,163.19999046318512,1.499198844699568,0.4816346156348125,288.0,599.6199999999953,1.0,0.005,0.005,0.005101040291692813,5.0,5.101040291692813,707.203125,1371.0,1410,138725.67578125,370202.0,393000,0.4790964124310611,0.4790964124310612,0.5362733793813734,1.9937694704049844,sampled_16_timesteps_max_2048_sources,nonmonotonic_best_effort,1.013946533203125,0.005,0.005101040005683899,0.00010104000568389882,True,20,SpMV,CUSPARSE_SPMV_ALG_DEFAULT,,nan,torch_cuda_event_cudagraph_replay,gpu_execution,full_rsnn,device_adapted,independent_inference,sparse_only,"(256, 1, 138639)","(256, 1, 138639)",138639,138639,1,1,BN,spmspv_csc_dense_device,spmspv_csc_dense_device,none,False,False,True,0,torch.int64,torch.float32,torch.float32,dense_device,,,False,False,False,False,False,True,1.0,554556,325842920,325842920,0,0,False,unknown,unknown,unknown,unknown,unknown,,7.23228788;7.21484804;7.21216011;7.2118082;7.21420813;7.21583986;7.21459198;7.213696;7.21321583;7.21478415;7.21318388;7.21468782;7.21779203;7.20652819;7.21779203;7.2147522;7.21372795;7.22192001;7.21680021;7.21372795,20,7.2154176235198975,0.004948528721864127,7.206528186798096,7.232287883758545,passed,0,0.0,6.103515625e-05,2.86102294921875e-06,0.00016043100913520902,0.00017548780306242406,0.00016043100913520902,0.00017548780306242406,138639,0,full_state,passed,,7.214639902114868,nan,nan,nan,nan,nan,nan,nan,nan,nan,nan,5.79885370292448
globalatomic_cudagraph,flybrain,NVIDIA GeForce RTX 5090,2.11.0+cu128,12.8,default,0.00038162477337341094,,,,,,9ccdbe9fe3c7d051,1,138639,256,1,15091983,108.85813515677407,flybrain,1,9783,163.19999046318512,1.499198844699568,0.4816346156348125,288.0,599.6199999999953,1.0,0.005,0.005,0.005101040291692813,5.0,5.101040291692813,707.203125,1371.0,1410,138725.67578125,370202.0,393000,0.4790964124310611,0.4790964124310612,0.5362733793813734,1.9937694704049844,sampled_16_timesteps_max_2048_sources,nonmonotonic_best_effort,1.013946533203125,0.005,0.005101040005683899,0.00010104000568389882,True,20,SpMV,CUSPARSE_SPMV_ALG_DEFAULT,,nan,torch_cuda_event_cudagraph_replay,gpu_execution,full_rsnn,device_adapted,independent_inference,sparse_only,"(256, 1, 138639)","(256, 1, 138639)",138639,138639,1,1,BN,spmspv_csc_dense_device,spmspv_csc_dense_device,none,False,False,True,0,torch.int64,torch.float32,torch.float32,dense_device,,,False,False,False,False,False,True,1.0,554556,325842920,325842920,0,0,False,unknown,unknown,unknown,unknown,unknown,,11.3807039;11.3602562;11.361536;11.3608961;11.3613443;11.3645763;11.3624964;11.3593283;11.3651199;11.3614082;11.3625603;11.3629761;11.3598719;11.3649921;11.3619518;11.3608961;11.3619518;11.3608961;11.3670721;11.3619204,20,11.36313772201538,0.004564637127100159,11.359328269958496,11.380703926086426,passed,0,0.0,6.103515625e-05,2.86102294921875e-06,0.00016043100913520902,0.000200557493371889,0.00016043100913520902,0.000200557493371889,138639,0,full_state,passed,,11.361936092376709,nan,nan,nan,nan,nan,nan,nan,nan,nan,nan,3.6821753767578222
vdha_cudagraph,flybrain,NVIDIA GeForce RTX 5090,2.11.0+cu128,12.8,default,0.00038162477337341094,,,,,,9ccdbe9fe3c7d051,1,138639,256,1,15091983,108.85813515677407,flybrain,1,9783,163.19999046318512,1.499198844699568,0.4816346156348125,288.0,599.6199999999953,1.0,0.005,0.005,0.005101040291692813,5.0,5.101040291692813,707.203125,1371.0,1410,138725.67578125,370202.0,393000,0.4790964124310611,0.4790964124310612,0.5362733793813734,1.9937694704049844,sampled_16_timesteps_max_2048_sources,nonmonotonic_best_effort,1.013946533203125,0.005,0.005101040005683899,0.00010104000568389882,True,20,SpMV,CUSPARSE_SPMV_ALG_DEFAULT,,nan,torch_cuda_event_cudagraph_replay,gpu_execution,full_rsnn,device_adapted,independent_inference,sparse_only,"(256, 1, 138639)","(256, 1, 138639)",138639,138639,1,1,BN,spmspv_csc_dense_device,spmspv_csc_dense_device,none,False,False,True,0,torch.int64,torch.float32,torch.float32,dense_device,,,False,False,False,False,False,True,1.0,554556,325842920,325842920,0,0,False,unknown,unknown,unknown,unknown,unknown,,13.3943357;13.3790398;13.3801918;13.3724804;13.3786879;13.3696003;13.3763199;13.376544;13.3761282;13.377408;13.3817596;13.3751678;13.3825283;13.3736639;13.3751364;13.3720322;13.3792;13.3792;13.3781757;13.3751364,20,13.377636814117432,0.005113370182233393,13.369600296020508,13.394335746765137,passed,0,0.0,3.0517578125e-05,1.9073486328125e-06,8.146025356836617e-05,0.00011938022362301126,8.146025356836617e-05,0.00011938022362301126,138639,0,full_state,passed,,13.376976013183594,nan,nan,nan,nan,nan,nan,nan,nan,nan,nan,3.127511125863848
persistent_spike_block,flybrain,NVIDIA GeForce RTX 5090,2.11.0+cu128,12.8,default,0.00038162477337341094,,,,,,9ccdbe9fe3c7d051,1,138639,256,1,15091983,108.85813515677407,flybrain,1,9783,163.19999046318512,1.499198844699568,0.4816346156348125,288.0,599.6199999999953,1.0,0.005,0.005,0.005101040291692813,5.0,5.101040291692813,707.203125,1371.0,1410,138725.67578125,370202.0,393000,0.4790964124310611,0.4790964124310612,0.5362733793813734,1.9937694704049844,sampled_16_timesteps_max_2048_sources,nonmonotonic_best_effort,1.013946533203125,0.005,0.005101040005683899,0.00010104000568389882,True,20,SpMV,CUSPARSE_SPMV_ALG_DEFAULT,,nan,torch_cuda_event,gpu_execution,full_rsnn,device_native,independent_inference,full_fusion,"(256, 1, 138639)","(256, 1, 138639)",138639,138639,1,1,BN,event_csr,event_csr,dense_to_events_precomputed,False,True,True,0,torch.int32,torch.float32,torch.float32,windowed_events,,,False,False,False,False,False,False,1.0,3685120,123110396,123110396,0,0,False,unknown,unknown,unknown,unknown,unknown,,5.11196804;4.92543983;5.04307222;4.91417599;5.03494406;4.91926384;5.03545618;4.91004801;5.0425601;4.91616011;5.03183985;4.91641617;5.05024004;4.91929579;5.03481579;4.92748785;5.04975986;4.91839981;5.04012823;4.92643213,20,4.983395195007324,0.06782159628595376,4.910048007965088,5.111968040466309,passed_causal_masked_state,38,1.0706763609085466e-06,0.1329733282327652,0.0247853584587574,0.664688766002655,4.8129658699035645,0.001359218847937882,0.001743252738378942,135960,2679,causal_masked_state,passed_causal_masked_state,,4.979663848876953,nan,nan,nan,nan,nan,nan,8.4014990933737,nan,nan,nan,8.4014990933737
cusparse_direct_cudagraph,flybrain,NVIDIA GeForce RTX 5090,2.11.0+cu128,12.8,default,0.00038162477337341094,,,,,,b06c7961bc3a673f,1,138639,256,1,15091983,108.85813515677407,flybrain,1,9783,163.19999046318512,1.499198844699568,0.4816346156348125,288.0,599.6199999999953,1.0,0.01,0.01,0.010147307034817043,10.0,10.147307034817043,1406.8125,1593.25,2148,355072.75,405037.0,434312,0.8105351374773613,0.8105351374773615,0.19287767125214011,1.526855924296948,sampled_16_timesteps_max_2048_sources,converged,1.0000228881835938,0.01,0.010147307068109512,0.00014730706810951212,True,20,SpMV,CUSPARSE_SPMV_ALG_DEFAULT,,nan,torch_cuda_event,gpu_execution,full_rsnn,device_native,independent_inference,sparse_only,"(256, 1, 138639)","(256, 1, 138639)",138639,138639,1,1,BN,csr_post_by_pre,csr_post_by_pre,none,False,False,True,0,torch.int32,torch.float32,torch.float32,dense,,,False,False,False,False,False,True,1.0,58960,406886764,406886764,0,0,False,unknown,unknown,unknown,unknown,unknown,,41.8946877;41.8729286;41.8504944;41.8504944;41.8361588;41.8239021;41.8238411;41.8484497;41.8504944;41.8586884;41.8484802;41.8443832;41.8279686;41.8300171;41.8300171;41.8300171;41.8505287;41.8474236;41.8320656;41.8341446,20,41.84425926208496,0.017466243055486684,41.8238410949707,41.89468765258789,passed,0,0.0,3.0517578125e-05,1.430511474609375e-06,5.598208372248337e-05,8.085457375273108e-05,5.598208372248337e-05,8.085457375273108e-05,138639,0,full_state,passed,,41.845903396606445,nan,nan,nan,nan,nan,nan,1.0,nan,nan,nan,1.0
tilespmspv_cudagraph,flybrain,NVIDIA GeForce RTX 5090,2.11.0+cu128,12.8,default,0.00038162477337341094,,,,,,b06c7961bc3a673f,1,138639,256,1,15091983,108.85813515677407,flybrain,1,9783,163.19999046318512,1.499198844699568,0.4816346156348125,288.0,599.6199999999953,1.0,0.01,0.01,0.010147307034817043,10.0,10.147307034817043,1406.8125,1593.25,2148,355072.75,405037.0,434312,0.8105351374773613,0.8105351374773615,0.19287767125214011,1.526855924296948,sampled_16_timesteps_max_2048_sources,converged,1.0000228881835938,0.01,0.010147307068109512,0.00014730706810951212,True,20,SpMV,CUSPARSE_SPMV_ALG_DEFAULT,,nan,torch_cuda_event_cudagraph_replay,gpu_execution,full_rsnn,device_adapted,independent_inference,sparse_only,"(256, 1, 138639)","(256, 1, 138639)",138639,138639,1,1,BN,spmspv_csc_dense_device,spmspv_csc_dense_device,none,False,False,True,0,torch.int64,torch.float32,torch.float32,dense_device,,,False,False,False,False,False,True,1.0,554556,325842920,325842920,0,0,False,unknown,unknown,unknown,unknown,unknown,,7.30937576;7.2914238;7.29392004;7.29577589;7.28585577;7.28966379;7.29244804;7.28745604;7.28998423;7.29167986;7.2961278;7.28742409;7.28643179;7.2894721;7.29257584;7.28745604;7.28844786;7.29152012;7.2884798;7.29360008,20,7.291455936431885,0.005163886320507757,7.285855770111084,7.309375762939453,passed,0,0.0,6.103515625e-05,2.86102294921875e-06,0.0001569051091792062,0.00017515546642243862,0.0001569051091792062,0.00017515546642243862,138639,0,full_state,passed,,7.290704011917114,nan,nan,nan,nan,nan,nan,nan,nan,nan,nan,5.739624503779976
globalatomic_cudagraph,flybrain,NVIDIA GeForce RTX 5090,2.11.0+cu128,12.8,default,0.00038162477337341094,,,,,,b06c7961bc3a673f,1,138639,256,1,15091983,108.85813515677407,flybrain,1,9783,163.19999046318512,1.499198844699568,0.4816346156348125,288.0,599.6199999999953,1.0,0.01,0.01,0.010147307034817043,10.0,10.147307034817043,1406.8125,1593.25,2148,355072.75,405037.0,434312,0.8105351374773613,0.8105351374773615,0.19287767125214011,1.526855924296948,sampled_16_timesteps_max_2048_sources,converged,1.0000228881835938,0.01,0.010147307068109512,0.00014730706810951212,True,20,SpMV,CUSPARSE_SPMV_ALG_DEFAULT,,nan,torch_cuda_event_cudagraph_replay,gpu_execution,full_rsnn,device_adapted,independent_inference,sparse_only,"(256, 1, 138639)","(256, 1, 138639)",138639,138639,1,1,BN,spmspv_csc_dense_device,spmspv_csc_dense_device,none,False,False,True,0,torch.int64,torch.float32,torch.float32,dense_device,,,False,False,False,False,False,True,1.0,554556,325842920,325842920,0,0,False,unknown,unknown,unknown,unknown,unknown,,11.3823042;11.3690557;11.3680639;11.3690882;11.3701763;11.3690882;11.3649921;11.365984;11.3650885;11.3681602;11.3664961;11.3680639;11.3670397;11.3690557;11.3660479;11.3711357;11.3680639;11.3650236;11.3670397;11.3639364,20,11.368195199966431,0.0038246395808140747,11.363936424255371,11.382304191589355,passed_causal_masked_state,4706,0.00013259481459041106,0.9995059967041016,0.21722841262817383,4.995236873626709,39.4559326171875,7.976330380188301e-06,1.6995005353237502e-05,54647,83992,causal_masked_state,passed_causal_masked_state,,11.368063926696777,nan,nan,nan,nan,nan,nan,nan,nan,nan,nan,3.6810052851950865
vdha_cudagraph,flybrain,NVIDIA GeForce RTX 5090,2.11.0+cu128,12.8,default,0.00038162477337341094,,,,,,b06c7961bc3a673f,1,138639,256,1,15091983,108.85813515677407,flybrain,1,9783,163.19999046318512,1.499198844699568,0.4816346156348125,288.0,599.6199999999953,1.0,0.01,0.01,0.010147307034817043,10.0,10.147307034817043,1406.8125,1593.25,2148,355072.75,405037.0,434312,0.8105351374773613,0.8105351374773615,0.19287767125214011,1.526855924296948,sampled_16_timesteps_max_2048_sources,converged,1.0000228881835938,0.01,0.010147307068109512,0.00014730706810951212,True,20,SpMV,CUSPARSE_SPMV_ALG_DEFAULT,,nan,torch_cuda_event_cudagraph_replay,gpu_execution,full_rsnn,device_adapted,independent_inference,sparse_only,"(256, 1, 138639)","(256, 1, 138639)",138639,138639,1,1,BN,spmspv_csc_dense_device,spmspv_csc_dense_device,none,False,False,True,0,torch.int64,torch.float32,torch.float32,dense_device,,,False,False,False,False,False,True,1.0,554556,325842920,325842920,0,0,False,unknown,unknown,unknown,unknown,unknown,,13.3891201;13.3707838;13.3755522;13.3772478;13.3685436;13.3797121;13.3707523;13.3643198;13.3715839;13.3746557;13.3816004;13.3790722;13.3668804;13.37568;13.375104;13.375104;13.3740797;13.3730564;13.3638401;13.3689919,20,13.373784017562866,0.006037382838096347,13.363840103149414,13.389120101928711,passed,0,0.0,6.103515625e-05,2.86102294921875e-06,0.00011196416744496673,0.0001176368969026953,0.00011196416744496673,0.0001176368969026953,138639,0,full_state,passed,,13.374367713928223,nan,nan,nan,nan,nan,nan,nan,nan,nan,nan,3.1288135851856107
persistent_spike_block,flybrain,NVIDIA GeForce RTX 5090,2.11.0+cu128,12.8,default,0.00038162477337341094,,,,,,b06c7961bc3a673f,1,138639,256,1,15091983,108.85813515677407,flybrain,1,9783,163.19999046318512,1.499198844699568,0.4816346156348125,288.0,599.6199999999953,1.0,0.01,0.01,0.010147307034817043,10.0,10.147307034817043,1406.8125,1593.25,2148,355072.75,405037.0,434312,0.8105351374773613,0.8105351374773615,0.19287767125214011,1.526855924296948,sampled_16_timesteps_max_2048_sources,converged,1.0000228881835938,0.01,0.010147307068109512,0.00014730706810951212,True,20,SpMV,CUSPARSE_SPMV_ALG_DEFAULT,,nan,torch_cuda_event,gpu_execution,full_rsnn,device_native,independent_inference,full_fusion,"(256, 1, 138639)","(256, 1, 138639)",138639,138639,1,1,BN,event_csr,event_csr,dense_to_events_precomputed,False,True,True,0,torch.int32,torch.float32,torch.float32,windowed_events,,,False,False,False,False,False,False,1.0,3685120,123820228,123820228,0,0,False,unknown,unknown,unknown,unknown,unknown,,5.37209606;5.44025612;5.33043194;5.44566393;5.33990383;5.42716789;5.3447361;5.43347216;5.32627201;5.4363842;5.33487988;5.43024015;5.33343983;5.44265604;5.33750391;5.44563198;5.3339839;5.43535995;5.33913612;5.43232012,20,5.388076806068421,0.05104950242213395,5.326272010803223,5.445663928985596,passed_causal_masked_state,4706,0.00013259481459041106,0.9995059967041016,0.21724176406860352,4.995240211486816,39.4559326171875,0.0001177190788439475,0.00020446325652301311,54647,83992,causal_masked_state,passed_causal_masked_state,,5.399631977081299,nan,nan,nan,nan,nan,nan,7.749769535075927,nan,nan,nan,7.749769535075927
cusparse_direct_cudagraph,flybrain,NVIDIA GeForce RTX 5090,2.11.0+cu128,12.8,default,0.00038162477337341094,,,,,,644d30dad20f010a,1,138639,256,1,15091983,108.85813515677407,flybrain,1,9783,163.19999046318512,1.499198844699568,0.4816346156348125,288.0,599.6199999999953,1.0,0.01,0.02,0.01999786766350017,20.0,19.99786766350017,2772.484375,3111.75,3556,574645.734375,616904.5,638417,0.7740917529835387,0.7740917529835385,0.07852603258343094,1.2826041625572733,sampled_16_timesteps_max_2048_sources,converged,2.049541473388672,0.02,0.019997866824269295,2.1331757307056776e-06,True,20,SpMV,CUSPARSE_SPMV_ALG_DEFAULT,,nan,torch_cuda_event,gpu_execution,full_rsnn,device_native,independent_inference,sparse_only,"(256, 1, 138639)","(256, 1, 138639)",138639,138639,1,1,BN,csr_post_by_pre,csr_post_by_pre,none,False,False,True,0,torch.int32,torch.float32,torch.float32,dense,,,False,False,False,False,False,True,1.0,58960,406886764,406886764,0,0,False,unknown,unknown,unknown,unknown,unknown,,41.8375053;41.8298569;41.8341103;41.8402863;41.8095665;41.8320656;41.8504639;41.8402557;41.8217926;41.8320961;41.8566399;41.8402557;41.7992973;41.8361588;41.8586884;41.8300171;41.8474236;41.8259201;41.8443527;41.8504944,20,41.83586235046387,0.014642984809060598,41.79929733276367,41.85868835449219,passed,0,0.0,2.288818359375e-05,9.5367431640625e-07,5.8677378547145054e-05,5.7754892623052e-05,5.8677378547145054e-05,5.7754892623052e-05,138639,0,full_state,passed,,41.83683204650879,nan,nan,nan,nan,nan,nan,1.0,nan,nan,nan,1.0
tilespmspv_cudagraph,flybrain,NVIDIA GeForce RTX 5090,2.11.0+cu128,12.8,default,0.00038162477337341094,,,,,,644d30dad20f010a,1,138639,256,1,15091983,108.85813515677407,flybrain,1,9783,163.19999046318512,1.499198844699568,0.4816346156348125,288.0,599.6199999999953,1.0,0.01,0.02,0.01999786766350017,20.0,19.99786766350017,2772.484375,3111.75,3556,574645.734375,616904.5,638417,0.7740917529835387,0.7740917529835385,0.07852603258343094,1.2826041625572733,sampled_16_timesteps_max_2048_sources,converged,2.049541473388672,0.02,0.019997866824269295,2.1331757307056776e-06,True,20,SpMV,CUSPARSE_SPMV_ALG_DEFAULT,,nan,torch_cuda_event_cudagraph_replay,gpu_execution,full_rsnn,device_adapted,independent_inference,sparse_only,"(256, 1, 138639)","(256, 1, 138639)",138639,138639,1,1,BN,spmspv_csc_dense_device,spmspv_csc_dense_device,none,False,False,True,0,torch.int64,torch.float32,torch.float32,dense_device,,,False,False,False,False,False,True,1.0,554556,325842920,325842920,0,0,False,unknown,unknown,unknown,unknown,unknown,,7.67699194;7.66707182;7.66217613;7.65705585;7.66531181;7.66374397;7.66527987;7.67139196;7.6642561;7.65913582;7.65862417;7.66428804;7.65916777;7.64889622;7.66835213;7.64886379;7.66940784;7.658144;7.67350388;7.66732788,20,7.663449549674988,0.007250933697034627,7.648863792419434,7.676991939544678,passed_causal_masked_state,2,5.6351387416239296e-08,0.0015286505222320557,2.86102294921875e-06,0.007619975134730339,0.00017442862736061215,0.0001558093208586797,0.00017442862736061215,138549,90,causal_masked_state,passed_causal_masked_state,,7.66427206993103,nan,nan,nan,nan,nan,nan,nan,nan,nan,nan,5.458683051016125
globalatomic_cudagraph,flybrain,NVIDIA GeForce RTX 5090,2.11.0+cu128,12.8,default,0.00038162477337341094,,,,,,644d30dad20f010a,1,138639,256,1,15091983,108.85813515677407,flybrain,1,9783,163.19999046318512,1.499198844699568,0.4816346156348125,288.0,599.6199999999953,1.0,0.01,0.02,0.01999786766350017,20.0,19.99786766350017,2772.484375,3111.75,3556,574645.734375,616904.5,638417,0.7740917529835387,0.7740917529835385,0.07852603258343094,1.2826041625572733,sampled_16_timesteps_max_2048_sources,converged,2.049541473388672,0.02,0.019997866824269295,2.1331757307056776e-06,True,20,SpMV,CUSPARSE_SPMV_ALG_DEFAULT,,nan,torch_cuda_event_cudagraph_replay,gpu_execution,full_rsnn,device_adapted,independent_inference,sparse_only,"(256, 1, 138639)","(256, 1, 138639)",138639,138639,1,1,BN,spmspv_csc_dense_device,spmspv_csc_dense_device,none,False,False,True,0,torch.int64,torch.float32,torch.float32,dense_device,,,False,False,False,False,False,True,1.0,554556,325842920,325842920,0,0,False,unknown,unknown,unknown,unknown,unknown,,11.3759356;11.3666878;11.3619518;11.365056;11.3618565;11.3651199;11.3690243;11.3660803;11.3628798;11.3640957;11.36448;11.3629761;11.3639679;11.3670397;11.3640003;11.3670397;11.3680964;11.3608961;11.3568001;11.3598719,20,11.364692783355713,0.003954548880756338,11.356800079345703,11.375935554504395,passed_causal_masked_state,2,5.6351387416239296e-08,0.0015286505222320557,3.814697265625e-06,0.007619975134730339,0.00023257150314748287,0.00019476164015941322,0.00023257150314748287,138549,90,causal_masked_state,passed_causal_masked_state,,11.364287853240967,nan,nan,nan,nan,nan,nan,nan,nan,nan,nan,3.681430159706611
vdha_cudagraph,flybrain,NVIDIA GeForce RTX 5090,2.11.0+cu128,12.8,default,0.00038162477337341094,,,,,,644d30dad20f010a,1,138639,256,1,15091983,108.85813515677407,flybrain,1,9783,163.19999046318512,1.499198844699568,0.4816346156348125,288.0,599.6199999999953,1.0,0.01,0.02,0.01999786766350017,20.0,19.99786766350017,2772.484375,3111.75,3556,574645.734375,616904.5,638417,0.7740917529835387,0.7740917529835385,0.07852603258343094,1.2826041625572733,sampled_16_timesteps_max_2048_sources,converged,2.049541473388672,0.02,0.019997866824269295,2.1331757307056776e-06,True,20,SpMV,CUSPARSE_SPMV_ALG_DEFAULT,,nan,torch_cuda_event_cudagraph_replay,gpu_execution,full_rsnn,device_adapted,independent_inference,sparse_only,"(256, 1, 138639)","(256, 1, 138639)",138639,138639,1,1,BN,spmspv_csc_dense_device,spmspv_csc_dense_device,none,False,False,True,0,torch.int64,torch.float32,torch.float32,dense_device,,,False,False,False,False,False,True,1.0,554556,325842920,325842920,0,0,False,unknown,unknown,unknown,unknown,unknown,,13.7466564;13.7360001;13.7308798;13.7381763;13.7355518;13.7385921;13.7376003;13.7306242;13.731328;13.7381124;13.7304001;13.7309437;13.736064;13.7351685;13.7284164;13.7335043;13.73456;13.7294083;13.7325125;13.7314882,20,13.734299373626708,0.004296530744209027,13.728416442871094,13.74665641784668,passed_causal_masked_state,2,5.6351387416239296e-08,0.001528412103652954,1.9073486328125e-06,0.007618786301463842,0.00014592005754821002,9.100259194383398e-05,0.00014592005754821002,138549,90,causal_masked_state,passed_causal_masked_state,,13.734032154083252,nan,nan,nan,nan,nan,nan,nan,nan,nan,nan,3.04621625878969
persistent_spike_block,flybrain,NVIDIA GeForce RTX 5090,2.11.0+cu128,12.8,default,0.00038162477337341094,,,,,,644d30dad20f010a,1,138639,256,1,15091983,108.85813515677407,flybrain,1,9783,163.19999046318512,1.499198844699568,0.4816346156348125,288.0,599.6199999999953,1.0,0.01,0.02,0.01999786766350017,20.0,19.99786766350017,2772.484375,3111.75,3556,574645.734375,616904.5,638417,0.7740917529835387,0.7740917529835385,0.07852603258343094,1.2826041625572733,sampled_16_timesteps_max_2048_sources,converged,2.049541473388672,0.02,0.019997866824269295,2.1331757307056776e-06,True,20,SpMV,CUSPARSE_SPMV_ALG_DEFAULT,,nan,torch_cuda_event,gpu_execution,full_rsnn,device_native,independent_inference,full_fusion,"(256, 1, 138639)","(256, 1, 138639)",138639,138639,1,1,BN,event_csr,event_csr,dense_to_events_precomputed,False,True,True,0,torch.int32,torch.float32,torch.float32,windowed_events,,,False,False,False,False,False,False,1.0,3685120,123820228,123820228,0,0,False,unknown,unknown,unknown,unknown,unknown,,6.25791979;6.21673584;6.21504021;6.20537615;6.21043205;6.20748806;6.20691204;6.20745611;6.21337605;6.21363211;6.21606398;6.20134401;6.21420813;6.20748806;6.20790386;6.20137596;6.20630407;6.19513607;6.19827223;6.20646381,20,6.210446429252625,0.01262973530303561,6.195136070251465,6.257919788360596,passed_causal_masked_state,665,1.8736836315899567e-05,0.9991074800491333,0.10347151756286621,4.995494365692139,18.745521545410156,0.0018434261437505484,0.002216166816651821,99675,38964,causal_masked_state,passed_causal_masked_state,,6.207488059997559,nan,nan,nan,nan,nan,nan,6.739736209259054,nan,nan,nan,6.739736209259054
cusparse_direct_cudagraph,flybrain,NVIDIA GeForce RTX 5090,2.11.0+cu128,12.8,default,0.00038162477337341094,,,,,,b4429e7614b188be,1,138639,256,1,15091983,108.85813515677407,flybrain,1,9783,163.19999046318512,1.499198844699568,0.4816346156348125,288.0,599.6199999999953,1.0,0.01,0.05,0.04999833199893248,50.0,49.99833199893248,6931.71875,7079.5,11455,1142065.19140625,1187323.25,1601489,0.7185017612897303,0.7185017612897304,0.1086079567928,1.6525482947501295,sampled_16_timesteps_max_2048_sources,converged,5.4973602294921875,0.05,0.04999833181500435,1.6681849956540207e-06,True,20,SpMV,CUSPARSE_SPMV_ALG_DEFAULT,,nan,torch_cuda_event,gpu_execution,full_rsnn,device_native,independent_inference,sparse_only,"(256, 1, 138639)","(256, 1, 138639)",138639,138639,1,1,BN,csr_post_by_pre,csr_post_by_pre,none,False,False,True,0,torch.int32,torch.float32,torch.float32,dense,,,False,False,False,False,False,True,1.0,58960,406886764,406886764,0,0,False,unknown,unknown,unknown,unknown,unknown,,41.8380165;41.8093452;41.8300171;41.8361931;41.8238716;41.8238716;41.8300476;41.8177605;41.8218231;41.8177261;41.8197746;41.809536;41.8156815;41.8177261;41.8208008;41.8238411;41.813633;41.8074875;41.8095665;41.8177261,20,41.82022228240967,0.008596277638348842,41.80748748779297,41.838016510009766,passed,0,0.0,1.52587890625e-05,9.5367431640625e-07,4.5165932533564046e-05,6.003037196933292e-05,4.5165932533564046e-05,6.003037196933292e-05,138639,0,full_state,passed,,41.81876754760742,nan,nan,nan,nan,nan,nan,1.0,nan,nan,nan,1.0
tilespmspv_cudagraph,flybrain,NVIDIA GeForce RTX 5090,2.11.0+cu128,12.8,default,0.00038162477337341094,,,,,,b4429e7614b188be,1,138639,256,1,15091983,108.85813515677407,flybrain,1,9783,163.19999046318512,1.499198844699568,0.4816346156348125,288.0,599.6199999999953,1.0,0.01,0.05,0.04999833199893248,50.0,49.99833199893248,6931.71875,7079.5,11455,1142065.19140625,1187323.25,1601489,0.7185017612897303,0.7185017612897304,0.1086079567928,1.6525482947501295,sampled_16_timesteps_max_2048_sources,converged,5.4973602294921875,0.05,0.04999833181500435,1.6681849956540207e-06,True,20,SpMV,CUSPARSE_SPMV_ALG_DEFAULT,,nan,torch_cuda_event_cudagraph_replay,gpu_execution,full_rsnn,device_adapted,independent_inference,sparse_only,"(256, 1, 138639)","(256, 1, 138639)",138639,138639,1,1,BN,spmspv_csc_dense_device,spmspv_csc_dense_device,none,False,False,True,0,torch.int64,torch.float32,torch.float32,dense_device,,,False,False,False,False,False,True,1.0,554556,325842920,325842920,0,0,False,unknown,unknown,unknown,unknown,unknown,,8.94531155;8.93904018;8.9308157;8.94425583;8.93302441;8.93507195;8.94528008;8.93609619;8.93699169;8.93699169;8.93056011;8.92790413;8.93916798;8.93712044;8.93507195;8.94428825;8.93712044;8.94323158;8.94937611;8.92172813,20,8.93742241859436,0.006729628775668241,8.921728134155273,8.949376106262207,passed,0,0.0,9.1552734375e-05,5.7220458984375e-06,0.00013817760918755084,0.00018076415290124714,0.00013817760918755084,0.00018076415290124714,138639,0,full_state,passed,,8.937056064605713,nan,nan,nan,nan,nan,nan,nan,nan,nan,nan,4.679255366118417
globalatomic_cudagraph,flybrain,NVIDIA GeForce RTX 5090,2.11.0+cu128,12.8,default,0.00038162477337341094,,,,,,b4429e7614b188be,1,138639,256,1,15091983,108.85813515677407,flybrain,1,9783,163.19999046318512,1.499198844699568,0.4816346156348125,288.0,599.6199999999953,1.0,0.01,0.05,0.04999833199893248,50.0,49.99833199893248,6931.71875,7079.5,11455,1142065.19140625,1187323.25,1601489,0.7185017612897303,0.7185017612897304,0.1086079567928,1.6525482947501295,sampled_16_timesteps_max_2048_sources,converged,5.4973602294921875,0.05,0.04999833181500435,1.6681849956540207e-06,True,20,SpMV,CUSPARSE_SPMV_ALG_DEFAULT,,nan,torch_cuda_event_cudagraph_replay,gpu_execution,full_rsnn,device_adapted,independent_inference,sparse_only,"(256, 1, 138639)","(256, 1, 138639)",138639,138639,1,1,BN,spmspv_csc_dense_device,spmspv_csc_dense_device,none,False,False,True,0,torch.int64,torch.float32,torch.float32,dense_device,,,False,False,False,False,False,True,1.0,554556,325842920,325842920,0,0,False,unknown,unknown,unknown,unknown,unknown,,11.4519358;11.4404478;11.4413118;11.4342403;11.4372797;11.4387836;11.4392643;11.444416;11.4372158;11.4402237;11.4403839;11.4376965;11.4387522;11.439744;11.4367037;11.4417601;11.4387522;11.439744;11.4448643;11.4336319,20,11.439857578277588,0.003978576702709168,11.433631896972656,11.451935768127441,passed,0,0.0,0.0001220703125,3.814697265625e-06,0.0001458399201510474,0.00018411726341582835,0.0001458399201510474,0.00018411726341582835,138639,0,full_state,passed,,11.439504146575928,nan,nan,nan,nan,nan,nan,nan,nan,nan,nan,3.655645123405512
vdha_cudagraph,flybrain,NVIDIA GeForce RTX 5090,2.11.0+cu128,12.8,default,0.00038162477337341094,,,,,,b4429e7614b188be,1,138639,256,1,15091983,108.85813515677407,flybrain,1,9783,163.19999046318512,1.499198844699568,0.4816346156348125,288.0,599.6199999999953,1.0,0.01,0.05,0.04999833199893248,50.0,49.99833199893248,6931.71875,7079.5,11455,1142065.19140625,1187323.25,1601489,0.7185017612897303,0.7185017612897304,0.1086079567928,1.6525482947501295,sampled_16_timesteps_max_2048_sources,converged,5.4973602294921875,0.05,0.04999833181500435,1.6681849956540207e-06,True,20,SpMV,CUSPARSE_SPMV_ALG_DEFAULT,,nan,torch_cuda_event_cudagraph_replay,gpu_execution,full_rsnn,device_adapted,independent_inference,sparse_only,"(256, 1, 138639)","(256, 1, 138639)",138639,138639,1,1,BN,spmspv_csc_dense_device,spmspv_csc_dense_device,none,False,False,True,0,torch.int64,torch.float32,torch.float32,dense_device,,,False,False,False,False,False,True,1.0,554556,325842920,325842920,0,0,False,unknown,unknown,unknown,unknown,unknown,,15.9637442;15.9492798;15.9545918;15.9555521;15.9474239;15.9545918;15.953536;15.9445124;15.9508476;15.9490242;15.9423361;15.9412165;15.9524803;15.9468803;15.945344;15.9504957;15.9473925;15.9504642;15.9371519;15.9474239,20,15.949214458465576,0.005864329244969239,15.937151908874512,15.963744163513184,passed_causal_masked_state,10,2.817569370811965e-07,0.06953015923500061,0.0014181137084960938,0.34629157185554504,0.11705270409584045,0.00017931211914401501,0.0002207696670666337,138547,92,causal_masked_state,passed_causal_masked_state,,15.949151992797852,nan,nan,nan,nan,nan,nan,nan,nan,nan,nan,2.6220057070427
persistent_spike_block,flybrain,NVIDIA GeForce RTX 5090,2.11.0+cu128,12.8,default,0.00038162477337341094,,,,,,b4429e7614b188be,1,138639,256,1,15091983,108.85813515677407,flybrain,1,9783,163.19999046318512,1.499198844699568,0.4816346156348125,288.0,599.6199999999953,1.0,0.01,0.05,0.04999833199893248,50.0,49.99833199893248,6931.71875,7079.5,11455,1142065.19140625,1187323.25,1601489,0.7185017612897303,0.7185017612897304,0.1086079567928,1.6525482947501295,sampled_16_timesteps_max_2048_sources,converged,5.4973602294921875,0.05,0.04999833181500435,1.6681849956540207e-06,True,20,SpMV,CUSPARSE_SPMV_ALG_DEFAULT,,nan,torch_cuda_event,gpu_execution,full_rsnn,device_native,independent_inference,full_fusion,"(256, 1, 138639)","(256, 1, 138639)",138639,138639,1,1,BN,event_csr,event_csr,dense_to_events_precomputed,False,True,True,0,torch.int32,torch.float32,torch.float32,windowed_events,,,False,False,False,False,False,False,1.0,3685120,123820228,123820228,0,0,False,unknown,unknown,unknown,unknown,unknown,,7.91520023;7.90575981;7.86329603;7.89648008;7.86444807;7.91232014;7.87763214;7.89814377;7.86435223;7.90060806;7.88176012;7.89651203;7.86022377;7.90460777;7.86127996;7.88982391;7.85411215;7.90588808;7.85305595;7.89811182,20,7.885180807113647,0.020927136623022168,7.853055953979492,7.915200233459473,passed_causal_masked_state,442,1.2453656618988885e-05,0.9959480166435242,0.06792640686035156,4.930627346038818,11.77241325378418,0.001732853357680142,0.0027249851264059544,120354,18285,causal_masked_state,passed_causal_masked_state,,7.8931519985198975,nan,nan,nan,nan,nan,nan,5.2981074677706905,nan,nan,nan,5.2981074677706905
cusparse_direct_cudagraph,flybrain,NVIDIA GeForce RTX 5090,2.11.0+cu128,12.8,default,0.00038162477337341094,,,,,,3cd82fa0ea78407c,2,138639,256,1,15091983,108.85813515677407,flybrain,2,9783,163.19999046318512,1.499198844699568,0.4816346156348125,288.0,599.6199999999953,1.0,0.0,0.0,0.0,0.0,0.0,0.0,0.0,0,0.0,0.0,0,0.0,0.0,0.0,0.0,sampled_16_timesteps_max_2048_sources,converged,50.0,0.0,0.0,0.0,True,20,SpMV,CUSPARSE_SPMV_ALG_DEFAULT,,nan,torch_cuda_event,gpu_execution,full_rsnn,device_native,independent_inference,sparse_only,"(256, 1, 138639)","(256, 1, 138639)",138639,138639,1,1,BN,csr_post_by_pre,csr_post_by_pre,none,False,False,True,0,torch.int32,torch.float32,torch.float32,dense,,,False,False,False,False,False,True,1.0,58960,406886764,406886764,0,0,False,unknown,unknown,unknown,unknown,unknown,,41.9096336;41.9014702;41.9037437;41.8996468;41.8709755;41.8279686;41.8504944;41.8341103;41.8504944;41.8791046;41.873024;41.8525429;41.9016953;41.9201279;41.9098892;41.9078407;41.9180794;41.9119377;41.8464012;41.8320656,20,41.88006229400635,0.031932452045814866,41.82796859741211,41.920127868652344,passed,0,0.0,0.0,0.0,0.0,0.0,0.0,0.0,138639,0,full_state,passed,,41.88937568664551,nan,nan,nan,nan,nan,nan,1.0,nan,nan,nan,1.0
tilespmspv_cudagraph,flybrain,NVIDIA GeForce RTX 5090,2.11.0+cu128,12.8,default,0.00038162477337341094,,,,,,3cd82fa0ea78407c,2,138639,256,1,15091983,108.85813515677407,flybrain,2,9783,163.19999046318512,1.499198844699568,0.4816346156348125,288.0,599.6199999999953,1.0,0.0,0.0,0.0,0.0,0.0,0.0,0.0,0,0.0,0.0,0,0.0,0.0,0.0,0.0,sampled_16_timesteps_max_2048_sources,converged,50.0,0.0,0.0,0.0,True,20,SpMV,CUSPARSE_SPMV_ALG_DEFAULT,,nan,torch_cuda_event_cudagraph_replay,gpu_execution,full_rsnn,device_adapted,independent_inference,sparse_only,"(256, 1, 138639)","(256, 1, 138639)",138639,138639,1,1,BN,spmspv_csc_dense_device,spmspv_csc_dense_device,none,False,False,True,0,torch.int64,torch.float32,torch.float32,dense_device,,,False,False,False,False,False,True,1.0,554556,325842920,325842920,0,0,False,unknown,unknown,unknown,unknown,unknown,,6.39558411;6.38047981;6.38409615;6.38364792;6.38643217;6.38217592;6.38425589;6.38233614;6.38150406;6.38438416;6.38163185;6.38220787;6.3801918;6.38633585;6.38425589;6.38015985;6.38223982;6.3801918;6.3801918;6.38425589,20,6.383327937126159,0.0034935734254226245,6.380159854888916,6.3955841064453125,passed,0,0.0,0.0,0.0,0.0,0.0,0.0,0.0,138639,0,full_state,passed,,6.382287979125977,nan,nan,nan,nan,nan,nan,nan,nan,nan,nan,6.563379124171401
globalatomic_cudagraph,flybrain,NVIDIA GeForce RTX 5090,2.11.0+cu128,12.8,default,0.00038162477337341094,,,,,,3cd82fa0ea78407c,2,138639,256,1,15091983,108.85813515677407,flybrain,2,9783,163.19999046318512,1.499198844699568,0.4816346156348125,288.0,599.6199999999953,1.0,0.0,0.0,0.0,0.0,0.0,0.0,0.0,0,0.0,0.0,0,0.0,0.0,0.0,0.0,sampled_16_timesteps_max_2048_sources,converged,50.0,0.0,0.0,0.0,True,20,SpMV,CUSPARSE_SPMV_ALG_DEFAULT,,nan,torch_cuda_event_cudagraph_replay,gpu_execution,full_rsnn,device_adapted,independent_inference,sparse_only,"(256, 1, 138639)","(256, 1, 138639)",138639,138639,1,1,BN,spmspv_csc_dense_device,spmspv_csc_dense_device,none,False,False,True,0,torch.int64,torch.float32,torch.float32,dense_device,,,False,False,False,False,False,True,1.0,554556,325842920,325842920,0,0,False,unknown,unknown,unknown,unknown,unknown,,11.351264;11.3306236;11.3291197;11.3260164;11.3280964;11.3293123;11.3240957;11.3270082;11.3220797;11.3260164;11.3266239;11.3281279;11.3332796;11.3260803;11.3260803;11.3291521;11.3301764;11.3291521;11.3281279;11.3321924,20,11.329131269454956,0.005834434499756214,11.3220796585083,11.351263999938965,passed,0,0.0,0.0,0.0,0.0,0.0,0.0,0.0,138639,0,full_state,passed,,11.32812786102295,nan,nan,nan,nan,nan,nan,nan,nan,nan,nan,3.697819816350733
vdha_cudagraph,flybrain,NVIDIA GeForce RTX 5090,2.11.0+cu128,12.8,default,0.00038162477337341094,,,,,,3cd82fa0ea78407c,2,138639,256,1,15091983,108.85813515677407,flybrain,2,9783,163.19999046318512,1.499198844699568,0.4816346156348125,288.0,599.6199999999953,1.0,0.0,0.0,0.0,0.0,0.0,0.0,0.0,0,0.0,0.0,0,0.0,0.0,0.0,0.0,sampled_16_timesteps_max_2048_sources,converged,50.0,0.0,0.0,0.0,True,20,SpMV,CUSPARSE_SPMV_ALG_DEFAULT,,nan,torch_cuda_event_cudagraph_replay,gpu_execution,full_rsnn,device_adapted,independent_inference,sparse_only,"(256, 1, 138639)","(256, 1, 138639)",138639,138639,1,1,BN,spmspv_csc_dense_device,spmspv_csc_dense_device,none,False,False,True,0,torch.int64,torch.float32,torch.float32,dense_device,,,False,False,False,False,False,True,1.0,554556,325842920,325842920,0,0,False,unknown,unknown,unknown,unknown,unknown,,6.66422415;6.64777613;6.64844799;6.65251207;6.65065622;6.65145588;6.65046406;6.64643192;6.65670395;6.65049601;6.65254402;6.6515522;6.65049601;6.64784002;6.65459204;6.65462399;6.64847994;6.65151978;6.65049601;6.65254402,20,6.651692819595337,0.003886301709607444,6.646431922912598,6.664224147796631,passed,0,0.0,0.0,0.0,0.0,0.0,0.0,0.0,138639,0,full_state,passed,,6.6510560512542725,nan,nan,nan,nan,nan,nan,nan,nan,nan,nan,6.298154062127608
persistent_spike_block,flybrain,NVIDIA GeForce RTX 5090,2.11.0+cu128,12.8,default,0.00038162477337341094,,,,,,3cd82fa0ea78407c,2,138639,256,1,15091983,108.85813515677407,flybrain,2,9783,163.19999046318512,1.499198844699568,0.4816346156348125,288.0,599.6199999999953,1.0,0.0,0.0,0.0,0.0,0.0,0.0,0.0,0,0.0,0.0,0,0.0,0.0,0.0,0.0,sampled_16_timesteps_max_2048_sources,converged,50.0,0.0,0.0,0.0,True,20,SpMV,CUSPARSE_SPMV_ALG_DEFAULT,,nan,torch_cuda_event,gpu_execution,full_rsnn,device_native,independent_inference,full_fusion,"(256, 1, 138639)","(256, 1, 138639)",138639,138639,1,1,BN,event_csr,event_csr,dense_to_events_precomputed,False,True,True,0,torch.int32,torch.float32,torch.float32,windowed_events,,,False,False,False,False,False,False,1.0,3685120,122400564,122400564,0,0,False,unknown,unknown,unknown,unknown,unknown,,2.12495995;2.08275199;2.08064008;2.08432007;2.08067203;2.08374405;2.08291197;2.082304;2.08080006;2.08166409;2.08169603;2.08441591;2.08076811;2.0822401;2.080832;2.0822401;2.08278394;2.08428788;2.08076811;2.08076811,20,2.084278428554535,0.009664427441353773,2.0806400775909424,2.124959945678711,passed,0,0.0,0.0,0.0,0.0,0.0,0.0,0.0,138639,0,full_state,passed,,2.082240104675293,nan,nan,nan,nan,nan,nan,20.11745696021823,nan,nan,nan,20.11745696021823
cusparse_direct_cudagraph,flybrain,NVIDIA GeForce RTX 5090,2.11.0+cu128,12.8,default,0.00038162477337341094,,,,,,008401501817939c,2,138639,256,1,15091983,108.85813515677407,flybrain,2,9783,163.19999046318512,1.499198844699568,0.4816346156348125,288.0,599.6199999999953,1.0,0.0001,0.0001,9.999553697011664e-05,0.1,0.09999553697011664,13.86328125,14.0,16,1515.86328125,2518.75,6754,0.013519537772387447,0.013519537772387444,0.028589540554740032,1.1541279233586925,sampled_16_timesteps_max_2048_sources,converged,1.06353759765625,0.0001,9.999553731177002e-05,4.462688229982877e-09,True,20,SpMV,CUSPARSE_SPMV_ALG_DEFAULT,,nan,torch_cuda_event,gpu_execution,full_rsnn,device_native,independent_inference,sparse_only,"(256, 1, 138639)","(256, 1, 138639)",138639,138639,1,1,BN,csr_post_by_pre,csr_post_by_pre,none,False,False,True,0,torch.int32,torch.float32,torch.float32,dense,,,False,False,False,False,False,True,1.0,58960,406886764,406886764,0,0,False,unknown,unknown,unknown,unknown,unknown,,41.8781128;41.852417;41.8259201;41.8832321;41.8627853;41.8914566;41.8586884;41.8566399;41.8607368;41.8996468;41.8955536;41.9037437;41.8975983;41.873024;41.8852806;41.9180794;41.9139824;41.9078712;41.8709755;41.875103,20,41.88054237365723,0.02357197881890271,41.82592010498047,41.9180793762207,passed,0,0.0,2.9802322387695312e-08,1.862645149230957e-09,1.4883821108924167e-07,3.7116521411917347e-07,1.4883821108924167e-07,3.7116521411917347e-07,138639,0,full_state,passed,,41.880672454833984,nan,nan,nan,nan,nan,nan,1.0,nan,nan,nan,1.0
tilespmspv_cudagraph,flybrain,NVIDIA GeForce RTX 5090,2.11.0+cu128,12.8,default,0.00038162477337341094,,,,,,008401501817939c,2,138639,256,1,15091983,108.85813515677407,flybrain,2,9783,163.19999046318512,1.499198844699568,0.4816346156348125,288.0,599.6199999999953,1.0,0.0001,0.0001,9.999553697011664e-05,0.1,0.09999553697011664,13.86328125,14.0,16,1515.86328125,2518.75,6754,0.013519537772387447,0.013519537772387444,0.028589540554740032,1.1541279233586925,sampled_16_timesteps_max_2048_sources,converged,1.06353759765625,0.0001,9.999553731177002e-05,4.462688229982877e-09,True,20,SpMV,CUSPARSE_SPMV_ALG_DEFAULT,,nan,torch_cuda_event_cudagraph_replay,gpu_execution,full_rsnn,device_adapted,independent_inference,sparse_only,"(256, 1, 138639)","(256, 1, 138639)",138639,138639,1,1,BN,spmspv_csc_dense_device,spmspv_csc_dense_device,none,False,False,True,0,torch.int64,torch.float32,torch.float32,dense_device,,,False,False,False,False,False,True,1.0,554556,325842920,325842920,0,0,False,unknown,unknown,unknown,unknown,unknown,,6.52739191;6.51763201;6.51737595;6.51542377;6.5172801;6.51743984;6.51724815;6.51740789;6.51743984;6.5162878;6.51484823;6.52150393;6.51532793;6.51740789;6.51532793;6.51740789;6.51532793;6.51740789;6.51228809;6.5112319,20,6.516950345039367,0.003256114792985679,6.511231899261475,6.5273919105529785,passed,0,0.0,9.313225746154785e-10,1.1641532182693481e-10,4.656284691151313e-09,2.3280980698814346e-08,4.656284691151313e-09,2.3280980698814346e-08,138639,0,full_state,passed,,6.5173280239105225,nan,nan,nan,nan,nan,nan,nan,nan,nan,nan,6.4260494946984075
globalatomic_cudagraph,flybrain,NVIDIA GeForce RTX 5090,2.11.0+cu128,12.8,default,0.00038162477337341094,,,,,,008401501817939c,2,138639,256,1,15091983,108.85813515677407,flybrain,2,9783,163.19999046318512,1.499198844699568,0.4816346156348125,288.0,599.6199999999953,1.0,0.0001,0.0001,9.999553697011664e-05,0.1,0.09999553697011664,13.86328125,14.0,16,1515.86328125,2518.75,6754,0.013519537772387447,0.013519537772387444,0.028589540554740032,1.1541279233586925,sampled_16_timesteps_max_2048_sources,converged,1.06353759765625,0.0001,9.999553731177002e-05,4.462688229982877e-09,True,20,SpMV,CUSPARSE_SPMV_ALG_DEFAULT,,nan,torch_cuda_event_cudagraph_replay,gpu_execution,full_rsnn,device_adapted,independent_inference,sparse_only,"(256, 1, 138639)","(256, 1, 138639)",138639,138639,1,1,BN,spmspv_csc_dense_device,spmspv_csc_dense_device,none,False,False,True,0,torch.int64,torch.float32,torch.float32,dense_device,,,False,False,False,False,False,True,1.0,554556,325842920,325842920,0,0,False,unknown,unknown,unknown,unknown,unknown,,11.3446398;11.3400965;11.3367682;11.338336;11.3388796;11.3419523;11.3426237;11.3373117;11.3358078;11.3369598;11.3379841;11.340416;11.3394241;11.338336;11.3373756;11.3383684;11.3363199;11.3352957;11.340416;11.3353281,20,11.338631963729858,0.002490770593663102,11.335295677185059,11.344639778137207,passed,0,0.0,9.313225746154785e-10,1.1641532182693481e-10,4.656284691151313e-09,2.3280980698814346e-08,4.656284691151313e-09,2.3280980698814346e-08,138639,0,full_state,passed,,11.338335990905762,nan,nan,nan,nan,nan,nan,nan,nan,nan,nan,3.6937230020724012
vdha_cudagraph,flybrain,NVIDIA GeForce RTX 5090,2.11.0+cu128,12.8,default,0.00038162477337341094,,,,,,008401501817939c,2,138639,256,1,15091983,108.85813515677407,flybrain,2,9783,163.19999046318512,1.499198844699568,0.4816346156348125,288.0,599.6199999999953,1.0,0.0001,0.0001,9.999553697011664e-05,0.1,0.09999553697011664,13.86328125,14.0,16,1515.86328125,2518.75,6754,0.013519537772387447,0.013519537772387444,0.028589540554740032,1.1541279233586925,sampled_16_timesteps_max_2048_sources,converged,1.06353759765625,0.0001,9.999553731177002e-05,4.462688229982877e-09,True,20,SpMV,CUSPARSE_SPMV_ALG_DEFAULT,,nan,torch_cuda_event_cudagraph_replay,gpu_execution,full_rsnn,device_adapted,independent_inference,sparse_only,"(256, 1, 138639)","(256, 1, 138639)",138639,138639,1,1,BN,spmspv_csc_dense_device,spmspv_csc_dense_device,none,False,False,True,0,torch.int64,torch.float32,torch.float32,dense_device,,,False,False,False,False,False,True,1.0,554556,325842920,325842920,0,0,False,unknown,unknown,unknown,unknown,unknown,,10.1734076;10.1648321;10.1566401;10.1581116;10.158144;10.1526403;10.1552324;10.1643524;10.1607676;10.1561918;10.158144;10.1588478;10.1572475;10.1520958;10.15872;10.154624;10.15872;10.1545916;10.1638403;10.1587524,20,10.158795166015626,0.004898265849066374,10.152095794677734,10.173407554626465,passed,0,0.0,1.862645149230957e-09,1.1641532182693481e-10,9.311915682985727e-09,2.3280980698814346e-08,9.311915682985727e-09,2.3280980698814346e-08,138639,0,full_state,passed,,10.158143997192383,nan,nan,nan,nan,nan,nan,nan,nan,nan,nan,4.122866585314149
persistent_spike_block,flybrain,NVIDIA GeForce RTX 5090,2.11.0+cu128,12.8,default,0.00038162477337341094,,,,,,008401501817939c,2,138639,256,1,15091983,108.85813515677407,flybrain,2,9783,163.19999046318512,1.499198844699568,0.4816346156348125,288.0,599.6199999999953,1.0,0.0001,0.0001,9.999553697011664e-05,0.1,0.09999553697011664,13.86328125,14.0,16,1515.86328125,2518.75,6754,0.013519537772387447,0.013519537772387444,0.028589540554740032,1.1541279233586925,sampled_16_timesteps_max_2048_sources,converged,1.06353759765625,0.0001,9.999553731177002e-05,4.462688229982877e-09,True,20,SpMV,CUSPARSE_SPMV_ALG_DEFAULT,,nan,torch_cuda_event,gpu_execution,full_rsnn,device_native,independent_inference,full_fusion,"(256, 1, 138639)","(256, 1, 138639)",138639,138639,1,1,BN,event_csr,event_csr,dense_to_events_precomputed,False,True,True,0,torch.int32,torch.float32,torch.float32,windowed_events,,,False,False,False,False,False,False,1.0,3685120,122414760,122414760,0,0,False,unknown,unknown,unknown,unknown,unknown,,3.12768006;3.09628797;3.09295988;3.09651208;3.09292793;3.09049606;3.09504008;3.09452796;3.09302402;3.09452796;3.08934402;3.09260798;3.08825588;3.09241605;3.09027195;3.08838391;3.09190392;3.09446406;3.09247994;3.09452796,20,3.094431984424591,0.008178974810097446,3.0882558822631836,3.1276800632476807,passed,0,0.0,2.9802322387695312e-08,9.313225746154785e-10,1.487142924361251e-07,1.8561283354756597e-07,1.487142924361251e-07,1.8561283354756597e-07,138639,0,full_state,passed,,3.0929439067840576,nan,nan,nan,nan,nan,nan,13.540715162332233,nan,nan,nan,13.540715162332233
cusparse_direct_cudagraph,flybrain,NVIDIA GeForce RTX 5090,2.11.0+cu128,12.8,default,0.00038162477337341094,,,,,,c33a3f045de515f2,2,138639,256,1,15091983,108.85813515677407,flybrain,2,9783,163.19999046318512,1.499198844699568,0.4816346156348125,288.0,599.6199999999953,1.0,0.0002,0.0002,0.00019999107394023328,0.2,0.19999107394023327,27.7265625,28.0,34,3048.9140625,4502.0,10830,0.03152340043022151,0.03152340043022152,0.021721852772282935,1.2262609185686109,sampled_16_timesteps_max_2048_sources,converged,1.5625,0.0002,0.00019999107462354004,8.925376459965753e-09,True,20,SpMV,CUSPARSE_SPMV_ALG_DEFAULT,,nan,torch_cuda_event,gpu_execution,full_rsnn,device_native,independent_inference,sparse_only,"(256, 1, 138639)","(256, 1, 138639)",138639,138639,1,1,BN,csr_post_by_pre,csr_post_by_pre,none,False,False,True,0,torch.int32,torch.float32,torch.float32,dense,,,False,False,False,False,False,True,1.0,58960,406886764,406886764,0,0,False,unknown,unknown,unknown,unknown,unknown,,41.8864975;41.8605766;41.8587189;41.8935051;41.8484497;41.8443527;41.8935356;41.8873901;41.8894081;41.8812485;41.868927;41.8935051;41.8464012;41.8504944;41.8402557;41.8607368;41.8504944;41.8464012;41.8729935;41.8975983,20,41.86857452392578,0.020067466022774212,41.84025573730469,41.89759826660156,passed,0,0.0,5.960464477539063e-08,7.450580596923828e-09,2.9732194661846734e-07,1.4475723446594202e-06,2.9732194661846734e-07,1.4475723446594202e-06,138639,0,full_state,passed,,41.86483192443848,nan,nan,nan,nan,nan,nan,1.0,nan,nan,nan,1.0
tilespmspv_cudagraph,flybrain,NVIDIA GeForce RTX 5090,2.11.0+cu128,12.8,default,0.00038162477337341094,,,,,,c33a3f045de515f2,2,138639,256,1,15091983,108.85813515677407,flybrain,2,9783,163.19999046318512,1.499198844699568,0.4816346156348125,288.0,599.6199999999953,1.0,0.0002,0.0002,0.00019999107394023328,0.2,0.19999107394023327,27.7265625,28.0,34,3048.9140625,4502.0,10830,0.03152340043022151,0.03152340043022152,0.021721852772282935,1.2262609185686109,sampled_16_timesteps_max_2048_sources,converged,1.5625,0.0002,0.00019999107462354004,8.925376459965753e-09,True,20,SpMV,CUSPARSE_SPMV_ALG_DEFAULT,,nan,torch_cuda_event_cudagraph_replay,gpu_execution,full_rsnn,device_adapted,independent_inference,sparse_only,"(256, 1, 138639)","(256, 1, 138639)",138639,138639,1,1,BN,spmspv_csc_dense_device,spmspv_csc_dense_device,none,False,False,True,0,torch.int64,torch.float32,torch.float32,dense_device,,,False,False,False,False,False,True,1.0,554556,325842920,325842920,0,0,False,unknown,unknown,unknown,unknown,unknown,,6.57465601;6.56576014;6.56614399;6.56451178;6.56396818;6.56652784;6.56441593;6.56569576;6.56383991;6.56665611;6.56192017;6.56655979;6.56652784;6.56652784;6.56447983;6.56345606;6.56652784;6.56246424;6.56451178;6.56447983,20,6.565481543540955,0.0025910069377950385,6.561920166015625,6.574656009674072,passed,0,0.0,7.450580596923828e-09,1.1641532182693481e-10,3.723215158402127e-08,2.3276324867538278e-08,3.723215158402127e-08,2.3276324867538278e-08,138639,0,full_state,passed,,6.565103769302368,nan,nan,nan,nan,nan,nan,nan,nan,nan,nan,6.376872840943257
globalatomic_cudagraph,flybrain,NVIDIA GeForce RTX 5090,2.11.0+cu128,12.8,default,0.00038162477337341094,,,,,,c33a3f045de515f2,2,138639,256,1,15091983,108.85813515677407,flybrain,2,9783,163.19999046318512,1.499198844699568,0.4816346156348125,288.0,599.6199999999953,1.0,0.0002,0.0002,0.00019999107394023328,0.2,0.19999107394023327,27.7265625,28.0,34,3048.9140625,4502.0,10830,0.03152340043022151,0.03152340043022152,0.021721852772282935,1.2262609185686109,sampled_16_timesteps_max_2048_sources,converged,1.5625,0.0002,0.00019999107462354004,8.925376459965753e-09,True,20,SpMV,CUSPARSE_SPMV_ALG_DEFAULT,,nan,torch_cuda_event_cudagraph_replay,gpu_execution,full_rsnn,device_adapted,independent_inference,sparse_only,"(256, 1, 138639)","(256, 1, 138639)",138639,138639,1,1,BN,spmspv_csc_dense_device,spmspv_csc_dense_device,none,False,False,True,0,torch.int64,torch.float32,torch.float32,dense_device,,,False,False,False,False,False,True,1.0,554556,325842920,325842920,0,0,False,unknown,unknown,unknown,unknown,unknown,,11.3558083;11.3438396;11.3431044;11.3405762;11.3491201;11.3446722;11.3460159;11.347168;11.3440323;11.345664;11.3439999;11.3445444;11.3414717;11.340416;11.3455677;11.3404484;11.3465919;11.3455677;11.3404484;11.3455362,20,11.344729661941528,0.0035808763881747937,11.340415954589844,11.35580825805664,passed,0,0.0,7.450580596923828e-09,1.1641532182693481e-10,3.723215158402127e-08,2.3276324867538278e-08,3.723215158402127e-08,2.3276324867538278e-08,138639,0,full_state,passed,,11.344608306884766,nan,nan,nan,nan,nan,nan,nan,nan,nan,nan,3.690284476285685
vdha_cudagraph,flybrain,NVIDIA GeForce RTX 5090,2.11.0+cu128,12.8,default,0.00038162477337341094,,,,,,c33a3f045de515f2,2,138639,256,1,15091983,108.85813515677407,flybrain,2,9783,163.19999046318512,1.499198844699568,0.4816346156348125,288.0,599.6199999999953,1.0,0.0002,0.0002,0.00019999107394023328,0.2,0.19999107394023327,27.7265625,28.0,34,3048.9140625,4502.0,10830,0.03152340043022151,0.03152340043022152,0.021721852772282935,1.2262609185686109,sampled_16_timesteps_max_2048_sources,converged,1.5625,0.0002,0.00019999107462354004,8.925376459965753e-09,True,20,SpMV,CUSPARSE_SPMV_ALG_DEFAULT,,nan,torch_cuda_event_cudagraph_replay,gpu_execution,full_rsnn,device_adapted,independent_inference,sparse_only,"(256, 1, 138639)","(256, 1, 138639)",138639,138639,1,1,BN,spmspv_csc_dense_device,spmspv_csc_dense_device,none,False,False,True,0,torch.int64,torch.float32,torch.float32,dense_device,,,False,False,False,False,False,True,1.0,554556,325842920,325842920,0,0,False,unknown,unknown,unknown,unknown,unknown,,10.9920645;10.9776316;10.9737597;10.9795198;10.9748478;10.975872;10.9718723;10.9754562;10.9802237;10.975296;10.9778881;10.9779196;10.9749756;10.9794559;10.982048;10.9799681;10.9779196;10.9728003;10.9779196;10.977952,20,10.97776951789856,0.004270532070837058,10.971872329711914,10.992064476013184,passed,0,0.0,1.4901161193847656e-08,4.656612873077393e-10,7.443573224463762e-08,9.298970837789966e-08,7.443573224463762e-08,9.298970837789966e-08,138639,0,full_state,passed,,10.977903842926025,nan,nan,nan,nan,nan,nan,nan,nan,nan,nan,3.813554256208526
persistent_spike_block,flybrain,NVIDIA GeForce RTX 5090,2.11.0+cu128,12.8,default,0.00038162477337341094,,,,,,c33a3f045de515f2,2,138639,256,1,15091983,108.85813515677407,flybrain,2,9783,163.19999046318512,1.499198844699568,0.4816346156348125,288.0,599.6199999999953,1.0,0.0002,0.0002,0.00019999107394023328,0.2,0.19999107394023327,27.7265625,28.0,34,3048.9140625,4502.0,10830,0.03152340043022151,0.03152340043022152,0.021721852772282935,1.2262609185686109,sampled_16_timesteps_max_2048_sources,converged,1.5625,0.0002,0.00019999107462354004,8.925376459965753e-09,True,20,SpMV,CUSPARSE_SPMV_ALG_DEFAULT,,nan,torch_cuda_event,gpu_execution,full_rsnn,device_native,independent_inference,full_fusion,"(256, 1, 138639)","(256, 1, 138639)",138639,138639,1,1,BN,event_csr,event_csr,dense_to_events_precomputed,False,True,True,0,torch.int32,torch.float32,torch.float32,windowed_events,,,False,False,False,False,False,False,1.0,3685120,122428956,122428956,0,0,False,unknown,unknown,unknown,unknown,unknown,,3.40473604;3.3505919;3.34950399;3.35350394;3.34988809;3.34755206;3.34073591;3.34438396;3.34214401;3.34847999;3.34534407;3.35356808;3.34518409;3.34745598;3.352;3.34947205;3.34284806;3.35039997;3.34335995;3.34847999,20,3.3504816055297852,0.013293702891231444,3.340735912322998,3.404736042022705,passed,0,0.0,5.960464477539063e-08,7.450580596923828e-09,2.9732194661846734e-07,1.4524516700475942e-06,2.9732194661846734e-07,1.4524516700475942e-06,138639,0,full_state,passed,,3.348479986190796,nan,nan,nan,nan,nan,nan,12.50263764367413,nan,nan,nan,12.50263764367413
cusparse_direct_cudagraph,flybrain,NVIDIA GeForce RTX 5090,2.11.0+cu128,12.8,default,0.00038162477337341094,,,,,,7c69c5dbaa0ae6f4,2,138639,256,1,15091983,108.85813515677407,flybrain,2,9783,163.19999046318512,1.499198844699568,0.4816346156348125,288.0,599.6199999999953,1.0,0.0005,0.0005,0.0005000058605442913,0.5,0.5000058605442913,69.3203125,70.0,103,8580.2265625,16787.0,24597,0.06168151204952952,0.061681512049529506,0.03353867263117178,1.4858559675419813,sampled_16_timesteps_max_2048_sources,converged,1.1104583740234375,0.0005,0.000500005844514817,5.844514816989027e-09,True,20,SpMV,CUSPARSE_SPMV_ALG_DEFAULT,,nan,torch_cuda_event,gpu_execution,full_rsnn,device_native,independent_inference,sparse_only,"(256, 1, 138639)","(256, 1, 138639)",138639,138639,1,1,BN,csr_post_by_pre,csr_post_by_pre,none,False,False,True,0,torch.int32,torch.float32,torch.float32,dense,,,False,False,False,False,False,True,1.0,58960,406886764,406886764,0,0,False,unknown,unknown,unknown,unknown,unknown,,41.9525757;41.8688011;41.8484497;41.8566399;41.8361588;41.8464012;41.8464012;41.8300476;41.8382072;41.8464012;41.8525429;41.8525772;41.8279991;41.8545914;41.8382072;41.8299828;41.8545914;41.8330879;41.8443527;41.8607368,20,41.85093765258789,0.02634190055355921,41.827999114990234,41.95257568359375,passed,0,0.0,1.1920928955078125e-07,7.450580596923828e-09,5.917643193242839e-07,1.4713359632878564e-06,5.917643193242839e-07,1.4713359632878564e-06,138639,0,full_state,passed,,41.84640121459961,nan,nan,nan,nan,nan,nan,1.0,nan,nan,nan,1.0
tilespmspv_cudagraph,flybrain,NVIDIA GeForce RTX 5090,2.11.0+cu128,12.8,default,0.00038162477337341094,,,,,,7c69c5dbaa0ae6f4,2,138639,256,1,15091983,108.85813515677407,flybrain,2,9783,163.19999046318512,1.499198844699568,0.4816346156348125,288.0,599.6199999999953,1.0,0.0005,0.0005,0.0005000058605442913,0.5,0.5000058605442913,69.3203125,70.0,103,8580.2265625,16787.0,24597,0.06168151204952952,0.061681512049529506,0.03353867263117178,1.4858559675419813,sampled_16_timesteps_max_2048_sources,converged,1.1104583740234375,0.0005,0.000500005844514817,5.844514816989027e-09,True,20,SpMV,CUSPARSE_SPMV_ALG_DEFAULT,,nan,torch_cuda_event_cudagraph_replay,gpu_execution,full_rsnn,device_adapted,independent_inference,sparse_only,"(256, 1, 138639)","(256, 1, 138639)",138639,138639,1,1,BN,spmspv_csc_dense_device,spmspv_csc_dense_device,none,False,False,True,0,torch.int64,torch.float32,torch.float32,dense_device,,,False,False,False,False,False,True,1.0,554556,325842920,325842920,0,0,False,unknown,unknown,unknown,unknown,unknown,,6.74255991;6.72236776;6.72416019;6.72374392;6.72476816;6.72230387;6.72012806;6.71808004;6.71958399;6.72134399;6.72761583;6.72425604;6.72422409;6.72422409;6.72115183;6.72425604;6.72422409;6.72422409;6.72016001;6.72524786,20,6.723931193351746,0.004947153775591674,6.718080043792725,6.742559909820557,passed,0,0.0,8.940696716308594e-08,9.313225746154785e-10,4.455662860891607e-07,1.855773348324874e-07,4.455662860891607e-07,1.855773348324874e-07,138639,0,full_state,passed,,6.724192142486572,nan,nan,nan,nan,nan,nan,nan,nan,nan,nan,6.223260776591227
globalatomic_cudagraph,flybrain,NVIDIA GeForce RTX 5090,2.11.0+cu128,12.8,default,0.00038162477337341094,,,,,,7c69c5dbaa0ae6f4,2,138639,256,1,15091983,108.85813515677407,flybrain,2,9783,163.19999046318512,1.499198844699568,0.4816346156348125,288.0,599.6199999999953,1.0,0.0005,0.0005,0.0005000058605442913,0.5,0.5000058605442913,69.3203125,70.0,103,8580.2265625,16787.0,24597,0.06168151204952952,0.061681512049529506,0.03353867263117178,1.4858559675419813,sampled_16_timesteps_max_2048_sources,converged,1.1104583740234375,0.0005,0.000500005844514817,5.844514816989027e-09,True,20,SpMV,CUSPARSE_SPMV_ALG_DEFAULT,,nan,torch_cuda_event_cudagraph_replay,gpu_execution,full_rsnn,device_adapted,independent_inference,sparse_only,"(256, 1, 138639)","(256, 1, 138639)",138639,138639,1,1,BN,spmspv_csc_dense_device,spmspv_csc_dense_device,none,False,False,True,0,torch.int64,torch.float32,torch.float32,dense_device,,,False,False,False,False,False,True,1.0,554556,325842920,325842920,0,0,False,unknown,unknown,unknown,unknown,unknown,,11.3779202;11.3665924;11.3635197;11.3691196;11.3613758;11.3683519;11.3727999;11.3635836;11.3693438;11.367424;11.3666563;11.3660479;11.3649921;11.3608961;11.3619204;11.3711681;11.3680639;11.3649597;11.3690882;11.3701124,20,11.367196798324585,0.004132806808074126,11.360896110534668,11.377920150756836,passed,0,0.0,8.940696716308594e-08,9.313225746154785e-10,4.455662860891607e-07,1.855773348324874e-07,4.455662860891607e-07,1.855773348324874e-07,138639,0,full_state,passed,,11.367040157318115,nan,nan,nan,nan,nan,nan,nan,nan,nan,nan,3.6813806087998064
vdha_cudagraph,flybrain,NVIDIA GeForce RTX 5090,2.11.0+cu128,12.8,default,0.00038162477337341094,,,,,,7c69c5dbaa0ae6f4,2,138639,256,1,15091983,108.85813515677407,flybrain,2,9783,163.19999046318512,1.499198844699568,0.4816346156348125,288.0,599.6199999999953,1.0,0.0005,0.0005,0.0005000058605442913,0.5,0.5000058605442913,69.3203125,70.0,103,8580.2265625,16787.0,24597,0.06168151204952952,0.061681512049529506,0.03353867263117178,1.4858559675419813,sampled_16_timesteps_max_2048_sources,converged,1.1104583740234375,0.0005,0.000500005844514817,5.844514816989027e-09,True,20,SpMV,CUSPARSE_SPMV_ALG_DEFAULT,,nan,torch_cuda_event_cudagraph_replay,gpu_execution,full_rsnn,device_adapted,independent_inference,sparse_only,"(256, 1, 138639)","(256, 1, 138639)",138639,138639,1,1,BN,spmspv_csc_dense_device,spmspv_csc_dense_device,none,False,False,True,0,torch.int64,torch.float32,torch.float32,dense_device,,,False,False,False,False,False,True,1.0,554556,325842920,325842920,0,0,False,unknown,unknown,unknown,unknown,unknown,,12.1065283;12.0872316;12.0931196;12.0928965;12.0941763;12.0965757;12.0869761;12.0869436;12.0858879;12.0870399;12.0888958;12.0847998;12.0961285;12.0946236;12.0889597;12.0869122;12.0920324;12.0827837;12.0910397;12.0889597,20,12.090625524520874,0.00539085741224103,12.082783699035645,12.106528282165527,passed,0,0.0,1.7881393432617188e-07,4.6566128730773926e-09,8.911325721783214e-07,9.292911613556498e-07,8.911325721783214e-07,9.292911613556498e-07,138639,0,full_state,passed,,12.088959693908691,nan,nan,nan,nan,nan,nan,nan,nan,nan,nan,3.4615386496560916
persistent_spike_block,flybrain,NVIDIA GeForce RTX 5090,2.11.0+cu128,12.8,default,0.00038162477337341094,,,,,,7c69c5dbaa0ae6f4,2,138639,256,1,15091983,108.85813515677407,flybrain,2,9783,163.19999046318512,1.499198844699568,0.4816346156348125,288.0,599.6199999999953,1.0,0.0005,0.0005,0.0005000058605442913,0.5,0.5000058605442913,69.3203125,70.0,103,8580.2265625,16787.0,24597,0.06168151204952952,0.061681512049529506,0.03353867263117178,1.4858559675419813,sampled_16_timesteps_max_2048_sources,converged,1.1104583740234375,0.0005,0.000500005844514817,5.844514816989027e-09,True,20,SpMV,CUSPARSE_SPMV_ALG_DEFAULT,,nan,torch_cuda_event,gpu_execution,full_rsnn,device_native,independent_inference,full_fusion,"(256, 1, 138639)","(256, 1, 138639)",138639,138639,1,1,BN,event_csr,event_csr,dense_to_events_precomputed,False,True,True,0,torch.int32,torch.float32,torch.float32,windowed_events,,,False,False,False,False,False,False,1.0,3685120,122471548,122471548,0,0,False,unknown,unknown,unknown,unknown,unknown,,3.88032007;3.83936;3.83894396;3.83836794;3.83081603;3.84294391;3.83488011;3.829216;3.83488011;3.84294391;3.8267839;3.8415041;3.83702397;3.84451199;3.83891201;3.84140801;3.83888006;3.83583999;3.84102392;3.83590388,20,3.839723193645477,0.010623853555388885,3.8267838954925537,3.8803200721740723,passed,0,0.0,1.1920928955078125e-07,1.4901161193847656e-08,5.931457280894392e-07,2.9110715331626125e-06,5.931457280894392e-07,2.9110715331626125e-06,138639,0,full_state,passed,,3.8388960361480713,nan,nan,nan,nan,nan,nan,10.900634146005181,nan,nan,nan,10.900634146005181
cusparse_direct_cudagraph,flybrain,NVIDIA GeForce RTX 5090,2.11.0+cu128,12.8,default,0.00038162477337341094,,,,,,7451e02186d79a05,2,138639,256,1,15091983,108.85813515677407,flybrain,2,9783,163.19999046318512,1.499198844699568,0.4816346156348125,288.0,599.6199999999953,1.0,0.001,0.001,0.0010000398967822907,1.0,1.0000398967822908,138.64453125,140.0,275,17922.7421875,27503.0,36188,0.1262995748529054,0.1262995748529054,0.07180874290037369,1.983489702194799,sampled_16_timesteps_max_2048_sources,converged,1.1260986328125,0.001,0.0010000398615375161,3.986153751609628e-08,True,20,SpMV,CUSPARSE_SPMV_ALG_DEFAULT,,nan,torch_cuda_event,gpu_execution,full_rsnn,device_native,independent_inference,sparse_only,"(256, 1, 138639)","(256, 1, 138639)",138639,138639,1,1,BN,csr_post_by_pre,csr_post_by_pre,none,False,False,True,0,torch.int32,torch.float32,torch.float32,dense,,,False,False,False,False,False,True,1.0,58960,406886764,406886764,0,0,False,unknown,unknown,unknown,unknown,unknown,,41.9048653;41.8901749;41.8730545;41.8382072;41.8607368;41.8628159;41.8464012;41.8669128;41.8935051;41.877121;41.873024;41.8484497;41.8443527;41.8586884;41.8320656;41.8320656;41.8259201;41.8361588;41.8382072;41.8412819,20,41.85720043182373,0.022634746641614457,41.82592010498047,41.90486526489258,passed,0,0.0,4.76837158203125e-07,2.9802322387695312e-08,2.3369821064989083e-06,5.666004653903656e-06,2.3369821064989083e-06,5.666004653903656e-06,138639,0,full_state,passed,,41.85356903076172,nan,nan,nan,nan,nan,nan,1.0,nan,nan,nan,1.0
tilespmspv_cudagraph,flybrain,NVIDIA GeForce RTX 5090,2.11.0+cu128,12.8,default,0.00038162477337341094,,,,,,7451e02186d79a05,2,138639,256,1,15091983,108.85813515677407,flybrain,2,9783,163.19999046318512,1.499198844699568,0.4816346156348125,288.0,599.6199999999953,1.0,0.001,0.001,0.0010000398967822907,1.0,1.0000398967822908,138.64453125,140.0,275,17922.7421875,27503.0,36188,0.1262995748529054,0.1262995748529054,0.07180874290037369,1.983489702194799,sampled_16_timesteps_max_2048_sources,converged,1.1260986328125,0.001,0.0010000398615375161,3.986153751609628e-08,True,20,SpMV,CUSPARSE_SPMV_ALG_DEFAULT,,nan,torch_cuda_event_cudagraph_replay,gpu_execution,full_rsnn,device_adapted,independent_inference,sparse_only,"(256, 1, 138639)","(256, 1, 138639)",138639,138639,1,1,BN,spmspv_csc_dense_device,spmspv_csc_dense_device,none,False,False,True,0,torch.int64,torch.float32,torch.float32,dense_device,,,False,False,False,False,False,True,1.0,554556,325842920,325842920,0,0,False,unknown,unknown,unknown,unknown,unknown,,7.14572811;7.09929609;7.10198402;7.10054398;7.09849596;7.08784008;7.10115194;7.09587193;7.09433603;7.09692812;7.09747219;7.09900808;7.09289598;7.09388781;7.1010561;7.09798384;7.09699202;7.09696007;7.09593582;7.09699202,20,7.099568009376526,0.011346923802415082,7.0878400802612305,7.14572811126709,passed,0,0.0,2.384185791015625e-07,2.9802322387695312e-08,1.1684910532494541e-06,5.397075256041717e-06,1.1684910532494541e-06,5.397075256041717e-06,138639,0,full_state,passed,,7.097232103347778,nan,nan,nan,nan,nan,nan,nan,nan,nan,nan,5.897167856609806
globalatomic_cudagraph,flybrain,NVIDIA GeForce RTX 5090,2.11.0+cu128,12.8,default,0.00038162477337341094,,,,,,7451e02186d79a05,2,138639,256,1,15091983,108.85813515677407,flybrain,2,9783,163.19999046318512,1.499198844699568,0.4816346156348125,288.0,599.6199999999953,1.0,0.001,0.001,0.0010000398967822907,1.0,1.0000398967822908,138.64453125,140.0,275,17922.7421875,27503.0,36188,0.1262995748529054,0.1262995748529054,0.07180874290037369,1.983489702194799,sampled_16_timesteps_max_2048_sources,converged,1.1260986328125,0.001,0.0010000398615375161,3.986153751609628e-08,True,20,SpMV,CUSPARSE_SPMV_ALG_DEFAULT,,nan,torch_cuda_event_cudagraph_replay,gpu_execution,full_rsnn,device_adapted,independent_inference,sparse_only,"(256, 1, 138639)","(256, 1, 138639)",138639,138639,1,1,BN,spmspv_csc_dense_device,spmspv_csc_dense_device,none,False,False,True,0,torch.int64,torch.float32,torch.float32,dense_device,,,False,False,False,False,False,True,1.0,554556,325842920,325842920,0,0,False,unknown,unknown,unknown,unknown,unknown,,11.3829441;11.3627844;11.3662081;11.3629436;11.3634558;11.3604803;11.3645439;11.3635836;11.3651838;11.3654718;11.3645439;11.3629436;11.3640003;11.3629761;11.3619204;11.3650236;11.3660479;11.3649921;11.3629436;11.3640003,20,11.36484956741333,0.004488355262957422,11.360480308532715,11.382944107055664,passed,0,0.0,2.384185791015625e-07,2.9802322387695312e-08,1.1684910532494541e-06,5.397075256041717e-06,1.1684910532494541e-06,5.397075256041717e-06,138639,0,full_state,passed,,11.36400032043457,nan,nan,nan,nan,nan,nan,nan,nan,nan,nan,3.6829961149773354
vdha_cudagraph,flybrain,NVIDIA GeForce RTX 5090,2.11.0+cu128,12.8,default,0.00038162477337341094,,,,,,7451e02186d79a05,2,138639,256,1,15091983,108.85813515677407,flybrain,2,9783,163.19999046318512,1.499198844699568,0.4816346156348125,288.0,599.6199999999953,1.0,0.001,0.001,0.0010000398967822907,1.0,1.0000398967822908,138.64453125,140.0,275,17922.7421875,27503.0,36188,0.1262995748529054,0.1262995748529054,0.07180874290037369,1.983489702194799,sampled_16_timesteps_max_2048_sources,converged,1.1260986328125,0.001,0.0010000398615375161,3.986153751609628e-08,True,20,SpMV,CUSPARSE_SPMV_ALG_DEFAULT,,nan,torch_cuda_event_cudagraph_replay,gpu_execution,full_rsnn,device_adapted,independent_inference,sparse_only,"(256, 1, 138639)","(256, 1, 138639)",138639,138639,1,1,BN,spmspv_csc_dense_device,spmspv_csc_dense_device,none,False,False,True,0,torch.int64,torch.float32,torch.float32,dense_device,,,False,False,False,False,False,True,1.0,554556,325842920,325842920,0,0,False,unknown,unknown,unknown,unknown,unknown,,12.2173119;12.1971521;12.193408;12.1995201;12.1975365;12.2041283;12.1976004;12.1934404;12.193408;12.1969919;12.1986237;12.2011204;12.1914558;12.2011204;12.197504;12.1975365;12.2005758;12.183136;12.2036161;12.199584,20,12.198238515853882,0.0064950251609248435,12.183135986328125,12.21731185913086,passed,0,0.0,2.384185791015625e-07,2.9802322387695312e-08,1.1733042128980742e-06,5.397075256041717e-06,1.1733042128980742e-06,5.397075256041717e-06,138639,0,full_state,passed,,12.197568416595459,nan,nan,nan,nan,nan,nan,nan,nan,nan,nan,3.431304306013783
persistent_spike_block,flybrain,NVIDIA GeForce RTX 5090,2.11.0+cu128,12.8,default,0.00038162477337341094,,,,,,7451e02186d79a05,2,138639,256,1,15091983,108.85813515677407,flybrain,2,9783,163.19999046318512,1.499198844699568,0.4816346156348125,288.0,599.6199999999953,1.0,0.001,0.001,0.0010000398967822907,1.0,1.0000398967822908,138.64453125,140.0,275,17922.7421875,27503.0,36188,0.1262995748529054,0.1262995748529054,0.07180874290037369,1.983489702194799,sampled_16_timesteps_max_2048_sources,converged,1.1260986328125,0.001,0.0010000398615375161,3.986153751609628e-08,True,20,SpMV,CUSPARSE_SPMV_ALG_DEFAULT,,nan,torch_cuda_event,gpu_execution,full_rsnn,device_native,independent_inference,full_fusion,"(256, 1, 138639)","(256, 1, 138639)",138639,138639,1,1,BN,event_csr,event_csr,dense_to_events_precomputed,False,True,True,0,torch.int32,torch.float32,torch.float32,windowed_events,,,False,False,False,False,False,False,1.0,3685120,122542532,122542532,0,0,False,unknown,unknown,unknown,unknown,unknown,,4.3144002;4.25177622;4.25248003;4.25676823;4.25062418;4.25062418;4.25971222;4.24854422;4.25622416;4.26287985;4.26438379;4.26281595;4.26240015;4.26089621;4.26070404;4.25871992;4.25663996;4.2567358;4.257792;4.25881577,20,4.260196852684021,0.013547148701718349,4.248544216156006,4.3144001960754395,passed,0,0.0,4.76837158203125e-07,5.960464477539063e-08,2.376952579652425e-06,1.0304810530215036e-05,2.376952579652425e-06,1.0304810530215036e-05,138639,0,full_state,passed,,4.258255958557129,nan,nan,nan,nan,nan,nan,9.828805369638564,nan,nan,nan,9.828805369638564
cusparse_direct_cudagraph,flybrain,NVIDIA GeForce RTX 5090,2.11.0+cu128,12.8,default,0.00038162477337341094,,,,,,20279e53dc30236a,2,138639,256,1,15091983,108.85813515677407,flybrain,2,9783,163.19999046318512,1.499198844699568,0.4816346156348125,288.0,599.6199999999953,1.0,0.002,0.002,0.002706500786214557,2.0,2.706500786214557,375.2265625,1098.0,1151,79618.81640625,335696.75,354255,0.34319650234305066,0.34319650234305077,0.7692577164405572,3.0674800641279227,sampled_16_timesteps_max_2048_sources,nonmonotonic_best_effort,1.025390625,0.002,0.0027065007016062737,0.0007065007016062736,True,20,SpMV,CUSPARSE_SPMV_ALG_DEFAULT,,nan,torch_cuda_event,gpu_execution,full_rsnn,device_native,independent_inference,sparse_only,"(256, 1, 138639)","(256, 1, 138639)",138639,138639,1,1,BN,csr_post_by_pre,csr_post_by_pre,none,False,False,True,0,torch.int32,torch.float32,torch.float32,dense,,,False,False,False,False,False,True,1.0,58960,406886764,406886764,0,0,False,unknown,unknown,unknown,unknown,unknown,,42.0073929;41.8688965;41.8464012;41.8750725;41.8586884;41.8382072;41.8505287;41.8402557;41.8361588;41.8423042;41.8197746;41.8300171;41.8238716;41.8320656;41.8218231;41.8156815;41.8105583;41.8320656;41.8259201;41.8443527,20,41.8460018157959,0.04154262674334091,41.8105583190918,42.00739288330078,passed,0,0.0,2.288818359375e-05,9.5367431640625e-07,5.74618716200348e-05,6.097125151427463e-05,5.74618716200348e-05,6.097125151427463e-05,138639,0,full_state,passed,,41.83718299865723,nan,nan,nan,nan,nan,nan,1.0,nan,nan,nan,1.0
tilespmspv_cudagraph,flybrain,NVIDIA GeForce RTX 5090,2.11.0+cu128,12.8,default,0.00038162477337341094,,,,,,20279e53dc30236a,2,138639,256,1,15091983,108.85813515677407,flybrain,2,9783,163.19999046318512,1.499198844699568,0.4816346156348125,288.0,599.6199999999953,1.0,0.002,0.002,0.002706500786214557,2.0,2.706500786214557,375.2265625,1098.0,1151,79618.81640625,335696.75,354255,0.34319650234305066,0.34319650234305077,0.7692577164405572,3.0674800641279227,sampled_16_timesteps_max_2048_sources,nonmonotonic_best_effort,1.025390625,0.002,0.0027065007016062737,0.0007065007016062736,True,20,SpMV,CUSPARSE_SPMV_ALG_DEFAULT,,nan,torch_cuda_event_cudagraph_replay,gpu_execution,full_rsnn,device_adapted,independent_inference,sparse_only,"(256, 1, 138639)","(256, 1, 138639)",138639,138639,1,1,BN,spmspv_csc_dense_device,spmspv_csc_dense_device,none,False,False,True,0,torch.int64,torch.float32,torch.float32,dense_device,,,False,False,False,False,False,True,1.0,554556,325842920,325842920,0,0,False,unknown,unknown,unknown,unknown,unknown,,7.13078403;7.12319994;7.1282239;7.1231041;7.12319994;7.11657619;7.11744022;7.11852789;7.11891222;7.12166405;7.11999989;7.11744022;7.12048006;7.11948776;7.11948776;7.11846399;7.11747217;7.12259197;7.11747217;7.12361622,20,7.120907235145569,0.003729099754958102,7.116576194763184,7.130784034729004,passed,0,0.0,3.814697265625e-05,2.86102294921875e-06,0.00011732188431778923,0.00017656020645517856,0.00011732188431778923,0.00017656020645517856,138639,0,full_state,passed,,7.119743824005127,nan,nan,nan,nan,nan,nan,nan,nan,nan,nan,5.876220273206715
globalatomic_cudagraph,flybrain,NVIDIA GeForce RTX 5090,2.11.0+cu128,12.8,default,0.00038162477337341094,,,,,,20279e53dc30236a,2,138639,256,1,15091983,108.85813515677407,flybrain,2,9783,163.19999046318512,1.499198844699568,0.4816346156348125,288.0,599.6199999999953,1.0,0.002,0.002,0.002706500786214557,2.0,2.706500786214557,375.2265625,1098.0,1151,79618.81640625,335696.75,354255,0.34319650234305066,0.34319650234305077,0.7692577164405572,3.0674800641279227,sampled_16_timesteps_max_2048_sources,nonmonotonic_best_effort,1.025390625,0.002,0.0027065007016062737,0.0007065007016062736,True,20,SpMV,CUSPARSE_SPMV_ALG_DEFAULT,,nan,torch_cuda_event_cudagraph_replay,gpu_execution,full_rsnn,device_adapted,independent_inference,sparse_only,"(256, 1, 138639)","(256, 1, 138639)",138639,138639,1,1,BN,spmspv_csc_dense_device,spmspv_csc_dense_device,none,False,False,True,0,torch.int64,torch.float32,torch.float32,dense_device,,,False,False,False,False,False,True,1.0,554556,325842920,325842920,0,0,False,unknown,unknown,unknown,unknown,unknown,,11.3799038;11.3645124;11.3660164;11.36448;11.3635836;11.36656;11.3646078;11.3615036;11.3604479;11.361536;11.3583679;11.3649921;11.3660479;11.3608637;11.3680639;11.35888;11.3640003;11.3670721;11.3609276;11.3619204,20,11.364214372634887,0.004595502733906265,11.358367919921875,11.379903793334961,passed,0,0.0,5.340576171875e-05,2.384185791015625e-06,0.00015198469918686897,0.00020178309932816774,0.00015198469918686897,0.00020178309932816774,138639,0,full_state,passed,,11.364240169525146,nan,nan,nan,nan,nan,nan,nan,nan,nan,nan,3.681476488929694
vdha_cudagraph,flybrain,NVIDIA GeForce RTX 5090,2.11.0+cu128,12.8,default,0.00038162477337341094,,,,,,20279e53dc30236a,2,138639,256,1,15091983,108.85813515677407,flybrain,2,9783,163.19999046318512,1.499198844699568,0.4816346156348125,288.0,599.6199999999953,1.0,0.002,0.002,0.002706500786214557,2.0,2.706500786214557,375.2265625,1098.0,1151,79618.81640625,335696.75,354255,0.34319650234305066,0.34319650234305077,0.7692577164405572,3.0674800641279227,sampled_16_timesteps_max_2048_sources,nonmonotonic_best_effort,1.025390625,0.002,0.0027065007016062737,0.0007065007016062736,True,20,SpMV,CUSPARSE_SPMV_ALG_DEFAULT,,nan,torch_cuda_event_cudagraph_replay,gpu_execution,full_rsnn,device_adapted,independent_inference,sparse_only,"(256, 1, 138639)","(256, 1, 138639)",138639,138639,1,1,BN,spmspv_csc_dense_device,spmspv_csc_dense_device,none,False,False,True,0,torch.int64,torch.float32,torch.float32,dense_device,,,False,False,False,False,False,True,1.0,554556,325842920,325842920,0,0,False,unknown,unknown,unknown,unknown,unknown,,13.3873281;13.1948481;13.1942396;13.1932478;13.1985283;13.1927996;13.1959038;13.1887999;13.1900797;13.1881599;13.1958723;13.1907196;13.1847038;13.1934404;13.188736;13.1866884;13.1866884;13.1959362;13.1928644;13.1907845,20,13.201518440246582,0.04388961558602146,13.184703826904297,13.387328147888184,passed,0,0.0,3.0517578125e-05,1.9073486328125e-06,8.516649540979415e-05,0.0001015337256831117,8.516649540979415e-05,0.0001015337256831117,138639,0,full_state,passed,,13.192831993103027,nan,nan,nan,nan,nan,nan,nan,nan,nan,nan,3.171205622911665
persistent_spike_block,flybrain,NVIDIA GeForce RTX 5090,2.11.0+cu128,12.8,default,0.00038162477337341094,,,,,,20279e53dc30236a,2,138639,256,1,15091983,108.85813515677407,flybrain,2,9783,163.19999046318512,1.499198844699568,0.4816346156348125,288.0,599.6199999999953,1.0,0.002,0.002,0.002706500786214557,2.0,2.706500786214557,375.2265625,1098.0,1151,79618.81640625,335696.75,354255,0.34319650234305066,0.34319650234305077,0.7692577164405572,3.0674800641279227,sampled_16_timesteps_max_2048_sources,nonmonotonic_best_effort,1.025390625,0.002,0.0027065007016062737,0.0007065007016062736,True,20,SpMV,CUSPARSE_SPMV_ALG_DEFAULT,,nan,torch_cuda_event,gpu_execution,full_rsnn,device_native,independent_inference,full_fusion,"(256, 1, 138639)","(256, 1, 138639)",138639,138639,1,1,BN,event_csr,event_csr,dense_to_events_precomputed,False,True,True,0,torch.int32,torch.float32,torch.float32,windowed_events,,,False,False,False,False,False,False,1.0,3685120,122684496,122684496,0,0,False,unknown,unknown,unknown,unknown,unknown,,4.73596811;4.68124819;4.69283199;4.68767977;4.68585587;4.68166399;4.68057585;4.68832016;4.67782402;4.68374395;4.68070412;4.68572807;4.67555189;4.68422413;4.68495989;4.68416023;4.6837759;4.67961597;4.68278408;4.6786561,20,4.685793614387512,0.012457256537537976,4.675551891326904,4.735968112945557,passed_causal_masked_state,2,5.6351387416239296e-08,0.0505218505859375,0.009217262268066406,0.24906954169273376,0.5822322964668274,0.001153948251157999,0.0018943495815619826,138495,144,causal_masked_state,passed_causal_masked_state,,4.683759927749634,nan,nan,nan,nan,nan,nan,8.932392702449713,nan,nan,nan,8.932392702449713
cusparse_direct_cudagraph,flybrain,NVIDIA GeForce RTX 5090,2.11.0+cu128,12.8,default,0.00038162477337341094,,,,,,b8aee70da1cbc674,2,138639,256,1,15091983,108.85813515677407,flybrain,2,9783,163.19999046318512,1.499198844699568,0.4816346156348125,288.0,599.6199999999953,1.0,0.005,0.005,0.0046568504803843076,5.0,4.656850480384308,645.62109375,674.75,1358,88148.40234375,110225.75,174539,0.37575878416377745,0.37575878416377734,0.1731853846714582,2.1034009160268394,sampled_16_timesteps_max_2048_sources,converged,1.1690139770507812,0.005,0.0046568503603339195,0.0003431496396660806,True,20,SpMV,CUSPARSE_SPMV_ALG_DEFAULT,,nan,torch_cuda_event,gpu_execution,full_rsnn,device_native,independent_inference,sparse_only,"(256, 1, 138639)","(256, 1, 138639)",138639,138639,1,1,BN,csr_post_by_pre,csr_post_by_pre,none,False,False,True,0,torch.int32,torch.float32,torch.float32,dense,,,False,False,False,False,False,True,1.0,58960,406886764,406886764,0,0,False,unknown,unknown,unknown,unknown,unknown,,41.8973427;41.8667831;41.8423042;41.8566399;41.8484497;41.8402557;41.8320656;41.8382416;41.8361588;41.8259201;41.8443527;41.8566399;41.8382072;41.8382072;41.8464012;41.8300476;41.8382416;41.8413124;41.8341446;41.8443527,20,41.844803428649904,0.01568958033603178,41.82592010498047,41.897342681884766,passed,0,0.0,9.5367431640625e-07,1.1920928955078125e-07,4.504091066337423e-06,1.9709052139660344e-05,4.504091066337423e-06,1.9709052139660344e-05,138639,0,full_state,passed,,41.84078407287598,nan,nan,nan,nan,nan,nan,1.0,nan,nan,nan,1.0
tilespmspv_cudagraph,flybrain,NVIDIA GeForce RTX 5090,2.11.0+cu128,12.8,default,0.00038162477337341094,,,,,,b8aee70da1cbc674,2,138639,256,1,15091983,108.85813515677407,flybrain,2,9783,163.19999046318512,1.499198844699568,0.4816346156348125,288.0,599.6199999999953,1.0,0.005,0.005,0.0046568504803843076,5.0,4.656850480384308,645.62109375,674.75,1358,88148.40234375,110225.75,174539,0.37575878416377745,0.37575878416377734,0.1731853846714582,2.1034009160268394,sampled_16_timesteps_max_2048_sources,converged,1.1690139770507812,0.005,0.0046568503603339195,0.0003431496396660806,True,20,SpMV,CUSPARSE_SPMV_ALG_DEFAULT,,nan,torch_cuda_event_cudagraph_replay,gpu_execution,full_rsnn,device_adapted,independent_inference,sparse_only,"(256, 1, 138639)","(256, 1, 138639)",138639,138639,1,1,BN,spmspv_csc_dense_device,spmspv_csc_dense_device,none,False,False,True,0,torch.int64,torch.float32,torch.float32,dense_device,,,False,False,False,False,False,True,1.0,554556,325842920,325842920,0,0,False,unknown,unknown,unknown,unknown,unknown,,7.33766413;7.33440018;7.32531214;7.33199978;7.33504009;7.338624;7.32726383;7.32844782;7.33907223;7.32860804;7.33088017;7.3325119;7.32736015;7.33452797;7.3335042;7.32838392;7.3273921;7.33657598;7.32118416;7.32022381,20,7.330948829650879,0.005393803267564562,7.320223808288574,7.339072227478027,passed,0,0.0,9.5367431640625e-07,5.960464477539063e-08,4.5171159399615135e-06,9.854526069830172e-06,4.5171159399615135e-06,9.854526069830172e-06,138639,0,full_state,passed,,7.331439971923828,nan,nan,nan,nan,nan,nan,nan,nan,nan,nan,5.70703493898984
globalatomic_cudagraph,flybrain,NVIDIA GeForce RTX 5090,2.11.0+cu128,12.8,default,0.00038162477337341094,,,,,,b8aee70da1cbc674,2,138639,256,1,15091983,108.85813515677407,flybrain,2,9783,163.19999046318512,1.499198844699568,0.4816346156348125,288.0,599.6199999999953,1.0,0.005,0.005,0.0046568504803843076,5.0,4.656850480384308,645.62109375,674.75,1358,88148.40234375,110225.75,174539,0.37575878416377745,0.37575878416377734,0.1731853846714582,2.1034009160268394,sampled_16_timesteps_max_2048_sources,converged,1.1690139770507812,0.005,0.0046568503603339195,0.0003431496396660806,True,20,SpMV,CUSPARSE_SPMV_ALG_DEFAULT,,nan,torch_cuda_event_cudagraph_replay,gpu_execution,full_rsnn,device_adapted,independent_inference,sparse_only,"(256, 1, 138639)","(256, 1, 138639)",138639,138639,1,1,BN,spmspv_csc_dense_device,spmspv_csc_dense_device,none,False,False,True,0,torch.int64,torch.float32,torch.float32,dense_device,,,False,False,False,False,False,True,1.0,554556,325842920,325842920,0,0,False,unknown,unknown,unknown,unknown,unknown,,11.3754244;11.3647356;11.3593922;11.3584318;11.3614397;11.3630075;11.3608961;11.3573122;11.3584642;11.3572798;11.3584642;11.3609276;11.3557758;11.3527365;11.3578243;11.35888;11.3619518;11.3629436;11.3609276;11.3557758,20,11.36012954711914,0.004603900268012223,11.352736473083496,11.3754243850708,passed,0,0.0,4.76837158203125e-07,1.1920928955078125e-07,2.361354063395993e-06,1.9709052139660344e-05,2.361354063395993e-06,1.9709052139660344e-05,138639,0,full_state,passed,,11.35913610458374,nan,nan,nan,nan,nan,nan,nan,nan,nan,nan,3.6834477276834465
vdha_cudagraph,flybrain,NVIDIA GeForce RTX 5090,2.11.0+cu128,12.8,default,0.00038162477337341094,,,,,,b8aee70da1cbc674,2,138639,256,1,15091983,108.85813515677407,flybrain,2,9783,163.19999046318512,1.499198844699568,0.4816346156348125,288.0,599.6199999999953,1.0,0.005,0.005,0.0046568504803843076,5.0,4.656850480384308,645.62109375,674.75,1358,88148.40234375,110225.75,174539,0.37575878416377745,0.37575878416377734,0.1731853846714582,2.1034009160268394,sampled_16_timesteps_max_2048_sources,converged,1.1690139770507812,0.005,0.0046568503603339195,0.0003431496396660806,True,20,SpMV,CUSPARSE_SPMV_ALG_DEFAULT,,nan,torch_cuda_event_cudagraph_replay,gpu_execution,full_rsnn,device_adapted,independent_inference,sparse_only,"(256, 1, 138639)","(256, 1, 138639)",138639,138639,1,1,BN,spmspv_csc_dense_device,spmspv_csc_dense_device,none,False,False,True,0,torch.int64,torch.float32,torch.float32,dense_device,,,False,False,False,False,False,True,1.0,554556,325842920,325842920,0,0,False,unknown,unknown,unknown,unknown,unknown,,12.4640322;12.4534721;12.4514561;12.4495039;12.4493761;12.4529924;12.4515839;12.4555836;12.453536;12.4473276;12.4680004;12.477952;12.4862404;12.4858236;12.4821758;12.4862719;12.4832001;12.4862719;12.4863043;12.4822083,20,12.46766562461853,0.0159913399959872,12.447327613830566,12.48630428314209,passed,0,0.0,9.5367431640625e-07,2.9802322387695312e-08,4.397498287289636e-06,5.71821919947979e-06,4.397498287289636e-06,5.71821919947979e-06,138639,0,full_state,passed,,12.466016292572021,nan,nan,nan,nan,nan,nan,nan,nan,nan,nan,3.356387725708906
persistent_spike_block,flybrain,NVIDIA GeForce RTX 5090,2.11.0+cu128,12.8,default,0.00038162477337341094,,,,,,b8aee70da1cbc674,2,138639,256,1,15091983,108.85813515677407,flybrain,2,9783,163.19999046318512,1.499198844699568,0.4816346156348125,288.0,599.6199999999953,1.0,0.005,0.005,0.0046568504803843076,5.0,4.656850480384308,645.62109375,674.75,1358,88148.40234375,110225.75,174539,0.37575878416377745,0.37575878416377734,0.1731853846714582,2.1034009160268394,sampled_16_timesteps_max_2048_sources,converged,1.1690139770507812,0.005,0.0046568503603339195,0.0003431496396660806,True,20,SpMV,CUSPARSE_SPMV_ALG_DEFAULT,,nan,torch_cuda_event,gpu_execution,full_rsnn,device_native,independent_inference,full_fusion,"(256, 1, 138639)","(256, 1, 138639)",138639,138639,1,1,BN,event_csr,event_csr,dense_to_events_precomputed,False,True,True,0,torch.int32,torch.float32,torch.float32,windowed_events,,,False,False,False,False,False,False,1.0,3685120,123110396,123110396,0,0,False,unknown,unknown,unknown,unknown,unknown,,4.97715187;4.90227222;4.91827202;4.8967042;4.90809584;4.89315224;4.9101758;4.89980793;4.90905619;4.89411211;4.9079361;4.9007678;4.90393591;4.90185595;4.91311979;4.89827204;4.91007996;4.89436817;4.90598392;4.89164782,20,4.906838393211364,0.018058737386367124,4.891647815704346,4.977151870727539,passed,0,0.0,3.337860107421875e-06,2.384185791015625e-07,1.5764318959554657e-05,4.143148908042349e-05,1.5764318959554657e-05,4.143148908042349e-05,138639,0,full_state,passed,,4.903104066848755,nan,nan,nan,nan,nan,nan,8.53352967883613,nan,nan,nan,8.53352967883613
cusparse_direct_cudagraph,flybrain,NVIDIA GeForce RTX 5090,2.11.0+cu128,12.8,default,0.00038162477337341094,,,,,,4627bd4490bb138a,2,138639,256,1,15091983,108.85813515677407,flybrain,2,9783,163.19999046318512,1.499198844699568,0.4816346156348125,288.0,599.6199999999953,1.0,0.01,0.01,0.010467439266728698,10.0,10.467439266728698,1451.1953125,1823.0,1985,367409.328125,429530.25,482539,0.8218524815995424,0.8218524815995426,0.12769133850334266,1.3678379353227135,sampled_16_timesteps_max_2048_sources,converged,1.0000228881835938,0.01,0.010467438958585262,0.0004674389585852621,True,20,SpMV,CUSPARSE_SPMV_ALG_DEFAULT,,nan,torch_cuda_event,gpu_execution,full_rsnn,device_native,independent_inference,sparse_only,"(256, 1, 138639)","(256, 1, 138639)",138639,138639,1,1,BN,csr_post_by_pre,csr_post_by_pre,none,False,False,True,0,torch.int32,torch.float32,torch.float32,dense,,,False,False,False,False,False,True,1.0,58960,406886764,406886764,0,0,False,unknown,unknown,unknown,unknown,unknown,,41.8538895;41.8297615;41.8177605;41.8320656;41.8279686;41.8341103;41.8259201;41.811615;41.8382072;41.8320656;41.8320961;41.8218231;41.8484497;41.8402557;41.8484497;41.8269424;41.8320961;41.8320656;41.8382072;41.8238716,20,41.832381057739255,0.010359057569981086,41.811614990234375,41.85388946533203,passed,0,0.0,1.52587890625e-05,9.5367431640625e-07,4.233993240632117e-05,6.0861886595375836e-05,4.233993240632117e-05,6.0861886595375836e-05,138639,0,full_state,passed,,41.83206558227539,nan,nan,nan,nan,nan,nan,1.0,nan,nan,nan,1.0
tilespmspv_cudagraph,flybrain,NVIDIA GeForce RTX 5090,2.11.0+cu128,12.8,default,0.00038162477337341094,,,,,,4627bd4490bb138a,2,138639,256,1,15091983,108.85813515677407,flybrain,2,9783,163.19999046318512,1.499198844699568,0.4816346156348125,288.0,599.6199999999953,1.0,0.01,0.01,0.010467439266728698,10.0,10.467439266728698,1451.1953125,1823.0,1985,367409.328125,429530.25,482539,0.8218524815995424,0.8218524815995426,0.12769133850334266,1.3678379353227135,sampled_16_timesteps_max_2048_sources,converged,1.0000228881835938,0.01,0.010467438958585262,0.0004674389585852621,True,20,SpMV,CUSPARSE_SPMV_ALG_DEFAULT,,nan,torch_cuda_event_cudagraph_replay,gpu_execution,full_rsnn,device_adapted,independent_inference,sparse_only,"(256, 1, 138639)","(256, 1, 138639)",138639,138639,1,1,BN,spmspv_csc_dense_device,spmspv_csc_dense_device,none,False,False,True,0,torch.int64,torch.float32,torch.float32,dense_device,,,False,False,False,False,False,True,1.0,554556,325842920,325842920,0,0,False,unknown,unknown,unknown,unknown,unknown,,7.31571198;7.28255987;7.28249598;7.284832;7.27983999;7.27724791;7.28636789;7.27715206;7.28233624;7.27718401;7.27561617;7.28124809;7.28438377;7.28745604;7.27414417;7.27308798;7.28329611;7.2782402;7.27513599;7.28025579,20,7.281929612159729,0.008950136767658162,7.273087978363037,7.315711975097656,passed,0,0.0,5.340576171875e-05,2.86102294921875e-06,0.0001380337926093489,0.00017489779565948993,0.0001380337926093489,0.00017489779565948993,138639,0,full_state,passed,,7.280751943588257,nan,nan,nan,nan,nan,nan,nan,nan,nan,nan,5.745569400852134
globalatomic_cudagraph,flybrain,NVIDIA GeForce RTX 5090,2.11.0+cu128,12.8,default,0.00038162477337341094,,,,,,4627bd4490bb138a,2,138639,256,1,15091983,108.85813515677407,flybrain,2,9783,163.19999046318512,1.499198844699568,0.4816346156348125,288.0,599.6199999999953,1.0,0.01,0.01,0.010467439266728698,10.0,10.467439266728698,1451.1953125,1823.0,1985,367409.328125,429530.25,482539,0.8218524815995424,0.8218524815995426,0.12769133850334266,1.3678379353227135,sampled_16_timesteps_max_2048_sources,converged,1.0000228881835938,0.01,0.010467438958585262,0.0004674389585852621,True,20,SpMV,CUSPARSE_SPMV_ALG_DEFAULT,,nan,torch_cuda_event_cudagraph_replay,gpu_execution,full_rsnn,device_adapted,independent_inference,sparse_only,"(256, 1, 138639)","(256, 1, 138639)",138639,138639,1,1,BN,spmspv_csc_dense_device,spmspv_csc_dense_device,none,False,False,True,0,torch.int64,torch.float32,torch.float32,dense_device,,,False,False,False,False,False,True,1.0,554556,325842920,325842920,0,0,False,unknown,unknown,unknown,unknown,unknown,,11.3839998;11.3625917;11.3655043;11.3589764;11.3593283;11.3589764;11.3608637;11.3634882;11.358304;11.3599043;11.3583364;11.3588476;11.3619204;11.3608961;11.3619518;11.3629436;11.3599043;11.3588476;11.3629761;11.3557758,20,11.361716842651367,0.005719307757986783,11.355775833129883,11.383999824523926,passed,0,0.0,6.103515625e-05,4.291534423828125e-06,0.00015775290376041085,0.0002623467007651925,0.00015775290376041085,0.0002623467007651925,138639,0,full_state,passed,,11.360383987426758,nan,nan,nan,nan,nan,nan,nan,nan,nan,nan,3.682275672070023
vdha_cudagraph,flybrain,NVIDIA GeForce RTX 5090,2.11.0+cu128,12.8,default,0.00038162477337341094,,,,,,4627bd4490bb138a,2,138639,256,1,15091983,108.85813515677407,flybrain,2,9783,163.19999046318512,1.499198844699568,0.4816346156348125,288.0,599.6199999999953,1.0,0.01,0.01,0.010467439266728698,10.0,10.467439266728698,1451.1953125,1823.0,1985,367409.328125,429530.25,482539,0.8218524815995424,0.8218524815995426,0.12769133850334266,1.3678379353227135,sampled_16_timesteps_max_2048_sources,converged,1.0000228881835938,0.01,0.010467438958585262,0.0004674389585852621,True,20,SpMV,CUSPARSE_SPMV_ALG_DEFAULT,,nan,torch_cuda_event_cudagraph_replay,gpu_execution,full_rsnn,device_adapted,independent_inference,sparse_only,"(256, 1, 138639)","(256, 1, 138639)",138639,138639,1,1,BN,spmspv_csc_dense_device,spmspv_csc_dense_device,none,False,False,True,0,torch.int64,torch.float32,torch.float32,dense_device,,,False,False,False,False,False,True,1.0,554556,325842920,325842920,0,0,False,unknown,unknown,unknown,unknown,unknown,,13.4563522;13.4328642;13.4312639;13.4344959;13.4334717;13.4303999;13.4365759;13.437088;13.4339838;13.4315844;13.4303684;13.4364796;13.4355841;13.4237442;13.4396162;13.4303999;13.4324484;13.4355516;13.4324799;13.4314241,20,13.434308815002442,0.0061868893785709264,13.423744201660156,13.456352233886719,passed,0,0.0,3.0517578125e-05,1.9073486328125e-06,7.670950435567647e-05,0.00011315966548863798,7.670950435567647e-05,0.00011315966548863798,138639,0,full_state,passed,,13.433167934417725,nan,nan,nan,nan,nan,nan,nan,nan,nan,nan,3.1140878895063593
persistent_spike_block,flybrain,NVIDIA GeForce RTX 5090,2.11.0+cu128,12.8,default,0.00038162477337341094,,,,,,4627bd4490bb138a,2,138639,256,1,15091983,108.85813515677407,flybrain,2,9783,163.19999046318512,1.499198844699568,0.4816346156348125,288.0,599.6199999999953,1.0,0.01,0.01,0.010467439266728698,10.0,10.467439266728698,1451.1953125,1823.0,1985,367409.328125,429530.25,482539,0.8218524815995424,0.8218524815995426,0.12769133850334266,1.3678379353227135,sampled_16_timesteps_max_2048_sources,converged,1.0000228881835938,0.01,0.010467438958585262,0.0004674389585852621,True,20,SpMV,CUSPARSE_SPMV_ALG_DEFAULT,,nan,torch_cuda_event,gpu_execution,full_rsnn,device_native,independent_inference,full_fusion,"(256, 1, 138639)","(256, 1, 138639)",138639,138639,1,1,BN,event_csr,event_csr,dense_to_events_precomputed,False,True,True,0,torch.int32,torch.float32,torch.float32,windowed_events,,,False,False,False,False,False,False,1.0,3685120,123820228,123820228,0,0,False,unknown,unknown,unknown,unknown,unknown,,5.52105618;5.46927977;5.45180798;5.46611214;5.46604776;5.46739197;5.46560001;5.45488024;5.46086407;5.45382404;5.46969604;5.45164824;5.46095991;5.45580816;5.45427179;5.45276785;5.46038389;5.45484781;5.45993614;5.44870377,20,5.462294387817383,0.015256590485133052,5.448703765869141,5.521056175231934,passed_causal_masked_state,618,1.7412578711617942e-05,0.9986554384231567,0.06386028975248337,4.987910747528076,12.293416976928711,0.00031045134528540075,0.00045707920799031854,117339,21300,causal_masked_state,passed_causal_masked_state,,5.46016001701355,nan,nan,nan,nan,nan,nan,7.66132594135136,nan,nan,nan,7.66132594135136
cusparse_direct_cudagraph,flybrain,NVIDIA GeForce RTX 5090,2.11.0+cu128,12.8,default,0.00038162477337341094,,,,,,7848524804644f28,2,138639,256,1,15091983,108.85813515677407,flybrain,2,9783,163.19999046318512,1.499198844699568,0.4816346156348125,288.0,599.6199999999953,1.0,0.01,0.02,0.019999868137753445,20.0,19.999868137753445,2772.76171875,3282.5,4029,577484.2578125,627571.25,752730,0.7680201648139722,0.7680201648139722,0.09826543774857623,1.4530639155737948,sampled_16_timesteps_max_2048_sources,converged,2.0483016967773438,0.02,0.01999986730515957,1.326948404316297e-07,True,20,SpMV,CUSPARSE_SPMV_ALG_DEFAULT,,nan,torch_cuda_event,gpu_execution,full_rsnn,device_native,independent_inference,sparse_only,"(256, 1, 138639)","(256, 1, 138639)",138639,138639,1,1,BN,csr_post_by_pre,csr_post_by_pre,none,False,False,True,0,torch.int32,torch.float32,torch.float32,dense,,,False,False,False,False,False,True,1.0,58960,406886764,406886764,0,0,False,unknown,unknown,unknown,unknown,unknown,,42.3925438;41.8544006;41.8607674;41.8218575;41.8464012;41.8279686;41.8361931;41.8320961;41.8238716;41.8259506;41.8075218;41.813633;41.8177605;41.8156471;41.8074875;41.8228493;41.809536;41.8361588;41.8218575;41.8279343,20,41.855121803283694,0.12732588747633006,41.80748748779297,42.39254379272461,passed,0,0.0,2.288818359375e-05,9.5367431640625e-07,5.7479541283100843e-05,5.292179048410617e-05,5.7479541283100843e-05,5.292179048410617e-05,138639,0,full_state,passed,,41.82491111755371,nan,nan,nan,nan,nan,nan,1.0,nan,nan,nan,1.0
tilespmspv_cudagraph,flybrain,NVIDIA GeForce RTX 5090,2.11.0+cu128,12.8,default,0.00038162477337341094,,,,,,7848524804644f28,2,138639,256,1,15091983,108.85813515677407,flybrain,2,9783,163.19999046318512,1.499198844699568,0.4816346156348125,288.0,599.6199999999953,1.0,0.01,0.02,0.019999868137753445,20.0,19.999868137753445,2772.76171875,3282.5,4029,577484.2578125,627571.25,752730,0.7680201648139722,0.7680201648139722,0.09826543774857623,1.4530639155737948,sampled_16_timesteps_max_2048_sources,converged,2.0483016967773438,0.02,0.01999986730515957,1.326948404316297e-07,True,20,SpMV,CUSPARSE_SPMV_ALG_DEFAULT,,nan,torch_cuda_event_cudagraph_replay,gpu_execution,full_rsnn,device_adapted,independent_inference,sparse_only,"(256, 1, 138639)","(256, 1, 138639)",138639,138639,1,1,BN,spmspv_csc_dense_device,spmspv_csc_dense_device,none,False,False,True,0,torch.int64,torch.float32,torch.float32,dense_device,,,False,False,False,False,False,True,1.0,554556,325842920,325842920,0,0,False,unknown,unknown,unknown,unknown,unknown,,8.11484814;7.68143988;7.69712019;7.68774414;7.69548798;7.68889618;7.6754241;7.69398403;7.69292784;7.68166399;7.6852479;7.68681622;7.68783998;7.68783998;7.68473577;7.67964792;7.68985605;7.69292784;7.70012808;7.68783998,20,7.709620809555053,0.09557470741143606,7.675424098968506,8.114848136901855,passed,0,0.0,6.103515625e-05,2.86102294921875e-06,0.00015751365572214127,0.0001749042421579361,0.00015751365572214127,0.0001749042421579361,138639,0,full_state,passed,,7.687839984893799,nan,nan,nan,nan,nan,nan,nan,nan,nan,nan,5.440398239263234
globalatomic_cudagraph,flybrain,NVIDIA GeForce RTX 5090,2.11.0+cu128,12.8,default,0.00038162477337341094,,,,,,7848524804644f28,2,138639,256,1,15091983,108.85813515677407,flybrain,2,9783,163.19999046318512,1.499198844699568,0.4816346156348125,288.0,599.6199999999953,1.0,0.01,0.02,0.019999868137753445,20.0,19.999868137753445,2772.76171875,3282.5,4029,577484.2578125,627571.25,752730,0.7680201648139722,0.7680201648139722,0.09826543774857623,1.4530639155737948,sampled_16_timesteps_max_2048_sources,converged,2.0483016967773438,0.02,0.01999986730515957,1.326948404316297e-07,True,20,SpMV,CUSPARSE_SPMV_ALG_DEFAULT,,nan,torch_cuda_event_cudagraph_replay,gpu_execution,full_rsnn,device_adapted,independent_inference,sparse_only,"(256, 1, 138639)","(256, 1, 138639)",138639,138639,1,1,BN,spmspv_csc_dense_device,spmspv_csc_dense_device,none,False,False,True,0,torch.int64,torch.float32,torch.float32,dense_device,,,False,False,False,False,False,True,1.0,554556,325842920,325842920,0,0,False,unknown,unknown,unknown,unknown,unknown,,11.3709764;11.358016;11.3614721;11.3603516;11.3635836;11.3651524;11.3610239;11.3632956;11.3650885;11.3614082;11.3646078;11.3609276;11.3639679;11.3650236;11.3599043;11.3629436;11.3619204;11.3609276;11.3568316;11.3598719,20,11.362364721298217,0.0030813165893863745,11.356831550598145,11.370976448059082,passed,0,0.0,7.62939453125e-05,3.814697265625e-06,0.00015751365572214127,0.00023320566106121987,0.00015751365572214127,0.00023320566106121987,138639,0,full_state,passed,,11.361696243286133,nan,nan,nan,nan,nan,nan,nan,nan,nan,nan,3.681220675325565
vdha_cudagraph,flybrain,NVIDIA GeForce RTX 5090,2.11.0+cu128,12.8,default,0.00038162477337341094,,,,,,7848524804644f28,2,138639,256,1,15091983,108.85813515677407,flybrain,2,9783,163.19999046318512,1.499198844699568,0.4816346156348125,288.0,599.6199999999953,1.0,0.01,0.02,0.019999868137753445,20.0,19.999868137753445,2772.76171875,3282.5,4029,577484.2578125,627571.25,752730,0.7680201648139722,0.7680201648139722,0.09826543774857623,1.4530639155737948,sampled_16_timesteps_max_2048_sources,converged,2.0483016967773438,0.02,0.01999986730515957,1.326948404316297e-07,True,20,SpMV,CUSPARSE_SPMV_ALG_DEFAULT,,nan,torch_cuda_event_cudagraph_replay,gpu_execution,full_rsnn,device_adapted,independent_inference,sparse_only,"(256, 1, 138639)","(256, 1, 138639)",138639,138639,1,1,BN,spmspv_csc_dense_device,spmspv_csc_dense_device,none,False,False,True,0,torch.int64,torch.float32,torch.float32,dense_device,,,False,False,False,False,False,True,1.0,554556,325842920,325842920,0,0,False,unknown,unknown,unknown,unknown,unknown,,13.834816;13.8080645;13.8190718;13.8206081;13.8175039;13.8164158;13.8220158;13.8169918;13.8185282;13.8134403;13.8241282;13.8138237;13.8195524;13.8201284;13.8195524;13.8164797;13.8133764;13.8184958;13.8144321;13.8093119,20,13.81783685684204,0.005649279970596786,13.808064460754395,13.834815979003906,passed,0,0.0,4.57763671875e-05,2.384185791015625e-06,8.34471284179017e-05,0.0001407506933901459,8.34471284179017e-05,0.0001407506933901459,138639,0,full_state,passed,,13.817999839782715,nan,nan,nan,nan,nan,nan,nan,nan,nan,nan,3.026842640216111
persistent_spike_block,flybrain,NVIDIA GeForce RTX 5090,2.11.0+cu128,12.8,default,0.00038162477337341094,,,,,,7848524804644f28,2,138639,256,1,15091983,108.85813515677407,flybrain,2,9783,163.19999046318512,1.499198844699568,0.4816346156348125,288.0,599.6199999999953,1.0,0.01,0.02,0.019999868137753445,20.0,19.999868137753445,2772.76171875,3282.5,4029,577484.2578125,627571.25,752730,0.7680201648139722,0.7680201648139722,0.09826543774857623,1.4530639155737948,sampled_16_timesteps_max_2048_sources,converged,2.0483016967773438,0.02,0.01999986730515957,1.326948404316297e-07,True,20,SpMV,CUSPARSE_SPMV_ALG_DEFAULT,,nan,torch_cuda_event,gpu_execution,full_rsnn,device_native,independent_inference,full_fusion,"(256, 1, 138639)","(256, 1, 138639)",138639,138639,1,1,BN,event_csr,event_csr,dense_to_events_precomputed,False,True,True,0,torch.int32,torch.float32,torch.float32,windowed_events,,,False,False,False,False,False,False,1.0,3685120,123820228,123820228,0,0,False,unknown,unknown,unknown,unknown,unknown,,6.2782402;6.23814392;6.22361612;6.2361598;6.2217598;6.23401594;6.21977615;6.22793579;6.22025585;6.22595215;6.22281599;6.23206377;6.22575998;6.22998381;6.22579193;6.2259202;6.21958399;6.23212814;6.23001623;6.23308802,20,6.2301503896713255,0.012579418951252674,6.219583988189697,6.278240203857422,passed_causal_masked_state,91,2.563988127438888e-06,0.9992005228996277,0.0900634303689003,4.946542263031006,17.496620178222656,0.0007863849750719965,0.001079983776435256,131628,7011,causal_masked_state,passed_causal_masked_state,,6.2269439697265625,nan,nan,nan,nan,nan,nan,6.716763683902286,nan,nan,nan,6.716763683902286
cusparse_direct_cudagraph,flybrain,NVIDIA GeForce RTX 5090,2.11.0+cu128,12.8,default,0.00038162477337341094,,,,,,d5782cfdc3afb93e,2,138639,256,1,15091983,108.85813515677407,flybrain,2,9783,163.19999046318512,1.499198844699568,0.4816346156348125,288.0,599.6199999999953,1.0,0.01,0.05,0.05000021977041092,50.0,50.00021977041092,6931.98046875,10839.25,12083,1142671.6015625,1517006.25,1878425,0.7161883088156203,0.7161883088156203,0.18097678822322852,1.743080502674707,sampled_16_timesteps_max_2048_sources,nonmonotonic_best_effort,5.4874420166015625,0.05,0.05000021681189537,2.1681189536770784e-07,True,20,SpMV,CUSPARSE_SPMV_ALG_DEFAULT,,nan,torch_cuda_event,gpu_execution,full_rsnn,device_native,independent_inference,sparse_only,"(256, 1, 138639)","(256, 1, 138639)",138639,138639,1,1,BN,csr_post_by_pre,csr_post_by_pre,none,False,False,True,0,torch.int32,torch.float32,torch.float32,dense,,,False,False,False,False,False,True,1.0,58960,406886764,406886764,0,0,False,unknown,unknown,unknown,unknown,unknown,,41.8194885;41.8072319;41.819809;41.8218575;41.8423347;41.8607368;41.8873901;41.8464012;41.8033905;41.8300171;41.8033905;41.8300171;41.8525429;41.815712;41.8361588;41.8167038;41.7890244;41.7910728;41.7911034;41.7952003,20,41.82297916412354,0.025888618725995263,41.789024353027344,41.88739013671875,passed,0,0.0,1.52587890625e-05,1.9073486328125e-06,4.509442442213185e-05,6.1029131757095456e-05,4.509442442213185e-05,6.1029131757095456e-05,138639,0,full_state,passed,,41.81964874267578,nan,nan,nan,nan,nan,nan,1.0,nan,nan,nan,1.0
tilespmspv_cudagraph,flybrain,NVIDIA GeForce RTX 5090,2.11.0+cu128,12.8,default,0.00038162477337341094,,,,,,d5782cfdc3afb93e,2,138639,256,1,15091983,108.85813515677407,flybrain,2,9783,163.19999046318512,1.499198844699568,0.4816346156348125,288.0,599.6199999999953,1.0,0.01,0.05,0.05000021977041092,50.0,50.00021977041092,6931.98046875,10839.25,12083,1142671.6015625,1517006.25,1878425,0.7161883088156203,0.7161883088156203,0.18097678822322852,1.743080502674707,sampled_16_timesteps_max_2048_sources,nonmonotonic_best_effort,5.4874420166015625,0.05,0.05000021681189537,2.1681189536770784e-07,True,20,SpMV,CUSPARSE_SPMV_ALG_DEFAULT,,nan,torch_cuda_event_cudagraph_replay,gpu_execution,full_rsnn,device_adapted,independent_inference,sparse_only,"(256, 1, 138639)","(256, 1, 138639)",138639,138639,1,1,BN,spmspv_csc_dense_device,spmspv_csc_dense_device,none,False,False,True,0,torch.int64,torch.float32,torch.float32,dense_device,,,False,False,False,False,False,True,1.0,554556,325842920,325842920,0,0,False,unknown,unknown,unknown,unknown,unknown,,8.90665627;8.92089558;8.91859245;8.91657639;8.90537643;8.92220783;8.90431976;8.9119997;8.9233284;8.91881561;8.93039989;8.92483234;8.9238081;8.90639973;8.91660786;8.91046429;8.92790413;8.91459179;8.91660786;8.91664028,20,8.916851234436034,0.007550800412818669,8.904319763183594,8.930399894714355,passed_causal_masked_state,54,1.521487460238461e-06,0.44682711362838745,0.0057697296142578125,2.224024772644043,0.24352960288524628,0.00014835958427283913,0.00017490831669420004,138537,102,causal_masked_state,passed_causal_masked_state,,8.916624069213867,nan,nan,nan,nan,nan,nan,nan,nan,nan,nan,4.690076470428433
globalatomic_cudagraph,flybrain,NVIDIA GeForce RTX 5090,2.11.0+cu128,12.8,default,0.00038162477337341094,,,,,,d5782cfdc3afb93e,2,138639,256,1,15091983,108.85813515677407,flybrain,2,9783,163.19999046318512,1.499198844699568,0.4816346156348125,288.0,599.6199999999953,1.0,0.01,0.05,0.05000021977041092,50.0,50.00021977041092,6931.98046875,10839.25,12083,1142671.6015625,1517006.25,1878425,0.7161883088156203,0.7161883088156203,0.18097678822322852,1.743080502674707,sampled_16_timesteps_max_2048_sources,nonmonotonic_best_effort,5.4874420166015625,0.05,0.05000021681189537,2.1681189536770784e-07,True,20,SpMV,CUSPARSE_SPMV_ALG_DEFAULT,,nan,torch_cuda_event_cudagraph_replay,gpu_execution,full_rsnn,device_adapted,independent_inference,sparse_only,"(256, 1, 138639)","(256, 1, 138639)",138639,138639,1,1,BN,spmspv_csc_dense_device,spmspv_csc_dense_device,none,False,False,True,0,torch.int64,torch.float32,torch.float32,dense_device,,,False,False,False,False,False,True,1.0,554556,325842920,325842920,0,0,False,unknown,unknown,unknown,unknown,unknown,,11.5668163;11.5440321;11.5452805;11.5477762;11.5530243;11.5479364;11.5488644;11.5494719;11.5494719;11.5476799;11.5445757;11.5524158;11.5493116;11.5462723;11.545248;11.5462723;11.5472641;11.5482883;11.5493441;11.5483198,20,11.548883295059204,0.004818238526099693,11.544032096862793,11.566816329956055,passed_causal_masked_state,54,1.521487460238461e-06,0.4468269944190979,0.005771636962890625,2.2240240573883057,0.24354420602321625,0.00014835958427283913,0.00019349866488482803,138537,102,causal_masked_state,passed_causal_masked_state,,11.548112392425537,nan,nan,nan,nan,nan,nan,nan,nan,nan,nan,3.621340641792289
vdha_cudagraph,flybrain,NVIDIA GeForce RTX 5090,2.11.0+cu128,12.8,default,0.00038162477337341094,,,,,,d5782cfdc3afb93e,2,138639,256,1,15091983,108.85813515677407,flybrain,2,9783,163.19999046318512,1.499198844699568,0.4816346156348125,288.0,599.6199999999953,1.0,0.01,0.05,0.05000021977041092,50.0,50.00021977041092,6931.98046875,10839.25,12083,1142671.6015625,1517006.25,1878425,0.7161883088156203,0.7161883088156203,0.18097678822322852,1.743080502674707,sampled_16_timesteps_max_2048_sources,nonmonotonic_best_effort,5.4874420166015625,0.05,0.05000021681189537,2.1681189536770784e-07,True,20,SpMV,CUSPARSE_SPMV_ALG_DEFAULT,,nan,torch_cuda_event_cudagraph_replay,gpu_execution,full_rsnn,device_adapted,independent_inference,sparse_only,"(256, 1, 138639)","(256, 1, 138639)",138639,138639,1,1,BN,spmspv_csc_dense_device,spmspv_csc_dense_device,none,False,False,True,0,torch.int64,torch.float32,torch.float32,dense_device,,,False,False,False,False,False,True,1.0,554556,325842920,325842920,0,0,False,unknown,unknown,unknown,unknown,unknown,,16.1333447;16.1151047;16.1173439;16.1116791;16.114912;16.1167355;16.1157761;16.1153278;16.1173763;16.1096325;16.1147518;16.1134071;16.1197433;16.1128006;16.1194553;16.1122246;16.1153278;16.1091843;16.1061115;16.1173763,20,16.11538076400757,0.0054503354383914435,16.106111526489258,16.133344650268555,passed,0,0.0,6.103515625e-05,3.814697265625e-06,0.00013854315329808742,0.00019876574515365064,0.00013854315329808742,0.00019876574515365064,138639,0,full_state,passed,,16.11521625518799,nan,nan,nan,nan,nan,nan,nan,nan,nan,nan,2.595041113966605
persistent_spike_block,flybrain,NVIDIA GeForce RTX 5090,2.11.0+cu128,12.8,default,0.00038162477337341094,,,,,,d5782cfdc3afb93e,2,138639,256,1,15091983,108.85813515677407,flybrain,2,9783,163.19999046318512,1.499198844699568,0.4816346156348125,288.0,599.6199999999953,1.0,0.01,0.05,0.05000021977041092,50.0,50.00021977041092,6931.98046875,10839.25,12083,1142671.6015625,1517006.25,1878425,0.7161883088156203,0.7161883088156203,0.18097678822322852,1.743080502674707,sampled_16_timesteps_max_2048_sources,nonmonotonic_best_effort,5.4874420166015625,0.05,0.05000021681189537,2.1681189536770784e-07,True,20,SpMV,CUSPARSE_SPMV_ALG_DEFAULT,,nan,torch_cuda_event,gpu_execution,full_rsnn,device_native,independent_inference,full_fusion,"(256, 1, 138639)","(256, 1, 138639)",138639,138639,1,1,BN,event_csr,event_csr,dense_to_events_precomputed,False,True,True,0,torch.int32,torch.float32,torch.float32,windowed_events,,,False,False,False,False,False,False,1.0,3685120,123820228,123820228,0,0,False,unknown,unknown,unknown,unknown,unknown,,7.92451191;7.91651201;7.87564802;7.92313623;7.89289618;7.92358398;7.88377619;7.93948793;7.88278389;7.93279982;7.89395189;7.9205122;7.88191986;7.93910408;7.89609623;7.92672014;7.89801598;7.91648006;7.88787222;7.93289614,20,7.909435248374939,0.02123803678934734,7.875648021697998,7.939487934112549,passed_causal_masked_state,284,8.00189701310598e-06,0.9995324015617371,0.05867171287536621,4.99764347076416,6.158066272735596,0.002221595263108611,0.00277759600430727,130081,8558,causal_masked_state,passed_causal_masked_state,,7.91649603843689,nan,nan,nan,nan,nan,nan,5.282595802439517,nan,nan,nan,5.282595802439517
