provider,dataset,gpu,torch_version,cuda_version,connectome_root,weight_scale,microns_variant,multiarea_n_scaling,multiarea_k_scaling,multiarea_seed,multiarea_max_nnz,workload_id,input_seed,n_neuron,t_steps,batch_size,graph_synapses,average_fanout,graph_type,graph_seed,graph_max_fanout,graph_fanout_std,graph_fanout_cv,graph_fanout_gini,graph_p95_fanout,graph_p99_fanout,requested_activity,measured_activity,mean_active_neurons,p95_active_neurons,max_active_neurons,mean_active_edges,p95_active_edges,max_active_edges,mean_collision_ratio,p95_collision_ratio,temporal_cv,burst_factor,collision_method,calibration_status,calibration_input_amplitude,calibration_target_activity,calibration_measured_activity,calibration_activity_error,calibration_stable,calibration_iterations,direct_cusparse_primitive,direct_cusparse_algorithm,framework_version,build_time_s,timing_method,timing_scope,benchmark_mode,execution_class,state_semantics,fusion_level,logical_shape,physical_shape,logical_n,physical_n,logical_batch,physical_batch,input_layout,operator_layout,required_layout,layout_transform_mode,layout_transform_in_timing,need_layout_transform,input_contiguous,input_address_mod,index_dtype,value_dtype,compute_dtype,spike_representation,selected_kernels,selector_model,uses_host_control,uses_internal_sync,uses_d2h,uses_h2d,allocates_during_run,graph_capturable,padding_ratio,workspace_bytes,total_prepared_bytes,persistent_bytes,run_allocated_bytes,run_reserved_delta,profiler_audited,profiler_cuda_malloc,profiler_cuda_free,profiler_d2h,profiler_h2d,profiler_internal_sync,profiler_unexpected_alloc_ops,latency_samples_ms,sample_count,latency_mean_ms,latency_std_ms,latency_min_ms,latency_max_ms,status,spike_mismatches,spike_mismatch_rate,v_max_abs_diff,psc_max_abs_diff,v_max_normalized_error,psc_max_normalized_error,v_compared_max_normalized_error,psc_compared_max_normalized_error,state_compared_neurons,state_excluded_neurons,correctness_mode,correctness_status,status_detail,latency_ms,speedup_vs_dense_eager,speedup_vs_dense_cudagraph,speedup_vs_csr_eager,speedup_vs_csr_host_e2e,speedup_vs_csr_cudagraph,speedup_vs_cusparse_direct_eager,speedup_vs_cusparse_direct_cudagraph,speedup_vs_genn,speedup_vs_brian2cuda,speedup_vs_same_eager,activity_sweep_speedup_vs_cusparse
cusparse_direct_cudagraph,flybrain,NVIDIA GeForce RTX 5090,2.11.0+cu128,12.8,default,0.00038162477337341094,,,,,,b91b0e04cd46a2b8,0,138639,256,1,15091983,108.85813515677407,flybrain,0,9783,163.19999046318512,1.499198844699568,0.4816346156348125,288.0,599.6199999999953,0.005,0.00621262775986555,861.3125,1662.0,1746,230837.05859375,398877.25,428724,0.59430666113982,0.5943066611398202,0.6777877256476593,2.0271388143095566,sampled_16_timesteps_max_2048_sources,best_effort,0.830078125,0.005,0.0062126275151968,0.0012126275151968001,True,12,SpMV,CUSPARSE_SPMV_ALG_DEFAULT,,nan,torch_cuda_event,gpu_execution,full_rsnn,device_native,independent_inference,sparse_only,"(256, 1, 138639)","(256, 1, 138639)",138639,138639,1,1,BN,csr_post_by_pre,csr_post_by_pre,none,False,False,True,0,torch.int32,torch.float32,torch.float32,dense,,,False,False,False,False,False,True,1.0,58960,406886764,406886764,0,0,False,unknown,unknown,unknown,unknown,unknown,,40.5703697;40.2810249;40.2971191;40.2561607;40.2336311;40.3042564;40.2909775;40.2582092;40.2704964;40.2725449;40.2468796;40.278656;40.2704659;40.288929;40.280735;40.2367058;40.2418251;40.280735;40.2602577;40.208992,20,40.28144855499268,0.07205582737491113,40.20899200439453,40.570369720458984,passed,0,0.0,3.0517578125e-05,9.5367431640625e-07,5.69647854717914e-05,6.566809315700084e-05,5.69647854717914e-05,6.566809315700084e-05,138639,0,full_state,passed,,40.27152061462402,nan,nan,nan,nan,nan,nan,1.0,nan,nan,nan,1.0
tilespmspv_cudagraph,flybrain,NVIDIA GeForce RTX 5090,2.11.0+cu128,12.8,default,0.00038162477337341094,,,,,,b91b0e04cd46a2b8,0,138639,256,1,15091983,108.85813515677407,flybrain,0,9783,163.19999046318512,1.499198844699568,0.4816346156348125,288.0,599.6199999999953,0.005,0.00621262775986555,861.3125,1662.0,1746,230837.05859375,398877.25,428724,0.59430666113982,0.5943066611398202,0.6777877256476593,2.0271388143095566,sampled_16_timesteps_max_2048_sources,best_effort,0.830078125,0.005,0.0062126275151968,0.0012126275151968001,True,12,SpMV,CUSPARSE_SPMV_ALG_DEFAULT,,nan,torch_cuda_event_cudagraph_replay,gpu_execution,full_rsnn,device_adapted,independent_inference,sparse_only,"(256, 1, 138639)","(256, 1, 138639)",138639,138639,1,1,BN,spmspv_csc_dense_device,spmspv_csc_dense_device,none,False,False,True,0,torch.int64,torch.float32,torch.float32,dense_device,,,False,False,False,False,False,True,1.0,554556,325842920,325842920,0,0,False,unknown,unknown,unknown,unknown,unknown,,6.90649605;6.90025616;6.89996815;6.90099192;6.89987183;6.89443207;6.89462423;6.89587212;6.89983988;6.8943038;6.89680004;6.89014387;6.89628792;6.89936018;6.89628792;6.89833593;6.90243196;6.89519978;6.89827204;6.89628792,20,6.8978031873703,0.0035541007164286167,6.890143871307373,6.906496047973633,passed,0,0.0,4.57763671875e-05,3.814697265625e-06,0.00014441054372582585,0.00017487522563897073,0.00014441054372582585,0.00017487522563897073,138639,0,full_state,passed,,6.897536039352417,nan,nan,nan,nan,nan,nan,nan,nan,nan,nan,5.838537179778906
globalatomic_cudagraph,flybrain,NVIDIA GeForce RTX 5090,2.11.0+cu128,12.8,default,0.00038162477337341094,,,,,,b91b0e04cd46a2b8,0,138639,256,1,15091983,108.85813515677407,flybrain,0,9783,163.19999046318512,1.499198844699568,0.4816346156348125,288.0,599.6199999999953,0.005,0.00621262775986555,861.3125,1662.0,1746,230837.05859375,398877.25,428724,0.59430666113982,0.5943066611398202,0.6777877256476593,2.0271388143095566,sampled_16_timesteps_max_2048_sources,best_effort,0.830078125,0.005,0.0062126275151968,0.0012126275151968001,True,12,SpMV,CUSPARSE_SPMV_ALG_DEFAULT,,nan,torch_cuda_event_cudagraph_replay,gpu_execution,full_rsnn,device_adapted,independent_inference,sparse_only,"(256, 1, 138639)","(256, 1, 138639)",138639,138639,1,1,BN,spmspv_csc_dense_device,spmspv_csc_dense_device,none,False,False,True,0,torch.int64,torch.float32,torch.float32,dense_device,,,False,False,False,False,False,True,1.0,554556,325842920,325842920,0,0,False,unknown,unknown,unknown,unknown,unknown,,11.060832;11.053504;11.0471039;11.0506239;11.0552645;11.0533123;11.0533123;11.0543356;11.0492477;11.055232;11.0471039;11.0506563;11.0496321;11.0578241;11.0546885;11.0495682;11.0496321;11.0557117;11.0547523;11.0537281,20,11.05280327796936,0.0035481412266409316,11.047103881835938,11.060832023620605,passed,0,0.0,6.103515625e-05,3.814697265625e-06,0.0001596116489963606,0.0002248395758215338,0.0001596116489963606,0.0002248395758215338,138639,0,full_state,passed,,11.053408145904541,nan,nan,nan,nan,nan,nan,nan,nan,nan,nan,3.643357784589294
vdha_cudagraph,flybrain,NVIDIA GeForce RTX 5090,2.11.0+cu128,12.8,default,0.00038162477337341094,,,,,,b91b0e04cd46a2b8,0,138639,256,1,15091983,108.85813515677407,flybrain,0,9783,163.19999046318512,1.499198844699568,0.4816346156348125,288.0,599.6199999999953,0.005,0.00621262775986555,861.3125,1662.0,1746,230837.05859375,398877.25,428724,0.59430666113982,0.5943066611398202,0.6777877256476593,2.0271388143095566,sampled_16_timesteps_max_2048_sources,best_effort,0.830078125,0.005,0.0062126275151968,0.0012126275151968001,True,12,SpMV,CUSPARSE_SPMV_ALG_DEFAULT,,nan,torch_cuda_event_cudagraph_replay,gpu_execution,full_rsnn,device_adapted,independent_inference,sparse_only,"(256, 1, 138639)","(256, 1, 138639)",138639,138639,1,1,BN,spmspv_csc_dense_device,spmspv_csc_dense_device,none,False,False,True,0,torch.int64,torch.float32,torch.float32,dense_device,,,False,False,False,False,False,True,1.0,554556,325842920,325842920,0,0,False,unknown,unknown,unknown,unknown,unknown,,12.8067522;12.7937918;12.8032322;12.7950716;12.7977924;12.7990084;12.8052158;12.797184;12.797184;12.7952003;12.7920322;12.7930555;12.8018236;12.7991037;12.7975998;12.7935038;12.7996483;12.7935038;12.7935038;12.7955523,20,12.79748797416687,0.004184767578613363,12.792032241821289,12.80675220489502,passed,0,0.0,3.0517578125e-05,1.9073486328125e-06,6.080443927203305e-05,0.00010804111661855131,6.080443927203305e-05,0.00010804111661855131,138639,0,full_state,passed,,12.797183990478516,nan,nan,nan,nan,nan,nan,nan,nan,nan,nan,3.146904869429652
persistent_spike_block,flybrain,NVIDIA GeForce RTX 5090,2.11.0+cu128,12.8,default,0.00038162477337341094,,,,,,b91b0e04cd46a2b8,0,138639,256,1,15091983,108.85813515677407,flybrain,0,9783,163.19999046318512,1.499198844699568,0.4816346156348125,288.0,599.6199999999953,0.005,0.00621262775986555,861.3125,1662.0,1746,230837.05859375,398877.25,428724,0.59430666113982,0.5943066611398202,0.6777877256476593,2.0271388143095566,sampled_16_timesteps_max_2048_sources,best_effort,0.830078125,0.005,0.0062126275151968,0.0012126275151968001,True,12,SpMV,CUSPARSE_SPMV_ALG_DEFAULT,,nan,torch_cuda_event,gpu_execution,full_rsnn,device_native,independent_inference,full_fusion,"(256, 1, 138639)","(256, 1, 138639)",138639,138639,1,1,BN,event_csr,event_csr,dense_to_events_precomputed,False,True,True,0,torch.int32,torch.float32,torch.float32,windowed_events,,,False,False,False,False,False,False,1.0,3685120,123820228,123820228,0,0,False,unknown,unknown,unknown,unknown,unknown,,4.31920004;4.29763222;4.27596807;4.28748798;4.28694391;4.2955842;4.27667189;4.27916813;4.28070402;4.2895999;4.28182411;4.29155207;4.27155209;4.29164791;4.28991985;4.27929592;4.27967978;4.289536;4.28950405;4.28336,20,4.286841607093811,0.010297144066085232,4.271552085876465,4.319200038909912,passed,0,0.0,0.0008544921875,3.910064697265625e-05,0.0015746931312605739,0.0018880805000662804,0.0015746931312605739,0.0018880805000662804,138639,0,full_state,passed,,4.287215948104858,nan,nan,nan,nan,nan,nan,9.393396810913115,nan,nan,nan,9.393396810913115
cusparse_direct_cudagraph,flybrain,NVIDIA GeForce RTX 5090,2.11.0+cu128,12.8,default,0.00038162477337341094,,,,,,5e10ad6317e1f4b6,0,138639,256,1,15091983,108.85813515677407,flybrain,0,9783,163.19999046318512,1.499198844699568,0.4816346156348125,288.0,599.6199999999953,0.01,0.01014046034124597,1405.86328125,2032.5,2072,332464.27734375,473501.25,505262,0.6803044416692389,0.6803044416692388,0.43507135805493935,1.47382752479154,sampled_16_timesteps_max_2048_sources,converged,0.9765625,0.01,0.01014045998454094,0.00014045998454093912,True,12,SpMV,CUSPARSE_SPMV_ALG_DEFAULT,,nan,torch_cuda_event,gpu_execution,full_rsnn,device_native,independent_inference,sparse_only,"(256, 1, 138639)","(256, 1, 138639)",138639,138639,1,1,BN,csr_post_by_pre,csr_post_by_pre,none,False,False,True,0,torch.int32,torch.float32,torch.float32,dense,,,False,False,False,False,False,True,1.0,58960,406886764,406886764,0,0,False,unknown,unknown,unknown,unknown,unknown,,40.3432312;40.2810555;40.2786865;40.2541122;40.2582092;40.2612801;40.2971191;40.2929916;40.284832;40.2581444;40.2489929;40.2479668;40.2663345;40.2950706;40.3053131;40.2939835;40.3012161;40.2827835;40.288929;40.280735,20,40.28104934692383,0.023184819657084094,40.24796676635742,40.343231201171875,passed,0,0.0,1.52587890625e-05,9.5367431640625e-07,4.193577478872612e-05,5.341990618035197e-05,4.193577478872612e-05,5.341990618035197e-05,138639,0,full_state,passed,,40.28191947937012,nan,nan,nan,nan,nan,nan,1.0,nan,nan,nan,1.0
tilespmspv_cudagraph,flybrain,NVIDIA GeForce RTX 5090,2.11.0+cu128,12.8,default,0.00038162477337341094,,,,,,5e10ad6317e1f4b6,0,138639,256,1,15091983,108.85813515677407,flybrain,0,9783,163.19999046318512,1.499198844699568,0.4816346156348125,288.0,599.6199999999953,0.01,0.01014046034124597,1405.86328125,2032.5,2072,332464.27734375,473501.25,505262,0.6803044416692389,0.6803044416692388,0.43507135805493935,1.47382752479154,sampled_16_timesteps_max_2048_sources,converged,0.9765625,0.01,0.01014045998454094,0.00014045998454093912,True,12,SpMV,CUSPARSE_SPMV_ALG_DEFAULT,,nan,torch_cuda_event_cudagraph_replay,gpu_execution,full_rsnn,device_adapted,independent_inference,sparse_only,"(256, 1, 138639)","(256, 1, 138639)",138639,138639,1,1,BN,spmspv_csc_dense_device,spmspv_csc_dense_device,none,False,False,True,0,torch.int64,torch.float32,torch.float32,dense_device,,,False,False,False,False,False,True,1.0,554556,325842920,325842920,0,0,False,unknown,unknown,unknown,unknown,unknown,,7.04400015;7.02767992;7.03599977;7.03702402;7.0351038;7.0298562;7.02943993;7.03091192;7.02591991;7.02479982;7.03292799;7.03247976;7.03350401;7.02940798;7.03247976;7.02531195;7.02940798;7.03657579;7.02531195;7.03247976,20,7.031531119346619,0.0048009584641649835,7.024799823760986,7.044000148773193,passed,0,0.0,4.57763671875e-05,2.384185791015625e-06,0.0001441411004634574,0.0001999586820602417,0.0001441411004634574,0.0001999586820602417,138639,0,full_state,passed,,7.03169584274292,nan,nan,nan,nan,nan,nan,nan,nan,nan,nan,5.728620859069605
globalatomic_cudagraph,flybrain,NVIDIA GeForce RTX 5090,2.11.0+cu128,12.8,default,0.00038162477337341094,,,,,,5e10ad6317e1f4b6,0,138639,256,1,15091983,108.85813515677407,flybrain,0,9783,163.19999046318512,1.499198844699568,0.4816346156348125,288.0,599.6199999999953,0.01,0.01014046034124597,1405.86328125,2032.5,2072,332464.27734375,473501.25,505262,0.6803044416692389,0.6803044416692388,0.43507135805493935,1.47382752479154,sampled_16_timesteps_max_2048_sources,converged,0.9765625,0.01,0.01014045998454094,0.00014045998454093912,True,12,SpMV,CUSPARSE_SPMV_ALG_DEFAULT,,nan,torch_cuda_event_cudagraph_replay,gpu_execution,full_rsnn,device_adapted,independent_inference,sparse_only,"(256, 1, 138639)","(256, 1, 138639)",138639,138639,1,1,BN,spmspv_csc_dense_device,spmspv_csc_dense_device,none,False,False,True,0,torch.int64,torch.float32,torch.float32,dense_device,,,False,False,False,False,False,True,1.0,554556,325842920,325842920,0,0,False,unknown,unknown,unknown,unknown,unknown,,11.0725441;11.0493755;11.0475836;11.0486403;11.0475836;11.0516481;11.0475521;11.0445442;11.0516481;11.04352;11.0429764;11.0465603;11.045536;11.0434875;11.0516796;11.0465603;11.045536;11.0475836;11.0383682;11.04144,20,11.047718381881714,0.006781208981664421,11.038368225097656,11.07254409790039,passed,0,0.0,6.103515625e-05,2.86102294921875e-06,0.00015783190610818565,0.0001999586820602417,0.00015783190610818565,0.0001999586820602417,138639,0,full_state,passed,,11.047056198120117,nan,nan,nan,nan,nan,nan,nan,nan,nan,nan,3.6463940037007245
vdha_cudagraph,flybrain,NVIDIA GeForce RTX 5090,2.11.0+cu128,12.8,default,0.00038162477337341094,,,,,,5e10ad6317e1f4b6,0,138639,256,1,15091983,108.85813515677407,flybrain,0,9783,163.19999046318512,1.499198844699568,0.4816346156348125,288.0,599.6199999999953,0.01,0.01014046034124597,1405.86328125,2032.5,2072,332464.27734375,473501.25,505262,0.6803044416692389,0.6803044416692388,0.43507135805493935,1.47382752479154,sampled_16_timesteps_max_2048_sources,converged,0.9765625,0.01,0.01014045998454094,0.00014045998454093912,True,12,SpMV,CUSPARSE_SPMV_ALG_DEFAULT,,nan,torch_cuda_event_cudagraph_replay,gpu_execution,full_rsnn,device_adapted,independent_inference,sparse_only,"(256, 1, 138639)","(256, 1, 138639)",138639,138639,1,1,BN,spmspv_csc_dense_device,spmspv_csc_dense_device,none,False,False,True,0,torch.int64,torch.float32,torch.float32,dense_device,,,False,False,False,False,False,True,1.0,554556,325842920,325842920,0,0,False,unknown,unknown,unknown,unknown,unknown,,13.0347204;13.0110083;13.0141125;13.0146875;13.0131197;13.0141439;13.0121603;13.01408;13.0162878;13.015296;13.0127363;13.0200958;13.0167685;13.0203524;13.0136642;13.0290241;13.0187836;13.0187836;13.016736;13.0157118,20,13.017113637924194,0.0057343290022382485,13.011008262634277,13.034720420837402,passed,0,0.0,3.0517578125e-05,1.9073486328125e-06,7.342487515415996e-05,0.00010907819523708895,7.342487515415996e-05,0.00010907819523708895,138639,0,full_state,passed,,13.015503883361816,nan,nan,nan,nan,nan,nan,nan,nan,nan,nan,3.094918171463491
persistent_spike_block,flybrain,NVIDIA GeForce RTX 5090,2.11.0+cu128,12.8,default,0.00038162477337341094,,,,,,5e10ad6317e1f4b6,0,138639,256,1,15091983,108.85813515677407,flybrain,0,9783,163.19999046318512,1.499198844699568,0.4816346156348125,288.0,599.6199999999953,0.01,0.01014046034124597,1405.86328125,2032.5,2072,332464.27734375,473501.25,505262,0.6803044416692389,0.6803044416692388,0.43507135805493935,1.47382752479154,sampled_16_timesteps_max_2048_sources,converged,0.9765625,0.01,0.01014045998454094,0.00014045998454093912,True,12,SpMV,CUSPARSE_SPMV_ALG_DEFAULT,,nan,torch_cuda_event,gpu_execution,full_rsnn,device_native,independent_inference,full_fusion,"(256, 1, 138639)","(256, 1, 138639)",138639,138639,1,1,BN,event_csr,event_csr,dense_to_events_precomputed,False,True,True,0,torch.int32,torch.float32,torch.float32,windowed_events,,,False,False,False,False,False,False,1.0,3685120,123820228,123820228,0,0,False,unknown,unknown,unknown,unknown,unknown,,4.88137579;4.81638384;4.83017588;4.81635189;4.83225584;4.82240009;4.82304001;4.82035208;4.83430386;4.81219196;4.82815981;4.81727982;4.82012796;4.81321621;4.82201576;4.81379223;4.82713604;4.82659197;4.8199358;4.81177616,20,4.82444314956665,0.014969473766772684,4.811776161193848,4.881375789642334,passed_causal_masked_state,161,4.536286687007263e-06,0.9922106862068176,0.06849423050880432,4.960867881774902,11.752386093139648,0.0016292855143547058,0.0016947300173342228,133918,4721,causal_masked_state,passed_causal_masked_state,,4.821183919906616,nan,nan,nan,nan,nan,nan,8.355192448279459,nan,nan,nan,8.355192448279459
cusparse_direct_cudagraph,flybrain,NVIDIA GeForce RTX 5090,2.11.0+cu128,12.8,default,0.00038162477337341094,,,,,,34bc060fdf05b21f,0,138639,256,1,15091983,108.85813515677407,flybrain,0,9783,163.19999046318512,1.499198844699568,0.4816346156348125,288.0,599.6199999999953,0.02,0.020128884639242926,2790.6484375,3357.75,3402,569363.265625,661237.25,687696,0.7598503774066726,0.7598503774066725,0.21293439433411016,1.2190715083579926,sampled_16_timesteps_max_2048_sources,converged,1.953125,0.02,0.02012888342142105,0.0001288834214210506,True,12,SpMV,CUSPARSE_SPMV_ALG_DEFAULT,,nan,torch_cuda_event,gpu_execution,full_rsnn,device_native,independent_inference,sparse_only,"(256, 1, 138639)","(256, 1, 138639)",138639,138639,1,1,BN,csr_post_by_pre,csr_post_by_pre,none,False,False,True,0,torch.int32,torch.float32,torch.float32,dense,,,False,False,False,False,False,True,1.0,58960,406886764,406886764,0,0,False,unknown,unknown,unknown,unknown,unknown,,40.3236465;40.2647667;40.284832;40.2950706;40.2950706;40.2940483;40.3032646;40.2971191;40.278656;40.2633286;40.2541122;40.2909431;40.284832;40.2582092;40.2991676;40.2878723;40.282753;40.2827835;40.2725449;40.2602577,20,40.28366394042969,0.01752552688521015,40.254112243652344,40.323646545410156,passed,0,0.0,1.52587890625e-05,9.5367431640625e-07,4.179333336651325e-05,7.2407528932672e-05,4.179333336651325e-05,7.2407528932672e-05,138639,0,full_state,passed,,40.28483200073242,nan,nan,nan,nan,nan,nan,1.0,nan,nan,nan,1.0
tilespmspv_cudagraph,flybrain,NVIDIA GeForce RTX 5090,2.11.0+cu128,12.8,default,0.00038162477337341094,,,,,,34bc060fdf05b21f,0,138639,256,1,15091983,108.85813515677407,flybrain,0,9783,163.19999046318512,1.499198844699568,0.4816346156348125,288.0,599.6199999999953,0.02,0.020128884639242926,2790.6484375,3357.75,3402,569363.265625,661237.25,687696,0.7598503774066726,0.7598503774066725,0.21293439433411016,1.2190715083579926,sampled_16_timesteps_max_2048_sources,converged,1.953125,0.02,0.02012888342142105,0.0001288834214210506,True,12,SpMV,CUSPARSE_SPMV_ALG_DEFAULT,,nan,torch_cuda_event_cudagraph_replay,gpu_execution,full_rsnn,device_adapted,independent_inference,sparse_only,"(256, 1, 138639)","(256, 1, 138639)",138639,138639,1,1,BN,spmspv_csc_dense_device,spmspv_csc_dense_device,none,False,False,True,0,torch.int64,torch.float32,torch.float32,dense_device,,,False,False,False,False,False,True,1.0,554556,325842920,325842920,0,0,False,unknown,unknown,unknown,unknown,unknown,,7.33622408;7.31433582;7.32329607;7.32431984;7.32329607;7.32841587;7.32729578;7.31619215;7.33142424;7.32438421;7.32895994;7.32431984;7.33148813;7.32022381;7.31920004;7.31404781;7.32124805;7.3325119;7.3273921;7.32022381,20,7.324439978599548,0.006111034060193052,7.314047813415527,7.33622407913208,passed,0,0.0,6.103515625e-05,3.337860107421875e-06,0.00015766276919748634,0.0002043788117589429,0.00015766276919748634,0.0002043788117589429,138639,0,full_state,passed,,7.324319839477539,nan,nan,nan,nan,nan,nan,nan,nan,nan,nan,5.500146482353238
globalatomic_cudagraph,flybrain,NVIDIA GeForce RTX 5090,2.11.0+cu128,12.8,default,0.00038162477337341094,,,,,,34bc060fdf05b21f,0,138639,256,1,15091983,108.85813515677407,flybrain,0,9783,163.19999046318512,1.499198844699568,0.4816346156348125,288.0,599.6199999999953,0.02,0.020128884639242926,2790.6484375,3357.75,3402,569363.265625,661237.25,687696,0.7598503774066726,0.7598503774066725,0.21293439433411016,1.2190715083579926,sampled_16_timesteps_max_2048_sources,converged,1.953125,0.02,0.02012888342142105,0.0001288834214210506,True,12,SpMV,CUSPARSE_SPMV_ALG_DEFAULT,,nan,torch_cuda_event_cudagraph_replay,gpu_execution,full_rsnn,device_adapted,independent_inference,sparse_only,"(256, 1, 138639)","(256, 1, 138639)",138639,138639,1,1,BN,spmspv_csc_dense_device,spmspv_csc_dense_device,none,False,False,True,0,torch.int64,torch.float32,torch.float32,dense_device,,,False,False,False,False,False,True,1.0,554556,325842920,325842920,0,0,False,unknown,unknown,unknown,unknown,unknown,,11.0395517;11.0208321;11.0230083;11.0276155;11.0205755;11.0246077;11.02672;11.0220156;11.0291519;11.0265923;11.022624;11.0219841;11.0189123;11.0230083;11.0230083;11.0219841;11.0271044;11.0250559;11.0291519;11.0260477,20,11.024977588653565,0.004489103245393195,11.018912315368652,11.039551734924316,passed,0,0.0,6.103515625e-05,3.337860107421875e-06,0.00015766276919748634,0.0002043788117589429,0.00015766276919748634,0.0002043788117589429,138639,0,full_state,passed,,11.023808002471924,nan,nan,nan,nan,nan,nan,nan,nan,nan,nan,3.6543481156147815
vdha_cudagraph,flybrain,NVIDIA GeForce RTX 5090,2.11.0+cu128,12.8,default,0.00038162477337341094,,,,,,34bc060fdf05b21f,0,138639,256,1,15091983,108.85813515677407,flybrain,0,9783,163.19999046318512,1.499198844699568,0.4816346156348125,288.0,599.6199999999953,0.02,0.020128884639242926,2790.6484375,3357.75,3402,569363.265625,661237.25,687696,0.7598503774066726,0.7598503774066725,0.21293439433411016,1.2190715083579926,sampled_16_timesteps_max_2048_sources,converged,1.953125,0.02,0.02012888342142105,0.0001288834214210506,True,12,SpMV,CUSPARSE_SPMV_ALG_DEFAULT,,nan,torch_cuda_event_cudagraph_replay,gpu_execution,full_rsnn,device_adapted,independent_inference,sparse_only,"(256, 1, 138639)","(256, 1, 138639)",138639,138639,1,1,BN,spmspv_csc_dense_device,spmspv_csc_dense_device,none,False,False,True,0,torch.int64,torch.float32,torch.float32,dense_device,,,False,False,False,False,False,True,1.0,554556,325842920,325842920,0,0,False,unknown,unknown,unknown,unknown,unknown,,13.3324804;13.3140163;13.3085756;13.3157759;13.3132162;13.3064318;13.3136644;13.3136644;13.3223362;13.3176956;13.3158083;13.3121281;13.3091516;13.3091841;13.3167677;13.3157444;13.3198404;13.3147202;13.3198404;13.3177919,20,13.315441703796386,0.005717455975578527,13.306431770324707,13.332480430603027,passed,0,0.0,3.0517578125e-05,1.9073486328125e-06,7.597827061545104e-05,0.00011929775064345449,7.597827061545104e-05,0.00011929775064345449,138639,0,full_state,passed,,13.315232276916504,nan,nan,nan,nan,nan,nan,nan,nan,nan,nan,3.025469714904699
persistent_spike_block,flybrain,NVIDIA GeForce RTX 5090,2.11.0+cu128,12.8,default,0.00038162477337341094,,,,,,34bc060fdf05b21f,0,138639,256,1,15091983,108.85813515677407,flybrain,0,9783,163.19999046318512,1.499198844699568,0.4816346156348125,288.0,599.6199999999953,0.02,0.020128884639242926,2790.6484375,3357.75,3402,569363.265625,661237.25,687696,0.7598503774066726,0.7598503774066725,0.21293439433411016,1.2190715083579926,sampled_16_timesteps_max_2048_sources,converged,1.953125,0.02,0.02012888342142105,0.0001288834214210506,True,12,SpMV,CUSPARSE_SPMV_ALG_DEFAULT,,nan,torch_cuda_event,gpu_execution,full_rsnn,device_native,independent_inference,full_fusion,"(256, 1, 138639)","(256, 1, 138639)",138639,138639,1,1,BN,event_csr,event_csr,dense_to_events_precomputed,False,True,True,0,torch.int32,torch.float32,torch.float32,windowed_events,,,False,False,False,False,False,False,1.0,3685120,123820228,123820228,0,0,False,unknown,unknown,unknown,unknown,unknown,,5.79849577;5.75129604;5.73839998;5.74403191;5.73449612;5.74505615;5.74262381;5.74607992;5.74054384;5.74246407;5.74467182;5.74406385;5.7487359;5.74403191;5.75078392;5.74604797;5.73849583;5.74096012;5.75279999;5.73846388,20,5.746627140045166,0.01307676653599549,5.734496116638184,5.798495769500732,passed_causal_masked_state,651,1.8342376603985893e-05,0.9996191263198853,0.07560509443283081,4.9980950355529785,12.047795295715332,0.0015424919547513127,0.0019844635389745235,119183,19456,causal_masked_state,passed_causal_masked_state,,5.7440478801727295,nan,nan,nan,nan,nan,nan,7.013317583891904,nan,nan,nan,7.013317583891904
cusparse_direct_cudagraph,flybrain,NVIDIA GeForce RTX 5090,2.11.0+cu128,12.8,default,0.00038162477337341094,,,,,,494a5ebf8ff70dc0,0,138639,256,1,15091983,108.85813515677407,flybrain,0,9783,163.19999046318512,1.499198844699568,0.4816346156348125,288.0,599.6199999999953,0.05,0.05014802945960372,6952.47265625,7321.25,7398,1134807.484375,1199528.0,1220522,0.7152746316631335,0.7152746316631338,0.08954247939593461,1.0640818548706537,sampled_16_timesteps_max_2048_sources,converged,5.3466796875,0.05,0.05014802888035774,0.00014802888035773953,True,12,SpMV,CUSPARSE_SPMV_ALG_DEFAULT,,nan,torch_cuda_event,gpu_execution,full_rsnn,device_native,independent_inference,sparse_only,"(256, 1, 138639)","(256, 1, 138639)",138639,138639,1,1,BN,csr_post_by_pre,csr_post_by_pre,none,False,False,True,0,torch.int32,torch.float32,torch.float32,dense,,,False,False,False,False,False,True,1.0,58960,406886764,406886764,0,0,False,unknown,unknown,unknown,unknown,unknown,,40.3246078;40.2954254;40.2888641;40.288929;40.298111;40.3012161;40.2950706;40.284832;40.3114548;40.2838097;40.2868462;40.2828178;40.278656;40.2930222;40.2797127;40.2684479;40.2909775;40.2786865;40.2766418;40.2858543,20,40.289699172973634,0.012700294054671804,40.26844787597656,40.324607849121094,passed_causal_masked_state,818,2.304771745324187e-05,0.9994537830352783,0.14786624908447266,4.983297348022461,14.816975593566895,4.2140854930039495e-05,3.8770351238781586e-05,117110,21529,causal_masked_state,passed_causal_masked_state,,40.28785514831543,nan,nan,nan,nan,nan,nan,1.0,nan,nan,nan,1.0
tilespmspv_cudagraph,flybrain,NVIDIA GeForce RTX 5090,2.11.0+cu128,12.8,default,0.00038162477337341094,,,,,,494a5ebf8ff70dc0,0,138639,256,1,15091983,108.85813515677407,flybrain,0,9783,163.19999046318512,1.499198844699568,0.4816346156348125,288.0,599.6199999999953,0.05,0.05014802945960372,6952.47265625,7321.25,7398,1134807.484375,1199528.0,1220522,0.7152746316631335,0.7152746316631338,0.08954247939593461,1.0640818548706537,sampled_16_timesteps_max_2048_sources,converged,5.3466796875,0.05,0.05014802888035774,0.00014802888035773953,True,12,SpMV,CUSPARSE_SPMV_ALG_DEFAULT,,nan,torch_cuda_event_cudagraph_replay,gpu_execution,full_rsnn,device_adapted,independent_inference,sparse_only,"(256, 1, 138639)","(256, 1, 138639)",138639,138639,1,1,BN,spmspv_csc_dense_device,spmspv_csc_dense_device,none,False,False,True,0,torch.int64,torch.float32,torch.float32,dense_device,,,False,False,False,False,False,True,1.0,554556,325842920,325842920,0,0,False,unknown,unknown,unknown,unknown,unknown,,8.57654381;8.57110405;8.55772781;8.55785561;8.547616;8.55564785;8.55577564;8.54758358;8.56192017;8.56598377;8.55366421;8.56028843;8.55311966;8.55004787;8.56841564;8.55823994;8.57052803;8.56028843;8.566432;8.56847954,20,8.56036310195923,0.008184252146600604,8.54758358001709,8.576543807983398,passed_causal_masked_state,818,2.304771745324187e-05,0.9994540214538574,0.14786672592163086,4.983297348022461,14.817023277282715,8.428170986007899e-05,9.333709749625996e-05,117110,21529,causal_masked_state,passed_causal_masked_state,,8.559264183044434,nan,nan,nan,nan,nan,nan,nan,nan,nan,nan,4.706929741475218
globalatomic_cudagraph,flybrain,NVIDIA GeForce RTX 5090,2.11.0+cu128,12.8,default,0.00038162477337341094,,,,,,494a5ebf8ff70dc0,0,138639,256,1,15091983,108.85813515677407,flybrain,0,9783,163.19999046318512,1.499198844699568,0.4816346156348125,288.0,599.6199999999953,0.05,0.05014802945960372,6952.47265625,7321.25,7398,1134807.484375,1199528.0,1220522,0.7152746316631335,0.7152746316631338,0.08954247939593461,1.0640818548706537,sampled_16_timesteps_max_2048_sources,converged,5.3466796875,0.05,0.05014802888035774,0.00014802888035773953,True,12,SpMV,CUSPARSE_SPMV_ALG_DEFAULT,,nan,torch_cuda_event_cudagraph_replay,gpu_execution,full_rsnn,device_adapted,independent_inference,sparse_only,"(256, 1, 138639)","(256, 1, 138639)",138639,138639,1,1,BN,spmspv_csc_dense_device,spmspv_csc_dense_device,none,False,False,True,0,torch.int64,torch.float32,torch.float32,dense_device,,,False,False,False,False,False,True,1.0,554556,325842920,325842920,0,0,False,unknown,unknown,unknown,unknown,unknown,,11.1327362;11.119648;11.1274557;11.1285124;11.1193924;11.1232004;11.1223679;11.1294403;11.1378241;11.1324797;11.131072;11.1376963;11.1295042;11.1387196;11.1336002;11.1376963;11.1387196;11.1376963;11.1315517;11.132576,20,11.131094455718994,0.006229063214965685,11.119392395019531,11.13871955871582,passed_causal_masked_state,818,2.304771745324187e-05,0.9994540214538574,0.14786624908447266,4.983295917510986,14.816975593566895,8.622145105618984e-05,8.55013495311141e-05,117110,21529,causal_masked_state,passed_causal_masked_state,,11.132015705108643,nan,nan,nan,nan,nan,nan,nan,nan,nan,nan,3.6190979437647353
vdha_cudagraph,flybrain,NVIDIA GeForce RTX 5090,2.11.0+cu128,12.8,default,0.00038162477337341094,,,,,,494a5ebf8ff70dc0,0,138639,256,1,15091983,108.85813515677407,flybrain,0,9783,163.19999046318512,1.499198844699568,0.4816346156348125,288.0,599.6199999999953,0.05,0.05014802945960372,6952.47265625,7321.25,7398,1134807.484375,1199528.0,1220522,0.7152746316631335,0.7152746316631338,0.08954247939593461,1.0640818548706537,sampled_16_timesteps_max_2048_sources,converged,5.3466796875,0.05,0.05014802888035774,0.00014802888035773953,True,12,SpMV,CUSPARSE_SPMV_ALG_DEFAULT,,nan,torch_cuda_event_cudagraph_replay,gpu_execution,full_rsnn,device_adapted,independent_inference,sparse_only,"(256, 1, 138639)","(256, 1, 138639)",138639,138639,1,1,BN,spmspv_csc_dense_device,spmspv_csc_dense_device,none,False,False,True,0,torch.int64,torch.float32,torch.float32,dense_device,,,False,False,False,False,False,True,1.0,554556,325842920,325842920,0,0,False,unknown,unknown,unknown,unknown,unknown,,15.6798077;15.6683197;15.6745281;15.6719685;15.6730556;15.6733761;15.6709757;15.6734724;15.6746559;15.6699839;15.6750717;15.6678076;15.6765442;15.6695681;15.6688957;15.6760635;15.6658239;15.6688957;15.674016;15.6709442,20,15.672188711166381,0.003480866293352072,15.665823936462402,15.679807662963867,passed_causal_masked_state,6,1.690541622487179e-07,0.037003397941589355,8.20159912109375e-05,0.18394963443279266,0.00690867006778717,0.00014389590069185942,0.00015868613263592124,138439,200,causal_masked_state,passed_causal_masked_state,,15.67251205444336,nan,nan,nan,nan,nan,nan,nan,nan,nan,nan,2.570606103754331
persistent_spike_block,flybrain,NVIDIA GeForce RTX 5090,2.11.0+cu128,12.8,default,0.00038162477337341094,,,,,,494a5ebf8ff70dc0,0,138639,256,1,15091983,108.85813515677407,flybrain,0,9783,163.19999046318512,1.499198844699568,0.4816346156348125,288.0,599.6199999999953,0.05,0.05014802945960372,6952.47265625,7321.25,7398,1134807.484375,1199528.0,1220522,0.7152746316631335,0.7152746316631338,0.08954247939593461,1.0640818548706537,sampled_16_timesteps_max_2048_sources,converged,5.3466796875,0.05,0.05014802888035774,0.00014802888035773953,True,12,SpMV,CUSPARSE_SPMV_ALG_DEFAULT,,nan,torch_cuda_event,gpu_execution,full_rsnn,device_native,independent_inference,full_fusion,"(256, 1, 138639)","(256, 1, 138639)",138639,138639,1,1,BN,event_csr,event_csr,dense_to_events_precomputed,False,True,True,0,torch.int32,torch.float32,torch.float32,windowed_events,,,False,False,False,False,False,False,1.0,3685120,123820228,123820228,0,0,False,unknown,unknown,unknown,unknown,unknown,,7.46950388;7.46943998;7.42399979;7.48377609;7.42611217;7.48281622;7.43612814;7.4766078;7.42179203;7.47046423;7.42095995;7.46950388;7.42515182;7.46841621;7.420928;7.46447992;7.43113613;7.46947193;7.4270401;7.46595192,20,7.451184010505676,0.02412828504806902,7.420928001403809,7.483776092529297,passed_causal_masked_state,362,1.0199601122339312e-05,0.9949738383293152,0.14289474487304688,4.974706172943115,26.38991928100586,0.0022419944871217012,0.0024256939068436623,124741,13898,causal_masked_state,passed_causal_masked_state,,7.4652159214019775,nan,nan,nan,nan,nan,nan,5.396743452900599,nan,nan,nan,5.396743452900599
cusparse_direct_cudagraph,flybrain,NVIDIA GeForce RTX 5090,2.11.0+cu128,12.8,default,0.00038162477337341094,,,,,,0034469257ebae31,0,138639,256,1,15091983,108.85813515677407,flybrain,0,9783,163.19999046318512,1.499198844699568,0.4816346156348125,288.0,599.6199999999953,0.1,0.1000533534936057,13871.296875,14248.0,14304,2017483.7734375,2099138.75,2127168,0.6819466288852176,0.6819466288852176,0.10831375828112234,1.0311941362728565,sampled_16_timesteps_max_2048_sources,converged,12.158203125,0.1,0.1000533476471901,5.334764719008844e-05,True,12,SpMV,CUSPARSE_SPMV_ALG_DEFAULT,,nan,torch_cuda_event,gpu_execution,full_rsnn,device_native,independent_inference,sparse_only,"(256, 1, 138639)","(256, 1, 138639)",138639,138639,1,1,BN,csr_post_by_pre,csr_post_by_pre,none,False,False,True,0,torch.int32,torch.float32,torch.float32,dense,,,False,False,False,False,False,True,1.0,58960,406886764,406886764,0,0,False,unknown,unknown,unknown,unknown,unknown,,40.3053436;40.2912636;40.2786865;40.288929;40.2981453;40.284832;40.2909431;40.3073616;40.2868805;40.2797127;40.3094063;40.3032303;40.284832;40.288929;40.2715187;40.2950706;40.2745934;40.288929;40.288929;40.2551346,20,40.28863353729248,0.013062149988081523,40.25513458251953,40.30940628051758,passed_causal_masked_state,51,1.436960379114102e-06,0.9854414463043213,0.07756966352462769,4.878845691680908,12.613186836242676,4.033450022689067e-05,7.88852630648762e-05,133849,4790,causal_masked_state,passed_causal_masked_state,,40.2889289855957,nan,nan,nan,nan,nan,nan,1.0,nan,nan,nan,1.0
tilespmspv_cudagraph,flybrain,NVIDIA GeForce RTX 5090,2.11.0+cu128,12.8,default,0.00038162477337341094,,,,,,0034469257ebae31,0,138639,256,1,15091983,108.85813515677407,flybrain,0,9783,163.19999046318512,1.499198844699568,0.4816346156348125,288.0,599.6199999999953,0.1,0.1000533534936057,13871.296875,14248.0,14304,2017483.7734375,2099138.75,2127168,0.6819466288852176,0.6819466288852176,0.10831375828112234,1.0311941362728565,sampled_16_timesteps_max_2048_sources,converged,12.158203125,0.1,0.1000533476471901,5.334764719008844e-05,True,12,SpMV,CUSPARSE_SPMV_ALG_DEFAULT,,nan,torch_cuda_event_cudagraph_replay,gpu_execution,full_rsnn,device_adapted,independent_inference,sparse_only,"(256, 1, 138639)","(256, 1, 138639)",138639,138639,1,1,BN,spmspv_csc_dense_device,spmspv_csc_dense_device,none,False,False,True,0,torch.int64,torch.float32,torch.float32,dense_device,,,False,False,False,False,False,True,1.0,554556,325842920,325842920,0,0,False,unknown,unknown,unknown,unknown,unknown,,11.0568962;11.0480957;11.0577917;11.069088;11.0659838;11.0558081;11.0579205;11.0567999;11.0699844;11.0557756;11.057312;11.0588484;11.0598717;11.0598402;11.0568323;11.0701122;11.0639038;11.0680323;11.0608959;11.0639677,20,11.060688018798828,0.005767471556901667,11.048095703125,11.070112228393555,passed,0,0.0,0.0003662109375,1.9073486328125e-05,0.00040423378231935203,0.0005217770230956376,0.00040423378231935203,0.0005217770230956376,138639,0,full_state,passed,,11.059344291687012,nan,nan,nan,nan,nan,nan,nan,nan,nan,nan,3.6429762853010845
globalatomic_cudagraph,flybrain,NVIDIA GeForce RTX 5090,2.11.0+cu128,12.8,default,0.00038162477337341094,,,,,,0034469257ebae31,0,138639,256,1,15091983,108.85813515677407,flybrain,0,9783,163.19999046318512,1.499198844699568,0.4816346156348125,288.0,599.6199999999953,0.1,0.1000533534936057,13871.296875,14248.0,14304,2017483.7734375,2099138.75,2127168,0.6819466288852176,0.6819466288852176,0.10831375828112234,1.0311941362728565,sampled_16_timesteps_max_2048_sources,converged,12.158203125,0.1,0.1000533476471901,5.334764719008844e-05,True,12,SpMV,CUSPARSE_SPMV_ALG_DEFAULT,,nan,torch_cuda_event_cudagraph_replay,gpu_execution,full_rsnn,device_adapted,independent_inference,sparse_only,"(256, 1, 138639)","(256, 1, 138639)",138639,138639,1,1,BN,spmspv_csc_dense_device,spmspv_csc_dense_device,none,False,False,True,0,torch.int64,torch.float32,torch.float32,dense_device,,,False,False,False,False,False,True,1.0,554556,325842920,325842920,0,0,False,unknown,unknown,unknown,unknown,unknown,,12.0672636;12.0610561;12.0541763;12.0551996;12.0582399;12.0562563;12.064352;12.0551996;12.0561275;12.0582724;12.0496635;12.0592957;12.0541763;12.0480318;12.0520964;12.0449924;12.0439358;12.0439358;12.0541763;12.0490236,20,12.054273557662963,0.006385710199865972,12.043935775756836,12.06726360321045,passed,0,0.0,0.000244140625,1.71661376953125e-05,0.00040266671567223966,0.0004969305009581149,0.00040266671567223966,0.0004969305009581149,138639,0,full_state,passed,,12.054687976837158,nan,nan,nan,nan,nan,nan,nan,nan,nan,nan,3.342179329984324
vdha_cudagraph,flybrain,NVIDIA GeForce RTX 5090,2.11.0+cu128,12.8,default,0.00038162477337341094,,,,,,0034469257ebae31,0,138639,256,1,15091983,108.85813515677407,flybrain,0,9783,163.19999046318512,1.499198844699568,0.4816346156348125,288.0,599.6199999999953,0.1,0.1000533534936057,13871.296875,14248.0,14304,2017483.7734375,2099138.75,2127168,0.6819466288852176,0.6819466288852176,0.10831375828112234,1.0311941362728565,sampled_16_timesteps_max_2048_sources,converged,12.158203125,0.1,0.1000533476471901,5.334764719008844e-05,True,12,SpMV,CUSPARSE_SPMV_ALG_DEFAULT,,nan,torch_cuda_event_cudagraph_replay,gpu_execution,full_rsnn,device_adapted,independent_inference,sparse_only,"(256, 1, 138639)","(256, 1, 138639)",138639,138639,1,1,BN,spmspv_csc_dense_device,spmspv_csc_dense_device,none,False,False,True,0,torch.int64,torch.float32,torch.float32,dense_device,,,False,False,False,False,False,True,1.0,554556,325842920,325842920,0,0,False,unknown,unknown,unknown,unknown,unknown,,18.9045448;18.9011517;18.8953915;18.8970871;18.8848648;18.8808002;18.8889599;18.8996487;18.9056969;18.8929272;18.8791351;18.8908806;18.8949432;18.8929596;18.8873272;18.8934727;18.8914242;18.8934727;18.8955193;18.8955193,20,18.893286323547365,0.006903787097827827,18.879135131835938,18.905696868896484,passed_causal_masked_state,35,9.861492797841877e-07,0.9860659837722778,0.07756972312927246,4.8819379806518555,12.61319637298584,0.00029660339350812137,0.0004442941281013191,134501,4138,causal_masked_state,passed_causal_masked_state,,18.89347267150879,nan,nan,nan,nan,nan,nan,nan,nan,nan,nan,2.1324258216622662
persistent_spike_block,flybrain,NVIDIA GeForce RTX 5090,2.11.0+cu128,12.8,default,0.00038162477337341094,,,,,,0034469257ebae31,0,138639,256,1,15091983,108.85813515677407,flybrain,0,9783,163.19999046318512,1.499198844699568,0.4816346156348125,288.0,599.6199999999953,0.1,0.1000533534936057,13871.296875,14248.0,14304,2017483.7734375,2099138.75,2127168,0.6819466288852176,0.6819466288852176,0.10831375828112234,1.0311941362728565,sampled_16_timesteps_max_2048_sources,converged,12.158203125,0.1,0.1000533476471901,5.334764719008844e-05,True,12,SpMV,CUSPARSE_SPMV_ALG_DEFAULT,,nan,torch_cuda_event,gpu_execution,full_rsnn,device_native,independent_inference,full_fusion,"(256, 1, 138639)","(256, 1, 138639)",138639,138639,1,1,BN,event_csr,event_csr,dense_to_events_precomputed,False,True,True,0,torch.int32,torch.float32,torch.float32,windowed_events,,,False,False,False,False,False,False,1.0,3685120,123820228,123820228,0,0,False,unknown,unknown,unknown,unknown,unknown,,9.96735954;9.87753582;9.94361591;9.88463974;9.94956779;9.87343979;9.94550419;9.85999966;9.94761562;9.87529564;9.9587841;9.88147163;9.94089603;9.88569641;9.958848;9.88768005;9.96185589;9.89590359;9.95427227;9.87542439,20,9.916270303726197,0.03857978012372049,9.859999656677246,9.96735954284668,passed_causal_masked_state,108,3.042974920476922e-06,0.9998412728309631,0.08435988426208496,4.999199867248535,14.103799819946289,0.004831547383219004,0.005502945277839899,131754,6885,causal_masked_state,passed_causal_masked_state,,9.918399810791016,nan,nan,nan,nan,nan,nan,4.062039215414787,nan,nan,nan,4.062039215414787
cusparse_direct_cudagraph,flybrain,NVIDIA GeForce RTX 5090,2.11.0+cu128,12.8,default,0.00038162477337341094,,,,,,22e74aad9ad51aba,0,138639,256,1,15091983,108.85813515677407,flybrain,0,9783,163.19999046318512,1.499198844699568,0.4816346156348125,288.0,599.6199999999953,0.2,0.19997326690180975,27724.09375,28900.25,28960,3720302.58984375,3904317.75,3937972,0.6595734477110932,0.6595734477110932,0.15702021150865386,1.0445787790628864,sampled_16_timesteps_max_2048_sources,converged,32.51953125,0.2,0.19997325539588928,2.6744604110728876e-05,True,12,SpMV,CUSPARSE_SPMV_ALG_DEFAULT,,nan,torch_cuda_event,gpu_execution,full_rsnn,device_native,independent_inference,sparse_only,"(256, 1, 138639)","(256, 1, 138639)",138639,138639,1,1,BN,csr_post_by_pre,csr_post_by_pre,none,False,False,True,0,torch.int32,torch.float32,torch.float32,dense,,,False,False,False,False,False,True,1.0,58960,406886764,406886764,0,0,False,unknown,unknown,unknown,unknown,unknown,,40.3014717;40.2851524;40.2909775;40.2930222;40.2878723;40.2786865;40.2786865;40.2930222;40.2786865;40.3022079;40.2971191;40.2623024;40.2868805;40.2868805;40.2960968;40.2950706;40.2868805;40.2909775;40.2970886;40.2858543,20,40.28874683380127,0.00934362812444056,40.26230239868164,40.302207946777344,passed_causal_masked_state,28,7.889194238273501e-07,0.07840335369110107,0.0005991309881210327,0.3884187638759613,0.11617802828550339,6.221440708031878e-05,6.770324398530647e-05,138119,520,causal_masked_state,passed_causal_masked_state,,40.289424896240234,nan,nan,nan,nan,nan,nan,1.0,nan,nan,nan,1.0
tilespmspv_cudagraph,flybrain,NVIDIA GeForce RTX 5090,2.11.0+cu128,12.8,default,0.00038162477337341094,,,,,,22e74aad9ad51aba,0,138639,256,1,15091983,108.85813515677407,flybrain,0,9783,163.19999046318512,1.499198844699568,0.4816346156348125,288.0,599.6199999999953,0.2,0.19997326690180975,27724.09375,28900.25,28960,3720302.58984375,3904317.75,3937972,0.6595734477110932,0.6595734477110932,0.15702021150865386,1.0445787790628864,sampled_16_timesteps_max_2048_sources,converged,32.51953125,0.2,0.19997325539588928,2.6744604110728876e-05,True,12,SpMV,CUSPARSE_SPMV_ALG_DEFAULT,,nan,torch_cuda_event_cudagraph_replay,gpu_execution,full_rsnn,device_adapted,independent_inference,sparse_only,"(256, 1, 138639)","(256, 1, 138639)",138639,138639,1,1,BN,spmspv_csc_dense_device,spmspv_csc_dense_device,none,False,False,True,0,torch.int64,torch.float32,torch.float32,dense_device,,,False,False,False,False,False,True,1.0,554556,325842920,325842920,0,0,False,unknown,unknown,unknown,unknown,unknown,,15.7786236;15.7634239;15.7805443;15.7604485;15.7641916;15.7769279;15.7821121;15.7816324;15.7600317;15.7748804;15.7820482;15.7958717;15.7682238;15.7405758;15.7661762;15.7549124;15.7661762;15.7528639;15.7661762;15.765152,20,15.769049644470215,0.012692709537216743,15.740575790405273,15.79587173461914,passed_causal_masked_state,2,5.6351387416239296e-08,0.008742168545722961,7.62939453125e-05,0.043611787259578705,0.0016357650747522712,0.0015700241783633828,0.0016357650747522712,138528,111,causal_masked_state,passed_causal_masked_state,,15.766176223754883,nan,nan,nan,nan,nan,nan,nan,nan,nan,nan,2.5554341347229266
globalatomic_cudagraph,flybrain,NVIDIA GeForce RTX 5090,2.11.0+cu128,12.8,default,0.00038162477337341094,,,,,,22e74aad9ad51aba,0,138639,256,1,15091983,108.85813515677407,flybrain,0,9783,163.19999046318512,1.499198844699568,0.4816346156348125,288.0,599.6199999999953,0.2,0.19997326690180975,27724.09375,28900.25,28960,3720302.58984375,3904317.75,3937972,0.6595734477110932,0.6595734477110932,0.15702021150865386,1.0445787790628864,sampled_16_timesteps_max_2048_sources,converged,32.51953125,0.2,0.19997325539588928,2.6744604110728876e-05,True,12,SpMV,CUSPARSE_SPMV_ALG_DEFAULT,,nan,torch_cuda_event_cudagraph_replay,gpu_execution,full_rsnn,device_adapted,independent_inference,sparse_only,"(256, 1, 138639)","(256, 1, 138639)",138639,138639,1,1,BN,spmspv_csc_dense_device,spmspv_csc_dense_device,none,False,False,True,0,torch.int64,torch.float32,torch.float32,dense_device,,,False,False,False,False,False,True,1.0,554556,325842920,325842920,0,0,False,unknown,unknown,unknown,unknown,unknown,,17.5971832;17.5654087;17.5294075;17.5264645;17.5878086;17.6523514;17.6964169;17.6995525;17.7044792;17.7005119;17.7009926;17.7025604;17.6994553;17.7005119;17.6994553;17.6984329;17.7015038;17.7066555;17.6984634;17.6236801,20,17.659564781188966,0.06323619428136479,17.526464462280273,17.706655502319336,passed_causal_masked_state,2,5.6351387416239296e-08,0.008742183446884155,7.82012939453125e-05,0.043611861765384674,0.0016766592161729932,0.0015700241783633828,0.0016766592161729932,138528,111,causal_masked_state,passed_causal_masked_state,,17.698959350585938,nan,nan,nan,nan,nan,nan,nan,nan,nan,nan,2.276372531185367
vdha_cudagraph,flybrain,NVIDIA GeForce RTX 5090,2.11.0+cu128,12.8,default,0.00038162477337341094,,,,,,22e74aad9ad51aba,0,138639,256,1,15091983,108.85813515677407,flybrain,0,9783,163.19999046318512,1.499198844699568,0.4816346156348125,288.0,599.6199999999953,0.2,0.19997326690180975,27724.09375,28900.25,28960,3720302.58984375,3904317.75,3937972,0.6595734477110932,0.6595734477110932,0.15702021150865386,1.0445787790628864,sampled_16_timesteps_max_2048_sources,converged,32.51953125,0.2,0.19997325539588928,2.6744604110728876e-05,True,12,SpMV,CUSPARSE_SPMV_ALG_DEFAULT,,nan,torch_cuda_event_cudagraph_replay,gpu_execution,full_rsnn,device_adapted,independent_inference,sparse_only,"(256, 1, 138639)","(256, 1, 138639)",138639,138639,1,1,BN,spmspv_csc_dense_device,spmspv_csc_dense_device,none,False,False,True,0,torch.int64,torch.float32,torch.float32,dense_device,,,False,False,False,False,False,True,1.0,554556,325842920,325842920,0,0,False,unknown,unknown,unknown,unknown,unknown,,27.4230728;27.4278393;27.4166718;27.4045124;27.4127674;27.4146881;27.4188805;27.4216003;27.4042873;27.4229431;27.4152641;27.4126072;27.4233913;27.4023685;27.4131527;27.4203205;27.4151993;27.4111042;27.4029121;27.4029121,20,27.41432476043701,0.007780457636119372,27.402368545532227,27.427839279174805,passed_causal_masked_state,28,7.889194238273501e-07,0.012488245964050293,3.0517578125e-05,0.06185261905193329,0.0007886149105615914,0.0006104999338276684,0.0007886149105615914,138332,307,causal_masked_state,passed_causal_masked_state,,27.41494369506836,nan,nan,nan,nan,nan,nan,nan,nan,nan,nan,1.4696154529577914
persistent_spike_block,flybrain,NVIDIA GeForce RTX 5090,2.11.0+cu128,12.8,default,0.00038162477337341094,,,,,,22e74aad9ad51aba,0,138639,256,1,15091983,108.85813515677407,flybrain,0,9783,163.19999046318512,1.499198844699568,0.4816346156348125,288.0,599.6199999999953,0.2,0.19997326690180975,27724.09375,28900.25,28960,3720302.58984375,3904317.75,3937972,0.6595734477110932,0.6595734477110932,0.15702021150865386,1.0445787790628864,sampled_16_timesteps_max_2048_sources,converged,32.51953125,0.2,0.19997325539588928,2.6744604110728876e-05,True,12,SpMV,CUSPARSE_SPMV_ALG_DEFAULT,,nan,torch_cuda_event,gpu_execution,full_rsnn,device_native,independent_inference,full_fusion,"(256, 1, 138639)","(256, 1, 138639)",138639,138639,1,1,BN,event_csr,event_csr,dense_to_events_precomputed,False,True,True,0,torch.int32,torch.float32,torch.float32,windowed_events,,,False,False,False,False,False,False,1.0,3685120,123820228,123820228,0,0,False,unknown,unknown,unknown,unknown,unknown,,15.5686398;15.5408316;15.4714556;15.5410557;15.4665279;15.5335684;15.4890242;15.5284481;15.4745598;15.5263357;15.4715843;15.5299196;15.479744;15.5288639;15.4665918;15.5232;15.47472;15.5263357;15.4787521;15.5146236,20,15.506739091873168,0.03169494167023668,15.466527938842773,15.568639755249023,passed_causal_masked_state,1415,3.9868606596989305e-05,0.9997526407241821,0.14496374130249023,4.998750686645508,21.1630859375,0.019390640780329704,0.019727520644664764,111131,27508,causal_masked_state,passed_causal_masked_state,,15.518911838531494,nan,nan,nan,nan,nan,nan,2.596150124147667,nan,nan,nan,2.596150124147667
cusparse_direct_cudagraph,flybrain,NVIDIA GeForce RTX 5090,2.11.0+cu128,12.8,default,0.00038162477337341094,,,,,,f04cbffec8a8bd6f,1,138639,256,1,15091983,108.85813515677407,flybrain,1,9783,163.19999046318512,1.499198844699568,0.4816346156348125,288.0,599.6199999999953,0.005,0.0056093861575747085,777.6796875,1113.0,1346,250466.59375,362315.5,374349,0.6824506688182636,0.6824506688182634,0.588000599369442,1.7307897089699928,sampled_16_timesteps_max_2048_sources,best_effort,0.9521484375,0.005,0.005609386134892702,0.000609386134892702,True,12,SpMV,CUSPARSE_SPMV_ALG_DEFAULT,,nan,torch_cuda_event,gpu_execution,full_rsnn,device_native,independent_inference,sparse_only,"(256, 1, 138639)","(256, 1, 138639)",138639,138639,1,1,BN,csr_post_by_pre,csr_post_by_pre,none,False,False,True,0,torch.int32,torch.float32,torch.float32,dense,,,False,False,False,False,False,True,1.0,58960,406886764,406886764,0,0,False,unknown,unknown,unknown,unknown,unknown,,40.3015366;40.3035507;40.2827835;40.2930222;40.2592659;40.2479057;40.2745934;40.2417908;40.2868805;40.2745934;40.2838097;40.2930222;40.282753;40.280735;40.2377281;40.2510414;40.2684479;40.288929;40.2663994;40.2499847,20,40.27343864440918,0.01983782064885004,40.237728118896484,40.303550720214844,passed_causal_masked_state,2,5.6351387416239296e-08,0.01702803373336792,5.1865354180336e-05,0.08437304943799973,0.010265660472214222,4.1507562855258584e-05,5.7395292969886214e-05,138445,194,causal_masked_state,passed_causal_masked_state,,40.27766418457031,nan,nan,nan,nan,nan,nan,1.0,nan,nan,nan,1.0
tilespmspv_cudagraph,flybrain,NVIDIA GeForce RTX 5090,2.11.0+cu128,12.8,default,0.00038162477337341094,,,,,,f04cbffec8a8bd6f,1,138639,256,1,15091983,108.85813515677407,flybrain,1,9783,163.19999046318512,1.499198844699568,0.4816346156348125,288.0,599.6199999999953,0.005,0.0056093861575747085,777.6796875,1113.0,1346,250466.59375,362315.5,374349,0.6824506688182636,0.6824506688182634,0.588000599369442,1.7307897089699928,sampled_16_timesteps_max_2048_sources,best_effort,0.9521484375,0.005,0.005609386134892702,0.000609386134892702,True,12,SpMV,CUSPARSE_SPMV_ALG_DEFAULT,,nan,torch_cuda_event_cudagraph_replay,gpu_execution,full_rsnn,device_adapted,independent_inference,sparse_only,"(256, 1, 138639)","(256, 1, 138639)",138639,138639,1,1,BN,spmspv_csc_dense_device,spmspv_csc_dense_device,none,False,False,True,0,torch.int64,torch.float32,torch.float32,dense_device,,,False,False,False,False,False,True,1.0,554556,325842920,325842920,0,0,False,unknown,unknown,unknown,unknown,unknown,,6.93334389;6.92339182;6.91868782;6.91983986;6.92294407;6.92489576;6.92188787;6.92713594;6.92060804;6.91881609;6.91942406;6.92700815;6.91881609;6.92188787;6.92496014;6.92496014;6.92188787;6.92086411;6.92496014;6.91676807,20,6.922654390335083,0.003854356466055372,6.9167680740356445,6.933343887329102,passed,0,0.0,5.340576171875e-05,2.86102294921875e-06,0.0001373487029923126,0.0001753046817611903,0.0001373487029923126,0.0001753046817611903,138639,0,full_state,passed,,6.9218878746032715,nan,nan,nan,nan,nan,nan,nan,nan,nan,nan,5.818884228441627
globalatomic_cudagraph,flybrain,NVIDIA GeForce RTX 5090,2.11.0+cu128,12.8,default,0.00038162477337341094,,,,,,f04cbffec8a8bd6f,1,138639,256,1,15091983,108.85813515677407,flybrain,1,9783,163.19999046318512,1.499198844699568,0.4816346156348125,288.0,599.6199999999953,0.005,0.0056093861575747085,777.6796875,1113.0,1346,250466.59375,362315.5,374349,0.6824506688182636,0.6824506688182634,0.588000599369442,1.7307897089699928,sampled_16_timesteps_max_2048_sources,best_effort,0.9521484375,0.005,0.005609386134892702,0.000609386134892702,True,12,SpMV,CUSPARSE_SPMV_ALG_DEFAULT,,nan,torch_cuda_event_cudagraph_replay,gpu_execution,full_rsnn,device_adapted,independent_inference,sparse_only,"(256, 1, 138639)","(256, 1, 138639)",138639,138639,1,1,BN,spmspv_csc_dense_device,spmspv_csc_dense_device,none,False,False,True,0,torch.int64,torch.float32,torch.float32,dense_device,,,False,False,False,False,False,True,1.0,554556,325842920,325842920,0,0,False,unknown,unknown,unknown,unknown,unknown,,11.0913601;11.0582724;11.0619202;11.0608644;11.0598402;11.0578241;11.055872;11.0607681;11.0660162;11.0578241;11.0634241;11.064992;11.0619202;11.0598717;11.058816;11.0557756;11.0578241;11.0557756;11.0567999;11.0516796,20,11.060872030258178,0.00794927760233426,11.051679611206055,11.091360092163086,passed,0,0.0,6.103515625e-05,2.86102294921875e-06,0.00015696993796154857,0.00019974734459538013,0.00015696993796154857,0.00019974734459538013,138639,0,full_state,passed,,11.059328079223633,nan,nan,nan,nan,nan,nan,nan,nan,nan,nan,3.6419630465830086
vdha_cudagraph,flybrain,NVIDIA GeForce RTX 5090,2.11.0+cu128,12.8,default,0.00038162477337341094,,,,,,f04cbffec8a8bd6f,1,138639,256,1,15091983,108.85813515677407,flybrain,1,9783,163.19999046318512,1.499198844699568,0.4816346156348125,288.0,599.6199999999953,0.005,0.0056093861575747085,777.6796875,1113.0,1346,250466.59375,362315.5,374349,0.6824506688182636,0.6824506688182634,0.588000599369442,1.7307897089699928,sampled_16_timesteps_max_2048_sources,best_effort,0.9521484375,0.005,0.005609386134892702,0.000609386134892702,True,12,SpMV,CUSPARSE_SPMV_ALG_DEFAULT,,nan,torch_cuda_event_cudagraph_replay,gpu_execution,full_rsnn,device_adapted,independent_inference,sparse_only,"(256, 1, 138639)","(256, 1, 138639)",138639,138639,1,1,BN,spmspv_csc_dense_device,spmspv_csc_dense_device,none,False,False,True,0,torch.int64,torch.float32,torch.float32,dense_device,,,False,False,False,False,False,True,1.0,554556,325842920,325842920,0,0,False,unknown,unknown,unknown,unknown,unknown,,13.3291197;12.7580156;12.7607365;12.7642555;12.7669439;12.7642555;12.7623043;12.7623043;12.7622404;12.7663364;12.7683201;12.7704639;12.7653437;12.7623358;12.7607365;12.7709761;12.76688;12.7648315;12.7750721;12.7648315,20,12.793315172195435,0.12617841195476218,12.758015632629395,13.329119682312012,passed,0,0.0,3.0517578125e-05,2.384185791015625e-06,7.690937491133809e-05,0.0001241967547684908,7.690937491133809e-05,0.0001241967547684908,138639,0,full_state,passed,,12.76483154296875,nan,nan,nan,nan,nan,nan,nan,nan,nan,nan,3.155361984134953
persistent_spike_block,flybrain,NVIDIA GeForce RTX 5090,2.11.0+cu128,12.8,default,0.00038162477337341094,,,,,,f04cbffec8a8bd6f,1,138639,256,1,15091983,108.85813515677407,flybrain,1,9783,163.19999046318512,1.499198844699568,0.4816346156348125,288.0,599.6199999999953,0.005,0.0056093861575747085,777.6796875,1113.0,1346,250466.59375,362315.5,374349,0.6824506688182636,0.6824506688182634,0.588000599369442,1.7307897089699928,sampled_16_timesteps_max_2048_sources,best_effort,0.9521484375,0.005,0.005609386134892702,0.000609386134892702,True,12,SpMV,CUSPARSE_SPMV_ALG_DEFAULT,,nan,torch_cuda_event,gpu_execution,full_rsnn,device_native,independent_inference,full_fusion,"(256, 1, 138639)","(256, 1, 138639)",138639,138639,1,1,BN,event_csr,event_csr,dense_to_events_precomputed,False,True,True,0,torch.int32,torch.float32,torch.float32,windowed_events,,,False,False,False,False,False,False,1.0,3685120,123820228,123820228,0,0,False,unknown,unknown,unknown,unknown,unknown,,4.49411201;4.46771193;4.44883204;4.46566391;4.44979191;4.46979189;4.4537921;4.46259212;4.45180798;4.46556807;4.45692778;4.46147203;4.45292807;4.4696641;4.4512639;4.46464014;4.44665623;4.46147203;4.4523201;4.46358395,20,4.460529613494873,0.010815837151519715,4.446656227111816,4.494112014770508,passed_causal_masked_state,2,5.6351387416239296e-08,0.01703101396560669,5.1856040954589844e-05,0.08438781648874283,0.010263816453516483,0.0016837908187881112,0.0020145424641668797,138445,194,causal_masked_state,passed_causal_masked_state,,4.461472034454346,nan,nan,nan,nan,nan,nan,9.027886731894851,nan,nan,nan,9.027886731894851
cusparse_direct_cudagraph,flybrain,NVIDIA GeForce RTX 5090,2.11.0+cu128,12.8,default,0.00038162477337341094,,,,,,00dd4cf1ee643b9b,1,138639,256,1,15091983,108.85813515677407,flybrain,1,9783,163.19999046318512,1.499198844699568,0.4816346156348125,288.0,599.6199999999953,0.01,0.010370599407453891,1437.76953125,1621.0,2421,357028.85546875,408622.0,435113,0.8083919629069201,0.8083919629069198,0.1936979012086727,1.683858189632922,sampled_16_timesteps_max_2048_sources,converged,1.0009765625,0.01,0.01037059910595417,0.00037059910595417,True,12,SpMV,CUSPARSE_SPMV_ALG_DEFAULT,,nan,torch_cuda_event,gpu_execution,full_rsnn,device_native,independent_inference,sparse_only,"(256, 1, 138639)","(256, 1, 138639)",138639,138639,1,1,BN,csr_post_by_pre,csr_post_by_pre,none,False,False,True,0,torch.int32,torch.float32,torch.float32,dense,,,False,False,False,False,False,True,1.0,58960,406886764,406886764,0,0,False,unknown,unknown,unknown,unknown,unknown,,40.2806396;40.2769279;40.2602577;40.2602577;40.2602234;40.2674255;40.2520638;40.2561264;40.2950706;40.2704964;40.2673912;40.2663689;40.2909775;40.2868805;40.2786865;40.2612801;40.2930222;40.2663994;40.2397766;40.2950706,20,40.271267127990725,0.015467375045339004,40.239776611328125,40.29507064819336,passed,0,0.0,3.0517578125e-05,9.5367431640625e-07,5.6113316531991586e-05,6.402747385436669e-05,5.6113316531991586e-05,6.402747385436669e-05,138639,0,full_state,passed,,40.26740837097168,nan,nan,nan,nan,nan,nan,1.0,nan,nan,nan,1.0
tilespmspv_cudagraph,flybrain,NVIDIA GeForce RTX 5090,2.11.0+cu128,12.8,default,0.00038162477337341094,,,,,,00dd4cf1ee643b9b,1,138639,256,1,15091983,108.85813515677407,flybrain,1,9783,163.19999046318512,1.499198844699568,0.4816346156348125,288.0,599.6199999999953,0.01,0.010370599407453891,1437.76953125,1621.0,2421,357028.85546875,408622.0,435113,0.8083919629069201,0.8083919629069198,0.1936979012086727,1.683858189632922,sampled_16_timesteps_max_2048_sources,converged,1.0009765625,0.01,0.01037059910595417,0.00037059910595417,True,12,SpMV,CUSPARSE_SPMV_ALG_DEFAULT,,nan,torch_cuda_event_cudagraph_replay,gpu_execution,full_rsnn,device_adapted,independent_inference,sparse_only,"(256, 1, 138639)","(256, 1, 138639)",138639,138639,1,1,BN,spmspv_csc_dense_device,spmspv_csc_dense_device,none,False,False,True,0,torch.int64,torch.float32,torch.float32,dense_device,,,False,False,False,False,False,True,1.0,554556,325842920,325842920,0,0,False,unknown,unknown,unknown,unknown,unknown,,7.03855991;7.02316809;7.03056002;7.02726412;7.02271986;7.01817608;7.03081608;7.02540779;7.02643204;7.026752;7.01673603;7.02220821;7.02739191;7.02531195;7.02838421;7.02531195;7.02940798;7.02425623;7.02940798;7.02732801,20,7.02628002166748,0.004699751723317201,7.016736030578613,7.038559913635254,passed,0,0.0,6.103515625e-05,2.86102294921875e-06,0.00015688256826251745,0.00014962549903430045,0.00015688256826251745,0.00014962549903430045,138639,0,full_state,passed,,7.026592016220093,nan,nan,nan,nan,nan,nan,nan,nan,nan,nan,5.730716722704111
globalatomic_cudagraph,flybrain,NVIDIA GeForce RTX 5090,2.11.0+cu128,12.8,default,0.00038162477337341094,,,,,,00dd4cf1ee643b9b,1,138639,256,1,15091983,108.85813515677407,flybrain,1,9783,163.19999046318512,1.499198844699568,0.4816346156348125,288.0,599.6199999999953,0.01,0.010370599407453891,1437.76953125,1621.0,2421,357028.85546875,408622.0,435113,0.8083919629069201,0.8083919629069198,0.1936979012086727,1.683858189632922,sampled_16_timesteps_max_2048_sources,converged,1.0009765625,0.01,0.01037059910595417,0.00037059910595417,True,12,SpMV,CUSPARSE_SPMV_ALG_DEFAULT,,nan,torch_cuda_event_cudagraph_replay,gpu_execution,full_rsnn,device_adapted,independent_inference,sparse_only,"(256, 1, 138639)","(256, 1, 138639)",138639,138639,1,1,BN,spmspv_csc_dense_device,spmspv_csc_dense_device,none,False,False,True,0,torch.int64,torch.float32,torch.float32,dense_device,,,False,False,False,False,False,True,1.0,554556,325842920,325842920,0,0,False,unknown,unknown,unknown,unknown,unknown,,11.0613756;11.0507202;11.0530558;11.0563202;11.0532484;11.053216;11.0492163;11.0542402;11.0552959;11.0518084;11.0531836;11.0588484;11.0557756;11.0598717;11.0588484;11.0537281;11.045536;11.0496321;11.0465603;11.0557756,20,11.053812837600708,0.004204873804009567,11.045536041259766,11.061375617980957,passed,0,0.0,6.866455078125e-05,2.86102294921875e-06,0.00017649288929533213,0.00015840434934943914,0.00017649288929533213,0.00015840434934943914,138639,0,full_state,passed,,11.05348825454712,nan,nan,nan,nan,nan,nan,nan,nan,nan,nan,3.642959348548338
vdha_cudagraph,flybrain,NVIDIA GeForce RTX 5090,2.11.0+cu128,12.8,default,0.00038162477337341094,,,,,,00dd4cf1ee643b9b,1,138639,256,1,15091983,108.85813515677407,flybrain,1,9783,163.19999046318512,1.499198844699568,0.4816346156348125,288.0,599.6199999999953,0.01,0.010370599407453891,1437.76953125,1621.0,2421,357028.85546875,408622.0,435113,0.8083919629069201,0.8083919629069198,0.1936979012086727,1.683858189632922,sampled_16_timesteps_max_2048_sources,converged,1.0009765625,0.01,0.01037059910595417,0.00037059910595417,True,12,SpMV,CUSPARSE_SPMV_ALG_DEFAULT,,nan,torch_cuda_event_cudagraph_replay,gpu_execution,full_rsnn,device_adapted,independent_inference,sparse_only,"(256, 1, 138639)","(256, 1, 138639)",138639,138639,1,1,BN,spmspv_csc_dense_device,spmspv_csc_dense_device,none,False,False,True,0,torch.int64,torch.float32,torch.float32,dense_device,,,False,False,False,False,False,True,1.0,554556,325842920,325842920,0,0,False,unknown,unknown,unknown,unknown,unknown,,12.9663038;12.9619522;12.9588156;12.9751682;12.967104;12.9661121;12.9669437;12.9716482;12.9692802;12.9750719;12.9711037;12.9682236;12.9676161;12.9629116;12.9696321;12.9675837;12.9706564;12.9757757;12.9757442;12.9757442,20,12.969169569015502,0.004835717965905359,12.958815574645996,12.975775718688965,passed,0,0.0,3.814697265625e-05,2.384185791015625e-06,9.170336124952883e-05,0.00013520653010345995,9.170336124952883e-05,0.00013520653010345995,138639,0,full_state,passed,,12.968751907348633,nan,nan,nan,nan,nan,nan,nan,nan,nan,nan,3.1049563333966237
persistent_spike_block,flybrain,NVIDIA GeForce RTX 5090,2.11.0+cu128,12.8,default,0.00038162477337341094,,,,,,00dd4cf1ee643b9b,1,138639,256,1,15091983,108.85813515677407,flybrain,1,9783,163.19999046318512,1.499198844699568,0.4816346156348125,288.0,599.6199999999953,0.01,0.010370599407453891,1437.76953125,1621.0,2421,357028.85546875,408622.0,435113,0.8083919629069201,0.8083919629069198,0.1936979012086727,1.683858189632922,sampled_16_timesteps_max_2048_sources,converged,1.0009765625,0.01,0.01037059910595417,0.00037059910595417,True,12,SpMV,CUSPARSE_SPMV_ALG_DEFAULT,,nan,torch_cuda_event,gpu_execution,full_rsnn,device_native,independent_inference,full_fusion,"(256, 1, 138639)","(256, 1, 138639)",138639,138639,1,1,BN,event_csr,event_csr,dense_to_events_precomputed,False,True,True,0,torch.int32,torch.float32,torch.float32,windowed_events,,,False,False,False,False,False,False,1.0,3685120,123820228,123820228,0,0,False,unknown,unknown,unknown,unknown,unknown,,5.32841587;5.27308798;5.27670383;5.2638402;5.2787199;5.2638402;5.27270412;5.26787186;5.270432;5.27206421;5.27267218;5.26070404;5.27055979;5.25356817;5.26851177;5.27318382;5.27055979;5.26598406;5.26643181;5.26950407,20,5.271967983245849,0.014442787304503912,5.253568172454834,5.328415870666504,passed_causal_masked_state,4796,0.00013513062702414183,0.9993727803230286,0.18480730056762695,4.996835708618164,24.939109802246094,0.00020273897098377347,0.0003209734568372369,48943,89696,causal_masked_state,passed_causal_masked_state,,5.270495891571045,nan,nan,nan,nan,nan,nan,7.640155537426793,nan,nan,nan,7.640155537426793
cusparse_direct_cudagraph,flybrain,NVIDIA GeForce RTX 5090,2.11.0+cu128,12.8,default,0.00038162477337341094,,,,,,53df2e35bb87dfe2,1,138639,256,1,15091983,108.85813515677407,flybrain,1,9783,163.19999046318512,1.499198844699568,0.4816346156348125,288.0,599.6199999999953,0.02,0.020144944784656553,2792.875,3092.75,3677,575934.76171875,613006.0,650092,0.7776994198837818,0.7776994198837819,0.07906612221537693,1.3165644720941683,sampled_16_timesteps_max_2048_sources,converged,2.05078125,0.02,0.02014494501054287,0.00014494501054286915,True,12,SpMV,CUSPARSE_SPMV_ALG_DEFAULT,,nan,torch_cuda_event,gpu_execution,full_rsnn,device_native,independent_inference,sparse_only,"(256, 1, 138639)","(256, 1, 138639)",138639,138639,1,1,BN,csr_post_by_pre,csr_post_by_pre,none,False,False,True,0,torch.int32,torch.float32,torch.float32,dense,,,False,False,False,False,False,True,1.0,58960,406886764,406886764,0,0,False,unknown,unknown,unknown,unknown,unknown,,40.3268814;40.2563858;40.284832;40.2684479;40.2786865;40.2940483;40.2704964;40.2725105;40.2766418;40.2909775;40.2940483;40.2950706;40.2704964;40.2643509;40.2786865;40.2838097;40.2459183;40.2786865;40.2623024;40.2643509,20,40.27788143157959,0.017467449933030014,40.24591827392578,40.326881408691406,passed,0,0.0,1.52587890625e-05,9.5367431640625e-07,4.2784169636433944e-05,6.186223617987707e-05,4.2784169636433944e-05,6.186223617987707e-05,138639,0,full_state,passed,,40.27766418457031,nan,nan,nan,nan,nan,nan,1.0,nan,nan,nan,1.0
tilespmspv_cudagraph,flybrain,NVIDIA GeForce RTX 5090,2.11.0+cu128,12.8,default,0.00038162477337341094,,,,,,53df2e35bb87dfe2,1,138639,256,1,15091983,108.85813515677407,flybrain,1,9783,163.19999046318512,1.499198844699568,0.4816346156348125,288.0,599.6199999999953,0.02,0.020144944784656553,2792.875,3092.75,3677,575934.76171875,613006.0,650092,0.7776994198837818,0.7776994198837819,0.07906612221537693,1.3165644720941683,sampled_16_timesteps_max_2048_sources,converged,2.05078125,0.02,0.02014494501054287,0.00014494501054286915,True,12,SpMV,CUSPARSE_SPMV_ALG_DEFAULT,,nan,torch_cuda_event_cudagraph_replay,gpu_execution,full_rsnn,device_adapted,independent_inference,sparse_only,"(256, 1, 138639)","(256, 1, 138639)",138639,138639,1,1,BN,spmspv_csc_dense_device,spmspv_csc_dense_device,none,False,False,True,0,torch.int64,torch.float32,torch.float32,dense_device,,,False,False,False,False,False,True,1.0,554556,325842920,325842920,0,0,False,unknown,unknown,unknown,unknown,unknown,,7.39462423;7.37891197;7.37910414;7.38435221;7.3858881;7.38883209;7.37910414;7.37462378;7.37552023;7.370368;7.3811841;7.376544;7.37961578;7.38467216;7.38575983;7.37859201;7.3714242;7.38064003;7.38575983;7.376544,20,7.380603241920471,0.005948455599416434,7.370368003845215,7.39462423324585,passed,0,0.0,6.103515625e-05,2.86102294921875e-06,0.00013633101480081677,0.00019819257431663573,0.00013633101480081677,0.00019819257431663573,138639,0,full_state,passed,,7.37935996055603,nan,nan,nan,nan,nan,nan,nan,nan,nan,nan,5.45815143858837
globalatomic_cudagraph,flybrain,NVIDIA GeForce RTX 5090,2.11.0+cu128,12.8,default,0.00038162477337341094,,,,,,53df2e35bb87dfe2,1,138639,256,1,15091983,108.85813515677407,flybrain,1,9783,163.19999046318512,1.499198844699568,0.4816346156348125,288.0,599.6199999999953,0.02,0.020144944784656553,2792.875,3092.75,3677,575934.76171875,613006.0,650092,0.7776994198837818,0.7776994198837819,0.07906612221537693,1.3165644720941683,sampled_16_timesteps_max_2048_sources,converged,2.05078125,0.02,0.02014494501054287,0.00014494501054286915,True,12,SpMV,CUSPARSE_SPMV_ALG_DEFAULT,,nan,torch_cuda_event_cudagraph_replay,gpu_execution,full_rsnn,device_adapted,independent_inference,sparse_only,"(256, 1, 138639)","(256, 1, 138639)",138639,138639,1,1,BN,spmspv_csc_dense_device,spmspv_csc_dense_device,none,False,False,True,0,torch.int64,torch.float32,torch.float32,dense_device,,,False,False,False,False,False,True,1.0,554556,325842920,325842920,0,0,False,unknown,unknown,unknown,unknown,unknown,,11.04496;11.0333443;11.0368958;11.0359039;11.0347519;11.0308161;11.0388479;11.0359364;11.031456;11.0305281;11.0347519;11.0363197;11.0332479;11.037344;11.0312004;11.0363197;11.037344;11.0312004;11.0352964;11.0342722,20,11.035036849975587,0.0033968247417536703,11.03052806854248,11.044960021972656,passed,0,0.0,6.866455078125e-05,3.814697265625e-06,0.00017528273747302592,0.00020368288096506149,0.00017528273747302592,0.00020368288096506149,138639,0,full_state,passed,,11.035024166107178,nan,nan,nan,nan,nan,nan,nan,nan,nan,nan,3.649984230055298
vdha_cudagraph,flybrain,NVIDIA GeForce RTX 5090,2.11.0+cu128,12.8,default,0.00038162477337341094,,,,,,53df2e35bb87dfe2,1,138639,256,1,15091983,108.85813515677407,flybrain,1,9783,163.19999046318512,1.499198844699568,0.4816346156348125,288.0,599.6199999999953,0.02,0.020144944784656553,2792.875,3092.75,3677,575934.76171875,613006.0,650092,0.7776994198837818,0.7776994198837819,0.07906612221537693,1.3165644720941683,sampled_16_timesteps_max_2048_sources,converged,2.05078125,0.02,0.02014494501054287,0.00014494501054286915,True,12,SpMV,CUSPARSE_SPMV_ALG_DEFAULT,,nan,torch_cuda_event_cudagraph_replay,gpu_execution,full_rsnn,device_adapted,independent_inference,sparse_only,"(256, 1, 138639)","(256, 1, 138639)",138639,138639,1,1,BN,spmspv_csc_dense_device,spmspv_csc_dense_device,none,False,False,True,0,torch.int64,torch.float32,torch.float32,dense_device,,,False,False,False,False,False,True,1.0,554556,325842920,325842920,0,0,False,unknown,unknown,unknown,unknown,unknown,,13.3340158;13.2751036;13.2723198;13.2812796;13.2790403;13.2807684;13.2832956;13.2727356;13.2681284;13.2732162;13.2741117;13.2728004;13.2854719;13.2702723;13.2747841;13.2696638;13.2747841;13.2686396;13.2736959;13.2706881,20,13.27774076461792,0.01410517306176302,13.268128395080566,13.334015846252441,passed,0,0.0,3.0517578125e-05,1.9073486328125e-06,8.574102685088292e-05,0.00013369468797463924,8.574102685088292e-05,0.00013369468797463924,138639,0,full_state,passed,,13.273903846740723,nan,nan,nan,nan,nan,nan,nan,nan,nan,nan,3.034349551542073
persistent_spike_block,flybrain,NVIDIA GeForce RTX 5090,2.11.0+cu128,12.8,default,0.00038162477337341094,,,,,,53df2e35bb87dfe2,1,138639,256,1,15091983,108.85813515677407,flybrain,1,9783,163.19999046318512,1.499198844699568,0.4816346156348125,288.0,599.6199999999953,0.02,0.020144944784656553,2792.875,3092.75,3677,575934.76171875,613006.0,650092,0.7776994198837818,0.7776994198837819,0.07906612221537693,1.3165644720941683,sampled_16_timesteps_max_2048_sources,converged,2.05078125,0.02,0.02014494501054287,0.00014494501054286915,True,12,SpMV,CUSPARSE_SPMV_ALG_DEFAULT,,nan,torch_cuda_event,gpu_execution,full_rsnn,device_native,independent_inference,full_fusion,"(256, 1, 138639)","(256, 1, 138639)",138639,138639,1,1,BN,event_csr,event_csr,dense_to_events_precomputed,False,True,True,0,torch.int32,torch.float32,torch.float32,windowed_events,,,False,False,False,False,False,False,1.0,3685120,123820228,123820228,0,0,False,unknown,unknown,unknown,unknown,unknown,,6.07174397;6.01087999;6.01747179;6.01711988;6.01440001;6.01897621;6.01535988;6.02617598;6.01126385;6.01497602;6.01958418;6.01488018;6.01542377;6.02121592;6.01644802;6.00572777;6.0112958;6.0252161;6.02313614;6.01599979,20,6.019364762306213,0.013287900768310006,6.005727767944336,6.071743965148926,passed_causal_masked_state,17258,0.0004862561220147289,1.0712107419967651,0.2314593493938446,5.306459426879883,44.730873107910156,0.00010590919555397704,0.00018016925605479628,43028,95611,causal_masked_state,passed_causal_masked_state,,6.016223907470703,nan,nan,nan,nan,nan,nan,6.694841283176835,nan,nan,nan,6.694841283176835
cusparse_direct_cudagraph,flybrain,NVIDIA GeForce RTX 5090,2.11.0+cu128,12.8,default,0.00038162477337341094,,,,,,a2805b2db3614840,1,138639,256,1,15091983,108.85813515677407,flybrain,1,9783,163.19999046318512,1.499198844699568,0.4816346156348125,288.0,599.6199999999953,0.05,0.049944488248256265,6924.25390625,7067.75,11438,1141329.02734375,1184368.25,1598517,0.7186986722266369,0.7186986722266369,0.10845849535059833,1.651874722513538,sampled_16_timesteps_max_2048_sources,converged,5.4931640625,0.05,0.04994448646903038,5.5513530969622527e-05,True,12,SpMV,CUSPARSE_SPMV_ALG_DEFAULT,,nan,torch_cuda_event,gpu_execution,full_rsnn,device_native,independent_inference,sparse_only,"(256, 1, 138639)","(256, 1, 138639)",138639,138639,1,1,BN,csr_post_by_pre,csr_post_by_pre,none,False,False,True,0,torch.int32,torch.float32,torch.float32,dense,,,False,False,False,False,False,True,1.0,58960,406886764,406886764,0,0,False,unknown,unknown,unknown,unknown,unknown,,40.2941742;40.3076782;40.2602577;40.2643204;40.2479668;40.2653427;40.2561607;40.288929;40.2766418;40.278656;40.2735672;40.2663994;40.2622719;40.2602577;40.2766418;40.2632942;40.2561607;40.280735;40.2663994;40.2827835,20,40.2714319229126,0.014543552204478586,40.24796676635742,40.30767822265625,passed,0,0.0,1.52587890625e-05,1.9073486328125e-06,4.684104715124704e-05,8.482120028929785e-05,4.684104715124704e-05,8.482120028929785e-05,138639,0,full_state,passed,,40.26639938354492,nan,nan,nan,nan,nan,nan,1.0,nan,nan,nan,1.0
tilespmspv_cudagraph,flybrain,NVIDIA GeForce RTX 5090,2.11.0+cu128,12.8,default,0.00038162477337341094,,,,,,a2805b2db3614840,1,138639,256,1,15091983,108.85813515677407,flybrain,1,9783,163.19999046318512,1.499198844699568,0.4816346156348125,288.0,599.6199999999953,0.05,0.049944488248256265,6924.25390625,7067.75,11438,1141329.02734375,1184368.25,1598517,0.7186986722266369,0.7186986722266369,0.10845849535059833,1.651874722513538,sampled_16_timesteps_max_2048_sources,converged,5.4931640625,0.05,0.04994448646903038,5.5513530969622527e-05,True,12,SpMV,CUSPARSE_SPMV_ALG_DEFAULT,,nan,torch_cuda_event_cudagraph_replay,gpu_execution,full_rsnn,device_adapted,independent_inference,sparse_only,"(256, 1, 138639)","(256, 1, 138639)",138639,138639,1,1,BN,spmspv_csc_dense_device,spmspv_csc_dense_device,none,False,False,True,0,torch.int64,torch.float32,torch.float32,dense_device,,,False,False,False,False,False,True,1.0,554556,325842920,325842920,0,0,False,unknown,unknown,unknown,unknown,unknown,,8.6239996;8.61164761;8.62787247;8.60739231;8.62784004;8.59516811;8.61343956;8.61564827;8.61145592;8.6206398;8.62127972;8.61353588;8.61763191;8.61558437;8.61763191;8.61148834;8.61148834;8.6196804;8.62275219;8.61558437,20,8.616088056564331,0.007470314119693906,8.595168113708496,8.627872467041016,passed,0,0.0,0.0001220703125,5.7220458984375e-06,0.0001458759215893224,0.0002547857875470072,0.0001458759215893224,0.0002547857875470072,138639,0,full_state,passed,,8.61561632156372,nan,nan,nan,nan,nan,nan,nan,nan,nan,nan,4.673652804473614
globalatomic_cudagraph,flybrain,NVIDIA GeForce RTX 5090,2.11.0+cu128,12.8,default,0.00038162477337341094,,,,,,a2805b2db3614840,1,138639,256,1,15091983,108.85813515677407,flybrain,1,9783,163.19999046318512,1.499198844699568,0.4816346156348125,288.0,599.6199999999953,0.05,0.049944488248256265,6924.25390625,7067.75,11438,1141329.02734375,1184368.25,1598517,0.7186986722266369,0.7186986722266369,0.10845849535059833,1.651874722513538,sampled_16_timesteps_max_2048_sources,converged,5.4931640625,0.05,0.04994448646903038,5.5513530969622527e-05,True,12,SpMV,CUSPARSE_SPMV_ALG_DEFAULT,,nan,torch_cuda_event_cudagraph_replay,gpu_execution,full_rsnn,device_adapted,independent_inference,sparse_only,"(256, 1, 138639)","(256, 1, 138639)",138639,138639,1,1,BN,spmspv_csc_dense_device,spmspv_csc_dense_device,none,False,False,True,0,torch.int64,torch.float32,torch.float32,dense_device,,,False,False,False,False,False,True,1.0,554556,325842920,325842920,0,0,False,unknown,unknown,unknown,unknown,unknown,,11.0830078;11.072896;11.0762882;11.0808315;11.0717115;11.0736961;11.0797119;11.0815039;11.0798082;11.0844803;11.089056;11.0864964;11.0824003;11.0824003;11.0854721;11.0844479;11.0844479;11.0813761;11.0864964;11.0824003,20,11.08144645690918,0.004691173125948063,11.071711540222168,11.089056015014648,passed,0,0.0,9.1552734375e-05,5.7220458984375e-06,0.00015253132733050734,0.00023175112437456846,0.00015253132733050734,0.00023175112437456846,138639,0,full_state,passed,,11.08240032196045,nan,nan,nan,nan,nan,nan,nan,nan,nan,nan,3.633364452983584
vdha_cudagraph,flybrain,NVIDIA GeForce RTX 5090,2.11.0+cu128,12.8,default,0.00038162477337341094,,,,,,a2805b2db3614840,1,138639,256,1,15091983,108.85813515677407,flybrain,1,9783,163.19999046318512,1.499198844699568,0.4816346156348125,288.0,599.6199999999953,0.05,0.049944488248256265,6924.25390625,7067.75,11438,1141329.02734375,1184368.25,1598517,0.7186986722266369,0.7186986722266369,0.10845849535059833,1.651874722513538,sampled_16_timesteps_max_2048_sources,converged,5.4931640625,0.05,0.04994448646903038,5.5513530969622527e-05,True,12,SpMV,CUSPARSE_SPMV_ALG_DEFAULT,,nan,torch_cuda_event_cudagraph_replay,gpu_execution,full_rsnn,device_adapted,independent_inference,sparse_only,"(256, 1, 138639)","(256, 1, 138639)",138639,138639,1,1,BN,spmspv_csc_dense_device,spmspv_csc_dense_device,none,False,False,True,0,torch.int64,torch.float32,torch.float32,dense_device,,,False,False,False,False,False,True,1.0,554556,325842920,325842920,0,0,False,unknown,unknown,unknown,unknown,unknown,,15.3668156;15.3554564;15.442112;15.3615999;15.4445438;15.4477758;15.3641281;15.4405756;15.4450884;15.360672;15.4319038;15.3634558;15.4481277;15.4359999;15.3596478;15.3585596;15.4425917;15.4415684;15.3504324;15.4425917,20,15.405182313919067,0.04211507019582617,15.350432395935059,15.448127746582031,passed,0,0.0,6.103515625e-05,3.814697265625e-06,0.0001285646139876917,0.00020665676856879145,0.0001285646139876917,0.00020665676856879145,138639,0,full_state,passed,,15.43395185470581,nan,nan,nan,nan,nan,nan,nan,nan,nan,nan,2.608949396927638
persistent_spike_block,flybrain,NVIDIA GeForce RTX 5090,2.11.0+cu128,12.8,default,0.00038162477337341094,,,,,,a2805b2db3614840,1,138639,256,1,15091983,108.85813515677407,flybrain,1,9783,163.19999046318512,1.499198844699568,0.4816346156348125,288.0,599.6199999999953,0.05,0.049944488248256265,6924.25390625,7067.75,11438,1141329.02734375,1184368.25,1598517,0.7186986722266369,0.7186986722266369,0.10845849535059833,1.651874722513538,sampled_16_timesteps_max_2048_sources,converged,5.4931640625,0.05,0.04994448646903038,5.5513530969622527e-05,True,12,SpMV,CUSPARSE_SPMV_ALG_DEFAULT,,nan,torch_cuda_event,gpu_execution,full_rsnn,device_native,independent_inference,full_fusion,"(256, 1, 138639)","(256, 1, 138639)",138639,138639,1,1,BN,event_csr,event_csr,dense_to_events_precomputed,False,True,True,0,torch.int32,torch.float32,torch.float32,windowed_events,,,False,False,False,False,False,False,1.0,3685120,123820228,123820228,0,0,False,unknown,unknown,unknown,unknown,unknown,,7.62249613;7.61900806;7.58979177;7.63027191;7.59913588;7.62515211;7.59702396;7.6220479;7.60422421;7.6231041;7.60009623;7.6220479;7.5888319;7.61897612;7.58067179;7.61900806;7.604352;7.62012815;7.58780813;7.61647987,20,7.609532809257507,0.015044863272967456,7.580671787261963,7.630271911621094,passed_causal_masked_state,1369,3.85725246864158e-05,0.9997695088386536,0.12353305518627167,4.998843669891357,23.158056259155273,0.0010961195221170783,0.0014317500172182918,77994,60645,causal_masked_state,passed_causal_masked_state,,7.617727994918823,nan,nan,nan,nan,nan,nan,5.2858804371071555,nan,nan,nan,5.2858804371071555
cusparse_direct_cudagraph,flybrain,NVIDIA GeForce RTX 5090,2.11.0+cu128,12.8,default,0.00038162477337341094,,,,,,04cf8f5dea054a64,1,138639,256,1,15091983,108.85813515677407,flybrain,1,9783,163.19999046318512,1.499198844699568,0.4816346156348125,288.0,599.6199999999953,0.1,0.10002636117903331,13867.5546875,13964.5,23012,2027637.66796875,2144375.25,2996208,0.6876723021886988,0.687672302188699,0.12202838014258226,1.6594129620229774,sampled_16_timesteps_max_2048_sources,converged,12.451171875,0.1,0.10002636164426804,2.6361644268030338e-05,True,12,SpMV,CUSPARSE_SPMV_ALG_DEFAULT,,nan,torch_cuda_event,gpu_execution,full_rsnn,device_native,independent_inference,sparse_only,"(256, 1, 138639)","(256, 1, 138639)",138639,138639,1,1,BN,csr_post_by_pre,csr_post_by_pre,none,False,False,True,0,torch.int32,torch.float32,torch.float32,dense,,,False,False,False,False,False,True,1.0,58960,406886764,406886764,0,0,False,unknown,unknown,unknown,unknown,unknown,,40.3179512;40.2768974;40.2786865;40.2725449;40.3012161;40.2776642;40.2868805;40.2930222;40.288929;40.2766418;40.2797127;40.2950706;40.3114548;40.2930222;40.2879028;40.2971191;40.288929;40.2909775;40.2868805;40.2694702,20,40.28854866027832,0.01237418634949285,40.26947021484375,40.31795120239258,passed_causal_masked_state,1955,5.5083481199373914e-05,0.9999642372131348,0.1238851547241211,4.9933390617370605,21.844871520996094,4.148261359659955e-05,4.7110544983297586e-05,104745,33894,causal_masked_state,passed_causal_masked_state,,40.28841590881348,nan,nan,nan,nan,nan,nan,1.0,nan,nan,nan,1.0
tilespmspv_cudagraph,flybrain,NVIDIA GeForce RTX 5090,2.11.0+cu128,12.8,default,0.00038162477337341094,,,,,,04cf8f5dea054a64,1,138639,256,1,15091983,108.85813515677407,flybrain,1,9783,163.19999046318512,1.499198844699568,0.4816346156348125,288.0,599.6199999999953,0.1,0.10002636117903331,13867.5546875,13964.5,23012,2027637.66796875,2144375.25,2996208,0.6876723021886988,0.687672302188699,0.12202838014258226,1.6594129620229774,sampled_16_timesteps_max_2048_sources,converged,12.451171875,0.1,0.10002636164426804,2.6361644268030338e-05,True,12,SpMV,CUSPARSE_SPMV_ALG_DEFAULT,,nan,torch_cuda_event_cudagraph_replay,gpu_execution,full_rsnn,device_adapted,independent_inference,sparse_only,"(256, 1, 138639)","(256, 1, 138639)",138639,138639,1,1,BN,spmspv_csc_dense_device,spmspv_csc_dense_device,none,False,False,True,0,torch.int64,torch.float32,torch.float32,dense_device,,,False,False,False,False,False,True,1.0,554556,325842920,325842920,0,0,False,unknown,unknown,unknown,unknown,unknown,,11.0534401;11.035264;11.0414076;11.0403519;11.0395517;11.0413122;11.0373116;11.0424957;11.0311356;11.0332804;11.0328321;11.0281277;11.0496321;11.0352964;11.0271044;11.0322237;11.04144;11.0250559;11.0434875;11.0281277,20,11.036943912506104,0.007504392635140467,11.025055885314941,11.05344009399414,passed_causal_masked_state,204,5.747841516456408e-06,0.5401188135147095,0.0044727325439453125,2.6904354095458984,0.5190169215202332,0.0004120526136830449,0.0007267146138474345,134752,3887,causal_masked_state,passed_causal_masked_state,,11.036303997039795,nan,nan,nan,nan,nan,nan,nan,nan,nan,nan,3.6505351718854255
globalatomic_cudagraph,flybrain,NVIDIA GeForce RTX 5090,2.11.0+cu128,12.8,default,0.00038162477337341094,,,,,,04cf8f5dea054a64,1,138639,256,1,15091983,108.85813515677407,flybrain,1,9783,163.19999046318512,1.499198844699568,0.4816346156348125,288.0,599.6199999999953,0.1,0.10002636117903331,13867.5546875,13964.5,23012,2027637.66796875,2144375.25,2996208,0.6876723021886988,0.687672302188699,0.12202838014258226,1.6594129620229774,sampled_16_timesteps_max_2048_sources,converged,12.451171875,0.1,0.10002636164426804,2.6361644268030338e-05,True,12,SpMV,CUSPARSE_SPMV_ALG_DEFAULT,,nan,torch_cuda_event_cudagraph_replay,gpu_execution,full_rsnn,device_adapted,independent_inference,sparse_only,"(256, 1, 138639)","(256, 1, 138639)",138639,138639,1,1,BN,spmspv_csc_dense_device,spmspv_csc_dense_device,none,False,False,True,0,torch.int64,torch.float32,torch.float32,dense_device,,,False,False,False,False,False,True,1.0,554556,325842920,325842920,0,0,False,unknown,unknown,unknown,unknown,unknown,,11.7832956;11.7718716;11.7664957;11.76752;11.7735043;11.77456;11.7716799;11.7642241;11.7734718;11.7735996;11.770112;11.7756481;11.7705278;11.7756481;11.7776957;11.7705278;11.7776957;11.7684803;11.7695036;11.7695036,20,11.772278261184692,0.004441350478713758,11.7642240524292,11.783295631408691,passed_causal_masked_state,8,2.2540554966495719e-07,0.0004724264144897461,2.288818359375e-05,0.0023448707070201635,0.0007583108963444829,0.0003605460515245795,0.0007583108963444829,137914,725,causal_masked_state,passed_causal_masked_state,,11.771775722503662,nan,nan,nan,nan,nan,nan,nan,nan,nan,nan,3.422458672211672
vdha_cudagraph,flybrain,NVIDIA GeForce RTX 5090,2.11.0+cu128,12.8,default,0.00038162477337341094,,,,,,04cf8f5dea054a64,1,138639,256,1,15091983,108.85813515677407,flybrain,1,9783,163.19999046318512,1.499198844699568,0.4816346156348125,288.0,599.6199999999953,0.1,0.10002636117903331,13867.5546875,13964.5,23012,2027637.66796875,2144375.25,2996208,0.6876723021886988,0.687672302188699,0.12202838014258226,1.6594129620229774,sampled_16_timesteps_max_2048_sources,converged,12.451171875,0.1,0.10002636164426804,2.6361644268030338e-05,True,12,SpMV,CUSPARSE_SPMV_ALG_DEFAULT,,nan,torch_cuda_event_cudagraph_replay,gpu_execution,full_rsnn,device_adapted,independent_inference,sparse_only,"(256, 1, 138639)","(256, 1, 138639)",138639,138639,1,1,BN,spmspv_csc_dense_device,spmspv_csc_dense_device,none,False,False,True,0,torch.int64,torch.float32,torch.float32,dense_device,,,False,False,False,False,False,True,1.0,554556,325842920,325842920,0,0,False,unknown,unknown,unknown,unknown,unknown,,18.974144;18.9408646;18.9523201;18.9502087;18.9466877;18.9487991;18.9544315;18.9507523;18.9747524;18.9566727;18.9481926;18.9543362;18.9503365;18.9421768;18.9426231;18.9590073;18.9610558;18.9528008;18.9528637;18.9835529,20,18.954828929901122,0.01118804664127485,18.94086456298828,18.983552932739258,passed_causal_masked_state,8,2.2540554966495719e-07,0.01073184609413147,1.1444091796875e-05,0.05349123850464821,0.00037915544817224145,0.00029093760531395674,0.00037915544817224145,138408,231,causal_masked_state,passed_causal_masked_state,,18.952560424804688,nan,nan,nan,nan,nan,nan,nan,nan,nan,nan,2.1257505585411507
persistent_spike_block,flybrain,NVIDIA GeForce RTX 5090,2.11.0+cu128,12.8,default,0.00038162477337341094,,,,,,04cf8f5dea054a64,1,138639,256,1,15091983,108.85813515677407,flybrain,1,9783,163.19999046318512,1.499198844699568,0.4816346156348125,288.0,599.6199999999953,0.1,0.10002636117903331,13867.5546875,13964.5,23012,2027637.66796875,2144375.25,2996208,0.6876723021886988,0.687672302188699,0.12202838014258226,1.6594129620229774,sampled_16_timesteps_max_2048_sources,converged,12.451171875,0.1,0.10002636164426804,2.6361644268030338e-05,True,12,SpMV,CUSPARSE_SPMV_ALG_DEFAULT,,nan,torch_cuda_event,gpu_execution,full_rsnn,device_native,independent_inference,full_fusion,"(256, 1, 138639)","(256, 1, 138639)",138639,138639,1,1,BN,event_csr,event_csr,dense_to_events_precomputed,False,True,True,0,torch.int32,torch.float32,torch.float32,windowed_events,,,False,False,False,False,False,False,1.0,3685120,123820228,123820228,0,0,False,unknown,unknown,unknown,unknown,unknown,,10.1156158;9.92255974;10.0806723;9.91443157;10.0725117;9.92054367;10.0960636;9.91222382;10.0898876;9.92054367;10.1186237;9.93484783;10.0817919;9.91744041;10.0990725;9.91027164;10.0827198;9.905056;10.0925436;9.90719986,20,10.004731035232544,0.09129639062940946,9.90505599975586,10.118623733520508,passed_causal_masked_state,2084,5.871814568772135e-05,0.9999631643295288,0.11790436506271362,4.99334192276001,21.83534049987793,0.004316525999456644,0.005434561055153608,102671,35968,causal_masked_state,passed_causal_masked_state,,10.003679752349854,nan,nan,nan,nan,nan,nan,4.027359622277969,nan,nan,nan,4.027359622277969
cusparse_direct_cudagraph,flybrain,NVIDIA GeForce RTX 5090,2.11.0+cu128,12.8,default,0.00038162477337341094,,,,,,81a0045f69ed2b48,1,138639,256,1,15091983,108.85813515677407,flybrain,1,9783,163.19999046318512,1.499198844699568,0.4816346156348125,288.0,599.6199999999953,0.2,0.19998245217795857,27725.3671875,29776.25,38148,3734239.94921875,4067670.5,4970895,0.6588840518017738,0.6588840518017736,0.12812087621849305,1.3759240677324212,sampled_16_timesteps_max_2048_sources,converged,33.30078125,0.2,0.1999824494123459,1.7550587654124872e-05,True,12,SpMV,CUSPARSE_SPMV_ALG_DEFAULT,,nan,torch_cuda_event,gpu_execution,full_rsnn,device_native,independent_inference,sparse_only,"(256, 1, 138639)","(256, 1, 138639)",138639,138639,1,1,BN,csr_post_by_pre,csr_post_by_pre,none,False,False,True,0,torch.int32,torch.float32,torch.float32,dense,,,False,False,False,False,False,True,1.0,58960,406886764,406886764,0,0,False,unknown,unknown,unknown,unknown,unknown,,40.3061447;40.2975349;40.2950706;40.3094063;40.2858543;40.284832;40.3012466;40.2930222;40.2868805;40.2960968;40.2868805;40.3073616;40.3196487;40.3052788;40.3124809;40.2950706;40.2868805;40.2971191;40.3114548;40.2756462,20,40.297695541381835,0.011339808366809164,40.2756462097168,40.31964874267578,passed_causal_masked_state,84,2.3667582714820506e-06,0.10143423080444336,0.001947164535522461,0.5058426260948181,0.2539488971233368,6.613934965571389e-05,7.497610931750387e-05,135648,2991,causal_masked_state,passed_causal_masked_state,,40.296607971191406,nan,nan,nan,nan,nan,nan,1.0,nan,nan,nan,1.0
tilespmspv_cudagraph,flybrain,NVIDIA GeForce RTX 5090,2.11.0+cu128,12.8,default,0.00038162477337341094,,,,,,81a0045f69ed2b48,1,138639,256,1,15091983,108.85813515677407,flybrain,1,9783,163.19999046318512,1.499198844699568,0.4816346156348125,288.0,599.6199999999953,0.2,0.19998245217795857,27725.3671875,29776.25,38148,3734239.94921875,4067670.5,4970895,0.6588840518017738,0.6588840518017736,0.12812087621849305,1.3759240677324212,sampled_16_timesteps_max_2048_sources,converged,33.30078125,0.2,0.1999824494123459,1.7550587654124872e-05,True,12,SpMV,CUSPARSE_SPMV_ALG_DEFAULT,,nan,torch_cuda_event_cudagraph_replay,gpu_execution,full_rsnn,device_adapted,independent_inference,sparse_only,"(256, 1, 138639)","(256, 1, 138639)",138639,138639,1,1,BN,spmspv_csc_dense_device,spmspv_csc_dense_device,none,False,False,True,0,torch.int64,torch.float32,torch.float32,dense_device,,,False,False,False,False,False,True,1.0,554556,325842920,325842920,0,0,False,unknown,unknown,unknown,unknown,unknown,,15.7614403;15.7565117;15.7288961;15.7462082;15.7391682;15.7446718;15.7410879;15.7529602;15.7307196;15.7509441;15.7615681;15.7426243;15.7579842;15.7487679;15.737504;15.7467203;15.7559357;15.7467203;15.7641277;15.7446718,20,15.747961616516113,0.00986975369485429,15.728896141052246,15.764127731323242,passed_causal_masked_state,16,4.5081109932991437e-07,0.053129613399505615,0.000530242919921875,0.26352715492248535,0.027786357328295708,0.0016742564039304852,0.0018313549226149917,138523,116,causal_masked_state,passed_causal_masked_state,,15.746720314025879,nan,nan,nan,nan,nan,nan,nan,nan,nan,nan,2.5590476726317744
globalatomic_cudagraph,flybrain,NVIDIA GeForce RTX 5090,2.11.0+cu128,12.8,default,0.00038162477337341094,,,,,,81a0045f69ed2b48,1,138639,256,1,15091983,108.85813515677407,flybrain,1,9783,163.19999046318512,1.499198844699568,0.4816346156348125,288.0,599.6199999999953,0.2,0.19998245217795857,27725.3671875,29776.25,38148,3734239.94921875,4067670.5,4970895,0.6588840518017738,0.6588840518017736,0.12812087621849305,1.3759240677324212,sampled_16_timesteps_max_2048_sources,converged,33.30078125,0.2,0.1999824494123459,1.7550587654124872e-05,True,12,SpMV,CUSPARSE_SPMV_ALG_DEFAULT,,nan,torch_cuda_event_cudagraph_replay,gpu_execution,full_rsnn,device_adapted,independent_inference,sparse_only,"(256, 1, 138639)","(256, 1, 138639)",138639,138639,1,1,BN,spmspv_csc_dense_device,spmspv_csc_dense_device,none,False,False,True,0,torch.int64,torch.float32,torch.float32,dense_device,,,False,False,False,False,False,True,1.0,554556,325842920,325842920,0,0,False,unknown,unknown,unknown,unknown,unknown,,16.8516808;16.8465595;16.8320961;16.8341751;16.83008;16.8280315;16.8322887;16.8299847;16.8382072;16.8423672;16.8419514;16.836256;16.8342075;16.8383045;16.8628807;16.8669758;16.8628807;16.8710728;16.8567352;16.8607674,20,16.844875144958497,0.01398614457806015,16.828031539916992,16.87107276916504,passed_causal_masked_state,16,4.5081109932991437e-07,0.053129494190216064,0.000530242919921875,0.26352658867836,0.027812497690320015,0.0017021606909111142,0.002042665146291256,138523,116,causal_masked_state,passed_causal_masked_state,,16.84012794494629,nan,nan,nan,nan,nan,nan,nan,nan,nan,nan,2.392892031635923
vdha_cudagraph,flybrain,NVIDIA GeForce RTX 5090,2.11.0+cu128,12.8,default,0.00038162477337341094,,,,,,81a0045f69ed2b48,1,138639,256,1,15091983,108.85813515677407,flybrain,1,9783,163.19999046318512,1.499198844699568,0.4816346156348125,288.0,599.6199999999953,0.2,0.19998245217795857,27725.3671875,29776.25,38148,3734239.94921875,4067670.5,4970895,0.6588840518017738,0.6588840518017736,0.12812087621849305,1.3759240677324212,sampled_16_timesteps_max_2048_sources,converged,33.30078125,0.2,0.1999824494123459,1.7550587654124872e-05,True,12,SpMV,CUSPARSE_SPMV_ALG_DEFAULT,,nan,torch_cuda_event_cudagraph_replay,gpu_execution,full_rsnn,device_adapted,independent_inference,sparse_only,"(256, 1, 138639)","(256, 1, 138639)",138639,138639,1,1,BN,spmspv_csc_dense_device,spmspv_csc_dense_device,none,False,False,True,0,torch.int64,torch.float32,torch.float32,dense_device,,,False,False,False,False,False,True,1.0,554556,325842920,325842920,0,0,False,unknown,unknown,unknown,unknown,unknown,,27.3032646;27.3086395;27.2876797;27.3087673;27.3102722;27.3081913;27.3144646;27.3025284;27.2999687;27.3164482;27.3040962;27.3103676;27.3143673;27.3124485;27.3046074;27.3209915;27.32304;27.3025608;27.3189449;27.32304,20,27.309734439849855,0.00874257628970921,27.28767967224121,27.323040008544922,passed_causal_masked_state,16,4.5081109932991437e-07,0.053129732608795166,0.000518798828125,0.2635277509689331,0.027812497690320015,0.0006976068252697587,0.0006879171705804765,138523,116,causal_masked_state,passed_causal_masked_state,,27.30951976776123,nan,nan,nan,nan,nan,nan,nan,nan,nan,nan,1.475551687245756
persistent_spike_block,flybrain,NVIDIA GeForce RTX 5090,2.11.0+cu128,12.8,default,0.00038162477337341094,,,,,,81a0045f69ed2b48,1,138639,256,1,15091983,108.85813515677407,flybrain,1,9783,163.19999046318512,1.499198844699568,0.4816346156348125,288.0,599.6199999999953,0.2,0.19998245217795857,27725.3671875,29776.25,38148,3734239.94921875,4067670.5,4970895,0.6588840518017738,0.6588840518017736,0.12812087621849305,1.3759240677324212,sampled_16_timesteps_max_2048_sources,converged,33.30078125,0.2,0.1999824494123459,1.7550587654124872e-05,True,12,SpMV,CUSPARSE_SPMV_ALG_DEFAULT,,nan,torch_cuda_event,gpu_execution,full_rsnn,device_native,independent_inference,full_fusion,"(256, 1, 138639)","(256, 1, 138639)",138639,138639,1,1,BN,event_csr,event_csr,dense_to_events_precomputed,False,True,True,0,torch.int32,torch.float32,torch.float32,windowed_events,,,False,False,False,False,False,False,1.0,3685120,123820228,123820228,0,0,False,unknown,unknown,unknown,unknown,unknown,,15.6426239;15.5454082;15.6041603;15.5524797;15.590848;15.5627518;15.5953598;15.5577917;15.5872641;15.5514879;15.5944319;15.5556479;15.5836802;15.5524797;15.5928965;15.56672;15.582592;15.5422401;15.5719357;15.5637436,20,15.57482714653015,0.024720539858039695,15.542240142822266,15.642623901367188,passed_causal_masked_state,353,9.946019878966236e-06,0.9993009567260742,0.05763065814971924,4.947060585021973,9.597086906433105,0.016949238255620003,0.01891772262752056,124083,14556,causal_masked_state,passed_causal_masked_state,,15.56932783126831,nan,nan,nan,nan,nan,nan,2.588204732272553,nan,nan,nan,2.588204732272553
cusparse_direct_cudagraph,flybrain,NVIDIA GeForce RTX 5090,2.11.0+cu128,12.8,default,0.00038162477337341094,,,,,,7d94e4a49d5ed71f,2,138639,256,1,15091983,108.85813515677407,flybrain,2,9783,163.19999046318512,1.499198844699568,0.4816346156348125,288.0,599.6199999999953,0.005,0.00584716083677753,810.64453125,1076.0,1296,258346.0625,356395.25,374352,0.6966630263624473,0.696663026362447,0.4945385712283109,1.5987278641127576,sampled_16_timesteps_max_2048_sources,best_effort,0.9033203125,0.005,0.005847160704433918,0.0008471607044339179,True,12,SpMV,CUSPARSE_SPMV_ALG_DEFAULT,,nan,torch_cuda_event,gpu_execution,full_rsnn,device_native,independent_inference,sparse_only,"(256, 1, 138639)","(256, 1, 138639)",138639,138639,1,1,BN,csr_post_by_pre,csr_post_by_pre,none,False,False,True,0,torch.int32,torch.float32,torch.float32,dense,,,False,False,False,False,False,True,1.0,58960,406886764,406886764,0,0,False,unknown,unknown,unknown,unknown,unknown,,40.2823982;40.2768631;40.280735;40.2725105;40.2602577;40.2756157;40.2561607;40.288929;40.2725449;40.2930222;40.2817612;40.2971191;40.2930222;40.2888947;40.284832;40.2858543;40.2684479;40.2704964;40.2602234;40.2643852,20,40.27770366668701,0.011943109875141045,40.256160736083984,40.297119140625,passed,0,0.0,1.52587890625e-05,9.5367431640625e-07,4.388472734717652e-05,6.290311284828931e-05,4.388472734717652e-05,6.290311284828931e-05,138639,0,full_state,passed,,40.278799057006836,nan,nan,nan,nan,nan,nan,1.0,nan,nan,nan,1.0
tilespmspv_cudagraph,flybrain,NVIDIA GeForce RTX 5090,2.11.0+cu128,12.8,default,0.00038162477337341094,,,,,,7d94e4a49d5ed71f,2,138639,256,1,15091983,108.85813515677407,flybrain,2,9783,163.19999046318512,1.499198844699568,0.4816346156348125,288.0,599.6199999999953,0.005,0.00584716083677753,810.64453125,1076.0,1296,258346.0625,356395.25,374352,0.6966630263624473,0.696663026362447,0.4945385712283109,1.5987278641127576,sampled_16_timesteps_max_2048_sources,best_effort,0.9033203125,0.005,0.005847160704433918,0.0008471607044339179,True,12,SpMV,CUSPARSE_SPMV_ALG_DEFAULT,,nan,torch_cuda_event_cudagraph_replay,gpu_execution,full_rsnn,device_adapted,independent_inference,sparse_only,"(256, 1, 138639)","(256, 1, 138639)",138639,138639,1,1,BN,spmspv_csc_dense_device,spmspv_csc_dense_device,none,False,False,True,0,torch.int64,torch.float32,torch.float32,dense_device,,,False,False,False,False,False,True,1.0,554556,325842920,325842920,0,0,False,unknown,unknown,unknown,unknown,unknown,,6.92022419;6.9069438;6.90659189;6.90745592;6.9101119;6.91276789;6.90755177;6.91625595;6.916224;6.91689587;6.91107178;6.91062403;6.91881609;6.90959978;6.91264009;6.91881609;6.91369581;6.91267204;6.90857601;6.91267204,20,6.912510347366333,0.004224629703521414,6.906591892242432,6.920224189758301,passed,0,0.0,6.103515625e-05,2.86102294921875e-06,0.00015776845975778997,0.00017583620501682162,0.00015776845975778997,0.00017583620501682162,138639,0,full_state,passed,,6.91265606880188,nan,nan,nan,nan,nan,nan,nan,nan,nan,nan,5.826819482426249
globalatomic_cudagraph,flybrain,NVIDIA GeForce RTX 5090,2.11.0+cu128,12.8,default,0.00038162477337341094,,,,,,7d94e4a49d5ed71f,2,138639,256,1,15091983,108.85813515677407,flybrain,2,9783,163.19999046318512,1.499198844699568,0.4816346156348125,288.0,599.6199999999953,0.005,0.00584716083677753,810.64453125,1076.0,1296,258346.0625,356395.25,374352,0.6966630263624473,0.696663026362447,0.4945385712283109,1.5987278641127576,sampled_16_timesteps_max_2048_sources,best_effort,0.9033203125,0.005,0.005847160704433918,0.0008471607044339179,True,12,SpMV,CUSPARSE_SPMV_ALG_DEFAULT,,nan,torch_cuda_event_cudagraph_replay,gpu_execution,full_rsnn,device_adapted,independent_inference,sparse_only,"(256, 1, 138639)","(256, 1, 138639)",138639,138639,1,1,BN,spmspv_csc_dense_device,spmspv_csc_dense_device,none,False,False,True,0,torch.int64,torch.float32,torch.float32,dense_device,,,False,False,False,False,False,True,1.0,554556,325842920,325842920,0,0,False,unknown,unknown,unknown,unknown,unknown,,11.0638084;11.0479364;11.0490875;11.0480957;11.0491524;11.0512962;11.0451517;11.0501757;11.0409603;11.0451202;11.0471039;11.0445118;11.0496321;11.0516796;11.0475836;11.0506563;11.0434875;11.045536;11.0465603;11.0496321,20,11.048358392715453,0.004582555166357022,11.040960311889648,11.06380844116211,passed,0,0.0,6.866455078125e-05,2.86102294921875e-06,0.00017748952086549252,0.00017583620501682162,0.00017748952086549252,0.00017583620501682162,138639,0,full_state,passed,,11.04801607131958,nan,nan,nan,nan,nan,nan,nan,nan,nan,nan,3.64579475599875
vdha_cudagraph,flybrain,NVIDIA GeForce RTX 5090,2.11.0+cu128,12.8,default,0.00038162477337341094,,,,,,7d94e4a49d5ed71f,2,138639,256,1,15091983,108.85813515677407,flybrain,2,9783,163.19999046318512,1.499198844699568,0.4816346156348125,288.0,599.6199999999953,0.005,0.00584716083677753,810.64453125,1076.0,1296,258346.0625,356395.25,374352,0.6966630263624473,0.696663026362447,0.4945385712283109,1.5987278641127576,sampled_16_timesteps_max_2048_sources,best_effort,0.9033203125,0.005,0.005847160704433918,0.0008471607044339179,True,12,SpMV,CUSPARSE_SPMV_ALG_DEFAULT,,nan,torch_cuda_event_cudagraph_replay,gpu_execution,full_rsnn,device_adapted,independent_inference,sparse_only,"(256, 1, 138639)","(256, 1, 138639)",138639,138639,1,1,BN,spmspv_csc_dense_device,spmspv_csc_dense_device,none,False,False,True,0,torch.int64,torch.float32,torch.float32,dense_device,,,False,False,False,False,False,True,1.0,554556,325842920,325842920,0,0,False,unknown,unknown,unknown,unknown,unknown,,13.2797441;12.746048;12.7439356;12.739872;12.7478724;12.7418556;12.7424955;12.7485123;12.7456961;12.7383041;12.7402563;12.7478724;12.7419205;12.7429762;12.7423038;12.7463999;12.7423038;12.7402563;12.7463999;12.7443199,20,12.770467233657836,0.11990699297243626,12.738304138183594,13.279744148254395,passed,0,0.0,3.0517578125e-05,1.9073486328125e-06,6.6478802182246e-05,0.00012580622569657862,6.6478802182246e-05,0.00012580622569657862,138639,0,full_state,passed,,12.74345588684082,nan,nan,nan,nan,nan,nan,nan,nan,nan,nan,3.160743789963571
persistent_spike_block,flybrain,NVIDIA GeForce RTX 5090,2.11.0+cu128,12.8,default,0.00038162477337341094,,,,,,7d94e4a49d5ed71f,2,138639,256,1,15091983,108.85813515677407,flybrain,2,9783,163.19999046318512,1.499198844699568,0.4816346156348125,288.0,599.6199999999953,0.005,0.00584716083677753,810.64453125,1076.0,1296,258346.0625,356395.25,374352,0.6966630263624473,0.696663026362447,0.4945385712283109,1.5987278641127576,sampled_16_timesteps_max_2048_sources,best_effort,0.9033203125,0.005,0.005847160704433918,0.0008471607044339179,True,12,SpMV,CUSPARSE_SPMV_ALG_DEFAULT,,nan,torch_cuda_event,gpu_execution,full_rsnn,device_native,independent_inference,full_fusion,"(256, 1, 138639)","(256, 1, 138639)",138639,138639,1,1,BN,event_csr,event_csr,dense_to_events_precomputed,False,True,True,0,torch.int32,torch.float32,torch.float32,windowed_events,,,False,False,False,False,False,False,1.0,3685120,123820228,123820228,0,0,False,unknown,unknown,unknown,unknown,unknown,,4.57961607;4.54489613;4.54556799;4.5459199;4.53532791;4.54387188;4.54454422;4.54803181;4.53740788;4.53977585;4.54345608;4.54899216;4.54348803;4.55215979;4.54345608;4.54192019;4.54355192;4.55321598;4.54758406;4.54655981,20,4.546467185020447,0.008908898933412037,4.535327911376953,4.579616069793701,passed,0,0.0,0.0008544921875,4.673004150390625e-05,0.0015731353778392076,0.0020144188310950994,0.0015731353778392076,0.0020144188310950994,138639,0,full_state,passed,,4.54472017288208,nan,nan,nan,nan,nan,nan,8.862767678711368,nan,nan,nan,8.862767678711368
cusparse_direct_cudagraph,flybrain,NVIDIA GeForce RTX 5090,2.11.0+cu128,12.8,default,0.00038162477337341094,,,,,,8b923c1ae3c4dafd,2,138639,256,1,15091983,108.85813515677407,flybrain,2,9783,163.19999046318512,1.499198844699568,0.4816346156348125,288.0,599.6199999999953,0.01,0.010662612297044844,1478.25390625,1860.75,2046,369538.671875,420596.0,474036,0.8214968421125974,0.8214968421125972,0.12281475592448937,1.3840653431386798,sampled_16_timesteps_max_2048_sources,converged,1.0009765625,0.01,0.010662611573934555,0.0006626115739345548,True,12,SpMV,CUSPARSE_SPMV_ALG_DEFAULT,,nan,torch_cuda_event,gpu_execution,full_rsnn,device_native,independent_inference,sparse_only,"(256, 1, 138639)","(256, 1, 138639)",138639,138639,1,1,BN,csr_post_by_pre,csr_post_by_pre,none,False,False,True,0,torch.int32,torch.float32,torch.float32,dense,,,False,False,False,False,False,True,1.0,58960,406886764,406886764,0,0,False,unknown,unknown,unknown,unknown,unknown,,40.3005447;40.2974091;40.3155518;40.2950706;40.2858543;40.2499847;40.2417908;40.274559;40.2582092;40.2684479;40.3063354;40.3073616;40.2971191;40.3176003;40.2981453;40.2930222;40.2868805;40.2868462;40.2929916;40.2858543,20,40.287978935241696,0.020418161904085314,40.241790771484375,40.31760025024414,passed,0,0.0,1.52587890625e-05,9.5367431640625e-07,4.31469852628652e-05,6.014075188431889e-05,4.31469852628652e-05,6.014075188431889e-05,138639,0,full_state,passed,,40.293006896972656,nan,nan,nan,nan,nan,nan,1.0,nan,nan,nan,1.0
tilespmspv_cudagraph,flybrain,NVIDIA GeForce RTX 5090,2.11.0+cu128,12.8,default,0.00038162477337341094,,,,,,8b923c1ae3c4dafd,2,138639,256,1,15091983,108.85813515677407,flybrain,2,9783,163.19999046318512,1.499198844699568,0.4816346156348125,288.0,599.6199999999953,0.01,0.010662612297044844,1478.25390625,1860.75,2046,369538.671875,420596.0,474036,0.8214968421125974,0.8214968421125972,0.12281475592448937,1.3840653431386798,sampled_16_timesteps_max_2048_sources,converged,1.0009765625,0.01,0.010662611573934555,0.0006626115739345548,True,12,SpMV,CUSPARSE_SPMV_ALG_DEFAULT,,nan,torch_cuda_event_cudagraph_replay,gpu_execution,full_rsnn,device_adapted,independent_inference,sparse_only,"(256, 1, 138639)","(256, 1, 138639)",138639,138639,1,1,BN,spmspv_csc_dense_device,spmspv_csc_dense_device,none,False,False,True,0,torch.int64,torch.float32,torch.float32,dense_device,,,False,False,False,False,False,True,1.0,554556,325842920,325842920,0,0,False,unknown,unknown,unknown,unknown,unknown,,7.03247976;7.01190376;7.01391983;7.01507187;7.0191679;7.01820803;7.01702404;7.01708794;7.02230406;7.01087999;7.02076817;7.0140481;7.01507187;7.01097584;7.01609612;7.01302385;7.02121592;7.02019215;7.02121592;7.02735996,20,7.01790075302124,0.005462513034762763,7.010879993438721,7.032479763031006,passed,0,0.0,5.340576171875e-05,2.384185791015625e-06,0.00013803239562548697,0.00020042982941959053,0.00013803239562548697,0.00020042982941959053,138639,0,full_state,passed,,7.017055988311768,nan,nan,nan,nan,nan,nan,nan,nan,nan,nan,5.742152686837367
globalatomic_cudagraph,flybrain,NVIDIA GeForce RTX 5090,2.11.0+cu128,12.8,default,0.00038162477337341094,,,,,,8b923c1ae3c4dafd,2,138639,256,1,15091983,108.85813515677407,flybrain,2,9783,163.19999046318512,1.499198844699568,0.4816346156348125,288.0,599.6199999999953,0.01,0.010662612297044844,1478.25390625,1860.75,2046,369538.671875,420596.0,474036,0.8214968421125974,0.8214968421125972,0.12281475592448937,1.3840653431386798,sampled_16_timesteps_max_2048_sources,converged,1.0009765625,0.01,0.010662611573934555,0.0006626115739345548,True,12,SpMV,CUSPARSE_SPMV_ALG_DEFAULT,,nan,torch_cuda_event_cudagraph_replay,gpu_execution,full_rsnn,device_adapted,independent_inference,sparse_only,"(256, 1, 138639)","(256, 1, 138639)",138639,138639,1,1,BN,spmspv_csc_dense_device,spmspv_csc_dense_device,none,False,False,True,0,torch.int64,torch.float32,torch.float32,dense_device,,,False,False,False,False,False,True,1.0,554556,325842920,325842920,0,0,False,unknown,unknown,unknown,unknown,unknown,,11.0813437;11.0541763;11.0558395;11.0439682;11.04704;11.0455685;11.0531836;11.0487356;11.0450239;11.0495996;11.0429764;11.0445118;11.045536;11.0516796;11.0619202;11.0588484;11.0598717;11.0557756;11.0567999;11.0557756,20,11.05290870666504,0.008882808426341444,11.042976379394531,11.081343650817871,passed,0,0.0,6.866455078125e-05,2.86102294921875e-06,0.0001774702250258997,0.00020042982941959053,0.0001774702250258997,0.00020042982941959053,138639,0,full_state,passed,,11.052431583404541,nan,nan,nan,nan,nan,nan,nan,nan,nan,nan,3.6456237338282604
vdha_cudagraph,flybrain,NVIDIA GeForce RTX 5090,2.11.0+cu128,12.8,default,0.00038162477337341094,,,,,,8b923c1ae3c4dafd,2,138639,256,1,15091983,108.85813515677407,flybrain,2,9783,163.19999046318512,1.499198844699568,0.4816346156348125,288.0,599.6199999999953,0.01,0.010662612297044844,1478.25390625,1860.75,2046,369538.671875,420596.0,474036,0.8214968421125974,0.8214968421125972,0.12281475592448937,1.3840653431386798,sampled_16_timesteps_max_2048_sources,converged,1.0009765625,0.01,0.010662611573934555,0.0006626115739345548,True,12,SpMV,CUSPARSE_SPMV_ALG_DEFAULT,,nan,torch_cuda_event_cudagraph_replay,gpu_execution,full_rsnn,device_adapted,independent_inference,sparse_only,"(256, 1, 138639)","(256, 1, 138639)",138639,138639,1,1,BN,spmspv_csc_dense_device,spmspv_csc_dense_device,none,False,False,True,0,torch.int64,torch.float32,torch.float32,dense_device,,,False,False,False,False,False,True,1.0,554556,325842920,325842920,0,0,False,unknown,unknown,unknown,unknown,unknown,,13.4366398;12.9269762;12.9341764;12.9307203;12.9260798;12.9343681;12.9297276;12.930624;12.9282236;12.9280643;12.9348803;12.9286404;12.9337597;12.9303036;12.9266243;12.9327679;12.9348164;12.9266243;12.9317436;12.9347839,20,12.956027221679687,0.1131659087777923,12.926079750061035,13.436639785766602,passed,0,0.0,3.0517578125e-05,1.9073486328125e-06,7.373142580036074e-05,0.00011841630475828424,7.373142580036074e-05,0.00011841630475828424,138639,0,full_state,passed,,12.93067216873169,nan,nan,nan,nan,nan,nan,nan,nan,nan,nan,3.1160798426556053
persistent_spike_block,flybrain,NVIDIA GeForce RTX 5090,2.11.0+cu128,12.8,default,0.00038162477337341094,,,,,,8b923c1ae3c4dafd,2,138639,256,1,15091983,108.85813515677407,flybrain,2,9783,163.19999046318512,1.499198844699568,0.4816346156348125,288.0,599.6199999999953,0.01,0.010662612297044844,1478.25390625,1860.75,2046,369538.671875,420596.0,474036,0.8214968421125974,0.8214968421125972,0.12281475592448937,1.3840653431386798,sampled_16_timesteps_max_2048_sources,converged,1.0009765625,0.01,0.010662611573934555,0.0006626115739345548,True,12,SpMV,CUSPARSE_SPMV_ALG_DEFAULT,,nan,torch_cuda_event,gpu_execution,full_rsnn,device_native,independent_inference,full_fusion,"(256, 1, 138639)","(256, 1, 138639)",138639,138639,1,1,BN,event_csr,event_csr,dense_to_events_precomputed,False,True,True,0,torch.int32,torch.float32,torch.float32,windowed_events,,,False,False,False,False,False,False,1.0,3685120,123820228,123820228,0,0,False,unknown,unknown,unknown,unknown,unknown,,5.36220789;5.3129282;5.31356812;5.31091213;5.3216958;5.30880022;5.3115201;5.30895996;5.31772804;5.30880022;5.31356812;5.31507206;5.32982397;5.30883217;5.31459188;5.31094408;5.31267214;5.30384016;5.31459188;5.30633593,20,5.315369653701782,0.012372095253032744,5.303840160369873,5.362207889556885,passed_causal_masked_state,4,1.1270277483247859e-07,0.00091552734375,4.673004150390625e-05,0.0016842522891238332,0.0020340310875326395,0.0016842522891238332,0.0020340310875326395,138338,301,causal_masked_state,passed_causal_masked_state,,5.312800168991089,nan,nan,nan,nan,nan,nan,7.584137482179078,nan,nan,nan,7.584137482179078
cusparse_direct_cudagraph,flybrain,NVIDIA GeForce RTX 5090,2.11.0+cu128,12.8,default,0.00038162477337341094,,,,,,265619cb2dd93c62,2,138639,256,1,15091983,108.85813515677407,flybrain,2,9783,163.19999046318512,1.499198844699568,0.4816346156348125,288.0,599.6199999999953,0.02,0.02026669195716934,2809.75390625,3469.5,4059,579156.29296875,630619.0,741686,0.768824849804412,0.7688248498044119,0.09986898192581022,1.444610501642576,sampled_16_timesteps_max_2048_sources,converged,2.05078125,0.02,0.020266691222786903,0.00026669122278690297,True,12,SpMV,CUSPARSE_SPMV_ALG_DEFAULT,,nan,torch_cuda_event,gpu_execution,full_rsnn,device_native,independent_inference,sparse_only,"(256, 1, 138639)","(256, 1, 138639)",138639,138639,1,1,BN,csr_post_by_pre,csr_post_by_pre,none,False,False,True,0,torch.int32,torch.float32,torch.float32,dense,,,False,False,False,False,False,True,1.0,58960,406886764,406886764,0,0,False,unknown,unknown,unknown,unknown,unknown,,40.3678093;40.2911987;40.2623024;40.2541122;40.284832;40.3001938;40.3032646;40.2909431;40.284832;40.2868805;40.3104324;40.3012161;40.3073616;40.3052788;40.304287;40.2991676;40.2725449;40.284832;40.2868805;40.3206711,20,40.295952033996585,0.023389527052577484,40.254112243652344,40.3678092956543,passed_causal_masked_state,4714,0.00013282022014007603,0.9994120001792908,0.1548488885164261,4.993575572967529,29.788639068603516,4.168286523054121e-06,1.0350248885515612e-05,72804,65835,causal_masked_state,passed_causal_masked_state,,40.295183181762695,nan,nan,nan,nan,nan,nan,1.0,nan,nan,nan,1.0
tilespmspv_cudagraph,flybrain,NVIDIA GeForce RTX 5090,2.11.0+cu128,12.8,default,0.00038162477337341094,,,,,,265619cb2dd93c62,2,138639,256,1,15091983,108.85813515677407,flybrain,2,9783,163.19999046318512,1.499198844699568,0.4816346156348125,288.0,599.6199999999953,0.02,0.02026669195716934,2809.75390625,3469.5,4059,579156.29296875,630619.0,741686,0.768824849804412,0.7688248498044119,0.09986898192581022,1.444610501642576,sampled_16_timesteps_max_2048_sources,converged,2.05078125,0.02,0.020266691222786903,0.00026669122278690297,True,12,SpMV,CUSPARSE_SPMV_ALG_DEFAULT,,nan,torch_cuda_event_cudagraph_replay,gpu_execution,full_rsnn,device_adapted,independent_inference,sparse_only,"(256, 1, 138639)","(256, 1, 138639)",138639,138639,1,1,BN,spmspv_csc_dense_device,spmspv_csc_dense_device,none,False,False,True,0,torch.int64,torch.float32,torch.float32,dense_device,,,False,False,False,False,False,True,1.0,554556,325842920,325842920,0,0,False,unknown,unknown,unknown,unknown,unknown,,7.38051224;7.35833597;7.36940813;7.36422396;7.37145615;7.36015987;7.36736012;7.37232018;7.37555218;7.36831999;7.37504005;7.3704319;7.36323214;7.37241602;7.3714242;7.37244797;7.36732817;7.37244797;7.3652482;7.37852812,20,7.369809675216675,0.005704039557300644,7.358335971832275,7.380512237548828,passed_causal_masked_state,4714,0.00013282022014007603,0.9994120001792908,0.1548488885164261,4.993575096130371,29.788639068603516,9.190337550535332e-06,2.0003559257020243e-05,72804,65835,causal_masked_state,passed_causal_masked_state,,7.370928049087524,nan,nan,nan,nan,nan,nan,nan,nan,nan,nan,5.466772014787336
globalatomic_cudagraph,flybrain,NVIDIA GeForce RTX 5090,2.11.0+cu128,12.8,default,0.00038162477337341094,,,,,,265619cb2dd93c62,2,138639,256,1,15091983,108.85813515677407,flybrain,2,9783,163.19999046318512,1.499198844699568,0.4816346156348125,288.0,599.6199999999953,0.02,0.02026669195716934,2809.75390625,3469.5,4059,579156.29296875,630619.0,741686,0.768824849804412,0.7688248498044119,0.09986898192581022,1.444610501642576,sampled_16_timesteps_max_2048_sources,converged,2.05078125,0.02,0.020266691222786903,0.00026669122278690297,True,12,SpMV,CUSPARSE_SPMV_ALG_DEFAULT,,nan,torch_cuda_event_cudagraph_replay,gpu_execution,full_rsnn,device_adapted,independent_inference,sparse_only,"(256, 1, 138639)","(256, 1, 138639)",138639,138639,1,1,BN,spmspv_csc_dense_device,spmspv_csc_dense_device,none,False,False,True,0,torch.int64,torch.float32,torch.float32,dense_device,,,False,False,False,False,False,True,1.0,554556,325842920,325842920,0,0,False,unknown,unknown,unknown,unknown,unknown,,11.0489283;11.031456;11.0352316;11.0362883;11.035264;11.0413761;11.0332479;11.0404158;11.0434237;11.0434875;11.0471678;11.0465603;11.0434875;11.0434875;11.0496321;11.0506563;11.0495996;11.045536;11.0475836;11.0527039,20,11.043276691436768,0.006220675243766698,11.031455993652344,11.052703857421875,passed_causal_masked_state,4714,0.00013282022014007603,0.9994120001792908,0.1548488736152649,4.993575096130371,29.78863525390625,7.725171599304304e-06,2.0003559257020243e-05,72804,65835,causal_masked_state,passed_causal_masked_state,,11.043487548828125,nan,nan,nan,nan,nan,nan,nan,nan,nan,nan,3.6487733610962962
vdha_cudagraph,flybrain,NVIDIA GeForce RTX 5090,2.11.0+cu128,12.8,default,0.00038162477337341094,,,,,,265619cb2dd93c62,2,138639,256,1,15091983,108.85813515677407,flybrain,2,9783,163.19999046318512,1.499198844699568,0.4816346156348125,288.0,599.6199999999953,0.02,0.02026669195716934,2809.75390625,3469.5,4059,579156.29296875,630619.0,741686,0.768824849804412,0.7688248498044119,0.09986898192581022,1.444610501642576,sampled_16_timesteps_max_2048_sources,converged,2.05078125,0.02,0.020266691222786903,0.00026669122278690297,True,12,SpMV,CUSPARSE_SPMV_ALG_DEFAULT,,nan,torch_cuda_event_cudagraph_replay,gpu_execution,full_rsnn,device_adapted,independent_inference,sparse_only,"(256, 1, 138639)","(256, 1, 138639)",138639,138639,1,1,BN,spmspv_csc_dense_device,spmspv_csc_dense_device,none,False,False,True,0,torch.int64,torch.float32,torch.float32,dense_device,,,False,False,False,False,False,True,1.0,554556,325842920,325842920,0,0,False,unknown,unknown,unknown,unknown,unknown,,13.3015041;13.2832956;13.2290878;13.2261763;13.2825918;13.28304;13.2861443;13.2296638;13.2808962;13.2281599;13.2784958;13.2846403;13.2283201;13.2273283;13.2256317;13.29424;13.2911358;13.2870722;13.2880964;13.2829762,20,13.265924835205078,0.029156382161983463,13.225631713867188,13.301504135131836,passed_causal_masked_state,4714,0.00013282022014007603,0.9994120001792908,0.1548488736152649,4.993574619293213,29.78863525390625,7.107670171535574e-06,2.0003559257020243e-05,72804,65835,causal_masked_state,passed_causal_masked_state,,13.28278398513794,nan,nan,nan,nan,nan,nan,nan,nan,nan,nan,3.0336398775173063
persistent_spike_block,flybrain,NVIDIA GeForce RTX 5090,2.11.0+cu128,12.8,default,0.00038162477337341094,,,,,,265619cb2dd93c62,2,138639,256,1,15091983,108.85813515677407,flybrain,2,9783,163.19999046318512,1.499198844699568,0.4816346156348125,288.0,599.6199999999953,0.02,0.02026669195716934,2809.75390625,3469.5,4059,579156.29296875,630619.0,741686,0.768824849804412,0.7688248498044119,0.09986898192581022,1.444610501642576,sampled_16_timesteps_max_2048_sources,converged,2.05078125,0.02,0.020266691222786903,0.00026669122278690297,True,12,SpMV,CUSPARSE_SPMV_ALG_DEFAULT,,nan,torch_cuda_event,gpu_execution,full_rsnn,device_native,independent_inference,full_fusion,"(256, 1, 138639)","(256, 1, 138639)",138639,138639,1,1,BN,event_csr,event_csr,dense_to_events_precomputed,False,True,True,0,torch.int32,torch.float32,torch.float32,windowed_events,,,False,False,False,False,False,False,1.0,3685120,123820228,123820228,0,0,False,unknown,unknown,unknown,unknown,unknown,,5.88947201;6.02559996;5.84496021;6.02361584;5.85321617;6.02153587;5.83279991;6.01846409;5.84284782;6.01737595;5.85116816;6.01843214;5.8368001;6.02364779;5.84099197;6.02156782;5.84499216;6.00819206;5.85110378;6.02211189,20,5.934444785118103,0.08855812619719988,5.832799911499023,6.025599956512451,passed_causal_masked_state,6,1.690541622487179e-07,0.03907573223114014,0.0018050670623779297,0.1937723308801651,0.1649036705493927,0.0017603220185264945,0.0020838610362261534,138339,300,causal_masked_state,passed_causal_masked_state,,5.948832035064697,nan,nan,nan,nan,nan,nan,6.773629335010206,nan,nan,nan,6.773629335010206
cusparse_direct_cudagraph,flybrain,NVIDIA GeForce RTX 5090,2.11.0+cu128,12.8,default,0.00038162477337341094,,,,,,dcf44e73cdaf4e28,2,138639,256,1,15091983,108.85813515677407,flybrain,2,9783,163.19999046318512,1.499198844699568,0.4816346156348125,288.0,599.6199999999953,0.05,0.050074237317782155,6942.2421875,10862.25,12111,1143905.69140625,1517272.5,1885068,0.7146364765516596,0.7146364765516596,0.18117541565998102,1.7445372363710843,sampled_16_timesteps_max_2048_sources,converged,5.4931640625,0.05,0.05007423460483551,7.423460483550748e-05,True,12,SpMV,CUSPARSE_SPMV_ALG_DEFAULT,,nan,torch_cuda_event,gpu_execution,full_rsnn,device_native,independent_inference,sparse_only,"(256, 1, 138639)","(256, 1, 138639)",138639,138639,1,1,BN,csr_post_by_pre,csr_post_by_pre,none,False,False,True,0,torch.int32,torch.float32,torch.float32,dense,,,False,False,False,False,False,True,1.0,58960,406886764,406886764,0,0,False,unknown,unknown,unknown,unknown,unknown,,40.3055687;40.3015366;40.2971191;40.2991676;40.2694702;40.2684479;40.2684479;40.2827835;40.2684479;40.2827835;40.2735672;40.2888947;40.2704964;40.284832;40.2971191;40.3001938;40.2868462;40.2868805;40.3012161;40.2838097,20,40.285881423950194,0.012787358707287613,40.26844787597656,40.30556869506836,passed,0,0.0,3.0517578125e-05,1.9073486328125e-06,5.708782555302605e-05,8.40661596157588e-05,5.708782555302605e-05,8.40661596157588e-05,138639,0,full_state,passed,,40.28583908081055,nan,nan,nan,nan,nan,nan,1.0,nan,nan,nan,1.0
tilespmspv_cudagraph,flybrain,NVIDIA GeForce RTX 5090,2.11.0+cu128,12.8,default,0.00038162477337341094,,,,,,dcf44e73cdaf4e28,2,138639,256,1,15091983,108.85813515677407,flybrain,2,9783,163.19999046318512,1.499198844699568,0.4816346156348125,288.0,599.6199999999953,0.05,0.050074237317782155,6942.2421875,10862.25,12111,1143905.69140625,1517272.5,1885068,0.7146364765516596,0.7146364765516596,0.18117541565998102,1.7445372363710843,sampled_16_timesteps_max_2048_sources,converged,5.4931640625,0.05,0.05007423460483551,7.423460483550748e-05,True,12,SpMV,CUSPARSE_SPMV_ALG_DEFAULT,,nan,torch_cuda_event_cudagraph_replay,gpu_execution,full_rsnn,device_adapted,independent_inference,sparse_only,"(256, 1, 138639)","(256, 1, 138639)",138639,138639,1,1,BN,spmspv_csc_dense_device,spmspv_csc_dense_device,none,False,False,True,0,torch.int64,torch.float32,torch.float32,dense_device,,,False,False,False,False,False,True,1.0,554556,325842920,325842920,0,0,False,unknown,unknown,unknown,unknown,unknown,,8.63859177;8.59939194;8.60931206;8.63199997;8.61551952;8.62780762;8.62169647;8.61551952;8.63619232;8.62054443;8.62335968;8.62985611;8.61558437;8.61964798;8.60943985;8.62172794;8.62377644;8.6196804;8.6207037;8.61763191,20,8.620899200439453,0.009296013111064889,8.59939193725586,8.638591766357422,passed,0,0.0,9.1552734375e-05,3.814697265625e-06,0.0001558860531076789,0.00019825696654152125,0.0001558860531076789,0.00019825696654152125,138639,0,full_state,passed,,8.62062406539917,nan,nan,nan,nan,nan,nan,nan,nan,nan,nan,4.6731928889588055
globalatomic_cudagraph,flybrain,NVIDIA GeForce RTX 5090,2.11.0+cu128,12.8,default,0.00038162477337341094,,,,,,dcf44e73cdaf4e28,2,138639,256,1,15091983,108.85813515677407,flybrain,2,9783,163.19999046318512,1.499198844699568,0.4816346156348125,288.0,599.6199999999953,0.05,0.050074237317782155,6942.2421875,10862.25,12111,1143905.69140625,1517272.5,1885068,0.7146364765516596,0.7146364765516596,0.18117541565998102,1.7445372363710843,sampled_16_timesteps_max_2048_sources,converged,5.4931640625,0.05,0.05007423460483551,7.423460483550748e-05,True,12,SpMV,CUSPARSE_SPMV_ALG_DEFAULT,,nan,torch_cuda_event_cudagraph_replay,gpu_execution,full_rsnn,device_adapted,independent_inference,sparse_only,"(256, 1, 138639)","(256, 1, 138639)",138639,138639,1,1,BN,spmspv_csc_dense_device,spmspv_csc_dense_device,none,False,False,True,0,torch.int64,torch.float32,torch.float32,dense_device,,,False,False,False,False,False,True,1.0,554556,325842920,325842920,0,0,False,unknown,unknown,unknown,unknown,unknown,,11.2027197;11.1873283;11.1888638;11.1893759;11.1864004;11.1883841;11.1894083;11.1971197;11.2037125;11.2007685;11.2007685;11.20016;11.2011843;11.2011843;11.20016;11.2011843;11.1991358;11.2022076;11.1991358;11.1991358,20,11.196916866302491,0.005988746387735992,11.186400413513184,11.203712463378906,passed,0,0.0,0.0001220703125,5.7220458984375e-06,0.00017656057025305927,0.00019323386368341744,0.00017656057025305927,0.00019323386368341744,138639,0,full_state,passed,,11.199647903442383,nan,nan,nan,nan,nan,nan,nan,nan,nan,nan,3.5970629994919823
vdha_cudagraph,flybrain,NVIDIA GeForce RTX 5090,2.11.0+cu128,12.8,default,0.00038162477337341094,,,,,,dcf44e73cdaf4e28,2,138639,256,1,15091983,108.85813515677407,flybrain,2,9783,163.19999046318512,1.499198844699568,0.4816346156348125,288.0,599.6199999999953,0.05,0.050074237317782155,6942.2421875,10862.25,12111,1143905.69140625,1517272.5,1885068,0.7146364765516596,0.7146364765516596,0.18117541565998102,1.7445372363710843,sampled_16_timesteps_max_2048_sources,converged,5.4931640625,0.05,0.05007423460483551,7.423460483550748e-05,True,12,SpMV,CUSPARSE_SPMV_ALG_DEFAULT,,nan,torch_cuda_event_cudagraph_replay,gpu_execution,full_rsnn,device_adapted,independent_inference,sparse_only,"(256, 1, 138639)","(256, 1, 138639)",138639,138639,1,1,BN,spmspv_csc_dense_device,spmspv_csc_dense_device,none,False,False,True,0,torch.int64,torch.float32,torch.float32,dense_device,,,False,False,False,False,False,True,1.0,554556,325842920,325842920,0,0,False,unknown,unknown,unknown,unknown,unknown,,15.681632;15.6597443;15.6688957;15.6652164;15.6403522;15.6611204;15.6648636;15.6659517;15.6579838;15.6592636;15.6601601;15.6715202;15.6664324;15.6674881;15.6576319;15.6627522;15.6576319;15.6566076;15.6596804;15.6607037,20,15.662281608581543,0.007888365362743203,15.640352249145508,15.681632041931152,passed_causal_masked_state,14675,0.00041347830516665583,0.9997133016586304,0.5626819133758545,4.997110843658447,58.00766372680664,9.481000233790837e-06,2.0413988750078715e-05,30577,108062,causal_masked_state,passed_causal_masked_state,,15.660912036895752,nan,nan,nan,nan,nan,nan,nan,nan,nan,nan,2.572381415967384
persistent_spike_block,flybrain,NVIDIA GeForce RTX 5090,2.11.0+cu128,12.8,default,0.00038162477337341094,,,,,,dcf44e73cdaf4e28,2,138639,256,1,15091983,108.85813515677407,flybrain,2,9783,163.19999046318512,1.499198844699568,0.4816346156348125,288.0,599.6199999999953,0.05,0.050074237317782155,6942.2421875,10862.25,12111,1143905.69140625,1517272.5,1885068,0.7146364765516596,0.7146364765516596,0.18117541565998102,1.7445372363710843,sampled_16_timesteps_max_2048_sources,converged,5.4931640625,0.05,0.05007423460483551,7.423460483550748e-05,True,12,SpMV,CUSPARSE_SPMV_ALG_DEFAULT,,nan,torch_cuda_event,gpu_execution,full_rsnn,device_native,independent_inference,full_fusion,"(256, 1, 138639)","(256, 1, 138639)",138639,138639,1,1,BN,event_csr,event_csr,dense_to_events_precomputed,False,True,True,0,torch.int32,torch.float32,torch.float32,windowed_events,,,False,False,False,False,False,False,1.0,3685120,123820228,123820228,0,0,False,unknown,unknown,unknown,unknown,unknown,,7.65932798;7.66092777;7.61855984;7.66512012;7.61961603;7.65174389;7.61958408;7.659904;7.606112;7.67327976;7.61139202;7.65382385;7.61139202;7.67740822;7.62265587;7.6711998;7.61036777;7.65686417;7.61958408;7.66668797,20,7.641777563095093,0.0253963022261158,7.606112003326416,7.677408218383789,passed_causal_masked_state,4591,0.00012935460981397732,0.9996922016143799,0.48595404624938965,4.998455047607422,50.097679138183594,7.96914246166125e-05,0.00014862808166071773,68985,69654,causal_masked_state,passed_causal_masked_state,,7.6527838706970215,nan,nan,nan,nan,nan,nan,5.264207086138613,nan,nan,nan,5.264207086138613
cusparse_direct_cudagraph,flybrain,NVIDIA GeForce RTX 5090,2.11.0+cu128,12.8,default,0.00038162477337341094,,,,,,26945f6dc9ce8b0d,2,138639,256,1,15091983,108.85813515677407,flybrain,2,9783,163.19999046318512,1.499198844699568,0.4816346156348125,288.0,599.6199999999953,0.1,0.10005881957818508,13872.0546875,21961.75,25522,2028770.9609375,3037191.0,3544032,0.6815099114485358,0.6815099114485358,0.21141658848869796,1.8398139695194307,sampled_16_timesteps_max_2048_sources,converged,12.4267578125,0.1,0.10005881637334824,5.881637334823053e-05,True,12,SpMV,CUSPARSE_SPMV_ALG_DEFAULT,,nan,torch_cuda_event,gpu_execution,full_rsnn,device_native,independent_inference,sparse_only,"(256, 1, 138639)","(256, 1, 138639)",138639,138639,1,1,BN,csr_post_by_pre,csr_post_by_pre,none,False,False,True,0,torch.int32,torch.float32,torch.float32,dense,,,False,False,False,False,False,True,1.0,58960,406886764,406886764,0,0,False,unknown,unknown,unknown,unknown,unknown,,40.4314575;40.309536;40.2950706;40.3012161;40.2981453;40.280735;40.2827835;40.2950706;40.2930222;40.2919998;40.2971191;40.2745934;40.2561607;40.2971191;40.2981453;40.2909775;40.3196487;40.3032646;40.2950706;40.2940483,20,40.3002592086792,0.03350546080957102,40.256160736083984,40.43145751953125,passed,0,0.0,6.103515625e-05,1.9073486328125e-06,6.540719186887145e-05,6.385083543136716e-05,6.540719186887145e-05,6.385083543136716e-05,138639,0,full_state,passed,,40.29507064819336,nan,nan,nan,nan,nan,nan,1.0,nan,nan,nan,1.0
tilespmspv_cudagraph,flybrain,NVIDIA GeForce RTX 5090,2.11.0+cu128,12.8,default,0.00038162477337341094,,,,,,26945f6dc9ce8b0d,2,138639,256,1,15091983,108.85813515677407,flybrain,2,9783,163.19999046318512,1.499198844699568,0.4816346156348125,288.0,599.6199999999953,0.1,0.10005881957818508,13872.0546875,21961.75,25522,2028770.9609375,3037191.0,3544032,0.6815099114485358,0.6815099114485358,0.21141658848869796,1.8398139695194307,sampled_16_timesteps_max_2048_sources,converged,12.4267578125,0.1,0.10005881637334824,5.881637334823053e-05,True,12,SpMV,CUSPARSE_SPMV_ALG_DEFAULT,,nan,torch_cuda_event_cudagraph_replay,gpu_execution,full_rsnn,device_adapted,independent_inference,sparse_only,"(256, 1, 138639)","(256, 1, 138639)",138639,138639,1,1,BN,spmspv_csc_dense_device,spmspv_csc_dense_device,none,False,False,True,0,torch.int64,torch.float32,torch.float32,dense_device,,,False,False,False,False,False,True,1.0,554556,325842920,325842920,0,0,False,unknown,unknown,unknown,unknown,unknown,,11.1445761;11.1032639;11.1127043;11.0932159;11.0963516;11.0988798;11.1013117;11.1029119;11.1089602;11.0982723;11.0910721;11.0926399;11.0946884;11.1059523;11.1069756;11.096736;11.104928;11.0854721;11.096736;11.109024,20,11.102233600616454,0.012134383314478112,11.085472106933594,11.144576072692871,passed,0,0.0,0.000244140625,1.1444091796875e-05,0.0003972228441853076,0.000467027974082157,0.0003972228441853076,0.000467027974082157,138639,0,full_state,passed,,11.100095748901367,nan,nan,nan,nan,nan,nan,nan,nan,nan,nan,3.630155231064702
globalatomic_cudagraph,flybrain,NVIDIA GeForce RTX 5090,2.11.0+cu128,12.8,default,0.00038162477337341094,,,,,,26945f6dc9ce8b0d,2,138639,256,1,15091983,108.85813515677407,flybrain,2,9783,163.19999046318512,1.499198844699568,0.4816346156348125,288.0,599.6199999999953,0.1,0.10005881957818508,13872.0546875,21961.75,25522,2028770.9609375,3037191.0,3544032,0.6815099114485358,0.6815099114485358,0.21141658848869796,1.8398139695194307,sampled_16_timesteps_max_2048_sources,converged,12.4267578125,0.1,0.10005881637334824,5.881637334823053e-05,True,12,SpMV,CUSPARSE_SPMV_ALG_DEFAULT,,nan,torch_cuda_event_cudagraph_replay,gpu_execution,full_rsnn,device_adapted,independent_inference,sparse_only,"(256, 1, 138639)","(256, 1, 138639)",138639,138639,1,1,BN,spmspv_csc_dense_device,spmspv_csc_dense_device,none,False,False,True,0,torch.int64,torch.float32,torch.float32,dense_device,,,False,False,False,False,False,True,1.0,554556,325842920,325842920,0,0,False,unknown,unknown,unknown,unknown,unknown,,12.2477436;12.2343359;12.2462082;12.2441282;12.2420797;12.2430716;12.2440319;12.2420797;12.2338877;12.2462082;12.2421122;12.2384319;12.2395201;12.2425919;12.2446404;12.2446079;12.2446718;12.2384958;12.2436161;12.2405443,20,12.242150354385377,0.0036955683749638527,12.233887672424316,12.247743606567383,passed,0,0.0,0.0001983642578125,9.5367431640625e-06,0.00035123509587720037,0.00041786712245084345,0.00035123509587720037,0.00041786712245084345,138639,0,full_state,passed,,12.242831707000732,nan,nan,nan,nan,nan,nan,nan,nan,nan,nan,3.2913194931162626
vdha_cudagraph,flybrain,NVIDIA GeForce RTX 5090,2.11.0+cu128,12.8,default,0.00038162477337341094,,,,,,26945f6dc9ce8b0d,2,138639,256,1,15091983,108.85813515677407,flybrain,2,9783,163.19999046318512,1.499198844699568,0.4816346156348125,288.0,599.6199999999953,0.1,0.10005881957818508,13872.0546875,21961.75,25522,2028770.9609375,3037191.0,3544032,0.6815099114485358,0.6815099114485358,0.21141658848869796,1.8398139695194307,sampled_16_timesteps_max_2048_sources,converged,12.4267578125,0.1,0.10005881637334824,5.881637334823053e-05,True,12,SpMV,CUSPARSE_SPMV_ALG_DEFAULT,,nan,torch_cuda_event_cudagraph_replay,gpu_execution,full_rsnn,device_adapted,independent_inference,sparse_only,"(256, 1, 138639)","(256, 1, 138639)",138639,138639,1,1,BN,spmspv_csc_dense_device,spmspv_csc_dense_device,none,False,False,True,0,torch.int64,torch.float32,torch.float32,dense_device,,,False,False,False,False,False,True,1.0,554556,325842920,325842920,0,0,False,unknown,unknown,unknown,unknown,unknown,,19.2060165;19.1905289;19.1796474;19.1884804;19.1883831;19.1885433;19.1912956;19.1817284;19.1694088;19.1940479;19.1920967;19.1775684;19.182272;19.1868801;19.1945286;19.1719685;19.1924801;19.2006721;19.1945286;19.1822395,20,19.187665748596192,0.009024402063165437,19.169408798217773,19.206016540527344,passed,0,0.0,0.0001220703125,6.67572021484375e-06,0.00022370819351635873,0.00032748302328400314,0.00022370819351635873,0.00032748302328400314,138639,0,full_state,passed,,19.188511848449707,nan,nan,nan,nan,nan,nan,nan,nan,nan,nan,2.0999580877580617
persistent_spike_block,flybrain,NVIDIA GeForce RTX 5090,2.11.0+cu128,12.8,default,0.00038162477337341094,,,,,,26945f6dc9ce8b0d,2,138639,256,1,15091983,108.85813515677407,flybrain,2,9783,163.19999046318512,1.499198844699568,0.4816346156348125,288.0,599.6199999999953,0.1,0.10005881957818508,13872.0546875,21961.75,25522,2028770.9609375,3037191.0,3544032,0.6815099114485358,0.6815099114485358,0.21141658848869796,1.8398139695194307,sampled_16_timesteps_max_2048_sources,converged,12.4267578125,0.1,0.10005881637334824,5.881637334823053e-05,True,12,SpMV,CUSPARSE_SPMV_ALG_DEFAULT,,nan,torch_cuda_event,gpu_execution,full_rsnn,device_native,independent_inference,full_fusion,"(256, 1, 138639)","(256, 1, 138639)",138639,138639,1,1,BN,event_csr,event_csr,dense_to_events_precomputed,False,True,True,0,torch.int32,torch.float32,torch.float32,windowed_events,,,False,False,False,False,False,False,1.0,3685120,123820228,123820228,0,0,False,unknown,unknown,unknown,unknown,unknown,,10.1544323;9.93260765;10.1288004;9.92460823;10.1205759;9.94303989;10.1268482;9.92460823;10.1084156;9.94396782;10.1052485;9.91846371;10.1176643;9.92764759;10.1134081;9.9143362;10.1135044;9.94099236;10.1027517;9.92150402,20,10.024171257019043,0.09827994715500613,9.914336204528809,10.15443229675293,passed_causal_masked_state,19019,0.0005358735186347276,1.2604293823242188,0.3052610158920288,4.998691558837891,44.35792541503906,0.00011555635865079239,0.00021440170530695468,31797,106842,causal_masked_state,passed_causal_masked_state,,10.023359775543213,nan,nan,nan,nan,nan,nan,4.02011616369518,nan,nan,nan,4.02011616369518
cusparse_direct_cudagraph,flybrain,NVIDIA GeForce RTX 5090,2.11.0+cu128,12.8,default,0.00038162477337341094,,,,,,b7d594da268c6ee2,2,138639,256,1,15091983,108.85813515677407,flybrain,2,9783,163.19999046318512,1.499198844699568,0.4816346156348125,288.0,599.6199999999953,0.2,0.20003725390222088,27732.96484375,40774.75,50276,3738344.125,5315096.5,6309964,0.6588563946067547,0.6588563946067548,0.2067930123437132,1.812860625730407,sampled_16_timesteps_max_2048_sources,converged,33.154296875,0.2,0.20003724098205566,3.724098205565296e-05,True,12,SpMV,CUSPARSE_SPMV_ALG_DEFAULT,,nan,torch_cuda_event,gpu_execution,full_rsnn,device_native,independent_inference,sparse_only,"(256, 1, 138639)","(256, 1, 138639)",138639,138639,1,1,BN,csr_post_by_pre,csr_post_by_pre,none,False,False,True,0,torch.int32,torch.float32,torch.float32,dense,,,False,False,False,False,False,True,1.0,58960,406886764,406886764,0,0,False,unknown,unknown,unknown,unknown,unknown,,40.2913284;40.2831993;40.2745934;40.274559;40.288929;40.2919998;40.2991676;40.2930222;40.2970886;40.2817612;40.2847672;40.2909775;40.2766418;40.284832;40.2879028;40.284832;40.2930222;40.3134727;40.2991982;40.3063354,20,40.28988151550293,0.010042340089751665,40.274559020996094,40.313472747802734,passed_causal_masked_state,2,5.6351387416239296e-08,0.0001220703125,3.814697265625e-06,0.00014695670688524842,7.957361231092364e-05,4.1144736314890906e-05,7.957361231092364e-05,138567,72,causal_masked_state,passed_causal_masked_state,,40.28995323181152,nan,nan,nan,nan,nan,nan,1.0,nan,nan,nan,1.0
tilespmspv_cudagraph,flybrain,NVIDIA GeForce RTX 5090,2.11.0+cu128,12.8,default,0.00038162477337341094,,,,,,b7d594da268c6ee2,2,138639,256,1,15091983,108.85813515677407,flybrain,2,9783,163.19999046318512,1.499198844699568,0.4816346156348125,288.0,599.6199999999953,0.2,0.20003725390222088,27732.96484375,40774.75,50276,3738344.125,5315096.5,6309964,0.6588563946067547,0.6588563946067548,0.2067930123437132,1.812860625730407,sampled_16_timesteps_max_2048_sources,converged,33.154296875,0.2,0.20003724098205566,3.724098205565296e-05,True,12,SpMV,CUSPARSE_SPMV_ALG_DEFAULT,,nan,torch_cuda_event_cudagraph_replay,gpu_execution,full_rsnn,device_adapted,independent_inference,sparse_only,"(256, 1, 138639)","(256, 1, 138639)",138639,138639,1,1,BN,spmspv_csc_dense_device,spmspv_csc_dense_device,none,False,False,True,0,torch.int64,torch.float32,torch.float32,dense_device,,,False,False,False,False,False,True,1.0,554556,325842920,325842920,0,0,False,unknown,unknown,unknown,unknown,unknown,,15.8464956;15.8004484;15.8295679;15.8368645;15.8500795;15.8301764;15.8482237;15.8342724;15.8030396;15.8389759;15.8106241;15.8224964;15.8450241;15.8378563;15.8163519;15.8235197;15.8163519;15.800992;15.8143044;15.8071356,20,15.825640010833741,0.016412182391210527,15.800448417663574,15.850079536437988,passed,0,0.0,0.00152587890625,9.1552734375e-05,0.0015094497939571738,0.0017616018885746598,0.0015094497939571738,0.0017616018885746598,138639,0,full_state,passed,,15.826543807983398,nan,nan,nan,nan,nan,nan,nan,nan,nan,nan,2.5457202608877894
globalatomic_cudagraph,flybrain,NVIDIA GeForce RTX 5090,2.11.0+cu128,12.8,default,0.00038162477337341094,,,,,,b7d594da268c6ee2,2,138639,256,1,15091983,108.85813515677407,flybrain,2,9783,163.19999046318512,1.499198844699568,0.4816346156348125,288.0,599.6199999999953,0.2,0.20003725390222088,27732.96484375,40774.75,50276,3738344.125,5315096.5,6309964,0.6588563946067547,0.6588563946067548,0.2067930123437132,1.812860625730407,sampled_16_timesteps_max_2048_sources,converged,33.154296875,0.2,0.20003724098205566,3.724098205565296e-05,True,12,SpMV,CUSPARSE_SPMV_ALG_DEFAULT,,nan,torch_cuda_event_cudagraph_replay,gpu_execution,full_rsnn,device_adapted,independent_inference,sparse_only,"(256, 1, 138639)","(256, 1, 138639)",138639,138639,1,1,BN,spmspv_csc_dense_device,spmspv_csc_dense_device,none,False,False,True,0,torch.int64,torch.float32,torch.float32,dense_device,,,False,False,False,False,False,True,1.0,554556,325842920,325842920,0,0,False,unknown,unknown,unknown,unknown,unknown,,19.2527046;18.8549767;18.8545914;18.8423042;18.8545284;18.8687687;18.9569607;18.9528313;18.9497604;18.9569607;18.9503689;18.9507198;18.9589767;18.9549122;18.9548798;18.9507847;18.9528313;18.9487686;18.9569283;18.9528313,20,18.943819427490233,0.08479398703350582,18.842304229736328,19.252704620361328,passed_causal_masked_state,88,2.4794610463145293e-06,0.7060589790344238,0.003081105649471283,3.499678611755371,0.6121680736541748,0.0013620295794680715,0.0013129645958542824,130150,8489,causal_masked_state,passed_causal_masked_state,,18.951807975769043,nan,nan,nan,nan,nan,nan,nan,nan,nan,nan,2.125916075306615
vdha_cudagraph,flybrain,NVIDIA GeForce RTX 5090,2.11.0+cu128,12.8,default,0.00038162477337341094,,,,,,b7d594da268c6ee2,2,138639,256,1,15091983,108.85813515677407,flybrain,2,9783,163.19999046318512,1.499198844699568,0.4816346156348125,288.0,599.6199999999953,0.2,0.20003725390222088,27732.96484375,40774.75,50276,3738344.125,5315096.5,6309964,0.6588563946067547,0.6588563946067548,0.2067930123437132,1.812860625730407,sampled_16_timesteps_max_2048_sources,converged,33.154296875,0.2,0.20003724098205566,3.724098205565296e-05,True,12,SpMV,CUSPARSE_SPMV_ALG_DEFAULT,,nan,torch_cuda_event_cudagraph_replay,gpu_execution,full_rsnn,device_adapted,independent_inference,sparse_only,"(256, 1, 138639)","(256, 1, 138639)",138639,138639,1,1,BN,spmspv_csc_dense_device,spmspv_csc_dense_device,none,False,False,True,0,torch.int64,torch.float32,torch.float32,dense_device,,,False,False,False,False,False,True,1.0,554556,325842920,325842920,0,0,False,unknown,unknown,unknown,unknown,unknown,,27.6865273;27.7432632;27.6419525;27.6442242;27.6425285;27.6510391;27.6445446;27.7408638;27.6486397;27.637888;27.6312962;27.6543369;27.6343365;27.6298237;27.7408314;27.6445751;27.6393929;27.64048;27.6261444;27.7449284,20,27.663380813598632,0.04238009864041723,27.626144409179688,27.74492835998535,passed,0,0.0,0.000579833984375,4.38690185546875e-05,0.0005506076849997044,0.0008441008976660669,0.0005506076849997044,0.0008441008976660669,138639,0,full_state,passed,,27.644384384155273,nan,nan,nan,nan,nan,nan,nan,nan,nan,nan,1.4574371659693828
persistent_spike_block,flybrain,NVIDIA GeForce RTX 5090,2.11.0+cu128,12.8,default,0.00038162477337341094,,,,,,b7d594da268c6ee2,2,138639,256,1,15091983,108.85813515677407,flybrain,2,9783,163.19999046318512,1.499198844699568,0.4816346156348125,288.0,599.6199999999953,0.2,0.20003725390222088,27732.96484375,40774.75,50276,3738344.125,5315096.5,6309964,0.6588563946067547,0.6588563946067548,0.2067930123437132,1.812860625730407,sampled_16_timesteps_max_2048_sources,converged,33.154296875,0.2,0.20003724098205566,3.724098205565296e-05,True,12,SpMV,CUSPARSE_SPMV_ALG_DEFAULT,,nan,torch_cuda_event,gpu_execution,full_rsnn,device_native,independent_inference,full_fusion,"(256, 1, 138639)","(256, 1, 138639)",138639,138639,1,1,BN,event_csr,event_csr,dense_to_events_precomputed,False,True,True,0,torch.int32,torch.float32,torch.float32,windowed_events,,,False,False,False,False,False,False,1.0,3685120,123820228,123820228,0,0,False,unknown,unknown,unknown,unknown,unknown,,15.661664;15.5504637;15.6154242;15.5688963;15.6153603;15.534112;15.6256638;15.5627518;15.6327677;15.5658236;15.6082239;15.5495682;15.6235523;15.5535679;15.5959044;15.5607042;15.6108484;15.5525122;15.6098557;15.5514565,20,15.587456035614014,0.03619288891326235,15.534111976623535,15.661664009094238,passed_causal_masked_state,1960,5.522435966791451e-05,0.9994805455207825,0.11092762649059296,4.997386455535889,21.055944442749023,0.004954689182341099,0.006233894266188145,94215,44424,causal_masked_state,passed_causal_masked_state,,15.58240032196045,nan,nan,nan,nan,nan,nan,2.58560635071289,nan,nan,nan,2.58560635071289
