provider,dataset,gpu,torch_version,cuda_version,connectome_root,weight_scale,microns_variant,multiarea_n_scaling,multiarea_k_scaling,multiarea_seed,multiarea_max_nnz,workload_id,input_seed,n_neuron,t_steps,batch_size,graph_synapses,average_fanout,graph_type,graph_seed,graph_max_fanout,graph_fanout_std,graph_fanout_cv,graph_fanout_gini,graph_p95_fanout,graph_p99_fanout,requested_activity,measured_activity,mean_active_neurons,p95_active_neurons,max_active_neurons,mean_active_edges,p95_active_edges,max_active_edges,mean_collision_ratio,p95_collision_ratio,temporal_cv,burst_factor,collision_method,calibration_status,calibration_input_amplitude,calibration_target_activity,calibration_measured_activity,calibration_activity_error,calibration_stable,calibration_iterations,direct_cusparse_primitive,direct_cusparse_algorithm,framework_version,build_time_s,timing_method,timing_scope,benchmark_mode,execution_class,state_semantics,fusion_level,logical_shape,physical_shape,logical_n,physical_n,logical_batch,physical_batch,input_layout,operator_layout,required_layout,layout_transform_mode,layout_transform_in_timing,need_layout_transform,input_contiguous,input_address_mod,index_dtype,value_dtype,compute_dtype,spike_representation,selected_kernels,selector_model,uses_host_control,uses_internal_sync,uses_d2h,uses_h2d,allocates_during_run,graph_capturable,padding_ratio,workspace_bytes,total_prepared_bytes,persistent_bytes,run_allocated_bytes,run_reserved_delta,profiler_audited,profiler_cuda_malloc,profiler_cuda_free,profiler_d2h,profiler_h2d,profiler_internal_sync,profiler_unexpected_alloc_ops,latency_samples_ms,sample_count,latency_mean_ms,latency_std_ms,latency_min_ms,latency_max_ms,status,spike_mismatches,spike_mismatch_rate,v_max_abs_diff,psc_max_abs_diff,v_max_normalized_error,psc_max_normalized_error,v_compared_max_normalized_error,psc_compared_max_normalized_error,state_compared_neurons,state_excluded_neurons,correctness_mode,correctness_status,status_detail,latency_ms,speedup_vs_dense_eager,speedup_vs_dense_cudagraph,speedup_vs_csr_eager,speedup_vs_csr_host_e2e,speedup_vs_csr_cudagraph,speedup_vs_cusparse_direct_eager,speedup_vs_cusparse_direct_cudagraph,speedup_vs_genn,speedup_vs_brian2cuda,speedup_vs_same_eager,activity_sweep_speedup_vs_cusparse
cusparse_direct_cudagraph,microns_mm3,NVIDIA GeForce RTX 5090,2.11.0+cu128,12.8,default,0.15,condensed,,,,,5559b144e9cd594f,0,60048,256,1,6965260,115.99487077005062,microns_mm3,0,4531,251.05142100284274,2.1643320893087554,0.6903498928976086,412.0,1353.0,0.005,0.004981301417199574,299.1171875,604.25,607,34866.640625,65849.0,76692,0.2882666238626691,0.4762522633134298,0.7902289829649849,2.0293049860265886,exact,converged,0.78125,0.005,0.004981301724910736,1.869827508926402e-05,True,12,SpMV,CUSPARSE_SPMV_ALG_DEFAULT,,nan,torch_cuda_event,gpu_execution,full_rsnn,device_native,independent_inference,sparse_only,"(256, 1, 60048)","(256, 1, 60048)",60048,60048,1,1,BN,csr_post_by_pre,csr_post_by_pre,none,False,False,True,0,torch.int32,torch.float32,torch.float32,dense,,,False,False,False,False,False,True,1.0,27216,179661156,179661156,0,0,False,unknown,unknown,unknown,unknown,unknown,,20.7861118;20.7643204;20.7684155;20.7499847;20.7663689;20.7684155;20.7684155;20.7479038;20.7499847;20.7530556;20.7520313;20.7540798;20.7438393;20.7417927;20.7458878;20.7438393;20.7561283;20.7561283;20.7530556;20.7581768,20,20.756396770477295,0.011055081022627368,20.741792678833008,20.78611183166504,passed,0,0.0,2.086162567138672e-07,1.862645149230957e-09,1.040140546137991e-06,3.7190929447206145e-07,1.040140546137991e-06,3.7190929447206145e-07,60048,0,full_state,passed,,20.753567695617676,nan,nan,nan,nan,nan,nan,1.0,nan,nan,nan,1.0
tilespmspv_cudagraph,microns_mm3,NVIDIA GeForce RTX 5090,2.11.0+cu128,12.8,default,0.15,condensed,,,,,5559b144e9cd594f,0,60048,256,1,6965260,115.99487077005062,microns_mm3,0,4531,251.05142100284274,2.1643320893087554,0.6903498928976086,412.0,1353.0,0.005,0.004981301417199574,299.1171875,604.25,607,34866.640625,65849.0,76692,0.2882666238626691,0.4762522633134298,0.7902289829649849,2.0293049860265886,exact,converged,0.78125,0.005,0.004981301724910736,1.869827508926402e-05,True,12,SpMV,CUSPARSE_SPMV_ALG_DEFAULT,,nan,torch_cuda_event_cudagraph_replay,gpu_execution,full_rsnn,device_adapted,independent_inference,sparse_only,"(256, 1, 60048)","(256, 1, 60048)",60048,60048,1,1,BN,spmspv_csc_dense_device,spmspv_csc_dense_device,none,False,False,True,0,torch.int64,torch.float32,torch.float32,dense_device,,,False,False,False,False,False,True,1.0,240192,146273240,146273240,0,0,False,unknown,unknown,unknown,unknown,unknown,,5.22601604;5.21606398;5.21484804;5.21583986;5.21295977;5.2118082;5.2147522;5.21385622;5.21280003;5.21177578;5.21036816;5.2118082;5.21283197;5.2118082;5.21078396;5.20976019;5.21487999;5.21385622;5.21078396;5.21590424,20,5.213675260543823,0.0034848968839741637,5.2097601890563965,5.226016044616699,passed,0,0.0,1.1920928955078125e-07,1.862645149230957e-09,5.929127837589476e-07,3.714709180258069e-07,5.929127837589476e-07,3.714709180258069e-07,60048,0,full_state,passed,,5.21289587020874,nan,nan,nan,nan,nan,nan,nan,nan,nan,nan,3.9811974404136024
globalatomic_cudagraph,microns_mm3,NVIDIA GeForce RTX 5090,2.11.0+cu128,12.8,default,0.15,condensed,,,,,5559b144e9cd594f,0,60048,256,1,6965260,115.99487077005062,microns_mm3,0,4531,251.05142100284274,2.1643320893087554,0.6903498928976086,412.0,1353.0,0.005,0.004981301417199574,299.1171875,604.25,607,34866.640625,65849.0,76692,0.2882666238626691,0.4762522633134298,0.7902289829649849,2.0293049860265886,exact,converged,0.78125,0.005,0.004981301724910736,1.869827508926402e-05,True,12,SpMV,CUSPARSE_SPMV_ALG_DEFAULT,,nan,torch_cuda_event_cudagraph_replay,gpu_execution,full_rsnn,device_adapted,independent_inference,sparse_only,"(256, 1, 60048)","(256, 1, 60048)",60048,60048,1,1,BN,spmspv_csc_dense_device,spmspv_csc_dense_device,none,False,False,True,0,torch.int64,torch.float32,torch.float32,dense_device,,,False,False,False,False,False,True,1.0,240192,146273240,146273240,0,0,False,unknown,unknown,unknown,unknown,unknown,,7.26339197;7.25641584;7.25519991;7.26105595;7.26329613;7.261024;7.26534414;7.25632;7.25942421;7.25881577;7.25929594;7.24854422;7.25468779;7.24956799;7.25263977;7.25366402;7.2567358;7.251616;7.25059223;7.251616,20,7.2564623832702635,0.004903280283798194,7.248544216156006,7.265344142913818,passed,0,0.0,1.1920928955078125e-07,1.862645149230957e-09,5.929127837589476e-07,3.714709180258069e-07,5.929127837589476e-07,3.714709180258069e-07,60048,0,full_state,passed,,7.256367921829224,nan,nan,nan,nan,nan,nan,nan,nan,nan,nan,2.860048983071135
vdha_cudagraph,microns_mm3,NVIDIA GeForce RTX 5090,2.11.0+cu128,12.8,default,0.15,condensed,,,,,5559b144e9cd594f,0,60048,256,1,6965260,115.99487077005062,microns_mm3,0,4531,251.05142100284274,2.1643320893087554,0.6903498928976086,412.0,1353.0,0.005,0.004981301417199574,299.1171875,604.25,607,34866.640625,65849.0,76692,0.2882666238626691,0.4762522633134298,0.7902289829649849,2.0293049860265886,exact,converged,0.78125,0.005,0.004981301724910736,1.869827508926402e-05,True,12,SpMV,CUSPARSE_SPMV_ALG_DEFAULT,,nan,torch_cuda_event_cudagraph_replay,gpu_execution,full_rsnn,device_adapted,independent_inference,sparse_only,"(256, 1, 60048)","(256, 1, 60048)",60048,60048,1,1,BN,spmspv_csc_dense_device,spmspv_csc_dense_device,none,False,False,True,0,torch.int64,torch.float32,torch.float32,dense_device,,,False,False,False,False,False,True,1.0,240192,146273240,146273240,0,0,False,unknown,unknown,unknown,unknown,unknown,,11.0772161;11.0600319;11.0618877;11.0608959;11.0639677;11.0619202;11.0577917;11.0629759;11.0640001;11.0639038;11.0598717;11.062912;11.0599041;11.061408;11.0629444;11.0578241;11.0598717;11.0639677;11.0629444;11.0639677,20,11.062510347366333,0.00399468274129129,11.057791709899902,11.077216148376465,passed,0,0.0,1.1920928955078125e-07,1.862645149230957e-09,5.93284255501203e-07,3.715126979386696e-07,5.93284255501203e-07,3.715126979386696e-07,60048,0,full_state,passed,,11.062416076660156,nan,nan,nan,nan,nan,nan,nan,nan,nan,nan,1.8760429504549394
persistent_spike_block,microns_mm3,NVIDIA GeForce RTX 5090,2.11.0+cu128,12.8,default,0.15,condensed,,,,,5559b144e9cd594f,0,60048,256,1,6965260,115.99487077005062,microns_mm3,0,4531,251.05142100284274,2.1643320893087554,0.6903498928976086,412.0,1353.0,0.005,0.004981301417199574,299.1171875,604.25,607,34866.640625,65849.0,76692,0.2882666238626691,0.4762522633134298,0.7902289829649849,2.0293049860265886,exact,converged,0.78125,0.005,0.004981301724910736,1.869827508926402e-05,True,12,SpMV,CUSPARSE_SPMV_ALG_DEFAULT,,nan,torch_cuda_event,gpu_execution,full_rsnn,device_native,independent_inference,full_fusion,"(256, 1, 60048)","(256, 1, 60048)",60048,60048,1,1,BN,event_csr,event_csr,dense_to_events_precomputed,False,True,True,0,torch.int32,torch.float32,torch.float32,windowed_events,,,False,False,False,False,False,False,1.0,1636312,57058580,57058580,0,0,False,unknown,unknown,unknown,unknown,unknown,,3.07062411;3.02732801;3.03011203;3.02531195;3.03408003;3.02937603;3.03008008;3.0274241;3.04022408;3.02735996;3.03308797;3.03455997;3.03311992;3.02630401;3.03715205;3.03068805;3.03292799;3.03043199;3.03715205;3.02591991,20,3.0331632137298583,0.009723591056947076,3.0253119468688965,3.0706241130828857,passed,0,0.0,2.086162567138672e-07,2.7939677238464355e-09,1.040140546137991e-06,5.57816747459583e-07,1.040140546137991e-06,5.57816747459583e-07,60048,0,full_state,passed,,3.03056001663208,nan,nan,nan,nan,nan,nan,6.848096583377193,nan,nan,nan,6.848096583377193
cusparse_direct_cudagraph,microns_mm3,NVIDIA GeForce RTX 5090,2.11.0+cu128,12.8,default,0.15,condensed,,,,,139547cc9dc10a4a,0,60048,256,1,6965260,115.99487077005062,microns_mm3,0,4531,251.05142100284274,2.1643320893087554,0.6903498928976086,412.0,1353.0,0.01,0.009999617493505196,600.45703125,607.0,608,66974.28125,76692.0,76692,0.4520755954180889,0.45207559541808895,0.09549309744345653,1.0125620458374807,sampled_16_timesteps_max_2048_sources,converged,1.171875,0.01,0.00999961793422699,3.8206577301046207e-07,True,12,SpMV,CUSPARSE_SPMV_ALG_DEFAULT,,nan,torch_cuda_event,gpu_execution,full_rsnn,device_native,independent_inference,sparse_only,"(256, 1, 60048)","(256, 1, 60048)",60048,60048,1,1,BN,csr_post_by_pre,csr_post_by_pre,none,False,False,True,0,torch.int32,torch.float32,torch.float32,dense,,,False,False,False,False,False,True,1.0,27216,179661156,179661156,0,0,False,unknown,unknown,unknown,unknown,unknown,,20.766016;20.7484474;20.7479362;20.7315521;20.7376957;20.7499847;20.7438393;20.7417927;20.7489605;20.7376957;20.7499847;20.7397442;20.7376328;20.7561283;20.7479362;20.7458878;20.7376957;20.7346249;20.7376633;20.7417927,20,20.74415054321289,0.008119415347592347,20.731552124023438,20.766016006469727,passed,0,0.0,2.980232238769531e-07,3.725290298461914e-09,1.4859098200759036e-06,7.41538144666265e-07,1.4859098200759036e-06,7.41538144666265e-07,60048,0,full_state,passed,,20.74281597137451,nan,nan,nan,nan,nan,nan,1.0,nan,nan,nan,1.0
tilespmspv_cudagraph,microns_mm3,NVIDIA GeForce RTX 5090,2.11.0+cu128,12.8,default,0.15,condensed,,,,,139547cc9dc10a4a,0,60048,256,1,6965260,115.99487077005062,microns_mm3,0,4531,251.05142100284274,2.1643320893087554,0.6903498928976086,412.0,1353.0,0.01,0.009999617493505196,600.45703125,607.0,608,66974.28125,76692.0,76692,0.4520755954180889,0.45207559541808895,0.09549309744345653,1.0125620458374807,sampled_16_timesteps_max_2048_sources,converged,1.171875,0.01,0.00999961793422699,3.8206577301046207e-07,True,12,SpMV,CUSPARSE_SPMV_ALG_DEFAULT,,nan,torch_cuda_event_cudagraph_replay,gpu_execution,full_rsnn,device_adapted,independent_inference,sparse_only,"(256, 1, 60048)","(256, 1, 60048)",60048,60048,1,1,BN,spmspv_csc_dense_device,spmspv_csc_dense_device,none,False,False,True,0,torch.int64,torch.float32,torch.float32,dense_device,,,False,False,False,False,False,True,1.0,240192,146273240,146273240,0,0,False,unknown,unknown,unknown,unknown,unknown,,5.31187201;5.29900789;5.29772806;5.3049922;5.29587221;5.2945919;5.29987192;5.29686403;5.29769611;5.2988162;5.29734421;5.29884815;5.29782391;5.29680014;5.29987192;5.30089617;5.29372787;5.29884815;5.29779196;5.2988162,20,5.298904061317444,0.0038522322058129497,5.293727874755859,5.3118720054626465,passed,0,0.0,2.2351741790771484e-07,5.587935447692871e-09,1.1154887715747464e-06,1.1074047279180377e-06,1.1154887715747464e-06,1.1074047279180377e-06,60048,0,full_state,passed,,5.298320055007935,nan,nan,nan,nan,nan,nan,nan,nan,nan,nan,3.9149797966184674
globalatomic_cudagraph,microns_mm3,NVIDIA GeForce RTX 5090,2.11.0+cu128,12.8,default,0.15,condensed,,,,,139547cc9dc10a4a,0,60048,256,1,6965260,115.99487077005062,microns_mm3,0,4531,251.05142100284274,2.1643320893087554,0.6903498928976086,412.0,1353.0,0.01,0.009999617493505196,600.45703125,607.0,608,66974.28125,76692.0,76692,0.4520755954180889,0.45207559541808895,0.09549309744345653,1.0125620458374807,sampled_16_timesteps_max_2048_sources,converged,1.171875,0.01,0.00999961793422699,3.8206577301046207e-07,True,12,SpMV,CUSPARSE_SPMV_ALG_DEFAULT,,nan,torch_cuda_event_cudagraph_replay,gpu_execution,full_rsnn,device_adapted,independent_inference,sparse_only,"(256, 1, 60048)","(256, 1, 60048)",60048,60048,1,1,BN,spmspv_csc_dense_device,spmspv_csc_dense_device,none,False,False,True,0,torch.int64,torch.float32,torch.float32,dense_device,,,False,False,False,False,False,True,1.0,240192,146273240,146273240,0,0,False,unknown,unknown,unknown,unknown,unknown,,7.27772808;7.26870394;7.26991987;7.27523184;7.27404785;7.27110386;7.27206421;7.26899195;7.27004814;7.26905584;7.27356815;7.27311993;7.27209616;7.27721596;7.27107191;7.28028822;7.27721596;7.27209616;7.27107191;7.27209616,20,7.272836804389954,0.003240692598869777,7.268703937530518,7.280288219451904,passed,0,0.0,2.2351741790771484e-07,5.587935447692871e-09,1.1154887715747464e-06,1.1074047279180377e-06,1.1154887715747464e-06,1.1074047279180377e-06,60048,0,full_state,passed,,7.272096157073975,nan,nan,nan,nan,nan,nan,nan,nan,nan,nan,2.852384721452949
vdha_cudagraph,microns_mm3,NVIDIA GeForce RTX 5090,2.11.0+cu128,12.8,default,0.15,condensed,,,,,139547cc9dc10a4a,0,60048,256,1,6965260,115.99487077005062,microns_mm3,0,4531,251.05142100284274,2.1643320893087554,0.6903498928976086,412.0,1353.0,0.01,0.009999617493505196,600.45703125,607.0,608,66974.28125,76692.0,76692,0.4520755954180889,0.45207559541808895,0.09549309744345653,1.0125620458374807,sampled_16_timesteps_max_2048_sources,converged,1.171875,0.01,0.00999961793422699,3.8206577301046207e-07,True,12,SpMV,CUSPARSE_SPMV_ALG_DEFAULT,,nan,torch_cuda_event_cudagraph_replay,gpu_execution,full_rsnn,device_adapted,independent_inference,sparse_only,"(256, 1, 60048)","(256, 1, 60048)",60048,60048,1,1,BN,spmspv_csc_dense_device,spmspv_csc_dense_device,none,False,False,True,0,torch.int64,torch.float32,torch.float32,dense_device,,,False,False,False,False,False,True,1.0,240192,146273240,146273240,0,0,False,unknown,unknown,unknown,unknown,unknown,,12.1402884;12.1280642;12.1299524;12.134016;12.1350718;12.136096;12.1299524;12.1360636;12.1279364;12.1288958;12.1320639;12.1360636;12.1300478;12.1282244;12.1340485;12.12992;12.136096;12.134016;12.1330242;12.132,20,12.132592058181762,0.0034297298198003082,12.127936363220215,12.140288352966309,passed,0,0.0,2.2351741790771484e-07,5.587935447692871e-09,1.1154887715747464e-06,1.1074047279180377e-06,1.1154887715747464e-06,1.1074047279180377e-06,60048,0,full_state,passed,,12.132544040679932,nan,nan,nan,nan,nan,nan,nan,nan,nan,nan,1.7096839625576206
persistent_spike_block,microns_mm3,NVIDIA GeForce RTX 5090,2.11.0+cu128,12.8,default,0.15,condensed,,,,,139547cc9dc10a4a,0,60048,256,1,6965260,115.99487077005062,microns_mm3,0,4531,251.05142100284274,2.1643320893087554,0.6903498928976086,412.0,1353.0,0.01,0.009999617493505196,600.45703125,607.0,608,66974.28125,76692.0,76692,0.4520755954180889,0.45207559541808895,0.09549309744345653,1.0125620458374807,sampled_16_timesteps_max_2048_sources,converged,1.171875,0.01,0.00999961793422699,3.8206577301046207e-07,True,12,SpMV,CUSPARSE_SPMV_ALG_DEFAULT,,nan,torch_cuda_event,gpu_execution,full_rsnn,device_native,independent_inference,full_fusion,"(256, 1, 60048)","(256, 1, 60048)",60048,60048,1,1,BN,event_csr,event_csr,dense_to_events_precomputed,False,True,True,0,torch.int32,torch.float32,torch.float32,windowed_events,,,False,False,False,False,False,False,1.0,1636312,57058580,57058580,0,0,False,unknown,unknown,unknown,unknown,unknown,,3.45516801;3.4032321;3.40172791;3.3970561;3.4068799;3.39606404;3.40899205;3.39808011;3.40463996;3.4011519;3.40777612;3.39715195;3.40889597;3.40009594;3.40697598;3.40524793;3.40585589;3.40748811;3.40582395;3.40582395,20,3.4062063932418822,0.012242242060644674,3.396064043045044,3.4551680088043213,passed,0,0.0,3.2782554626464844e-07,1.1175870895385742e-08,1.6317652580255526e-06,2.2052950043871533e-06,1.6317652580255526e-06,2.2052950043871533e-06,60048,0,full_state,passed,,3.405535936355591,nan,nan,nan,nan,nan,nan,6.090910904781784,nan,nan,nan,6.090910904781784
cusparse_direct_cudagraph,microns_mm3,NVIDIA GeForce RTX 5090,2.11.0+cu128,12.8,default,0.15,condensed,,,,,5ebaee6e1ed6cea1,0,60048,256,1,6965260,115.99487077005062,microns_mm3,0,4531,251.05142100284274,2.1643320893087554,0.6903498928976086,412.0,1353.0,0.02,0.01999949519551026,1200.9296875,1217.0,1221,136725.33984375,151372.0,157129,0.6099127379213486,0.6099127379213487,0.08722394685314294,1.0167123127264683,sampled_16_timesteps_max_2048_sources,converged,2.24609375,0.02,0.019999496638774872,5.033612251285902e-07,True,12,SpMV,CUSPARSE_SPMV_ALG_DEFAULT,,nan,torch_cuda_event,gpu_execution,full_rsnn,device_native,independent_inference,sparse_only,"(256, 1, 60048)","(256, 1, 60048)",60048,60048,1,1,BN,csr_post_by_pre,csr_post_by_pre,none,False,False,True,0,torch.int32,torch.float32,torch.float32,dense,,,False,False,False,False,False,True,1.0,27216,179661156,179661156,0,0,False,unknown,unknown,unknown,unknown,unknown,,20.7957764;20.748064;20.7417278;20.7479362;20.7397442;20.7458878;20.7499847;20.7499523;20.7510071;20.7581768;20.7458878;20.7561283;20.7417927;20.7295036;20.7438393;20.7376957;20.7479362;20.7428169;20.7458878;20.7417927,20,20.748076915740967,0.012894961375317837,20.729503631591797,20.7957763671875,passed,0,0.0,5.364418029785156e-07,1.1175870895385742e-08,2.6687077934184344e-06,2.1976372863719007e-06,2.6687077934184344e-06,2.1976372863719007e-06,60048,0,full_state,passed,,20.745887756347656,nan,nan,nan,nan,nan,nan,1.0,nan,nan,nan,1.0
tilespmspv_cudagraph,microns_mm3,NVIDIA GeForce RTX 5090,2.11.0+cu128,12.8,default,0.15,condensed,,,,,5ebaee6e1ed6cea1,0,60048,256,1,6965260,115.99487077005062,microns_mm3,0,4531,251.05142100284274,2.1643320893087554,0.6903498928976086,412.0,1353.0,0.02,0.01999949519551026,1200.9296875,1217.0,1221,136725.33984375,151372.0,157129,0.6099127379213486,0.6099127379213487,0.08722394685314294,1.0167123127264683,sampled_16_timesteps_max_2048_sources,converged,2.24609375,0.02,0.019999496638774872,5.033612251285902e-07,True,12,SpMV,CUSPARSE_SPMV_ALG_DEFAULT,,nan,torch_cuda_event_cudagraph_replay,gpu_execution,full_rsnn,device_adapted,independent_inference,sparse_only,"(256, 1, 60048)","(256, 1, 60048)",60048,60048,1,1,BN,spmspv_csc_dense_device,spmspv_csc_dense_device,none,False,False,True,0,torch.int64,torch.float32,torch.float32,dense_device,,,False,False,False,False,False,True,1.0,240192,146273240,146273240,0,0,False,unknown,unknown,unknown,unknown,unknown,,5.43919992;5.4299202;5.42828798;5.42742395;5.42838383;5.43344021;5.43347216;5.43296003;5.42931223;5.42828798;5.42937613;5.43196821;5.42684793;5.4339838;5.43094397;5.43606377;5.43401623;5.43299198;5.43811178;5.42889595,20,5.431694412231446,0.0035190584370182244,5.4268479347229,5.439199924468994,passed,0,0.0,2.384185791015625e-07,1.1175870895385742e-08,1.1885625781360432e-06,2.2072858882893343e-06,1.1885625781360432e-06,2.2072858882893343e-06,60048,0,full_state,passed,,5.431456089019775,nan,nan,nan,nan,nan,nan,nan,nan,nan,nan,3.8195812350002267
globalatomic_cudagraph,microns_mm3,NVIDIA GeForce RTX 5090,2.11.0+cu128,12.8,default,0.15,condensed,,,,,5ebaee6e1ed6cea1,0,60048,256,1,6965260,115.99487077005062,microns_mm3,0,4531,251.05142100284274,2.1643320893087554,0.6903498928976086,412.0,1353.0,0.02,0.01999949519551026,1200.9296875,1217.0,1221,136725.33984375,151372.0,157129,0.6099127379213486,0.6099127379213487,0.08722394685314294,1.0167123127264683,sampled_16_timesteps_max_2048_sources,converged,2.24609375,0.02,0.019999496638774872,5.033612251285902e-07,True,12,SpMV,CUSPARSE_SPMV_ALG_DEFAULT,,nan,torch_cuda_event_cudagraph_replay,gpu_execution,full_rsnn,device_adapted,independent_inference,sparse_only,"(256, 1, 60048)","(256, 1, 60048)",60048,60048,1,1,BN,spmspv_csc_dense_device,spmspv_csc_dense_device,none,False,False,True,0,torch.int64,torch.float32,torch.float32,dense_device,,,False,False,False,False,False,True,1.0,240192,146273240,146273240,0,0,False,unknown,unknown,unknown,unknown,unknown,,7.28406382;7.26886415;7.26800013;7.27107191;7.27203178;7.27321577;7.26787186;7.26287985;7.26995182;7.27516794;7.26956797;7.26896;7.26595211;7.26287985;7.26697588;7.27004814;7.27516794;7.26595211;7.27516794;7.27004814,20,7.270191955566406,0.00485146894053353,7.262879848480225,7.284063816070557,passed,0,0.0,2.384185791015625e-07,1.1175870895385742e-08,1.1871040896949125e-06,2.1883627141505713e-06,1.1871040896949125e-06,2.1883627141505713e-06,60048,0,full_state,passed,,7.269759893417358,nan,nan,nan,nan,nan,nan,nan,nan,nan,nan,2.853723927681944
vdha_cudagraph,microns_mm3,NVIDIA GeForce RTX 5090,2.11.0+cu128,12.8,default,0.15,condensed,,,,,5ebaee6e1ed6cea1,0,60048,256,1,6965260,115.99487077005062,microns_mm3,0,4531,251.05142100284274,2.1643320893087554,0.6903498928976086,412.0,1353.0,0.02,0.01999949519551026,1200.9296875,1217.0,1221,136725.33984375,151372.0,157129,0.6099127379213486,0.6099127379213487,0.08722394685314294,1.0167123127264683,sampled_16_timesteps_max_2048_sources,converged,2.24609375,0.02,0.019999496638774872,5.033612251285902e-07,True,12,SpMV,CUSPARSE_SPMV_ALG_DEFAULT,,nan,torch_cuda_event_cudagraph_replay,gpu_execution,full_rsnn,device_adapted,independent_inference,sparse_only,"(256, 1, 60048)","(256, 1, 60048)",60048,60048,1,1,BN,spmspv_csc_dense_device,spmspv_csc_dense_device,none,False,False,True,0,torch.int64,torch.float32,torch.float32,dense_device,,,False,False,False,False,False,True,1.0,240192,146273240,146273240,0,0,False,unknown,unknown,unknown,unknown,unknown,,12.6098242;12.5980797;12.5908155;12.5948162;12.5989122;12.6010876;12.5926399;12.5947199;12.5968637;12.5949116;12.5948477;12.5968323;12.5948477;12.5984001;12.5968962;12.5928001;12.5948477;12.5907516;12.5968962;12.5928001,20,12.596129512786865,0.004184356693424652,12.590751647949219,12.609824180603027,passed,0,0.0,4.172325134277344e-07,1.1175870895385742e-08,2.068774847430177e-06,2.2072858882893343e-06,2.068774847430177e-06,2.2072858882893343e-06,60048,0,full_state,passed,,12.594879627227783,nan,nan,nan,nan,nan,nan,nan,nan,nan,nan,1.6471684025863107
persistent_spike_block,microns_mm3,NVIDIA GeForce RTX 5090,2.11.0+cu128,12.8,default,0.15,condensed,,,,,5ebaee6e1ed6cea1,0,60048,256,1,6965260,115.99487077005062,microns_mm3,0,4531,251.05142100284274,2.1643320893087554,0.6903498928976086,412.0,1353.0,0.02,0.01999949519551026,1200.9296875,1217.0,1221,136725.33984375,151372.0,157129,0.6099127379213486,0.6099127379213487,0.08722394685314294,1.0167123127264683,sampled_16_timesteps_max_2048_sources,converged,2.24609375,0.02,0.019999496638774872,5.033612251285902e-07,True,12,SpMV,CUSPARSE_SPMV_ALG_DEFAULT,,nan,torch_cuda_event,gpu_execution,full_rsnn,device_native,independent_inference,full_fusion,"(256, 1, 60048)","(256, 1, 60048)",60048,60048,1,1,BN,event_csr,event_csr,dense_to_events_precomputed,False,True,True,0,torch.int32,torch.float32,torch.float32,windowed_events,,,False,False,False,False,False,False,1.0,1636312,57058580,57058580,0,0,False,unknown,unknown,unknown,unknown,unknown,,4.10767984;4.0360322;4.06816006;4.03401613;4.05609608;4.0360322;4.06016016;4.03395224;4.06028795;4.03401613;4.06627178;4.03401613;4.06435204;4.03808022;4.05612803;4.03708792;4.06016016;4.03398418;4.06425619;4.04275179,20,4.051176071166992,0.01880946325413815,4.033952236175537,4.107679843902588,passed,0,0.0,6.556510925292969e-07,2.2351741790771484e-08,3.2595796710666036e-06,4.353051735961344e-06,3.2595796710666036e-06,4.353051735961344e-06,60048,0,full_state,passed,,4.049423933029175,nan,nan,nan,nan,nan,nan,5.123170134678559,nan,nan,nan,5.123170134678559
cusparse_direct_cudagraph,microns_mm3,NVIDIA GeForce RTX 5090,2.11.0+cu128,12.8,default,0.15,condensed,,,,,e21f7685d7f5b514,0,60048,256,1,6965260,115.99487077005062,microns_mm3,0,4531,251.05142100284274,2.1643320893087554,0.6903498928976086,412.0,1353.0,0.05,0.04999060647315481,3001.8359375,3055.0,3077,365184.3125,387863.0,405554,0.7679152083074497,0.7679152083074496,0.07876107294274422,1.0250393639309276,sampled_16_timesteps_max_2048_sources,converged,5.76171875,0.05,0.04999060928821564,9.390711784365569e-06,True,12,SpMV,CUSPARSE_SPMV_ALG_DEFAULT,,nan,torch_cuda_event,gpu_execution,full_rsnn,device_native,independent_inference,sparse_only,"(256, 1, 60048)","(256, 1, 60048)",60048,60048,1,1,BN,csr_post_by_pre,csr_post_by_pre,none,False,False,True,0,torch.int32,torch.float32,torch.float32,dense,,,False,False,False,False,False,True,1.0,27216,179661156,179661156,0,0,False,unknown,unknown,unknown,unknown,unknown,,20.77952;20.7479992;20.7602234;20.7643204;20.7684155;20.7499523;20.7622719;20.7520313;20.7540798;20.7530556;20.7520313;20.7499847;20.7499847;20.7417927;20.7479362;20.7499847;20.7417927;20.7561283;20.746912;20.7581768,20,20.754329681396484,0.009139272946137504,20.741792678833008,20.77952003479004,passed,0,0.0,8.940696716308594e-07,2.9802322387695312e-08,4.426605755725177e-06,5.509955826710211e-06,4.426605755725177e-06,5.509955826710211e-06,60048,0,full_state,passed,,20.752031326293945,nan,nan,nan,nan,nan,nan,1.0,nan,nan,nan,1.0
tilespmspv_cudagraph,microns_mm3,NVIDIA GeForce RTX 5090,2.11.0+cu128,12.8,default,0.15,condensed,,,,,e21f7685d7f5b514,0,60048,256,1,6965260,115.99487077005062,microns_mm3,0,4531,251.05142100284274,2.1643320893087554,0.6903498928976086,412.0,1353.0,0.05,0.04999060647315481,3001.8359375,3055.0,3077,365184.3125,387863.0,405554,0.7679152083074497,0.7679152083074496,0.07876107294274422,1.0250393639309276,sampled_16_timesteps_max_2048_sources,converged,5.76171875,0.05,0.04999060928821564,9.390711784365569e-06,True,12,SpMV,CUSPARSE_SPMV_ALG_DEFAULT,,nan,torch_cuda_event_cudagraph_replay,gpu_execution,full_rsnn,device_adapted,independent_inference,sparse_only,"(256, 1, 60048)","(256, 1, 60048)",60048,60048,1,1,BN,spmspv_csc_dense_device,spmspv_csc_dense_device,none,False,False,True,0,torch.int64,torch.float32,torch.float32,dense_device,,,False,False,False,False,False,True,1.0,240192,146273240,146273240,0,0,False,unknown,unknown,unknown,unknown,unknown,,5.73993587;5.72662401;5.72688007;5.72380781;5.72486401;5.72278404;5.73248005;5.72336006;5.72035217;5.72035217;5.72841597;5.72380781;5.72073603;5.72688007;5.72380781;5.72688007;5.72278404;5.72684813;5.72380781;5.72892809,20,5.7257168054580685,0.004542843746280378,5.7203521728515625,5.739935874938965,passed,0,0.0,9.5367431640625e-07,2.9802322387695312e-08,4.7675043788331095e-06,5.779170351161156e-06,4.7675043788331095e-06,5.779170351161156e-06,60048,0,full_state,passed,,5.7243359088897705,nan,nan,nan,nan,nan,nan,nan,nan,nan,nan,3.6252294862826773
globalatomic_cudagraph,microns_mm3,NVIDIA GeForce RTX 5090,2.11.0+cu128,12.8,default,0.15,condensed,,,,,e21f7685d7f5b514,0,60048,256,1,6965260,115.99487077005062,microns_mm3,0,4531,251.05142100284274,2.1643320893087554,0.6903498928976086,412.0,1353.0,0.05,0.04999060647315481,3001.8359375,3055.0,3077,365184.3125,387863.0,405554,0.7679152083074497,0.7679152083074496,0.07876107294274422,1.0250393639309276,sampled_16_timesteps_max_2048_sources,converged,5.76171875,0.05,0.04999060928821564,9.390711784365569e-06,True,12,SpMV,CUSPARSE_SPMV_ALG_DEFAULT,,nan,torch_cuda_event_cudagraph_replay,gpu_execution,full_rsnn,device_adapted,independent_inference,sparse_only,"(256, 1, 60048)","(256, 1, 60048)",60048,60048,1,1,BN,spmspv_csc_dense_device,spmspv_csc_dense_device,none,False,False,True,0,torch.int64,torch.float32,torch.float32,dense_device,,,False,False,False,False,False,True,1.0,240192,146273240,146273240,0,0,False,unknown,unknown,unknown,unknown,unknown,,7.24774408;7.23852777;7.2393918;7.24028778;7.24137592;7.2403841;7.24540806;7.2464962;7.24342394;7.24243212;7.23369598;7.24134398;7.2403841;7.24540806;7.24444818;7.24137592;7.23830414;7.23932791;7.24035215;7.24547195,20,7.241779208183289,0.003374995573930785,7.233695983886719,7.247744083404541,passed,0,0.0,9.238719940185547e-07,4.470348358154297e-08,4.61219178760075e-06,8.514059118169826e-06,4.61219178760075e-06,8.514059118169826e-06,60048,0,full_state,passed,,7.2413599491119385,nan,nan,nan,nan,nan,nan,nan,nan,nan,nan,2.8657643691415893
vdha_cudagraph,microns_mm3,NVIDIA GeForce RTX 5090,2.11.0+cu128,12.8,default,0.15,condensed,,,,,e21f7685d7f5b514,0,60048,256,1,6965260,115.99487077005062,microns_mm3,0,4531,251.05142100284274,2.1643320893087554,0.6903498928976086,412.0,1353.0,0.05,0.04999060647315481,3001.8359375,3055.0,3077,365184.3125,387863.0,405554,0.7679152083074497,0.7679152083074496,0.07876107294274422,1.0250393639309276,sampled_16_timesteps_max_2048_sources,converged,5.76171875,0.05,0.04999060928821564,9.390711784365569e-06,True,12,SpMV,CUSPARSE_SPMV_ALG_DEFAULT,,nan,torch_cuda_event_cudagraph_replay,gpu_execution,full_rsnn,device_adapted,independent_inference,sparse_only,"(256, 1, 60048)","(256, 1, 60048)",60048,60048,1,1,BN,spmspv_csc_dense_device,spmspv_csc_dense_device,none,False,False,True,0,torch.int64,torch.float32,torch.float32,dense_device,,,False,False,False,False,False,True,1.0,240192,146273240,146273240,0,0,False,unknown,unknown,unknown,unknown,unknown,,13.2768316;13.260704;13.2645435;13.2717123;13.272768;13.2645121;13.2655678;13.2726717;13.2686396;13.2697277;13.2706881;13.2788801;13.2777281;13.2804155;13.2788162;13.2778559;13.2788162;13.2788801;13.2798719;13.2788801,20,13.273425531387328,0.006145018071188106,13.260704040527344,13.280415534973145,passed,0,0.0,9.5367431640625e-07,2.9802322387695312e-08,4.671732312999666e-06,5.77958780922927e-06,4.671732312999666e-06,5.77958780922927e-06,60048,0,full_state,passed,,13.274799823760986,nan,nan,nan,nan,nan,nan,nan,nan,nan,nan,1.5632651039414716
persistent_spike_block,microns_mm3,NVIDIA GeForce RTX 5090,2.11.0+cu128,12.8,default,0.15,condensed,,,,,e21f7685d7f5b514,0,60048,256,1,6965260,115.99487077005062,microns_mm3,0,4531,251.05142100284274,2.1643320893087554,0.6903498928976086,412.0,1353.0,0.05,0.04999060647315481,3001.8359375,3055.0,3077,365184.3125,387863.0,405554,0.7679152083074497,0.7679152083074496,0.07876107294274422,1.0250393639309276,sampled_16_timesteps_max_2048_sources,converged,5.76171875,0.05,0.04999060928821564,9.390711784365569e-06,True,12,SpMV,CUSPARSE_SPMV_ALG_DEFAULT,,nan,torch_cuda_event,gpu_execution,full_rsnn,device_native,independent_inference,full_fusion,"(256, 1, 60048)","(256, 1, 60048)",60048,60048,1,1,BN,event_csr,event_csr,dense_to_events_precomputed,False,True,True,0,torch.int32,torch.float32,torch.float32,windowed_events,,,False,False,False,False,False,False,1.0,1636312,57058580,57058580,0,0,False,unknown,unknown,unknown,unknown,unknown,,4.85071993;4.71347189;4.79987192;4.71756792;4.80230379;4.71350384;4.79782391;4.71363211;4.79580784;4.72064018;4.80396795;4.72064018;4.80191994;4.71244812;4.79884815;4.71952009;4.80195189;4.71043205;4.79641581;4.71859217,20,4.760503983497619,0.04704419748576931,4.710432052612305,4.850719928741455,passed,0,0.0,1.7389655113220215e-05,6.407499313354492e-07,8.674614218762144e-05,0.00012173669529147446,8.674614218762144e-05,0.00012173669529147446,60048,0,full_state,passed,,4.758224010467529,nan,nan,nan,nan,nan,nan,4.361297677587674,nan,nan,nan,4.361297677587674
cusparse_direct_cudagraph,microns_mm3,NVIDIA GeForce RTX 5090,2.11.0+cu128,12.8,default,0.15,condensed,,,,,0d9aa4d336ed5f8d,0,60048,256,1,6965260,115.99487077005062,microns_mm3,0,4531,251.05142100284274,2.1643320893087554,0.6903498928976086,412.0,1353.0,0.1,0.09996644611394218,6002.78515625,6162.0,6182,754905.5703125,797137.25,815637,0.7747728482955547,0.7747728482955546,0.10823301326655092,1.0298552820207807,sampled_16_timesteps_max_2048_sources,converged,12.9150390625,0.1,0.09996645152568817,3.3548474311834164e-05,True,12,SpMV,CUSPARSE_SPMV_ALG_DEFAULT,,nan,torch_cuda_event,gpu_execution,full_rsnn,device_native,independent_inference,sparse_only,"(256, 1, 60048)","(256, 1, 60048)",60048,60048,1,1,BN,csr_post_by_pre,csr_post_by_pre,none,False,False,True,0,torch.int32,torch.float32,torch.float32,dense,,,False,False,False,False,False,True,1.0,27216,179661156,179661156,0,0,False,unknown,unknown,unknown,unknown,unknown,,20.7864323;20.7688007;20.7561283;20.7520313;20.7520313;20.7602234;20.7458878;20.7397442;20.7417927;20.746912;20.7602234;20.7663689;20.7499847;20.7417927;20.7561283;20.7520313;20.7581444;20.7622719;20.7510071;20.7397442,20,20.75438404083252,0.011356245979202406,20.739744186401367,20.78643226623535,passed,0,0.0,1.9073486328125e-06,8.940696716308594e-08,9.285856322094332e-06,1.5916284610284492e-05,9.285856322094332e-06,1.5916284610284492e-05,60048,0,full_state,passed,,20.752031326293945,nan,nan,nan,nan,nan,nan,1.0,nan,nan,nan,1.0
tilespmspv_cudagraph,microns_mm3,NVIDIA GeForce RTX 5090,2.11.0+cu128,12.8,default,0.15,condensed,,,,,0d9aa4d336ed5f8d,0,60048,256,1,6965260,115.99487077005062,microns_mm3,0,4531,251.05142100284274,2.1643320893087554,0.6903498928976086,412.0,1353.0,0.1,0.09996644611394218,6002.78515625,6162.0,6182,754905.5703125,797137.25,815637,0.7747728482955547,0.7747728482955546,0.10823301326655092,1.0298552820207807,sampled_16_timesteps_max_2048_sources,converged,12.9150390625,0.1,0.09996645152568817,3.3548474311834164e-05,True,12,SpMV,CUSPARSE_SPMV_ALG_DEFAULT,,nan,torch_cuda_event_cudagraph_replay,gpu_execution,full_rsnn,device_adapted,independent_inference,sparse_only,"(256, 1, 60048)","(256, 1, 60048)",60048,60048,1,1,BN,spmspv_csc_dense_device,spmspv_csc_dense_device,none,False,False,True,0,torch.int64,torch.float32,torch.float32,dense_device,,,False,False,False,False,False,True,1.0,240192,146273240,146273240,0,0,False,unknown,unknown,unknown,unknown,unknown,,6.81244802;6.75897598;6.76918411;6.76726389;6.75808001;6.76732779;6.76512003;6.76105595;6.76313591;6.77033615;6.7688961;6.76316786;6.76521587;6.75593615;6.77135992;6.76316786;6.76111984;6.76217604;6.76518393;6.75907183,20,6.766411161422729,0.011639274973155712,6.755936145782471,6.812448024749756,passed,0,0.0,1.9073486328125e-06,1.4901161193847656e-07,9.275612683268264e-06,2.4989005396491848e-05,9.275612683268264e-06,2.4989005396491848e-05,60048,0,full_state,passed,,6.764143943786621,nan,nan,nan,nan,nan,nan,nan,nan,nan,nan,3.067946439158241
globalatomic_cudagraph,microns_mm3,NVIDIA GeForce RTX 5090,2.11.0+cu128,12.8,default,0.15,condensed,,,,,0d9aa4d336ed5f8d,0,60048,256,1,6965260,115.99487077005062,microns_mm3,0,4531,251.05142100284274,2.1643320893087554,0.6903498928976086,412.0,1353.0,0.1,0.09996644611394218,6002.78515625,6162.0,6182,754905.5703125,797137.25,815637,0.7747728482955547,0.7747728482955546,0.10823301326655092,1.0298552820207807,sampled_16_timesteps_max_2048_sources,converged,12.9150390625,0.1,0.09996645152568817,3.3548474311834164e-05,True,12,SpMV,CUSPARSE_SPMV_ALG_DEFAULT,,nan,torch_cuda_event_cudagraph_replay,gpu_execution,full_rsnn,device_adapted,independent_inference,sparse_only,"(256, 1, 60048)","(256, 1, 60048)",60048,60048,1,1,BN,spmspv_csc_dense_device,spmspv_csc_dense_device,none,False,False,True,0,torch.int64,torch.float32,torch.float32,dense_device,,,False,False,False,False,False,True,1.0,240192,146273240,146273240,0,0,False,unknown,unknown,unknown,unknown,unknown,,7.41126394;7.37235212;7.3714242;7.37251186;7.37132788;7.37859201;7.36934423;7.37052822;7.37343979;7.37440014;7.37302399;7.37244797;7.3714242;7.37039995;7.37347221;7.37039995;7.3714242;7.37449598;7.37347221;7.37244797,20,7.374409651756286,0.00890004037063805,7.369344234466553,7.411263942718506,passed,0,0.0,1.9073486328125e-06,1.4901161193847656e-07,9.275612683268264e-06,2.4989005396491848e-05,9.275612683268264e-06,2.4989005396491848e-05,60048,0,full_state,passed,,7.372447967529297,nan,nan,nan,nan,nan,nan,nan,nan,nan,nan,2.8148087877585257
vdha_cudagraph,microns_mm3,NVIDIA GeForce RTX 5090,2.11.0+cu128,12.8,default,0.15,condensed,,,,,0d9aa4d336ed5f8d,0,60048,256,1,6965260,115.99487077005062,microns_mm3,0,4531,251.05142100284274,2.1643320893087554,0.6903498928976086,412.0,1353.0,0.1,0.09996644611394218,6002.78515625,6162.0,6182,754905.5703125,797137.25,815637,0.7747728482955547,0.7747728482955546,0.10823301326655092,1.0298552820207807,sampled_16_timesteps_max_2048_sources,converged,12.9150390625,0.1,0.09996645152568817,3.3548474311834164e-05,True,12,SpMV,CUSPARSE_SPMV_ALG_DEFAULT,,nan,torch_cuda_event_cudagraph_replay,gpu_execution,full_rsnn,device_adapted,independent_inference,sparse_only,"(256, 1, 60048)","(256, 1, 60048)",60048,60048,1,1,BN,spmspv_csc_dense_device,spmspv_csc_dense_device,none,False,False,True,0,torch.int64,torch.float32,torch.float32,dense_device,,,False,False,False,False,False,True,1.0,240192,146273240,146273240,0,0,False,unknown,unknown,unknown,unknown,unknown,,15.2057276;15.1827517;15.1927996;15.2007999;15.1999359;15.2071037;15.196928;15.1803522;15.185504;15.1826878;15.1884804;15.1906557;15.1917124;15.1881285;15.1927357;15.1906881;15.201952;15.1865921;15.1865921;15.1865921,20,15.191935968399047,0.007780729230039926,15.180352210998535,15.207103729248047,passed,0,0.0,1.9073486328125e-06,1.4901161193847656e-07,9.181262612401042e-06,2.4989005396491848e-05,9.181262612401042e-06,2.4989005396491848e-05,60048,0,full_state,passed,,15.190671920776367,nan,nan,nan,nan,nan,nan,nan,nan,nan,nan,1.3661035821536818
persistent_spike_block,microns_mm3,NVIDIA GeForce RTX 5090,2.11.0+cu128,12.8,default,0.15,condensed,,,,,0d9aa4d336ed5f8d,0,60048,256,1,6965260,115.99487077005062,microns_mm3,0,4531,251.05142100284274,2.1643320893087554,0.6903498928976086,412.0,1353.0,0.1,0.09996644611394218,6002.78515625,6162.0,6182,754905.5703125,797137.25,815637,0.7747728482955547,0.7747728482955546,0.10823301326655092,1.0298552820207807,sampled_16_timesteps_max_2048_sources,converged,12.9150390625,0.1,0.09996645152568817,3.3548474311834164e-05,True,12,SpMV,CUSPARSE_SPMV_ALG_DEFAULT,,nan,torch_cuda_event,gpu_execution,full_rsnn,device_native,independent_inference,full_fusion,"(256, 1, 60048)","(256, 1, 60048)",60048,60048,1,1,BN,event_csr,event_csr,dense_to_events_precomputed,False,True,True,0,torch.int32,torch.float32,torch.float32,windowed_events,,,False,False,False,False,False,False,1.0,1636312,57058580,57058580,0,0,False,unknown,unknown,unknown,unknown,unknown,,5.66844797;5.40303993;5.60236788;5.40915203;5.59718418;5.40812778;5.60323191;5.40809584;5.60540819;5.41936016;5.60844803;5.40095997;5.59926414;5.3999362;5.60953617;5.41145611;5.59820795;5.41270399;5.60640001;5.4036479,20,5.5087488174438475,0.10481164326064037,5.399936199188232,5.668447971343994,passed_causal_masked_state,12,7.806254996003197e-07,0.10052525997161865,0.0002617575228214264,0.49932557344436646,0.051408037543296814,0.0002666061045601964,0.0004306905611883849,60032,16,causal_masked_state,passed_causal_masked_state,,5.508272171020508,nan,nan,nan,nan,nan,nan,3.7674302725039914,nan,nan,nan,3.7674302725039914
cusparse_direct_cudagraph,microns_mm3,NVIDIA GeForce RTX 5090,2.11.0+cu128,12.8,default,0.15,condensed,,,,,485ec4a396214e9e,0,60048,256,1,6965260,115.99487077005062,microns_mm3,0,4531,251.05142100284274,2.1643320893087554,0.6903498928976086,412.0,1353.0,0.2,0.11212611941696643,6732.94921875,6903.0,6930,853096.33984375,898004.25,923583,0.775113484517447,0.7751134845174468,0.1139272303470768,1.0292666370780357,sampled_16_timesteps_max_2048_sources,best_effort,250.0,0.2,0.11212612688541412,0.08787387311458589,True,16,SpMV,CUSPARSE_SPMV_ALG_DEFAULT,,nan,torch_cuda_event,gpu_execution,full_rsnn,device_native,independent_inference,sparse_only,"(256, 1, 60048)","(256, 1, 60048)",60048,60048,1,1,BN,csr_post_by_pre,csr_post_by_pre,none,False,False,True,0,torch.int32,torch.float32,torch.float32,dense,,,False,False,False,False,False,True,1.0,27216,179661156,179661156,0,0,False,unknown,unknown,unknown,unknown,unknown,,20.7813759;20.7622395;20.7540798;20.7540798;20.7458878;20.7458878;20.7520313;20.7458878;20.7458878;20.7509441;20.7479362;20.7520313;20.7519684;20.7643204;20.7581768;20.7602234;20.7499847;20.7499847;20.746912;20.7458878,20,20.753286361694336,0.008703762714403833,20.745887756347656,20.781375885009766,passed,0,0.0,0.0001220703125,5.960464477539063e-08,0.0001615380315342918,1.0590336387394927e-05,0.0001615380315342918,1.0590336387394927e-05,60048,0,full_state,passed,,20.751456260681152,nan,nan,nan,nan,nan,nan,1.0,nan,nan,nan,1.0
tilespmspv_cudagraph,microns_mm3,NVIDIA GeForce RTX 5090,2.11.0+cu128,12.8,default,0.15,condensed,,,,,485ec4a396214e9e,0,60048,256,1,6965260,115.99487077005062,microns_mm3,0,4531,251.05142100284274,2.1643320893087554,0.6903498928976086,412.0,1353.0,0.2,0.11212611941696643,6732.94921875,6903.0,6930,853096.33984375,898004.25,923583,0.775113484517447,0.7751134845174468,0.1139272303470768,1.0292666370780357,sampled_16_timesteps_max_2048_sources,best_effort,250.0,0.2,0.11212612688541412,0.08787387311458589,True,16,SpMV,CUSPARSE_SPMV_ALG_DEFAULT,,nan,torch_cuda_event_cudagraph_replay,gpu_execution,full_rsnn,device_adapted,independent_inference,sparse_only,"(256, 1, 60048)","(256, 1, 60048)",60048,60048,1,1,BN,spmspv_csc_dense_device,spmspv_csc_dense_device,none,False,False,True,0,torch.int64,torch.float32,torch.float32,dense_device,,,False,False,False,False,False,True,1.0,240192,146273240,146273240,0,0,False,unknown,unknown,unknown,unknown,unknown,,7.09308815;7.07209587;7.0730238;7.07814407;7.07033587;7.07292795;7.07190418;7.07196808;7.07705593;7.08636808;7.07097578;7.07651186;7.07651186;7.07337618;7.07446384;7.06627178;7.07139206;7.07849598;7.07958412;7.0683198,20,7.075140762329101,0.006147502748716687,7.066271781921387,7.093088150024414,passed,0,0.0,6.103515625e-05,1.7881393432617188e-07,7.767723582219332e-05,2.9068147341604345e-05,7.767723582219332e-05,2.9068147341604345e-05,60048,0,full_state,passed,,7.073199987411499,nan,nan,nan,nan,nan,nan,nan,nan,nan,nan,2.9338144400856017
globalatomic_cudagraph,microns_mm3,NVIDIA GeForce RTX 5090,2.11.0+cu128,12.8,default,0.15,condensed,,,,,485ec4a396214e9e,0,60048,256,1,6965260,115.99487077005062,microns_mm3,0,4531,251.05142100284274,2.1643320893087554,0.6903498928976086,412.0,1353.0,0.2,0.11212611941696643,6732.94921875,6903.0,6930,853096.33984375,898004.25,923583,0.775113484517447,0.7751134845174468,0.1139272303470768,1.0292666370780357,sampled_16_timesteps_max_2048_sources,best_effort,250.0,0.2,0.11212612688541412,0.08787387311458589,True,16,SpMV,CUSPARSE_SPMV_ALG_DEFAULT,,nan,torch_cuda_event_cudagraph_replay,gpu_execution,full_rsnn,device_adapted,independent_inference,sparse_only,"(256, 1, 60048)","(256, 1, 60048)",60048,60048,1,1,BN,spmspv_csc_dense_device,spmspv_csc_dense_device,none,False,False,True,0,torch.int64,torch.float32,torch.float32,dense_device,,,False,False,False,False,False,True,1.0,240192,146273240,146273240,0,0,False,unknown,unknown,unknown,unknown,unknown,,7.44975996;7.44006395;7.4369278;7.4400959;7.43894386;7.43596792;7.43699217;7.43590403;7.44316816;7.4378562;7.43849611;7.43798399;7.44003201;7.43696022;7.43798399;7.43286419;7.43593597;7.4349122;7.43798399;7.43900824,20,7.4383920431137085,0.0034703976402119027,7.432864189147949,7.4497599601745605,passed,0,0.0,9.1552734375e-05,1.7881393432617188e-07,9.04311818885617e-05,2.9068147341604345e-05,9.04311818885617e-05,2.9068147341604345e-05,60048,0,full_state,passed,,7.437983989715576,nan,nan,nan,nan,nan,nan,nan,nan,nan,nan,2.7899302135328576
vdha_cudagraph,microns_mm3,NVIDIA GeForce RTX 5090,2.11.0+cu128,12.8,default,0.15,condensed,,,,,485ec4a396214e9e,0,60048,256,1,6965260,115.99487077005062,microns_mm3,0,4531,251.05142100284274,2.1643320893087554,0.6903498928976086,412.0,1353.0,0.2,0.11212611941696643,6732.94921875,6903.0,6930,853096.33984375,898004.25,923583,0.775113484517447,0.7751134845174468,0.1139272303470768,1.0292666370780357,sampled_16_timesteps_max_2048_sources,best_effort,250.0,0.2,0.11212612688541412,0.08787387311458589,True,16,SpMV,CUSPARSE_SPMV_ALG_DEFAULT,,nan,torch_cuda_event_cudagraph_replay,gpu_execution,full_rsnn,device_adapted,independent_inference,sparse_only,"(256, 1, 60048)","(256, 1, 60048)",60048,60048,1,1,BN,spmspv_csc_dense_device,spmspv_csc_dense_device,none,False,False,True,0,torch.int64,torch.float32,torch.float32,dense_device,,,False,False,False,False,False,True,1.0,240192,146273240,146273240,0,0,False,unknown,unknown,unknown,unknown,unknown,,15.7930555;15.7731524;15.7702398;15.7733116;15.7722559;15.768672;15.7744961;15.773344;15.7763844;15.777504;15.7826242;15.7773438;15.7723198;15.7829762;15.7723198;15.7753916;15.7764158;15.7774401;15.7743683;15.7794561,20,15.776153564453125,0.005414621278344725,15.768671989440918,15.793055534362793,passed_causal_masked_state,354,2.3028452238209433e-05,0.9994069933891296,0.01244666799902916,4.947575092315674,2.422609567642212,0.0001073288731276989,2.9068147341604345e-05,38219,21829,causal_masked_state,passed_causal_masked_state,,15.774943828582764,nan,nan,nan,nan,nan,nan,nan,nan,nan,nan,1.315469423294009
persistent_spike_block,microns_mm3,NVIDIA GeForce RTX 5090,2.11.0+cu128,12.8,default,0.15,condensed,,,,,485ec4a396214e9e,0,60048,256,1,6965260,115.99487077005062,microns_mm3,0,4531,251.05142100284274,2.1643320893087554,0.6903498928976086,412.0,1353.0,0.2,0.11212611941696643,6732.94921875,6903.0,6930,853096.33984375,898004.25,923583,0.775113484517447,0.7751134845174468,0.1139272303470768,1.0292666370780357,sampled_16_timesteps_max_2048_sources,best_effort,250.0,0.2,0.11212612688541412,0.08787387311458589,True,16,SpMV,CUSPARSE_SPMV_ALG_DEFAULT,,nan,torch_cuda_event,gpu_execution,full_rsnn,device_native,independent_inference,full_fusion,"(256, 1, 60048)","(256, 1, 60048)",60048,60048,1,1,BN,event_csr,event_csr,dense_to_events_precomputed,False,True,True,0,torch.int32,torch.float32,torch.float32,windowed_events,,,False,False,False,False,False,False,1.0,1636312,57058580,57058580,0,0,False,unknown,unknown,unknown,unknown,unknown,,5.87571192;5.56239986;5.83718395;5.56748819;5.83107185;5.57260799;5.83718395;5.56137609;5.84127998;5.55212784;5.84025621;5.55622387;5.843328;5.56438398;5.8260479;5.55814409;5.82489586;5.57158422;5.83270407;5.56748819,20,5.701174402236939,0.14178913202010318,5.552127838134766,5.875711917877197,passed_causal_masked_state,955,6.212477934319212e-05,0.9985325336456299,0.023625805974006653,4.992636680603027,4.4776105880737305,0.0001615380315342918,0.00020878064970020205,26309,33739,causal_masked_state,passed_causal_masked_state,,5.698751926422119,nan,nan,nan,nan,nan,nan,3.6414036842817374,nan,nan,nan,3.6414036842817374
cusparse_direct_cudagraph,microns_mm3,NVIDIA GeForce RTX 5090,2.11.0+cu128,12.8,default,0.15,condensed,,,,,689aa0aa6b9f2ce7,1,60048,256,1,6965260,115.99487077005062,microns_mm3,1,4531,251.05142100284274,2.1643320893087554,0.6903498928976086,412.0,1353.0,0.005,0.004667229757860379,280.2578125,409.25,964,27345.13671875,43363.75,106385,0.25430907234912753,0.36027600685360395,0.34491381674428717,3.4396900175619547,exact,converged,1.0009765625,0.005,0.004667229950428009,0.00033277004957199107,True,12,SpMV,CUSPARSE_SPMV_ALG_DEFAULT,,nan,torch_cuda_event,gpu_execution,full_rsnn,device_native,independent_inference,sparse_only,"(256, 1, 60048)","(256, 1, 60048)",60048,60048,1,1,BN,csr_post_by_pre,csr_post_by_pre,none,False,False,True,0,torch.int32,torch.float32,torch.float32,dense,,,False,False,False,False,False,True,1.0,27216,179661156,179661156,0,0,False,unknown,unknown,unknown,unknown,unknown,,20.7493439;20.7318726;20.7233601;20.7315521;20.7315521;20.7254086;20.7254086;20.7192631;20.7366714;20.7295036;20.7397442;20.7315521;20.7356472;20.7336006;20.7192631;20.7254086;20.7325764;20.7294407;20.7315521;20.7315521,20,20.730713653564454,0.006916634523556741,20.719263076782227,20.749343872070312,passed,0,0.0,1.1920928955078125e-07,3.725290298461914e-09,5.960270073046559e-07,7.405781161651248e-07,5.960270073046559e-07,7.405781161651248e-07,60048,0,full_state,passed,,20.731552124023438,nan,nan,nan,nan,nan,nan,1.0,nan,nan,nan,1.0
tilespmspv_cudagraph,microns_mm3,NVIDIA GeForce RTX 5090,2.11.0+cu128,12.8,default,0.15,condensed,,,,,689aa0aa6b9f2ce7,1,60048,256,1,6965260,115.99487077005062,microns_mm3,1,4531,251.05142100284274,2.1643320893087554,0.6903498928976086,412.0,1353.0,0.005,0.004667229757860379,280.2578125,409.25,964,27345.13671875,43363.75,106385,0.25430907234912753,0.36027600685360395,0.34491381674428717,3.4396900175619547,exact,converged,1.0009765625,0.005,0.004667229950428009,0.00033277004957199107,True,12,SpMV,CUSPARSE_SPMV_ALG_DEFAULT,,nan,torch_cuda_event_cudagraph_replay,gpu_execution,full_rsnn,device_adapted,independent_inference,sparse_only,"(256, 1, 60048)","(256, 1, 60048)",60048,60048,1,1,BN,spmspv_csc_dense_device,spmspv_csc_dense_device,none,False,False,True,0,torch.int64,torch.float32,torch.float32,dense_device,,,False,False,False,False,False,True,1.0,240192,146273240,146273240,0,0,False,unknown,unknown,unknown,unknown,unknown,,5.46694422;5.45071983;5.450912;5.44793606;5.44691181;5.45052814;5.44572783;5.4495039;5.45190382;5.444736;5.45206404;5.44835186;5.45142412;5.44425583;5.45142412;5.44630384;5.45244789;5.44729614;5.44835186;5.44937611,20,5.449855971336365,0.004735351729451661,5.444255828857422,5.466944217681885,passed,0,0.0,1.1920928955078125e-07,1.862645149230957e-09,5.955294000159483e-07,3.7115137274668086e-07,5.955294000159483e-07,3.7115137274668086e-07,60048,0,full_state,passed,,5.449440002441406,nan,nan,nan,nan,nan,nan,nan,nan,nan,nan,3.8043454216828674
globalatomic_cudagraph,microns_mm3,NVIDIA GeForce RTX 5090,2.11.0+cu128,12.8,default,0.15,condensed,,,,,689aa0aa6b9f2ce7,1,60048,256,1,6965260,115.99487077005062,microns_mm3,1,4531,251.05142100284274,2.1643320893087554,0.6903498928976086,412.0,1353.0,0.005,0.004667229757860379,280.2578125,409.25,964,27345.13671875,43363.75,106385,0.25430907234912753,0.36027600685360395,0.34491381674428717,3.4396900175619547,exact,converged,1.0009765625,0.005,0.004667229950428009,0.00033277004957199107,True,12,SpMV,CUSPARSE_SPMV_ALG_DEFAULT,,nan,torch_cuda_event_cudagraph_replay,gpu_execution,full_rsnn,device_adapted,independent_inference,sparse_only,"(256, 1, 60048)","(256, 1, 60048)",60048,60048,1,1,BN,spmspv_csc_dense_device,spmspv_csc_dense_device,none,False,False,True,0,torch.int64,torch.float32,torch.float32,dense_device,,,False,False,False,False,False,True,1.0,240192,146273240,146273240,0,0,False,unknown,unknown,unknown,unknown,unknown,,7.33273602;7.3144002;7.31305599;7.31609583;7.31091213;7.30991983;7.30678415;7.31196785;7.30899191;7.30988789;7.30851221;7.31203222;7.31510401;7.31203222;7.31097603;7.30998421;7.31712008;7.30998421;7.30889606;7.30793619,20,7.312366461753845,0.005527518220541617,7.306784152984619,7.332736015319824,passed,0,0.0,1.1920928955078125e-07,1.862645149230957e-09,5.955294000159483e-07,3.711304543685401e-07,5.955294000159483e-07,3.711304543685401e-07,60048,0,full_state,passed,,7.310944080352783,nan,nan,nan,nan,nan,nan,nan,nan,nan,nan,2.8356874154921803
vdha_cudagraph,microns_mm3,NVIDIA GeForce RTX 5090,2.11.0+cu128,12.8,default,0.15,condensed,,,,,689aa0aa6b9f2ce7,1,60048,256,1,6965260,115.99487077005062,microns_mm3,1,4531,251.05142100284274,2.1643320893087554,0.6903498928976086,412.0,1353.0,0.005,0.004667229757860379,280.2578125,409.25,964,27345.13671875,43363.75,106385,0.25430907234912753,0.36027600685360395,0.34491381674428717,3.4396900175619547,exact,converged,1.0009765625,0.005,0.004667229950428009,0.00033277004957199107,True,12,SpMV,CUSPARSE_SPMV_ALG_DEFAULT,,nan,torch_cuda_event_cudagraph_replay,gpu_execution,full_rsnn,device_adapted,independent_inference,sparse_only,"(256, 1, 60048)","(256, 1, 60048)",60048,60048,1,1,BN,spmspv_csc_dense_device,spmspv_csc_dense_device,none,False,False,True,0,torch.int64,torch.float32,torch.float32,dense_device,,,False,False,False,False,False,True,1.0,240192,146273240,146273240,0,0,False,unknown,unknown,unknown,unknown,unknown,,13.8085117;13.7860804;13.784256;13.7856636;13.7863045;13.7918396;13.7867517;13.7934084;13.7857599;13.7881918;13.7854404;13.7882881;13.7817602;13.7862396;13.7857599;13.7878084;13.7908478;13.7857599;13.7867842;13.787776,20,13.788161611557006,0.00545426053246457,13.781760215759277,13.808511734008789,passed,0,0.0,1.1920928955078125e-07,3.725290298461914e-09,5.955294000159483e-07,7.388738936242589e-07,5.955294000159483e-07,7.388738936242589e-07,60048,0,full_state,passed,,13.78652811050415,nan,nan,nan,nan,nan,nan,nan,nan,nan,nan,1.503754386735539
persistent_spike_block,microns_mm3,NVIDIA GeForce RTX 5090,2.11.0+cu128,12.8,default,0.15,condensed,,,,,689aa0aa6b9f2ce7,1,60048,256,1,6965260,115.99487077005062,microns_mm3,1,4531,251.05142100284274,2.1643320893087554,0.6903498928976086,412.0,1353.0,0.005,0.004667229757860379,280.2578125,409.25,964,27345.13671875,43363.75,106385,0.25430907234912753,0.36027600685360395,0.34491381674428717,3.4396900175619547,exact,converged,1.0009765625,0.005,0.004667229950428009,0.00033277004957199107,True,12,SpMV,CUSPARSE_SPMV_ALG_DEFAULT,,nan,torch_cuda_event,gpu_execution,full_rsnn,device_native,independent_inference,full_fusion,"(256, 1, 60048)","(256, 1, 60048)",60048,60048,1,1,BN,event_csr,event_csr,dense_to_events_precomputed,False,True,True,0,torch.int32,torch.float32,torch.float32,windowed_events,,,False,False,False,False,False,False,1.0,1636312,57058580,57058580,0,0,False,unknown,unknown,unknown,unknown,unknown,,4.19158411;4.09904003;4.1015358;4.1010561;4.0953598;4.09292793;4.10355186;4.09094381;4.0995841;4.094944;4.09945583;4.10316801;4.1076479;4.10304022;4.10358381;4.09904003;4.11382389;4.09916782;4.10726404;4.09600019,20,4.10513596534729,0.021037287775850923,4.090943813323975,4.19158411026001,passed,0,0.0,1.4901161193847656e-07,5.587935447692871e-09,7.41850556096324e-07,1.1102705457233242e-06,7.41850556096324e-07,1.1102705457233242e-06,60048,0,full_state,passed,,4.100320100784302,nan,nan,nan,nan,nan,nan,5.056081382538388,nan,nan,nan,5.056081382538388
cusparse_direct_cudagraph,microns_mm3,NVIDIA GeForce RTX 5090,2.11.0+cu128,12.8,default,0.15,condensed,,,,,338d3c1ed916c887,1,60048,256,1,6965260,115.99487077005062,microns_mm3,1,4531,251.05142100284274,2.1643320893087554,0.6903498928976086,412.0,1353.0,0.01,0.009999877702005062,600.47265625,583.0,1166,69733.4921875,82382.0,141480,0.4746356863878918,0.474635686387892,0.16072863599964907,1.9418036572751933,sampled_16_timesteps_max_2048_sources,converged,1.4892578125,0.01,0.009999877773225307,1.2222677469274357e-07,True,12,SpMV,CUSPARSE_SPMV_ALG_DEFAULT,,nan,torch_cuda_event,gpu_execution,full_rsnn,device_native,independent_inference,sparse_only,"(256, 1, 60048)","(256, 1, 60048)",60048,60048,1,1,BN,csr_post_by_pre,csr_post_by_pre,none,False,False,True,0,torch.int32,torch.float32,torch.float32,dense,,,False,False,False,False,False,True,1.0,27216,179661156,179661156,0,0,False,unknown,unknown,unknown,unknown,unknown,,20.746912;20.7237434;20.7315521;20.7295036;20.7151356;20.7233601;20.7336006;20.7274551;20.7325764;20.7438393;20.7437763;20.7438393;20.7438393;20.7295036;20.7192631;20.7273922;20.7243843;20.7274551;20.7213116;20.7295036,20,20.73089733123779,0.00918599889684778,20.71513557434082,20.746912002563477,passed,0,0.0,1.1920928955078125e-07,7.450580596923828e-09,5.944996246398659e-07,1.4689611589346896e-06,5.944996246398659e-07,1.4689611589346896e-06,60048,0,full_state,passed,,20.729503631591797,nan,nan,nan,nan,nan,nan,1.0,nan,nan,nan,1.0
tilespmspv_cudagraph,microns_mm3,NVIDIA GeForce RTX 5090,2.11.0+cu128,12.8,default,0.15,condensed,,,,,338d3c1ed916c887,1,60048,256,1,6965260,115.99487077005062,microns_mm3,1,4531,251.05142100284274,2.1643320893087554,0.6903498928976086,412.0,1353.0,0.01,0.009999877702005062,600.47265625,583.0,1166,69733.4921875,82382.0,141480,0.4746356863878918,0.474635686387892,0.16072863599964907,1.9418036572751933,sampled_16_timesteps_max_2048_sources,converged,1.4892578125,0.01,0.009999877773225307,1.2222677469274357e-07,True,12,SpMV,CUSPARSE_SPMV_ALG_DEFAULT,,nan,torch_cuda_event_cudagraph_replay,gpu_execution,full_rsnn,device_adapted,independent_inference,sparse_only,"(256, 1, 60048)","(256, 1, 60048)",60048,60048,1,1,BN,spmspv_csc_dense_device,spmspv_csc_dense_device,none,False,False,True,0,torch.int64,torch.float32,torch.float32,dense_device,,,False,False,False,False,False,True,1.0,240192,146273240,146273240,0,0,False,unknown,unknown,unknown,unknown,unknown,,5.77487993;5.74953604;5.74748802;5.74825621;5.74940777;5.74751997;5.74720001;5.74630404;5.74720001;5.7535038;5.746912;5.748384;5.74940777;5.75145578;5.74940777;5.75043201;5.74940777;5.74736023;5.74736023;5.74633598,20,5.7498879671096805,0.00615292476000501,5.746304035186768,5.7748799324035645,passed,0,0.0,1.1920928955078125e-07,3.725290298461914e-09,5.942840743955458e-07,7.416705329887918e-07,5.942840743955458e-07,7.416705329887918e-07,60048,0,full_state,passed,,5.74832010269165,nan,nan,nan,nan,nan,nan,nan,nan,nan,nan,3.6061846350354094
globalatomic_cudagraph,microns_mm3,NVIDIA GeForce RTX 5090,2.11.0+cu128,12.8,default,0.15,condensed,,,,,338d3c1ed916c887,1,60048,256,1,6965260,115.99487077005062,microns_mm3,1,4531,251.05142100284274,2.1643320893087554,0.6903498928976086,412.0,1353.0,0.01,0.009999877702005062,600.47265625,583.0,1166,69733.4921875,82382.0,141480,0.4746356863878918,0.474635686387892,0.16072863599964907,1.9418036572751933,sampled_16_timesteps_max_2048_sources,converged,1.4892578125,0.01,0.009999877773225307,1.2222677469274357e-07,True,12,SpMV,CUSPARSE_SPMV_ALG_DEFAULT,,nan,torch_cuda_event_cudagraph_replay,gpu_execution,full_rsnn,device_adapted,independent_inference,sparse_only,"(256, 1, 60048)","(256, 1, 60048)",60048,60048,1,1,BN,spmspv_csc_dense_device,spmspv_csc_dense_device,none,False,False,True,0,torch.int64,torch.float32,torch.float32,dense_device,,,False,False,False,False,False,True,1.0,240192,146273240,146273240,0,0,False,unknown,unknown,unknown,unknown,unknown,,7.32172823;7.31427193;7.3151679;7.31603193;7.31923199;7.31414413;7.31916809;7.31408024;7.31302404;7.31609583;7.31871986;7.31817579;7.31715202;7.32220793;7.31715202;7.31203222;7.31510401;7.31408024;7.31715202;7.31817579,20,7.316644811630249,0.0027555834338516805,7.312032222747803,7.322207927703857,passed,0,0.0,1.1920928955078125e-07,7.450580596923828e-09,5.949516435066471e-07,1.4689611589346896e-06,5.949516435066471e-07,1.4689611589346896e-06,60048,0,full_state,passed,,7.31662392616272,nan,nan,nan,nan,nan,nan,nan,nan,nan,nan,2.8332061126535995
vdha_cudagraph,microns_mm3,NVIDIA GeForce RTX 5090,2.11.0+cu128,12.8,default,0.15,condensed,,,,,338d3c1ed916c887,1,60048,256,1,6965260,115.99487077005062,microns_mm3,1,4531,251.05142100284274,2.1643320893087554,0.6903498928976086,412.0,1353.0,0.01,0.009999877702005062,600.47265625,583.0,1166,69733.4921875,82382.0,141480,0.4746356863878918,0.474635686387892,0.16072863599964907,1.9418036572751933,sampled_16_timesteps_max_2048_sources,converged,1.4892578125,0.01,0.009999877773225307,1.2222677469274357e-07,True,12,SpMV,CUSPARSE_SPMV_ALG_DEFAULT,,nan,torch_cuda_event_cudagraph_replay,gpu_execution,full_rsnn,device_adapted,independent_inference,sparse_only,"(256, 1, 60048)","(256, 1, 60048)",60048,60048,1,1,BN,spmspv_csc_dense_device,spmspv_csc_dense_device,none,False,False,True,0,torch.int64,torch.float32,torch.float32,dense_device,,,False,False,False,False,False,True,1.0,240192,146273240,146273240,0,0,False,unknown,unknown,unknown,unknown,unknown,,13.8613119;13.8269444;13.8359041;13.8246717;13.8216;13.8288641;13.8242884;13.8291521;13.8247042;13.8277435;13.830368;13.8284159;13.8296957;13.832448;13.8338881;13.8349123;13.8267202;13.829792;13.8287678;13.825696,20,13.830294418334962,0.008170676368966333,13.821599960327148,13.861311912536621,passed,0,0.0,1.1920928955078125e-07,7.450580596923828e-09,5.942840743955458e-07,1.469421249566949e-06,5.942840743955458e-07,1.469421249566949e-06,60048,0,full_state,passed,,13.828815937042236,nan,nan,nan,nan,nan,nan,nan,nan,nan,nan,1.4990078489702936
persistent_spike_block,microns_mm3,NVIDIA GeForce RTX 5090,2.11.0+cu128,12.8,default,0.15,condensed,,,,,338d3c1ed916c887,1,60048,256,1,6965260,115.99487077005062,microns_mm3,1,4531,251.05142100284274,2.1643320893087554,0.6903498928976086,412.0,1353.0,0.01,0.009999877702005062,600.47265625,583.0,1166,69733.4921875,82382.0,141480,0.4746356863878918,0.474635686387892,0.16072863599964907,1.9418036572751933,sampled_16_timesteps_max_2048_sources,converged,1.4892578125,0.01,0.009999877773225307,1.2222677469274357e-07,True,12,SpMV,CUSPARSE_SPMV_ALG_DEFAULT,,nan,torch_cuda_event,gpu_execution,full_rsnn,device_native,independent_inference,full_fusion,"(256, 1, 60048)","(256, 1, 60048)",60048,60048,1,1,BN,event_csr,event_csr,dense_to_events_precomputed,False,True,True,0,torch.int32,torch.float32,torch.float32,windowed_events,,,False,False,False,False,False,False,1.0,1636312,57058580,57058580,0,0,False,unknown,unknown,unknown,unknown,unknown,,3.96179199;3.92127991;3.91875196;3.91718411;3.91465592;3.91923189;3.91680002;3.91411209;3.91670394;3.91616011;3.9187839;3.92131209;3.92089605;3.9195199;3.92499208;3.92230392;3.920928;3.91923189;3.91680002;3.913728,20,3.9207583904266357,0.010082161428454068,3.9137279987335205,3.9617919921875,passed,0,0.0,2.384185791015625e-07,1.1175870895385742e-08,1.1840405704788282e-06,2.2148265088617336e-06,1.1840405704788282e-06,2.2148265088617336e-06,60048,0,full_state,passed,,3.919007897377014,nan,nan,nan,nan,nan,nan,5.289477381626615,nan,nan,nan,5.289477381626615
cusparse_direct_cudagraph,microns_mm3,NVIDIA GeForce RTX 5090,2.11.0+cu128,12.8,default,0.15,condensed,,,,,a40da76ac0e7cd2f,1,60048,256,1,6965260,115.99487077005062,microns_mm3,1,4531,251.05142100284274,2.1643320893087554,0.6903498928976086,412.0,1353.0,0.02,0.019993835660638157,1200.58984375,1175.0,2332,142794.41796875,159866.25,273217,0.6546830923780486,0.6546830923780486,0.16048023990348378,1.9423785834436849,sampled_16_timesteps_max_2048_sources,converged,2.63671875,0.02,0.01999383606016636,6.163939833641469e-06,True,12,SpMV,CUSPARSE_SPMV_ALG_DEFAULT,,nan,torch_cuda_event,gpu_execution,full_rsnn,device_native,independent_inference,sparse_only,"(256, 1, 60048)","(256, 1, 60048)",60048,60048,1,1,BN,csr_post_by_pre,csr_post_by_pre,none,False,False,True,0,torch.int32,torch.float32,torch.float32,dense,,,False,False,False,False,False,True,1.0,27216,179661156,179661156,0,0,False,unknown,unknown,unknown,unknown,unknown,,20.7843513;20.7402248;20.7438393;20.7254086;20.7254086;20.7356472;20.7295036;20.7254086;20.7284794;20.7274551;20.7192631;20.7315521;20.7274551;20.7254086;20.7397442;20.7254086;20.7346249;20.7295036;20.7315521;20.7295036,20,20.732987117767333,0.01349741544222552,20.719263076782227,20.784351348876953,passed,0,0.0,2.384185791015625e-07,1.4901161193847656e-08,1.1885077810802613e-06,2.8855019991169684e-06,1.1885077810802613e-06,2.8855019991169684e-06,60048,0,full_state,passed,,20.729503631591797,nan,nan,nan,nan,nan,nan,1.0,nan,nan,nan,1.0
tilespmspv_cudagraph,microns_mm3,NVIDIA GeForce RTX 5090,2.11.0+cu128,12.8,default,0.15,condensed,,,,,a40da76ac0e7cd2f,1,60048,256,1,6965260,115.99487077005062,microns_mm3,1,4531,251.05142100284274,2.1643320893087554,0.6903498928976086,412.0,1353.0,0.02,0.019993835660638157,1200.58984375,1175.0,2332,142794.41796875,159866.25,273217,0.6546830923780486,0.6546830923780486,0.16048023990348378,1.9423785834436849,sampled_16_timesteps_max_2048_sources,converged,2.63671875,0.02,0.01999383606016636,6.163939833641469e-06,True,12,SpMV,CUSPARSE_SPMV_ALG_DEFAULT,,nan,torch_cuda_event_cudagraph_replay,gpu_execution,full_rsnn,device_adapted,independent_inference,sparse_only,"(256, 1, 60048)","(256, 1, 60048)",60048,60048,1,1,BN,spmspv_csc_dense_device,spmspv_csc_dense_device,none,False,False,True,0,torch.int64,torch.float32,torch.float32,dense_device,,,False,False,False,False,False,True,1.0,240192,146273240,146273240,0,0,False,unknown,unknown,unknown,unknown,unknown,,5.83225584;5.8209281;5.82675219;5.8226881;5.82582378;5.82064009;5.82272005;5.82460785;5.82582378;5.81865597;5.822752;5.82108784;5.82313585;5.82211208;5.82518387;5.82108784;5.82102394;5.82006407;5.82716799;5.82313585,20,5.8233823537826535,0.003138319822140395,5.818655967712402,5.832255840301514,passed,0,0.0,2.384185791015625e-07,1.4901161193847656e-08,1.1910975672435598e-06,2.9006034765188815e-06,1.1910975672435598e-06,2.9006034765188815e-06,60048,0,full_state,passed,,5.822736024856567,nan,nan,nan,nan,nan,nan,nan,nan,nan,nan,3.5600967557347634
globalatomic_cudagraph,microns_mm3,NVIDIA GeForce RTX 5090,2.11.0+cu128,12.8,default,0.15,condensed,,,,,a40da76ac0e7cd2f,1,60048,256,1,6965260,115.99487077005062,microns_mm3,1,4531,251.05142100284274,2.1643320893087554,0.6903498928976086,412.0,1353.0,0.02,0.019993835660638157,1200.58984375,1175.0,2332,142794.41796875,159866.25,273217,0.6546830923780486,0.6546830923780486,0.16048023990348378,1.9423785834436849,sampled_16_timesteps_max_2048_sources,converged,2.63671875,0.02,0.01999383606016636,6.163939833641469e-06,True,12,SpMV,CUSPARSE_SPMV_ALG_DEFAULT,,nan,torch_cuda_event_cudagraph_replay,gpu_execution,full_rsnn,device_adapted,independent_inference,sparse_only,"(256, 1, 60048)","(256, 1, 60048)",60048,60048,1,1,BN,spmspv_csc_dense_device,spmspv_csc_dense_device,none,False,False,True,0,torch.int64,torch.float32,torch.float32,dense_device,,,False,False,False,False,False,True,1.0,240192,146273240,146273240,0,0,False,unknown,unknown,unknown,unknown,unknown,,7.31123209;7.28966379;7.29871988;7.29964781;7.30281591;7.29763222;7.30284786;7.30790377;7.31097603;7.30796814;7.30639982;7.30995178;7.31097603;7.30179214;7.29462385;7.30588818;7.30691195;7.30793619;7.2945919;7.29766417,20,7.3033071756362915,0.006311258334083474,7.289663791656494,7.311232089996338,passed,0,0.0,2.384185791015625e-07,1.4901161193847656e-08,1.1898571301571792e-06,2.9006034765188815e-06,1.1898571301571792e-06,2.9006034765188815e-06,60048,0,full_state,passed,,7.304368019104004,nan,nan,nan,nan,nan,nan,nan,nan,nan,nan,2.83795991348949
vdha_cudagraph,microns_mm3,NVIDIA GeForce RTX 5090,2.11.0+cu128,12.8,default,0.15,condensed,,,,,a40da76ac0e7cd2f,1,60048,256,1,6965260,115.99487077005062,microns_mm3,1,4531,251.05142100284274,2.1643320893087554,0.6903498928976086,412.0,1353.0,0.02,0.019993835660638157,1200.58984375,1175.0,2332,142794.41796875,159866.25,273217,0.6546830923780486,0.6546830923780486,0.16048023990348378,1.9423785834436849,sampled_16_timesteps_max_2048_sources,converged,2.63671875,0.02,0.01999383606016636,6.163939833641469e-06,True,12,SpMV,CUSPARSE_SPMV_ALG_DEFAULT,,nan,torch_cuda_event_cudagraph_replay,gpu_execution,full_rsnn,device_adapted,independent_inference,sparse_only,"(256, 1, 60048)","(256, 1, 60048)",60048,60048,1,1,BN,spmspv_csc_dense_device,spmspv_csc_dense_device,none,False,False,True,0,torch.int64,torch.float32,torch.float32,dense_device,,,False,False,False,False,False,True,1.0,240192,146273240,146273240,0,0,False,unknown,unknown,unknown,unknown,unknown,,12.9778242;12.9638081;12.9593916;12.9655037;12.9614077;12.9604158;12.959424;12.9554243;12.9674244;12.9568005;12.9656639;12.9644804;12.9635525;12.9690561;12.9614077;12.9655361;12.9604158;12.9675522;12.9614401;12.9593916,20,12.963296031951904,0.004991781833079687,12.955424308776855,12.977824211120605,passed,0,0.0,2.384185791015625e-07,2.2351741790771484e-08,1.1885077810802613e-06,4.295678536436753e-06,1.1885077810802613e-06,4.295678536436753e-06,60048,0,full_state,passed,,12.962496280670166,nan,nan,nan,nan,nan,nan,nan,nan,nan,nan,1.599190710087523
persistent_spike_block,microns_mm3,NVIDIA GeForce RTX 5090,2.11.0+cu128,12.8,default,0.15,condensed,,,,,a40da76ac0e7cd2f,1,60048,256,1,6965260,115.99487077005062,microns_mm3,1,4531,251.05142100284274,2.1643320893087554,0.6903498928976086,412.0,1353.0,0.02,0.019993835660638157,1200.58984375,1175.0,2332,142794.41796875,159866.25,273217,0.6546830923780486,0.6546830923780486,0.16048023990348378,1.9423785834436849,sampled_16_timesteps_max_2048_sources,converged,2.63671875,0.02,0.01999383606016636,6.163939833641469e-06,True,12,SpMV,CUSPARSE_SPMV_ALG_DEFAULT,,nan,torch_cuda_event,gpu_execution,full_rsnn,device_native,independent_inference,full_fusion,"(256, 1, 60048)","(256, 1, 60048)",60048,60048,1,1,BN,event_csr,event_csr,dense_to_events_precomputed,False,True,True,0,torch.int32,torch.float32,torch.float32,windowed_events,,,False,False,False,False,False,False,1.0,1636312,57058580,57058580,0,0,False,unknown,unknown,unknown,unknown,unknown,,4.25686407;4.18959999;4.2075839;4.19984007;4.20351982;4.18550396;4.20547199;4.19369602;4.21171188;4.18547201;4.20025587;4.18547201;4.20761585;4.19161606;4.20761585;4.18959999;4.20768023;4.18959999;4.20147181;4.17996788,20,4.200007963180542,0.016408982743739652,4.179967880249023,4.256864070892334,passed,0,0.0,4.76837158203125e-07,2.2351741790771484e-08,2.364793317610747e-06,4.365731456346111e-06,2.364793317610747e-06,4.365731456346111e-06,60048,0,full_state,passed,,4.200047969818115,nan,nan,nan,nan,nan,nan,4.935539732059178,nan,nan,nan,4.935539732059178
cusparse_direct_cudagraph,microns_mm3,NVIDIA GeForce RTX 5090,2.11.0+cu128,12.8,default,0.15,condensed,,,,,1ff15a19c6728e71,1,60048,256,1,6965260,115.99487077005062,microns_mm3,1,4531,251.05142100284274,2.1643320893087554,0.6903498928976086,412.0,1353.0,0.05,0.04994682639305222,2999.20703125,2974.5,5836,372516.1953125,397197.0,688222,0.76946839372093,0.7694683937209302,0.15623049183999208,1.9458476654636576,sampled_16_timesteps_max_2048_sources,converged,6.4208984375,0.05,0.04994682967662811,5.317032337188998e-05,True,12,SpMV,CUSPARSE_SPMV_ALG_DEFAULT,,nan,torch_cuda_event,gpu_execution,full_rsnn,device_native,independent_inference,sparse_only,"(256, 1, 60048)","(256, 1, 60048)",60048,60048,1,1,BN,csr_post_by_pre,csr_post_by_pre,none,False,False,True,0,torch.int32,torch.float32,torch.float32,dense,,,False,False,False,False,False,True,1.0,27216,179661156,179661156,0,0,False,unknown,unknown,unknown,unknown,unknown,,20.7748795;20.7401924;20.7397442;20.7561283;20.7540798;20.7602234;20.7417927;20.7335358;20.7305279;20.7376957;20.7336006;20.7499847;20.7458248;20.7479362;20.7561283;20.7438393;20.7438393;20.7489605;20.7274246;20.7254086,20,20.744587326049803,0.01209978396987568,20.72540855407715,20.774879455566406,passed,0,0.0,8.344650268554688e-07,2.9802322387695312e-08,4.1470807445875835e-06,5.577791398536647e-06,4.1470807445875835e-06,5.577791398536647e-06,60048,0,full_state,passed,,20.743839263916016,nan,nan,nan,nan,nan,nan,1.0,nan,nan,nan,1.0
tilespmspv_cudagraph,microns_mm3,NVIDIA GeForce RTX 5090,2.11.0+cu128,12.8,default,0.15,condensed,,,,,1ff15a19c6728e71,1,60048,256,1,6965260,115.99487077005062,microns_mm3,1,4531,251.05142100284274,2.1643320893087554,0.6903498928976086,412.0,1353.0,0.05,0.04994682639305222,2999.20703125,2974.5,5836,372516.1953125,397197.0,688222,0.76946839372093,0.7694683937209302,0.15623049183999208,1.9458476654636576,sampled_16_timesteps_max_2048_sources,converged,6.4208984375,0.05,0.04994682967662811,5.317032337188998e-05,True,12,SpMV,CUSPARSE_SPMV_ALG_DEFAULT,,nan,torch_cuda_event_cudagraph_replay,gpu_execution,full_rsnn,device_adapted,independent_inference,sparse_only,"(256, 1, 60048)","(256, 1, 60048)",60048,60048,1,1,BN,spmspv_csc_dense_device,spmspv_csc_dense_device,none,False,False,True,0,torch.int64,torch.float32,torch.float32,dense_device,,,False,False,False,False,False,True,1.0,240192,146273240,146273240,0,0,False,unknown,unknown,unknown,unknown,unknown,,6.04691219;6.03385592;6.03350401;6.02943993;6.02342415;6.02735996;6.03148794;6.03257608;6.03359985;6.02540779;6.03151989;6.02793598;6.02588797;6.02793598;6.029984;6.02691221;6.02793598;6.029984;6.02383995;6.02588797,20,6.0297695875167845,0.0051397257450835855,6.02342414855957,6.04691219329834,passed,0,0.0,9.5367431640625e-07,2.9802322387695312e-08,4.732421530206921e-06,5.7816992011794355e-06,4.732421530206921e-06,5.7816992011794355e-06,60048,0,full_state,passed,,6.028687953948975,nan,nan,nan,nan,nan,nan,nan,nan,nan,nan,3.4408546971365745
globalatomic_cudagraph,microns_mm3,NVIDIA GeForce RTX 5090,2.11.0+cu128,12.8,default,0.15,condensed,,,,,1ff15a19c6728e71,1,60048,256,1,6965260,115.99487077005062,microns_mm3,1,4531,251.05142100284274,2.1643320893087554,0.6903498928976086,412.0,1353.0,0.05,0.04994682639305222,2999.20703125,2974.5,5836,372516.1953125,397197.0,688222,0.76946839372093,0.7694683937209302,0.15623049183999208,1.9458476654636576,sampled_16_timesteps_max_2048_sources,converged,6.4208984375,0.05,0.04994682967662811,5.317032337188998e-05,True,12,SpMV,CUSPARSE_SPMV_ALG_DEFAULT,,nan,torch_cuda_event_cudagraph_replay,gpu_execution,full_rsnn,device_adapted,independent_inference,sparse_only,"(256, 1, 60048)","(256, 1, 60048)",60048,60048,1,1,BN,spmspv_csc_dense_device,spmspv_csc_dense_device,none,False,False,True,0,torch.int64,torch.float32,torch.float32,dense_device,,,False,False,False,False,False,True,1.0,240192,146273240,146273240,0,0,False,unknown,unknown,unknown,unknown,unknown,,7.30428791;7.29795218;7.29206419;7.29305601;7.29062414;7.29718399;7.29219198;7.29561615;7.30025578;7.2931838;7.29827213;7.28950405;7.2884798;7.2956481;7.29667187;7.29360008;7.29462385;7.29360008;7.3007679;7.29356813,20,7.295057606697083,0.003949929789913797,7.288479804992676,7.304287910461426,passed,0,0.0,8.344650268554688e-07,4.470348358154297e-08,4.157331659371266e-06,8.455886018055025e-06,4.157331659371266e-06,8.455886018055025e-06,60048,0,full_state,passed,,7.294111967086792,nan,nan,nan,nan,nan,nan,nan,nan,nan,nan,2.8439156620461
vdha_cudagraph,microns_mm3,NVIDIA GeForce RTX 5090,2.11.0+cu128,12.8,default,0.15,condensed,,,,,1ff15a19c6728e71,1,60048,256,1,6965260,115.99487077005062,microns_mm3,1,4531,251.05142100284274,2.1643320893087554,0.6903498928976086,412.0,1353.0,0.05,0.04994682639305222,2999.20703125,2974.5,5836,372516.1953125,397197.0,688222,0.76946839372093,0.7694683937209302,0.15623049183999208,1.9458476654636576,sampled_16_timesteps_max_2048_sources,converged,6.4208984375,0.05,0.04994682967662811,5.317032337188998e-05,True,12,SpMV,CUSPARSE_SPMV_ALG_DEFAULT,,nan,torch_cuda_event_cudagraph_replay,gpu_execution,full_rsnn,device_adapted,independent_inference,sparse_only,"(256, 1, 60048)","(256, 1, 60048)",60048,60048,1,1,BN,spmspv_csc_dense_device,spmspv_csc_dense_device,none,False,False,True,0,torch.int64,torch.float32,torch.float32,dense_device,,,False,False,False,False,False,True,1.0,240192,146273240,146273240,0,0,False,unknown,unknown,unknown,unknown,unknown,,13.3430719;13.3302078;13.3331518;13.3178244;13.3254404;13.3243198;13.3255358;13.3238401;13.3246078;13.3275518;13.3296003;13.3228159;13.3316479;13.3254404;13.3290558;13.33008;13.33008;13.3249598;13.3320961;13.3270082,20,13.327916812896728,0.005146437751841315,13.317824363708496,13.343071937561035,passed,0,0.0,8.344650268554688e-07,4.470348358154297e-08,4.1350208448420744e-06,8.348611117980909e-06,4.1350208448420744e-06,8.348611117980909e-06,60048,0,full_state,passed,,13.327280044555664,nan,nan,nan,nan,nan,nan,nan,nan,nan,nan,1.556494588135416
persistent_spike_block,microns_mm3,NVIDIA GeForce RTX 5090,2.11.0+cu128,12.8,default,0.15,condensed,,,,,1ff15a19c6728e71,1,60048,256,1,6965260,115.99487077005062,microns_mm3,1,4531,251.05142100284274,2.1643320893087554,0.6903498928976086,412.0,1353.0,0.05,0.04994682639305222,2999.20703125,2974.5,5836,372516.1953125,397197.0,688222,0.76946839372093,0.7694683937209302,0.15623049183999208,1.9458476654636576,sampled_16_timesteps_max_2048_sources,converged,6.4208984375,0.05,0.04994682967662811,5.317032337188998e-05,True,12,SpMV,CUSPARSE_SPMV_ALG_DEFAULT,,nan,torch_cuda_event,gpu_execution,full_rsnn,device_native,independent_inference,full_fusion,"(256, 1, 60048)","(256, 1, 60048)",60048,60048,1,1,BN,event_csr,event_csr,dense_to_events_precomputed,False,True,True,0,torch.int32,torch.float32,torch.float32,windowed_events,,,False,False,False,False,False,False,1.0,1636312,57058580,57058580,0,0,False,unknown,unknown,unknown,unknown,unknown,,4.92470407;4.78963184;4.88137579;4.78860807;4.87740803;4.80191994;4.88240004;4.79180813;4.8895998;4.7988801;4.88339186;4.79167986;4.88243198;4.79375982;4.88150406;4.79577589;4.87427187;4.80000019;4.87116814;4.79539204,20,4.839785575866699,0.04743699408762705,4.788608074188232,4.924704074859619,passed,0,0.0,8.761882781982422e-06,4.917383193969727e-07,4.341110252426006e-05,9.280977974412963e-05,4.341110252426006e-05,9.280977974412963e-05,60048,0,full_state,passed,,4.836544036865234,nan,nan,nan,nan,nan,nan,4.288979714813258,nan,nan,nan,4.288979714813258
cusparse_direct_cudagraph,microns_mm3,NVIDIA GeForce RTX 5090,2.11.0+cu128,12.8,default,0.15,condensed,,,,,126f1c04715c6fff,1,60048,256,1,6965260,115.99487077005062,microns_mm3,1,4531,251.05142100284274,2.1643320893087554,0.6903498928976086,412.0,1353.0,0.1,0.10000417634642286,6005.05078125,6154.25,10354,759471.89453125,810099.0,1271668,0.7712520932354979,0.7712520932354978,0.14212584629634467,1.7242152276761815,sampled_16_timesteps_max_2048_sources,converged,14.013671875,0.1,0.100004181265831,4.181265830988101e-06,True,12,SpMV,CUSPARSE_SPMV_ALG_DEFAULT,,nan,torch_cuda_event,gpu_execution,full_rsnn,device_native,independent_inference,sparse_only,"(256, 1, 60048)","(256, 1, 60048)",60048,60048,1,1,BN,csr_post_by_pre,csr_post_by_pre,none,False,False,True,0,torch.int32,torch.float32,torch.float32,dense,,,False,False,False,False,False,True,1.0,27216,179661156,179661156,0,0,False,unknown,unknown,unknown,unknown,unknown,,20.8002872;20.7400322;20.7376957;20.7417927;20.7315521;20.7315521;20.7294407;20.7315521;20.7489605;20.7295036;20.7274551;20.7233601;20.7213116;20.7192001;20.7274551;20.7356472;20.7428169;20.7356472;20.7315521;20.7376957,20,20.736225509643553,0.016812019360237403,20.719200134277344,20.8002872467041,passed,0,0.0,1.9073486328125e-06,4.470348358154297e-08,9.154369763564318e-06,8.225030796893407e-06,9.154369763564318e-06,8.225030796893407e-06,60048,0,full_state,passed,,20.731552124023438,nan,nan,nan,nan,nan,nan,1.0,nan,nan,nan,1.0
tilespmspv_cudagraph,microns_mm3,NVIDIA GeForce RTX 5090,2.11.0+cu128,12.8,default,0.15,condensed,,,,,126f1c04715c6fff,1,60048,256,1,6965260,115.99487077005062,microns_mm3,1,4531,251.05142100284274,2.1643320893087554,0.6903498928976086,412.0,1353.0,0.1,0.10000417634642286,6005.05078125,6154.25,10354,759471.89453125,810099.0,1271668,0.7712520932354979,0.7712520932354978,0.14212584629634467,1.7242152276761815,sampled_16_timesteps_max_2048_sources,converged,14.013671875,0.1,0.100004181265831,4.181265830988101e-06,True,12,SpMV,CUSPARSE_SPMV_ALG_DEFAULT,,nan,torch_cuda_event_cudagraph_replay,gpu_execution,full_rsnn,device_adapted,independent_inference,sparse_only,"(256, 1, 60048)","(256, 1, 60048)",60048,60048,1,1,BN,spmspv_csc_dense_device,spmspv_csc_dense_device,none,False,False,True,0,torch.int64,torch.float32,torch.float32,dense_device,,,False,False,False,False,False,True,1.0,240192,146273240,146273240,0,0,False,unknown,unknown,unknown,unknown,unknown,,7.20137596;7.17606401;7.17529583;7.17014408;7.1855998;7.16409588;7.17011213;7.15696001;7.18240023;7.1711359;7.17008018;7.16969585;7.18710423;7.17888021;7.18198395;7.16457605;7.15740824;7.17481613;7.1707201;7.18198395,20,7.174521636962891,0.010548472374196443,7.1569600105285645,7.201375961303711,passed,0,0.0,1.9073486328125e-06,8.940696716308594e-08,9.154369763564318e-06,1.563611840538215e-05,9.154369763564318e-06,1.563611840538215e-05,60048,0,full_state,passed,,7.172976016998291,nan,nan,nan,nan,nan,nan,nan,nan,nan,nan,2.8902302300878273
globalatomic_cudagraph,microns_mm3,NVIDIA GeForce RTX 5090,2.11.0+cu128,12.8,default,0.15,condensed,,,,,126f1c04715c6fff,1,60048,256,1,6965260,115.99487077005062,microns_mm3,1,4531,251.05142100284274,2.1643320893087554,0.6903498928976086,412.0,1353.0,0.1,0.10000417634642286,6005.05078125,6154.25,10354,759471.89453125,810099.0,1271668,0.7712520932354979,0.7712520932354978,0.14212584629634467,1.7242152276761815,sampled_16_timesteps_max_2048_sources,converged,14.013671875,0.1,0.100004181265831,4.181265830988101e-06,True,12,SpMV,CUSPARSE_SPMV_ALG_DEFAULT,,nan,torch_cuda_event_cudagraph_replay,gpu_execution,full_rsnn,device_adapted,independent_inference,sparse_only,"(256, 1, 60048)","(256, 1, 60048)",60048,60048,1,1,BN,spmspv_csc_dense_device,spmspv_csc_dense_device,none,False,False,True,0,torch.int64,torch.float32,torch.float32,dense_device,,,False,False,False,False,False,True,1.0,240192,146273240,146273240,0,0,False,unknown,unknown,unknown,unknown,unknown,,7.35465622;7.34460783;7.3436799;7.34064007;7.3499198;7.34284782;7.34371185;7.34377623;7.34060812;7.34489584;7.34323215;7.34275198;7.34582376;7.34377623;7.34275198;7.34377623;7.34275198;7.34176016;7.34272003;7.34275198,20,7.344072008132935,0.003169971169650879,7.3406081199646,7.354656219482422,passed,0,0.0,1.9073486328125e-06,8.940696716308594e-08,9.154369763564318e-06,1.563611840538215e-05,9.154369763564318e-06,1.563611840538215e-05,60048,0,full_state,passed,,7.343456029891968,nan,nan,nan,nan,nan,nan,nan,nan,nan,nan,2.823132873627137
vdha_cudagraph,microns_mm3,NVIDIA GeForce RTX 5090,2.11.0+cu128,12.8,default,0.15,condensed,,,,,126f1c04715c6fff,1,60048,256,1,6965260,115.99487077005062,microns_mm3,1,4531,251.05142100284274,2.1643320893087554,0.6903498928976086,412.0,1353.0,0.1,0.10000417634642286,6005.05078125,6154.25,10354,759471.89453125,810099.0,1271668,0.7712520932354979,0.7712520932354978,0.14212584629634467,1.7242152276761815,sampled_16_timesteps_max_2048_sources,converged,14.013671875,0.1,0.100004181265831,4.181265830988101e-06,True,12,SpMV,CUSPARSE_SPMV_ALG_DEFAULT,,nan,torch_cuda_event_cudagraph_replay,gpu_execution,full_rsnn,device_adapted,independent_inference,sparse_only,"(256, 1, 60048)","(256, 1, 60048)",60048,60048,1,1,BN,spmspv_csc_dense_device,spmspv_csc_dense_device,none,False,False,True,0,torch.int64,torch.float32,torch.float32,dense_device,,,False,False,False,False,False,True,1.0,240192,146273240,146273240,0,0,False,unknown,unknown,unknown,unknown,unknown,,15.1562881;15.1354561;15.1332483;15.1355524;15.1383362;15.1374722;15.1374083;15.1394882;15.1415043;15.1385279;15.131424;15.1311045;15.1354237;15.1348162;15.132288;15.1312962;15.1292477;15.1292477;15.1384001;15.1333437,20,15.135993671417236,0.005914695386850234,15.129247665405273,15.156288146972656,passed,0,0.0,1.9073486328125e-06,9.406358003616333e-08,9.357350791106e-06,1.8710086806095205e-05,9.357350791106e-06,1.8710086806095205e-05,60048,0,full_state,passed,,15.1354398727417,nan,nan,nan,nan,nan,nan,nan,nan,nan,nan,1.3697356864639332
persistent_spike_block,microns_mm3,NVIDIA GeForce RTX 5090,2.11.0+cu128,12.8,default,0.15,condensed,,,,,126f1c04715c6fff,1,60048,256,1,6965260,115.99487077005062,microns_mm3,1,4531,251.05142100284274,2.1643320893087554,0.6903498928976086,412.0,1353.0,0.1,0.10000417634642286,6005.05078125,6154.25,10354,759471.89453125,810099.0,1271668,0.7712520932354979,0.7712520932354978,0.14212584629634467,1.7242152276761815,sampled_16_timesteps_max_2048_sources,converged,14.013671875,0.1,0.100004181265831,4.181265830988101e-06,True,12,SpMV,CUSPARSE_SPMV_ALG_DEFAULT,,nan,torch_cuda_event,gpu_execution,full_rsnn,device_native,independent_inference,full_fusion,"(256, 1, 60048)","(256, 1, 60048)",60048,60048,1,1,BN,event_csr,event_csr,dense_to_events_precomputed,False,True,True,0,torch.int32,torch.float32,torch.float32,windowed_events,,,False,False,False,False,False,False,1.0,1636312,57058580,57058580,0,0,False,unknown,unknown,unknown,unknown,unknown,,5.73321581;5.47987223;5.66784;5.47679996;5.65235186;5.48188782;5.64438391;5.47782421;5.63913584;5.47065592;5.65462399;5.48409605;5.65043211;5.4747839;5.64323187;5.48086405;5.64022398;5.47168016;5.66681623;5.46918392,20,5.567995190620422,0.09561011993244238,5.469183921813965,5.733215808868408,passed,0,0.0,2.8818845748901367e-05,1.6093254089355469e-06,0.00014363233640324324,0.0002808476856444031,0.00014363233640324324,0.0002808476856444031,60048,0,full_state,passed,,5.561615943908691,nan,nan,nan,nan,nan,nan,3.727613041445172,nan,nan,nan,3.727613041445172
cusparse_direct_cudagraph,microns_mm3,NVIDIA GeForce RTX 5090,2.11.0+cu128,12.8,default,0.15,condensed,,,,,3bc0cf2cd75985f6,1,60048,256,1,6965260,115.99487077005062,microns_mm3,1,4531,251.05142100284274,2.1643320893087554,0.6903498928976086,412.0,1353.0,0.2,0.19996320651811883,12007.390625,13406.25,16793,1524471.0078125,1709771.0,2121749,0.7762795490400444,0.7762795490400445,0.138285952147397,1.3985553168426217,sampled_16_timesteps_max_2048_sources,converged,37.0849609375,0.2,0.19996321201324463,3.6787986755382196e-05,True,12,SpMV,CUSPARSE_SPMV_ALG_DEFAULT,,nan,torch_cuda_event,gpu_execution,full_rsnn,device_native,independent_inference,sparse_only,"(256, 1, 60048)","(256, 1, 60048)",60048,60048,1,1,BN,csr_post_by_pre,csr_post_by_pre,none,False,False,True,0,torch.int32,torch.float32,torch.float32,dense,,,False,False,False,False,False,True,1.0,27216,179661156,179661156,0,0,False,unknown,unknown,unknown,unknown,unknown,,20.7815685;20.7378883;20.7643204;20.7417927;20.7520313;20.7417927;20.7458878;20.7438393;20.7305279;20.7479362;20.7213116;20.7315521;20.7213116;20.7295036;20.7295036;20.7295036;20.7315521;20.7387199;20.7397442;20.7336006,20,20.73969440460205,0.014308133150183673,20.721311569213867,20.78156852722168,passed,0,0.0,3.814697265625e-06,8.940696716308594e-08,1.8631828424986452e-05,1.5460622307728045e-05,1.8631828424986452e-05,1.5460622307728045e-05,60048,0,full_state,passed,,20.738304138183594,nan,nan,nan,nan,nan,nan,1.0,nan,nan,nan,1.0
tilespmspv_cudagraph,microns_mm3,NVIDIA GeForce RTX 5090,2.11.0+cu128,12.8,default,0.15,condensed,,,,,3bc0cf2cd75985f6,1,60048,256,1,6965260,115.99487077005062,microns_mm3,1,4531,251.05142100284274,2.1643320893087554,0.6903498928976086,412.0,1353.0,0.2,0.19996320651811883,12007.390625,13406.25,16793,1524471.0078125,1709771.0,2121749,0.7762795490400444,0.7762795490400445,0.138285952147397,1.3985553168426217,sampled_16_timesteps_max_2048_sources,converged,37.0849609375,0.2,0.19996321201324463,3.6787986755382196e-05,True,12,SpMV,CUSPARSE_SPMV_ALG_DEFAULT,,nan,torch_cuda_event_cudagraph_replay,gpu_execution,full_rsnn,device_adapted,independent_inference,sparse_only,"(256, 1, 60048)","(256, 1, 60048)",60048,60048,1,1,BN,spmspv_csc_dense_device,spmspv_csc_dense_device,none,False,False,True,0,torch.int64,torch.float32,torch.float32,dense_device,,,False,False,False,False,False,True,1.0,240192,146273240,146273240,0,0,False,unknown,unknown,unknown,unknown,unknown,,9.53404808;9.5159359;9.54524803;9.51977634;9.53113556;9.53196812;9.53715229;9.53209591;9.52083206;9.54854393;9.52435207;9.53820801;9.52591991;9.52284813;9.53001595;9.506464;9.53820801;9.52079964;9.53411198;9.5289917,20,9.529332780838013,0.010057468180099208,9.506464004516602,9.548543930053711,passed,0,0.0,1.049041748046875e-05,4.172325134277344e-07,4.583541885949671e-05,6.45176914986223e-05,4.583541885949671e-05,6.45176914986223e-05,60048,0,full_state,passed,,9.5305757522583,nan,nan,nan,nan,nan,nan,nan,nan,nan,nan,2.1759760036815807
globalatomic_cudagraph,microns_mm3,NVIDIA GeForce RTX 5090,2.11.0+cu128,12.8,default,0.15,condensed,,,,,3bc0cf2cd75985f6,1,60048,256,1,6965260,115.99487077005062,microns_mm3,1,4531,251.05142100284274,2.1643320893087554,0.6903498928976086,412.0,1353.0,0.2,0.19996320651811883,12007.390625,13406.25,16793,1524471.0078125,1709771.0,2121749,0.7762795490400444,0.7762795490400445,0.138285952147397,1.3985553168426217,sampled_16_timesteps_max_2048_sources,converged,37.0849609375,0.2,0.19996321201324463,3.6787986755382196e-05,True,12,SpMV,CUSPARSE_SPMV_ALG_DEFAULT,,nan,torch_cuda_event_cudagraph_replay,gpu_execution,full_rsnn,device_adapted,independent_inference,sparse_only,"(256, 1, 60048)","(256, 1, 60048)",60048,60048,1,1,BN,spmspv_csc_dense_device,spmspv_csc_dense_device,none,False,False,True,0,torch.int64,torch.float32,torch.float32,dense_device,,,False,False,False,False,False,True,1.0,240192,146273240,146273240,0,0,False,unknown,unknown,unknown,unknown,unknown,,9.02627182;9.01452827;9.01452827;9.01555157;9.01081562;9.01439953;9.00995159;9.01443195;9.0150404;9.01494408;9.01337624;9.01289558;9.01494408;9.01596832;9.01696014;9.01491165;9.01596832;9.01699162;9.01084805;9.01289558,20,9.014811134338379,0.0033182165368181504,9.0099515914917,9.02627182006836,passed,0,0.0,7.62939453125e-06,2.980232238769531e-07,3.067979560000822e-05,4.6140186896082014e-05,3.067979560000822e-05,4.6140186896082014e-05,60048,0,full_state,passed,,9.01471996307373,nan,nan,nan,nan,nan,nan,nan,nan,nan,nan,2.3004934399662145
vdha_cudagraph,microns_mm3,NVIDIA GeForce RTX 5090,2.11.0+cu128,12.8,default,0.15,condensed,,,,,3bc0cf2cd75985f6,1,60048,256,1,6965260,115.99487077005062,microns_mm3,1,4531,251.05142100284274,2.1643320893087554,0.6903498928976086,412.0,1353.0,0.2,0.19996320651811883,12007.390625,13406.25,16793,1524471.0078125,1709771.0,2121749,0.7762795490400444,0.7762795490400445,0.138285952147397,1.3985553168426217,sampled_16_timesteps_max_2048_sources,converged,37.0849609375,0.2,0.19996321201324463,3.6787986755382196e-05,True,12,SpMV,CUSPARSE_SPMV_ALG_DEFAULT,,nan,torch_cuda_event_cudagraph_replay,gpu_execution,full_rsnn,device_adapted,independent_inference,sparse_only,"(256, 1, 60048)","(256, 1, 60048)",60048,60048,1,1,BN,spmspv_csc_dense_device,spmspv_csc_dense_device,none,False,False,True,0,torch.int64,torch.float32,torch.float32,dense_device,,,False,False,False,False,False,True,1.0,240192,146273240,146273240,0,0,False,unknown,unknown,unknown,unknown,unknown,,18.8569603;18.8343048;18.8299522;18.8356152;18.825983;18.8238392;18.8278713;18.8239365;18.8196163;18.8321609;18.8278408;18.8279037;18.8320312;18.8294716;18.8238392;18.8320312;18.8238392;18.8299847;18.8320312;18.8258877,20,18.8297550201416,0.007602412934737213,18.819616317749023,18.85696029663086,passed,0,0.0,2.6702880859375e-05,1.6093254089355469e-06,0.00011667197395581752,0.00024885396123863757,0.00011667197395581752,0.00024885396123863757,60048,0,full_state,passed,,18.82868766784668,nan,nan,nan,nan,nan,nan,nan,nan,nan,nan,1.1014205824656556
persistent_spike_block,microns_mm3,NVIDIA GeForce RTX 5090,2.11.0+cu128,12.8,default,0.15,condensed,,,,,3bc0cf2cd75985f6,1,60048,256,1,6965260,115.99487077005062,microns_mm3,1,4531,251.05142100284274,2.1643320893087554,0.6903498928976086,412.0,1353.0,0.2,0.19996320651811883,12007.390625,13406.25,16793,1524471.0078125,1709771.0,2121749,0.7762795490400444,0.7762795490400445,0.138285952147397,1.3985553168426217,sampled_16_timesteps_max_2048_sources,converged,37.0849609375,0.2,0.19996321201324463,3.6787986755382196e-05,True,12,SpMV,CUSPARSE_SPMV_ALG_DEFAULT,,nan,torch_cuda_event,gpu_execution,full_rsnn,device_native,independent_inference,full_fusion,"(256, 1, 60048)","(256, 1, 60048)",60048,60048,1,1,BN,event_csr,event_csr,dense_to_events_precomputed,False,True,True,0,torch.int32,torch.float32,torch.float32,windowed_events,,,False,False,False,False,False,False,1.0,1636312,57058580,57058580,0,0,False,unknown,unknown,unknown,unknown,unknown,,7.59872007;7.93702412;7.53907204;7.95955181;7.55033588;7.9616642;7.54320002;7.98006392;7.53804779;7.9667201;7.54623985;7.95756817;7.55344009;7.94710398;7.54012823;7.96163177;7.541152;7.96771193;7.54380798;7.9575038,20,7.754534387588501,0.2109653364489588,7.538047790527344,7.9800639152526855,passed_causal_masked_state,447,2.907829986011191e-05,0.99961918592453,0.005554623901844025,4.998090744018555,1.0775129795074463,0.0002521316637285054,0.0005030946340411901,33029,27019,causal_masked_state,passed_causal_masked_state,,7.767872095108032,nan,nan,nan,nan,nan,nan,2.6697535546760536,nan,nan,nan,2.6697535546760536
cusparse_direct_cudagraph,microns_mm3,NVIDIA GeForce RTX 5090,2.11.0+cu128,12.8,default,0.15,condensed,,,,,77be1a2993ac604f,2,60048,256,1,6965260,115.99487077005062,microns_mm3,2,4531,251.05142100284274,2.1643320893087554,0.6903498928976086,412.0,1353.0,0.005,0.004837926533772982,290.5078125,525.75,733,28974.85546875,62091.5,86619,0.2607511903387659,0.44304545814937135,0.3476219345046757,2.5231679440634665,exact,converged,1.0009765625,0.005,0.004837926477193832,0.0001620735228061677,True,12,SpMV,CUSPARSE_SPMV_ALG_DEFAULT,,nan,torch_cuda_event,gpu_execution,full_rsnn,device_native,independent_inference,sparse_only,"(256, 1, 60048)","(256, 1, 60048)",60048,60048,1,1,BN,csr_post_by_pre,csr_post_by_pre,none,False,False,True,0,torch.int32,torch.float32,torch.float32,dense,,,False,False,False,False,False,True,1.0,27216,179661156,179661156,0,0,False,unknown,unknown,unknown,unknown,unknown,,20.7420483;20.7440643;20.7356472;20.7479362;20.7315521;20.7336006;20.7315521;20.7274551;20.7223358;20.7254086;20.7295036;20.7314873;20.7356472;20.7233601;20.7458553;20.7356472;20.7366714;20.7336006;20.7274551;20.7274551,20,20.73341417312622,0.007253529737241327,20.722335815429688,20.747936248779297,passed,0,0.0,1.1920928955078125e-07,3.725290298461914e-09,5.96027348365169e-07,7.394893373202649e-07,5.96027348365169e-07,7.394893373202649e-07,60048,0,full_state,passed,,20.732576370239258,nan,nan,nan,nan,nan,nan,1.0,nan,nan,nan,1.0
tilespmspv_cudagraph,microns_mm3,NVIDIA GeForce RTX 5090,2.11.0+cu128,12.8,default,0.15,condensed,,,,,77be1a2993ac604f,2,60048,256,1,6965260,115.99487077005062,microns_mm3,2,4531,251.05142100284274,2.1643320893087554,0.6903498928976086,412.0,1353.0,0.005,0.004837926533772982,290.5078125,525.75,733,28974.85546875,62091.5,86619,0.2607511903387659,0.44304545814937135,0.3476219345046757,2.5231679440634665,exact,converged,1.0009765625,0.005,0.004837926477193832,0.0001620735228061677,True,12,SpMV,CUSPARSE_SPMV_ALG_DEFAULT,,nan,torch_cuda_event_cudagraph_replay,gpu_execution,full_rsnn,device_adapted,independent_inference,sparse_only,"(256, 1, 60048)","(256, 1, 60048)",60048,60048,1,1,BN,spmspv_csc_dense_device,spmspv_csc_dense_device,none,False,False,True,0,torch.int64,torch.float32,torch.float32,dense_device,,,False,False,False,False,False,True,1.0,240192,146273240,146273240,0,0,False,unknown,unknown,unknown,unknown,unknown,,5.46758413;5.44870377;5.44723177;5.44828796;5.44323206;5.44617605;5.4462719;5.44524813;5.44422388;5.44745588;5.45183992;5.44838381;5.44528008;5.44630384;5.44937611;5.44835186;5.4401598;5.44732809;5.44425583;5.44732809,20,5.447651147842407,0.005316420835779493,5.440159797668457,5.467584133148193,passed,0,0.0,1.1920928955078125e-07,9.313225746154785e-10,5.954473749625322e-07,1.8590111494631856e-07,5.954473749625322e-07,1.8590111494631856e-07,60048,0,full_state,passed,,5.447279930114746,nan,nan,nan,nan,nan,nan,nan,nan,nan,nan,3.8060420312936865
globalatomic_cudagraph,microns_mm3,NVIDIA GeForce RTX 5090,2.11.0+cu128,12.8,default,0.15,condensed,,,,,77be1a2993ac604f,2,60048,256,1,6965260,115.99487077005062,microns_mm3,2,4531,251.05142100284274,2.1643320893087554,0.6903498928976086,412.0,1353.0,0.005,0.004837926533772982,290.5078125,525.75,733,28974.85546875,62091.5,86619,0.2607511903387659,0.44304545814937135,0.3476219345046757,2.5231679440634665,exact,converged,1.0009765625,0.005,0.004837926477193832,0.0001620735228061677,True,12,SpMV,CUSPARSE_SPMV_ALG_DEFAULT,,nan,torch_cuda_event_cudagraph_replay,gpu_execution,full_rsnn,device_adapted,independent_inference,sparse_only,"(256, 1, 60048)","(256, 1, 60048)",60048,60048,1,1,BN,spmspv_csc_dense_device,spmspv_csc_dense_device,none,False,False,True,0,torch.int64,torch.float32,torch.float32,dense_device,,,False,False,False,False,False,True,1.0,240192,146273240,146273240,0,0,False,unknown,unknown,unknown,unknown,unknown,,7.31929588;7.30956793;7.31059217;7.31612778;7.3105278;7.30950403;7.30892801;7.3115201;7.31455994;7.31164789;7.31676817;7.31196785;7.31715202;7.31196785;7.31100798;7.31606388;7.31100798;7.31817579;7.31715202;7.31203222,20,7.313278365135193,0.0032660288023742406,7.3089280128479,7.319295883178711,passed,0,0.0,1.1920928955078125e-07,1.862645149230957e-09,5.954473749625322e-07,3.7164960531299585e-07,5.954473749625322e-07,3.7164960531299585e-07,60048,0,full_state,passed,,7.311967849731445,nan,nan,nan,nan,nan,nan,nan,nan,nan,nan,2.835430460898529
vdha_cudagraph,microns_mm3,NVIDIA GeForce RTX 5090,2.11.0+cu128,12.8,default,0.15,condensed,,,,,77be1a2993ac604f,2,60048,256,1,6965260,115.99487077005062,microns_mm3,2,4531,251.05142100284274,2.1643320893087554,0.6903498928976086,412.0,1353.0,0.005,0.004837926533772982,290.5078125,525.75,733,28974.85546875,62091.5,86619,0.2607511903387659,0.44304545814937135,0.3476219345046757,2.5231679440634665,exact,converged,1.0009765625,0.005,0.004837926477193832,0.0001620735228061677,True,12,SpMV,CUSPARSE_SPMV_ALG_DEFAULT,,nan,torch_cuda_event_cudagraph_replay,gpu_execution,full_rsnn,device_adapted,independent_inference,sparse_only,"(256, 1, 60048)","(256, 1, 60048)",60048,60048,1,1,BN,spmspv_csc_dense_device,spmspv_csc_dense_device,none,False,False,True,0,torch.int64,torch.float32,torch.float32,dense_device,,,False,False,False,False,False,True,1.0,240192,146273240,146273240,0,0,False,unknown,unknown,unknown,unknown,unknown,,13.6887684;13.6652479;13.6680002;13.6668797;13.6659517;13.6628485;13.6659842;13.6710081;13.6680002;13.6771517;13.6657276;13.664896;13.6659842;13.6623363;13.6700478;13.6690245;13.6659517;13.666976;13.6659517;13.666976,20,13.668185615539551,0.005775334176934246,13.662336349487305,13.68876838684082,passed,0,0.0,8.940696716308594e-08,1.862645149230957e-09,4.463471157123422e-07,3.7111462347638735e-07,4.463471157123422e-07,3.7111462347638735e-07,60048,0,full_state,passed,,13.666431903839111,nan,nan,nan,nan,nan,nan,nan,nan,nan,nan,1.5170438426152153
persistent_spike_block,microns_mm3,NVIDIA GeForce RTX 5090,2.11.0+cu128,12.8,default,0.15,condensed,,,,,77be1a2993ac604f,2,60048,256,1,6965260,115.99487077005062,microns_mm3,2,4531,251.05142100284274,2.1643320893087554,0.6903498928976086,412.0,1353.0,0.005,0.004837926533772982,290.5078125,525.75,733,28974.85546875,62091.5,86619,0.2607511903387659,0.44304545814937135,0.3476219345046757,2.5231679440634665,exact,converged,1.0009765625,0.005,0.004837926477193832,0.0001620735228061677,True,12,SpMV,CUSPARSE_SPMV_ALG_DEFAULT,,nan,torch_cuda_event,gpu_execution,full_rsnn,device_native,independent_inference,full_fusion,"(256, 1, 60048)","(256, 1, 60048)",60048,60048,1,1,BN,event_csr,event_csr,dense_to_events_precomputed,False,True,True,0,torch.int32,torch.float32,torch.float32,windowed_events,,,False,False,False,False,False,False,1.0,1636312,57058580,57058580,0,0,False,unknown,unknown,unknown,unknown,unknown,,4.11679983;4.07081604;4.07664013;4.07286406;4.07859182;4.07692814;4.07654381;4.07081604;4.07241583;4.07286406;4.07452822;4.07497597;4.07040024;4.07286406;4.07040024;4.07904005;4.07449579;4.06873608;4.07347202;4.07347202,20,4.075883221626282,0.010030777670046362,4.0687360763549805,4.116799831390381,passed,0,0.0,1.1920928955078125e-07,5.587935447692871e-09,5.95202436670661e-07,1.1067519380958402e-06,5.95202436670661e-07,1.1067519380958402e-06,60048,0,full_state,passed,,4.073472023010254,nan,nan,nan,nan,nan,nan,5.089657239113206,nan,nan,nan,5.089657239113206
cusparse_direct_cudagraph,microns_mm3,NVIDIA GeForce RTX 5090,2.11.0+cu128,12.8,default,0.15,condensed,,,,,a5798bd61cc79177,2,60048,256,1,6965260,115.99487077005062,microns_mm3,2,4531,251.05142100284274,2.1643320893087554,0.6903498928976086,412.0,1353.0,0.01,0.010000007806254997,600.48046875,1122.0,1123,69894.484375,122869.25,144783,0.4792330536221962,0.47923305362219615,0.2349011291173478,1.8701690703408078,sampled_16_timesteps_max_2048_sources,converged,1.46484375,0.01,0.010000008158385754,8.158385753423425e-09,True,12,SpMV,CUSPARSE_SPMV_ALG_DEFAULT,,nan,torch_cuda_event,gpu_execution,full_rsnn,device_native,independent_inference,sparse_only,"(256, 1, 60048)","(256, 1, 60048)",60048,60048,1,1,BN,csr_post_by_pre,csr_post_by_pre,none,False,False,True,0,torch.int32,torch.float32,torch.float32,dense,,,False,False,False,False,False,True,1.0,27216,179661156,179661156,0,0,False,unknown,unknown,unknown,unknown,unknown,,20.8027191;20.7358398;20.7274551;20.7254086;20.7315521;20.7295036;20.7274551;20.7233601;20.7202873;20.7356472;20.7438087;20.7213116;20.7213116;20.7233601;20.7172165;20.7295036;20.7264004;20.7254086;20.7295036;20.7336006,20,20.731532669067384,0.01788686560812636,20.71721649169922,20.802719116210938,passed,0,0.0,1.1920928955078125e-07,3.725290298461914e-09,5.952015840193781e-07,7.398200523311971e-07,5.952015840193781e-07,7.398200523311971e-07,60048,0,full_state,passed,,20.727455139160156,nan,nan,nan,nan,nan,nan,1.0,nan,nan,nan,1.0
tilespmspv_cudagraph,microns_mm3,NVIDIA GeForce RTX 5090,2.11.0+cu128,12.8,default,0.15,condensed,,,,,a5798bd61cc79177,2,60048,256,1,6965260,115.99487077005062,microns_mm3,2,4531,251.05142100284274,2.1643320893087554,0.6903498928976086,412.0,1353.0,0.01,0.010000007806254997,600.48046875,1122.0,1123,69894.484375,122869.25,144783,0.4792330536221962,0.47923305362219615,0.2349011291173478,1.8701690703408078,sampled_16_timesteps_max_2048_sources,converged,1.46484375,0.01,0.010000008158385754,8.158385753423425e-09,True,12,SpMV,CUSPARSE_SPMV_ALG_DEFAULT,,nan,torch_cuda_event_cudagraph_replay,gpu_execution,full_rsnn,device_adapted,independent_inference,sparse_only,"(256, 1, 60048)","(256, 1, 60048)",60048,60048,1,1,BN,spmspv_csc_dense_device,spmspv_csc_dense_device,none,False,False,True,0,torch.int64,torch.float32,torch.float32,dense_device,,,False,False,False,False,False,True,1.0,240192,146273240,146273240,0,0,False,unknown,unknown,unknown,unknown,unknown,,5.71417618;5.70649576;5.70627213;5.70937586;5.70832014;5.70431995;5.70844793;5.70735979;5.70422411;5.7105279;5.70688009;5.7043519;5.7043519;5.70844793;5.7115202;5.70636797;5.71049595;5.70947218;5.70639992;5.7043519,20,5.707607984542847,0.002757855762703429,5.704224109649658,5.714176177978516,passed,0,0.0,1.7881393432617188e-07,3.725290298461914e-09,8.911223972063453e-07,7.442151854775148e-07,8.911223972063453e-07,7.442151854775148e-07,60048,0,full_state,passed,,5.707119941711426,nan,nan,nan,nan,nan,nan,nan,nan,nan,nan,3.631859037632999
globalatomic_cudagraph,microns_mm3,NVIDIA GeForce RTX 5090,2.11.0+cu128,12.8,default,0.15,condensed,,,,,a5798bd61cc79177,2,60048,256,1,6965260,115.99487077005062,microns_mm3,2,4531,251.05142100284274,2.1643320893087554,0.6903498928976086,412.0,1353.0,0.01,0.010000007806254997,600.48046875,1122.0,1123,69894.484375,122869.25,144783,0.4792330536221962,0.47923305362219615,0.2349011291173478,1.8701690703408078,sampled_16_timesteps_max_2048_sources,converged,1.46484375,0.01,0.010000008158385754,8.158385753423425e-09,True,12,SpMV,CUSPARSE_SPMV_ALG_DEFAULT,,nan,torch_cuda_event_cudagraph_replay,gpu_execution,full_rsnn,device_adapted,independent_inference,sparse_only,"(256, 1, 60048)","(256, 1, 60048)",60048,60048,1,1,BN,spmspv_csc_dense_device,spmspv_csc_dense_device,none,False,False,True,0,torch.int64,torch.float32,torch.float32,dense_device,,,False,False,False,False,False,True,1.0,240192,146273240,146273240,0,0,False,unknown,unknown,unknown,unknown,unknown,,7.31961584;7.31398392;7.31097603;7.31404781;7.31510401;7.31216002;7.31705618;7.31196785;7.31497622;7.31408024;7.31654406;7.31817579;7.31100798;7.31612778;7.31305599;7.31612778;7.3129921;7.31612778;7.31100798;7.31203222,20,7.314358377456665,0.002495521842541235,7.310976028442383,7.319615840911865,passed,0,0.0,1.1920928955078125e-07,3.725290298461914e-09,5.948348302808881e-07,7.442151854775148e-07,5.948348302808881e-07,7.442151854775148e-07,60048,0,full_state,passed,,7.314064025878906,nan,nan,nan,nan,nan,nan,nan,nan,nan,nan,2.833917650409057
vdha_cudagraph,microns_mm3,NVIDIA GeForce RTX 5090,2.11.0+cu128,12.8,default,0.15,condensed,,,,,a5798bd61cc79177,2,60048,256,1,6965260,115.99487077005062,microns_mm3,2,4531,251.05142100284274,2.1643320893087554,0.6903498928976086,412.0,1353.0,0.01,0.010000007806254997,600.48046875,1122.0,1123,69894.484375,122869.25,144783,0.4792330536221962,0.47923305362219615,0.2349011291173478,1.8701690703408078,sampled_16_timesteps_max_2048_sources,converged,1.46484375,0.01,0.010000008158385754,8.158385753423425e-09,True,12,SpMV,CUSPARSE_SPMV_ALG_DEFAULT,,nan,torch_cuda_event_cudagraph_replay,gpu_execution,full_rsnn,device_adapted,independent_inference,sparse_only,"(256, 1, 60048)","(256, 1, 60048)",60048,60048,1,1,BN,spmspv_csc_dense_device,spmspv_csc_dense_device,none,False,False,True,0,torch.int64,torch.float32,torch.float32,dense_device,,,False,False,False,False,False,True,1.0,240192,146273240,146273240,0,0,False,unknown,unknown,unknown,unknown,unknown,,13.0745916;13.045536;13.0515203;13.0433283;13.0466242;13.0452805;13.0493441;13.0515842;13.0394878;13.0503998;13.0493755;13.0452156;13.0495043;13.0478716;13.0433598;13.0556479;13.0515518;13.0495043;13.04848;13.0495043,20,13.049385595321656,0.006960345446925615,13.039487838745117,13.074591636657715,passed,0,0.0,1.1920928955078125e-07,5.122274160385132e-09,5.948348302808881e-07,1.0232959084532922e-06,5.948348302808881e-07,1.0232959084532922e-06,60048,0,full_state,passed,,13.049359798431396,nan,nan,nan,nan,nan,nan,nan,nan,nan,nan,1.588388661154987
persistent_spike_block,microns_mm3,NVIDIA GeForce RTX 5090,2.11.0+cu128,12.8,default,0.15,condensed,,,,,a5798bd61cc79177,2,60048,256,1,6965260,115.99487077005062,microns_mm3,2,4531,251.05142100284274,2.1643320893087554,0.6903498928976086,412.0,1353.0,0.01,0.010000007806254997,600.48046875,1122.0,1123,69894.484375,122869.25,144783,0.4792330536221962,0.47923305362219615,0.2349011291173478,1.8701690703408078,sampled_16_timesteps_max_2048_sources,converged,1.46484375,0.01,0.010000008158385754,8.158385753423425e-09,True,12,SpMV,CUSPARSE_SPMV_ALG_DEFAULT,,nan,torch_cuda_event,gpu_execution,full_rsnn,device_native,independent_inference,full_fusion,"(256, 1, 60048)","(256, 1, 60048)",60048,60048,1,1,BN,event_csr,event_csr,dense_to_events_precomputed,False,True,True,0,torch.int32,torch.float32,torch.float32,windowed_events,,,False,False,False,False,False,False,1.0,1636312,57058580,57058580,0,0,False,unknown,unknown,unknown,unknown,unknown,,3.95903993;3.8989439;3.90662408;3.90393591;3.90028811;3.90806389;3.90460801;3.90089607;3.90444803;3.89574409;3.90460801;3.9029119;3.906528;3.90083194;3.90143991;3.90086389;3.90655994;3.90192008;3.90662408;3.90143991,20,3.9058159828186034,0.012902956625610001,3.8957440853118896,3.9590399265289307,passed,0,0.0,2.384185791015625e-07,1.1175870895385742e-08,1.186307144962484e-06,2.211409764640848e-06,1.186307144962484e-06,2.211409764640848e-06,60048,0,full_state,passed,,3.9034239053726196,nan,nan,nan,nan,nan,nan,5.310070246439586,nan,nan,nan,5.310070246439586
cusparse_direct_cudagraph,microns_mm3,NVIDIA GeForce RTX 5090,2.11.0+cu128,12.8,default,0.15,condensed,,,,,8ad87a9aae85bdc4,2,60048,256,1,6965260,115.99487077005062,microns_mm3,2,4531,251.05142100284274,2.1643320893087554,0.6903498928976086,412.0,1353.0,0.02,0.020000926342259525,1201.015625,2244.25,2256,143678.57421875,250750.5,279536,0.6533504067959529,0.6533504067959528,0.23559221525181556,1.878410199700774,sampled_16_timesteps_max_2048_sources,converged,2.63671875,0.02,0.02000092715024948,9.271502494807848e-07,True,12,SpMV,CUSPARSE_SPMV_ALG_DEFAULT,,nan,torch_cuda_event,gpu_execution,full_rsnn,device_native,independent_inference,sparse_only,"(256, 1, 60048)","(256, 1, 60048)",60048,60048,1,1,BN,csr_post_by_pre,csr_post_by_pre,none,False,False,True,0,torch.int32,torch.float32,torch.float32,dense,,,False,False,False,False,False,True,1.0,27216,179661156,179661156,0,0,False,unknown,unknown,unknown,unknown,unknown,,20.7582722;20.7458878;20.7315521;20.7397442;20.7458878;20.7274551;20.7356472;20.7336006;20.7366714;20.7438393;20.7336006;20.7356472;20.7295036;20.7213116;20.7233601;20.7131195;20.7264328;20.7192631;20.7315521;20.7315521,20,20.73319501876831,0.01043065491280002,20.713119506835938,20.758272171020508,passed,0,0.0,2.384185791015625e-07,1.1175870895385742e-08,1.1905667633982375e-06,2.1911484964221017e-06,1.1905667633982375e-06,2.1911484964221017e-06,60048,0,full_state,passed,,20.732576370239258,nan,nan,nan,nan,nan,nan,1.0,nan,nan,nan,1.0
tilespmspv_cudagraph,microns_mm3,NVIDIA GeForce RTX 5090,2.11.0+cu128,12.8,default,0.15,condensed,,,,,8ad87a9aae85bdc4,2,60048,256,1,6965260,115.99487077005062,microns_mm3,2,4531,251.05142100284274,2.1643320893087554,0.6903498928976086,412.0,1353.0,0.02,0.020000926342259525,1201.015625,2244.25,2256,143678.57421875,250750.5,279536,0.6533504067959529,0.6533504067959528,0.23559221525181556,1.878410199700774,sampled_16_timesteps_max_2048_sources,converged,2.63671875,0.02,0.02000092715024948,9.271502494807848e-07,True,12,SpMV,CUSPARSE_SPMV_ALG_DEFAULT,,nan,torch_cuda_event_cudagraph_replay,gpu_execution,full_rsnn,device_adapted,independent_inference,sparse_only,"(256, 1, 60048)","(256, 1, 60048)",60048,60048,1,1,BN,spmspv_csc_dense_device,spmspv_csc_dense_device,none,False,False,True,0,torch.int64,torch.float32,torch.float32,dense_device,,,False,False,False,False,False,True,1.0,240192,146273240,146273240,0,0,False,unknown,unknown,unknown,unknown,unknown,,5.74751997;5.73667192;5.732512;5.73135996;5.732512;5.73459196;5.73651218;5.73401594;5.73040009;5.7393918;5.73027182;5.73814392;5.73507214;5.73507214;5.73404789;5.73302412;5.73507214;5.73507214;5.73404789;5.73507214,20,5.735019207000732,0.0037488218913580176,5.730271816253662,5.7475199699401855,passed,0,0.0,2.384185791015625e-07,1.4901161193847656e-08,1.1905667633982375e-06,2.8888669021398528e-06,1.1905667633982375e-06,2.8888669021398528e-06,60048,0,full_state,passed,,5.734832048416138,nan,nan,nan,nan,nan,nan,nan,nan,nan,nan,3.6152020138000798
globalatomic_cudagraph,microns_mm3,NVIDIA GeForce RTX 5090,2.11.0+cu128,12.8,default,0.15,condensed,,,,,8ad87a9aae85bdc4,2,60048,256,1,6965260,115.99487077005062,microns_mm3,2,4531,251.05142100284274,2.1643320893087554,0.6903498928976086,412.0,1353.0,0.02,0.020000926342259525,1201.015625,2244.25,2256,143678.57421875,250750.5,279536,0.6533504067959529,0.6533504067959528,0.23559221525181556,1.878410199700774,sampled_16_timesteps_max_2048_sources,converged,2.63671875,0.02,0.02000092715024948,9.271502494807848e-07,True,12,SpMV,CUSPARSE_SPMV_ALG_DEFAULT,,nan,torch_cuda_event_cudagraph_replay,gpu_execution,full_rsnn,device_adapted,independent_inference,sparse_only,"(256, 1, 60048)","(256, 1, 60048)",60048,60048,1,1,BN,spmspv_csc_dense_device,spmspv_csc_dense_device,none,False,False,True,0,torch.int64,torch.float32,torch.float32,dense_device,,,False,False,False,False,False,True,1.0,240192,146273240,146273240,0,0,False,unknown,unknown,unknown,unknown,unknown,,7.32230377;7.29958391;7.30688;7.31203222;7.30688;7.30377579;7.300704;7.29759979;7.30272007;7.30585623;7.30435181;7.30592012;7.30278397;7.29977608;7.2884798;7.30179214;7.29871988;7.29971218;7.30281591;7.29974413,20,7.303121590614319,0.006536637835205088,7.288479804992676,7.322303771972656,passed,0,0.0,2.384185791015625e-07,7.450580596923828e-09,1.1905667633982375e-06,1.478642502661387e-06,1.1905667633982375e-06,1.478642502661387e-06,60048,0,full_state,passed,,7.3027520179748535,nan,nan,nan,nan,nan,nan,nan,nan,nan,nan,2.839008680454778
vdha_cudagraph,microns_mm3,NVIDIA GeForce RTX 5090,2.11.0+cu128,12.8,default,0.15,condensed,,,,,8ad87a9aae85bdc4,2,60048,256,1,6965260,115.99487077005062,microns_mm3,2,4531,251.05142100284274,2.1643320893087554,0.6903498928976086,412.0,1353.0,0.02,0.020000926342259525,1201.015625,2244.25,2256,143678.57421875,250750.5,279536,0.6533504067959529,0.6533504067959528,0.23559221525181556,1.878410199700774,sampled_16_timesteps_max_2048_sources,converged,2.63671875,0.02,0.02000092715024948,9.271502494807848e-07,True,12,SpMV,CUSPARSE_SPMV_ALG_DEFAULT,,nan,torch_cuda_event_cudagraph_replay,gpu_execution,full_rsnn,device_adapted,independent_inference,sparse_only,"(256, 1, 60048)","(256, 1, 60048)",60048,60048,1,1,BN,spmspv_csc_dense_device,spmspv_csc_dense_device,none,False,False,True,0,torch.int64,torch.float32,torch.float32,dense_device,,,False,False,False,False,False,True,1.0,240192,146273240,146273240,0,0,False,unknown,unknown,unknown,unknown,unknown,,13.0998077;13.0743999;13.0651197;13.0701122;13.0667524;13.0679359;13.0650558;13.0694723;13.0648956;13.063776;13.0672636;13.0672321;13.0713921;13.0663357;13.0658884;13.069952;13.0658884;13.0689602;13.0658884;13.0699844,20,13.069305658340454,0.007638835266429102,13.063776016235352,13.099807739257812,passed,0,0.0,2.384185791015625e-07,9.313225746154785e-09,1.1891930853380472e-06,1.8479113350622356e-06,1.1891930853380472e-06,1.8479113350622356e-06,60048,0,full_state,passed,,13.067247867584229,nan,nan,nan,nan,nan,nan,nan,nan,nan,nan,1.586606191321305
persistent_spike_block,microns_mm3,NVIDIA GeForce RTX 5090,2.11.0+cu128,12.8,default,0.15,condensed,,,,,8ad87a9aae85bdc4,2,60048,256,1,6965260,115.99487077005062,microns_mm3,2,4531,251.05142100284274,2.1643320893087554,0.6903498928976086,412.0,1353.0,0.02,0.020000926342259525,1201.015625,2244.25,2256,143678.57421875,250750.5,279536,0.6533504067959529,0.6533504067959528,0.23559221525181556,1.878410199700774,sampled_16_timesteps_max_2048_sources,converged,2.63671875,0.02,0.02000092715024948,9.271502494807848e-07,True,12,SpMV,CUSPARSE_SPMV_ALG_DEFAULT,,nan,torch_cuda_event,gpu_execution,full_rsnn,device_native,independent_inference,full_fusion,"(256, 1, 60048)","(256, 1, 60048)",60048,60048,1,1,BN,event_csr,event_csr,dense_to_events_precomputed,False,True,True,0,torch.int32,torch.float32,torch.float32,windowed_events,,,False,False,False,False,False,False,1.0,1636312,57058580,57058580,0,0,False,unknown,unknown,unknown,unknown,unknown,,4.24064016;4.18758392;4.19737577;4.17427206;4.20147181;4.17939186;4.20351982;4.18345594;4.20662403;4.18358421;4.19532824;4.17942381;4.19948816;4.17526388;4.19939184;4.17942381;4.19116783;4.17734385;4.19942379;4.1758399,20,4.191500735282898,0.015749019386779434,4.174272060394287,4.240640163421631,passed,0,0.0,4.76837158203125e-07,2.9802322387695312e-08,2.3780830815667287e-06,5.7726952036318835e-06,2.3780830815667287e-06,5.7726952036318835e-06,60048,0,full_state,passed,,4.189375877380371,nan,nan,nan,nan,nan,nan,4.948846075660176,nan,nan,nan,4.948846075660176
cusparse_direct_cudagraph,microns_mm3,NVIDIA GeForce RTX 5090,2.11.0+cu128,12.8,default,0.15,condensed,,,,,31224b8fbf1f86de,2,60048,256,1,6965260,115.99487077005062,microns_mm3,2,4531,251.05142100284274,2.1643320893087554,0.6903498928976086,412.0,1353.0,0.05,0.050022937379263256,3003.77734375,5431.5,5719,374591.3671875,660821.0,755855,0.771366596398792,0.7713665963987918,0.2399183366626988,1.9039360596748625,sampled_16_timesteps_max_2048_sources,converged,6.4208984375,0.05,0.05002293735742569,2.2937357425686922e-05,True,12,SpMV,CUSPARSE_SPMV_ALG_DEFAULT,,nan,torch_cuda_event,gpu_execution,full_rsnn,device_native,independent_inference,sparse_only,"(256, 1, 60048)","(256, 1, 60048)",60048,60048,1,1,BN,csr_post_by_pre,csr_post_by_pre,none,False,False,True,0,torch.int32,torch.float32,torch.float32,dense,,,False,False,False,False,False,True,1.0,27216,179661156,179661156,0,0,False,unknown,unknown,unknown,unknown,unknown,,20.8269119;20.7480965;20.7438393;20.7376957;20.7315521;20.7172165;20.7295036;20.7315521;20.7346249;20.7356167;20.7336006;20.7233601;20.7376957;20.7295036;20.7253761;20.7376957;20.7284164;20.7295036;20.7315521;20.7336006,20,20.737345695495605,0.02215690639305598,20.71721649169922,20.82691192626953,passed,0,0.0,9.5367431640625e-07,2.9802322387695312e-08,4.567425094137434e-06,5.628175586025463e-06,4.567425094137434e-06,5.628175586025463e-06,60048,0,full_state,passed,,20.732576370239258,nan,nan,nan,nan,nan,nan,1.0,nan,nan,nan,1.0
tilespmspv_cudagraph,microns_mm3,NVIDIA GeForce RTX 5090,2.11.0+cu128,12.8,default,0.15,condensed,,,,,31224b8fbf1f86de,2,60048,256,1,6965260,115.99487077005062,microns_mm3,2,4531,251.05142100284274,2.1643320893087554,0.6903498928976086,412.0,1353.0,0.05,0.050022937379263256,3003.77734375,5431.5,5719,374591.3671875,660821.0,755855,0.771366596398792,0.7713665963987918,0.2399183366626988,1.9039360596748625,sampled_16_timesteps_max_2048_sources,converged,6.4208984375,0.05,0.05002293735742569,2.2937357425686922e-05,True,12,SpMV,CUSPARSE_SPMV_ALG_DEFAULT,,nan,torch_cuda_event_cudagraph_replay,gpu_execution,full_rsnn,device_adapted,independent_inference,sparse_only,"(256, 1, 60048)","(256, 1, 60048)",60048,60048,1,1,BN,spmspv_csc_dense_device,spmspv_csc_dense_device,none,False,False,True,0,torch.int64,torch.float32,torch.float32,dense_device,,,False,False,False,False,False,True,1.0,240192,146273240,146273240,0,0,False,unknown,unknown,unknown,unknown,unknown,,5.87760019;5.86947203;5.86979198;5.8717761;5.8769598;5.87184;5.86976004;5.87180805;5.8737278;5.87084818;5.86976004;5.87228823;5.8784318;5.8722558;5.88150406;5.87228823;5.8681922;5.87228823;5.87024021;5.87126398,20,5.872604846954346,0.003437549261447731,5.868192195892334,5.881504058837891,passed,0,0.0,7.748603820800781e-07,2.9802322387695312e-08,3.8491530176543165e-06,5.760968633694574e-06,3.8491530176543165e-06,5.760968633694574e-06,60048,0,full_state,passed,,5.871824026107788,nan,nan,nan,nan,nan,nan,nan,nan,nan,nan,3.5308579204786055
globalatomic_cudagraph,microns_mm3,NVIDIA GeForce RTX 5090,2.11.0+cu128,12.8,default,0.15,condensed,,,,,31224b8fbf1f86de,2,60048,256,1,6965260,115.99487077005062,microns_mm3,2,4531,251.05142100284274,2.1643320893087554,0.6903498928976086,412.0,1353.0,0.05,0.050022937379263256,3003.77734375,5431.5,5719,374591.3671875,660821.0,755855,0.771366596398792,0.7713665963987918,0.2399183366626988,1.9039360596748625,sampled_16_timesteps_max_2048_sources,converged,6.4208984375,0.05,0.05002293735742569,2.2937357425686922e-05,True,12,SpMV,CUSPARSE_SPMV_ALG_DEFAULT,,nan,torch_cuda_event_cudagraph_replay,gpu_execution,full_rsnn,device_adapted,independent_inference,sparse_only,"(256, 1, 60048)","(256, 1, 60048)",60048,60048,1,1,BN,spmspv_csc_dense_device,spmspv_csc_dense_device,none,False,False,True,0,torch.int64,torch.float32,torch.float32,dense_device,,,False,False,False,False,False,True,1.0,240192,146273240,146273240,0,0,False,unknown,unknown,unknown,unknown,unknown,,7.29577589;7.28502417;7.28793621;7.28480005;7.28851223;7.28543997;7.29046392;7.28892803;7.29059219;7.28281593;7.29001617;7.29155207;7.28233624;7.28745604;7.29052782;7.28950405;7.28438377;7.28950405;7.28336;7.2884798,20,7.2878704309463505,0.0034134232067565304,7.282336235046387,7.295775890350342,passed,0,0.0,7.748603820800781e-07,4.470348358154297e-08,3.8491530176543165e-06,8.44226360641187e-06,3.8491530176543165e-06,8.44226360641187e-06,60048,0,full_state,passed,,7.288496017456055,nan,nan,nan,nan,nan,nan,nan,nan,nan,nan,2.8445616654772716
vdha_cudagraph,microns_mm3,NVIDIA GeForce RTX 5090,2.11.0+cu128,12.8,default,0.15,condensed,,,,,31224b8fbf1f86de,2,60048,256,1,6965260,115.99487077005062,microns_mm3,2,4531,251.05142100284274,2.1643320893087554,0.6903498928976086,412.0,1353.0,0.05,0.050022937379263256,3003.77734375,5431.5,5719,374591.3671875,660821.0,755855,0.771366596398792,0.7713665963987918,0.2399183366626988,1.9039360596748625,sampled_16_timesteps_max_2048_sources,converged,6.4208984375,0.05,0.05002293735742569,2.2937357425686922e-05,True,12,SpMV,CUSPARSE_SPMV_ALG_DEFAULT,,nan,torch_cuda_event_cudagraph_replay,gpu_execution,full_rsnn,device_adapted,independent_inference,sparse_only,"(256, 1, 60048)","(256, 1, 60048)",60048,60048,1,1,BN,spmspv_csc_dense_device,spmspv_csc_dense_device,none,False,False,True,0,torch.int64,torch.float32,torch.float32,dense_device,,,False,False,False,False,False,True,1.0,240192,146273240,146273240,0,0,False,unknown,unknown,unknown,unknown,unknown,,13.6055679;13.5761604;13.5747843;13.579936;13.5748482;13.5758076;13.5727682;13.5778561;13.5809278;13.5860796;13.5850239;13.579936;13.5788803;13.5793276;13.5809603;13.5819836;13.5849924;13.5778875;13.5819836;13.5789118,20,13.58073115348816,0.006844607376032733,13.572768211364746,13.605567932128906,passed,0,0.0,9.5367431640625e-07,5.960464477539063e-08,4.7201738198054954e-06,1.1256351172050927e-05,4.7201738198054954e-06,1.1256351172050927e-05,60048,0,full_state,passed,,13.579631805419922,nan,nan,nan,nan,nan,nan,nan,nan,nan,nan,1.5267406854112526
persistent_spike_block,microns_mm3,NVIDIA GeForce RTX 5090,2.11.0+cu128,12.8,default,0.15,condensed,,,,,31224b8fbf1f86de,2,60048,256,1,6965260,115.99487077005062,microns_mm3,2,4531,251.05142100284274,2.1643320893087554,0.6903498928976086,412.0,1353.0,0.05,0.050022937379263256,3003.77734375,5431.5,5719,374591.3671875,660821.0,755855,0.771366596398792,0.7713665963987918,0.2399183366626988,1.9039360596748625,sampled_16_timesteps_max_2048_sources,converged,6.4208984375,0.05,0.05002293735742569,2.2937357425686922e-05,True,12,SpMV,CUSPARSE_SPMV_ALG_DEFAULT,,nan,torch_cuda_event,gpu_execution,full_rsnn,device_native,independent_inference,full_fusion,"(256, 1, 60048)","(256, 1, 60048)",60048,60048,1,1,BN,event_csr,event_csr,dense_to_events_precomputed,False,True,True,0,torch.int32,torch.float32,torch.float32,windowed_events,,,False,False,False,False,False,False,1.0,1636312,57058580,57058580,0,0,False,unknown,unknown,unknown,unknown,unknown,,4.91574383;4.78352022;4.86710405;4.78457594;4.86099195;4.7815361;4.87427187;4.78457594;4.86710405;4.77843189;4.86294413;4.78870392;4.86300802;4.7866559;4.85881615;4.78364801;4.86796808;4.7877121;4.86912012;4.78310394,20,4.827476811408997,0.045820554012017047,4.7784318923950195,4.915743827819824,passed,0,0.0,8.58306884765625e-06,3.203749656677246e-07,4.264454037183896e-05,6.161741475807503e-05,4.264454037183896e-05,6.161741475807503e-05,60048,0,full_state,passed,,4.823760032653809,nan,nan,nan,nan,nan,nan,4.298011557352109,nan,nan,nan,4.298011557352109
cusparse_direct_cudagraph,microns_mm3,NVIDIA GeForce RTX 5090,2.11.0+cu128,12.8,default,0.15,condensed,,,,,8d2276ffe51cb7b5,2,60048,256,1,6965260,115.99487077005062,microns_mm3,2,4531,251.05142100284274,2.1643320893087554,0.6903498928976086,412.0,1353.0,0.1,0.10004672043615108,6007.60546875,9909.0,11602,762514.0078125,1265388.0,1525307,0.777283070943571,0.7772830709435707,0.23942079670000385,1.9312186960929083,sampled_16_timesteps_max_2048_sources,converged,13.9892578125,0.1,0.10004672408103943,4.672408103942316e-05,True,12,SpMV,CUSPARSE_SPMV_ALG_DEFAULT,,nan,torch_cuda_event,gpu_execution,full_rsnn,device_native,independent_inference,sparse_only,"(256, 1, 60048)","(256, 1, 60048)",60048,60048,1,1,BN,csr_post_by_pre,csr_post_by_pre,none,False,False,True,0,torch.int32,torch.float32,torch.float32,dense,,,False,False,False,False,False,True,1.0,27216,179661156,179661156,0,0,False,unknown,unknown,unknown,unknown,unknown,,20.7499847;20.7604485;20.7499847;20.7376328;20.7295036;20.7110729;20.7295036;20.7336311;20.7345924;20.7356472;20.7356472;20.7417927;20.7254086;20.7233601;20.7213116;20.7192326;20.7202873;20.7213116;20.7274551;20.7171841,20,20.731249618530274,0.012451831528395178,20.71107292175293,20.760448455810547,passed,0,0.0,1.9073486328125e-06,4.470348358154297e-08,9.183388101519085e-06,8.429745321336668e-06,9.183388101519085e-06,8.429745321336668e-06,60048,0,full_state,passed,,20.729503631591797,nan,nan,nan,nan,nan,nan,1.0,nan,nan,nan,1.0
tilespmspv_cudagraph,microns_mm3,NVIDIA GeForce RTX 5090,2.11.0+cu128,12.8,default,0.15,condensed,,,,,8d2276ffe51cb7b5,2,60048,256,1,6965260,115.99487077005062,microns_mm3,2,4531,251.05142100284274,2.1643320893087554,0.6903498928976086,412.0,1353.0,0.1,0.10004672043615108,6007.60546875,9909.0,11602,762514.0078125,1265388.0,1525307,0.777283070943571,0.7772830709435707,0.23942079670000385,1.9312186960929083,sampled_16_timesteps_max_2048_sources,converged,13.9892578125,0.1,0.10004672408103943,4.672408103942316e-05,True,12,SpMV,CUSPARSE_SPMV_ALG_DEFAULT,,nan,torch_cuda_event_cudagraph_replay,gpu_execution,full_rsnn,device_adapted,independent_inference,sparse_only,"(256, 1, 60048)","(256, 1, 60048)",60048,60048,1,1,BN,spmspv_csc_dense_device,spmspv_csc_dense_device,none,False,False,True,0,torch.int64,torch.float32,torch.float32,dense_device,,,False,False,False,False,False,True,1.0,240192,146273240,146273240,0,0,False,unknown,unknown,unknown,unknown,unknown,,6.87174416;6.86764812;6.86342382;6.87267208;6.85542393;6.86540794;6.87167978;6.87068796;6.8634882;6.86963177;6.86508799;6.8624959;6.86352015;6.86556816;6.85635185;6.87376022;6.85123205;6.86556816;6.85635185;6.86352015,20,6.86476321220398,0.0062089978717352725,6.851232051849365,6.873760223388672,passed,0,0.0,1.9073486328125e-06,8.940696716308594e-08,9.170908015221357e-06,1.606935438758228e-05,9.170908015221357e-06,1.606935438758228e-05,60048,0,full_state,passed,,6.865247964859009,nan,nan,nan,nan,nan,nan,nan,nan,nan,nan,3.01948359880072
globalatomic_cudagraph,microns_mm3,NVIDIA GeForce RTX 5090,2.11.0+cu128,12.8,default,0.15,condensed,,,,,8d2276ffe51cb7b5,2,60048,256,1,6965260,115.99487077005062,microns_mm3,2,4531,251.05142100284274,2.1643320893087554,0.6903498928976086,412.0,1353.0,0.1,0.10004672043615108,6007.60546875,9909.0,11602,762514.0078125,1265388.0,1525307,0.777283070943571,0.7772830709435707,0.23942079670000385,1.9312186960929083,sampled_16_timesteps_max_2048_sources,converged,13.9892578125,0.1,0.10004672408103943,4.672408103942316e-05,True,12,SpMV,CUSPARSE_SPMV_ALG_DEFAULT,,nan,torch_cuda_event_cudagraph_replay,gpu_execution,full_rsnn,device_adapted,independent_inference,sparse_only,"(256, 1, 60048)","(256, 1, 60048)",60048,60048,1,1,BN,spmspv_csc_dense_device,spmspv_csc_dense_device,none,False,False,True,0,torch.int64,torch.float32,torch.float32,dense_device,,,False,False,False,False,False,True,1.0,240192,146273240,146273240,0,0,False,unknown,unknown,unknown,unknown,unknown,,7.44163179;7.43369579;7.42863989;7.42972803;7.42880011;7.42975998;7.42668819;7.4237442;7.42454386;7.42361593;7.42217588;7.42159986;7.42364788;7.42262411;7.42364788;7.42262411;7.42975998;7.42262411;7.42975998;7.42467213,20,7.426699185371399,0.004916623987730042,7.421599864959717,7.44163179397583,passed,0,0.0,1.9073486328125e-06,8.940696716308594e-08,9.026955012814142e-06,1.606935438758228e-05,9.026955012814142e-06,1.606935438758228e-05,60048,0,full_state,passed,,7.424607992172241,nan,nan,nan,nan,nan,nan,nan,nan,nan,nan,2.7919997464441084
vdha_cudagraph,microns_mm3,NVIDIA GeForce RTX 5090,2.11.0+cu128,12.8,default,0.15,condensed,,,,,8d2276ffe51cb7b5,2,60048,256,1,6965260,115.99487077005062,microns_mm3,2,4531,251.05142100284274,2.1643320893087554,0.6903498928976086,412.0,1353.0,0.1,0.10004672043615108,6007.60546875,9909.0,11602,762514.0078125,1265388.0,1525307,0.777283070943571,0.7772830709435707,0.23942079670000385,1.9312186960929083,sampled_16_timesteps_max_2048_sources,converged,13.9892578125,0.1,0.10004672408103943,4.672408103942316e-05,True,12,SpMV,CUSPARSE_SPMV_ALG_DEFAULT,,nan,torch_cuda_event_cudagraph_replay,gpu_execution,full_rsnn,device_adapted,independent_inference,sparse_only,"(256, 1, 60048)","(256, 1, 60048)",60048,60048,1,1,BN,spmspv_csc_dense_device,spmspv_csc_dense_device,none,False,False,True,0,torch.int64,torch.float32,torch.float32,dense_device,,,False,False,False,False,False,True,1.0,240192,146273240,146273240,0,0,False,unknown,unknown,unknown,unknown,unknown,,15.2810879;15.2256956;15.2173758;15.2120962;15.2214079;15.2152958;15.2172155;15.2142715;15.2112322;15.2152319;15.2111044;15.2100477;15.2173443;15.2105598;15.2111683;15.2142401;15.2111683;15.2152643;15.2132158;15.2183037,20,15.21816635131836,0.015330434683037537,15.210047721862793,15.281087875366211,passed,0,0.0,1.9073486328125e-06,5.960464477539063e-08,9.026955012814142e-06,1.1701185030688066e-05,9.026955012814142e-06,1.1701185030688066e-05,60048,0,full_state,passed,,15.214751720428467,nan,nan,nan,nan,nan,nan,nan,nan,nan,nan,1.3624608546032868
persistent_spike_block,microns_mm3,NVIDIA GeForce RTX 5090,2.11.0+cu128,12.8,default,0.15,condensed,,,,,8d2276ffe51cb7b5,2,60048,256,1,6965260,115.99487077005062,microns_mm3,2,4531,251.05142100284274,2.1643320893087554,0.6903498928976086,412.0,1353.0,0.1,0.10004672043615108,6007.60546875,9909.0,11602,762514.0078125,1265388.0,1525307,0.777283070943571,0.7772830709435707,0.23942079670000385,1.9312186960929083,sampled_16_timesteps_max_2048_sources,converged,13.9892578125,0.1,0.10004672408103943,4.672408103942316e-05,True,12,SpMV,CUSPARSE_SPMV_ALG_DEFAULT,,nan,torch_cuda_event,gpu_execution,full_rsnn,device_native,independent_inference,full_fusion,"(256, 1, 60048)","(256, 1, 60048)",60048,60048,1,1,BN,event_csr,event_csr,dense_to_events_precomputed,False,True,True,0,torch.int32,torch.float32,torch.float32,windowed_events,,,False,False,False,False,False,False,1.0,1636312,57058580,57058580,0,0,False,unknown,unknown,unknown,unknown,unknown,,5.69612789;5.52131224;5.64572811;5.51939201;5.6426878;5.50396776;5.63263988;5.52147198;5.65510416;5.50911999;5.65699196;5.51219177;5.63654423;5.51724815;5.66316795;5.51731205;5.65507221;5.51619196;5.63916779;5.5162878,20,5.583886384963989,0.07143932117903082,5.503967761993408,5.696127891540527,passed,0,0.0,2.771615982055664e-05,1.6391277313232422e-06,0.00013756362022832036,0.0003000646538566798,0.00013756362022832036,0.0003000646538566798,60048,0,full_state,passed,,5.577055931091309,nan,nan,nan,nan,nan,nan,3.7169258992056555,nan,nan,nan,3.7169258992056555
cusparse_direct_cudagraph,microns_mm3,NVIDIA GeForce RTX 5090,2.11.0+cu128,12.8,default,0.15,condensed,,,,,78de832cd37100a6,2,60048,256,1,6965260,115.99487077005062,microns_mm3,2,4531,251.05142100284274,2.1643320893087554,0.6903498928976086,412.0,1353.0,0.2,0.19999150419247935,12009.08984375,18201.75,22040,1529205.79296875,2352873.5,2810502,0.7716188947905847,0.7716188947905844,0.2245766641177984,1.835276468638502,sampled_16_timesteps_max_2048_sources,converged,36.962890625,0.2,0.19999150931835175,8.490681648265497e-06,True,12,SpMV,CUSPARSE_SPMV_ALG_DEFAULT,,nan,torch_cuda_event,gpu_execution,full_rsnn,device_native,independent_inference,sparse_only,"(256, 1, 60048)","(256, 1, 60048)",60048,60048,1,1,BN,csr_post_by_pre,csr_post_by_pre,none,False,False,True,0,torch.int32,torch.float32,torch.float32,dense,,,False,False,False,False,False,True,1.0,27216,179661156,179661156,0,0,False,unknown,unknown,unknown,unknown,unknown,,20.7651196;20.7481289;20.7376957;20.7315521;20.7254086;20.7356472;20.7315521;20.7295036;20.7325439;20.7274551;20.715168;20.7376957;20.7254086;20.7336006;20.7397442;20.7397442;20.7305279;20.7254086;20.7315521;20.7336006,20,20.733852863311768,0.01009232828098387,20.715167999267578,20.765119552612305,passed,0,0.0,3.814697265625e-06,8.940696716308594e-08,1.8152193661080673e-05,1.5753559637232684e-05,1.8152193661080673e-05,1.5753559637232684e-05,60048,0,full_state,passed,,20.73204803466797,nan,nan,nan,nan,nan,nan,1.0,nan,nan,nan,1.0
tilespmspv_cudagraph,microns_mm3,NVIDIA GeForce RTX 5090,2.11.0+cu128,12.8,default,0.15,condensed,,,,,78de832cd37100a6,2,60048,256,1,6965260,115.99487077005062,microns_mm3,2,4531,251.05142100284274,2.1643320893087554,0.6903498928976086,412.0,1353.0,0.2,0.19999150419247935,12009.08984375,18201.75,22040,1529205.79296875,2352873.5,2810502,0.7716188947905847,0.7716188947905844,0.2245766641177984,1.835276468638502,sampled_16_timesteps_max_2048_sources,converged,36.962890625,0.2,0.19999150931835175,8.490681648265497e-06,True,12,SpMV,CUSPARSE_SPMV_ALG_DEFAULT,,nan,torch_cuda_event_cudagraph_replay,gpu_execution,full_rsnn,device_adapted,independent_inference,sparse_only,"(256, 1, 60048)","(256, 1, 60048)",60048,60048,1,1,BN,spmspv_csc_dense_device,spmspv_csc_dense_device,none,False,False,True,0,torch.int64,torch.float32,torch.float32,dense_device,,,False,False,False,False,False,True,1.0,240192,146273240,146273240,0,0,False,unknown,unknown,unknown,unknown,unknown,,9.22963238;9.23347187;9.24473572;9.23206425;9.24124813;9.24988842;9.24844837;9.26111984;9.24995232;9.25702381;9.24166393;9.24227238;9.2432003;9.23408031;9.2473917;9.23612785;9.25251198;9.23510361;9.24841595;9.23100758,20,9.242968034744262,0.00894429156917077,9.229632377624512,9.261119842529297,passed_causal_masked_state,4,2.6020849986677324e-07,0.02835714817047119,0.0001796334981918335,0.1408136785030365,0.03279364854097366,2.0552330170175992e-05,2.987306834256742e-05,57408,2640,causal_masked_state,passed_causal_masked_state,,9.242736339569092,nan,nan,nan,nan,nan,nan,nan,nan,nan,nan,2.2430638798936595
globalatomic_cudagraph,microns_mm3,NVIDIA GeForce RTX 5090,2.11.0+cu128,12.8,default,0.15,condensed,,,,,78de832cd37100a6,2,60048,256,1,6965260,115.99487077005062,microns_mm3,2,4531,251.05142100284274,2.1643320893087554,0.6903498928976086,412.0,1353.0,0.2,0.19999150419247935,12009.08984375,18201.75,22040,1529205.79296875,2352873.5,2810502,0.7716188947905847,0.7716188947905844,0.2245766641177984,1.835276468638502,sampled_16_timesteps_max_2048_sources,converged,36.962890625,0.2,0.19999150931835175,8.490681648265497e-06,True,12,SpMV,CUSPARSE_SPMV_ALG_DEFAULT,,nan,torch_cuda_event_cudagraph_replay,gpu_execution,full_rsnn,device_adapted,independent_inference,sparse_only,"(256, 1, 60048)","(256, 1, 60048)",60048,60048,1,1,BN,spmspv_csc_dense_device,spmspv_csc_dense_device,none,False,False,True,0,torch.int64,torch.float32,torch.float32,dense_device,,,False,False,False,False,False,True,1.0,240192,146273240,146273240,0,0,False,unknown,unknown,unknown,unknown,unknown,,9.05468845;9.04982376;9.05382442;9.05068779;9.0476799;9.04982376;9.04662418;9.05187225;9.05382442;9.05273628;9.0472002;9.04975986;9.04873562;9.0415678;9.04975986;9.05283165;9.05795193;9.05590439;9.0538559;9.05283165,20,9.05109920501709,0.0037348284746124005,9.0415678024292,9.057951927185059,passed_causal_masked_state,4,2.6020849986677324e-07,0.028357267379760742,0.0001796334981918335,0.14081427454948425,0.03279364854097366,2.5420109523111023e-05,2.987306834256742e-05,57408,2640,causal_masked_state,passed_causal_masked_state,,9.05128002166748,nan,nan,nan,nan,nan,nan,nan,nan,nan,nan,2.2905100698507157
vdha_cudagraph,microns_mm3,NVIDIA GeForce RTX 5090,2.11.0+cu128,12.8,default,0.15,condensed,,,,,78de832cd37100a6,2,60048,256,1,6965260,115.99487077005062,microns_mm3,2,4531,251.05142100284274,2.1643320893087554,0.6903498928976086,412.0,1353.0,0.2,0.19999150419247935,12009.08984375,18201.75,22040,1529205.79296875,2352873.5,2810502,0.7716188947905847,0.7716188947905844,0.2245766641177984,1.835276468638502,sampled_16_timesteps_max_2048_sources,converged,36.962890625,0.2,0.19999150931835175,8.490681648265497e-06,True,12,SpMV,CUSPARSE_SPMV_ALG_DEFAULT,,nan,torch_cuda_event_cudagraph_replay,gpu_execution,full_rsnn,device_adapted,independent_inference,sparse_only,"(256, 1, 60048)","(256, 1, 60048)",60048,60048,1,1,BN,spmspv_csc_dense_device,spmspv_csc_dense_device,none,False,False,True,0,torch.int64,torch.float32,torch.float32,dense_device,,,False,False,False,False,False,True,1.0,240192,146273240,146273240,0,0,False,unknown,unknown,unknown,unknown,unknown,,19.1418247;19.1027203;19.1017914;19.1003513;19.1105289;19.1043835;19.1105289;19.1064644;19.1125126;19.1096954;19.1063671;19.1063671;19.1085434;19.1119995;19.1064644;19.0982723;19.1125431;19.1105595;19.1074886;19.1105595,20,19.10899829864502,0.00874547659601738,19.0982723236084,19.14182472229004,passed_causal_masked_state,4,2.6020849986677324e-07,0.028357088565826416,0.0001796334981918335,0.14081338047981262,0.03279364854097366,8.960485138231888e-05,0.00020719500025734305,57408,2640,causal_masked_state,passed_causal_masked_state,,19.10801601409912,nan,nan,nan,nan,nan,nan,nan,nan,nan,nan,1.0849921843989734
persistent_spike_block,microns_mm3,NVIDIA GeForce RTX 5090,2.11.0+cu128,12.8,default,0.15,condensed,,,,,78de832cd37100a6,2,60048,256,1,6965260,115.99487077005062,microns_mm3,2,4531,251.05142100284274,2.1643320893087554,0.6903498928976086,412.0,1353.0,0.2,0.19999150419247935,12009.08984375,18201.75,22040,1529205.79296875,2352873.5,2810502,0.7716188947905847,0.7716188947905844,0.2245766641177984,1.835276468638502,sampled_16_timesteps_max_2048_sources,converged,36.962890625,0.2,0.19999150931835175,8.490681648265497e-06,True,12,SpMV,CUSPARSE_SPMV_ALG_DEFAULT,,nan,torch_cuda_event,gpu_execution,full_rsnn,device_native,independent_inference,full_fusion,"(256, 1, 60048)","(256, 1, 60048)",60048,60048,1,1,BN,event_csr,event_csr,dense_to_events_precomputed,False,True,True,0,torch.int32,torch.float32,torch.float32,windowed_events,,,False,False,False,False,False,False,1.0,1636312,57058580,57058580,0,0,False,unknown,unknown,unknown,unknown,unknown,,7.6436801;8.00300789;7.60310411;8.00403214;7.61139202;8.0101757;7.59814405;8.00310421;7.60313606;7.99276781;7.59791994;8.00505638;7.61744022;7.97644806;7.59196806;8.00412846;7.60323191;8.00198364;7.61753607;8.00355244,20,7.804590463638306,0.20128749768374302,7.591968059539795,8.010175704956055,passed_causal_masked_state,524,3.4087313482547294e-05,0.9993423819541931,0.017167314887046814,4.996694087982178,3.1533217430114746,0.0002135319955414161,0.0004060545179527253,28969,31079,causal_masked_state,passed_causal_masked_state,,7.810064077377319,nan,nan,nan,nan,nan,nan,2.654529825782166,nan,nan,nan,2.654529825782166
