provider,dataset,gpu,torch_version,cuda_version,connectome_root,weight_scale,microns_variant,multiarea_n_scaling,multiarea_k_scaling,multiarea_seed,multiarea_max_nnz,workload_id,input_seed,n_neuron,t_steps,batch_size,graph_synapses,average_fanout,graph_type,graph_seed,graph_max_fanout,graph_fanout_std,graph_fanout_cv,graph_fanout_gini,graph_p95_fanout,graph_p99_fanout,timestep_ms,external_event_rate,requested_activity,measured_activity,requested_firing_rate_hz,measured_firing_rate_hz,mean_active_neurons,p95_active_neurons,max_active_neurons,mean_active_edges,p95_active_edges,max_active_edges,mean_collision_ratio,p95_collision_ratio,temporal_cv,burst_factor,collision_method,calibration_status,calibration_input_amplitude,calibration_target_activity,calibration_measured_activity,calibration_activity_error,calibration_stable,calibration_iterations,direct_cusparse_primitive,direct_cusparse_algorithm,framework_version,build_time_s,timing_method,timing_scope,benchmark_mode,execution_class,state_semantics,fusion_level,logical_shape,physical_shape,logical_n,physical_n,logical_batch,physical_batch,input_layout,operator_layout,required_layout,layout_transform_mode,layout_transform_in_timing,need_layout_transform,input_contiguous,input_address_mod,index_dtype,value_dtype,compute_dtype,spike_representation,selected_kernels,selector_model,uses_host_control,uses_internal_sync,uses_d2h,uses_h2d,allocates_during_run,graph_capturable,padding_ratio,workspace_bytes,total_prepared_bytes,persistent_bytes,run_allocated_bytes,run_reserved_delta,profiler_audited,profiler_cuda_malloc,profiler_cuda_free,profiler_d2h,profiler_h2d,profiler_internal_sync,profiler_unexpected_alloc_ops,latency_samples_ms,sample_count,latency_mean_ms,latency_std_ms,latency_min_ms,latency_max_ms,status,spike_mismatches,spike_mismatch_rate,v_max_abs_diff,psc_max_abs_diff,v_max_normalized_error,psc_max_normalized_error,v_compared_max_normalized_error,psc_compared_max_normalized_error,state_compared_neurons,state_excluded_neurons,correctness_mode,correctness_status,status_detail,latency_ms,speedup_vs_dense_eager,speedup_vs_dense_cudagraph,speedup_vs_csr_eager,speedup_vs_csr_host_e2e,speedup_vs_csr_cudagraph,speedup_vs_cusparse_direct_eager,speedup_vs_cusparse_direct_cudagraph,speedup_vs_genn,speedup_vs_brian2cuda,speedup_vs_same_eager,activity_sweep_speedup_vs_cusparse
cusparse_direct_cudagraph,multiarea_mam,NVIDIA GeForce RTX 5090,2.11.0+cu128,12.8,default,0.15,,0.005,1.0,0,400000000,635e57bc2d001bbb,0,20649,256,1,21960982,1063.5373141556493,multiarea_mam,0,4692,615.5277770001732,0.5787552244829751,0.31083470928425944,2081.5999999999985,2809.0,1.0,0.0,0.0,0.0,0.0,0.0,0.0,0.0,0,0.0,0.0,0,0.0,0.0,0.0,0.0,sampled_16_timesteps_max_2048_sources,converged,50.0,0.0,0.0,0.0,True,20,SpMV,CUSPARSE_SPMV_ALG_DEFAULT,,nan,torch_cuda_event,gpu_execution,full_rsnn,device_native,independent_inference,sparse_only,"(256, 1, 20649)","(256, 1, 20649)",20649,20649,1,1,BN,csr_post_by_pre,csr_post_by_pre,none,False,False,True,0,torch.int32,torch.float32,torch.float32,dense,,,False,False,False,False,False,True,1.0,85792,218307396,218307396,0,0,False,unknown,unknown,unknown,unknown,unknown,,28.1409912;28.1095047;28.1186562;28.1073914;28.1073914;28.1125431;28.1114883;28.1145592;28.1094398;28.1114883;28.1104641;28.1135368;28.108448;28.1135368;28.1094723;28.1104641;28.1114883;28.1104641;28.1135368;28.1094398,20,28.112715244293213,0.007171492902997656,28.107391357421875,28.1409912109375,passed,0,0.0,0.0,0.0,0.0,0.0,0.0,0.0,20649,0,full_state,passed,,28.110976219177246,nan,nan,nan,nan,nan,nan,1.0,nan,nan,nan,1.0
tilespmspv_cudagraph,multiarea_mam,NVIDIA GeForce RTX 5090,2.11.0+cu128,12.8,default,0.15,,0.005,1.0,0,400000000,635e57bc2d001bbb,0,20649,256,1,21960982,1063.5373141556493,multiarea_mam,0,4692,615.5277770001732,0.5787552244829751,0.31083470928425944,2081.5999999999985,2809.0,1.0,0.0,0.0,0.0,0.0,0.0,0.0,0.0,0,0.0,0.0,0,0.0,0.0,0.0,0.0,sampled_16_timesteps_max_2048_sources,converged,50.0,0.0,0.0,0.0,True,20,SpMV,CUSPARSE_SPMV_ALG_DEFAULT,,nan,torch_cuda_event_cudagraph_replay,gpu_execution,full_rsnn,device_adapted,independent_inference,sparse_only,"(256, 1, 20649)","(256, 1, 20649)",20649,20649,1,1,BN,spmspv_csc_dense_device,spmspv_csc_dense_device,none,False,False,True,0,torch.int64,torch.float32,torch.float32,dense_device,,,False,False,False,False,False,True,1.0,82596,285089348,285089348,0,0,False,unknown,unknown,unknown,unknown,unknown,,4.07830381;4.05295992;4.05465603;4.05267191;4.05257607;4.05289602;4.05449581;4.05452824;4.05273581;4.05248022;4.05219221;4.05257607;4.05263996;4.05263996;4.05366421;4.05263996;4.05263996;4.05263996;4.05260801;4.05263996,20,4.054259204864502,0.0057065568887108694,4.052192211151123,4.078303813934326,passed,0,0.0,0.0,0.0,0.0,0.0,0.0,0.0,20649,0,full_state,passed,,4.052639961242676,nan,nan,nan,nan,nan,nan,nan,nan,nan,nan,6.936460304398093
globalatomic_cudagraph,multiarea_mam,NVIDIA GeForce RTX 5090,2.11.0+cu128,12.8,default,0.15,,0.005,1.0,0,400000000,635e57bc2d001bbb,0,20649,256,1,21960982,1063.5373141556493,multiarea_mam,0,4692,615.5277770001732,0.5787552244829751,0.31083470928425944,2081.5999999999985,2809.0,1.0,0.0,0.0,0.0,0.0,0.0,0.0,0.0,0,0.0,0.0,0,0.0,0.0,0.0,0.0,sampled_16_timesteps_max_2048_sources,converged,50.0,0.0,0.0,0.0,True,20,SpMV,CUSPARSE_SPMV_ALG_DEFAULT,,nan,torch_cuda_event_cudagraph_replay,gpu_execution,full_rsnn,device_adapted,independent_inference,sparse_only,"(256, 1, 20649)","(256, 1, 20649)",20649,20649,1,1,BN,spmspv_csc_dense_device,spmspv_csc_dense_device,none,False,False,True,0,torch.int64,torch.float32,torch.float32,dense_device,,,False,False,False,False,False,True,1.0,82596,285089348,285089348,0,0,False,unknown,unknown,unknown,unknown,unknown,,14.1316156;14.103488;14.1050558;14.1041918;14.1072636;14.1072321;14.1031675;14.1042557;14.1051197;14.1072636;14.1079044;14.1032;14.1052485;14.105216;14.1062717;14.1011524;14.1011524;14.1000957;14.1011524;14.107296,20,14.105867147445679,0.006499345545305743,14.100095748901367,14.13161563873291,passed,0,0.0,0.0,0.0,0.0,0.0,0.0,0.0,20649,0,full_state,passed,,14.105087757110596,nan,nan,nan,nan,nan,nan,nan,nan,nan,nan,1.992967126702637
vdha_cudagraph,multiarea_mam,NVIDIA GeForce RTX 5090,2.11.0+cu128,12.8,default,0.15,,0.005,1.0,0,400000000,635e57bc2d001bbb,0,20649,256,1,21960982,1063.5373141556493,multiarea_mam,0,4692,615.5277770001732,0.5787552244829751,0.31083470928425944,2081.5999999999985,2809.0,1.0,0.0,0.0,0.0,0.0,0.0,0.0,0.0,0,0.0,0.0,0,0.0,0.0,0.0,0.0,sampled_16_timesteps_max_2048_sources,converged,50.0,0.0,0.0,0.0,True,20,SpMV,CUSPARSE_SPMV_ALG_DEFAULT,,nan,torch_cuda_event_cudagraph_replay,gpu_execution,full_rsnn,device_adapted,independent_inference,sparse_only,"(256, 1, 20649)","(256, 1, 20649)",20649,20649,1,1,BN,spmspv_csc_dense_device,spmspv_csc_dense_device,none,False,False,True,0,torch.int64,torch.float32,torch.float32,dense_device,,,False,False,False,False,False,True,1.0,82596,285089348,285089348,0,0,False,unknown,unknown,unknown,unknown,unknown,,5.90771198;5.87283182;5.87571192;5.87171221;5.87296009;5.87593603;5.87631989;5.87628794;5.87340784;5.87286377;5.87436819;5.87395191;5.87382412;5.8737278;5.873312;5.87433577;5.87433577;5.87433577;5.87228823;5.87536001,20,5.875779151916504,0.007628345822110226,5.8717122077941895,5.907711982727051,passed,0,0.0,0.0,0.0,0.0,0.0,0.0,0.0,20649,0,full_state,passed,,5.874143838882446,nan,nan,nan,nan,nan,nan,nan,nan,nan,nan,4.785544411272937
persistent_spike_block,multiarea_mam,NVIDIA GeForce RTX 5090,2.11.0+cu128,12.8,default,0.15,,0.005,1.0,0,400000000,635e57bc2d001bbb,0,20649,256,1,21960982,1063.5373141556493,multiarea_mam,0,4692,615.5277770001732,0.5787552244829751,0.31083470928425944,2081.5999999999985,2809.0,1.0,0.0,0.0,0.0,0.0,0.0,0.0,0.0,0,0.0,0.0,0,0.0,0.0,0.0,0.0,sampled_16_timesteps_max_2048_sources,converged,50.0,0.0,0.0,0.0,True,20,SpMV,CUSPARSE_SPMV_ALG_DEFAULT,,nan,torch_cuda_event,gpu_execution,full_rsnn,device_native,independent_inference,full_fusion,"(256, 1, 20649)","(256, 1, 20649)",20649,20649,1,1,BN,event_csr,event_csr,dense_to_events_precomputed,False,True,True,0,torch.int32,torch.float32,torch.float32,windowed_events,,,False,False,False,False,False,False,1.0,2397004,175936676,175936676,0,0,False,unknown,unknown,unknown,unknown,unknown,,1.52275205;1.47046399;1.46985602;1.46841598;1.46921599;1.46956801;1.47017598;1.46937597;1.46912003;1.46943998;1.47036803;1.47151995;1.46992004;1.47049606;1.47190404;1.47139204;1.47017598;1.46934402;1.46943998;1.46947205,20,1.4726208090782165,0.011831659840468889,1.4684159755706787,1.522752046585083,passed,0,0.0,0.0,0.0,0.0,0.0,0.0,0.0,20649,0,full_state,passed,,1.4698880314826965,nan,nan,nan,nan,nan,nan,19.12456977476122,nan,nan,nan,19.12456977476122
cusparse_direct_cudagraph,multiarea_mam,NVIDIA GeForce RTX 5090,2.11.0+cu128,12.8,default,0.15,,0.005,1.0,0,400000000,7ea3d2d416879601,0,20649,256,1,21960982,1063.5373141556493,multiarea_mam,0,4692,615.5277770001732,0.5787552244829751,0.31083470928425944,2081.5999999999985,2809.0,1.0,0.0001,0.0001,0.00010007294542108577,0.1,0.10007294542108576,2.06640625,3.0,3,2324.63671875,3587.75,6176,0.007382618422503623,0.007382618422503623,0.12049464295261465,1.45179584120983,sampled_16_timesteps_max_2048_sources,converged,1.5625,0.0001,0.0001000729389488697,7.293894886970041e-08,True,20,SpMV,CUSPARSE_SPMV_ALG_DEFAULT,,nan,torch_cuda_event,gpu_execution,full_rsnn,device_native,independent_inference,sparse_only,"(256, 1, 20649)","(256, 1, 20649)",20649,20649,1,1,BN,csr_post_by_pre,csr_post_by_pre,none,False,False,True,0,torch.int32,torch.float32,torch.float32,dense,,,False,False,False,False,False,True,1.0,85792,218307396,218307396,0,0,False,unknown,unknown,unknown,unknown,unknown,,28.1148167;28.0948792;28.102272;28.0991993;28.0991993;28.098175;28.0951366;28.102272;28.0930557;28.0971832;28.0920639;28.0992317;28.098175;28.0951042;28.0971832;28.100256;28.0971832;28.0961285;28.0991993;28.0971832,20,28.098394870758057,0.004697946587167466,28.092063903808594,28.114816665649414,passed,0,0.0,4.470348358154297e-08,8.731149137020111e-11,2.230653990409337e-07,1.7459234058492257e-08,2.230653990409337e-07,1.7459234058492257e-08,20649,0,full_state,passed,,28.097679138183594,nan,nan,nan,nan,nan,nan,1.0,nan,nan,nan,1.0
tilespmspv_cudagraph,multiarea_mam,NVIDIA GeForce RTX 5090,2.11.0+cu128,12.8,default,0.15,,0.005,1.0,0,400000000,7ea3d2d416879601,0,20649,256,1,21960982,1063.5373141556493,multiarea_mam,0,4692,615.5277770001732,0.5787552244829751,0.31083470928425944,2081.5999999999985,2809.0,1.0,0.0001,0.0001,0.00010007294542108577,0.1,0.10007294542108576,2.06640625,3.0,3,2324.63671875,3587.75,6176,0.007382618422503623,0.007382618422503623,0.12049464295261465,1.45179584120983,sampled_16_timesteps_max_2048_sources,converged,1.5625,0.0001,0.0001000729389488697,7.293894886970041e-08,True,20,SpMV,CUSPARSE_SPMV_ALG_DEFAULT,,nan,torch_cuda_event_cudagraph_replay,gpu_execution,full_rsnn,device_adapted,independent_inference,sparse_only,"(256, 1, 20649)","(256, 1, 20649)",20649,20649,1,1,BN,spmspv_csc_dense_device,spmspv_csc_dense_device,none,False,False,True,0,torch.int64,torch.float32,torch.float32,dense_device,,,False,False,False,False,False,True,1.0,82596,285089348,285089348,0,0,False,unknown,unknown,unknown,unknown,unknown,,4.15216017;4.14067221;4.14070415;4.14287996;4.14057589;4.14067221;4.14275217;4.14076805;4.1426878;4.14275217;4.14217615;4.15091181;4.1468482;4.14889622;4.14889622;4.14889622;4.14889622;4.14889622;4.1468482;4.14889622,20,4.145339322090149,0.003994377134568808,4.140575885772705,4.152160167694092,passed,0,0.0,0.0,0.0,0.0,0.0,0.0,0.0,20649,0,full_state,passed,,4.144864082336426,nan,nan,nan,nan,nan,nan,nan,nan,nan,nan,6.7789144782632205
globalatomic_cudagraph,multiarea_mam,NVIDIA GeForce RTX 5090,2.11.0+cu128,12.8,default,0.15,,0.005,1.0,0,400000000,7ea3d2d416879601,0,20649,256,1,21960982,1063.5373141556493,multiarea_mam,0,4692,615.5277770001732,0.5787552244829751,0.31083470928425944,2081.5999999999985,2809.0,1.0,0.0001,0.0001,0.00010007294542108577,0.1,0.10007294542108576,2.06640625,3.0,3,2324.63671875,3587.75,6176,0.007382618422503623,0.007382618422503623,0.12049464295261465,1.45179584120983,sampled_16_timesteps_max_2048_sources,converged,1.5625,0.0001,0.0001000729389488697,7.293894886970041e-08,True,20,SpMV,CUSPARSE_SPMV_ALG_DEFAULT,,nan,torch_cuda_event_cudagraph_replay,gpu_execution,full_rsnn,device_adapted,independent_inference,sparse_only,"(256, 1, 20649)","(256, 1, 20649)",20649,20649,1,1,BN,spmspv_csc_dense_device,spmspv_csc_dense_device,none,False,False,True,0,torch.int64,torch.float32,torch.float32,dense_device,,,False,False,False,False,False,True,1.0,82596,285089348,285089348,0,0,False,unknown,unknown,unknown,unknown,unknown,,14.1115837;14.1014404;14.0969276;14.1000957;14.0991039;14.097024;14.1011524;14.0980158;14.0990725;14.1010561;14.0996799;14.0991039;14.1011524;14.0991039;14.0980797;14.1011524;14.0970564;14.1001282;14.0991039;14.0991039,20,14.099956846237182,0.0030856913267923035,14.096927642822266,14.111583709716797,passed,0,0.0,0.0,0.0,0.0,0.0,0.0,0.0,20649,0,full_state,passed,,14.099103927612305,nan,nan,nan,nan,nan,nan,nan,nan,nan,nan,1.9928698506261708
vdha_cudagraph,multiarea_mam,NVIDIA GeForce RTX 5090,2.11.0+cu128,12.8,default,0.15,,0.005,1.0,0,400000000,7ea3d2d416879601,0,20649,256,1,21960982,1063.5373141556493,multiarea_mam,0,4692,615.5277770001732,0.5787552244829751,0.31083470928425944,2081.5999999999985,2809.0,1.0,0.0001,0.0001,0.00010007294542108577,0.1,0.10007294542108576,2.06640625,3.0,3,2324.63671875,3587.75,6176,0.007382618422503623,0.007382618422503623,0.12049464295261465,1.45179584120983,sampled_16_timesteps_max_2048_sources,converged,1.5625,0.0001,0.0001000729389488697,7.293894886970041e-08,True,20,SpMV,CUSPARSE_SPMV_ALG_DEFAULT,,nan,torch_cuda_event_cudagraph_replay,gpu_execution,full_rsnn,device_adapted,independent_inference,sparse_only,"(256, 1, 20649)","(256, 1, 20649)",20649,20649,1,1,BN,spmspv_csc_dense_device,spmspv_csc_dense_device,none,False,False,True,0,torch.int64,torch.float32,torch.float32,dense_device,,,False,False,False,False,False,True,1.0,82596,285089348,285089348,0,0,False,unknown,unknown,unknown,unknown,unknown,,7.56207991;7.54902411;7.54691219;7.54796791;7.54924822;7.55263996;7.55219221;7.54953623;7.54803181;7.549088;7.55059195;7.54998398;7.54960012;7.5501442;7.54755211;7.54652786;7.55062389;7.54960012;7.55062389;7.55164814,20,7.550180840492248,0.0032394067399284993,7.546527862548828,7.562079906463623,passed,0,0.0,0.0,0.0,0.0,0.0,0.0,0.0,20649,0,full_state,passed,,7.549600124359131,nan,nan,nan,nan,nan,nan,nan,nan,nan,nan,3.7217440229085965
persistent_spike_block,multiarea_mam,NVIDIA GeForce RTX 5090,2.11.0+cu128,12.8,default,0.15,,0.005,1.0,0,400000000,7ea3d2d416879601,0,20649,256,1,21960982,1063.5373141556493,multiarea_mam,0,4692,615.5277770001732,0.5787552244829751,0.31083470928425944,2081.5999999999985,2809.0,1.0,0.0001,0.0001,0.00010007294542108577,0.1,0.10007294542108576,2.06640625,3.0,3,2324.63671875,3587.75,6176,0.007382618422503623,0.007382618422503623,0.12049464295261465,1.45179584120983,sampled_16_timesteps_max_2048_sources,converged,1.5625,0.0001,0.0001000729389488697,7.293894886970041e-08,True,20,SpMV,CUSPARSE_SPMV_ALG_DEFAULT,,nan,torch_cuda_event,gpu_execution,full_rsnn,device_native,independent_inference,full_fusion,"(256, 1, 20649)","(256, 1, 20649)",20649,20649,1,1,BN,event_csr,event_csr,dense_to_events_precomputed,False,True,True,0,torch.int32,torch.float32,torch.float32,windowed_events,,,False,False,False,False,False,False,1.0,2397004,175938792,175938792,0,0,False,unknown,unknown,unknown,unknown,unknown,,2.28457594;2.24332809;2.24563193;2.23952007;2.23958397;2.24201608;2.23945594;2.24147201;2.24147201;2.24540806;2.24969602;2.247648;2.24566388;2.24918389;2.24969602;2.25225592;2.24156809;2.24409604;2.25177598;2.24767995,20,2.2470863938331602,0.009716655399209524,2.2394559383392334,2.284575939178467,passed,0,0.0,4.470348358154297e-08,2.1827872842550278e-11,2.230653990409337e-07,4.3654235781787065e-09,2.230653990409337e-07,4.3654235781787065e-09,20649,0,full_state,passed,,2.245519995689392,nan,nan,nan,nan,nan,nan,12.512771737558003,nan,nan,nan,12.512771737558003
cusparse_direct_cudagraph,multiarea_mam,NVIDIA GeForce RTX 5090,2.11.0+cu128,12.8,default,0.15,,0.005,1.0,0,400000000,2d8c50ab0108ae12,0,20649,256,1,21960982,1063.5373141556493,multiarea_mam,0,4692,615.5277770001732,0.5787552244829751,0.31083470928425944,2081.5999999999985,2809.0,1.0,0.0002,0.0002,0.0001999567170323018,0.2,0.1999567170323018,4.12890625,5.0,5,4398.80859375,6317.0,7252,0.036770124590398114,0.036770124590398114,0.08115857521766953,1.2109744560075686,sampled_16_timesteps_max_2048_sources,converged,1.5625,0.0002,0.00019995671755168587,4.328244831413989e-08,True,20,SpMV,CUSPARSE_SPMV_ALG_DEFAULT,,nan,torch_cuda_event,gpu_execution,full_rsnn,device_native,independent_inference,sparse_only,"(256, 1, 20649)","(256, 1, 20649)",20649,20649,1,1,BN,csr_post_by_pre,csr_post_by_pre,none,False,False,True,0,torch.int32,torch.float32,torch.float32,dense,,,False,False,False,False,False,True,1.0,85792,218307396,218307396,0,0,False,unknown,unknown,unknown,unknown,unknown,,28.1051521;28.0807037;28.0797443;28.0787201;28.0766716;28.0859203;28.0807686;28.0858879;28.0828152;28.0766716;28.0838089;28.0869122;28.0787201;28.0818233;28.0807686;28.0817928;28.0828152;28.0746231;28.0818233;28.0807991,20,28.082347106933593,0.006227667766041358,28.074623107910156,28.105152130126953,passed,0,0.0,4.470348358154297e-08,4.0745362639427185e-10,2.2311249381345988e-07,8.146812291442984e-08,2.2311249381345988e-07,8.146812291442984e-08,20649,0,full_state,passed,,28.08129596710205,nan,nan,nan,nan,nan,nan,1.0,nan,nan,nan,1.0
tilespmspv_cudagraph,multiarea_mam,NVIDIA GeForce RTX 5090,2.11.0+cu128,12.8,default,0.15,,0.005,1.0,0,400000000,2d8c50ab0108ae12,0,20649,256,1,21960982,1063.5373141556493,multiarea_mam,0,4692,615.5277770001732,0.5787552244829751,0.31083470928425944,2081.5999999999985,2809.0,1.0,0.0002,0.0002,0.0001999567170323018,0.2,0.1999567170323018,4.12890625,5.0,5,4398.80859375,6317.0,7252,0.036770124590398114,0.036770124590398114,0.08115857521766953,1.2109744560075686,sampled_16_timesteps_max_2048_sources,converged,1.5625,0.0002,0.00019995671755168587,4.328244831413989e-08,True,20,SpMV,CUSPARSE_SPMV_ALG_DEFAULT,,nan,torch_cuda_event_cudagraph_replay,gpu_execution,full_rsnn,device_adapted,independent_inference,sparse_only,"(256, 1, 20649)","(256, 1, 20649)",20649,20649,1,1,BN,spmspv_csc_dense_device,spmspv_csc_dense_device,none,False,False,True,0,torch.int64,torch.float32,torch.float32,dense_device,,,False,False,False,False,False,True,1.0,82596,285089348,285089348,0,0,False,unknown,unknown,unknown,unknown,unknown,,4.23152018;4.22035217;4.22073603;4.22057581;4.2184639;4.21849585;4.21990395;4.22419214;4.22879982;4.22684813;4.2259841;4.22671986;4.22668791;4.22467184;4.22668791;4.22671986;4.22668791;4.22668791;4.22467184;4.22467184,20,4.2245039463043215,0.0035913144469628265,4.218463897705078,4.231520175933838,passed,0,0.0,1.1641532182693481e-10,0.0,5.820671167278135e-10,0.0,5.820671167278135e-10,0.0,20649,0,full_state,passed,,4.225327968597412,nan,nan,nan,nan,nan,nan,nan,nan,nan,nan,6.6459446877974715
globalatomic_cudagraph,multiarea_mam,NVIDIA GeForce RTX 5090,2.11.0+cu128,12.8,default,0.15,,0.005,1.0,0,400000000,2d8c50ab0108ae12,0,20649,256,1,21960982,1063.5373141556493,multiarea_mam,0,4692,615.5277770001732,0.5787552244829751,0.31083470928425944,2081.5999999999985,2809.0,1.0,0.0002,0.0002,0.0001999567170323018,0.2,0.1999567170323018,4.12890625,5.0,5,4398.80859375,6317.0,7252,0.036770124590398114,0.036770124590398114,0.08115857521766953,1.2109744560075686,sampled_16_timesteps_max_2048_sources,converged,1.5625,0.0002,0.00019995671755168587,4.328244831413989e-08,True,20,SpMV,CUSPARSE_SPMV_ALG_DEFAULT,,nan,torch_cuda_event_cudagraph_replay,gpu_execution,full_rsnn,device_adapted,independent_inference,sparse_only,"(256, 1, 20649)","(256, 1, 20649)",20649,20649,1,1,BN,spmspv_csc_dense_device,spmspv_csc_dense_device,none,False,False,True,0,torch.int64,torch.float32,torch.float32,dense_device,,,False,False,False,False,False,True,1.0,82596,285089348,285089348,0,0,False,unknown,unknown,unknown,unknown,unknown,,14.123456;14.1089277;14.1087999;14.1065283;14.1050882;14.1066875;14.1066236;14.1057281;14.1027203;14.10464;14.1037436;14.1072636;14.1052485;14.1052485;14.1103678;14.107296;14.107296;14.107296;14.1062717;14.107296,20,14.107326364517212,0.004194470264170139,14.102720260620117,14.123456001281738,passed,0,0.0,2.3283064365386963e-10,0.0,1.1641343444779295e-09,0.0,1.1641343444779295e-09,0.0,20649,0,full_state,passed,,14.106655597686768,nan,nan,nan,nan,nan,nan,nan,nan,nan,nan,1.9906416352651912
vdha_cudagraph,multiarea_mam,NVIDIA GeForce RTX 5090,2.11.0+cu128,12.8,default,0.15,,0.005,1.0,0,400000000,2d8c50ab0108ae12,0,20649,256,1,21960982,1063.5373141556493,multiarea_mam,0,4692,615.5277770001732,0.5787552244829751,0.31083470928425944,2081.5999999999985,2809.0,1.0,0.0002,0.0002,0.0001999567170323018,0.2,0.1999567170323018,4.12890625,5.0,5,4398.80859375,6317.0,7252,0.036770124590398114,0.036770124590398114,0.08115857521766953,1.2109744560075686,sampled_16_timesteps_max_2048_sources,converged,1.5625,0.0002,0.00019995671755168587,4.328244831413989e-08,True,20,SpMV,CUSPARSE_SPMV_ALG_DEFAULT,,nan,torch_cuda_event_cudagraph_replay,gpu_execution,full_rsnn,device_adapted,independent_inference,sparse_only,"(256, 1, 20649)","(256, 1, 20649)",20649,20649,1,1,BN,spmspv_csc_dense_device,spmspv_csc_dense_device,none,False,False,True,0,torch.int64,torch.float32,torch.float32,dense_device,,,False,False,False,False,False,True,1.0,82596,285089348,285089348,0,0,False,unknown,unknown,unknown,unknown,unknown,,7.64710379;7.63219213;7.63148785;7.63251209;7.63257599;7.63503981;7.63580799;7.63248014;7.63110399;7.63241577;7.63254404;7.62947178;7.63177586;7.62899208;7.62844801;7.63046408;7.62943983;7.63254404;7.63459206;7.62742376,20,7.632420754432678,0.00407622693145661,7.6274237632751465,7.647103786468506,passed,0,0.0,2.3283064365386963e-10,0.0,1.1641343444779295e-09,0.0,1.1641343444779295e-09,0.0,20649,0,full_state,passed,,7.632303953170776,nan,nan,nan,nan,nan,nan,nan,nan,nan,nan,3.6792685589304805
persistent_spike_block,multiarea_mam,NVIDIA GeForce RTX 5090,2.11.0+cu128,12.8,default,0.15,,0.005,1.0,0,400000000,2d8c50ab0108ae12,0,20649,256,1,21960982,1063.5373141556493,multiarea_mam,0,4692,615.5277770001732,0.5787552244829751,0.31083470928425944,2081.5999999999985,2809.0,1.0,0.0002,0.0002,0.0001999567170323018,0.2,0.1999567170323018,4.12890625,5.0,5,4398.80859375,6317.0,7252,0.036770124590398114,0.036770124590398114,0.08115857521766953,1.2109744560075686,sampled_16_timesteps_max_2048_sources,converged,1.5625,0.0002,0.00019995671755168587,4.328244831413989e-08,True,20,SpMV,CUSPARSE_SPMV_ALG_DEFAULT,,nan,torch_cuda_event,gpu_execution,full_rsnn,device_native,independent_inference,full_fusion,"(256, 1, 20649)","(256, 1, 20649)",20649,20649,1,1,BN,event_csr,event_csr,dense_to_events_precomputed,False,True,True,0,torch.int32,torch.float32,torch.float32,windowed_events,,,False,False,False,False,False,False,1.0,2397004,175940904,175940904,0,0,False,unknown,unknown,unknown,unknown,unknown,,2.355232;2.31068802;2.31526399;2.31459188;2.31110406;2.31091189;2.31523204;2.3101759;2.31126404;2.30809593;2.31135988;2.31203198;2.31126404;2.31305599;2.31526399;2.31379199;2.31523204;2.3079679;2.31321597;2.31014395,20,2.3142943739891053,0.009899279251265972,2.3079679012298584,2.355232000350952,passed,0,0.0,4.470348358154297e-08,2.3283064365386963e-10,2.2311249381345988e-07,4.650882701184855e-08,2.2311249381345988e-07,4.650882701184855e-08,20649,0,full_state,passed,,2.31169593334198,nan,nan,nan,nan,nan,nan,12.14748685676208,nan,nan,nan,12.14748685676208
cusparse_direct_cudagraph,multiarea_mam,NVIDIA GeForce RTX 5090,2.11.0+cu128,12.8,default,0.15,,0.005,1.0,0,400000000,f41423de63a64bfe,0,20649,256,1,21960982,1063.5373141556493,multiarea_mam,0,4692,615.5277770001732,0.5787552244829751,0.31083470928425944,2081.5999999999985,2809.0,1.0,0.0005,0.0005,0.0004999863794856894,0.5,0.4999863794856894,10.32421875,11.0,11,10990.8203125,14803.5,17966,0.16934770317499886,0.16934770317499892,0.04533826897205107,1.0654559213015513,sampled_16_timesteps_max_2048_sources,converged,1.5625,0.0005,0.000499986344948411,1.3655051589022554e-08,True,20,SpMV,CUSPARSE_SPMV_ALG_DEFAULT,,nan,torch_cuda_event,gpu_execution,full_rsnn,device_native,independent_inference,sparse_only,"(256, 1, 20649)","(256, 1, 20649)",20649,20649,1,1,BN,csr_post_by_pre,csr_post_by_pre,none,False,False,True,0,torch.int32,torch.float32,torch.float32,dense,,,False,False,False,False,False,True,1.0,85792,218307396,218307396,0,0,False,unknown,unknown,unknown,unknown,unknown,,28.1102409;28.0848961;28.0879364;28.0828152;28.0889912;28.0858879;28.0848637;28.0879688;28.0889606;28.0889606;28.0858879;28.0848637;28.0859203;28.0828152;28.0848961;28.0838718;28.0910397;28.0828152;28.0879364;28.0869122,20,28.08742399215698,0.005854199275181229,28.082815170288086,28.110240936279297,passed,0,0.0,5.960464477539063e-08,4.656612873077393e-10,2.972465438233485e-07,9.30485413164206e-08,2.972465438233485e-07,9.30485413164206e-08,20649,0,full_state,passed,,28.085904121398926,nan,nan,nan,nan,nan,nan,1.0,nan,nan,nan,1.0
tilespmspv_cudagraph,multiarea_mam,NVIDIA GeForce RTX 5090,2.11.0+cu128,12.8,default,0.15,,0.005,1.0,0,400000000,f41423de63a64bfe,0,20649,256,1,21960982,1063.5373141556493,multiarea_mam,0,4692,615.5277770001732,0.5787552244829751,0.31083470928425944,2081.5999999999985,2809.0,1.0,0.0005,0.0005,0.0004999863794856894,0.5,0.4999863794856894,10.32421875,11.0,11,10990.8203125,14803.5,17966,0.16934770317499886,0.16934770317499892,0.04533826897205107,1.0654559213015513,sampled_16_timesteps_max_2048_sources,converged,1.5625,0.0005,0.000499986344948411,1.3655051589022554e-08,True,20,SpMV,CUSPARSE_SPMV_ALG_DEFAULT,,nan,torch_cuda_event_cudagraph_replay,gpu_execution,full_rsnn,device_adapted,independent_inference,sparse_only,"(256, 1, 20649)","(256, 1, 20649)",20649,20649,1,1,BN,spmspv_csc_dense_device,spmspv_csc_dense_device,none,False,False,True,0,torch.int64,torch.float32,torch.float32,dense_device,,,False,False,False,False,False,True,1.0,82596,285089348,285089348,0,0,False,unknown,unknown,unknown,unknown,unknown,,4.48963213;4.47673607;4.47852802;4.47862387;4.47862387;4.47033596;4.47247982;4.46934414;4.47862387;4.47452784;4.47200012;4.47452784;4.47247982;4.4766078;4.47244787;4.47555208;4.4704318;4.47247982;4.47244787;4.47446394,20,4.4750447273254395,0.0045203092110445795,4.469344139099121,4.4896321296691895,passed,0,0.0,1.862645149230957e-09,5.820766091346741e-11,9.312683069140348e-09,1.1640603148066475e-08,9.312683069140348e-09,1.1640603148066475e-08,20649,0,full_state,passed,,4.474495887756348,nan,nan,nan,nan,nan,nan,nan,nan,nan,nan,6.276886788129797
globalatomic_cudagraph,multiarea_mam,NVIDIA GeForce RTX 5090,2.11.0+cu128,12.8,default,0.15,,0.005,1.0,0,400000000,f41423de63a64bfe,0,20649,256,1,21960982,1063.5373141556493,multiarea_mam,0,4692,615.5277770001732,0.5787552244829751,0.31083470928425944,2081.5999999999985,2809.0,1.0,0.0005,0.0005,0.0004999863794856894,0.5,0.4999863794856894,10.32421875,11.0,11,10990.8203125,14803.5,17966,0.16934770317499886,0.16934770317499892,0.04533826897205107,1.0654559213015513,sampled_16_timesteps_max_2048_sources,converged,1.5625,0.0005,0.000499986344948411,1.3655051589022554e-08,True,20,SpMV,CUSPARSE_SPMV_ALG_DEFAULT,,nan,torch_cuda_event_cudagraph_replay,gpu_execution,full_rsnn,device_adapted,independent_inference,sparse_only,"(256, 1, 20649)","(256, 1, 20649)",20649,20649,1,1,BN,spmspv_csc_dense_device,spmspv_csc_dense_device,none,False,False,True,0,torch.int64,torch.float32,torch.float32,dense_device,,,False,False,False,False,False,True,1.0,82596,285089348,285089348,0,0,False,unknown,unknown,unknown,unknown,unknown,,14.1194878;14.1074562;14.1032639;14.1102076;14.1094398;14.1071682;14.107296;14.1042881;14.1050558;14.1052485;14.1079044;14.1052485;14.107296;14.107296;14.1062717;14.107296;14.107296;14.107296;14.1103678;14.1072636,20,14.107622385025024,0.0033181236830813754,14.103263854980469,14.119487762451172,passed,0,0.0,1.862645149230957e-09,5.820766091346741e-11,9.312683069140348e-09,1.1640603148066475e-08,9.312683069140348e-09,1.1640603148066475e-08,20649,0,full_state,passed,,14.107295989990234,nan,nan,nan,nan,nan,nan,nan,nan,nan,nan,1.9908779217028654
vdha_cudagraph,multiarea_mam,NVIDIA GeForce RTX 5090,2.11.0+cu128,12.8,default,0.15,,0.005,1.0,0,400000000,f41423de63a64bfe,0,20649,256,1,21960982,1063.5373141556493,multiarea_mam,0,4692,615.5277770001732,0.5787552244829751,0.31083470928425944,2081.5999999999985,2809.0,1.0,0.0005,0.0005,0.0004999863794856894,0.5,0.4999863794856894,10.32421875,11.0,11,10990.8203125,14803.5,17966,0.16934770317499886,0.16934770317499892,0.04533826897205107,1.0654559213015513,sampled_16_timesteps_max_2048_sources,converged,1.5625,0.0005,0.000499986344948411,1.3655051589022554e-08,True,20,SpMV,CUSPARSE_SPMV_ALG_DEFAULT,,nan,torch_cuda_event_cudagraph_replay,gpu_execution,full_rsnn,device_adapted,independent_inference,sparse_only,"(256, 1, 20649)","(256, 1, 20649)",20649,20649,1,1,BN,spmspv_csc_dense_device,spmspv_csc_dense_device,none,False,False,True,0,torch.int64,torch.float32,torch.float32,dense_device,,,False,False,False,False,False,True,1.0,82596,285089348,285089348,0,0,False,unknown,unknown,unknown,unknown,unknown,,8.13964844;8.11811161;8.11935997;8.11942387;8.12140846;8.11539173;8.12166405;8.1164484;8.1174078;8.11542416;8.11753559;8.11987209;8.11996841;8.11747169;8.11791992;8.11894417;8.12201595;8.11587238;8.11587238;8.11583996,20,8.119280052185058,0.005229631167697699,8.115391731262207,8.1396484375,passed,0,0.0,9.313225746154785e-10,5.820766091346741e-11,4.6564796463144376e-09,1.1640603148066475e-08,4.6564796463144376e-09,1.1640603148066475e-08,20649,0,full_state,passed,,8.118015766143799,nan,nan,nan,nan,nan,nan,nan,nan,nan,nan,3.459700612867894
persistent_spike_block,multiarea_mam,NVIDIA GeForce RTX 5090,2.11.0+cu128,12.8,default,0.15,,0.005,1.0,0,400000000,f41423de63a64bfe,0,20649,256,1,21960982,1063.5373141556493,multiarea_mam,0,4692,615.5277770001732,0.5787552244829751,0.31083470928425944,2081.5999999999985,2809.0,1.0,0.0005,0.0005,0.0004999863794856894,0.5,0.4999863794856894,10.32421875,11.0,11,10990.8203125,14803.5,17966,0.16934770317499886,0.16934770317499892,0.04533826897205107,1.0654559213015513,sampled_16_timesteps_max_2048_sources,converged,1.5625,0.0005,0.000499986344948411,1.3655051589022554e-08,True,20,SpMV,CUSPARSE_SPMV_ALG_DEFAULT,,nan,torch_cuda_event,gpu_execution,full_rsnn,device_native,independent_inference,full_fusion,"(256, 1, 20649)","(256, 1, 20649)",20649,20649,1,1,BN,event_csr,event_csr,dense_to_events_precomputed,False,True,True,0,torch.int32,torch.float32,torch.float32,windowed_events,,,False,False,False,False,False,False,1.0,2397004,175947248,175947248,0,0,False,unknown,unknown,unknown,unknown,unknown,,2.62918401;2.58550406;2.58547211;2.58966398;2.59680009;2.59631991;2.59779191;2.59372807;2.59673595;2.59568;2.59596801;2.59372807;2.59673595;2.59014392;2.59990406;2.59628797;2.594944;2.59628797;2.59583998;2.59379196,20,2.596025598049164,0.008686022199332693,2.5854721069335938,2.6291840076446533,passed,0,0.0,5.960464477539063e-08,2.3283064365386963e-10,2.972465438233485e-07,4.652131124771586e-08,2.972465438233485e-07,4.652131124771586e-08,20649,0,full_state,passed,,2.595903992652893,nan,nan,nan,nan,nan,nan,10.81931542957274,nan,nan,nan,10.81931542957274
cusparse_direct_cudagraph,multiarea_mam,NVIDIA GeForce RTX 5090,2.11.0+cu128,12.8,default,0.15,,0.005,1.0,0,400000000,19cd30d5f18b4efa,0,20649,256,1,21960982,1063.5373141556493,multiarea_mam,0,4692,615.5277770001732,0.5787552244829751,0.31083470928425944,2081.5999999999985,2809.0,1.0,0.001,0.001,0.0009999727589713788,1.0,0.9999727589713788,20.6484375,21.0,21,21984.390625,26515.25,28678,0.3200574248720888,0.3200574248720888,0.02312321088247828,1.0170261066969353,sampled_16_timesteps_max_2048_sources,converged,1.5625,0.001,0.000999972689896822,2.731010317804511e-08,True,20,SpMV,CUSPARSE_SPMV_ALG_DEFAULT,,nan,torch_cuda_event,gpu_execution,full_rsnn,device_native,independent_inference,sparse_only,"(256, 1, 20649)","(256, 1, 20649)",20649,20649,1,1,BN,csr_post_by_pre,csr_post_by_pre,none,False,False,True,0,torch.int32,torch.float32,torch.float32,dense,,,False,False,False,False,False,True,1.0,85792,218307396,218307396,0,0,False,unknown,unknown,unknown,unknown,unknown,,28.0867195;28.0747204;28.0817928;28.0766716;28.0684795;28.0756798;28.0766716;28.0694714;28.076704;28.070528;28.0695362;28.0787525;28.068512;28.0756474;28.070528;28.0756474;28.0746231;28.0787201;28.0736313;28.0746555,20,28.074884605407714,0.004634966399732055,28.068479537963867,28.086719512939453,passed,0,0.0,8.940696716308594e-08,4.656612873077393e-10,4.45958221462206e-07,9.305887260779855e-08,4.45958221462206e-07,9.305887260779855e-08,20649,0,full_state,passed,,28.075183868408203,nan,nan,nan,nan,nan,nan,1.0,nan,nan,nan,1.0
tilespmspv_cudagraph,multiarea_mam,NVIDIA GeForce RTX 5090,2.11.0+cu128,12.8,default,0.15,,0.005,1.0,0,400000000,19cd30d5f18b4efa,0,20649,256,1,21960982,1063.5373141556493,multiarea_mam,0,4692,615.5277770001732,0.5787552244829751,0.31083470928425944,2081.5999999999985,2809.0,1.0,0.001,0.001,0.0009999727589713788,1.0,0.9999727589713788,20.6484375,21.0,21,21984.390625,26515.25,28678,0.3200574248720888,0.3200574248720888,0.02312321088247828,1.0170261066969353,sampled_16_timesteps_max_2048_sources,converged,1.5625,0.001,0.000999972689896822,2.731010317804511e-08,True,20,SpMV,CUSPARSE_SPMV_ALG_DEFAULT,,nan,torch_cuda_event_cudagraph_replay,gpu_execution,full_rsnn,device_adapted,independent_inference,sparse_only,"(256, 1, 20649)","(256, 1, 20649)",20649,20649,1,1,BN,spmspv_csc_dense_device,spmspv_csc_dense_device,none,False,False,True,0,torch.int64,torch.float32,torch.float32,dense_device,,,False,False,False,False,False,True,1.0,82596,285089348,285089348,0,0,False,unknown,unknown,unknown,unknown,unknown,,4.72243214;4.7180481;4.71568012;4.71225595;4.7151041;4.71817589;4.71977615;4.71424007;4.71724796;4.71820784;4.71360016;4.7100482;4.71107197;4.71414423;4.71414423;4.7100482;4.72131205;4.71619177;4.71823978;4.7141118,20,4.715704035758972,0.0034934376478271646,4.710048198699951,4.7224321365356445,passed,0,0.0,7.450580596923828e-09,2.3283064365386963e-10,3.7228808480449516e-08,4.652434881791123e-08,3.7228808480449516e-08,4.652434881791123e-08,20649,0,full_state,passed,,4.715392112731934,nan,nan,nan,nan,nan,nan,nan,nan,nan,nan,5.953944697961167
globalatomic_cudagraph,multiarea_mam,NVIDIA GeForce RTX 5090,2.11.0+cu128,12.8,default,0.15,,0.005,1.0,0,400000000,19cd30d5f18b4efa,0,20649,256,1,21960982,1063.5373141556493,multiarea_mam,0,4692,615.5277770001732,0.5787552244829751,0.31083470928425944,2081.5999999999985,2809.0,1.0,0.001,0.001,0.0009999727589713788,1.0,0.9999727589713788,20.6484375,21.0,21,21984.390625,26515.25,28678,0.3200574248720888,0.3200574248720888,0.02312321088247828,1.0170261066969353,sampled_16_timesteps_max_2048_sources,converged,1.5625,0.001,0.000999972689896822,2.731010317804511e-08,True,20,SpMV,CUSPARSE_SPMV_ALG_DEFAULT,,nan,torch_cuda_event_cudagraph_replay,gpu_execution,full_rsnn,device_adapted,independent_inference,sparse_only,"(256, 1, 20649)","(256, 1, 20649)",20649,20649,1,1,BN,spmspv_csc_dense_device,spmspv_csc_dense_device,none,False,False,True,0,torch.int64,torch.float32,torch.float32,dense_device,,,False,False,False,False,False,True,1.0,82596,285089348,285089348,0,0,False,unknown,unknown,unknown,unknown,unknown,,14.1230717;14.1137276;14.1134081;14.1165123;14.113472;14.1155195;14.1174078;14.1185923;14.1154881;14.1113596;14.1140156;14.1154881;14.1154556;14.1134396;14.1144638;14.1113596;14.111392;14.111392;14.1124163;14.1134396,20,14.114571046829223,0.0028584595703570726,14.111359596252441,14.123071670532227,passed,0,0.0,5.587935447692871e-09,2.9103830456733704e-10,2.793181685945001e-08,5.818838033633256e-08,2.793181685945001e-08,5.818838033633256e-08,20649,0,full_state,passed,,14.113871574401855,nan,nan,nan,nan,nan,nan,nan,nan,nan,nan,1.9891908269399161
vdha_cudagraph,multiarea_mam,NVIDIA GeForce RTX 5090,2.11.0+cu128,12.8,default,0.15,,0.005,1.0,0,400000000,19cd30d5f18b4efa,0,20649,256,1,21960982,1063.5373141556493,multiarea_mam,0,4692,615.5277770001732,0.5787552244829751,0.31083470928425944,2081.5999999999985,2809.0,1.0,0.001,0.001,0.0009999727589713788,1.0,0.9999727589713788,20.6484375,21.0,21,21984.390625,26515.25,28678,0.3200574248720888,0.3200574248720888,0.02312321088247828,1.0170261066969353,sampled_16_timesteps_max_2048_sources,converged,1.5625,0.001,0.000999972689896822,2.731010317804511e-08,True,20,SpMV,CUSPARSE_SPMV_ALG_DEFAULT,,nan,torch_cuda_event_cudagraph_replay,gpu_execution,full_rsnn,device_adapted,independent_inference,sparse_only,"(256, 1, 20649)","(256, 1, 20649)",20649,20649,1,1,BN,spmspv_csc_dense_device,spmspv_csc_dense_device,none,False,False,True,0,torch.int64,torch.float32,torch.float32,dense_device,,,False,False,False,False,False,True,1.0,82596,285089348,285089348,0,0,False,unknown,unknown,unknown,unknown,unknown,,8.1230402;8.10979176;8.11116791;8.11110401;8.11116791;8.10569572;8.11126423;8.11222363;8.10918427;8.10960007;8.10761642;8.11337566;8.10979176;8.10918427;8.10870361;8.11177635;8.11174393;8.10761642;8.11177635;8.11177635,20,8.110880041122437,0.0034189676159155037,8.105695724487305,8.123040199279785,passed,0,0.0,7.450580596923828e-09,2.9103830456733704e-10,3.7228808480449516e-08,5.818838033633256e-08,3.7228808480449516e-08,5.818838033633256e-08,20649,0,full_state,passed,,8.111135959625244,nan,nan,nan,nan,nan,nan,nan,nan,nan,nan,3.4613134347837207
persistent_spike_block,multiarea_mam,NVIDIA GeForce RTX 5090,2.11.0+cu128,12.8,default,0.15,,0.005,1.0,0,400000000,19cd30d5f18b4efa,0,20649,256,1,21960982,1063.5373141556493,multiarea_mam,0,4692,615.5277770001732,0.5787552244829751,0.31083470928425944,2081.5999999999985,2809.0,1.0,0.001,0.001,0.0009999727589713788,1.0,0.9999727589713788,20.6484375,21.0,21,21984.390625,26515.25,28678,0.3200574248720888,0.3200574248720888,0.02312321088247828,1.0170261066969353,sampled_16_timesteps_max_2048_sources,converged,1.5625,0.001,0.000999972689896822,2.731010317804511e-08,True,20,SpMV,CUSPARSE_SPMV_ALG_DEFAULT,,nan,torch_cuda_event,gpu_execution,full_rsnn,device_native,independent_inference,full_fusion,"(256, 1, 20649)","(256, 1, 20649)",20649,20649,1,1,BN,event_csr,event_csr,dense_to_events_precomputed,False,True,True,0,torch.int32,torch.float32,torch.float32,windowed_events,,,False,False,False,False,False,False,1.0,2397004,175957820,175957820,0,0,False,unknown,unknown,unknown,unknown,unknown,,3.95292807;3.91385603;3.90844798;3.91574407;3.91375995;3.91990399;3.91417599;3.920928;3.92028809;3.9096961;3.91551995;3.9096961;3.92390394;3.92185593;3.92032003;3.91875196;3.91004801;3.91792011;3.91680002;3.91987205,20,3.918220818042755,0.009320182044748103,3.9084479808807373,3.952928066253662,passed,0,0.0,5.960464477539063e-08,4.656612873077393e-10,2.9728420258834376e-07,9.297549752318446e-08,2.9728420258834376e-07,9.297549752318446e-08,20649,0,full_state,passed,,3.9173600673675537,nan,nan,nan,nan,nan,nan,7.1668632409567055,nan,nan,nan,7.1668632409567055
cusparse_direct_cudagraph,multiarea_mam,NVIDIA GeForce RTX 5090,2.11.0+cu128,12.8,default,0.15,,0.005,1.0,0,400000000,6793c96c67ceadb8,0,20649,256,1,21960982,1063.5373141556493,multiarea_mam,0,4692,615.5277770001732,0.5787552244829751,0.31083470928425944,2081.5999999999985,2809.0,1.0,0.002,0.002,0.0019999455179427576,2.0,1.9999455179427577,41.296875,42.0,42,43947.82421875,49611.5,51719,0.5446972233242863,0.5446972233242863,0.011063330697853535,1.0170261066969353,sampled_16_timesteps_max_2048_sources,converged,1.5625,0.002,0.001999945379793644,5.462020635609022e-08,True,20,SpMV,CUSPARSE_SPMV_ALG_DEFAULT,,nan,torch_cuda_event,gpu_execution,full_rsnn,device_native,independent_inference,sparse_only,"(256, 1, 20649)","(256, 1, 20649)",20649,20649,1,1,BN,csr_post_by_pre,csr_post_by_pre,none,False,False,True,0,torch.int32,torch.float32,torch.float32,dense,,,False,False,False,False,False,True,1.0,85792,218307396,218307396,0,0,False,unknown,unknown,unknown,unknown,unknown,,28.1376953;28.0766392;28.0736008;28.0746231;28.0786877;28.0736008;28.0746231;28.0776958;28.0746231;28.076704;28.0776958;28.0787525;28.0766716;28.0695038;28.0787525;28.0756474;28.0746231;28.0766716;28.0776958;28.0726089,20,28.078855800628663,0.014046783192852765,28.069503784179688,28.1376953125,passed,0,0.0,1.1920928955078125e-07,9.313225746154785e-10,5.932149633736117e-07,1.8599102702410164e-07,5.932149633736117e-07,1.8599102702410164e-07,20649,0,full_state,passed,,28.076655387878418,nan,nan,nan,nan,nan,nan,1.0,nan,nan,nan,1.0
tilespmspv_cudagraph,multiarea_mam,NVIDIA GeForce RTX 5090,2.11.0+cu128,12.8,default,0.15,,0.005,1.0,0,400000000,6793c96c67ceadb8,0,20649,256,1,21960982,1063.5373141556493,multiarea_mam,0,4692,615.5277770001732,0.5787552244829751,0.31083470928425944,2081.5999999999985,2809.0,1.0,0.002,0.002,0.0019999455179427576,2.0,1.9999455179427577,41.296875,42.0,42,43947.82421875,49611.5,51719,0.5446972233242863,0.5446972233242863,0.011063330697853535,1.0170261066969353,sampled_16_timesteps_max_2048_sources,converged,1.5625,0.002,0.001999945379793644,5.462020635609022e-08,True,20,SpMV,CUSPARSE_SPMV_ALG_DEFAULT,,nan,torch_cuda_event_cudagraph_replay,gpu_execution,full_rsnn,device_adapted,independent_inference,sparse_only,"(256, 1, 20649)","(256, 1, 20649)",20649,20649,1,1,BN,spmspv_csc_dense_device,spmspv_csc_dense_device,none,False,False,True,0,torch.int64,torch.float32,torch.float32,dense_device,,,False,False,False,False,False,True,1.0,82596,285089348,285089348,0,0,False,unknown,unknown,unknown,unknown,unknown,,4.87081623;4.85929585;4.8591361;4.86006403;4.85343981;4.85526419;4.85599995;4.85347223;4.86156797;4.86668777;4.86515188;4.86563206;4.8667202;4.86364794;4.86569595;4.8667202;4.86569595;4.86774397;4.86262417;4.86361599,20,4.8624496221542355,0.005006286855069141,4.853439807891846,4.870816230773926,passed,0,0.0,5.960464477539063e-08,4.656612873077393e-10,2.974748269934935e-07,9.305846049301181e-08,2.974748269934935e-07,9.305846049301181e-08,20649,0,full_state,passed,,4.863631963729858,nan,nan,nan,nan,nan,nan,nan,nan,nan,nan,5.772775489029145
globalatomic_cudagraph,multiarea_mam,NVIDIA GeForce RTX 5090,2.11.0+cu128,12.8,default,0.15,,0.005,1.0,0,400000000,6793c96c67ceadb8,0,20649,256,1,21960982,1063.5373141556493,multiarea_mam,0,4692,615.5277770001732,0.5787552244829751,0.31083470928425944,2081.5999999999985,2809.0,1.0,0.002,0.002,0.0019999455179427576,2.0,1.9999455179427577,41.296875,42.0,42,43947.82421875,49611.5,51719,0.5446972233242863,0.5446972233242863,0.011063330697853535,1.0170261066969353,sampled_16_timesteps_max_2048_sources,converged,1.5625,0.002,0.001999945379793644,5.462020635609022e-08,True,20,SpMV,CUSPARSE_SPMV_ALG_DEFAULT,,nan,torch_cuda_event_cudagraph_replay,gpu_execution,full_rsnn,device_adapted,independent_inference,sparse_only,"(256, 1, 20649)","(256, 1, 20649)",20649,20649,1,1,BN,spmspv_csc_dense_device,spmspv_csc_dense_device,none,False,False,True,0,torch.int64,torch.float32,torch.float32,dense_device,,,False,False,False,False,False,True,1.0,82596,285089348,285089348,0,0,False,unknown,unknown,unknown,unknown,unknown,,14.147872;14.1340799;14.1339197;14.1308479;14.1339521;14.1338882;14.1358719;14.1330242;14.1316795;14.1318398;14.131424;14.1328964;14.1359043;14.1318722;14.1318398;14.134944;14.1359682;14.1359682;14.1308165;14.1318722,20,14.134024047851563,0.0037053762358437016,14.130816459655762,14.147871971130371,passed,0,0.0,5.960464477539063e-08,4.656612873077393e-10,2.974748269934935e-07,9.305846049301181e-08,2.974748269934935e-07,9.305846049301181e-08,20649,0,full_state,passed,,14.133456230163574,nan,nan,nan,nan,nan,nan,nan,nan,nan,nan,1.9865385317398383
vdha_cudagraph,multiarea_mam,NVIDIA GeForce RTX 5090,2.11.0+cu128,12.8,default,0.15,,0.005,1.0,0,400000000,6793c96c67ceadb8,0,20649,256,1,21960982,1063.5373141556493,multiarea_mam,0,4692,615.5277770001732,0.5787552244829751,0.31083470928425944,2081.5999999999985,2809.0,1.0,0.002,0.002,0.0019999455179427576,2.0,1.9999455179427577,41.296875,42.0,42,43947.82421875,49611.5,51719,0.5446972233242863,0.5446972233242863,0.011063330697853535,1.0170261066969353,sampled_16_timesteps_max_2048_sources,converged,1.5625,0.002,0.001999945379793644,5.462020635609022e-08,True,20,SpMV,CUSPARSE_SPMV_ALG_DEFAULT,,nan,torch_cuda_event_cudagraph_replay,gpu_execution,full_rsnn,device_adapted,independent_inference,sparse_only,"(256, 1, 20649)","(256, 1, 20649)",20649,20649,1,1,BN,spmspv_csc_dense_device,spmspv_csc_dense_device,none,False,False,True,0,torch.int64,torch.float32,torch.float32,dense_device,,,False,False,False,False,False,True,1.0,82596,285089348,285089348,0,0,False,unknown,unknown,unknown,unknown,unknown,,8.3569603;8.33881569;8.34124756;8.34335995;8.3390398;8.33433628;8.33728027;8.34527969;8.33891201;8.33718395;8.33894444;8.33907223;8.33907223;8.33859158;8.3391037;8.34115219;8.33500767;8.33702374;8.3391037;8.34115219,20,8.340031957626342,0.004713518246610497,8.334336280822754,8.35696029663086,passed,0,0.0,5.960464477539063e-08,4.656612873077393e-10,2.974748269934935e-07,9.307005655045941e-08,2.974748269934935e-07,9.307005655045941e-08,20649,0,full_state,passed,,8.339056015014648,nan,nan,nan,nan,nan,nan,nan,nan,nan,nan,3.3668865321597314
persistent_spike_block,multiarea_mam,NVIDIA GeForce RTX 5090,2.11.0+cu128,12.8,default,0.15,,0.005,1.0,0,400000000,6793c96c67ceadb8,0,20649,256,1,21960982,1063.5373141556493,multiarea_mam,0,4692,615.5277770001732,0.5787552244829751,0.31083470928425944,2081.5999999999985,2809.0,1.0,0.002,0.002,0.0019999455179427576,2.0,1.9999455179427577,41.296875,42.0,42,43947.82421875,49611.5,51719,0.5446972233242863,0.5446972233242863,0.011063330697853535,1.0170261066969353,sampled_16_timesteps_max_2048_sources,converged,1.5625,0.002,0.001999945379793644,5.462020635609022e-08,True,20,SpMV,CUSPARSE_SPMV_ALG_DEFAULT,,nan,torch_cuda_event,gpu_execution,full_rsnn,device_native,independent_inference,full_fusion,"(256, 1, 20649)","(256, 1, 20649)",20649,20649,1,1,BN,event_csr,event_csr,dense_to_events_precomputed,False,True,True,0,torch.int32,torch.float32,torch.float32,windowed_events,,,False,False,False,False,False,False,1.0,2397004,175978964,175978964,0,0,False,unknown,unknown,unknown,unknown,unknown,,4.42316818;4.376544;4.37558413;4.37238407;4.36934423;4.37039995;4.378016;4.37459183;4.37184;4.37865591;4.37545586;4.37964821;4.37545586;4.38470411;4.38627195;4.39299202;4.38620806;4.38880014;4.38374376;4.38476801,20,4.381428813934326,0.011796083587610853,4.369344234466553,4.423168182373047,passed,0,0.0,8.940696716308594e-08,1.1641532182693481e-09,4.451842130492878e-07,2.3253426206792938e-07,4.451842130492878e-07,2.3253426206792938e-07,20649,0,full_state,passed,,4.378335952758789,nan,nan,nan,nan,nan,nan,6.412631577571685,nan,nan,nan,6.412631577571685
cusparse_direct_cudagraph,multiarea_mam,NVIDIA GeForce RTX 5090,2.11.0+cu128,12.8,default,0.15,,0.005,1.0,0,400000000,99345a242eb94e2e,0,20649,256,1,21960982,1063.5373141556493,multiarea_mam,0,4692,615.5277770001732,0.5787552244829751,0.31083470928425944,2081.5999999999985,2809.0,1.0,0.005,0.005,0.005000052968666764,5.0,5.000052968666764,103.24609375,104.0,104,109860.83203125,116257.75,118998,0.7686903770949217,0.7686903770949216,0.06528100571851778,1.0073020317051946,sampled_16_timesteps_max_2048_sources,converged,1.5625,0.005,0.005000052973628044,5.2973628044024335e-08,True,20,SpMV,CUSPARSE_SPMV_ALG_DEFAULT,,nan,torch_cuda_event,gpu_execution,full_rsnn,device_native,independent_inference,sparse_only,"(256, 1, 20649)","(256, 1, 20649)",20649,20649,1,1,BN,csr_post_by_pre,csr_post_by_pre,none,False,False,True,0,torch.int32,torch.float32,torch.float32,dense,,,False,False,False,False,False,True,1.0,85792,218307396,218307396,0,0,False,unknown,unknown,unknown,unknown,unknown,,28.1010246;28.0743999;28.0818233;28.0766716;28.0807686;28.0756474;28.0725765;28.0756798;28.0746231;28.0746231;28.0797768;28.0745926;28.0726089;28.0797443;28.0746231;28.0797443;28.0746555;28.0807991;28.0797443;28.076704,20,28.078041553497314,0.006135782101973775,28.07257652282715,28.101024627685547,passed,0,0.0,1.1920928955078125e-07,9.313225746154785e-10,5.945391308159742e-07,1.860434366562913e-07,5.945391308159742e-07,1.860434366562913e-07,20649,0,full_state,passed,,28.076175689697266,nan,nan,nan,nan,nan,nan,1.0,nan,nan,nan,1.0
tilespmspv_cudagraph,multiarea_mam,NVIDIA GeForce RTX 5090,2.11.0+cu128,12.8,default,0.15,,0.005,1.0,0,400000000,99345a242eb94e2e,0,20649,256,1,21960982,1063.5373141556493,multiarea_mam,0,4692,615.5277770001732,0.5787552244829751,0.31083470928425944,2081.5999999999985,2809.0,1.0,0.005,0.005,0.005000052968666764,5.0,5.000052968666764,103.24609375,104.0,104,109860.83203125,116257.75,118998,0.7686903770949217,0.7686903770949216,0.06528100571851778,1.0073020317051946,sampled_16_timesteps_max_2048_sources,converged,1.5625,0.005,0.005000052973628044,5.2973628044024335e-08,True,20,SpMV,CUSPARSE_SPMV_ALG_DEFAULT,,nan,torch_cuda_event_cudagraph_replay,gpu_execution,full_rsnn,device_adapted,independent_inference,sparse_only,"(256, 1, 20649)","(256, 1, 20649)",20649,20649,1,1,BN,spmspv_csc_dense_device,spmspv_csc_dense_device,none,False,False,True,0,torch.int64,torch.float32,torch.float32,dense_device,,,False,False,False,False,False,True,1.0,82596,285089348,285089348,0,0,False,unknown,unknown,unknown,unknown,unknown,,5.07670403;5.06428814;5.05881596;5.05967999;5.06745577;5.05967999;5.06175995;5.06905603;5.0664959;5.06739187;5.06380796;5.06435204;5.06332779;5.06841612;5.06947184;5.06435204;5.06947184;5.06844807;5.06844807;5.0653758,20,5.065839958190918,0.004229021219265414,5.058815956115723,5.076704025268555,passed,0,0.0,1.1920928955078125e-07,9.313225746154785e-10,5.93514585034427e-07,1.8607487106692133e-07,5.93514585034427e-07,1.8607487106692133e-07,20649,0,full_state,passed,,5.065935850143433,nan,nan,nan,nan,nan,nan,nan,nan,nan,nan,5.542149865340742
globalatomic_cudagraph,multiarea_mam,NVIDIA GeForce RTX 5090,2.11.0+cu128,12.8,default,0.15,,0.005,1.0,0,400000000,99345a242eb94e2e,0,20649,256,1,21960982,1063.5373141556493,multiarea_mam,0,4692,615.5277770001732,0.5787552244829751,0.31083470928425944,2081.5999999999985,2809.0,1.0,0.005,0.005,0.005000052968666764,5.0,5.000052968666764,103.24609375,104.0,104,109860.83203125,116257.75,118998,0.7686903770949217,0.7686903770949216,0.06528100571851778,1.0073020317051946,sampled_16_timesteps_max_2048_sources,converged,1.5625,0.005,0.005000052973628044,5.2973628044024335e-08,True,20,SpMV,CUSPARSE_SPMV_ALG_DEFAULT,,nan,torch_cuda_event_cudagraph_replay,gpu_execution,full_rsnn,device_adapted,independent_inference,sparse_only,"(256, 1, 20649)","(256, 1, 20649)",20649,20649,1,1,BN,spmspv_csc_dense_device,spmspv_csc_dense_device,none,False,False,True,0,torch.int64,torch.float32,torch.float32,dense_device,,,False,False,False,False,False,True,1.0,82596,285089348,285089348,0,0,False,unknown,unknown,unknown,unknown,unknown,,14.1780157;14.1668482;14.1687365;14.1666555;14.1615677;14.1604481;14.1625919;14.1646404;14.1636477;14.1645441;14.1662397;14.1605444;14.1636162;14.160512;14.1625919;14.1605444;14.1615677;14.1625919;14.1625605;14.1645756,20,14.164152002334594,0.004028966729511133,14.16044807434082,14.17801570892334,passed,0,0.0,1.1920928955078125e-07,9.313225746154785e-10,5.941744234405633e-07,1.8600131568291545e-07,5.941744234405633e-07,1.8600131568291545e-07,20649,0,full_state,passed,,14.163104057312012,nan,nan,nan,nan,nan,nan,nan,nan,nan,nan,1.9823462128135907
vdha_cudagraph,multiarea_mam,NVIDIA GeForce RTX 5090,2.11.0+cu128,12.8,default,0.15,,0.005,1.0,0,400000000,99345a242eb94e2e,0,20649,256,1,21960982,1063.5373141556493,multiarea_mam,0,4692,615.5277770001732,0.5787552244829751,0.31083470928425944,2081.5999999999985,2809.0,1.0,0.005,0.005,0.005000052968666764,5.0,5.000052968666764,103.24609375,104.0,104,109860.83203125,116257.75,118998,0.7686903770949217,0.7686903770949216,0.06528100571851778,1.0073020317051946,sampled_16_timesteps_max_2048_sources,converged,1.5625,0.005,0.005000052973628044,5.2973628044024335e-08,True,20,SpMV,CUSPARSE_SPMV_ALG_DEFAULT,,nan,torch_cuda_event_cudagraph_replay,gpu_execution,full_rsnn,device_adapted,independent_inference,sparse_only,"(256, 1, 20649)","(256, 1, 20649)",20649,20649,1,1,BN,spmspv_csc_dense_device,spmspv_csc_dense_device,none,False,False,True,0,torch.int64,torch.float32,torch.float32,dense_device,,,False,False,False,False,False,True,1.0,82596,285089348,285089348,0,0,False,unknown,unknown,unknown,unknown,unknown,,8.534688;8.52179241;8.52470398;8.52348804;8.52332783;8.52505589;8.52495956;8.52921581;8.52064037;8.52540779;8.52707195;8.52550411;8.5248003;8.52294445;8.52342415;8.52444839;8.52342415;8.52342415;8.52131176;8.52342415,20,8.524652862548828,0.0030479412054979743,8.52064037322998,8.534687995910645,passed,0,0.0,1.1920928955078125e-07,9.313225746154785e-10,5.941744234405633e-07,1.8607487106692133e-07,5.941744234405633e-07,1.8607487106692133e-07,20649,0,full_state,passed,,8.52396821975708,nan,nan,nan,nan,nan,nan,nan,nan,nan,nan,3.2937916901920823
persistent_spike_block,multiarea_mam,NVIDIA GeForce RTX 5090,2.11.0+cu128,12.8,default,0.15,,0.005,1.0,0,400000000,99345a242eb94e2e,0,20649,256,1,21960982,1063.5373141556493,multiarea_mam,0,4692,615.5277770001732,0.5787552244829751,0.31083470928425944,2081.5999999999985,2809.0,1.0,0.005,0.005,0.005000052968666764,5.0,5.000052968666764,103.24609375,104.0,104,109860.83203125,116257.75,118998,0.7686903770949217,0.7686903770949216,0.06528100571851778,1.0073020317051946,sampled_16_timesteps_max_2048_sources,converged,1.5625,0.005,0.005000052973628044,5.2973628044024335e-08,True,20,SpMV,CUSPARSE_SPMV_ALG_DEFAULT,,nan,torch_cuda_event,gpu_execution,full_rsnn,device_native,independent_inference,full_fusion,"(256, 1, 20649)","(256, 1, 20649)",20649,20649,1,1,BN,event_csr,event_csr,dense_to_events_precomputed,False,True,True,0,torch.int32,torch.float32,torch.float32,windowed_events,,,False,False,False,False,False,False,1.0,2397004,176042400,176042400,0,0,False,unknown,unknown,unknown,unknown,unknown,,4.41520023;4.39180803;4.37350416;4.40003204;4.38153601;4.39036798;4.36937618;4.39599991;4.37753582;4.39782381;4.37865591;4.38992023;4.37558413;4.40211201;4.36947203;4.39849615;4.37763214;4.39449596;4.37964821;4.39910412,20,4.387915253639221,0.012594594574667713,4.369376182556152,4.415200233459473,passed,0,0.0,1.1920928955078125e-07,1.862645149230957e-09,5.942554821558588e-07,3.7179421497057774e-07,5.942554821558588e-07,3.7179421497057774e-07,20649,0,full_state,passed,,4.390144109725952,nan,nan,nan,nan,nan,nan,6.3952742752788305,nan,nan,nan,6.3952742752788305
cusparse_direct_cudagraph,multiarea_mam,NVIDIA GeForce RTX 5090,2.11.0+cu128,12.8,default,0.15,,0.005,1.0,0,400000000,6cc09509f327c5c2,0,20649,256,1,21960982,1063.5373141556493,multiarea_mam,0,4692,615.5277770001732,0.5787552244829751,0.31083470928425944,2081.5999999999985,2809.0,1.0,0.01,0.01,0.009999916763523657,10.0,9.999916763523657,206.48828125,207.0,207,219520.671875,227209.0,230832,0.9058761909943113,0.9058761909943114,0.002420779760517154,1.0024781975369366,sampled_16_timesteps_max_2048_sources,converged,1.5625,0.01,0.009999916888773441,8.311122655889347e-08,True,20,SpMV,CUSPARSE_SPMV_ALG_DEFAULT,,nan,torch_cuda_event,gpu_execution,full_rsnn,device_native,independent_inference,sparse_only,"(256, 1, 20649)","(256, 1, 20649)",20649,20649,1,1,BN,csr_post_by_pre,csr_post_by_pre,none,False,False,True,0,torch.int32,torch.float32,torch.float32,dense,,,False,False,False,False,False,True,1.0,85792,218307396,218307396,0,0,False,unknown,unknown,unknown,unknown,unknown,,28.079073;28.0705605;28.0736008;28.0746231;28.0726089;28.0756474;28.0725765;28.0797443;28.0725765;28.0766716;28.0818233;28.0766716;28.0746555;28.0736008;28.0787201;28.0736313;28.0787525;28.0746555;28.0817928;28.0726089,20,28.075729751586913,0.003277791081076524,28.070560455322266,28.081823348999023,passed,0,0.0,2.384185791015625e-07,2.7939677238464355e-09,1.1862190376632498e-06,5.562406499848294e-07,1.1862190376632498e-06,5.562406499848294e-07,20649,0,full_state,passed,,28.074655532836914,nan,nan,nan,nan,nan,nan,1.0,nan,nan,nan,1.0
tilespmspv_cudagraph,multiarea_mam,NVIDIA GeForce RTX 5090,2.11.0+cu128,12.8,default,0.15,,0.005,1.0,0,400000000,6cc09509f327c5c2,0,20649,256,1,21960982,1063.5373141556493,multiarea_mam,0,4692,615.5277770001732,0.5787552244829751,0.31083470928425944,2081.5999999999985,2809.0,1.0,0.01,0.01,0.009999916763523657,10.0,9.999916763523657,206.48828125,207.0,207,219520.671875,227209.0,230832,0.9058761909943113,0.9058761909943114,0.002420779760517154,1.0024781975369366,sampled_16_timesteps_max_2048_sources,converged,1.5625,0.01,0.009999916888773441,8.311122655889347e-08,True,20,SpMV,CUSPARSE_SPMV_ALG_DEFAULT,,nan,torch_cuda_event_cudagraph_replay,gpu_execution,full_rsnn,device_adapted,independent_inference,sparse_only,"(256, 1, 20649)","(256, 1, 20649)",20649,20649,1,1,BN,spmspv_csc_dense_device,spmspv_csc_dense_device,none,False,False,True,0,torch.int64,torch.float32,torch.float32,dense_device,,,False,False,False,False,False,True,1.0,82596,285089348,285089348,0,0,False,unknown,unknown,unknown,unknown,unknown,,5.23564816;5.22006416;5.22099209;5.21993589;5.22307205;5.22198391;5.2353282;5.23430395;5.23340797;5.23228788;5.23276806;5.22819185;5.2292161;5.23023987;5.23331213;5.22614384;5.23331213;5.23020792;5.22924805;5.22819185,20,5.228892803192139,0.005215574449112562,5.219935894012451,5.235648155212402,passed,0,0.0,1.7881393432617188e-07,2.7939677238464355e-09,8.893961194189615e-07,5.56753320779535e-07,8.893961194189615e-07,5.56753320779535e-07,20649,0,full_state,passed,,5.2297279834747314,nan,nan,nan,nan,nan,nan,nan,nan,nan,nan,5.368282178642794
globalatomic_cudagraph,multiarea_mam,NVIDIA GeForce RTX 5090,2.11.0+cu128,12.8,default,0.15,,0.005,1.0,0,400000000,6cc09509f327c5c2,0,20649,256,1,21960982,1063.5373141556493,multiarea_mam,0,4692,615.5277770001732,0.5787552244829751,0.31083470928425944,2081.5999999999985,2809.0,1.0,0.01,0.01,0.009999916763523657,10.0,9.999916763523657,206.48828125,207.0,207,219520.671875,227209.0,230832,0.9058761909943113,0.9058761909943114,0.002420779760517154,1.0024781975369366,sampled_16_timesteps_max_2048_sources,converged,1.5625,0.01,0.009999916888773441,8.311122655889347e-08,True,20,SpMV,CUSPARSE_SPMV_ALG_DEFAULT,,nan,torch_cuda_event_cudagraph_replay,gpu_execution,full_rsnn,device_adapted,independent_inference,sparse_only,"(256, 1, 20649)","(256, 1, 20649)",20649,20649,1,1,BN,spmspv_csc_dense_device,spmspv_csc_dense_device,none,False,False,True,0,torch.int64,torch.float32,torch.float32,dense_device,,,False,False,False,False,False,True,1.0,82596,285089348,285089348,0,0,False,unknown,unknown,unknown,unknown,unknown,,14.2050238;14.1935682;14.1974077;14.1932802;14.192256;14.1953917;14.1932802;14.1953602;14.196352;14.1953917;14.1928644;14.1952963;14.1943045;14.1953602;14.1953602;14.1912642;14.1953602;14.1943359;14.1953602;14.1912642,20,14.194904088973999,0.0028823754748651003,14.191264152526855,14.205023765563965,passed,0,0.0,1.1920928955078125e-07,2.7939677238464355e-09,5.952332458036835e-07,5.56753320779535e-07,5.952332458036835e-07,5.56753320779535e-07,20649,0,full_state,passed,,14.19532823562622,nan,nan,nan,nan,nan,nan,nan,nan,nan,nan,1.9777390890037714
vdha_cudagraph,multiarea_mam,NVIDIA GeForce RTX 5090,2.11.0+cu128,12.8,default,0.15,,0.005,1.0,0,400000000,6cc09509f327c5c2,0,20649,256,1,21960982,1063.5373141556493,multiarea_mam,0,4692,615.5277770001732,0.5787552244829751,0.31083470928425944,2081.5999999999985,2809.0,1.0,0.01,0.01,0.009999916763523657,10.0,9.999916763523657,206.48828125,207.0,207,219520.671875,227209.0,230832,0.9058761909943113,0.9058761909943114,0.002420779760517154,1.0024781975369366,sampled_16_timesteps_max_2048_sources,converged,1.5625,0.01,0.009999916888773441,8.311122655889347e-08,True,20,SpMV,CUSPARSE_SPMV_ALG_DEFAULT,,nan,torch_cuda_event_cudagraph_replay,gpu_execution,full_rsnn,device_adapted,independent_inference,sparse_only,"(256, 1, 20649)","(256, 1, 20649)",20649,20649,1,1,BN,spmspv_csc_dense_device,spmspv_csc_dense_device,none,False,False,True,0,torch.int64,torch.float32,torch.float32,dense_device,,,False,False,False,False,False,True,1.0,82596,285089348,285089348,0,0,False,unknown,unknown,unknown,unknown,unknown,,8.74627209;8.73459244;8.72748756;8.73184013;8.73184013;8.73430443;8.7272644;8.72771168;8.73398399;8.72972775;8.73791981;8.73423958;8.72924805;8.72982407;8.73023987;8.73023987;8.72819233;8.7240963;8.72924805;8.72611237,20,8.731219244003295,0.004875439892806443,8.724096298217773,8.746272087097168,passed,0,0.0,1.1920928955078125e-07,3.725290298461914e-09,5.949162869001157e-07,7.399248147521575e-07,5.949162869001157e-07,7.399248147521575e-07,20649,0,full_state,passed,,8.730031967163086,nan,nan,nan,nan,nan,nan,nan,nan,nan,nan,3.215870874062797
persistent_spike_block,multiarea_mam,NVIDIA GeForce RTX 5090,2.11.0+cu128,12.8,default,0.15,,0.005,1.0,0,400000000,6cc09509f327c5c2,0,20649,256,1,21960982,1063.5373141556493,multiarea_mam,0,4692,615.5277770001732,0.5787552244829751,0.31083470928425944,2081.5999999999985,2809.0,1.0,0.01,0.01,0.009999916763523657,10.0,9.999916763523657,206.48828125,207.0,207,219520.671875,227209.0,230832,0.9058761909943113,0.9058761909943114,0.002420779760517154,1.0024781975369366,sampled_16_timesteps_max_2048_sources,converged,1.5625,0.01,0.009999916888773441,8.311122655889347e-08,True,20,SpMV,CUSPARSE_SPMV_ALG_DEFAULT,,nan,torch_cuda_event,gpu_execution,full_rsnn,device_native,independent_inference,full_fusion,"(256, 1, 20649)","(256, 1, 20649)",20649,20649,1,1,BN,event_csr,event_csr,dense_to_events_precomputed,False,True,True,0,torch.int32,torch.float32,torch.float32,windowed_events,,,False,False,False,False,False,False,1.0,2397004,176148120,176148120,0,0,False,unknown,unknown,unknown,unknown,unknown,,4.50393581;4.44713593;4.45139217;4.44617605;4.44924784;4.44768;4.45324802;4.44716787;4.452384;4.45324802;4.4575038;4.44716787;4.45542383;4.44355202;4.45545578;4.44288015;4.45222378;4.44563198;4.4513278;4.44211197,20,4.452244734764099,0.012932211487502503,4.442111968994141,4.503935813903809,passed,0,0.0,3.2782554626464844e-07,1.862645149230957e-08,1.6364524526579771e-06,3.718987727552303e-06,1.6364524526579771e-06,3.718987727552303e-06,20649,0,full_state,passed,,4.450287818908691,nan,nan,nan,nan,nan,nan,6.3085033317511225,nan,nan,nan,6.3085033317511225
cusparse_direct_cudagraph,multiarea_mam,NVIDIA GeForce RTX 5090,2.11.0+cu128,12.8,default,0.15,,0.005,1.0,0,400000000,c4982526ba1cc8d9,0,20649,256,1,21960982,1063.5373141556493,multiarea_mam,0,4692,615.5277770001732,0.5787552244829751,0.31083470928425944,2081.5999999999985,2809.0,1.0,0.01,0.02,0.019999833527047314,20.0,19.999833527047315,412.9765625,415.0,416,438625.20703125,446395.25,448345,0.9499476404519114,0.9499476404519112,0.03130874331402584,1.0073210873801102,sampled_16_timesteps_max_2048_sources,converged,2.9130935668945312,0.02,0.019999833777546883,1.6622245311778694e-07,True,20,SpMV,CUSPARSE_SPMV_ALG_DEFAULT,,nan,torch_cuda_event,gpu_execution,full_rsnn,device_native,independent_inference,sparse_only,"(256, 1, 20649)","(256, 1, 20649)",20649,20649,1,1,BN,csr_post_by_pre,csr_post_by_pre,none,False,False,True,0,torch.int32,torch.float32,torch.float32,dense,,,False,False,False,False,False,True,1.0,85792,218307396,218307396,0,0,False,unknown,unknown,unknown,unknown,unknown,,28.1485767;28.0806084;28.0859203;28.0828476;28.0869122;28.0817928;28.0828152;28.0817604;28.0848637;28.0787201;28.0879364;28.0787525;28.0848961;28.0838394;28.0828476;28.0838394;28.0828476;28.0807686;28.0879688;28.0828152,20,28.08656644821167,0.014827916800552857,28.078720092773438,28.148576736450195,passed,0,0.0,2.384185791015625e-07,5.587935447692871e-09,1.188253463624278e-06,1.1092099612142192e-06,1.188253463624278e-06,1.1092099612142192e-06,20649,0,full_state,passed,,28.082847595214844,nan,nan,nan,nan,nan,nan,1.0,nan,nan,nan,1.0
tilespmspv_cudagraph,multiarea_mam,NVIDIA GeForce RTX 5090,2.11.0+cu128,12.8,default,0.15,,0.005,1.0,0,400000000,c4982526ba1cc8d9,0,20649,256,1,21960982,1063.5373141556493,multiarea_mam,0,4692,615.5277770001732,0.5787552244829751,0.31083470928425944,2081.5999999999985,2809.0,1.0,0.01,0.02,0.019999833527047314,20.0,19.999833527047315,412.9765625,415.0,416,438625.20703125,446395.25,448345,0.9499476404519114,0.9499476404519112,0.03130874331402584,1.0073210873801102,sampled_16_timesteps_max_2048_sources,converged,2.9130935668945312,0.02,0.019999833777546883,1.6622245311778694e-07,True,20,SpMV,CUSPARSE_SPMV_ALG_DEFAULT,,nan,torch_cuda_event_cudagraph_replay,gpu_execution,full_rsnn,device_adapted,independent_inference,sparse_only,"(256, 1, 20649)","(256, 1, 20649)",20649,20649,1,1,BN,spmspv_csc_dense_device,spmspv_csc_dense_device,none,False,False,True,0,torch.int64,torch.float32,torch.float32,dense_device,,,False,False,False,False,False,True,1.0,82596,285089348,285089348,0,0,False,unknown,unknown,unknown,unknown,unknown,,5.26246405;5.25199986;5.25628805;5.25587177;5.24864006;5.25123215;5.2549119;5.2497282;5.25276804;5.2516799;5.25225592;5.24969578;5.25072002;5.24969578;5.24867201;5.25583982;5.24659204;5.25379181;5.25072002;5.25379181,20,5.2523679494857785,0.0035675870933749203,5.246592044830322,5.2624640464782715,passed,0,0.0,2.384185791015625e-07,7.450580596923828e-09,1.1879054682140122e-06,1.4730304656040971e-06,1.1879054682140122e-06,1.4730304656040971e-06,20649,0,full_state,passed,,5.251839876174927,nan,nan,nan,nan,nan,nan,nan,nan,nan,nan,5.347239873518084
globalatomic_cudagraph,multiarea_mam,NVIDIA GeForce RTX 5090,2.11.0+cu128,12.8,default,0.15,,0.005,1.0,0,400000000,c4982526ba1cc8d9,0,20649,256,1,21960982,1063.5373141556493,multiarea_mam,0,4692,615.5277770001732,0.5787552244829751,0.31083470928425944,2081.5999999999985,2809.0,1.0,0.01,0.02,0.019999833527047314,20.0,19.999833527047315,412.9765625,415.0,416,438625.20703125,446395.25,448345,0.9499476404519114,0.9499476404519112,0.03130874331402584,1.0073210873801102,sampled_16_timesteps_max_2048_sources,converged,2.9130935668945312,0.02,0.019999833777546883,1.6622245311778694e-07,True,20,SpMV,CUSPARSE_SPMV_ALG_DEFAULT,,nan,torch_cuda_event_cudagraph_replay,gpu_execution,full_rsnn,device_adapted,independent_inference,sparse_only,"(256, 1, 20649)","(256, 1, 20649)",20649,20649,1,1,BN,spmspv_csc_dense_device,spmspv_csc_dense_device,none,False,False,True,0,torch.int64,torch.float32,torch.float32,dense_device,,,False,False,False,False,False,True,1.0,82596,285089348,285089348,0,0,False,unknown,unknown,unknown,unknown,unknown,,14.2694721;14.2569923;14.2588158;14.2609596;14.2556801;14.2567997;14.2568321;14.2567358;14.2587843;14.2537279;14.2584;14.2567682;14.2588158;14.2567682;14.2557764;14.2588158;14.2567997;14.2547197;14.2588482;14.2557764,20,14.257814407348633,0.003222830833644851,14.253727912902832,14.269472122192383,passed,0,0.0,2.384185791015625e-07,5.587935447692871e-09,1.1879054682140122e-06,1.1088067140008206e-06,1.1879054682140122e-06,1.1088067140008206e-06,20649,0,full_state,passed,,14.256815910339355,nan,nan,nan,nan,nan,nan,nan,nan,nan,nan,1.9697839806466566
vdha_cudagraph,multiarea_mam,NVIDIA GeForce RTX 5090,2.11.0+cu128,12.8,default,0.15,,0.005,1.0,0,400000000,c4982526ba1cc8d9,0,20649,256,1,21960982,1063.5373141556493,multiarea_mam,0,4692,615.5277770001732,0.5787552244829751,0.31083470928425944,2081.5999999999985,2809.0,1.0,0.01,0.02,0.019999833527047314,20.0,19.999833527047315,412.9765625,415.0,416,438625.20703125,446395.25,448345,0.9499476404519114,0.9499476404519112,0.03130874331402584,1.0073210873801102,sampled_16_timesteps_max_2048_sources,converged,2.9130935668945312,0.02,0.019999833777546883,1.6622245311778694e-07,True,20,SpMV,CUSPARSE_SPMV_ALG_DEFAULT,,nan,torch_cuda_event_cudagraph_replay,gpu_execution,full_rsnn,device_adapted,independent_inference,sparse_only,"(256, 1, 20649)","(256, 1, 20649)",20649,20649,1,1,BN,spmspv_csc_dense_device,spmspv_csc_dense_device,none,False,False,True,0,torch.int64,torch.float32,torch.float32,dense_device,,,False,False,False,False,False,True,1.0,82596,285089348,285089348,0,0,False,unknown,unknown,unknown,unknown,unknown,,8.92016029;8.8573122;8.85321617;8.85039997;8.8517437;8.85072041;8.85264015;8.85859203;8.85113621;8.8516798;8.85264015;8.85676765;8.85308838;8.84963226;8.85724831;8.85724831;8.85110378;8.84905624;8.85417557;8.85110378,20,8.856483268737794,0.015256633479548871,8.849056243896484,8.920160293579102,passed,0,0.0,2.384185791015625e-07,7.450580596923828e-09,1.1876965118062799e-06,1.4700576684845146e-06,1.1876965118062799e-06,1.4700576684845146e-06,20649,0,full_state,passed,,8.852640151977539,nan,nan,nan,nan,nan,nan,nan,nan,nan,nan,3.172256763304852
persistent_spike_block,multiarea_mam,NVIDIA GeForce RTX 5090,2.11.0+cu128,12.8,default,0.15,,0.005,1.0,0,400000000,c4982526ba1cc8d9,0,20649,256,1,21960982,1063.5373141556493,multiarea_mam,0,4692,615.5277770001732,0.5787552244829751,0.31083470928425944,2081.5999999999985,2809.0,1.0,0.01,0.02,0.019999833527047314,20.0,19.999833527047315,412.9765625,415.0,416,438625.20703125,446395.25,448345,0.9499476404519114,0.9499476404519112,0.03130874331402584,1.0073210873801102,sampled_16_timesteps_max_2048_sources,converged,2.9130935668945312,0.02,0.019999833777546883,1.6622245311778694e-07,True,20,SpMV,CUSPARSE_SPMV_ALG_DEFAULT,,nan,torch_cuda_event,gpu_execution,full_rsnn,device_native,independent_inference,full_fusion,"(256, 1, 20649)","(256, 1, 20649)",20649,20649,1,1,BN,event_csr,event_csr,dense_to_events_precomputed,False,True,True,0,torch.int32,torch.float32,torch.float32,windowed_events,,,False,False,False,False,False,False,1.0,2397004,176148120,176148120,0,0,False,unknown,unknown,unknown,unknown,unknown,,4.54310417;4.49225616;4.50048018;4.48912001;4.50051212;4.49209595;4.50358391;4.49414396;4.50655985;4.49417591;4.50665617;4.49628782;4.50662422;4.49939203;4.50451183;4.49625587;4.50457621;4.49683189;4.51481581;4.49126387,20,4.501662397384644,0.011768853402177202,4.489120006561279,4.54310417175293,passed,0,0.0,1.1920928955078125e-06,9.499490261077881e-08,5.954176685918355e-06,1.8837128664017655e-05,5.954176685918355e-06,1.8837128664017655e-05,20649,0,full_state,passed,,4.499936103820801,nan,nan,nan,nan,nan,nan,6.240721411881891,nan,nan,nan,6.240721411881891
cusparse_direct_cudagraph,multiarea_mam,NVIDIA GeForce RTX 5090,2.11.0+cu128,12.8,default,0.15,,0.005,1.0,0,400000000,69798070dfee5bd9,0,20649,256,1,21960982,1063.5373141556493,multiarea_mam,0,4692,615.5277770001732,0.5787552244829751,0.31083470928425944,2081.5999999999985,2809.0,1.0,0.01,0.05,0.05000034051285777,50.0,50.00034051285777,1032.45703125,1047.0,1059,1093554.8828125,1119708.0,1126820,0.976390912488469,0.9763909124884687,0.06897235812150385,1.0257085456794888,sampled_16_timesteps_max_2048_sources,converged,6.790256500244141,0.05,0.05000033974647522,3.39746475216951e-07,True,20,SpMV,CUSPARSE_SPMV_ALG_DEFAULT,,nan,torch_cuda_event,gpu_execution,full_rsnn,device_native,independent_inference,sparse_only,"(256, 1, 20649)","(256, 1, 20649)",20649,20649,1,1,BN,csr_post_by_pre,csr_post_by_pre,none,False,False,True,0,torch.int32,torch.float32,torch.float32,dense,,,False,False,False,False,False,True,1.0,85792,218307396,218307396,0,0,False,unknown,unknown,unknown,unknown,unknown,,28.1226883;28.0805111;28.0818233;28.0807686;28.0787201;28.0797443;28.0787201;28.0797768;28.0725441;28.0787525;28.0818233;28.0848637;28.0869122;28.0838394;28.0807686;28.0818233;28.0848961;28.0828152;28.0859203;28.0848637,20,28.083628749847414,0.009753987621023693,28.07254409790039,28.12268829345703,passed,0,0.0,4.76837158203125e-07,1.4901161193847656e-08,2.3818472527636914e-06,2.9343314054131042e-06,2.3818472527636914e-06,2.9343314054131042e-06,20649,0,full_state,passed,,28.081823348999023,nan,nan,nan,nan,nan,nan,1.0,nan,nan,nan,1.0
tilespmspv_cudagraph,multiarea_mam,NVIDIA GeForce RTX 5090,2.11.0+cu128,12.8,default,0.15,,0.005,1.0,0,400000000,69798070dfee5bd9,0,20649,256,1,21960982,1063.5373141556493,multiarea_mam,0,4692,615.5277770001732,0.5787552244829751,0.31083470928425944,2081.5999999999985,2809.0,1.0,0.01,0.05,0.05000034051285777,50.0,50.00034051285777,1032.45703125,1047.0,1059,1093554.8828125,1119708.0,1126820,0.976390912488469,0.9763909124884687,0.06897235812150385,1.0257085456794888,sampled_16_timesteps_max_2048_sources,converged,6.790256500244141,0.05,0.05000033974647522,3.39746475216951e-07,True,20,SpMV,CUSPARSE_SPMV_ALG_DEFAULT,,nan,torch_cuda_event_cudagraph_replay,gpu_execution,full_rsnn,device_adapted,independent_inference,sparse_only,"(256, 1, 20649)","(256, 1, 20649)",20649,20649,1,1,BN,spmspv_csc_dense_device,spmspv_csc_dense_device,none,False,False,True,0,torch.int64,torch.float32,torch.float32,dense_device,,,False,False,False,False,False,True,1.0,82596,285089348,285089348,0,0,False,unknown,unknown,unknown,unknown,unknown,,6.46041584;6.44793606;6.44982386;6.44566393;6.44777584;6.44771194;6.44364786;6.45177603;6.44563198;6.44374418;6.44320011;6.43958378;6.44569588;6.45289612;6.45187187;6.44367981;6.44777584;6.44367981;6.44777584;6.44777584,20,6.447403120994568,0.004521822385793084,6.439583778381348,6.460415840148926,passed,0,0.0,1.9669532775878906e-06,8.568167686462402e-08,9.754720849741716e-06,1.6869755199877545e-05,9.754720849741716e-06,1.6869755199877545e-05,20649,0,full_state,passed,,6.447743892669678,nan,nan,nan,nan,nan,nan,nan,nan,nan,nan,4.355294474540891
globalatomic_cudagraph,multiarea_mam,NVIDIA GeForce RTX 5090,2.11.0+cu128,12.8,default,0.15,,0.005,1.0,0,400000000,69798070dfee5bd9,0,20649,256,1,21960982,1063.5373141556493,multiarea_mam,0,4692,615.5277770001732,0.5787552244829751,0.31083470928425944,2081.5999999999985,2809.0,1.0,0.01,0.05,0.05000034051285777,50.0,50.00034051285777,1032.45703125,1047.0,1059,1093554.8828125,1119708.0,1126820,0.976390912488469,0.9763909124884687,0.06897235812150385,1.0257085456794888,sampled_16_timesteps_max_2048_sources,converged,6.790256500244141,0.05,0.05000033974647522,3.39746475216951e-07,True,20,SpMV,CUSPARSE_SPMV_ALG_DEFAULT,,nan,torch_cuda_event_cudagraph_replay,gpu_execution,full_rsnn,device_adapted,independent_inference,sparse_only,"(256, 1, 20649)","(256, 1, 20649)",20649,20649,1,1,BN,spmspv_csc_dense_device,spmspv_csc_dense_device,none,False,False,True,0,torch.int64,torch.float32,torch.float32,dense_device,,,False,False,False,False,False,True,1.0,82596,285089348,285089348,0,0,False,unknown,unknown,unknown,unknown,unknown,,14.8371515;14.8141117;14.8097277;14.8139524;14.8055363;14.8118715;14.8096638;14.8116484;14.8138237;14.8119364;14.8112001;14.8118076;14.8138561;14.8138561;14.8159037;14.8138237;14.8148804;14.8138561;14.8159037;14.8118076,20,14.813815927505493,0.005999733109829522,14.805536270141602,14.837151527404785,passed,0,0.0,6.556510925292969e-07,2.9802322387695312e-08,3.2675827696948545e-06,5.7991483117803e-06,3.2675827696948545e-06,5.7991483117803e-06,20649,0,full_state,passed,,14.813823699951172,nan,nan,nan,nan,nan,nan,nan,nan,nan,nan,1.8956498955156045
vdha_cudagraph,multiarea_mam,NVIDIA GeForce RTX 5090,2.11.0+cu128,12.8,default,0.15,,0.005,1.0,0,400000000,69798070dfee5bd9,0,20649,256,1,21960982,1063.5373141556493,multiarea_mam,0,4692,615.5277770001732,0.5787552244829751,0.31083470928425944,2081.5999999999985,2809.0,1.0,0.01,0.05,0.05000034051285777,50.0,50.00034051285777,1032.45703125,1047.0,1059,1093554.8828125,1119708.0,1126820,0.976390912488469,0.9763909124884687,0.06897235812150385,1.0257085456794888,sampled_16_timesteps_max_2048_sources,converged,6.790256500244141,0.05,0.05000033974647522,3.39746475216951e-07,True,20,SpMV,CUSPARSE_SPMV_ALG_DEFAULT,,nan,torch_cuda_event_cudagraph_replay,gpu_execution,full_rsnn,device_adapted,independent_inference,sparse_only,"(256, 1, 20649)","(256, 1, 20649)",20649,20649,1,1,BN,spmspv_csc_dense_device,spmspv_csc_dense_device,none,False,False,True,0,torch.int64,torch.float32,torch.float32,dense_device,,,False,False,False,False,False,True,1.0,82596,285089348,285089348,0,0,False,unknown,unknown,unknown,unknown,unknown,,10.1050882;10.0853119;10.0864;10.0767365;10.0783682;10.0774078;10.0821438;10.0788164;10.0769596;10.0761604;10.0758076;10.0789118;10.0801916;10.0742083;10.0788803;10.0778561;10.1136961;10.1157122;10.1095676;10.1054716,20,10.086684799194336,0.014229153114115708,10.07420825958252,10.11571216583252,passed,0,0.0,7.152557373046875e-07,2.9802322387695312e-08,3.535532641762984e-06,5.8331793297838885e-06,3.535532641762984e-06,5.8331793297838885e-06,20649,0,full_state,passed,,10.078896045684814,nan,nan,nan,nan,nan,nan,nan,nan,nan,nan,2.786200316156847
persistent_spike_block,multiarea_mam,NVIDIA GeForce RTX 5090,2.11.0+cu128,12.8,default,0.15,,0.005,1.0,0,400000000,69798070dfee5bd9,0,20649,256,1,21960982,1063.5373141556493,multiarea_mam,0,4692,615.5277770001732,0.5787552244829751,0.31083470928425944,2081.5999999999985,2809.0,1.0,0.01,0.05,0.05000034051285777,50.0,50.00034051285777,1032.45703125,1047.0,1059,1093554.8828125,1119708.0,1126820,0.976390912488469,0.9763909124884687,0.06897235812150385,1.0257085456794888,sampled_16_timesteps_max_2048_sources,converged,6.790256500244141,0.05,0.05000033974647522,3.39746475216951e-07,True,20,SpMV,CUSPARSE_SPMV_ALG_DEFAULT,,nan,torch_cuda_event,gpu_execution,full_rsnn,device_native,independent_inference,full_fusion,"(256, 1, 20649)","(256, 1, 20649)",20649,20649,1,1,BN,event_csr,event_csr,dense_to_events_precomputed,False,True,True,0,torch.int32,torch.float32,torch.float32,windowed_events,,,False,False,False,False,False,False,1.0,2397004,176148120,176148120,0,0,False,unknown,unknown,unknown,unknown,unknown,,4.99132776;4.94380808;4.89459181;4.9540801;4.90038395;4.95391989;4.90758419;4.94889593;4.89519978;4.95711994;4.90643215;4.94182396;4.90073586;4.95919991;4.90748787;4.95100784;4.9079361;4.96233606;4.90188789;4.9653759,20,4.932556748390198,0.029767992468838114,4.894591808319092,4.99132776260376,passed,0,0.0,6.765127182006836e-06,5.066394805908203e-07,3.37142264470458e-05,9.964308992493898e-05,3.37142264470458e-05,9.964308992493898e-05,20649,0,full_state,passed,,4.9428160190582275,nan,nan,nan,nan,nan,nan,5.681341008996235,nan,nan,nan,5.681341008996235
cusparse_direct_cudagraph,multiarea_mam,NVIDIA GeForce RTX 5090,2.11.0+cu128,12.8,default,0.15,,0.005,1.0,0,400000000,508171610f2cdd90,1,20649,256,1,21960982,1063.5373141556493,multiarea_mam,1,4692,615.5277770001732,0.5787552244829751,0.31083470928425944,2081.5999999999985,2809.0,1.0,0.0,0.0,0.0,0.0,0.0,0.0,0.0,0,0.0,0.0,0,0.0,0.0,0.0,0.0,sampled_16_timesteps_max_2048_sources,converged,50.0,0.0,0.0,0.0,True,20,SpMV,CUSPARSE_SPMV_ALG_DEFAULT,,nan,torch_cuda_event,gpu_execution,full_rsnn,device_native,independent_inference,sparse_only,"(256, 1, 20649)","(256, 1, 20649)",20649,20649,1,1,BN,csr_post_by_pre,csr_post_by_pre,none,False,False,True,0,torch.int32,torch.float32,torch.float32,dense,,,False,False,False,False,False,True,1.0,85792,218307396,218307396,0,0,False,unknown,unknown,unknown,unknown,unknown,,28.132864;28.1113605;28.1125126;28.1094723;28.1135674;28.1104641;28.1135368;28.108448;28.1074238;28.1114559;28.108448;28.1135674;28.1145592;28.1155529;28.1094723;28.1063671;28.1114883;28.1104641;28.1156158;28.1073914,20,28.112201595306395,0.0055813860167962725,28.106367111206055,28.132863998413086,passed,0,0.0,0.0,0.0,0.0,0.0,0.0,0.0,20649,0,full_state,passed,,28.111408233642578,nan,nan,nan,nan,nan,nan,1.0,nan,nan,nan,1.0
tilespmspv_cudagraph,multiarea_mam,NVIDIA GeForce RTX 5090,2.11.0+cu128,12.8,default,0.15,,0.005,1.0,0,400000000,508171610f2cdd90,1,20649,256,1,21960982,1063.5373141556493,multiarea_mam,1,4692,615.5277770001732,0.5787552244829751,0.31083470928425944,2081.5999999999985,2809.0,1.0,0.0,0.0,0.0,0.0,0.0,0.0,0.0,0,0.0,0.0,0,0.0,0.0,0.0,0.0,sampled_16_timesteps_max_2048_sources,converged,50.0,0.0,0.0,0.0,True,20,SpMV,CUSPARSE_SPMV_ALG_DEFAULT,,nan,torch_cuda_event_cudagraph_replay,gpu_execution,full_rsnn,device_adapted,independent_inference,sparse_only,"(256, 1, 20649)","(256, 1, 20649)",20649,20649,1,1,BN,spmspv_csc_dense_device,spmspv_csc_dense_device,none,False,False,True,0,torch.int64,torch.float32,torch.float32,dense_device,,,False,False,False,False,False,True,1.0,82596,285089348,285089348,0,0,False,unknown,unknown,unknown,unknown,unknown,,4.08947182;4.04684782;4.04598379;4.04646397;4.04860783;4.04848003;4.04860783;4.04841614;4.04643202;4.04665613;4.04787207;4.04649591;4.04649591;4.04649591;4.04752016;4.04649591;4.04649591;4.04649591;4.04649591;4.04649591,20,4.049166345596314,0.009526164072487117,4.045983791351318,4.089471817016602,passed,0,0.0,0.0,0.0,0.0,0.0,0.0,0.0,20649,0,full_state,passed,,4.0464959144592285,nan,nan,nan,nan,nan,nan,nan,nan,nan,nan,6.947099126726629
globalatomic_cudagraph,multiarea_mam,NVIDIA GeForce RTX 5090,2.11.0+cu128,12.8,default,0.15,,0.005,1.0,0,400000000,508171610f2cdd90,1,20649,256,1,21960982,1063.5373141556493,multiarea_mam,1,4692,615.5277770001732,0.5787552244829751,0.31083470928425944,2081.5999999999985,2809.0,1.0,0.0,0.0,0.0,0.0,0.0,0.0,0.0,0,0.0,0.0,0,0.0,0.0,0.0,0.0,sampled_16_timesteps_max_2048_sources,converged,50.0,0.0,0.0,0.0,True,20,SpMV,CUSPARSE_SPMV_ALG_DEFAULT,,nan,torch_cuda_event_cudagraph_replay,gpu_execution,full_rsnn,device_adapted,independent_inference,sparse_only,"(256, 1, 20649)","(256, 1, 20649)",20649,20649,1,1,BN,spmspv_csc_dense_device,spmspv_csc_dense_device,none,False,False,True,0,torch.int64,torch.float32,torch.float32,dense_device,,,False,False,False,False,False,True,1.0,82596,285089348,285089348,0,0,False,unknown,unknown,unknown,unknown,unknown,,14.1141758;14.1032324;14.1032639;14.1021118;14.1071997;14.1011839;14.1031361;14.1000643;14.1032324;14.1030397;14.1037436;14.1011524;14.1031675;14.1032;14.1041918;14.1032;14.1032;14.1041918;14.1032;14.107296,20,14.103859138488769,0.0029569472580209706,14.100064277648926,14.114175796508789,passed,0,0.0,0.0,0.0,0.0,0.0,0.0,0.0,20649,0,full_state,passed,,14.10319995880127,nan,nan,nan,nan,nan,nan,nan,nan,nan,nan,1.993264529735276
vdha_cudagraph,multiarea_mam,NVIDIA GeForce RTX 5090,2.11.0+cu128,12.8,default,0.15,,0.005,1.0,0,400000000,508171610f2cdd90,1,20649,256,1,21960982,1063.5373141556493,multiarea_mam,1,4692,615.5277770001732,0.5787552244829751,0.31083470928425944,2081.5999999999985,2809.0,1.0,0.0,0.0,0.0,0.0,0.0,0.0,0.0,0,0.0,0.0,0,0.0,0.0,0.0,0.0,sampled_16_timesteps_max_2048_sources,converged,50.0,0.0,0.0,0.0,True,20,SpMV,CUSPARSE_SPMV_ALG_DEFAULT,,nan,torch_cuda_event_cudagraph_replay,gpu_execution,full_rsnn,device_adapted,independent_inference,sparse_only,"(256, 1, 20649)","(256, 1, 20649)",20649,20649,1,1,BN,spmspv_csc_dense_device,spmspv_csc_dense_device,none,False,False,True,0,torch.int64,torch.float32,torch.float32,dense_device,,,False,False,False,False,False,True,1.0,82596,285089348,285089348,0,0,False,unknown,unknown,unknown,unknown,unknown,,5.88838387;5.87475204;5.87596798;5.87651205;5.87663984;5.87849617;5.87420797;5.8784318;5.87427187;5.87635183;5.87532806;5.87388802;5.87641621;5.87590408;5.87430382;5.87529612;5.87433577;5.87430382;5.87635183;5.87635183,20,5.87632474899292,0.00313140418252819,5.87388801574707,5.888383865356445,passed,0,0.0,0.0,0.0,0.0,0.0,0.0,0.0,20649,0,full_state,passed,,5.875936031341553,nan,nan,nan,nan,nan,nan,nan,nan,nan,nan,4.784158316853626
persistent_spike_block,multiarea_mam,NVIDIA GeForce RTX 5090,2.11.0+cu128,12.8,default,0.15,,0.005,1.0,0,400000000,508171610f2cdd90,1,20649,256,1,21960982,1063.5373141556493,multiarea_mam,1,4692,615.5277770001732,0.5787552244829751,0.31083470928425944,2081.5999999999985,2809.0,1.0,0.0,0.0,0.0,0.0,0.0,0.0,0.0,0,0.0,0.0,0,0.0,0.0,0.0,0.0,sampled_16_timesteps_max_2048_sources,converged,50.0,0.0,0.0,0.0,True,20,SpMV,CUSPARSE_SPMV_ALG_DEFAULT,,nan,torch_cuda_event,gpu_execution,full_rsnn,device_native,independent_inference,full_fusion,"(256, 1, 20649)","(256, 1, 20649)",20649,20649,1,1,BN,event_csr,event_csr,dense_to_events_precomputed,False,True,True,0,torch.int32,torch.float32,torch.float32,windowed_events,,,False,False,False,False,False,False,1.0,2397004,175936676,175936676,0,0,False,unknown,unknown,unknown,unknown,unknown,,1.50841606;1.47052801;1.46940804;1.47043204;1.46947205;1.46921599;1.47043204;1.46921599;1.471488;1.46934402;1.47049606;1.46992004;1.46947205;1.47033596;1.47145605;1.46934402;1.47036803;1.47142398;1.471488;1.46943998,20,1.4720848202705383,0.008589786940160096,1.469215989112854,1.5084160566329956,passed,0,0.0,0.0,0.0,0.0,0.0,0.0,0.0,20649,0,full_state,passed,,1.4703519940376282,nan,nan,nan,nan,nan,nan,19.118828925071103,nan,nan,nan,19.118828925071103
cusparse_direct_cudagraph,multiarea_mam,NVIDIA GeForce RTX 5090,2.11.0+cu128,12.8,default,0.15,,0.005,1.0,0,400000000,f6dfa595b7569d2c,1,20649,256,1,21960982,1063.5373141556493,multiarea_mam,1,4692,615.5277770001732,0.5787552244829751,0.31083470928425944,2081.5999999999985,2809.0,1.0,0.0001,0.0001,0.00010007294542108577,0.1,0.10007294542108576,2.06640625,3.0,3,2204.26953125,3498.75,3902,0.015714650618714604,0.015714650618714604,0.12049464295261465,1.45179584120983,sampled_16_timesteps_max_2048_sources,converged,1.5625,0.0001,0.0001000729389488697,7.293894886970041e-08,True,20,SpMV,CUSPARSE_SPMV_ALG_DEFAULT,,nan,torch_cuda_event,gpu_execution,full_rsnn,device_native,independent_inference,sparse_only,"(256, 1, 20649)","(256, 1, 20649)",20649,20649,1,1,BN,csr_post_by_pre,csr_post_by_pre,none,False,False,True,0,torch.int32,torch.float32,torch.float32,dense,,,False,False,False,False,False,True,1.0,85792,218307396,218307396,0,0,False,unknown,unknown,unknown,unknown,unknown,,28.1017609;28.0846729;28.0817928;28.0869122;28.0828152;28.0879364;28.0889606;28.0797768;28.0869122;28.0828152;28.0859203;28.0869122;28.0817928;28.0910072;28.0848961;28.0879364;28.0848637;28.0910072;28.0859203;28.0848637,20,28.086473751068116,0.004661217698999337,28.079776763916016,28.101760864257812,passed,0,0.0,5.960464477539063e-08,2.3283064365386963e-10,2.9716275662394764e-07,4.6533109809843154e-08,2.9716275662394764e-07,4.6533109809843154e-08,20649,0,full_state,passed,,28.085920333862305,nan,nan,nan,nan,nan,nan,1.0,nan,nan,nan,1.0
tilespmspv_cudagraph,multiarea_mam,NVIDIA GeForce RTX 5090,2.11.0+cu128,12.8,default,0.15,,0.005,1.0,0,400000000,f6dfa595b7569d2c,1,20649,256,1,21960982,1063.5373141556493,multiarea_mam,1,4692,615.5277770001732,0.5787552244829751,0.31083470928425944,2081.5999999999985,2809.0,1.0,0.0001,0.0001,0.00010007294542108577,0.1,0.10007294542108576,2.06640625,3.0,3,2204.26953125,3498.75,3902,0.015714650618714604,0.015714650618714604,0.12049464295261465,1.45179584120983,sampled_16_timesteps_max_2048_sources,converged,1.5625,0.0001,0.0001000729389488697,7.293894886970041e-08,True,20,SpMV,CUSPARSE_SPMV_ALG_DEFAULT,,nan,torch_cuda_event_cudagraph_replay,gpu_execution,full_rsnn,device_adapted,independent_inference,sparse_only,"(256, 1, 20649)","(256, 1, 20649)",20649,20649,1,1,BN,spmspv_csc_dense_device,spmspv_csc_dense_device,none,False,False,True,0,torch.int64,torch.float32,torch.float32,dense_device,,,False,False,False,False,False,True,1.0,82596,285089348,285089348,0,0,False,unknown,unknown,unknown,unknown,unknown,,4.15411186;4.14278412;4.14428806;4.1408;4.1426878;4.14224005;4.14236784;4.14233589;4.14284801;4.14272022;4.1422081;4.14275217;4.1426878;4.14275217;4.14272022;4.14275217;4.14275217;4.14275217;4.1426878;4.14067221,20,4.1430960416793825,0.00269578419317299,4.140672206878662,4.154111862182617,passed,0,0.0,0.0,0.0,0.0,0.0,0.0,0.0,20649,0,full_state,passed,,4.1427202224731445,nan,nan,nan,nan,nan,nan,nan,nan,nan,nan,6.779584144134024
globalatomic_cudagraph,multiarea_mam,NVIDIA GeForce RTX 5090,2.11.0+cu128,12.8,default,0.15,,0.005,1.0,0,400000000,f6dfa595b7569d2c,1,20649,256,1,21960982,1063.5373141556493,multiarea_mam,1,4692,615.5277770001732,0.5787552244829751,0.31083470928425944,2081.5999999999985,2809.0,1.0,0.0001,0.0001,0.00010007294542108577,0.1,0.10007294542108576,2.06640625,3.0,3,2204.26953125,3498.75,3902,0.015714650618714604,0.015714650618714604,0.12049464295261465,1.45179584120983,sampled_16_timesteps_max_2048_sources,converged,1.5625,0.0001,0.0001000729389488697,7.293894886970041e-08,True,20,SpMV,CUSPARSE_SPMV_ALG_DEFAULT,,nan,torch_cuda_event_cudagraph_replay,gpu_execution,full_rsnn,device_adapted,independent_inference,sparse_only,"(256, 1, 20649)","(256, 1, 20649)",20649,20649,1,1,BN,spmspv_csc_dense_device,spmspv_csc_dense_device,none,False,False,True,0,torch.int64,torch.float32,torch.float32,dense_device,,,False,False,False,False,False,True,1.0,82596,285089348,285089348,0,0,False,unknown,unknown,unknown,unknown,unknown,,14.1186876;14.1054077;14.1051836;14.1021118;14.1052485;14.1072636;14.1032324;14.1041918;14.1051197;14.1052485;14.1038084;14.1052485;14.1052485;14.1052485;14.1021757;14.1011524;14.1052485;14.1041918;14.1032;14.107296,20,14.105225658416748,0.0035357254947022275,14.101152420043945,14.118687629699707,passed,0,0.0,0.0,0.0,0.0,0.0,0.0,0.0,20649,0,full_state,passed,,14.105216026306152,nan,nan,nan,nan,nan,nan,nan,nan,nan,nan,1.9911726471599027
vdha_cudagraph,multiarea_mam,NVIDIA GeForce RTX 5090,2.11.0+cu128,12.8,default,0.15,,0.005,1.0,0,400000000,f6dfa595b7569d2c,1,20649,256,1,21960982,1063.5373141556493,multiarea_mam,1,4692,615.5277770001732,0.5787552244829751,0.31083470928425944,2081.5999999999985,2809.0,1.0,0.0001,0.0001,0.00010007294542108577,0.1,0.10007294542108576,2.06640625,3.0,3,2204.26953125,3498.75,3902,0.015714650618714604,0.015714650618714604,0.12049464295261465,1.45179584120983,sampled_16_timesteps_max_2048_sources,converged,1.5625,0.0001,0.0001000729389488697,7.293894886970041e-08,True,20,SpMV,CUSPARSE_SPMV_ALG_DEFAULT,,nan,torch_cuda_event_cudagraph_replay,gpu_execution,full_rsnn,device_adapted,independent_inference,sparse_only,"(256, 1, 20649)","(256, 1, 20649)",20649,20649,1,1,BN,spmspv_csc_dense_device,spmspv_csc_dense_device,none,False,False,True,0,torch.int64,torch.float32,torch.float32,dense_device,,,False,False,False,False,False,True,1.0,82596,285089348,285089348,0,0,False,unknown,unknown,unknown,unknown,unknown,,7.59852791;7.58588791;7.5837121;7.58278418;7.58540821;7.58441591;7.58540821;7.5819521;7.58492804;7.5809598;7.58585596;7.58745623;7.58652782;7.58489609;7.58748817;7.5823679;7.58339214;7.58544016;7.5823679;7.58544016,20,7.5852608442306515,0.0036086403320362984,7.580959796905518,7.598527908325195,passed,0,0.0,0.0,0.0,0.0,0.0,0.0,0.0,20649,0,full_state,passed,,7.585168123245239,nan,nan,nan,nan,nan,nan,nan,nan,nan,nan,3.702741966627105
persistent_spike_block,multiarea_mam,NVIDIA GeForce RTX 5090,2.11.0+cu128,12.8,default,0.15,,0.005,1.0,0,400000000,f6dfa595b7569d2c,1,20649,256,1,21960982,1063.5373141556493,multiarea_mam,1,4692,615.5277770001732,0.5787552244829751,0.31083470928425944,2081.5999999999985,2809.0,1.0,0.0001,0.0001,0.00010007294542108577,0.1,0.10007294542108576,2.06640625,3.0,3,2204.26953125,3498.75,3902,0.015714650618714604,0.015714650618714604,0.12049464295261465,1.45179584120983,sampled_16_timesteps_max_2048_sources,converged,1.5625,0.0001,0.0001000729389488697,7.293894886970041e-08,True,20,SpMV,CUSPARSE_SPMV_ALG_DEFAULT,,nan,torch_cuda_event,gpu_execution,full_rsnn,device_native,independent_inference,full_fusion,"(256, 1, 20649)","(256, 1, 20649)",20649,20649,1,1,BN,event_csr,event_csr,dense_to_events_precomputed,False,True,True,0,torch.int32,torch.float32,torch.float32,windowed_events,,,False,False,False,False,False,False,1.0,2397004,175938792,175938792,0,0,False,unknown,unknown,unknown,unknown,unknown,,2.25132799;2.19955206;2.20265603;2.19846392;2.20047998;2.19286394;2.20051193;2.1964159;2.20265603;2.19235206;2.19846392;2.19840002;2.20047998;2.2011199;2.20044804;2.20099211;2.2025919;2.20102406;2.20057607;2.19955206,20,2.2020463943481445,0.011934289587664272,2.192352056503296,2.2513279914855957,passed,0,0.0,5.960464477539063e-08,1.4551915228366852e-11,2.9716275662394764e-07,2.910274243816957e-09,2.9716275662394764e-07,2.910274243816957e-09,20649,0,full_state,passed,,2.2004799842834473,nan,nan,nan,nan,nan,nan,12.763542742702137,nan,nan,nan,12.763542742702137
cusparse_direct_cudagraph,multiarea_mam,NVIDIA GeForce RTX 5090,2.11.0+cu128,12.8,default,0.15,,0.005,1.0,0,400000000,da93fd580e6b3765,1,20649,256,1,21960982,1063.5373141556493,multiarea_mam,1,4692,615.5277770001732,0.5787552244829751,0.31083470928425944,2081.5999999999985,2809.0,1.0,0.0002,0.0002,0.0001999567170323018,0.2,0.1999567170323018,4.12890625,5.0,5,4348.50390625,6242.5,9555,0.05940193776987391,0.05940193776987393,0.08115857521766953,1.2109744560075686,sampled_16_timesteps_max_2048_sources,converged,1.5625,0.0002,0.00019995671755168587,4.328244831413989e-08,True,20,SpMV,CUSPARSE_SPMV_ALG_DEFAULT,,nan,torch_cuda_event,gpu_execution,full_rsnn,device_native,independent_inference,sparse_only,"(256, 1, 20649)","(256, 1, 20649)",20649,20649,1,1,BN,csr_post_by_pre,csr_post_by_pre,none,False,False,True,0,torch.int32,torch.float32,torch.float32,dense,,,False,False,False,False,False,True,1.0,85792,218307396,218307396,0,0,False,unknown,unknown,unknown,unknown,unknown,,28.0985279;28.094944;28.0900154;28.0909767;28.0889282;28.0920639;28.0910072;28.0879688;28.0910397;28.0910072;28.0900154;28.0910072;28.0920315;28.0889912;28.0889912;28.0920639;28.0930557;28.0910072;28.0900154;28.0930557,20,28.091335678100585,0.0023643444317329085,28.087968826293945,28.098527908325195,passed,0,0.0,2.9802322387695312e-08,2.3283064365386963e-10,1.4879618959184882e-07,4.652805074556454e-08,1.4879618959184882e-07,4.652805074556454e-08,20649,0,full_state,passed,,28.091007232666016,nan,nan,nan,nan,nan,nan,1.0,nan,nan,nan,1.0
tilespmspv_cudagraph,multiarea_mam,NVIDIA GeForce RTX 5090,2.11.0+cu128,12.8,default,0.15,,0.005,1.0,0,400000000,da93fd580e6b3765,1,20649,256,1,21960982,1063.5373141556493,multiarea_mam,1,4692,615.5277770001732,0.5787552244829751,0.31083470928425944,2081.5999999999985,2809.0,1.0,0.0002,0.0002,0.0001999567170323018,0.2,0.1999567170323018,4.12890625,5.0,5,4348.50390625,6242.5,9555,0.05940193776987391,0.05940193776987393,0.08115857521766953,1.2109744560075686,sampled_16_timesteps_max_2048_sources,converged,1.5625,0.0002,0.00019995671755168587,4.328244831413989e-08,True,20,SpMV,CUSPARSE_SPMV_ALG_DEFAULT,,nan,torch_cuda_event_cudagraph_replay,gpu_execution,full_rsnn,device_adapted,independent_inference,sparse_only,"(256, 1, 20649)","(256, 1, 20649)",20649,20649,1,1,BN,spmspv_csc_dense_device,spmspv_csc_dense_device,none,False,False,True,0,torch.int64,torch.float32,torch.float32,dense_device,,,False,False,False,False,False,True,1.0,82596,285089348,285089348,0,0,False,unknown,unknown,unknown,unknown,unknown,,4.23935986;4.22678423;4.22671986;4.22668791;4.22671986;4.22867203;4.23084784;4.22665596;4.22668791;4.22681618;4.2281599;4.22876787;4.22671986;4.22671986;4.22671986;4.22668791;4.22876787;4.22671986;4.22671986;4.22671986,20,4.227932715415955,0.0029171296713189324,4.226655960083008,4.2393598556518555,passed,0,0.0,0.0,0.0,0.0,0.0,0.0,0.0,20649,0,full_state,passed,,4.226719856262207,nan,nan,nan,nan,nan,nan,nan,nan,nan,nan,6.6460537220244325
globalatomic_cudagraph,multiarea_mam,NVIDIA GeForce RTX 5090,2.11.0+cu128,12.8,default,0.15,,0.005,1.0,0,400000000,da93fd580e6b3765,1,20649,256,1,21960982,1063.5373141556493,multiarea_mam,1,4692,615.5277770001732,0.5787552244829751,0.31083470928425944,2081.5999999999985,2809.0,1.0,0.0002,0.0002,0.0001999567170323018,0.2,0.1999567170323018,4.12890625,5.0,5,4348.50390625,6242.5,9555,0.05940193776987391,0.05940193776987393,0.08115857521766953,1.2109744560075686,sampled_16_timesteps_max_2048_sources,converged,1.5625,0.0002,0.00019995671755168587,4.328244831413989e-08,True,20,SpMV,CUSPARSE_SPMV_ALG_DEFAULT,,nan,torch_cuda_event_cudagraph_replay,gpu_execution,full_rsnn,device_adapted,independent_inference,sparse_only,"(256, 1, 20649)","(256, 1, 20649)",20649,20649,1,1,BN,spmspv_csc_dense_device,spmspv_csc_dense_device,none,False,False,True,0,torch.int64,torch.float32,torch.float32,dense_device,,,False,False,False,False,False,True,1.0,82596,285089348,285089348,0,0,False,unknown,unknown,unknown,unknown,unknown,,14.11936;14.1075516;14.1031036;14.1021442;14.1031675;14.10112;14.1032324;14.1000957;14.1032324;14.0990076;14.1036797;14.10112;14.1032;14.1052485;14.1021442;14.10112;14.1032;14.1021757;14.1032;14.107296,20,14.10371994972229,0.004226233189386544,14.099007606506348,14.119359970092773,passed,0,0.0,0.0,0.0,0.0,0.0,0.0,0.0,20649,0,full_state,passed,,14.10318374633789,nan,nan,nan,nan,nan,nan,nan,nan,nan,nan,1.9918202682398065
vdha_cudagraph,multiarea_mam,NVIDIA GeForce RTX 5090,2.11.0+cu128,12.8,default,0.15,,0.005,1.0,0,400000000,da93fd580e6b3765,1,20649,256,1,21960982,1063.5373141556493,multiarea_mam,1,4692,615.5277770001732,0.5787552244829751,0.31083470928425944,2081.5999999999985,2809.0,1.0,0.0002,0.0002,0.0001999567170323018,0.2,0.1999567170323018,4.12890625,5.0,5,4348.50390625,6242.5,9555,0.05940193776987391,0.05940193776987393,0.08115857521766953,1.2109744560075686,sampled_16_timesteps_max_2048_sources,converged,1.5625,0.0002,0.00019995671755168587,4.328244831413989e-08,True,20,SpMV,CUSPARSE_SPMV_ALG_DEFAULT,,nan,torch_cuda_event_cudagraph_replay,gpu_execution,full_rsnn,device_adapted,independent_inference,sparse_only,"(256, 1, 20649)","(256, 1, 20649)",20649,20649,1,1,BN,spmspv_csc_dense_device,spmspv_csc_dense_device,none,False,False,True,0,torch.int64,torch.float32,torch.float32,dense_device,,,False,False,False,False,False,True,1.0,82596,285089348,285089348,0,0,False,unknown,unknown,unknown,unknown,unknown,,7.61446381;7.60192013;7.60291195;7.60175991;7.59974384;7.60025597;7.59974384;7.60019207;7.59702396;7.59904003;7.60275221;7.59772778;7.60179186;7.60444784;7.59772778;7.60080004;7.60182381;7.59772778;7.60080004;7.59977579,20,7.601121520996093,0.003699469918084967,7.597023963928223,7.614463806152344,passed,0,0.0,0.0,0.0,0.0,0.0,0.0,0.0,20649,0,full_state,passed,,7.600528001785278,nan,nan,nan,nan,nan,nan,nan,nan,nan,nan,3.6959283915627643
persistent_spike_block,multiarea_mam,NVIDIA GeForce RTX 5090,2.11.0+cu128,12.8,default,0.15,,0.005,1.0,0,400000000,da93fd580e6b3765,1,20649,256,1,21960982,1063.5373141556493,multiarea_mam,1,4692,615.5277770001732,0.5787552244829751,0.31083470928425944,2081.5999999999985,2809.0,1.0,0.0002,0.0002,0.0001999567170323018,0.2,0.1999567170323018,4.12890625,5.0,5,4348.50390625,6242.5,9555,0.05940193776987391,0.05940193776987393,0.08115857521766953,1.2109744560075686,sampled_16_timesteps_max_2048_sources,converged,1.5625,0.0002,0.00019995671755168587,4.328244831413989e-08,True,20,SpMV,CUSPARSE_SPMV_ALG_DEFAULT,,nan,torch_cuda_event,gpu_execution,full_rsnn,device_native,independent_inference,full_fusion,"(256, 1, 20649)","(256, 1, 20649)",20649,20649,1,1,BN,event_csr,event_csr,dense_to_events_precomputed,False,True,True,0,torch.int32,torch.float32,torch.float32,windowed_events,,,False,False,False,False,False,False,1.0,2397004,175940904,175940904,0,0,False,unknown,unknown,unknown,unknown,unknown,,2.36560011;2.32089591;2.32540798;2.31766391;2.32553601;2.32339191;2.32140803;2.31977606;2.31952;2.32028794;2.32550406;2.32179189;2.32131195;2.31980801;2.32550406;2.3173759;2.32547212;2.32182407;2.32038403;2.31936002,20,2.3238911986351014,0.010163968505035228,2.317375898361206,2.365600109100342,passed,0,0.0,2.9802322387695312e-08,8.731149137020111e-11,1.4879618959184882e-07,1.745946320852454e-08,1.4879618959184882e-07,1.745946320852454e-08,20649,0,full_state,passed,,2.3213599920272827,nan,nan,nan,nan,nan,nan,12.101099066557818,nan,nan,nan,12.101099066557818
cusparse_direct_cudagraph,multiarea_mam,NVIDIA GeForce RTX 5090,2.11.0+cu128,12.8,default,0.15,,0.005,1.0,0,400000000,2c8c0092f197321a,1,20649,256,1,21960982,1063.5373141556493,multiarea_mam,1,4692,615.5277770001732,0.5787552244829751,0.31083470928425944,2081.5999999999985,2809.0,1.0,0.0005,0.0005,0.0004999863794856894,0.5,0.4999863794856894,10.32421875,11.0,14,10963.875,14789.5,18050,0.17941742064131463,0.17941742064131463,0.04995327752136565,1.356034808929247,sampled_16_timesteps_max_2048_sources,converged,1.5625,0.0005,0.000499986344948411,1.3655051589022554e-08,True,20,SpMV,CUSPARSE_SPMV_ALG_DEFAULT,,nan,torch_cuda_event,gpu_execution,full_rsnn,device_native,independent_inference,sparse_only,"(256, 1, 20649)","(256, 1, 20649)",20649,20649,1,1,BN,csr_post_by_pre,csr_post_by_pre,none,False,False,True,0,torch.int32,torch.float32,torch.float32,dense,,,False,False,False,False,False,True,1.0,85792,218307396,218307396,0,0,False,unknown,unknown,unknown,unknown,unknown,,28.0909767;28.0703049;28.0756798;28.0807686;28.0746555;28.0756474;28.0787525;28.0777283;28.0787525;28.0746555;28.0797768;28.076704;28.0766716;28.0817928;28.0787201;28.0776958;28.0766716;28.0828152;28.0776958;28.0787525,20,28.078260898590088,0.004075708183127358,28.07030487060547,28.09097671508789,passed,0,0.0,5.960464477539063e-08,5.820766091346741e-10,2.968620833598834e-07,1.1633180463377357e-07,2.968620833598834e-07,1.1633180463377357e-07,20649,0,full_state,passed,,28.077712059020996,nan,nan,nan,nan,nan,nan,1.0,nan,nan,nan,1.0
tilespmspv_cudagraph,multiarea_mam,NVIDIA GeForce RTX 5090,2.11.0+cu128,12.8,default,0.15,,0.005,1.0,0,400000000,2c8c0092f197321a,1,20649,256,1,21960982,1063.5373141556493,multiarea_mam,1,4692,615.5277770001732,0.5787552244829751,0.31083470928425944,2081.5999999999985,2809.0,1.0,0.0005,0.0005,0.0004999863794856894,0.5,0.4999863794856894,10.32421875,11.0,14,10963.875,14789.5,18050,0.17941742064131463,0.17941742064131463,0.04995327752136565,1.356034808929247,sampled_16_timesteps_max_2048_sources,converged,1.5625,0.0005,0.000499986344948411,1.3655051589022554e-08,True,20,SpMV,CUSPARSE_SPMV_ALG_DEFAULT,,nan,torch_cuda_event_cudagraph_replay,gpu_execution,full_rsnn,device_adapted,independent_inference,sparse_only,"(256, 1, 20649)","(256, 1, 20649)",20649,20649,1,1,BN,spmspv_csc_dense_device,spmspv_csc_dense_device,none,False,False,True,0,torch.int64,torch.float32,torch.float32,dense_device,,,False,False,False,False,False,True,1.0,82596,285089348,285089348,0,0,False,unknown,unknown,unknown,unknown,unknown,,4.47100782;4.45798397;4.46176004;4.45763206;4.4584322;4.45939207;4.45763206;4.45955181;4.45916796;4.45814419;4.45964813;4.45609617;4.45814419;4.45606422;4.45609617;4.45401621;4.45510387;4.4601922;4.45814419;4.45814419,20,4.458617687225342,0.003439234273787687,4.454016208648682,4.471007823944092,passed,0,0.0,4.656612873077393e-10,5.820766091346741e-11,2.3281963024146535e-09,1.1639446739764026e-08,2.3281963024146535e-09,1.1639446739764026e-08,20649,0,full_state,passed,,4.458144187927246,nan,nan,nan,nan,nan,nan,nan,nan,nan,nan,6.298071770548845
globalatomic_cudagraph,multiarea_mam,NVIDIA GeForce RTX 5090,2.11.0+cu128,12.8,default,0.15,,0.005,1.0,0,400000000,2c8c0092f197321a,1,20649,256,1,21960982,1063.5373141556493,multiarea_mam,1,4692,615.5277770001732,0.5787552244829751,0.31083470928425944,2081.5999999999985,2809.0,1.0,0.0005,0.0005,0.0004999863794856894,0.5,0.4999863794856894,10.32421875,11.0,14,10963.875,14789.5,18050,0.17941742064131463,0.17941742064131463,0.04995327752136565,1.356034808929247,sampled_16_timesteps_max_2048_sources,converged,1.5625,0.0005,0.000499986344948411,1.3655051589022554e-08,True,20,SpMV,CUSPARSE_SPMV_ALG_DEFAULT,,nan,torch_cuda_event_cudagraph_replay,gpu_execution,full_rsnn,device_adapted,independent_inference,sparse_only,"(256, 1, 20649)","(256, 1, 20649)",20649,20649,1,1,BN,spmspv_csc_dense_device,spmspv_csc_dense_device,none,False,False,True,0,torch.int64,torch.float32,torch.float32,dense_device,,,False,False,False,False,False,True,1.0,82596,285089348,285089348,0,0,False,unknown,unknown,unknown,unknown,unknown,,14.0901756;14.0972481;14.1093121;14.1103678;14.1092796;14.1134081;14.1114559;14.1104002;14.1092157;14.1133757;14.1118717;14.107296;14.111392;14.1093121;14.1062717;14.107296;14.107296;14.107296;14.1082878;14.107296,20,14.107892704010009,0.005395612298650605,14.09017562866211,14.113408088684082,passed,0,0.0,4.656612873077393e-10,5.820766091346741e-11,2.3282198391427755e-09,1.1640166164283983e-08,2.3282198391427755e-09,1.1640166164283983e-08,20649,0,full_state,passed,,14.10924768447876,nan,nan,nan,nan,nan,nan,nan,nan,nan,nan,1.9900219123595515
vdha_cudagraph,multiarea_mam,NVIDIA GeForce RTX 5090,2.11.0+cu128,12.8,default,0.15,,0.005,1.0,0,400000000,2c8c0092f197321a,1,20649,256,1,21960982,1063.5373141556493,multiarea_mam,1,4692,615.5277770001732,0.5787552244829751,0.31083470928425944,2081.5999999999985,2809.0,1.0,0.0005,0.0005,0.0004999863794856894,0.5,0.4999863794856894,10.32421875,11.0,14,10963.875,14789.5,18050,0.17941742064131463,0.17941742064131463,0.04995327752136565,1.356034808929247,sampled_16_timesteps_max_2048_sources,converged,1.5625,0.0005,0.000499986344948411,1.3655051589022554e-08,True,20,SpMV,CUSPARSE_SPMV_ALG_DEFAULT,,nan,torch_cuda_event_cudagraph_replay,gpu_execution,full_rsnn,device_adapted,independent_inference,sparse_only,"(256, 1, 20649)","(256, 1, 20649)",20649,20649,1,1,BN,spmspv_csc_dense_device,spmspv_csc_dense_device,none,False,False,True,0,torch.int64,torch.float32,torch.float32,dense_device,,,False,False,False,False,False,True,1.0,82596,285089348,285089348,0,0,False,unknown,unknown,unknown,unknown,unknown,,8.11583996;8.10307217;8.09948826;8.10076809;8.10572815;8.09868813;8.10313606;8.10009575;8.1014719;8.10156822;8.10092831;8.10108757;8.1015358;8.10095978;8.10256004;8.09945583;8.10358429;8.1015358;8.09948826;8.10358429,20,8.102228832244872,0.0036370332161822084,8.098688125610352,8.115839958190918,passed,0,0.0,4.656612873077393e-10,5.820766091346741e-11,2.3282173966521214e-09,1.1639815333808201e-08,2.3282173966521214e-09,1.1639815333808201e-08,20649,0,full_state,passed,,8.101503849029541,nan,nan,nan,nan,nan,nan,nan,nan,nan,nan,3.4657407540927547
persistent_spike_block,multiarea_mam,NVIDIA GeForce RTX 5090,2.11.0+cu128,12.8,default,0.15,,0.005,1.0,0,400000000,2c8c0092f197321a,1,20649,256,1,21960982,1063.5373141556493,multiarea_mam,1,4692,615.5277770001732,0.5787552244829751,0.31083470928425944,2081.5999999999985,2809.0,1.0,0.0005,0.0005,0.0004999863794856894,0.5,0.4999863794856894,10.32421875,11.0,14,10963.875,14789.5,18050,0.17941742064131463,0.17941742064131463,0.04995327752136565,1.356034808929247,sampled_16_timesteps_max_2048_sources,converged,1.5625,0.0005,0.000499986344948411,1.3655051589022554e-08,True,20,SpMV,CUSPARSE_SPMV_ALG_DEFAULT,,nan,torch_cuda_event,gpu_execution,full_rsnn,device_native,independent_inference,full_fusion,"(256, 1, 20649)","(256, 1, 20649)",20649,20649,1,1,BN,event_csr,event_csr,dense_to_events_precomputed,False,True,True,0,torch.int32,torch.float32,torch.float32,windowed_events,,,False,False,False,False,False,False,1.0,2397004,175947248,175947248,0,0,False,unknown,unknown,unknown,unknown,unknown,,2.62857604;2.57308793;2.57740808;2.57110405;2.5804801;2.57385612;2.57529593;2.57110405;2.58259201;2.57315207;2.57529593;2.5732801;2.57536006;2.57484794;2.56924796;2.5757761;2.57961607;2.5697279;2.57740808;2.57536006,20,2.577628827095032,0.012473948606835776,2.5692479610443115,2.6285760402679443,passed,0,0.0,5.960464477539063e-08,1.1641532182693481e-10,2.968620833598834e-07,2.3272830773635178e-08,2.968620833598834e-07,2.3272830773635178e-08,20649,0,full_state,passed,,2.575295925140381,nan,nan,nan,nan,nan,nan,10.902712882400287,nan,nan,nan,10.902712882400287
cusparse_direct_cudagraph,multiarea_mam,NVIDIA GeForce RTX 5090,2.11.0+cu128,12.8,default,0.15,,0.005,1.0,0,400000000,6dc00df68ec28556,1,20649,256,1,21960982,1063.5373141556493,multiarea_mam,1,4692,615.5277770001732,0.5787552244829751,0.31083470928425944,2081.5999999999985,2809.0,1.0,0.001,0.001,0.0009999727589713788,1.0,0.9999727589713788,20.6484375,21.0,37,21945.640625,26321.5,40633,0.3163890266287711,0.31638902662877105,0.05501563648698321,1.7919031403707908,sampled_16_timesteps_max_2048_sources,converged,1.5625,0.001,0.000999972689896822,2.731010317804511e-08,True,20,SpMV,CUSPARSE_SPMV_ALG_DEFAULT,,nan,torch_cuda_event,gpu_execution,full_rsnn,device_native,independent_inference,sparse_only,"(256, 1, 20649)","(256, 1, 20649)",20649,20649,1,1,BN,csr_post_by_pre,csr_post_by_pre,none,False,False,True,0,torch.int32,torch.float32,torch.float32,dense,,,False,False,False,False,False,True,1.0,85792,218307396,218307396,0,0,False,unknown,unknown,unknown,unknown,unknown,,28.0816002;28.0723515;28.0797768;28.070528;28.0746231;28.0715847;28.0787201;28.0777283;28.0787525;28.0787201;28.0776958;28.0787201;28.0787201;28.0777283;28.076704;28.0756474;28.0746231;28.0746231;28.0756798;28.0766716,20,28.076559925079344,0.0028560898715485426,28.070528030395508,28.081600189208984,passed,0,0.0,1.1920928955078125e-07,4.656612873077393e-10,5.936227012171003e-07,9.304811499077914e-08,5.936227012171003e-07,9.304811499077914e-08,20649,0,full_state,passed,,28.077199935913086,nan,nan,nan,nan,nan,nan,1.0,nan,nan,nan,1.0
tilespmspv_cudagraph,multiarea_mam,NVIDIA GeForce RTX 5090,2.11.0+cu128,12.8,default,0.15,,0.005,1.0,0,400000000,6dc00df68ec28556,1,20649,256,1,21960982,1063.5373141556493,multiarea_mam,1,4692,615.5277770001732,0.5787552244829751,0.31083470928425944,2081.5999999999985,2809.0,1.0,0.001,0.001,0.0009999727589713788,1.0,0.9999727589713788,20.6484375,21.0,37,21945.640625,26321.5,40633,0.3163890266287711,0.31638902662877105,0.05501563648698321,1.7919031403707908,sampled_16_timesteps_max_2048_sources,converged,1.5625,0.001,0.000999972689896822,2.731010317804511e-08,True,20,SpMV,CUSPARSE_SPMV_ALG_DEFAULT,,nan,torch_cuda_event_cudagraph_replay,gpu_execution,full_rsnn,device_adapted,independent_inference,sparse_only,"(256, 1, 20649)","(256, 1, 20649)",20649,20649,1,1,BN,spmspv_csc_dense_device,spmspv_csc_dense_device,none,False,False,True,0,torch.int64,torch.float32,torch.float32,dense_device,,,False,False,False,False,False,True,1.0,82596,285089348,285089348,0,0,False,unknown,unknown,unknown,unknown,unknown,,4.71126413;4.71036816;4.70991993;4.71203184;4.71305609;4.71209621;4.7100482;4.7100482;4.70688009;4.70790386;4.71161604;4.7100482;4.71107197;4.70595217;4.7100482;4.71414423;4.71107197;4.71209621;4.71209621;4.71209621,20,4.7106929063797,0.0019972140907291527,4.705952167510986,4.714144229888916,passed,0,0.0,7.450580596923828e-09,2.3283064365386963e-10,3.72144661753282e-08,4.6534413655763274e-08,3.72144661753282e-08,4.6534413655763274e-08,20649,0,full_state,passed,,4.711071968078613,nan,nan,nan,nan,nan,nan,nan,nan,nan,nan,5.959832523501913
globalatomic_cudagraph,multiarea_mam,NVIDIA GeForce RTX 5090,2.11.0+cu128,12.8,default,0.15,,0.005,1.0,0,400000000,6dc00df68ec28556,1,20649,256,1,21960982,1063.5373141556493,multiarea_mam,1,4692,615.5277770001732,0.5787552244829751,0.31083470928425944,2081.5999999999985,2809.0,1.0,0.001,0.001,0.0009999727589713788,1.0,0.9999727589713788,20.6484375,21.0,37,21945.640625,26321.5,40633,0.3163890266287711,0.31638902662877105,0.05501563648698321,1.7919031403707908,sampled_16_timesteps_max_2048_sources,converged,1.5625,0.001,0.000999972689896822,2.731010317804511e-08,True,20,SpMV,CUSPARSE_SPMV_ALG_DEFAULT,,nan,torch_cuda_event_cudagraph_replay,gpu_execution,full_rsnn,device_adapted,independent_inference,sparse_only,"(256, 1, 20649)","(256, 1, 20649)",20649,20649,1,1,BN,spmspv_csc_dense_device,spmspv_csc_dense_device,none,False,False,True,0,torch.int64,torch.float32,torch.float32,dense_device,,,False,False,False,False,False,True,1.0,82596,285089348,285089348,0,0,False,unknown,unknown,unknown,unknown,unknown,,14.127264;14.1176958;14.1174402;14.1185284;14.1174717;14.1175356;14.1195517;14.1205759;14.1196156;14.1153603;14.1149759;14.1185598;14.1175356;14.1154881;14.1144638;14.1154881;14.1154881;14.1154881;14.1144323;14.1175356,20,14.117524719238281,0.0029151824898535727,14.114432334899902,14.127264022827148,passed,0,0.0,7.450580596923828e-09,1.1641532182693481e-10,3.721799046729757e-08,2.3278055039099854e-08,3.721799046729757e-08,2.3278055039099854e-08,20649,0,full_state,passed,,14.117503643035889,nan,nan,nan,nan,nan,nan,nan,nan,nan,nan,1.9888218658093608
vdha_cudagraph,multiarea_mam,NVIDIA GeForce RTX 5090,2.11.0+cu128,12.8,default,0.15,,0.005,1.0,0,400000000,6dc00df68ec28556,1,20649,256,1,21960982,1063.5373141556493,multiarea_mam,1,4692,615.5277770001732,0.5787552244829751,0.31083470928425944,2081.5999999999985,2809.0,1.0,0.001,0.001,0.0009999727589713788,1.0,0.9999727589713788,20.6484375,21.0,37,21945.640625,26321.5,40633,0.3163890266287711,0.31638902662877105,0.05501563648698321,1.7919031403707908,sampled_16_timesteps_max_2048_sources,converged,1.5625,0.001,0.000999972689896822,2.731010317804511e-08,True,20,SpMV,CUSPARSE_SPMV_ALG_DEFAULT,,nan,torch_cuda_event_cudagraph_replay,gpu_execution,full_rsnn,device_adapted,independent_inference,sparse_only,"(256, 1, 20649)","(256, 1, 20649)",20649,20649,1,1,BN,spmspv_csc_dense_device,spmspv_csc_dense_device,none,False,False,True,0,torch.int64,torch.float32,torch.float32,dense_device,,,False,False,False,False,False,True,1.0,82596,285089348,285089348,0,0,False,unknown,unknown,unknown,unknown,unknown,,8.12307167;8.10991955;8.10908794;8.10912037;8.10966396;8.10556793;8.10688019;8.11001587;8.10969639;8.10732841;8.10912037;8.10713577;8.10560036;8.10924816;8.10249615;8.10556793;8.10972786;8.10768032;8.10358429;8.10768032,20,8.108409690856934,0.0040747365081598525,8.102496147155762,8.123071670532227,passed,0,0.0,7.450580596923828e-09,1.1641532182693481e-10,3.72144661753282e-08,2.3278055039099854e-08,3.72144661753282e-08,2.3278055039099854e-08,20649,0,full_state,passed,,8.108384132385254,nan,nan,nan,nan,nan,nan,nan,nan,nan,nan,3.4627367768346686
persistent_spike_block,multiarea_mam,NVIDIA GeForce RTX 5090,2.11.0+cu128,12.8,default,0.15,,0.005,1.0,0,400000000,6dc00df68ec28556,1,20649,256,1,21960982,1063.5373141556493,multiarea_mam,1,4692,615.5277770001732,0.5787552244829751,0.31083470928425944,2081.5999999999985,2809.0,1.0,0.001,0.001,0.0009999727589713788,1.0,0.9999727589713788,20.6484375,21.0,37,21945.640625,26321.5,40633,0.3163890266287711,0.31638902662877105,0.05501563648698321,1.7919031403707908,sampled_16_timesteps_max_2048_sources,converged,1.5625,0.001,0.000999972689896822,2.731010317804511e-08,True,20,SpMV,CUSPARSE_SPMV_ALG_DEFAULT,,nan,torch_cuda_event,gpu_execution,full_rsnn,device_native,independent_inference,full_fusion,"(256, 1, 20649)","(256, 1, 20649)",20649,20649,1,1,BN,event_csr,event_csr,dense_to_events_precomputed,False,True,True,0,torch.int32,torch.float32,torch.float32,windowed_events,,,False,False,False,False,False,False,1.0,2397004,175957820,175957820,0,0,False,unknown,unknown,unknown,unknown,unknown,,3.93747211;3.87583995;3.88659191;3.87273598;3.87567997;3.87897611;3.87273598;3.88095999;3.87577605;3.87484789;3.87987208;3.87276793;3.87987208;3.87155199;3.87766409;3.87059212;3.8747201;3.88089609;3.88400006;3.87481594,20,3.8799184203147887,0.014185693808287048,3.8705921173095703,3.937472105026245,passed,0,0.0,8.940696716308594e-08,4.656612873077393e-10,4.4620497874348075e-07,9.298252479084113e-08,4.4620497874348075e-07,9.298252479084113e-08,20649,0,full_state,passed,,3.875808000564575,nan,nan,nan,nan,nan,nan,7.244218478269094,nan,nan,nan,7.244218478269094
cusparse_direct_cudagraph,multiarea_mam,NVIDIA GeForce RTX 5090,2.11.0+cu128,12.8,default,0.15,,0.005,1.0,0,400000000,015aaa28cac2ae6a,1,20649,256,1,21960982,1063.5373141556493,multiarea_mam,1,4692,615.5277770001732,0.5787552244829751,0.31083470928425944,2081.5999999999985,2809.0,1.0,0.002,0.002,0.0019999455179427576,2.0,1.9999455179427577,41.296875,42.0,80,43878.84375,49117.75,83803,0.5402407754648559,0.5402407754648562,0.06914639913969595,1.9371925841846387,sampled_16_timesteps_max_2048_sources,converged,1.5625,0.002,0.001999945379793644,5.462020635609022e-08,True,20,SpMV,CUSPARSE_SPMV_ALG_DEFAULT,,nan,torch_cuda_event,gpu_execution,full_rsnn,device_native,independent_inference,sparse_only,"(256, 1, 20649)","(256, 1, 20649)",20649,20649,1,1,BN,csr_post_by_pre,csr_post_by_pre,none,False,False,True,0,torch.int32,torch.float32,torch.float32,dense,,,False,False,False,False,False,True,1.0,85792,218307396,218307396,0,0,False,unknown,unknown,unknown,unknown,unknown,,28.0804157;28.0743675;28.0756474;28.0725765;28.0766716;28.0776958;28.0787525;28.0715523;28.0725765;28.0705605;28.0776958;28.0807991;28.076704;28.0776958;28.0746231;28.0776958;28.0766392;28.0766716;28.0695038;28.076704,20,28.075777435302733,0.0031002416836568387,28.069503784179688,28.080799102783203,passed,0,0.0,1.1920928955078125e-07,9.313225746154785e-10,5.933001148150652e-07,1.8584958638712124e-07,5.933001148150652e-07,1.8584958638712124e-07,20649,0,full_state,passed,,28.076671600341797,nan,nan,nan,nan,nan,nan,1.0,nan,nan,nan,1.0
tilespmspv_cudagraph,multiarea_mam,NVIDIA GeForce RTX 5090,2.11.0+cu128,12.8,default,0.15,,0.005,1.0,0,400000000,015aaa28cac2ae6a,1,20649,256,1,21960982,1063.5373141556493,multiarea_mam,1,4692,615.5277770001732,0.5787552244829751,0.31083470928425944,2081.5999999999985,2809.0,1.0,0.002,0.002,0.0019999455179427576,2.0,1.9999455179427577,41.296875,42.0,80,43878.84375,49117.75,83803,0.5402407754648559,0.5402407754648562,0.06914639913969595,1.9371925841846387,sampled_16_timesteps_max_2048_sources,converged,1.5625,0.002,0.001999945379793644,5.462020635609022e-08,True,20,SpMV,CUSPARSE_SPMV_ALG_DEFAULT,,nan,torch_cuda_event_cudagraph_replay,gpu_execution,full_rsnn,device_adapted,independent_inference,sparse_only,"(256, 1, 20649)","(256, 1, 20649)",20649,20649,1,1,BN,spmspv_csc_dense_device,spmspv_csc_dense_device,none,False,False,True,0,torch.int64,torch.float32,torch.float32,dense_device,,,False,False,False,False,False,True,1.0,82596,285089348,285089348,0,0,False,unknown,unknown,unknown,unknown,unknown,,4.87657595;4.86800003;4.86313581;4.86681604;4.86771202;4.86780787;4.86662388;4.86793613;4.86566401;4.86457586;4.86511993;4.86569595;4.86259222;4.86569595;4.86569595;4.86262417;4.86569595;4.86569595;4.8605442;4.86774397,20,4.8660975933074955,0.003195894814572659,4.860544204711914,4.876575946807861,passed,0,0.0,2.9802322387695312e-08,4.656612873077393e-10,1.488398311266792e-07,9.307731829721888e-08,1.488398311266792e-07,9.307731829721888e-08,20649,0,full_state,passed,,4.865695953369141,nan,nan,nan,nan,nan,nan,nan,nan,nan,nan,5.770330055436519
globalatomic_cudagraph,multiarea_mam,NVIDIA GeForce RTX 5090,2.11.0+cu128,12.8,default,0.15,,0.005,1.0,0,400000000,015aaa28cac2ae6a,1,20649,256,1,21960982,1063.5373141556493,multiarea_mam,1,4692,615.5277770001732,0.5787552244829751,0.31083470928425944,2081.5999999999985,2809.0,1.0,0.002,0.002,0.0019999455179427576,2.0,1.9999455179427577,41.296875,42.0,80,43878.84375,49117.75,83803,0.5402407754648559,0.5402407754648562,0.06914639913969595,1.9371925841846387,sampled_16_timesteps_max_2048_sources,converged,1.5625,0.002,0.001999945379793644,5.462020635609022e-08,True,20,SpMV,CUSPARSE_SPMV_ALG_DEFAULT,,nan,torch_cuda_event_cudagraph_replay,gpu_execution,full_rsnn,device_adapted,independent_inference,sparse_only,"(256, 1, 20649)","(256, 1, 20649)",20649,20649,1,1,BN,spmspv_csc_dense_device,spmspv_csc_dense_device,none,False,False,True,0,torch.int64,torch.float32,torch.float32,dense_device,,,False,False,False,False,False,True,1.0,82596,285089348,285089348,0,0,False,unknown,unknown,unknown,unknown,unknown,,14.1445122;14.1320963;14.1338558;14.1330242;14.135808;14.1359358;14.1359682;14.1349764;14.1337605;14.1338882;14.13344;14.1328964;14.1359358;14.1318722;14.1339197;14.134944;14.1359682;14.1359682;14.1328964;14.1339197,20,14.13477931022644,0.002661078430170941,14.131872177124023,14.144512176513672,passed,0,0.0,5.960464477539063e-08,4.656612873077393e-10,2.975822610551404e-07,9.304939396770351e-08,2.975822610551404e-07,9.304939396770351e-08,20649,0,full_state,passed,,14.133919715881348,nan,nan,nan,nan,nan,nan,nan,nan,nan,nan,1.9864745353544002
vdha_cudagraph,multiarea_mam,NVIDIA GeForce RTX 5090,2.11.0+cu128,12.8,default,0.15,,0.005,1.0,0,400000000,015aaa28cac2ae6a,1,20649,256,1,21960982,1063.5373141556493,multiarea_mam,1,4692,615.5277770001732,0.5787552244829751,0.31083470928425944,2081.5999999999985,2809.0,1.0,0.002,0.002,0.0019999455179427576,2.0,1.9999455179427577,41.296875,42.0,80,43878.84375,49117.75,83803,0.5402407754648559,0.5402407754648562,0.06914639913969595,1.9371925841846387,sampled_16_timesteps_max_2048_sources,converged,1.5625,0.002,0.001999945379793644,5.462020635609022e-08,True,20,SpMV,CUSPARSE_SPMV_ALG_DEFAULT,,nan,torch_cuda_event_cudagraph_replay,gpu_execution,full_rsnn,device_adapted,independent_inference,sparse_only,"(256, 1, 20649)","(256, 1, 20649)",20649,20649,1,1,BN,spmspv_csc_dense_device,spmspv_csc_dense_device,none,False,False,True,0,torch.int64,torch.float32,torch.float32,dense_device,,,False,False,False,False,False,True,1.0,82596,285089348,285089348,0,0,False,unknown,unknown,unknown,unknown,unknown,,8.35526371;8.34086418;8.34272003;8.34332848;8.33913612;8.34118366;8.34460831;8.34105587;8.34332848;8.34105587;8.3390398;8.34310436;8.34319973;8.33859158;8.34319973;8.34111977;8.34115219;8.33705616;8.33705616;8.3452158,20,8.342063999176025,0.003865046011161251,8.337056159973145,8.355263710021973,passed,0,0.0,1.1175870895385742e-08,4.656612873077393e-10,5.5855021940942606e-08,9.304939396770351e-08,5.5855021940942606e-08,9.304939396770351e-08,20649,0,full_state,passed,,8.34116792678833,nan,nan,nan,nan,nan,nan,nan,nan,nan,nan,3.3660360091985817
persistent_spike_block,multiarea_mam,NVIDIA GeForce RTX 5090,2.11.0+cu128,12.8,default,0.15,,0.005,1.0,0,400000000,015aaa28cac2ae6a,1,20649,256,1,21960982,1063.5373141556493,multiarea_mam,1,4692,615.5277770001732,0.5787552244829751,0.31083470928425944,2081.5999999999985,2809.0,1.0,0.002,0.002,0.0019999455179427576,2.0,1.9999455179427577,41.296875,42.0,80,43878.84375,49117.75,83803,0.5402407754648559,0.5402407754648562,0.06914639913969595,1.9371925841846387,sampled_16_timesteps_max_2048_sources,converged,1.5625,0.002,0.001999945379793644,5.462020635609022e-08,True,20,SpMV,CUSPARSE_SPMV_ALG_DEFAULT,,nan,torch_cuda_event,gpu_execution,full_rsnn,device_native,independent_inference,full_fusion,"(256, 1, 20649)","(256, 1, 20649)",20649,20649,1,1,BN,event_csr,event_csr,dense_to_events_precomputed,False,True,True,0,torch.int32,torch.float32,torch.float32,windowed_events,,,False,False,False,False,False,False,1.0,2397004,175978964,175978964,0,0,False,unknown,unknown,unknown,unknown,unknown,,4.41606379;4.3798399;4.36835194;4.37641621;4.3671999;4.37247992;4.37593603;4.37247992;4.36924791;4.37247992;4.36732817;4.37555218;4.37545586;4.37446404;4.37459183;4.37862396;4.36726379;4.37644815;4.37350416;4.37862396,20,4.375617575645447,0.010291446567202796,4.367199897766113,4.4160637855529785,passed,0,0.0,8.940696716308594e-08,9.313225746154785e-10,4.4589367576008954e-07,1.8586935368603008e-07,4.4589367576008954e-07,1.8586935368603008e-07,20649,0,full_state,passed,,4.374527931213379,nan,nan,nan,nan,nan,nan,6.418217472108829,nan,nan,nan,6.418217472108829
cusparse_direct_cudagraph,multiarea_mam,NVIDIA GeForce RTX 5090,2.11.0+cu128,12.8,default,0.15,,0.005,1.0,0,400000000,85c413c5b78f0ba2,1,20649,256,1,21960982,1063.5373141556493,multiarea_mam,1,4692,615.5277770001732,0.5787552244829751,0.31083470928425944,2081.5999999999985,2809.0,1.0,0.005,0.005,0.005000052968666764,5.0,5.000052968666764,103.24609375,102.0,204,109828.78125,114326.0,215934,0.810565633807924,0.810565633807924,0.11761791370694244,1.9758616775755742,sampled_16_timesteps_max_2048_sources,converged,1.5625,0.005,0.005000052973628044,5.2973628044024335e-08,True,20,SpMV,CUSPARSE_SPMV_ALG_DEFAULT,,nan,torch_cuda_event,gpu_execution,full_rsnn,device_native,independent_inference,sparse_only,"(256, 1, 20649)","(256, 1, 20649)",20649,20649,1,1,BN,csr_post_by_pre,csr_post_by_pre,none,False,False,True,0,torch.int32,torch.float32,torch.float32,dense,,,False,False,False,False,False,True,1.0,85792,218307396,218307396,0,0,False,unknown,unknown,unknown,unknown,unknown,,28.1160316;28.0685444;28.0756168;28.0746555;28.0684795;28.0695038;28.0746231;28.0715523;28.0828152;28.0705605;28.0736008;28.0787525;28.0807686;28.0715523;28.0746231;28.0756474;28.0746555;28.0787525;28.0756798;28.0787201,20,28.076756763458253,0.010052103238726849,28.068479537963867,28.116031646728516,passed,0,0.0,1.1920928955078125e-07,1.3969838619232178e-09,5.935573881288292e-07,2.788796678032668e-07,5.935573881288292e-07,2.788796678032668e-07,20649,0,full_state,passed,,28.074655532836914,nan,nan,nan,nan,nan,nan,1.0,nan,nan,nan,1.0
tilespmspv_cudagraph,multiarea_mam,NVIDIA GeForce RTX 5090,2.11.0+cu128,12.8,default,0.15,,0.005,1.0,0,400000000,85c413c5b78f0ba2,1,20649,256,1,21960982,1063.5373141556493,multiarea_mam,1,4692,615.5277770001732,0.5787552244829751,0.31083470928425944,2081.5999999999985,2809.0,1.0,0.005,0.005,0.005000052968666764,5.0,5.000052968666764,103.24609375,102.0,204,109828.78125,114326.0,215934,0.810565633807924,0.810565633807924,0.11761791370694244,1.9758616775755742,sampled_16_timesteps_max_2048_sources,converged,1.5625,0.005,0.005000052973628044,5.2973628044024335e-08,True,20,SpMV,CUSPARSE_SPMV_ALG_DEFAULT,,nan,torch_cuda_event_cudagraph_replay,gpu_execution,full_rsnn,device_adapted,independent_inference,sparse_only,"(256, 1, 20649)","(256, 1, 20649)",20649,20649,1,1,BN,spmspv_csc_dense_device,spmspv_csc_dense_device,none,False,False,True,0,torch.int64,torch.float32,torch.float32,dense_device,,,False,False,False,False,False,True,1.0,82596,285089348,285089348,0,0,False,unknown,unknown,unknown,unknown,unknown,,5.07209587;5.0603838;5.06121588;5.06022406;5.06127977;5.05615997;5.0617919;5.05932808;5.06019211;5.05926418;5.05766392;5.060256;5.05923223;5.060256;5.06332779;5.06227207;5.06438398;5.06332779;5.06230402;5.0653758,20,5.061516761779785,0.003320704997261262,5.056159973144531,5.07209587097168,passed,0,0.0,1.1920928955078125e-07,9.313225746154785e-10,5.941559493294335e-07,1.8606432661272265e-07,5.941559493294335e-07,1.8606432661272265e-07,20649,0,full_state,passed,,5.060799837112427,nan,nan,nan,nan,nan,nan,nan,nan,nan,nan,5.547474003408847
globalatomic_cudagraph,multiarea_mam,NVIDIA GeForce RTX 5090,2.11.0+cu128,12.8,default,0.15,,0.005,1.0,0,400000000,85c413c5b78f0ba2,1,20649,256,1,21960982,1063.5373141556493,multiarea_mam,1,4692,615.5277770001732,0.5787552244829751,0.31083470928425944,2081.5999999999985,2809.0,1.0,0.005,0.005,0.005000052968666764,5.0,5.000052968666764,103.24609375,102.0,204,109828.78125,114326.0,215934,0.810565633807924,0.810565633807924,0.11761791370694244,1.9758616775755742,sampled_16_timesteps_max_2048_sources,converged,1.5625,0.005,0.005000052973628044,5.2973628044024335e-08,True,20,SpMV,CUSPARSE_SPMV_ALG_DEFAULT,,nan,torch_cuda_event_cudagraph_replay,gpu_execution,full_rsnn,device_adapted,independent_inference,sparse_only,"(256, 1, 20649)","(256, 1, 20649)",20649,20649,1,1,BN,spmspv_csc_dense_device,spmspv_csc_dense_device,none,False,False,True,0,torch.int64,torch.float32,torch.float32,dense_device,,,False,False,False,False,False,True,1.0,82596,285089348,285089348,0,0,False,unknown,unknown,unknown,unknown,unknown,,14.2251196;14.162816;14.1604795;14.1614084;14.1605759;14.1666555;14.1603518;14.1574717;14.1625605;14.1606398;14.1620159;14.1615362;14.160512;14.1605444;14.1605444;14.1636162;14.160512;14.1646404;14.1584959;14.1595201,20,14.16450080871582,0.014415474770714464,14.157471656799316,14.225119590759277,passed,0,0.0,1.1920928955078125e-07,1.862645149230957e-09,5.939805873822479e-07,3.7129521501810814e-07,5.939805873822479e-07,3.7129521501810814e-07,20649,0,full_state,passed,,14.160607814788818,nan,nan,nan,nan,nan,nan,nan,nan,nan,nan,1.9825883111822908
vdha_cudagraph,multiarea_mam,NVIDIA GeForce RTX 5090,2.11.0+cu128,12.8,default,0.15,,0.005,1.0,0,400000000,85c413c5b78f0ba2,1,20649,256,1,21960982,1063.5373141556493,multiarea_mam,1,4692,615.5277770001732,0.5787552244829751,0.31083470928425944,2081.5999999999985,2809.0,1.0,0.005,0.005,0.005000052968666764,5.0,5.000052968666764,103.24609375,102.0,204,109828.78125,114326.0,215934,0.810565633807924,0.810565633807924,0.11761791370694244,1.9758616775755742,sampled_16_timesteps_max_2048_sources,converged,1.5625,0.005,0.005000052973628044,5.2973628044024335e-08,True,20,SpMV,CUSPARSE_SPMV_ALG_DEFAULT,,nan,torch_cuda_event_cudagraph_replay,gpu_execution,full_rsnn,device_adapted,independent_inference,sparse_only,"(256, 1, 20649)","(256, 1, 20649)",20649,20649,1,1,BN,spmspv_csc_dense_device,spmspv_csc_dense_device,none,False,False,True,0,torch.int64,torch.float32,torch.float32,dense_device,,,False,False,False,False,False,True,1.0,82596,285089348,285089348,0,0,False,unknown,unknown,unknown,unknown,unknown,,8.5658884;8.55430412;8.55552006;8.55612755;8.55561638;8.55404758;8.55577564;8.55366421;8.55356789;8.55356789;8.5513916;8.54963207;8.55568027;8.55475235;8.5500164;8.55414391;8.55615997;8.5561924;8.55004787;8.55411243,20,8.554510450363159,0.0033994754135670538,8.54963207244873,8.565888404846191,passed,0,0.0,1.1920928955078125e-07,9.313225746154785e-10,5.939805873822479e-07,1.8609087248933065e-07,5.939805873822479e-07,1.8609087248933065e-07,20649,0,full_state,passed,,8.554224014282227,nan,nan,nan,nan,nan,nan,nan,nan,nan,nan,3.281964031566529
persistent_spike_block,multiarea_mam,NVIDIA GeForce RTX 5090,2.11.0+cu128,12.8,default,0.15,,0.005,1.0,0,400000000,85c413c5b78f0ba2,1,20649,256,1,21960982,1063.5373141556493,multiarea_mam,1,4692,615.5277770001732,0.5787552244829751,0.31083470928425944,2081.5999999999985,2809.0,1.0,0.005,0.005,0.005000052968666764,5.0,5.000052968666764,103.24609375,102.0,204,109828.78125,114326.0,215934,0.810565633807924,0.810565633807924,0.11761791370694244,1.9758616775755742,sampled_16_timesteps_max_2048_sources,converged,1.5625,0.005,0.005000052973628044,5.2973628044024335e-08,True,20,SpMV,CUSPARSE_SPMV_ALG_DEFAULT,,nan,torch_cuda_event,gpu_execution,full_rsnn,device_native,independent_inference,full_fusion,"(256, 1, 20649)","(256, 1, 20649)",20649,20649,1,1,BN,event_csr,event_csr,dense_to_events_precomputed,False,True,True,0,torch.int32,torch.float32,torch.float32,windowed_events,,,False,False,False,False,False,False,1.0,2397004,176042400,176042400,0,0,False,unknown,unknown,unknown,unknown,unknown,,4.48889589;4.4349122;4.39190388;4.43296003;4.40012789;4.42870378;4.38780785;4.43094397;4.39587212;4.43788815;4.40012789;4.42668819;4.3858242;4.42515182;4.4021759;4.43532801;4.39792013;4.42729616;4.40320015;4.43391991,20,4.418382406234741,0.024715754022448196,4.385824203491211,4.488895893096924,passed,0,0.0,1.1920928955078125e-07,1.3969838619232178e-09,5.946904479969817e-07,2.7927282530981756e-07,5.946904479969817e-07,2.7927282530981756e-07,20649,0,full_state,passed,,4.425920009613037,nan,nan,nan,nan,nan,nan,6.343236089188045,nan,nan,nan,6.343236089188045
cusparse_direct_cudagraph,multiarea_mam,NVIDIA GeForce RTX 5090,2.11.0+cu128,12.8,default,0.15,,0.005,1.0,0,400000000,b1fed748129422ff,1,20649,256,1,21960982,1063.5373141556493,multiarea_mam,1,4692,615.5277770001732,0.5787552244829751,0.31083470928425944,2081.5999999999985,2809.0,1.0,0.01,0.01,0.009999916763523657,10.0,9.999916763523657,206.48828125,201.0,402,219591.6640625,227404.0,438745,0.9036316802482989,0.9036316802482987,0.16275043089552552,1.9468417169557897,sampled_16_timesteps_max_2048_sources,converged,1.5625,0.01,0.009999916888773441,8.311122655889347e-08,True,20,SpMV,CUSPARSE_SPMV_ALG_DEFAULT,,nan,torch_cuda_event,gpu_execution,full_rsnn,device_native,independent_inference,sparse_only,"(256, 1, 20649)","(256, 1, 20649)",20649,20649,1,1,BN,csr_post_by_pre,csr_post_by_pre,none,False,False,True,0,torch.int32,torch.float32,torch.float32,dense,,,False,False,False,False,False,True,1.0,85792,218307396,218307396,0,0,False,unknown,unknown,unknown,unknown,unknown,,28.1322231;28.0683193;28.0797768;28.076704;28.0725765;28.0695038;28.0705605;28.0818233;28.0726089;28.0746555;28.0777283;28.0807686;28.076704;28.0756474;28.0766716;28.0756474;28.0787201;28.0766716;28.0736313;28.0746231,20,28.078278255462646,0.013186895313007348,28.06831932067871,28.13222312927246,passed,0,0.0,1.1920928955078125e-07,3.259629011154175e-09,5.947550221208076e-07,6.502219207504822e-07,5.947550221208076e-07,6.502219207504822e-07,20649,0,full_state,passed,,28.076159477233887,nan,nan,nan,nan,nan,nan,1.0,nan,nan,nan,1.0
tilespmspv_cudagraph,multiarea_mam,NVIDIA GeForce RTX 5090,2.11.0+cu128,12.8,default,0.15,,0.005,1.0,0,400000000,b1fed748129422ff,1,20649,256,1,21960982,1063.5373141556493,multiarea_mam,1,4692,615.5277770001732,0.5787552244829751,0.31083470928425944,2081.5999999999985,2809.0,1.0,0.01,0.01,0.009999916763523657,10.0,9.999916763523657,206.48828125,201.0,402,219591.6640625,227404.0,438745,0.9036316802482989,0.9036316802482987,0.16275043089552552,1.9468417169557897,sampled_16_timesteps_max_2048_sources,converged,1.5625,0.01,0.009999916888773441,8.311122655889347e-08,True,20,SpMV,CUSPARSE_SPMV_ALG_DEFAULT,,nan,torch_cuda_event_cudagraph_replay,gpu_execution,full_rsnn,device_adapted,independent_inference,sparse_only,"(256, 1, 20649)","(256, 1, 20649)",20649,20649,1,1,BN,spmspv_csc_dense_device,spmspv_csc_dense_device,none,False,False,True,0,torch.int64,torch.float32,torch.float32,dense_device,,,False,False,False,False,False,True,1.0,82596,285089348,285089348,0,0,False,unknown,unknown,unknown,unknown,unknown,,5.21932793;5.21196795;5.21686411;5.21132803;5.2108798;5.20972776;5.21075201;5.20979214;5.21280003;5.21190405;5.21017599;5.21385622;5.20873594;5.2118082;5.21078396;5.21590424;5.21075201;5.20972776;5.21283197;5.21385622,20,5.212188816070556,0.002671884702074147,5.208735942840576,5.219327926635742,passed,0,0.0,1.1920928955078125e-07,3.725290298461914e-09,5.946423584646254e-07,7.409846602968173e-07,5.946423584646254e-07,7.409846602968173e-07,20649,0,full_state,passed,,5.211568117141724,nan,nan,nan,nan,nan,nan,nan,nan,nan,nan,5.387276697945611
globalatomic_cudagraph,multiarea_mam,NVIDIA GeForce RTX 5090,2.11.0+cu128,12.8,default,0.15,,0.005,1.0,0,400000000,b1fed748129422ff,1,20649,256,1,21960982,1063.5373141556493,multiarea_mam,1,4692,615.5277770001732,0.5787552244829751,0.31083470928425944,2081.5999999999985,2809.0,1.0,0.01,0.01,0.009999916763523657,10.0,9.999916763523657,206.48828125,201.0,402,219591.6640625,227404.0,438745,0.9036316802482989,0.9036316802482987,0.16275043089552552,1.9468417169557897,sampled_16_timesteps_max_2048_sources,converged,1.5625,0.01,0.009999916888773441,8.311122655889347e-08,True,20,SpMV,CUSPARSE_SPMV_ALG_DEFAULT,,nan,torch_cuda_event_cudagraph_replay,gpu_execution,full_rsnn,device_adapted,independent_inference,sparse_only,"(256, 1, 20649)","(256, 1, 20649)",20649,20649,1,1,BN,spmspv_csc_dense_device,spmspv_csc_dense_device,none,False,False,True,0,torch.int64,torch.float32,torch.float32,dense_device,,,False,False,False,False,False,True,1.0,82596,285089348,285089348,0,0,False,unknown,unknown,unknown,unknown,unknown,,14.2165117;14.1996164;14.1993599;14.2034883;14.1983995;14.2035198;14.1994238;14.2014084;14.198432;14.1974077;14.1989441;14.2015038;14.198432;14.1994562;14.1974077;14.1973438;14.1953278;14.198432;14.1994562;14.1974077,20,14.200063943862915,0.004370568680698334,14.195327758789062,14.216511726379395,passed,0,0.0,1.1920928955078125e-07,2.7939677238464355e-09,5.946883447904838e-07,5.565085530179203e-07,5.946883447904838e-07,5.565085530179203e-07,20649,0,full_state,passed,,14.199151992797852,nan,nan,nan,nan,nan,nan,nan,nan,nan,nan,1.9773124121408647
vdha_cudagraph,multiarea_mam,NVIDIA GeForce RTX 5090,2.11.0+cu128,12.8,default,0.15,,0.005,1.0,0,400000000,b1fed748129422ff,1,20649,256,1,21960982,1063.5373141556493,multiarea_mam,1,4692,615.5277770001732,0.5787552244829751,0.31083470928425944,2081.5999999999985,2809.0,1.0,0.01,0.01,0.009999916763523657,10.0,9.999916763523657,206.48828125,201.0,402,219591.6640625,227404.0,438745,0.9036316802482989,0.9036316802482987,0.16275043089552552,1.9468417169557897,sampled_16_timesteps_max_2048_sources,converged,1.5625,0.01,0.009999916888773441,8.311122655889347e-08,True,20,SpMV,CUSPARSE_SPMV_ALG_DEFAULT,,nan,torch_cuda_event_cudagraph_replay,gpu_execution,full_rsnn,device_adapted,independent_inference,sparse_only,"(256, 1, 20649)","(256, 1, 20649)",20649,20649,1,1,BN,spmspv_csc_dense_device,spmspv_csc_dense_device,none,False,False,True,0,torch.int64,torch.float32,torch.float32,dense_device,,,False,False,False,False,False,True,1.0,82596,285089348,285089348,0,0,False,unknown,unknown,unknown,unknown,unknown,,8.70675182;8.69158363;8.69487953;8.69891167;8.69145584;8.69062424;8.69616032;8.69542408;8.69497585;8.69491196;8.70147228;8.69337559;8.69696045;8.69395161;8.69340801;8.68726444;8.69340801;8.69340801;8.68931198;8.69136047,20,8.694479990005494,0.00432520588508778,8.687264442443848,8.706751823425293,passed,0,0.0,1.1920928955078125e-07,2.7939677238464355e-09,5.946883447904838e-07,5.567564471675723e-07,5.946883447904838e-07,5.567564471675723e-07,20649,0,full_state,passed,,8.693679809570312,nan,nan,nan,nan,nan,nan,nan,nan,nan,nan,3.2294908591327056
persistent_spike_block,multiarea_mam,NVIDIA GeForce RTX 5090,2.11.0+cu128,12.8,default,0.15,,0.005,1.0,0,400000000,b1fed748129422ff,1,20649,256,1,21960982,1063.5373141556493,multiarea_mam,1,4692,615.5277770001732,0.5787552244829751,0.31083470928425944,2081.5999999999985,2809.0,1.0,0.01,0.01,0.009999916763523657,10.0,9.999916763523657,206.48828125,201.0,402,219591.6640625,227404.0,438745,0.9036316802482989,0.9036316802482987,0.16275043089552552,1.9468417169557897,sampled_16_timesteps_max_2048_sources,converged,1.5625,0.01,0.009999916888773441,8.311122655889347e-08,True,20,SpMV,CUSPARSE_SPMV_ALG_DEFAULT,,nan,torch_cuda_event,gpu_execution,full_rsnn,device_native,independent_inference,full_fusion,"(256, 1, 20649)","(256, 1, 20649)",20649,20649,1,1,BN,event_csr,event_csr,dense_to_events_precomputed,False,True,True,0,torch.int32,torch.float32,torch.float32,windowed_events,,,False,False,False,False,False,False,1.0,2397004,176148120,176148120,0,0,False,unknown,unknown,unknown,unknown,unknown,,4.49968004;4.43337584;4.44937611;4.44044781;4.44921589;4.44515181;4.44937611;4.43478394;4.45030403;4.43951988;4.44732809;4.43897581;4.45337582;4.43894386;4.4554882;4.43852806;4.45443201;4.44095993;4.45337582;4.43596792,20,4.447430348396301,0.014149012826845992,4.433375835418701,4.499680042266846,passed,0,0.0,1.4901161193847656e-07,7.450580596923828e-09,7.428542403431493e-07,1.484318204347801e-06,7.428542403431493e-07,1.484318204347801e-06,20649,0,full_state,passed,,4.446239948272705,nan,nan,nan,nan,nan,nan,6.3145848635859245,nan,nan,nan,6.3145848635859245
cusparse_direct_cudagraph,multiarea_mam,NVIDIA GeForce RTX 5090,2.11.0+cu128,12.8,default,0.15,,0.005,1.0,0,400000000,904f812f33e115ee,1,20649,256,1,21960982,1063.5373141556493,multiarea_mam,1,4692,615.5277770001732,0.5787552244829751,0.31083470928425944,2081.5999999999985,2809.0,1.0,0.01,0.02,0.019999833527047314,20.0,19.999833527047315,412.9765625,404.25,803,438801.9453125,443692.25,862296,0.9487886060421835,0.9487886060421833,0.16145889217812937,1.944420272034203,sampled_16_timesteps_max_2048_sources,converged,2.9911041259765625,0.02,0.019999833777546883,1.6622245311778694e-07,True,20,SpMV,CUSPARSE_SPMV_ALG_DEFAULT,,nan,torch_cuda_event,gpu_execution,full_rsnn,device_native,independent_inference,sparse_only,"(256, 1, 20649)","(256, 1, 20649)",20649,20649,1,1,BN,csr_post_by_pre,csr_post_by_pre,none,False,False,True,0,torch.int32,torch.float32,torch.float32,dense,,,False,False,False,False,False,True,1.0,85792,218307396,218307396,0,0,False,unknown,unknown,unknown,unknown,unknown,,28.0918713;28.0787525;28.0838394;28.0766716;28.0828476;28.0858879;28.0828152;28.0859203;28.0807686;28.0807991;28.0879364;28.0828476;28.0848637;28.0817928;28.0848312;28.0838394;28.0848637;28.0807991;28.0797443;28.0848961,20,28.08332939147949,0.0033870037202970733,28.076671600341797,28.09187126159668,passed,0,0.0,2.384185791015625e-07,3.958120942115784e-09,1.1890105042766663e-06,7.905898655735655e-07,1.1890105042766663e-06,7.905898655735655e-07,20649,0,full_state,passed,,28.083343505859375,nan,nan,nan,nan,nan,nan,1.0,nan,nan,nan,1.0
tilespmspv_cudagraph,multiarea_mam,NVIDIA GeForce RTX 5090,2.11.0+cu128,12.8,default,0.15,,0.005,1.0,0,400000000,904f812f33e115ee,1,20649,256,1,21960982,1063.5373141556493,multiarea_mam,1,4692,615.5277770001732,0.5787552244829751,0.31083470928425944,2081.5999999999985,2809.0,1.0,0.01,0.02,0.019999833527047314,20.0,19.999833527047315,412.9765625,404.25,803,438801.9453125,443692.25,862296,0.9487886060421835,0.9487886060421833,0.16145889217812937,1.944420272034203,sampled_16_timesteps_max_2048_sources,converged,2.9911041259765625,0.02,0.019999833777546883,1.6622245311778694e-07,True,20,SpMV,CUSPARSE_SPMV_ALG_DEFAULT,,nan,torch_cuda_event_cudagraph_replay,gpu_execution,full_rsnn,device_adapted,independent_inference,sparse_only,"(256, 1, 20649)","(256, 1, 20649)",20649,20649,1,1,BN,spmspv_csc_dense_device,spmspv_csc_dense_device,none,False,False,True,0,torch.int64,torch.float32,torch.float32,dense_device,,,False,False,False,False,False,True,1.0,82596,285089348,285089348,0,0,False,unknown,unknown,unknown,unknown,unknown,,5.23513603;5.23008013;5.22505617;5.22563219;5.23123217;5.22761583;5.22662401;5.22614384;5.22723198;5.22406387;5.22460794;5.22204781;5.22716808;5.22403193;5.21897602;5.22204781;5.22307205;5.22409582;5.22307205;5.22819185,20,5.225806379318238,0.003622888877942567,5.218976020812988,5.235136032104492,passed,0,0.0,2.384185791015625e-07,5.587935447692871e-09,1.1867820148836472e-06,1.1093543434981257e-06,1.1867820148836472e-06,1.1093543434981257e-06,20649,0,full_state,passed,,5.225344181060791,nan,nan,nan,nan,nan,nan,nan,nan,nan,nan,5.37444855932116
globalatomic_cudagraph,multiarea_mam,NVIDIA GeForce RTX 5090,2.11.0+cu128,12.8,default,0.15,,0.005,1.0,0,400000000,904f812f33e115ee,1,20649,256,1,21960982,1063.5373141556493,multiarea_mam,1,4692,615.5277770001732,0.5787552244829751,0.31083470928425944,2081.5999999999985,2809.0,1.0,0.01,0.02,0.019999833527047314,20.0,19.999833527047315,412.9765625,404.25,803,438801.9453125,443692.25,862296,0.9487886060421835,0.9487886060421833,0.16145889217812937,1.944420272034203,sampled_16_timesteps_max_2048_sources,converged,2.9911041259765625,0.02,0.019999833777546883,1.6622245311778694e-07,True,20,SpMV,CUSPARSE_SPMV_ALG_DEFAULT,,nan,torch_cuda_event_cudagraph_replay,gpu_execution,full_rsnn,device_adapted,independent_inference,sparse_only,"(256, 1, 20649)","(256, 1, 20649)",20649,20649,1,1,BN,spmspv_csc_dense_device,spmspv_csc_dense_device,none,False,False,True,0,torch.int64,torch.float32,torch.float32,dense_device,,,False,False,False,False,False,True,1.0,82596,285089348,285089348,0,0,False,unknown,unknown,unknown,unknown,unknown,,14.2637119;14.2508163;14.2485762;14.2506876;14.2516479;14.2526722;14.2506876;14.2485437;14.2485437;14.2476482;14.2501116;14.2506561;14.2465601;14.2506561;14.2496319;14.2506561;14.2506561;14.2486076;14.2527037;14.2516804,20,14.250772762298585,0.003442128187069572,14.246560096740723,14.263711929321289,passed,0,0.0,2.384185791015625e-07,5.587935447692871e-09,1.1862427982123336e-06,1.114117139877635e-06,1.1862427982123336e-06,1.114117139877635e-06,20649,0,full_state,passed,,14.250656127929688,nan,nan,nan,nan,nan,nan,nan,nan,nan,nan,1.970670210111882
vdha_cudagraph,multiarea_mam,NVIDIA GeForce RTX 5090,2.11.0+cu128,12.8,default,0.15,,0.005,1.0,0,400000000,904f812f33e115ee,1,20649,256,1,21960982,1063.5373141556493,multiarea_mam,1,4692,615.5277770001732,0.5787552244829751,0.31083470928425944,2081.5999999999985,2809.0,1.0,0.01,0.02,0.019999833527047314,20.0,19.999833527047315,412.9765625,404.25,803,438801.9453125,443692.25,862296,0.9487886060421835,0.9487886060421833,0.16145889217812937,1.944420272034203,sampled_16_timesteps_max_2048_sources,converged,2.9911041259765625,0.02,0.019999833777546883,1.6622245311778694e-07,True,20,SpMV,CUSPARSE_SPMV_ALG_DEFAULT,,nan,torch_cuda_event_cudagraph_replay,gpu_execution,full_rsnn,device_adapted,independent_inference,sparse_only,"(256, 1, 20649)","(256, 1, 20649)",20649,20649,1,1,BN,spmspv_csc_dense_device,spmspv_csc_dense_device,none,False,False,True,0,torch.int64,torch.float32,torch.float32,dense_device,,,False,False,False,False,False,True,1.0,82596,285089348,285089348,0,0,False,unknown,unknown,unknown,unknown,unknown,,8.83504009;8.81264019;8.82159996;8.81788826;8.81721592;8.81836796;8.81830406;8.81840038;8.81356812;8.81888008;8.8198719;8.8202877;8.8158083;8.81564808;8.82137585;8.81628799;8.81424046;8.81833553;8.81833553;8.81935978,20,8.818572807312012,0.004568368262353576,8.812640190124512,8.835040092468262,passed,0,0.0,2.384185791015625e-07,5.587935447692871e-09,1.1890105042766663e-06,1.108815581574163e-06,1.1890105042766663e-06,1.108815581574163e-06,20649,0,full_state,passed,,8.81833553314209,nan,nan,nan,nan,nan,nan,nan,nan,nan,nan,3.1846535437796963
persistent_spike_block,multiarea_mam,NVIDIA GeForce RTX 5090,2.11.0+cu128,12.8,default,0.15,,0.005,1.0,0,400000000,904f812f33e115ee,1,20649,256,1,21960982,1063.5373141556493,multiarea_mam,1,4692,615.5277770001732,0.5787552244829751,0.31083470928425944,2081.5999999999985,2809.0,1.0,0.01,0.02,0.019999833527047314,20.0,19.999833527047315,412.9765625,404.25,803,438801.9453125,443692.25,862296,0.9487886060421835,0.9487886060421833,0.16145889217812937,1.944420272034203,sampled_16_timesteps_max_2048_sources,converged,2.9911041259765625,0.02,0.019999833777546883,1.6622245311778694e-07,True,20,SpMV,CUSPARSE_SPMV_ALG_DEFAULT,,nan,torch_cuda_event,gpu_execution,full_rsnn,device_native,independent_inference,full_fusion,"(256, 1, 20649)","(256, 1, 20649)",20649,20649,1,1,BN,event_csr,event_csr,dense_to_events_precomputed,False,True,True,0,torch.int32,torch.float32,torch.float32,windowed_events,,,False,False,False,False,False,False,1.0,2397004,176148120,176148120,0,0,False,unknown,unknown,unknown,unknown,unknown,,4.67011213;4.64169598;4.62128019;4.64576006;4.61612797;4.65040016;4.62544012;4.64604807;4.61523199;4.65097618;4.62332821;4.64172792;4.63360023;4.64777613;4.63241577;4.65654421;4.62752008;4.64838409;4.62847996;4.65305614,20,4.638795280456543,0.014810279416445249,4.615231990814209,4.670112133026123,passed,0,0.0,7.152557373046875e-07,8.381903171539307e-08,3.5532270885596517e-06,1.6644962670397945e-05,3.5532270885596517e-06,1.6644962670397945e-05,20649,0,full_state,passed,,4.641711950302124,nan,nan,nan,nan,nan,nan,6.050212466120708,nan,nan,nan,6.050212466120708
cusparse_direct_cudagraph,multiarea_mam,NVIDIA GeForce RTX 5090,2.11.0+cu128,12.8,default,0.15,,0.005,1.0,0,400000000,bb7a2f95eb21c09c,1,20649,256,1,21960982,1063.5373141556493,multiarea_mam,1,4692,615.5277770001732,0.5787552244829751,0.31083470928425944,2081.5999999999985,2809.0,1.0,0.01,0.05,0.04999996216523803,50.0,49.999962165238024,1032.44921875,1024.5,2035,1094140.609375,1100027.5,2159083,0.9759062252656286,0.9759062252656288,0.16462434892189065,1.9710412512721949,sampled_16_timesteps_max_2048_sources,converged,6.820392608642578,0.05,0.04999995976686478,4.023313522616423e-08,True,20,SpMV,CUSPARSE_SPMV_ALG_DEFAULT,,nan,torch_cuda_event,gpu_execution,full_rsnn,device_native,independent_inference,sparse_only,"(256, 1, 20649)","(256, 1, 20649)",20649,20649,1,1,BN,csr_post_by_pre,csr_post_by_pre,none,False,False,True,0,torch.int32,torch.float32,torch.float32,dense,,,False,False,False,False,False,True,1.0,85792,218307396,218307396,0,0,False,unknown,unknown,unknown,unknown,unknown,,28.0759354;28.0706558;28.0859203;28.0746231;28.0725765;28.0695038;28.0828476;28.0695038;28.0766716;28.070528;28.0756474;28.070528;28.0766716;28.0736313;28.0746231;28.0715847;28.0746555;28.0746555;28.0756474;28.0746231,20,28.07455167770386,0.0041261689688516226,28.069503784179688,28.085920333862305,passed,0,0.0,9.5367431640625e-07,1.1175870895385742e-08,4.573613296088297e-06,2.1998205284035066e-06,4.573613296088297e-06,2.1998205284035066e-06,20649,0,full_state,passed,,28.074623107910156,nan,nan,nan,nan,nan,nan,1.0,nan,nan,nan,1.0
tilespmspv_cudagraph,multiarea_mam,NVIDIA GeForce RTX 5090,2.11.0+cu128,12.8,default,0.15,,0.005,1.0,0,400000000,bb7a2f95eb21c09c,1,20649,256,1,21960982,1063.5373141556493,multiarea_mam,1,4692,615.5277770001732,0.5787552244829751,0.31083470928425944,2081.5999999999985,2809.0,1.0,0.01,0.05,0.04999996216523803,50.0,49.999962165238024,1032.44921875,1024.5,2035,1094140.609375,1100027.5,2159083,0.9759062252656286,0.9759062252656288,0.16462434892189065,1.9710412512721949,sampled_16_timesteps_max_2048_sources,converged,6.820392608642578,0.05,0.04999995976686478,4.023313522616423e-08,True,20,SpMV,CUSPARSE_SPMV_ALG_DEFAULT,,nan,torch_cuda_event_cudagraph_replay,gpu_execution,full_rsnn,device_adapted,independent_inference,sparse_only,"(256, 1, 20649)","(256, 1, 20649)",20649,20649,1,1,BN,spmspv_csc_dense_device,spmspv_csc_dense_device,none,False,False,True,0,torch.int64,torch.float32,torch.float32,dense_device,,,False,False,False,False,False,True,1.0,82596,285089348,285089348,0,0,False,unknown,unknown,unknown,unknown,unknown,,6.22217607;6.20624018;6.21625614;6.21836805;6.20607996;6.21020794;6.20806408;6.21023989;6.20806408;6.2122879;6.2137599;6.21020794;6.21225595;6.21635199;6.20611191;6.2184;6.21020794;6.21023989;6.21430397;6.2184,20,6.212411189079285,0.004690174563082051,6.206079959869385,6.2221760749816895,passed,0,0.0,1.1920928955078125e-06,1.1175870895385742e-07,5.927499387325952e-06,2.1856840248801745e-05,5.927499387325952e-06,2.1856840248801745e-05,20649,0,full_state,passed,,6.21124792098999,nan,nan,nan,nan,nan,nan,nan,nan,nan,nan,4.519964983692912
globalatomic_cudagraph,multiarea_mam,NVIDIA GeForce RTX 5090,2.11.0+cu128,12.8,default,0.15,,0.005,1.0,0,400000000,bb7a2f95eb21c09c,1,20649,256,1,21960982,1063.5373141556493,multiarea_mam,1,4692,615.5277770001732,0.5787552244829751,0.31083470928425944,2081.5999999999985,2809.0,1.0,0.01,0.05,0.04999996216523803,50.0,49.999962165238024,1032.44921875,1024.5,2035,1094140.609375,1100027.5,2159083,0.9759062252656286,0.9759062252656288,0.16462434892189065,1.9710412512721949,sampled_16_timesteps_max_2048_sources,converged,6.820392608642578,0.05,0.04999995976686478,4.023313522616423e-08,True,20,SpMV,CUSPARSE_SPMV_ALG_DEFAULT,,nan,torch_cuda_event_cudagraph_replay,gpu_execution,full_rsnn,device_adapted,independent_inference,sparse_only,"(256, 1, 20649)","(256, 1, 20649)",20649,20649,1,1,BN,spmspv_csc_dense_device,spmspv_csc_dense_device,none,False,False,True,0,torch.int64,torch.float32,torch.float32,dense_device,,,False,False,False,False,False,True,1.0,82596,285089348,285089348,0,0,False,unknown,unknown,unknown,unknown,unknown,,14.7735357;14.7688637;14.7625923;14.7626877;14.7666559;14.76688;14.7665596;14.7667198;14.7688322;14.7667522;14.766304;14.7646723;14.7646399;14.7647038;14.7708483;14.7626562;14.7647038;14.7647038;14.7667198;14.7647038,20,14.766236734390258,0.0027405832349362324,14.762592315673828,14.77353572845459,passed,0,0.0,9.5367431640625e-07,2.2351741790771484e-08,4.58705017081229e-06,4.4243488446227275e-06,4.58705017081229e-06,4.4243488446227275e-06,20649,0,full_state,passed,,14.76643180847168,nan,nan,nan,nan,nan,nan,nan,nan,nan,nan,1.9012462504180196
vdha_cudagraph,multiarea_mam,NVIDIA GeForce RTX 5090,2.11.0+cu128,12.8,default,0.15,,0.005,1.0,0,400000000,bb7a2f95eb21c09c,1,20649,256,1,21960982,1063.5373141556493,multiarea_mam,1,4692,615.5277770001732,0.5787552244829751,0.31083470928425944,2081.5999999999985,2809.0,1.0,0.01,0.05,0.04999996216523803,50.0,49.999962165238024,1032.44921875,1024.5,2035,1094140.609375,1100027.5,2159083,0.9759062252656286,0.9759062252656288,0.16462434892189065,1.9710412512721949,sampled_16_timesteps_max_2048_sources,converged,6.820392608642578,0.05,0.04999995976686478,4.023313522616423e-08,True,20,SpMV,CUSPARSE_SPMV_ALG_DEFAULT,,nan,torch_cuda_event_cudagraph_replay,gpu_execution,full_rsnn,device_adapted,independent_inference,sparse_only,"(256, 1, 20649)","(256, 1, 20649)",20649,20649,1,1,BN,spmspv_csc_dense_device,spmspv_csc_dense_device,none,False,False,True,0,torch.int64,torch.float32,torch.float32,dense_device,,,False,False,False,False,False,True,1.0,82596,285089348,285089348,0,0,False,unknown,unknown,unknown,unknown,unknown,,10.1884804;10.1734076;10.1750717;10.1746244;10.171072;10.1772156;10.176096;10.1771202;10.176672;10.1772804;10.1709442;10.1751356;10.1709757;10.1695356;10.1751356;10.1730881;10.1730881;10.1771517;10.1730881;10.1741123,20,10.174964761734008,0.003955892652401162,10.169535636901855,10.188480377197266,passed,0,0.0,6.258487701416016e-07,2.2351741790771484e-08,3.1192871574603487e-06,4.371995601104572e-06,3.1192871574603487e-06,4.371995601104572e-06,20649,0,full_state,passed,,10.174848079681396,nan,nan,nan,nan,nan,nan,nan,nan,nan,nan,2.7592179153980303
persistent_spike_block,multiarea_mam,NVIDIA GeForce RTX 5090,2.11.0+cu128,12.8,default,0.15,,0.005,1.0,0,400000000,bb7a2f95eb21c09c,1,20649,256,1,21960982,1063.5373141556493,multiarea_mam,1,4692,615.5277770001732,0.5787552244829751,0.31083470928425944,2081.5999999999985,2809.0,1.0,0.01,0.05,0.04999996216523803,50.0,49.999962165238024,1032.44921875,1024.5,2035,1094140.609375,1100027.5,2159083,0.9759062252656286,0.9759062252656288,0.16462434892189065,1.9710412512721949,sampled_16_timesteps_max_2048_sources,converged,6.820392608642578,0.05,0.04999995976686478,4.023313522616423e-08,True,20,SpMV,CUSPARSE_SPMV_ALG_DEFAULT,,nan,torch_cuda_event,gpu_execution,full_rsnn,device_native,independent_inference,full_fusion,"(256, 1, 20649)","(256, 1, 20649)",20649,20649,1,1,BN,event_csr,event_csr,dense_to_events_precomputed,False,True,True,0,torch.int32,torch.float32,torch.float32,windowed_events,,,False,False,False,False,False,False,1.0,2397004,176148120,176148120,0,0,False,unknown,unknown,unknown,unknown,unknown,,5.16160011;5.14556789;5.12812805;5.131392;5.11990404;5.13542414;5.12656021;5.12723207;5.13212776;5.12710381;5.12502384;5.13840008;5.12915182;5.13449621;5.13318396;5.14259195;5.12700796;5.13638401;5.11488008;5.13638401,20,5.132627201080322,0.009936938205305198,5.114880084991455,5.161600112915039,passed,0,0.0,5.593523383140564e-06,2.812594175338745e-07,2.7960761144640855e-05,5.576532566919923e-05,2.7960761144640855e-05,5.576532566919923e-05,20649,0,full_state,passed,,5.131759881973267,nan,nan,nan,nan,nan,nan,5.470759301605298,nan,nan,nan,5.470759301605298
cusparse_direct_cudagraph,multiarea_mam,NVIDIA GeForce RTX 5090,2.11.0+cu128,12.8,default,0.15,,0.005,1.0,0,400000000,eabffbcb2deb65d4,2,20649,256,1,21960982,1063.5373141556493,multiarea_mam,2,4692,615.5277770001732,0.5787552244829751,0.31083470928425944,2081.5999999999985,2809.0,1.0,0.0,0.0,0.0,0.0,0.0,0.0,0.0,0,0.0,0.0,0,0.0,0.0,0.0,0.0,sampled_16_timesteps_max_2048_sources,converged,50.0,0.0,0.0,0.0,True,20,SpMV,CUSPARSE_SPMV_ALG_DEFAULT,,nan,torch_cuda_event,gpu_execution,full_rsnn,device_native,independent_inference,sparse_only,"(256, 1, 20649)","(256, 1, 20649)",20649,20649,1,1,BN,csr_post_by_pre,csr_post_by_pre,none,False,False,True,0,torch.int32,torch.float32,torch.float32,dense,,,False,False,False,False,False,True,1.0,85792,218307396,218307396,0,0,False,unknown,unknown,unknown,unknown,unknown,,28.0716152;28.0503674;28.0552006;28.0541763;28.0603199;28.0531521;28.0562248;28.0582409;28.0531521;28.0541763;28.0511036;28.0603199;28.0541763;28.0572472;28.0541763;28.0541763;28.0552006;28.0561924;28.0552006;28.0562248,20,28.056032180786133,0.004462247345329464,28.05036735534668,28.07161521911621,passed,0,0.0,0.0,0.0,0.0,0.0,0.0,0.0,20649,0,full_state,passed,,28.055200576782227,nan,nan,nan,nan,nan,nan,1.0,nan,nan,nan,1.0
tilespmspv_cudagraph,multiarea_mam,NVIDIA GeForce RTX 5090,2.11.0+cu128,12.8,default,0.15,,0.005,1.0,0,400000000,eabffbcb2deb65d4,2,20649,256,1,21960982,1063.5373141556493,multiarea_mam,2,4692,615.5277770001732,0.5787552244829751,0.31083470928425944,2081.5999999999985,2809.0,1.0,0.0,0.0,0.0,0.0,0.0,0.0,0.0,0,0.0,0.0,0,0.0,0.0,0.0,0.0,sampled_16_timesteps_max_2048_sources,converged,50.0,0.0,0.0,0.0,True,20,SpMV,CUSPARSE_SPMV_ALG_DEFAULT,,nan,torch_cuda_event_cudagraph_replay,gpu_execution,full_rsnn,device_adapted,independent_inference,sparse_only,"(256, 1, 20649)","(256, 1, 20649)",20649,20649,1,1,BN,spmspv_csc_dense_device,spmspv_csc_dense_device,none,False,False,True,0,torch.int64,torch.float32,torch.float32,dense_device,,,False,False,False,False,False,True,1.0,82596,285089348,285089348,0,0,False,unknown,unknown,unknown,unknown,unknown,,3.92048001;3.90771198;3.90873599;3.90876794;3.90879989;3.90863991;3.90876794;3.90768003;3.90883207;3.90876794;3.90867209;3.90928006;3.90928006;3.90928006;3.90825605;3.90931201;3.90928006;3.90928006;3.90928006;3.90928006,20,3.9094192147254945,0.0026498630840414775,3.907680034637451,3.9204800128936768,passed,0,0.0,0.0,0.0,0.0,0.0,0.0,0.0,20649,0,full_state,passed,,3.9088159799575806,nan,nan,nan,nan,nan,nan,nan,nan,nan,nan,7.177416568248549
globalatomic_cudagraph,multiarea_mam,NVIDIA GeForce RTX 5090,2.11.0+cu128,12.8,default,0.15,,0.005,1.0,0,400000000,eabffbcb2deb65d4,2,20649,256,1,21960982,1063.5373141556493,multiarea_mam,2,4692,615.5277770001732,0.5787552244829751,0.31083470928425944,2081.5999999999985,2809.0,1.0,0.0,0.0,0.0,0.0,0.0,0.0,0.0,0,0.0,0.0,0,0.0,0.0,0.0,0.0,sampled_16_timesteps_max_2048_sources,converged,50.0,0.0,0.0,0.0,True,20,SpMV,CUSPARSE_SPMV_ALG_DEFAULT,,nan,torch_cuda_event_cudagraph_replay,gpu_execution,full_rsnn,device_adapted,independent_inference,sparse_only,"(256, 1, 20649)","(256, 1, 20649)",20649,20649,1,1,BN,spmspv_csc_dense_device,spmspv_csc_dense_device,none,False,False,True,0,torch.int64,torch.float32,torch.float32,dense_device,,,False,False,False,False,False,True,1.0,82596,285089348,285089348,0,0,False,unknown,unknown,unknown,unknown,unknown,,13.775712;13.7640638;13.7620478;13.7591677;13.7662716;13.7611523;13.7642241;13.7611837;13.7611837;13.7642241;13.7607365;13.7642555;13.7652798;13.7642555;13.7632322;13.7683516;13.7652798;13.7611837;13.7642555;13.7611523,20,13.763860654830932,0.003575287443619853,13.759167671203613,13.775712013244629,passed,0,0.0,0.0,0.0,0.0,0.0,0.0,0.0,20649,0,full_state,passed,,13.764143943786621,nan,nan,nan,nan,nan,nan,nan,nan,nan,nan,2.038281544523286
vdha_cudagraph,multiarea_mam,NVIDIA GeForce RTX 5090,2.11.0+cu128,12.8,default,0.15,,0.005,1.0,0,400000000,eabffbcb2deb65d4,2,20649,256,1,21960982,1063.5373141556493,multiarea_mam,2,4692,615.5277770001732,0.5787552244829751,0.31083470928425944,2081.5999999999985,2809.0,1.0,0.0,0.0,0.0,0.0,0.0,0.0,0.0,0,0.0,0.0,0,0.0,0.0,0.0,0.0,sampled_16_timesteps_max_2048_sources,converged,50.0,0.0,0.0,0.0,True,20,SpMV,CUSPARSE_SPMV_ALG_DEFAULT,,nan,torch_cuda_event_cudagraph_replay,gpu_execution,full_rsnn,device_adapted,independent_inference,sparse_only,"(256, 1, 20649)","(256, 1, 20649)",20649,20649,1,1,BN,spmspv_csc_dense_device,spmspv_csc_dense_device,none,False,False,True,0,torch.int64,torch.float32,torch.float32,dense_device,,,False,False,False,False,False,True,1.0,82596,285089348,285089348,0,0,False,unknown,unknown,unknown,unknown,unknown,,5.70569611;5.68899202;5.69225597;5.69081593;5.69206381;5.69356823;5.69305611;5.69203186;5.69206381;5.69206381;5.69504023;5.69407988;5.69196796;5.69254398;5.69206381;5.69001579;5.69001579;5.69308805;5.69414377;5.69411182,20,5.692983937263489,0.003358473436991793,5.688992023468018,5.705696105957031,passed,0,0.0,0.0,0.0,0.0,0.0,0.0,0.0,20649,0,full_state,passed,,5.69215989112854,nan,nan,nan,nan,nan,nan,nan,nan,nan,nan,4.928744292743319
persistent_spike_block,multiarea_mam,NVIDIA GeForce RTX 5090,2.11.0+cu128,12.8,default,0.15,,0.005,1.0,0,400000000,eabffbcb2deb65d4,2,20649,256,1,21960982,1063.5373141556493,multiarea_mam,2,4692,615.5277770001732,0.5787552244829751,0.31083470928425944,2081.5999999999985,2809.0,1.0,0.0,0.0,0.0,0.0,0.0,0.0,0.0,0,0.0,0.0,0,0.0,0.0,0.0,0.0,sampled_16_timesteps_max_2048_sources,converged,50.0,0.0,0.0,0.0,True,20,SpMV,CUSPARSE_SPMV_ALG_DEFAULT,,nan,torch_cuda_event,gpu_execution,full_rsnn,device_native,independent_inference,full_fusion,"(256, 1, 20649)","(256, 1, 20649)",20649,20649,1,1,BN,event_csr,event_csr,dense_to_events_precomputed,False,True,True,0,torch.int32,torch.float32,torch.float32,windowed_events,,,False,False,False,False,False,False,1.0,2397004,175936676,175936676,0,0,False,unknown,unknown,unknown,unknown,unknown,,1.45622396;1.41724801;1.41705596;1.41513598;1.41696;1.41619205;1.41561604;1.416224;1.41504002;1.41516805;1.41683197;1.41625595;1.41766405;1.416224;1.41664004;1.41708803;1.41660798;1.416224;1.41721594;1.41619205,20,1.41839040517807,0.008935385421244736,1.4150400161743164,1.456223964691162,passed,0,0.0,0.0,0.0,0.0,0.0,0.0,0.0,20649,0,full_state,passed,,1.416431963443756,nan,nan,nan,nan,nan,nan,19.80695246990326,nan,nan,nan,19.80695246990326
cusparse_direct_cudagraph,multiarea_mam,NVIDIA GeForce RTX 5090,2.11.0+cu128,12.8,default,0.15,,0.005,1.0,0,400000000,dfe152db2d1a7c34,2,20649,256,1,21960982,1063.5373141556493,multiarea_mam,2,4692,615.5277770001732,0.5787552244829751,0.31083470928425944,2081.5999999999985,2809.0,1.0,0.0001,0.0001,0.00010007294542108577,0.1,0.10007294542108576,2.06640625,3.0,3,2167.43359375,3476.25,4696,0.011899372269300035,0.011899372269300032,0.12049464295261465,1.45179584120983,sampled_16_timesteps_max_2048_sources,converged,1.5625,0.0001,0.0001000729389488697,7.293894886970041e-08,True,20,SpMV,CUSPARSE_SPMV_ALG_DEFAULT,,nan,torch_cuda_event,gpu_execution,full_rsnn,device_native,independent_inference,sparse_only,"(256, 1, 20649)","(256, 1, 20649)",20649,20649,1,1,BN,csr_post_by_pre,csr_post_by_pre,none,False,False,True,0,torch.int32,torch.float32,torch.float32,dense,,,False,False,False,False,False,True,1.0,85792,218307396,218307396,0,0,False,unknown,unknown,unknown,unknown,unknown,,28.0444489;28.0362244;28.0326405;28.0398407;28.0418873;28.0326729;28.0336952;28.0336952;28.0347195;28.0357437;28.0377274;28.0326729;28.0439358;28.0326729;28.0336952;28.0316486;28.036768;28.0418873;28.0336952;28.0326729,20,28.03614721298218,0.004097974286065347,28.031648635864258,28.044448852539062,passed,0,0.0,2.9802322387695312e-08,2.3283064365386963e-10,1.4882186860631919e-07,4.6545903131800515e-08,1.4882186860631919e-07,4.6545903131800515e-08,20649,0,full_state,passed,,28.034207344055176,nan,nan,nan,nan,nan,nan,1.0,nan,nan,nan,1.0
tilespmspv_cudagraph,multiarea_mam,NVIDIA GeForce RTX 5090,2.11.0+cu128,12.8,default,0.15,,0.005,1.0,0,400000000,dfe152db2d1a7c34,2,20649,256,1,21960982,1063.5373141556493,multiarea_mam,2,4692,615.5277770001732,0.5787552244829751,0.31083470928425944,2081.5999999999985,2809.0,1.0,0.0001,0.0001,0.00010007294542108577,0.1,0.10007294542108576,2.06640625,3.0,3,2167.43359375,3476.25,4696,0.011899372269300035,0.011899372269300032,0.12049464295261465,1.45179584120983,sampled_16_timesteps_max_2048_sources,converged,1.5625,0.0001,0.0001000729389488697,7.293894886970041e-08,True,20,SpMV,CUSPARSE_SPMV_ALG_DEFAULT,,nan,torch_cuda_event_cudagraph_replay,gpu_execution,full_rsnn,device_adapted,independent_inference,sparse_only,"(256, 1, 20649)","(256, 1, 20649)",20649,20649,1,1,BN,spmspv_csc_dense_device,spmspv_csc_dense_device,none,False,False,True,0,torch.int64,torch.float32,torch.float32,dense_device,,,False,False,False,False,False,True,1.0,82596,285089348,285089348,0,0,False,unknown,unknown,unknown,unknown,unknown,,4.01647997;4.00672007;4.00499201;4.0050559;4.00694418;4.00707197;4.00508785;4.00556803;4.00499201;4.00515223;4.00400019;4.00547218;4.00553608;4.00556803;4.00550413;4.00556803;4.00553608;4.00553608;4.00556803;4.00550413,20,4.006092858314514,0.002542814642044116,4.004000186920166,4.016479969024658,passed,0,0.0,0.0,0.0,0.0,0.0,0.0,0.0,20649,0,full_state,passed,,4.005536079406738,nan,nan,nan,nan,nan,nan,nan,nan,nan,nan,6.998865267544247
globalatomic_cudagraph,multiarea_mam,NVIDIA GeForce RTX 5090,2.11.0+cu128,12.8,default,0.15,,0.005,1.0,0,400000000,dfe152db2d1a7c34,2,20649,256,1,21960982,1063.5373141556493,multiarea_mam,2,4692,615.5277770001732,0.5787552244829751,0.31083470928425944,2081.5999999999985,2809.0,1.0,0.0001,0.0001,0.00010007294542108577,0.1,0.10007294542108576,2.06640625,3.0,3,2167.43359375,3476.25,4696,0.011899372269300035,0.011899372269300032,0.12049464295261465,1.45179584120983,sampled_16_timesteps_max_2048_sources,converged,1.5625,0.0001,0.0001000729389488697,7.293894886970041e-08,True,20,SpMV,CUSPARSE_SPMV_ALG_DEFAULT,,nan,torch_cuda_event_cudagraph_replay,gpu_execution,full_rsnn,device_adapted,independent_inference,sparse_only,"(256, 1, 20649)","(256, 1, 20649)",20649,20649,1,1,BN,spmspv_csc_dense_device,spmspv_csc_dense_device,none,False,False,True,0,torch.int64,torch.float32,torch.float32,dense_device,,,False,False,False,False,False,True,1.0,82596,285089348,285089348,0,0,False,unknown,unknown,unknown,unknown,unknown,,13.7648315;13.7455683;13.74576;13.7409277;13.7435837;13.7427521;13.7416639;13.7407999;13.7417278;13.7651844;13.76896;13.762208;13.7652483;13.7683201;13.7652798;13.7704;13.7652798;13.7601604;13.7673283;13.7714243,20,13.756870412826538,0.01206329177992191,13.740799903869629,13.771424293518066,passed,0,0.0,0.0,0.0,0.0,0.0,0.0,0.0,20649,0,full_state,passed,,13.763519763946533,nan,nan,nan,nan,nan,nan,nan,nan,nan,nan,2.0368487003949842
vdha_cudagraph,multiarea_mam,NVIDIA GeForce RTX 5090,2.11.0+cu128,12.8,default,0.15,,0.005,1.0,0,400000000,dfe152db2d1a7c34,2,20649,256,1,21960982,1063.5373141556493,multiarea_mam,2,4692,615.5277770001732,0.5787552244829751,0.31083470928425944,2081.5999999999985,2809.0,1.0,0.0001,0.0001,0.00010007294542108577,0.1,0.10007294542108576,2.06640625,3.0,3,2167.43359375,3476.25,4696,0.011899372269300035,0.011899372269300032,0.12049464295261465,1.45179584120983,sampled_16_timesteps_max_2048_sources,converged,1.5625,0.0001,0.0001000729389488697,7.293894886970041e-08,True,20,SpMV,CUSPARSE_SPMV_ALG_DEFAULT,,nan,torch_cuda_event_cudagraph_replay,gpu_execution,full_rsnn,device_adapted,independent_inference,sparse_only,"(256, 1, 20649)","(256, 1, 20649)",20649,20649,1,1,BN,spmspv_csc_dense_device,spmspv_csc_dense_device,none,False,False,True,0,torch.int64,torch.float32,torch.float32,dense_device,,,False,False,False,False,False,True,1.0,82596,285089348,285089348,0,0,False,unknown,unknown,unknown,unknown,unknown,,7.33798409;7.32540798;7.3245759;7.32847977;7.32736015;7.32387209;7.32492781;7.32425594;7.32335997;7.32828808;7.32732821;7.32364798;7.32672024;7.32384014;7.32326412;7.32435179;7.3273921;7.32636786;7.32329607;7.32227182,20,7.325849604606629,0.003406135697949515,7.322271823883057,7.337984085083008,passed,0,0.0,0.0,0.0,0.0,0.0,0.0,0.0,20649,0,full_state,passed,,7.324751853942871,nan,nan,nan,nan,nan,nan,nan,nan,nan,nan,3.827325198595571
persistent_spike_block,multiarea_mam,NVIDIA GeForce RTX 5090,2.11.0+cu128,12.8,default,0.15,,0.005,1.0,0,400000000,dfe152db2d1a7c34,2,20649,256,1,21960982,1063.5373141556493,multiarea_mam,2,4692,615.5277770001732,0.5787552244829751,0.31083470928425944,2081.5999999999985,2809.0,1.0,0.0001,0.0001,0.00010007294542108577,0.1,0.10007294542108576,2.06640625,3.0,3,2167.43359375,3476.25,4696,0.011899372269300035,0.011899372269300032,0.12049464295261465,1.45179584120983,sampled_16_timesteps_max_2048_sources,converged,1.5625,0.0001,0.0001000729389488697,7.293894886970041e-08,True,20,SpMV,CUSPARSE_SPMV_ALG_DEFAULT,,nan,torch_cuda_event,gpu_execution,full_rsnn,device_native,independent_inference,full_fusion,"(256, 1, 20649)","(256, 1, 20649)",20649,20649,1,1,BN,event_csr,event_csr,dense_to_events_precomputed,False,True,True,0,torch.int32,torch.float32,torch.float32,windowed_events,,,False,False,False,False,False,False,1.0,2397004,175938792,175938792,0,0,False,unknown,unknown,unknown,unknown,unknown,,2.151232;2.10985589;2.11759996;2.113024;2.11872005;2.11286402;2.11446404;2.11084795;2.11664009;2.11286402;2.11462402;2.11292791;2.11238408;2.11494398;2.11251211;2.10678411;2.12070394;2.116992;2.11455989;2.10841608,20,2.1156480073928834,0.009031181801649102,2.1067841053009033,2.1512320041656494,passed,0,0.0,2.9802322387695312e-08,8.185452315956354e-12,1.4882186860631919e-07,1.6370843569646354e-09,1.4882186860631919e-07,1.6370843569646354e-09,20649,0,full_state,passed,,2.113744020462036,nan,nan,nan,nan,nan,nan,13.262820413763855,nan,nan,nan,13.262820413763855
cusparse_direct_cudagraph,multiarea_mam,NVIDIA GeForce RTX 5090,2.11.0+cu128,12.8,default,0.15,,0.005,1.0,0,400000000,2703d4423b1cbe92,2,20649,256,1,21960982,1063.5373141556493,multiarea_mam,2,4692,615.5277770001732,0.5787552244829751,0.31083470928425944,2081.5999999999985,2809.0,1.0,0.0002,0.0002,0.0001999567170323018,0.2,0.1999567170323018,4.12890625,5.0,6,4382.6640625,6233.0,9565,0.052469271133400414,0.05246927113340043,0.08393439587235234,1.4531693472090823,sampled_16_timesteps_max_2048_sources,converged,1.5625,0.0002,0.00019995671755168587,4.328244831413989e-08,True,20,SpMV,CUSPARSE_SPMV_ALG_DEFAULT,,nan,torch_cuda_event,gpu_execution,full_rsnn,device_native,independent_inference,sparse_only,"(256, 1, 20649)","(256, 1, 20649)",20649,20649,1,1,BN,csr_post_by_pre,csr_post_by_pre,none,False,False,True,0,torch.int32,torch.float32,torch.float32,dense,,,False,False,False,False,False,True,1.0,85792,218307396,218307396,0,0,False,unknown,unknown,unknown,unknown,unknown,,28.0322876;28.0155849;28.0224323;28.0152645;28.0193596;28.0183353;28.0173111;28.0214081;28.0182724;28.0193596;28.0234566;28.0183353;28.0173111;28.0193596;28.0183353;28.0152645;28.0183353;28.0213757;28.0214081;28.0203838,20,28.0196590423584,0.0037460956349436685,28.0152645111084,28.03228759765625,passed,0,0.0,5.21540641784668e-08,2.3283064365386963e-10,2.6053211854559777e-07,4.654487284483366e-08,2.6053211854559777e-07,4.654487284483366e-08,20649,0,full_state,passed,,28.018847465515137,nan,nan,nan,nan,nan,nan,1.0,nan,nan,nan,1.0
tilespmspv_cudagraph,multiarea_mam,NVIDIA GeForce RTX 5090,2.11.0+cu128,12.8,default,0.15,,0.005,1.0,0,400000000,2703d4423b1cbe92,2,20649,256,1,21960982,1063.5373141556493,multiarea_mam,2,4692,615.5277770001732,0.5787552244829751,0.31083470928425944,2081.5999999999985,2809.0,1.0,0.0002,0.0002,0.0001999567170323018,0.2,0.1999567170323018,4.12890625,5.0,6,4382.6640625,6233.0,9565,0.052469271133400414,0.05246927113340043,0.08393439587235234,1.4531693472090823,sampled_16_timesteps_max_2048_sources,converged,1.5625,0.0002,0.00019995671755168587,4.328244831413989e-08,True,20,SpMV,CUSPARSE_SPMV_ALG_DEFAULT,,nan,torch_cuda_event_cudagraph_replay,gpu_execution,full_rsnn,device_adapted,independent_inference,sparse_only,"(256, 1, 20649)","(256, 1, 20649)",20649,20649,1,1,BN,spmspv_csc_dense_device,spmspv_csc_dense_device,none,False,False,True,0,torch.int64,torch.float32,torch.float32,dense_device,,,False,False,False,False,False,True,1.0,82596,285089348,285089348,0,0,False,unknown,unknown,unknown,unknown,unknown,,4.0921278;4.08038378;4.07919979;4.08537579;4.08131218;4.08137608;4.07926416;4.07910395;4.07926416;4.08128023;4.08086395;4.08134413;4.07923222;4.07929611;4.07923222;4.08134413;4.07923222;4.08134413;4.08643198;4.09363222,20,4.082032060623169,0.004211283354259001,4.079103946685791,4.093632221221924,passed,0,0.0,1.1641532182693481e-10,0.0,5.820710580195509e-10,0.0,5.820710580195509e-10,0.0,20649,0,full_state,passed,,4.081072092056274,nan,nan,nan,nan,nan,nan,nan,nan,nan,nan,6.865560527600889
globalatomic_cudagraph,multiarea_mam,NVIDIA GeForce RTX 5090,2.11.0+cu128,12.8,default,0.15,,0.005,1.0,0,400000000,2703d4423b1cbe92,2,20649,256,1,21960982,1063.5373141556493,multiarea_mam,2,4692,615.5277770001732,0.5787552244829751,0.31083470928425944,2081.5999999999985,2809.0,1.0,0.0002,0.0002,0.0001999567170323018,0.2,0.1999567170323018,4.12890625,5.0,6,4382.6640625,6233.0,9565,0.052469271133400414,0.05246927113340043,0.08393439587235234,1.4531693472090823,sampled_16_timesteps_max_2048_sources,converged,1.5625,0.0002,0.00019995671755168587,4.328244831413989e-08,True,20,SpMV,CUSPARSE_SPMV_ALG_DEFAULT,,nan,torch_cuda_event_cudagraph_replay,gpu_execution,full_rsnn,device_adapted,independent_inference,sparse_only,"(256, 1, 20649)","(256, 1, 20649)",20649,20649,1,1,BN,spmspv_csc_dense_device,spmspv_csc_dense_device,none,False,False,True,0,torch.int64,torch.float32,torch.float32,dense_device,,,False,False,False,False,False,True,1.0,82596,285089348,285089348,0,0,False,unknown,unknown,unknown,unknown,unknown,,13.7762556;13.7681599;13.7641602;13.7572479;13.7662716;13.7651844;13.7663679;13.765152;13.7631998;13.7622719;13.7626562;13.7642555;13.7611837;13.762208;13.7611523;13.7642555;13.7694082;13.7652798;13.7662716;13.7632322,20,13.764708709716796,0.003825288295054631,13.757247924804688,13.77625560760498,passed,0,0.0,2.3283064365386963e-10,0.0,1.1641335673218123e-09,0.0,1.1641335673218123e-09,0.0,20649,0,full_state,passed,,13.76425552368164,nan,nan,nan,nan,nan,nan,nan,nan,nan,nan,2.0356238967889126
vdha_cudagraph,multiarea_mam,NVIDIA GeForce RTX 5090,2.11.0+cu128,12.8,default,0.15,,0.005,1.0,0,400000000,2703d4423b1cbe92,2,20649,256,1,21960982,1063.5373141556493,multiarea_mam,2,4692,615.5277770001732,0.5787552244829751,0.31083470928425944,2081.5999999999985,2809.0,1.0,0.0002,0.0002,0.0001999567170323018,0.2,0.1999567170323018,4.12890625,5.0,6,4382.6640625,6233.0,9565,0.052469271133400414,0.05246927113340043,0.08393439587235234,1.4531693472090823,sampled_16_timesteps_max_2048_sources,converged,1.5625,0.0002,0.00019995671755168587,4.328244831413989e-08,True,20,SpMV,CUSPARSE_SPMV_ALG_DEFAULT,,nan,torch_cuda_event_cudagraph_replay,gpu_execution,full_rsnn,device_adapted,independent_inference,sparse_only,"(256, 1, 20649)","(256, 1, 20649)",20649,20649,1,1,BN,spmspv_csc_dense_device,spmspv_csc_dense_device,none,False,False,True,0,torch.int64,torch.float32,torch.float32,dense_device,,,False,False,False,False,False,True,1.0,82596,285089348,285089348,0,0,False,unknown,unknown,unknown,unknown,unknown,,7.439744;7.43097591;7.42787218;7.42723179;7.43232012;7.4299202;7.42867184;7.43183994;7.42883205;7.42969608;7.4302721;7.43187189;7.42988777;7.43024015;7.42771196;7.42675209;7.42771196;7.43289614;7.42774391;7.42672014,20,7.429945611953736,0.002981759690211999,7.426720142364502,7.439743995666504,passed,0,0.0,2.3283064365386963e-10,0.0,1.1641185793109798e-09,0.0,1.1641185793109798e-09,0.0,20649,0,full_state,passed,,7.4297919273376465,nan,nan,nan,nan,nan,nan,nan,nan,nan,nan,3.771148336257011
persistent_spike_block,multiarea_mam,NVIDIA GeForce RTX 5090,2.11.0+cu128,12.8,default,0.15,,0.005,1.0,0,400000000,2703d4423b1cbe92,2,20649,256,1,21960982,1063.5373141556493,multiarea_mam,2,4692,615.5277770001732,0.5787552244829751,0.31083470928425944,2081.5999999999985,2809.0,1.0,0.0002,0.0002,0.0001999567170323018,0.2,0.1999567170323018,4.12890625,5.0,6,4382.6640625,6233.0,9565,0.052469271133400414,0.05246927113340043,0.08393439587235234,1.4531693472090823,sampled_16_timesteps_max_2048_sources,converged,1.5625,0.0002,0.00019995671755168587,4.328244831413989e-08,True,20,SpMV,CUSPARSE_SPMV_ALG_DEFAULT,,nan,torch_cuda_event,gpu_execution,full_rsnn,device_native,independent_inference,full_fusion,"(256, 1, 20649)","(256, 1, 20649)",20649,20649,1,1,BN,event_csr,event_csr,dense_to_events_precomputed,False,True,True,0,torch.int32,torch.float32,torch.float32,windowed_events,,,False,False,False,False,False,False,1.0,2397004,175940904,175940904,0,0,False,unknown,unknown,unknown,unknown,unknown,,2.26614404;2.21942401;2.21692801;2.21737599;2.21887994;2.21734405;2.22515202;2.21942401;2.22089601;2.22355199;2.21900797;2.21939206;2.22112012;2.22147202;2.219136;2.21430397;2.22627211;2.21734405;2.22512007;2.21491194,20,2.222160017490387,0.010852308679440448,2.214303970336914,2.266144037246704,passed,0,0.0,5.21540641784668e-08,4.3655745685100555e-11,2.6053211854559777e-07,8.730625111752488e-09,2.6053211854559777e-07,8.730625111752488e-09,20649,0,full_state,passed,,2.2194080352783203,nan,nan,nan,nan,nan,nan,12.624468786336303,nan,nan,nan,12.624468786336303
cusparse_direct_cudagraph,multiarea_mam,NVIDIA GeForce RTX 5090,2.11.0+cu128,12.8,default,0.15,,0.005,1.0,0,400000000,5ef0fdb306eae831,2,20649,256,1,21960982,1063.5373141556493,multiarea_mam,2,4692,615.5277770001732,0.5787552244829751,0.31083470928425944,2081.5999999999985,2809.0,1.0,0.0005,0.0005,0.0004999863794856894,0.5,0.4999863794856894,10.32421875,11.0,16,10911.5,15017.0,18158,0.16417005624426922,0.16417005624426928,0.05616926995914549,1.549754067347711,sampled_16_timesteps_max_2048_sources,converged,1.5625,0.0005,0.000499986344948411,1.3655051589022554e-08,True,20,SpMV,CUSPARSE_SPMV_ALG_DEFAULT,,nan,torch_cuda_event,gpu_execution,full_rsnn,device_native,independent_inference,sparse_only,"(256, 1, 20649)","(256, 1, 20649)",20649,20649,1,1,BN,csr_post_by_pre,csr_post_by_pre,none,False,False,True,0,torch.int32,torch.float32,torch.float32,dense,,,False,False,False,False,False,True,1.0,85792,218307396,218307396,0,0,False,unknown,unknown,unknown,unknown,unknown,,28.0281277;28.0137272;28.0142403;28.0173111;28.013216;28.0101433;28.0111675;28.0173111;28.0121918;28.0173111;28.013216;28.0142403;28.013216;28.0152645;28.0162888;28.0152645;28.0152645;28.0162888;28.0152645;28.0142403,20,28.0151647567749,0.0036308554875570326,28.010143280029297,28.028127670288086,passed,0,0.0,5.960464477539063e-08,3.4924596548080444e-10,2.9723568673034606e-07,6.980605604667289e-08,2.9723568673034606e-07,6.980605604667289e-08,20649,0,full_state,passed,,28.01475238800049,nan,nan,nan,nan,nan,nan,1.0,nan,nan,nan,1.0
tilespmspv_cudagraph,multiarea_mam,NVIDIA GeForce RTX 5090,2.11.0+cu128,12.8,default,0.15,,0.005,1.0,0,400000000,5ef0fdb306eae831,2,20649,256,1,21960982,1063.5373141556493,multiarea_mam,2,4692,615.5277770001732,0.5787552244829751,0.31083470928425944,2081.5999999999985,2809.0,1.0,0.0005,0.0005,0.0004999863794856894,0.5,0.4999863794856894,10.32421875,11.0,16,10911.5,15017.0,18158,0.16417005624426922,0.16417005624426928,0.05616926995914549,1.549754067347711,sampled_16_timesteps_max_2048_sources,converged,1.5625,0.0005,0.000499986344948411,1.3655051589022554e-08,True,20,SpMV,CUSPARSE_SPMV_ALG_DEFAULT,,nan,torch_cuda_event_cudagraph_replay,gpu_execution,full_rsnn,device_adapted,independent_inference,sparse_only,"(256, 1, 20649)","(256, 1, 20649)",20649,20649,1,1,BN,spmspv_csc_dense_device,spmspv_csc_dense_device,none,False,False,True,0,torch.int64,torch.float32,torch.float32,dense_device,,,False,False,False,False,False,True,1.0,82596,285089348,285089348,0,0,False,unknown,unknown,unknown,unknown,unknown,,4.32444811;4.30899191;4.30656004;4.30607986;4.30416012;4.30614424;4.30595207;4.30611181;4.30607986;4.31033611;4.30607986;4.30864;4.30659199;4.30659199;4.30857611;4.31071997;4.30864;4.31273603;4.30758381;4.30864,20,4.308483195304871,0.004273056671490595,4.304160118103027,4.324448108673096,passed,0,0.0,4.656612873077393e-10,1.1641532182693481e-10,2.3282671346436246e-09,2.3278328598053122e-08,2.3282671346436246e-09,2.3278328598053122e-08,20649,0,full_state,passed,,4.3070878982543945,nan,nan,nan,nan,nan,nan,nan,nan,nan,nan,6.504337280730791
globalatomic_cudagraph,multiarea_mam,NVIDIA GeForce RTX 5090,2.11.0+cu128,12.8,default,0.15,,0.005,1.0,0,400000000,5ef0fdb306eae831,2,20649,256,1,21960982,1063.5373141556493,multiarea_mam,2,4692,615.5277770001732,0.5787552244829751,0.31083470928425944,2081.5999999999985,2809.0,1.0,0.0005,0.0005,0.0004999863794856894,0.5,0.4999863794856894,10.32421875,11.0,16,10911.5,15017.0,18158,0.16417005624426922,0.16417005624426928,0.05616926995914549,1.549754067347711,sampled_16_timesteps_max_2048_sources,converged,1.5625,0.0005,0.000499986344948411,1.3655051589022554e-08,True,20,SpMV,CUSPARSE_SPMV_ALG_DEFAULT,,nan,torch_cuda_event_cudagraph_replay,gpu_execution,full_rsnn,device_adapted,independent_inference,sparse_only,"(256, 1, 20649)","(256, 1, 20649)",20649,20649,1,1,BN,spmspv_csc_dense_device,spmspv_csc_dense_device,none,False,False,True,0,torch.int64,torch.float32,torch.float32,dense_device,,,False,False,False,False,False,True,1.0,82596,285089348,285089348,0,0,False,unknown,unknown,unknown,unknown,unknown,,13.7609596;13.7476797;13.7641277;13.7735043;13.7764797;13.7734404;13.7723837;13.7755203;13.7775679;13.7785597;13.773056;13.7744961;13.7734404;13.7744961;13.7694082;13.7755203;13.7765436;13.7734718;13.7765436;13.7796164,20,13.772340774536133,0.00732773013158579,13.747679710388184,13.779616355895996,passed,0,0.0,9.313225746154785e-10,2.9103830456733704e-11,4.656179442008579e-09,5.820345538865013e-09,4.656179442008579e-09,5.820345538865013e-09,20649,0,full_state,passed,,13.77400016784668,nan,nan,nan,nan,nan,nan,nan,nan,nan,nan,2.033886456121635
vdha_cudagraph,multiarea_mam,NVIDIA GeForce RTX 5090,2.11.0+cu128,12.8,default,0.15,,0.005,1.0,0,400000000,5ef0fdb306eae831,2,20649,256,1,21960982,1063.5373141556493,multiarea_mam,2,4692,615.5277770001732,0.5787552244829751,0.31083470928425944,2081.5999999999985,2809.0,1.0,0.0005,0.0005,0.0004999863794856894,0.5,0.4999863794856894,10.32421875,11.0,16,10911.5,15017.0,18158,0.16417005624426922,0.16417005624426928,0.05616926995914549,1.549754067347711,sampled_16_timesteps_max_2048_sources,converged,1.5625,0.0005,0.000499986344948411,1.3655051589022554e-08,True,20,SpMV,CUSPARSE_SPMV_ALG_DEFAULT,,nan,torch_cuda_event_cudagraph_replay,gpu_execution,full_rsnn,device_adapted,independent_inference,sparse_only,"(256, 1, 20649)","(256, 1, 20649)",20649,20649,1,1,BN,spmspv_csc_dense_device,spmspv_csc_dense_device,none,False,False,True,0,torch.int64,torch.float32,torch.float32,dense_device,,,False,False,False,False,False,True,1.0,82596,285089348,285089348,0,0,False,unknown,unknown,unknown,unknown,unknown,,7.91631985;7.90390396;7.90080023;7.90281582;7.89980793;7.89676809;7.9007678;7.90095997;7.89555216;7.89875221;7.90288019;7.90083218;7.901824;7.90028811;7.89878416;7.90291214;7.8967042;7.89775991;7.89878416;7.90291214,20,7.901006460189819,0.004300658867279666,7.895552158355713,7.916319847106934,passed,0,0.0,9.313225746154785e-10,1.1641532182693481e-10,4.6562576017095125e-09,2.3278328598053122e-08,4.6562576017095125e-09,2.3278328598053122e-08,20649,0,full_state,passed,,7.900784015655518,nan,nan,nan,nan,nan,nan,nan,nan,nan,nan,3.545819292425771
persistent_spike_block,multiarea_mam,NVIDIA GeForce RTX 5090,2.11.0+cu128,12.8,default,0.15,,0.005,1.0,0,400000000,5ef0fdb306eae831,2,20649,256,1,21960982,1063.5373141556493,multiarea_mam,2,4692,615.5277770001732,0.5787552244829751,0.31083470928425944,2081.5999999999985,2809.0,1.0,0.0005,0.0005,0.0004999863794856894,0.5,0.4999863794856894,10.32421875,11.0,16,10911.5,15017.0,18158,0.16417005624426922,0.16417005624426928,0.05616926995914549,1.549754067347711,sampled_16_timesteps_max_2048_sources,converged,1.5625,0.0005,0.000499986344948411,1.3655051589022554e-08,True,20,SpMV,CUSPARSE_SPMV_ALG_DEFAULT,,nan,torch_cuda_event,gpu_execution,full_rsnn,device_native,independent_inference,full_fusion,"(256, 1, 20649)","(256, 1, 20649)",20649,20649,1,1,BN,event_csr,event_csr,dense_to_events_precomputed,False,True,True,0,torch.int32,torch.float32,torch.float32,windowed_events,,,False,False,False,False,False,False,1.0,2397004,175947248,175947248,0,0,False,unknown,unknown,unknown,unknown,unknown,,2.5606401;2.5180161;2.52457595;2.52003193;2.52662396;2.51993608;2.52047992;2.51811194;2.52147198;2.51289606;2.51839995;2.51590395;2.52252793;2.51814389;2.52147198;2.51590395;2.52467203;2.51395202;2.52211189;2.51904011,20,2.5217455863952636,0.009808068912036703,2.5128960609436035,2.5606400966644287,passed,0,0.0,5.960464477539063e-08,1.1641532182693481e-10,2.9723568673034606e-07,2.3278328598053122e-08,2.9723568673034606e-07,2.3278328598053122e-08,20649,0,full_state,passed,,2.519984006881714,nan,nan,nan,nan,nan,nan,11.117035787328899,nan,nan,nan,11.117035787328899
cusparse_direct_cudagraph,multiarea_mam,NVIDIA GeForce RTX 5090,2.11.0+cu128,12.8,default,0.15,,0.005,1.0,0,400000000,4339bf2ba81c9819,2,20649,256,1,21960982,1063.5373141556493,multiarea_mam,2,4692,615.5277770001732,0.5787552244829751,0.31083470928425944,2081.5999999999985,2809.0,1.0,0.001,0.001,0.0009999727589713788,1.0,0.9999727589713788,20.6484375,21.0,40,22024.22265625,26566.25,43318,0.3141891909120703,0.31418919091207037,0.08258176394104462,1.9371925841846387,sampled_16_timesteps_max_2048_sources,converged,1.5625,0.001,0.000999972689896822,2.731010317804511e-08,True,20,SpMV,CUSPARSE_SPMV_ALG_DEFAULT,,nan,torch_cuda_event,gpu_execution,full_rsnn,device_native,independent_inference,sparse_only,"(256, 1, 20649)","(256, 1, 20649)",20649,20649,1,1,BN,csr_post_by_pre,csr_post_by_pre,none,False,False,True,0,torch.int32,torch.float32,torch.float32,dense,,,False,False,False,False,False,True,1.0,85792,218307396,218307396,0,0,False,unknown,unknown,unknown,unknown,unknown,,28.0391674;28.0278721;28.0244808;28.0214081;28.0296001;28.0244808;28.0254726;28.0296001;28.0285759;28.0275517;28.0255032;28.0265274;28.0275517;28.0285759;28.0275517;28.0275517;28.0305595;28.0296001;28.0275517;28.0326729,20,28.028092765808104,0.0035931584707370808,28.021408081054688,28.039167404174805,passed,0,0.0,1.1920928955078125e-07,9.313225746154785e-10,5.94121047470253e-07,1.860201592762678e-07,5.94121047470253e-07,1.860201592762678e-07,20649,0,full_state,passed,,28.027551651000977,nan,nan,nan,nan,nan,nan,1.0,nan,nan,nan,1.0
tilespmspv_cudagraph,multiarea_mam,NVIDIA GeForce RTX 5090,2.11.0+cu128,12.8,default,0.15,,0.005,1.0,0,400000000,4339bf2ba81c9819,2,20649,256,1,21960982,1063.5373141556493,multiarea_mam,2,4692,615.5277770001732,0.5787552244829751,0.31083470928425944,2081.5999999999985,2809.0,1.0,0.001,0.001,0.0009999727589713788,1.0,0.9999727589713788,20.6484375,21.0,40,22024.22265625,26566.25,43318,0.3141891909120703,0.31418919091207037,0.08258176394104462,1.9371925841846387,sampled_16_timesteps_max_2048_sources,converged,1.5625,0.001,0.000999972689896822,2.731010317804511e-08,True,20,SpMV,CUSPARSE_SPMV_ALG_DEFAULT,,nan,torch_cuda_event_cudagraph_replay,gpu_execution,full_rsnn,device_adapted,independent_inference,sparse_only,"(256, 1, 20649)","(256, 1, 20649)",20649,20649,1,1,BN,spmspv_csc_dense_device,spmspv_csc_dense_device,none,False,False,True,0,torch.int64,torch.float32,torch.float32,dense_device,,,False,False,False,False,False,True,1.0,82596,285089348,285089348,0,0,False,unknown,unknown,unknown,unknown,unknown,,4.5804801;4.57171202;4.57084799;4.57276821;4.57491207;4.57382393;4.57280016;4.57689619;4.57283211;4.57283211;4.57030392;4.57590389;4.57078409;4.57078409;4.57491207;4.57689619;4.57795191;4.57276821;4.57488012;4.57488012,20,4.573998475074768,0.002694743554620017,4.570303916931152,4.580480098724365,passed,0,0.0,1.4901161193847656e-08,2.3283064365386963e-10,7.44362225191253e-08,4.6513822127280946e-08,7.44362225191253e-08,4.6513822127280946e-08,20649,0,full_state,passed,,4.573328018188477,nan,nan,nan,nan,nan,nan,nan,nan,nan,nan,6.1284805156186595
globalatomic_cudagraph,multiarea_mam,NVIDIA GeForce RTX 5090,2.11.0+cu128,12.8,default,0.15,,0.005,1.0,0,400000000,4339bf2ba81c9819,2,20649,256,1,21960982,1063.5373141556493,multiarea_mam,2,4692,615.5277770001732,0.5787552244829751,0.31083470928425944,2081.5999999999985,2809.0,1.0,0.001,0.001,0.0009999727589713788,1.0,0.9999727589713788,20.6484375,21.0,40,22024.22265625,26566.25,43318,0.3141891909120703,0.31418919091207037,0.08258176394104462,1.9371925841846387,sampled_16_timesteps_max_2048_sources,converged,1.5625,0.001,0.000999972689896822,2.731010317804511e-08,True,20,SpMV,CUSPARSE_SPMV_ALG_DEFAULT,,nan,torch_cuda_event_cudagraph_replay,gpu_execution,full_rsnn,device_adapted,independent_inference,sparse_only,"(256, 1, 20649)","(256, 1, 20649)",20649,20649,1,1,BN,spmspv_csc_dense_device,spmspv_csc_dense_device,none,False,False,True,0,torch.int64,torch.float32,torch.float32,dense_device,,,False,False,False,False,False,True,1.0,82596,285089348,285089348,0,0,False,unknown,unknown,unknown,unknown,unknown,,13.7906561;13.7783041;13.7764482;13.7777281;13.7804804;13.7816963;13.7825918;13.7755518;13.7796164;13.7785282;13.7771835;13.7745275;13.7775679;13.7785921;13.78368;13.7755203;13.7806721;13.7754879;13.7827196;13.7775679,20,13.779256010055542,0.003759686949445087,13.774527549743652,13.790656089782715,passed,0,0.0,1.4901161193847656e-08,1.1641532182693481e-10,7.44362225191253e-08,2.3278351690692034e-08,7.44362225191253e-08,2.3278351690692034e-08,20649,0,full_state,passed,,13.778416156768799,nan,nan,nan,nan,nan,nan,nan,nan,nan,nan,2.034163530271375
vdha_cudagraph,multiarea_mam,NVIDIA GeForce RTX 5090,2.11.0+cu128,12.8,default,0.15,,0.005,1.0,0,400000000,4339bf2ba81c9819,2,20649,256,1,21960982,1063.5373141556493,multiarea_mam,2,4692,615.5277770001732,0.5787552244829751,0.31083470928425944,2081.5999999999985,2809.0,1.0,0.001,0.001,0.0009999727589713788,1.0,0.9999727589713788,20.6484375,21.0,40,22024.22265625,26566.25,43318,0.3141891909120703,0.31418919091207037,0.08258176394104462,1.9371925841846387,sampled_16_timesteps_max_2048_sources,converged,1.5625,0.001,0.000999972689896822,2.731010317804511e-08,True,20,SpMV,CUSPARSE_SPMV_ALG_DEFAULT,,nan,torch_cuda_event_cudagraph_replay,gpu_execution,full_rsnn,device_adapted,independent_inference,sparse_only,"(256, 1, 20649)","(256, 1, 20649)",20649,20649,1,1,BN,spmspv_csc_dense_device,spmspv_csc_dense_device,none,False,False,True,0,torch.int64,torch.float32,torch.float32,dense_device,,,False,False,False,False,False,True,1.0,82596,285089348,285089348,0,0,False,unknown,unknown,unknown,unknown,unknown,,7.85827208;7.8483839;7.8476162;7.84639978;7.85155201;7.84972811;7.84745598;7.8446722;7.85152006;7.84764814;7.84751987;7.84860802;7.84748793;7.84707212;7.84758377;7.85065603;7.85164785;7.84966421;7.84758377;7.84860802,20,7.848984003067017,0.002847567129933559,7.844672203063965,7.858272075653076,passed,0,0.0,1.4901161193847656e-08,5.820766091346741e-11,7.44362225191253e-08,1.1640141295288231e-08,7.44362225191253e-08,1.1640141295288231e-08,20649,0,full_state,passed,,7.848016023635864,nan,nan,nan,nan,nan,nan,nan,nan,nan,nan,3.5712913386759686
persistent_spike_block,multiarea_mam,NVIDIA GeForce RTX 5090,2.11.0+cu128,12.8,default,0.15,,0.005,1.0,0,400000000,4339bf2ba81c9819,2,20649,256,1,21960982,1063.5373141556493,multiarea_mam,2,4692,615.5277770001732,0.5787552244829751,0.31083470928425944,2081.5999999999985,2809.0,1.0,0.001,0.001,0.0009999727589713788,1.0,0.9999727589713788,20.6484375,21.0,40,22024.22265625,26566.25,43318,0.3141891909120703,0.31418919091207037,0.08258176394104462,1.9371925841846387,sampled_16_timesteps_max_2048_sources,converged,1.5625,0.001,0.000999972689896822,2.731010317804511e-08,True,20,SpMV,CUSPARSE_SPMV_ALG_DEFAULT,,nan,torch_cuda_event,gpu_execution,full_rsnn,device_native,independent_inference,full_fusion,"(256, 1, 20649)","(256, 1, 20649)",20649,20649,1,1,BN,event_csr,event_csr,dense_to_events_precomputed,False,True,True,0,torch.int32,torch.float32,torch.float32,windowed_events,,,False,False,False,False,False,False,1.0,2397004,175957820,175957820,0,0,False,unknown,unknown,unknown,unknown,unknown,,3.82256007;3.77651191;3.77484798;3.77449608;3.76985598;3.77244806;3.7769599;3.77436805;3.78112006;3.77446389;3.76767993;3.77852798;3.77487993;3.77260804;3.78508806;3.7736001;3.77481604;3.77241611;3.77446389;3.77446389,20,3.777308797836304,0.011275610983206815,3.7676799297332764,3.8225600719451904,passed,0,0.0,1.1920928955078125e-07,4.656612873077393e-10,5.93301422213699e-07,9.301304260134202e-08,5.93301422213699e-07,9.301304260134202e-08,20649,0,full_state,passed,,3.7744799852371216,nan,nan,nan,nan,nan,nan,7.425539878505998,nan,nan,nan,7.425539878505998
cusparse_direct_cudagraph,multiarea_mam,NVIDIA GeForce RTX 5090,2.11.0+cu128,12.8,default,0.15,,0.005,1.0,0,400000000,6bf263e27838bdcf,2,20649,256,1,21960982,1063.5373141556493,multiarea_mam,2,4692,615.5277770001732,0.5787552244829751,0.31083470928425944,2081.5999999999985,2809.0,1.0,0.002,0.002,0.0019999455179427576,2.0,1.9999455179427577,41.296875,41.0,81,43398.52734375,46400.5,88388,0.539092942035837,0.539092942035837,0.09187711581671118,1.9614074914869466,sampled_16_timesteps_max_2048_sources,converged,1.5625,0.002,0.001999945379793644,5.462020635609022e-08,True,20,SpMV,CUSPARSE_SPMV_ALG_DEFAULT,,nan,torch_cuda_event,gpu_execution,full_rsnn,device_native,independent_inference,sparse_only,"(256, 1, 20649)","(256, 1, 20649)",20649,20649,1,1,BN,csr_post_by_pre,csr_post_by_pre,none,False,False,True,0,torch.int32,torch.float32,torch.float32,dense,,,False,False,False,False,False,True,1.0,85792,218307396,218307396,0,0,False,unknown,unknown,unknown,unknown,unknown,,28.0205116;28.0134392;28.0142403;28.0111675;28.013216;28.0121918;28.013216;28.0091209;28.0142403;28.0111675;28.0152645;28.0121288;28.0111675;28.013216;28.0142403;28.0173111;28.0111675;28.0203838;28.0151997;28.0162888,20,28.01394395828247,0.0029676426783733015,28.00912094116211,28.020511627197266,passed,0,0.0,1.1920928955078125e-07,9.313225746154785e-10,5.937654350418597e-07,1.8603073215217591e-07,5.937654350418597e-07,1.8603073215217591e-07,20649,0,full_state,passed,,28.013327598571777,nan,nan,nan,nan,nan,nan,1.0,nan,nan,nan,1.0
tilespmspv_cudagraph,multiarea_mam,NVIDIA GeForce RTX 5090,2.11.0+cu128,12.8,default,0.15,,0.005,1.0,0,400000000,6bf263e27838bdcf,2,20649,256,1,21960982,1063.5373141556493,multiarea_mam,2,4692,615.5277770001732,0.5787552244829751,0.31083470928425944,2081.5999999999985,2809.0,1.0,0.002,0.002,0.0019999455179427576,2.0,1.9999455179427577,41.296875,41.0,81,43398.52734375,46400.5,88388,0.539092942035837,0.539092942035837,0.09187711581671118,1.9614074914869466,sampled_16_timesteps_max_2048_sources,converged,1.5625,0.002,0.001999945379793644,5.462020635609022e-08,True,20,SpMV,CUSPARSE_SPMV_ALG_DEFAULT,,nan,torch_cuda_event_cudagraph_replay,gpu_execution,full_rsnn,device_adapted,independent_inference,sparse_only,"(256, 1, 20649)","(256, 1, 20649)",20649,20649,1,1,BN,spmspv_csc_dense_device,spmspv_csc_dense_device,none,False,False,True,0,torch.int64,torch.float32,torch.float32,dense_device,,,False,False,False,False,False,True,1.0,82596,285089348,285089348,0,0,False,unknown,unknown,unknown,unknown,unknown,,4.70406389;4.70220804;4.69734383;4.69328022;4.69203186;4.69913578;4.69734383;4.69382381;4.70028782;4.69523191;4.69104004;4.69574404;4.69878387;4.69568014;4.69574404;4.69161606;4.69875193;4.69779205;4.69977617;4.69366407,20,4.696667170524597,0.003533800551354012,4.6910400390625,4.704063892364502,passed,0,0.0,1.4901161193847656e-08,4.656612873077393e-10,7.443223637437768e-08,9.309879089869355e-08,7.443223637437768e-08,9.309879089869355e-08,20649,0,full_state,passed,,4.69654393196106,nan,nan,nan,nan,nan,nan,nan,nan,nan,nan,5.964668489085059
globalatomic_cudagraph,multiarea_mam,NVIDIA GeForce RTX 5090,2.11.0+cu128,12.8,default,0.15,,0.005,1.0,0,400000000,6bf263e27838bdcf,2,20649,256,1,21960982,1063.5373141556493,multiarea_mam,2,4692,615.5277770001732,0.5787552244829751,0.31083470928425944,2081.5999999999985,2809.0,1.0,0.002,0.002,0.0019999455179427576,2.0,1.9999455179427577,41.296875,41.0,81,43398.52734375,46400.5,88388,0.539092942035837,0.539092942035837,0.09187711581671118,1.9614074914869466,sampled_16_timesteps_max_2048_sources,converged,1.5625,0.002,0.001999945379793644,5.462020635609022e-08,True,20,SpMV,CUSPARSE_SPMV_ALG_DEFAULT,,nan,torch_cuda_event_cudagraph_replay,gpu_execution,full_rsnn,device_adapted,independent_inference,sparse_only,"(256, 1, 20649)","(256, 1, 20649)",20649,20649,1,1,BN,spmspv_csc_dense_device,spmspv_csc_dense_device,none,False,False,True,0,torch.int64,torch.float32,torch.float32,dense_device,,,False,False,False,False,False,True,1.0,82596,285089348,285089348,0,0,False,unknown,unknown,unknown,unknown,unknown,,13.8109436;13.7989759;13.800992;13.8000002;13.8012161;13.8020802;13.8040962;13.8011198;13.7939844;13.7990084;13.8017282;13.7990723;13.7959995;13.7979841;13.8010883;13.7959995;13.7970238;13.8000956;13.8011198;13.8000641,20,13.800129604339599,0.003507115797937611,13.793984413146973,13.810943603515625,passed,0,0.0,7.450580596923828e-09,4.656612873077393e-10,3.724375474689623e-08,9.309879089869355e-08,3.724375474689623e-08,9.309879089869355e-08,20649,0,full_state,passed,,13.800079822540283,nan,nan,nan,nan,nan,nan,nan,nan,nan,nan,2.0299395335972164
vdha_cudagraph,multiarea_mam,NVIDIA GeForce RTX 5090,2.11.0+cu128,12.8,default,0.15,,0.005,1.0,0,400000000,6bf263e27838bdcf,2,20649,256,1,21960982,1063.5373141556493,multiarea_mam,2,4692,615.5277770001732,0.5787552244829751,0.31083470928425944,2081.5999999999985,2809.0,1.0,0.002,0.002,0.0019999455179427576,2.0,1.9999455179427577,41.296875,41.0,81,43398.52734375,46400.5,88388,0.539092942035837,0.539092942035837,0.09187711581671118,1.9614074914869466,sampled_16_timesteps_max_2048_sources,converged,1.5625,0.002,0.001999945379793644,5.462020635609022e-08,True,20,SpMV,CUSPARSE_SPMV_ALG_DEFAULT,,nan,torch_cuda_event_cudagraph_replay,gpu_execution,full_rsnn,device_adapted,independent_inference,sparse_only,"(256, 1, 20649)","(256, 1, 20649)",20649,20649,1,1,BN,spmspv_csc_dense_device,spmspv_csc_dense_device,none,False,False,True,0,torch.int64,torch.float32,torch.float32,dense_device,,,False,False,False,False,False,True,1.0,82596,285089348,285089348,0,0,False,unknown,unknown,unknown,unknown,unknown,,8.12777615;8.11472034;8.11526394;8.11596775;8.11523247;8.11750412;8.11948776;8.116992;8.11580753;8.11999989;8.12006378;8.11587238;8.11379242;8.11529636;8.11587238;8.11484814;8.12201595;8.11382389;8.11788845;8.11791992,20,8.11730728149414,0.003325626979309156,8.113792419433594,8.127776145935059,passed,0,0.0,7.450580596923828e-09,4.656612873077393e-10,3.724375474689623e-08,9.309879089869355e-08,3.724375474689623e-08,9.309879089869355e-08,20649,0,full_state,passed,,8.115920066833496,nan,nan,nan,nan,nan,nan,nan,nan,nan,nan,3.451651490882838
persistent_spike_block,multiarea_mam,NVIDIA GeForce RTX 5090,2.11.0+cu128,12.8,default,0.15,,0.005,1.0,0,400000000,6bf263e27838bdcf,2,20649,256,1,21960982,1063.5373141556493,multiarea_mam,2,4692,615.5277770001732,0.5787552244829751,0.31083470928425944,2081.5999999999985,2809.0,1.0,0.002,0.002,0.0019999455179427576,2.0,1.9999455179427577,41.296875,41.0,81,43398.52734375,46400.5,88388,0.539092942035837,0.539092942035837,0.09187711581671118,1.9614074914869466,sampled_16_timesteps_max_2048_sources,converged,1.5625,0.002,0.001999945379793644,5.462020635609022e-08,True,20,SpMV,CUSPARSE_SPMV_ALG_DEFAULT,,nan,torch_cuda_event,gpu_execution,full_rsnn,device_native,independent_inference,full_fusion,"(256, 1, 20649)","(256, 1, 20649)",20649,20649,1,1,BN,event_csr,event_csr,dense_to_events_precomputed,False,True,True,0,torch.int32,torch.float32,torch.float32,windowed_events,,,False,False,False,False,False,False,1.0,2397004,175978964,175978964,0,0,False,unknown,unknown,unknown,unknown,unknown,,4.32441616;4.28582382;4.27942419;4.27964783;4.27619219;4.27967978;4.27929592;4.28172779;4.26905584;4.27561617;4.2783041;4.27148819;4.28124809;4.26944017;4.27519989;4.27763224;4.27209616;4.28172779;4.27724791;4.28032017,20,4.279779219627381,0.011363475563064931,4.2690558433532715,4.324416160583496,passed,0,0.0,1.1920928955078125e-07,9.313225746154785e-10,5.934535920459894e-07,1.8603073215217591e-07,5.934535920459894e-07,1.8603073215217591e-07,20649,0,full_state,passed,,4.278800010681152,nan,nan,nan,nan,nan,nan,6.54700559237221,nan,nan,nan,6.54700559237221
cusparse_direct_cudagraph,multiarea_mam,NVIDIA GeForce RTX 5090,2.11.0+cu128,12.8,default,0.15,,0.005,1.0,0,400000000,c6c98e7cce7f9898,2,20649,256,1,21960982,1063.5373141556493,multiarea_mam,2,4692,615.5277770001732,0.5787552244829751,0.31083470928425944,2081.5999999999985,2809.0,1.0,0.005,0.005,0.005000052968666764,5.0,5.000052968666764,103.24609375,101.0,202,109777.23046875,114691.0,221209,0.8066160272483796,0.8066160272483796,0.14775185148561631,1.9564904846581666,sampled_16_timesteps_max_2048_sources,converged,1.5625,0.005,0.005000052973628044,5.2973628044024335e-08,True,20,SpMV,CUSPARSE_SPMV_ALG_DEFAULT,,nan,torch_cuda_event,gpu_execution,full_rsnn,device_native,independent_inference,sparse_only,"(256, 1, 20649)","(256, 1, 20649)",20649,20649,1,1,BN,csr_post_by_pre,csr_post_by_pre,none,False,False,True,0,torch.int32,torch.float32,torch.float32,dense,,,False,False,False,False,False,True,1.0,85792,218307396,218307396,0,0,False,unknown,unknown,unknown,unknown,unknown,,28.0783367;28.0215034;28.0265274;28.0234566;28.0214081;28.0244808;28.0214081;28.0193596;28.0244808;28.0214081;28.0295353;28.0203838;28.0234566;28.0234566;28.0183353;28.0234566;28.0244808;28.0234566;28.0214081;28.0285759,20,28.02594575881958,0.012642240586147003,28.018335342407227,28.078336715698242,passed,0,0.0,1.1920928955078125e-07,9.313225746154785e-10,5.948300554337038e-07,1.8600356099796045e-07,5.948300554337038e-07,1.8600356099796045e-07,20649,0,full_state,passed,,28.023456573486328,nan,nan,nan,nan,nan,nan,1.0,nan,nan,nan,1.0
tilespmspv_cudagraph,multiarea_mam,NVIDIA GeForce RTX 5090,2.11.0+cu128,12.8,default,0.15,,0.005,1.0,0,400000000,c6c98e7cce7f9898,2,20649,256,1,21960982,1063.5373141556493,multiarea_mam,2,4692,615.5277770001732,0.5787552244829751,0.31083470928425944,2081.5999999999985,2809.0,1.0,0.005,0.005,0.005000052968666764,5.0,5.000052968666764,103.24609375,101.0,202,109777.23046875,114691.0,221209,0.8066160272483796,0.8066160272483796,0.14775185148561631,1.9564904846581666,sampled_16_timesteps_max_2048_sources,converged,1.5625,0.005,0.005000052973628044,5.2973628044024335e-08,True,20,SpMV,CUSPARSE_SPMV_ALG_DEFAULT,,nan,torch_cuda_event_cudagraph_replay,gpu_execution,full_rsnn,device_adapted,independent_inference,sparse_only,"(256, 1, 20649)","(256, 1, 20649)",20649,20649,1,1,BN,spmspv_csc_dense_device,spmspv_csc_dense_device,none,False,False,True,0,torch.int64,torch.float32,torch.float32,dense_device,,,False,False,False,False,False,True,1.0,82596,285089348,285089348,0,0,False,unknown,unknown,unknown,unknown,unknown,,4.91743994;4.89929581;4.89743996;4.90406418;4.90409613;4.89683199;4.90262413;4.9000001;4.8990078;4.89811182;4.90416002;4.90355206;4.90259218;4.90051222;4.89743996;4.89641619;4.90051222;4.90153599;4.90665579;4.90256023,20,4.901742434501648,0.0046736977112588046,4.896416187286377,4.917439937591553,passed,0,0.0,1.1920928955078125e-07,9.313225746154785e-10,5.94110417750926e-07,1.860079095195033e-07,5.94110417750926e-07,1.860079095195033e-07,20649,0,full_state,passed,,4.901024103164673,nan,nan,nan,nan,nan,nan,nan,nan,nan,nan,5.717877729960788
globalatomic_cudagraph,multiarea_mam,NVIDIA GeForce RTX 5090,2.11.0+cu128,12.8,default,0.15,,0.005,1.0,0,400000000,c6c98e7cce7f9898,2,20649,256,1,21960982,1063.5373141556493,multiarea_mam,2,4692,615.5277770001732,0.5787552244829751,0.31083470928425944,2081.5999999999985,2809.0,1.0,0.005,0.005,0.005000052968666764,5.0,5.000052968666764,103.24609375,101.0,202,109777.23046875,114691.0,221209,0.8066160272483796,0.8066160272483796,0.14775185148561631,1.9564904846581666,sampled_16_timesteps_max_2048_sources,converged,1.5625,0.005,0.005000052973628044,5.2973628044024335e-08,True,20,SpMV,CUSPARSE_SPMV_ALG_DEFAULT,,nan,torch_cuda_event_cudagraph_replay,gpu_execution,full_rsnn,device_adapted,independent_inference,sparse_only,"(256, 1, 20649)","(256, 1, 20649)",20649,20649,1,1,BN,spmspv_csc_dense_device,spmspv_csc_dense_device,none,False,False,True,0,torch.int64,torch.float32,torch.float32,dense_device,,,False,False,False,False,False,True,1.0,82596,285089348,285089348,0,0,False,unknown,unknown,unknown,unknown,unknown,,13.8349438;13.8254404;13.8215675;13.8206396;13.8174076;13.8246403;13.8206081;13.8215036;13.8247042;13.8215675;13.8263044;13.8205757;13.8175039;13.8205442;13.8174725;13.8206081;13.8215675;13.8206081;13.8246403;13.8195839,20,13.822121572494506,0.003967788101603676,13.817407608032227,13.834943771362305,passed,0,0.0,1.1920928955078125e-07,9.313225746154785e-10,5.94110417750926e-07,1.8606648666263936e-07,5.94110417750926e-07,1.8606648666263936e-07,20649,0,full_state,passed,,13.82107162475586,nan,nan,nan,nan,nan,nan,nan,nan,nan,nan,2.027589273417237
vdha_cudagraph,multiarea_mam,NVIDIA GeForce RTX 5090,2.11.0+cu128,12.8,default,0.15,,0.005,1.0,0,400000000,c6c98e7cce7f9898,2,20649,256,1,21960982,1063.5373141556493,multiarea_mam,2,4692,615.5277770001732,0.5787552244829751,0.31083470928425944,2081.5999999999985,2809.0,1.0,0.005,0.005,0.005000052968666764,5.0,5.000052968666764,103.24609375,101.0,202,109777.23046875,114691.0,221209,0.8066160272483796,0.8066160272483796,0.14775185148561631,1.9564904846581666,sampled_16_timesteps_max_2048_sources,converged,1.5625,0.005,0.005000052973628044,5.2973628044024335e-08,True,20,SpMV,CUSPARSE_SPMV_ALG_DEFAULT,,nan,torch_cuda_event_cudagraph_replay,gpu_execution,full_rsnn,device_adapted,independent_inference,sparse_only,"(256, 1, 20649)","(256, 1, 20649)",20649,20649,1,1,BN,spmspv_csc_dense_device,spmspv_csc_dense_device,none,False,False,True,0,torch.int64,torch.float32,torch.float32,dense_device,,,False,False,False,False,False,True,1.0,82596,285089348,285089348,0,0,False,unknown,unknown,unknown,unknown,unknown,,8.2848959;8.25187206;8.24681568;8.24902439;8.25097561;8.24902439;8.24694443;8.24854374;8.24694443;8.24895954;8.24899197;8.25097561;8.2526083;8.24851227;8.25411224;8.24489594;8.24694443;8.246912;8.25516796;8.25104046,20,8.251208066940308,0.008358797805939348,8.244895935058594,8.284895896911621,passed,0,0.0,1.1920928955078125e-07,1.3969838619232178e-09,5.94110417750926e-07,2.7871735142070975e-07,5.94110417750926e-07,2.7871735142070975e-07,20649,0,full_state,passed,,8.249008178710938,nan,nan,nan,nan,nan,nan,nan,nan,nan,nan,3.397191027863124
persistent_spike_block,multiarea_mam,NVIDIA GeForce RTX 5090,2.11.0+cu128,12.8,default,0.15,,0.005,1.0,0,400000000,c6c98e7cce7f9898,2,20649,256,1,21960982,1063.5373141556493,multiarea_mam,2,4692,615.5277770001732,0.5787552244829751,0.31083470928425944,2081.5999999999985,2809.0,1.0,0.005,0.005,0.005000052968666764,5.0,5.000052968666764,103.24609375,101.0,202,109777.23046875,114691.0,221209,0.8066160272483796,0.8066160272483796,0.14775185148561631,1.9564904846581666,sampled_16_timesteps_max_2048_sources,converged,1.5625,0.005,0.005000052973628044,5.2973628044024335e-08,True,20,SpMV,CUSPARSE_SPMV_ALG_DEFAULT,,nan,torch_cuda_event,gpu_execution,full_rsnn,device_native,independent_inference,full_fusion,"(256, 1, 20649)","(256, 1, 20649)",20649,20649,1,1,BN,event_csr,event_csr,dense_to_events_precomputed,False,True,True,0,torch.int32,torch.float32,torch.float32,windowed_events,,,False,False,False,False,False,False,1.0,2397004,176042400,176042400,0,0,False,unknown,unknown,unknown,unknown,unknown,,4.31638384;4.29865599;4.26092815;4.30630398;4.2629118;4.30015993;4.2690239;4.28787184;4.26492786;4.29811192;4.25884819;4.29811192;4.25468779;4.30425596;4.25888014;4.29145622;4.261024;4.29807997;4.26086378;4.29670382,20,4.2824095487594604,0.020470012496276804,4.254687786102295,4.3163838386535645,passed,0,0.0,1.1920928955078125e-07,1.862645149230957e-09,5.948300554337038e-07,3.7189340673648985e-07,5.948300554337038e-07,3.7189340673648985e-07,20649,0,full_state,passed,,4.289664030075073,nan,nan,nan,nan,nan,nan,6.532785872509435,nan,nan,nan,6.532785872509435
cusparse_direct_cudagraph,multiarea_mam,NVIDIA GeForce RTX 5090,2.11.0+cu128,12.8,default,0.15,,0.005,1.0,0,400000000,1e392333e0a0831b,2,20649,256,1,21960982,1063.5373141556493,multiarea_mam,2,4692,615.5277770001732,0.5787552244829751,0.31083470928425944,2081.5999999999985,2809.0,1.0,0.01,0.01,0.009999916763523657,10.0,9.999916763523657,206.48828125,386.0,386,219580.484375,409149.0,422926,0.9022433185075284,0.9022433185075287,0.23716604546428252,1.869355479465012,sampled_16_timesteps_max_2048_sources,converged,1.5625,0.01,0.009999916888773441,8.311122655889347e-08,True,20,SpMV,CUSPARSE_SPMV_ALG_DEFAULT,,nan,torch_cuda_event,gpu_execution,full_rsnn,device_native,independent_inference,sparse_only,"(256, 1, 20649)","(256, 1, 20649)",20649,20649,1,1,BN,csr_post_by_pre,csr_post_by_pre,none,False,False,True,0,torch.int32,torch.float32,torch.float32,dense,,,False,False,False,False,False,True,1.0,85792,218307396,218307396,0,0,False,unknown,unknown,unknown,unknown,unknown,,28.0799046;28.0157757;28.0121918;28.0173111;28.013216;28.0121918;28.0173111;28.0111675;28.0142403;28.0152645;28.0152645;28.0080967;28.013216;28.0111675;28.0101433;28.0111675;28.013216;28.0121918;28.0091209;28.0142403,20,28.016319942474365,0.015171668961592276,28.00809669494629,28.079904556274414,passed,0,0.0,1.1920928955078125e-07,3.725290298461914e-09,5.947301247033465e-07,7.413309504045174e-07,5.947301247033465e-07,7.413309504045174e-07,20649,0,full_state,passed,,28.013216018676758,nan,nan,nan,nan,nan,nan,1.0,nan,nan,nan,1.0
tilespmspv_cudagraph,multiarea_mam,NVIDIA GeForce RTX 5090,2.11.0+cu128,12.8,default,0.15,,0.005,1.0,0,400000000,1e392333e0a0831b,2,20649,256,1,21960982,1063.5373141556493,multiarea_mam,2,4692,615.5277770001732,0.5787552244829751,0.31083470928425944,2081.5999999999985,2809.0,1.0,0.01,0.01,0.009999916763523657,10.0,9.999916763523657,206.48828125,386.0,386,219580.484375,409149.0,422926,0.9022433185075284,0.9022433185075287,0.23716604546428252,1.869355479465012,sampled_16_timesteps_max_2048_sources,converged,1.5625,0.01,0.009999916888773441,8.311122655889347e-08,True,20,SpMV,CUSPARSE_SPMV_ALG_DEFAULT,,nan,torch_cuda_event_cudagraph_replay,gpu_execution,full_rsnn,device_adapted,independent_inference,sparse_only,"(256, 1, 20649)","(256, 1, 20649)",20649,20649,1,1,BN,spmspv_csc_dense_device,spmspv_csc_dense_device,none,False,False,True,0,torch.int64,torch.float32,torch.float32,dense_device,,,False,False,False,False,False,True,1.0,82596,285089348,285089348,0,0,False,unknown,unknown,unknown,unknown,unknown,,5.0459199;5.03036785;5.03670406;5.03168011;5.0313921;5.03260803;5.03356791;5.03465605;5.03356791;5.03561592;5.0383358;5.02950382;5.03056002;5.03366423;5.03567982;5.03257608;5.03161621;5.03465605;5.03366423;5.03359985,20,5.033996796607971,0.003571228900823125,5.02950382232666,5.045919895172119,passed,0,0.0,1.1920928955078125e-07,5.587935447692871e-09,5.939371590102382e-07,1.1091143505836953e-06,5.939371590102382e-07,1.1091143505836953e-06,20649,0,full_state,passed,,5.033583879470825,nan,nan,nan,nan,nan,nan,nan,nan,nan,nan,5.565262582178675
globalatomic_cudagraph,multiarea_mam,NVIDIA GeForce RTX 5090,2.11.0+cu128,12.8,default,0.15,,0.005,1.0,0,400000000,1e392333e0a0831b,2,20649,256,1,21960982,1063.5373141556493,multiarea_mam,2,4692,615.5277770001732,0.5787552244829751,0.31083470928425944,2081.5999999999985,2809.0,1.0,0.01,0.01,0.009999916763523657,10.0,9.999916763523657,206.48828125,386.0,386,219580.484375,409149.0,422926,0.9022433185075284,0.9022433185075287,0.23716604546428252,1.869355479465012,sampled_16_timesteps_max_2048_sources,converged,1.5625,0.01,0.009999916888773441,8.311122655889347e-08,True,20,SpMV,CUSPARSE_SPMV_ALG_DEFAULT,,nan,torch_cuda_event_cudagraph_replay,gpu_execution,full_rsnn,device_adapted,independent_inference,sparse_only,"(256, 1, 20649)","(256, 1, 20649)",20649,20649,1,1,BN,spmspv_csc_dense_device,spmspv_csc_dense_device,none,False,False,True,0,torch.int64,torch.float32,torch.float32,dense_device,,,False,False,False,False,False,True,1.0,82596,285089348,285089348,0,0,False,unknown,unknown,unknown,unknown,unknown,,13.8719683;13.8500795;13.8481922;13.8430719;13.8461437;13.8471355;13.851264;13.8503036;13.8532801;13.8461761;13.8468161;13.8472004;13.8441277;13.8492165;13.8482237;13.8430719;13.8451843;13.8502398;13.8554239;13.8461761,20,13.849164772033692,0.006247474314817649,13.843071937561035,13.871968269348145,passed,0,0.0,1.1920928955078125e-07,3.725290298461914e-09,5.944768872723216e-07,7.416987841679656e-07,5.944768872723216e-07,7.416987841679656e-07,20649,0,full_state,passed,,13.847696304321289,nan,nan,nan,nan,nan,nan,nan,nan,nan,nan,2.0229513561714234
vdha_cudagraph,multiarea_mam,NVIDIA GeForce RTX 5090,2.11.0+cu128,12.8,default,0.15,,0.005,1.0,0,400000000,1e392333e0a0831b,2,20649,256,1,21960982,1063.5373141556493,multiarea_mam,2,4692,615.5277770001732,0.5787552244829751,0.31083470928425944,2081.5999999999985,2809.0,1.0,0.01,0.01,0.009999916763523657,10.0,9.999916763523657,206.48828125,386.0,386,219580.484375,409149.0,422926,0.9022433185075284,0.9022433185075287,0.23716604546428252,1.869355479465012,sampled_16_timesteps_max_2048_sources,converged,1.5625,0.01,0.009999916888773441,8.311122655889347e-08,True,20,SpMV,CUSPARSE_SPMV_ALG_DEFAULT,,nan,torch_cuda_event_cudagraph_replay,gpu_execution,full_rsnn,device_adapted,independent_inference,sparse_only,"(256, 1, 20649)","(256, 1, 20649)",20649,20649,1,1,BN,spmspv_csc_dense_device,spmspv_csc_dense_device,none,False,False,True,0,torch.int64,torch.float32,torch.float32,dense_device,,,False,False,False,False,False,True,1.0,82596,285089348,285089348,0,0,False,unknown,unknown,unknown,unknown,unknown,,8.49571228;8.47939205;8.47820759;8.4803524;8.48249626;8.48451233;8.47625637;8.47635174;8.48031998;8.47836781;8.47225571;8.48262405;8.48227215;8.47785568;8.47833633;8.47840023;8.47833633;8.47635174;8.47836781;8.47628784,20,8.479652833938598,0.004697841423387317,8.47225570678711,8.495712280273438,passed,0,0.0,1.1920928955078125e-07,3.725290298461914e-09,5.944768872723216e-07,7.418074119414086e-07,5.944768872723216e-07,7.418074119414086e-07,20649,0,full_state,passed,,8.478367805480957,nan,nan,nan,nan,nan,nan,nan,nan,nan,nan,3.3040812407981677
persistent_spike_block,multiarea_mam,NVIDIA GeForce RTX 5090,2.11.0+cu128,12.8,default,0.15,,0.005,1.0,0,400000000,1e392333e0a0831b,2,20649,256,1,21960982,1063.5373141556493,multiarea_mam,2,4692,615.5277770001732,0.5787552244829751,0.31083470928425944,2081.5999999999985,2809.0,1.0,0.01,0.01,0.009999916763523657,10.0,9.999916763523657,206.48828125,386.0,386,219580.484375,409149.0,422926,0.9022433185075284,0.9022433185075287,0.23716604546428252,1.869355479465012,sampled_16_timesteps_max_2048_sources,converged,1.5625,0.01,0.009999916888773441,8.311122655889347e-08,True,20,SpMV,CUSPARSE_SPMV_ALG_DEFAULT,,nan,torch_cuda_event,gpu_execution,full_rsnn,device_native,independent_inference,full_fusion,"(256, 1, 20649)","(256, 1, 20649)",20649,20649,1,1,BN,event_csr,event_csr,dense_to_events_precomputed,False,True,True,0,torch.int32,torch.float32,torch.float32,windowed_events,,,False,False,False,False,False,False,1.0,2397004,176148120,176148120,0,0,False,unknown,unknown,unknown,unknown,unknown,,4.3624959;4.31209612;4.31865597;4.31001616;4.31859207;4.31414413;4.32064009;4.31209612;4.3288641;4.31612778;4.31452799;4.31609583;4.31862402;4.31206417;4.32070398;4.31001616;4.32163191;4.31203222;4.3161602;4.31311989,20,4.31843523979187,0.011360284425301752,4.31001615524292,4.3624958992004395,passed,0,0.0,3.5762786865234375e-07,4.7497451305389404e-08,1.780239131221606e-06,9.447710908716545e-06,1.780239131221606e-06,9.447710908716545e-06,20649,0,full_state,passed,,4.31611180305481,nan,nan,nan,nan,nan,nan,6.490382385101766,nan,nan,nan,6.490382385101766
cusparse_direct_cudagraph,multiarea_mam,NVIDIA GeForce RTX 5090,2.11.0+cu128,12.8,default,0.15,,0.005,1.0,0,400000000,d7679ad815d0ff6b,2,20649,256,1,21960982,1063.5373141556493,multiarea_mam,2,4692,615.5277770001732,0.5787552244829751,0.31083470928425944,2081.5999999999985,2809.0,1.0,0.01,0.02,0.020000022700857184,20.0,20.000022700857183,412.98046875,772.0,775,438788.875,818418.5,842582,0.9480948110125027,0.9480948110125027,0.23654604752938607,1.8766020638839231,sampled_16_timesteps_max_2048_sources,converged,2.8578758239746094,0.02,0.020000021904706955,2.190470695453972e-08,True,20,SpMV,CUSPARSE_SPMV_ALG_DEFAULT,,nan,torch_cuda_event,gpu_execution,full_rsnn,device_native,independent_inference,sparse_only,"(256, 1, 20649)","(256, 1, 20649)",20649,20649,1,1,BN,csr_post_by_pre,csr_post_by_pre,none,False,False,True,0,torch.int32,torch.float32,torch.float32,dense,,,False,False,False,False,False,True,1.0,85792,218307396,218307396,0,0,False,unknown,unknown,unknown,unknown,unknown,,28.0365124;28.0133762;28.0162888;28.013216;28.0193596;28.0162888;28.0152645;28.013216;28.0162563;28.0152645;28.013216;28.0183353;28.013216;28.0172806;28.0121918;28.0192966;28.0173111;28.0162563;28.0173111;28.0183353,20,28.016889667510988,0.005113637854196327,28.012191772460938,28.03651237487793,passed,0,0.0,2.384185791015625e-07,7.450580596923828e-09,1.1886077118106186e-06,1.4752605466128443e-06,1.1886077118106186e-06,1.4752605466128443e-06,20649,0,full_state,passed,,28.01627254486084,nan,nan,nan,nan,nan,nan,1.0,nan,nan,nan,1.0
tilespmspv_cudagraph,multiarea_mam,NVIDIA GeForce RTX 5090,2.11.0+cu128,12.8,default,0.15,,0.005,1.0,0,400000000,d7679ad815d0ff6b,2,20649,256,1,21960982,1063.5373141556493,multiarea_mam,2,4692,615.5277770001732,0.5787552244829751,0.31083470928425944,2081.5999999999985,2809.0,1.0,0.01,0.02,0.020000022700857184,20.0,20.000022700857183,412.98046875,772.0,775,438788.875,818418.5,842582,0.9480948110125027,0.9480948110125027,0.23654604752938607,1.8766020638839231,sampled_16_timesteps_max_2048_sources,converged,2.8578758239746094,0.02,0.020000021904706955,2.190470695453972e-08,True,20,SpMV,CUSPARSE_SPMV_ALG_DEFAULT,,nan,torch_cuda_event_cudagraph_replay,gpu_execution,full_rsnn,device_adapted,independent_inference,sparse_only,"(256, 1, 20649)","(256, 1, 20649)",20649,20649,1,1,BN,spmspv_csc_dense_device,spmspv_csc_dense_device,none,False,False,True,0,torch.int64,torch.float32,torch.float32,dense_device,,,False,False,False,False,False,True,1.0,82596,285089348,285089348,0,0,False,unknown,unknown,unknown,unknown,unknown,,5.42655993;5.41443205;5.41404819;5.40550423;5.41801596;5.41347218;5.40940809;5.41606379;5.412992;5.41401577;5.41718388;5.41251183;5.41353607;5.4176321;5.41251183;5.40944004;5.41254377;5.41353607;5.42169619;5.4289279,20,5.415201592445373,0.005511644647255324,5.40550422668457,5.428927898406982,passed,0,0.0,2.421438694000244e-07,2.60770320892334e-08,1.2101861557312077e-06,5.138816050020978e-06,1.2101861557312077e-06,5.138816050020978e-06,20649,0,full_state,passed,,5.41377592086792,nan,nan,nan,nan,nan,nan,nan,nan,nan,nan,5.174996703662858
globalatomic_cudagraph,multiarea_mam,NVIDIA GeForce RTX 5090,2.11.0+cu128,12.8,default,0.15,,0.005,1.0,0,400000000,d7679ad815d0ff6b,2,20649,256,1,21960982,1063.5373141556493,multiarea_mam,2,4692,615.5277770001732,0.5787552244829751,0.31083470928425944,2081.5999999999985,2809.0,1.0,0.01,0.02,0.020000022700857184,20.0,20.000022700857183,412.98046875,772.0,775,438788.875,818418.5,842582,0.9480948110125027,0.9480948110125027,0.23654604752938607,1.8766020638839231,sampled_16_timesteps_max_2048_sources,converged,2.8578758239746094,0.02,0.020000021904706955,2.190470695453972e-08,True,20,SpMV,CUSPARSE_SPMV_ALG_DEFAULT,,nan,torch_cuda_event_cudagraph_replay,gpu_execution,full_rsnn,device_adapted,independent_inference,sparse_only,"(256, 1, 20649)","(256, 1, 20649)",20649,20649,1,1,BN,spmspv_csc_dense_device,spmspv_csc_dense_device,none,False,False,True,0,torch.int64,torch.float32,torch.float32,dense_device,,,False,False,False,False,False,True,1.0,82596,285089348,285089348,0,0,False,unknown,unknown,unknown,unknown,unknown,,13.9022083;13.8911676;13.8890877;13.8902397;13.8901758;13.8890877;13.8881598;13.8911676;13.8922243;13.8901443;13.8928318;13.8922558;13.8840637;13.8850555;13.8840637;13.889184;13.8840637;13.8902082;13.885088;13.8860798,20,13.88932785987854,0.004207271107619404,13.884063720703125,13.90220832824707,passed,0,0.0,2.384185791015625e-07,1.4901161193847656e-08,1.1896752312168246e-06,2.936713144663372e-06,1.1896752312168246e-06,2.936713144663372e-06,20649,0,full_state,passed,,13.88966417312622,nan,nan,nan,nan,nan,nan,nan,nan,nan,nan,2.0170590300568128
vdha_cudagraph,multiarea_mam,NVIDIA GeForce RTX 5090,2.11.0+cu128,12.8,default,0.15,,0.005,1.0,0,400000000,d7679ad815d0ff6b,2,20649,256,1,21960982,1063.5373141556493,multiarea_mam,2,4692,615.5277770001732,0.5787552244829751,0.31083470928425944,2081.5999999999985,2809.0,1.0,0.01,0.02,0.020000022700857184,20.0,20.000022700857183,412.98046875,772.0,775,438788.875,818418.5,842582,0.9480948110125027,0.9480948110125027,0.23654604752938607,1.8766020638839231,sampled_16_timesteps_max_2048_sources,converged,2.8578758239746094,0.02,0.020000021904706955,2.190470695453972e-08,True,20,SpMV,CUSPARSE_SPMV_ALG_DEFAULT,,nan,torch_cuda_event_cudagraph_replay,gpu_execution,full_rsnn,device_adapted,independent_inference,sparse_only,"(256, 1, 20649)","(256, 1, 20649)",20649,20649,1,1,BN,spmspv_csc_dense_device,spmspv_csc_dense_device,none,False,False,True,0,torch.int64,torch.float32,torch.float32,dense_device,,,False,False,False,False,False,True,1.0,82596,285089348,285089348,0,0,False,unknown,unknown,unknown,unknown,unknown,,8.53763199;8.52220821;8.52550411;8.52361584;8.52531242;8.52547169;8.52544022;8.52960014;8.52339172;8.52137566;8.5256319;8.52528;8.53158379;8.53318405;8.52339172;8.5285759;8.52547169;8.52748775;8.52345562;8.52547169,20,8.526454305648803,0.003972431421757288,8.52137565612793,8.53763198852539,passed,0,0.0,2.384185791015625e-07,1.1175870895385742e-08,1.1890497262356803e-06,2.202481709900894e-06,1.1890497262356803e-06,2.202481709900894e-06,20649,0,full_state,passed,,8.525471687316895,nan,nan,nan,nan,nan,nan,nan,nan,nan,nan,3.2861844566957936
persistent_spike_block,multiarea_mam,NVIDIA GeForce RTX 5090,2.11.0+cu128,12.8,default,0.15,,0.005,1.0,0,400000000,d7679ad815d0ff6b,2,20649,256,1,21960982,1063.5373141556493,multiarea_mam,2,4692,615.5277770001732,0.5787552244829751,0.31083470928425944,2081.5999999999985,2809.0,1.0,0.01,0.02,0.020000022700857184,20.0,20.000022700857183,412.98046875,772.0,775,438788.875,818418.5,842582,0.9480948110125027,0.9480948110125027,0.23654604752938607,1.8766020638839231,sampled_16_timesteps_max_2048_sources,converged,2.8578758239746094,0.02,0.020000021904706955,2.190470695453972e-08,True,20,SpMV,CUSPARSE_SPMV_ALG_DEFAULT,,nan,torch_cuda_event,gpu_execution,full_rsnn,device_native,independent_inference,full_fusion,"(256, 1, 20649)","(256, 1, 20649)",20649,20649,1,1,BN,event_csr,event_csr,dense_to_events_precomputed,False,True,True,0,torch.int32,torch.float32,torch.float32,windowed_events,,,False,False,False,False,False,False,1.0,2397004,176148120,176148120,0,0,False,unknown,unknown,unknown,unknown,unknown,,4.51711988;4.49679995;4.48201609;4.496768;4.49020815;4.49683189;4.47395182;4.5018878;4.48614407;4.49884796;4.48188782;4.50089598;4.47580814;4.49884796;4.47699213;4.49679995;4.48627186;4.50086403;4.48409605;4.50563192,20,4.492433571815491,0.011244591951603681,4.473951816558838,4.517119884490967,passed,0,0.0,1.169741153717041e-06,1.341104507446289e-07,5.846346539328806e-06,2.6429654099047184e-05,5.846346539328806e-06,2.6429654099047184e-05,20649,0,full_state,passed,,4.496783971786499,nan,nan,nan,nan,nan,nan,6.2302909636396056,nan,nan,nan,6.2302909636396056
cusparse_direct_cudagraph,multiarea_mam,NVIDIA GeForce RTX 5090,2.11.0+cu128,12.8,default,0.15,,0.005,1.0,0,400000000,6bed21474580a895,2,20649,256,1,21960982,1063.5373141556493,multiarea_mam,2,4692,615.5277770001732,0.5787552244829751,0.31083470928425944,2081.5999999999985,2809.0,1.0,0.01,0.05,0.04999996216523803,50.0,49.999962165238024,1032.44921875,1929.5,1977,1092685.890625,2047540.75,2118808,0.975450249923719,0.9754502499237188,0.24249427825785777,1.9148641541843388,sampled_16_timesteps_max_2048_sources,converged,6.763553619384766,0.05,0.04999995976686478,4.023313522616423e-08,True,20,SpMV,CUSPARSE_SPMV_ALG_DEFAULT,,nan,torch_cuda_event,gpu_execution,full_rsnn,device_native,independent_inference,sparse_only,"(256, 1, 20649)","(256, 1, 20649)",20649,20649,1,1,BN,csr_post_by_pre,csr_post_by_pre,none,False,False,True,0,torch.int32,torch.float32,torch.float32,dense,,,False,False,False,False,False,True,1.0,85792,218307396,218307396,0,0,False,unknown,unknown,unknown,unknown,unknown,,28.0602245;28.0177593;28.0121288;28.0131512;28.0173111;28.0121918;28.0152645;28.013216;28.0162563;28.0152645;28.0152645;28.0121918;28.0152645;28.0152645;28.0183353;28.013216;28.013216;28.0142403;28.0152645;28.0162888,20,28.017065715789794,0.010324249439650759,28.012128829956055,28.060224533081055,passed,0,0.0,8.344650268554688e-07,2.2351741790771484e-08,4.14053829445038e-06,4.289719527150737e-06,4.14053829445038e-06,4.289719527150737e-06,20649,0,full_state,passed,,28.0152645111084,nan,nan,nan,nan,nan,nan,1.0,nan,nan,nan,1.0
tilespmspv_cudagraph,multiarea_mam,NVIDIA GeForce RTX 5090,2.11.0+cu128,12.8,default,0.15,,0.005,1.0,0,400000000,6bed21474580a895,2,20649,256,1,21960982,1063.5373141556493,multiarea_mam,2,4692,615.5277770001732,0.5787552244829751,0.31083470928425944,2081.5999999999985,2809.0,1.0,0.01,0.05,0.04999996216523803,50.0,49.999962165238024,1032.44921875,1929.5,1977,1092685.890625,2047540.75,2118808,0.975450249923719,0.9754502499237188,0.24249427825785777,1.9148641541843388,sampled_16_timesteps_max_2048_sources,converged,6.763553619384766,0.05,0.04999995976686478,4.023313522616423e-08,True,20,SpMV,CUSPARSE_SPMV_ALG_DEFAULT,,nan,torch_cuda_event_cudagraph_replay,gpu_execution,full_rsnn,device_adapted,independent_inference,sparse_only,"(256, 1, 20649)","(256, 1, 20649)",20649,20649,1,1,BN,spmspv_csc_dense_device,spmspv_csc_dense_device,none,False,False,True,0,torch.int64,torch.float32,torch.float32,dense_device,,,False,False,False,False,False,True,1.0,82596,285089348,285089348,0,0,False,unknown,unknown,unknown,unknown,unknown,,6.56655979;6.55507183;6.56041622;6.55840015;6.55625582;6.5603838;6.55833578;6.55945587;6.5603199;6.56252813;6.56192017;6.56041622;6.56451178;6.55424023;6.56447983;6.55532789;6.56041622;6.5603838;6.56659222;6.55836821,20,6.560219192504883,0.0035433013348591985,6.5542402267456055,6.566592216491699,passed,0,0.0,1.9073486328125e-06,1.7881393432617188e-07,9.254436008632183e-06,3.4483626222936437e-05,9.254436008632183e-06,3.4483626222936437e-05,20649,0,full_state,passed,,6.5603837966918945,nan,nan,nan,nan,nan,nan,nan,nan,nan,nan,4.270369749592277
globalatomic_cudagraph,multiarea_mam,NVIDIA GeForce RTX 5090,2.11.0+cu128,12.8,default,0.15,,0.005,1.0,0,400000000,6bed21474580a895,2,20649,256,1,21960982,1063.5373141556493,multiarea_mam,2,4692,615.5277770001732,0.5787552244829751,0.31083470928425944,2081.5999999999985,2809.0,1.0,0.01,0.05,0.04999996216523803,50.0,49.999962165238024,1032.44921875,1929.5,1977,1092685.890625,2047540.75,2118808,0.975450249923719,0.9754502499237188,0.24249427825785777,1.9148641541843388,sampled_16_timesteps_max_2048_sources,converged,6.763553619384766,0.05,0.04999995976686478,4.023313522616423e-08,True,20,SpMV,CUSPARSE_SPMV_ALG_DEFAULT,,nan,torch_cuda_event_cudagraph_replay,gpu_execution,full_rsnn,device_adapted,independent_inference,sparse_only,"(256, 1, 20649)","(256, 1, 20649)",20649,20649,1,1,BN,spmspv_csc_dense_device,spmspv_csc_dense_device,none,False,False,True,0,torch.int64,torch.float32,torch.float32,dense_device,,,False,False,False,False,False,True,1.0,82596,285089348,285089348,0,0,False,unknown,unknown,unknown,unknown,unknown,,14.3599358;14.3455362;14.3447037;14.3407679;14.3428164;14.3366718;14.3376322;14.3469439;14.3365765;14.34272;14.3382082;14.3325758;14.3438396;14.3428164;14.3387203;14.3366718;14.3428164;14.3366718;14.3417597;14.3448639,20,14.341662406921387,0.005744374453523016,14.332575798034668,14.359935760498047,passed,0,0.0,9.5367431640625e-07,9.685754776000977e-08,4.555004124995321e-06,1.872651046141982e-05,4.555004124995321e-06,1.872651046141982e-05,20649,0,full_state,passed,,14.34223985671997,nan,nan,nan,nan,nan,nan,nan,nan,nan,nan,1.9533395613922893
vdha_cudagraph,multiarea_mam,NVIDIA GeForce RTX 5090,2.11.0+cu128,12.8,default,0.15,,0.005,1.0,0,400000000,6bed21474580a895,2,20649,256,1,21960982,1063.5373141556493,multiarea_mam,2,4692,615.5277770001732,0.5787552244829751,0.31083470928425944,2081.5999999999985,2809.0,1.0,0.01,0.05,0.04999996216523803,50.0,49.999962165238024,1032.44921875,1929.5,1977,1092685.890625,2047540.75,2118808,0.975450249923719,0.9754502499237188,0.24249427825785777,1.9148641541843388,sampled_16_timesteps_max_2048_sources,converged,6.763553619384766,0.05,0.04999995976686478,4.023313522616423e-08,True,20,SpMV,CUSPARSE_SPMV_ALG_DEFAULT,,nan,torch_cuda_event_cudagraph_replay,gpu_execution,full_rsnn,device_adapted,independent_inference,sparse_only,"(256, 1, 20649)","(256, 1, 20649)",20649,20649,1,1,BN,spmspv_csc_dense_device,spmspv_csc_dense_device,none,False,False,True,0,torch.int64,torch.float32,torch.float32,dense_device,,,False,False,False,False,False,True,1.0,82596,285089348,285089348,0,0,False,unknown,unknown,unknown,unknown,unknown,,9.66371155;9.64934444;9.66409588;9.66105556;9.66108799;9.66003227;9.65894413;9.66844845;9.66307163;9.66726398;9.66207981;9.6651516;9.66614437;9.66259193;9.66720009;9.66623974;9.66310406;9.65804768;9.66723156;9.66105556,20,9.662795114517213,0.004339523927659838,9.649344444274902,9.668448448181152,passed,0,0.0,9.5367431640625e-07,1.1920928955078125e-07,4.555004124995321e-06,2.3051552489050664e-05,4.555004124995321e-06,2.3051552489050664e-05,20649,0,full_state,passed,,9.663087844848633,nan,nan,nan,nan,nan,nan,nan,nan,nan,nan,2.899204163402412
persistent_spike_block,multiarea_mam,NVIDIA GeForce RTX 5090,2.11.0+cu128,12.8,default,0.15,,0.005,1.0,0,400000000,6bed21474580a895,2,20649,256,1,21960982,1063.5373141556493,multiarea_mam,2,4692,615.5277770001732,0.5787552244829751,0.31083470928425944,2081.5999999999985,2809.0,1.0,0.01,0.05,0.04999996216523803,50.0,49.999962165238024,1032.44921875,1929.5,1977,1092685.890625,2047540.75,2118808,0.975450249923719,0.9754502499237188,0.24249427825785777,1.9148641541843388,sampled_16_timesteps_max_2048_sources,converged,6.763553619384766,0.05,0.04999995976686478,4.023313522616423e-08,True,20,SpMV,CUSPARSE_SPMV_ALG_DEFAULT,,nan,torch_cuda_event,gpu_execution,full_rsnn,device_native,independent_inference,full_fusion,"(256, 1, 20649)","(256, 1, 20649)",20649,20649,1,1,BN,event_csr,event_csr,dense_to_events_precomputed,False,True,True,0,torch.int32,torch.float32,torch.float32,windowed_events,,,False,False,False,False,False,False,1.0,2397004,176148120,176148120,0,0,False,unknown,unknown,unknown,unknown,unknown,,4.98752022;4.96943998;4.94547176;4.96755219;4.9433918;4.95004797;4.94537592;4.96332788;4.94739199;4.96329594;4.94947195;4.95807981;4.94345617;4.954144;4.93107224;4.95942402;4.9443841;4.95312023;4.95305586;4.971488,20,4.955025601387024,0.012815235578174324,4.931072235107422,4.987520217895508,passed,0,0.0,6.280839443206787e-06,4.172325134277344e-07,3.1379218853544444e-05,8.028845331864432e-05,3.1379218853544444e-05,8.028845331864432e-05,20649,0,full_state,passed,,4.953088045120239,nan,nan,nan,nan,nan,nan,5.656120839343632,nan,nan,nan,5.656120839343632
