provider,dataset,gpu,torch_version,cuda_version,connectome_root,weight_scale,microns_variant,multiarea_n_scaling,multiarea_k_scaling,multiarea_seed,multiarea_max_nnz,workload_id,input_seed,n_neuron,t_steps,batch_size,graph_synapses,average_fanout,graph_type,graph_seed,graph_max_fanout,graph_fanout_std,graph_fanout_cv,graph_fanout_gini,graph_p95_fanout,graph_p99_fanout,timestep_ms,external_event_rate,requested_activity,measured_activity,requested_firing_rate_hz,measured_firing_rate_hz,mean_active_neurons,p95_active_neurons,max_active_neurons,mean_active_edges,p95_active_edges,max_active_edges,mean_collision_ratio,p95_collision_ratio,temporal_cv,burst_factor,collision_method,calibration_status,calibration_input_amplitude,calibration_target_activity,calibration_measured_activity,calibration_activity_error,calibration_stable,calibration_iterations,direct_cusparse_primitive,direct_cusparse_algorithm,framework_version,build_time_s,timing_method,timing_scope,benchmark_mode,execution_class,state_semantics,fusion_level,logical_shape,physical_shape,logical_n,physical_n,logical_batch,physical_batch,input_layout,operator_layout,required_layout,layout_transform_mode,layout_transform_in_timing,need_layout_transform,input_contiguous,input_address_mod,index_dtype,value_dtype,compute_dtype,spike_representation,selected_kernels,selector_model,uses_host_control,uses_internal_sync,uses_d2h,uses_h2d,allocates_during_run,graph_capturable,padding_ratio,workspace_bytes,total_prepared_bytes,persistent_bytes,run_allocated_bytes,run_reserved_delta,profiler_audited,profiler_cuda_malloc,profiler_cuda_free,profiler_d2h,profiler_h2d,profiler_internal_sync,profiler_unexpected_alloc_ops,latency_samples_ms,sample_count,latency_mean_ms,latency_std_ms,latency_min_ms,latency_max_ms,status,spike_mismatches,spike_mismatch_rate,v_max_abs_diff,psc_max_abs_diff,v_max_normalized_error,psc_max_normalized_error,v_compared_max_normalized_error,psc_compared_max_normalized_error,state_compared_neurons,state_excluded_neurons,correctness_mode,correctness_status,status_detail,latency_ms,speedup_vs_dense_eager,speedup_vs_dense_cudagraph,speedup_vs_csr_eager,speedup_vs_csr_host_e2e,speedup_vs_csr_cudagraph,speedup_vs_cusparse_direct_eager,speedup_vs_cusparse_direct_cudagraph,speedup_vs_genn,speedup_vs_brian2cuda,speedup_vs_same_eager,activity_sweep_speedup_vs_cusparse
cusparse_direct_cudagraph,uniform,NVIDIA GeForce RTX 5090,2.11.0+cu128,12.8,default,0.15,,,,,,43da2c90abc51d2d,0,131072,256,1,16777216,128.0,uniform,0,128,0.0,0.0,0.0,128.0,128.0,1.0,0.0,0.0,0.0,0.0,0.0,0.0,0.0,0,0.0,0.0,0,0.0,0.0,0.0,0.0,sampled_16_timesteps_max_2048_sources,converged,50.0,0.0,0.0,0.0,True,20,SpMV,CUSPARSE_SPMV_ALG_DEFAULT,,nan,torch_cuda_event,gpu_execution,full_rsnn,device_native,independent_inference,sparse_only,"(256, 1, 131072)","(256, 1, 131072)",131072,131072,1,1,BN,csr_post_by_pre,csr_post_by_pre,none,False,False,True,0,torch.int32,torch.float32,torch.float32,dense,,,False,False,False,False,False,True,1.0,65540,404750340,404750340,0,0,False,unknown,unknown,unknown,unknown,unknown,,22.1682568;22.1602879;22.1610565;22.1620808;22.1631031;22.1600323;22.159008;22.1620808;22.1620483;22.1610565;22.1661758;22.159008;22.1600323;22.159008;22.1599998;22.1568966;22.1600323;22.1620808;22.159008;22.1620808,20,22.161166667938232,0.0025764290535241438,22.156896591186523,22.168256759643555,passed,0,0.0,0.0,0.0,0.0,0.0,0.0,0.0,131072,0,full_state,passed,,22.160672187805176,nan,nan,nan,nan,nan,nan,1.0,nan,nan,nan,1.0
tilespmspv_cudagraph,uniform,NVIDIA GeForce RTX 5090,2.11.0+cu128,12.8,default,0.15,,,,,,43da2c90abc51d2d,0,131072,256,1,16777216,128.0,uniform,0,128,0.0,0.0,0.0,128.0,128.0,1.0,0.0,0.0,0.0,0.0,0.0,0.0,0.0,0,0.0,0.0,0,0.0,0.0,0.0,0.0,sampled_16_timesteps_max_2048_sources,converged,50.0,0.0,0.0,0.0,True,20,SpMV,CUSPARSE_SPMV_ALG_DEFAULT,,nan,torch_cuda_event_cudagraph_replay,gpu_execution,full_rsnn,device_adapted,independent_inference,sparse_only,"(256, 1, 131072)","(256, 1, 131072)",131072,131072,1,1,BN,spmspv_csc_dense_device,spmspv_csc_dense_device,none,False,False,True,0,torch.int64,torch.float32,torch.float32,dense_device,,,False,False,False,False,False,True,1.0,524288,338165768,338165768,0,0,False,unknown,unknown,unknown,unknown,unknown,,5.88467216;5.87852812;5.87638378;5.8764801;5.87529612;5.87657595;5.8761282;5.87846422;5.87635183;5.87430382;5.87494421;5.87433577;5.8784318;5.87433577;5.87638378;5.87740803;5.87433577;5.8784318;5.87638378;5.87433577,20,5.8766255378723145,0.0024101131010224246,5.874303817749023,5.884672164916992,passed,0,0.0,0.0,0.0,0.0,0.0,0.0,0.0,131072,0,full_state,passed,,5.8763837814331055,nan,nan,nan,nan,nan,nan,nan,nan,nan,nan,3.7711410643095764
globalatomic_cudagraph,uniform,NVIDIA GeForce RTX 5090,2.11.0+cu128,12.8,default,0.15,,,,,,43da2c90abc51d2d,0,131072,256,1,16777216,128.0,uniform,0,128,0.0,0.0,0.0,128.0,128.0,1.0,0.0,0.0,0.0,0.0,0.0,0.0,0.0,0,0.0,0.0,0,0.0,0.0,0.0,0.0,sampled_16_timesteps_max_2048_sources,converged,50.0,0.0,0.0,0.0,True,20,SpMV,CUSPARSE_SPMV_ALG_DEFAULT,,nan,torch_cuda_event_cudagraph_replay,gpu_execution,full_rsnn,device_adapted,independent_inference,sparse_only,"(256, 1, 131072)","(256, 1, 131072)",131072,131072,1,1,BN,spmspv_csc_dense_device,spmspv_csc_dense_device,none,False,False,True,0,torch.int64,torch.float32,torch.float32,dense_device,,,False,False,False,False,False,True,1.0,524288,338165768,338165768,0,0,False,unknown,unknown,unknown,unknown,unknown,,11.6982718;11.6892796;11.6882238;11.6953917;11.6902399;11.6896963;11.6864319;11.6870403;11.6890879;11.6860161;11.6871042;11.6886082;11.6896324;11.6886082;11.6834879;11.6875839;11.6864958;11.6855364;11.6886082;11.6875839,20,11.688646411895752,0.0032725659552544843,11.683487892150879,11.698271751403809,passed,0,0.0,0.0,0.0,0.0,0.0,0.0,0.0,131072,0,full_state,passed,,11.688416004180908,nan,nan,nan,nan,nan,nan,nan,nan,nan,nan,1.8959516995184271
vdha_cudagraph,uniform,NVIDIA GeForce RTX 5090,2.11.0+cu128,12.8,default,0.15,,,,,,43da2c90abc51d2d,0,131072,256,1,16777216,128.0,uniform,0,128,0.0,0.0,0.0,128.0,128.0,1.0,0.0,0.0,0.0,0.0,0.0,0.0,0.0,0,0.0,0.0,0,0.0,0.0,0.0,0.0,sampled_16_timesteps_max_2048_sources,converged,50.0,0.0,0.0,0.0,True,20,SpMV,CUSPARSE_SPMV_ALG_DEFAULT,,nan,torch_cuda_event_cudagraph_replay,gpu_execution,full_rsnn,device_adapted,independent_inference,sparse_only,"(256, 1, 131072)","(256, 1, 131072)",131072,131072,1,1,BN,spmspv_csc_dense_device,spmspv_csc_dense_device,none,False,False,True,0,torch.int64,torch.float32,torch.float32,dense_device,,,False,False,False,False,False,True,1.0,524288,338165768,338165768,0,0,False,unknown,unknown,unknown,unknown,unknown,,6.14953613;6.13040018;6.13590384;6.13248014;6.1282239;6.13593578;6.13395214;6.13388777;6.13644791;6.13238382;6.13199997;6.13199997;6.13401604;6.13292789;6.12828779;6.13238382;6.12828779;6.13443184;6.13238382;6.13443184,20,6.133515119552612,0.004479766524221121,6.128223896026611,6.1495361328125,passed,0,0.0,0.0,0.0,0.0,0.0,0.0,0.0,131072,0,full_state,passed,,6.132704019546509,nan,nan,nan,nan,nan,nan,nan,nan,nan,nan,3.613523841550709
persistent_spike_block,uniform,NVIDIA GeForce RTX 5090,2.11.0+cu128,12.8,default,0.15,,,,,,43da2c90abc51d2d,0,131072,256,1,16777216,128.0,uniform,0,128,0.0,0.0,0.0,128.0,128.0,1.0,0.0,0.0,0.0,0.0,0.0,0.0,0.0,0,0.0,0.0,0,0.0,0.0,0.0,0.0,sampled_16_timesteps_max_2048_sources,converged,50.0,0.0,0.0,0.0,True,20,SpMV,CUSPARSE_SPMV_ALG_DEFAULT,,nan,torch_cuda_event,gpu_execution,full_rsnn,device_native,independent_inference,full_fusion,"(256, 1, 131072)","(256, 1, 131072)",131072,131072,1,1,BN,event_csr,event_csr,dense_to_events_precomputed,False,True,True,0,torch.int32,torch.float32,torch.float32,windowed_events,,,False,False,False,False,False,False,1.0,3719184,135791624,135791624,0,0,False,unknown,unknown,unknown,unknown,unknown,,1.87763202;1.84665596;1.84313595;1.84464002;1.84115195;1.84563196;1.84092796;1.84870398;1.84307206;1.84870398;1.84319997;1.84774399;1.843328;1.84767997;1.84335995;1.84665596;1.84329605;1.84358394;1.84627199;1.84627199,20,1.8465823829174042,0.007672181096601803,1.8409279584884644,1.8776320219039917,passed,0,0.0,0.0,0.0,0.0,0.0,0.0,0.0,131072,0,full_state,passed,,1.8451359868049622,nan,nan,nan,nan,nan,nan,12.010319210227209,nan,nan,nan,12.010319210227209
cusparse_direct_cudagraph,uniform,NVIDIA GeForce RTX 5090,2.11.0+cu128,12.8,default,0.15,,,,,,027305839d3e0bba,0,131072,256,1,16777216,128.0,uniform,0,128,0.0,0.0,0.0,128.0,128.0,1.0,0.0001,0.0001,9.998679161071777e-05,0.1,0.09998679161071777,13.10546875,14.0,14,1677.5,1792.0,1792,0.0,0.0,0.0243883694954714,1.0682563338301043,sampled_16_timesteps_max_2048_sources,converged,1.5625,0.0001,9.998679161071777e-05,1.3208389282231355e-08,True,20,SpMV,CUSPARSE_SPMV_ALG_DEFAULT,,nan,torch_cuda_event,gpu_execution,full_rsnn,device_native,independent_inference,sparse_only,"(256, 1, 131072)","(256, 1, 131072)",131072,131072,1,1,BN,csr_post_by_pre,csr_post_by_pre,none,False,False,True,0,torch.int32,torch.float32,torch.float32,dense,,,False,False,False,False,False,True,1.0,65540,404750340,404750340,0,0,False,unknown,unknown,unknown,unknown,unknown,,22.13904;22.1275845;22.1262398;22.1313591;22.1241913;22.1293125;22.1262398;22.1293125;22.1282883;22.127264;22.1293125;22.1282883;22.127264;22.1241913;22.1293125;22.1221447;22.1252155;22.1262398;22.1251526;22.1303368,20,22.127814483642577,0.0035146571692518946,22.12214469909668,22.139039993286133,passed,0,0.0,7.450580596923828e-09,0.0,3.724334263210949e-08,0.0,3.724334263210949e-08,0.0,131072,0,full_state,passed,,22.127424240112305,nan,nan,nan,nan,nan,nan,1.0,nan,nan,nan,1.0
tilespmspv_cudagraph,uniform,NVIDIA GeForce RTX 5090,2.11.0+cu128,12.8,default,0.15,,,,,,027305839d3e0bba,0,131072,256,1,16777216,128.0,uniform,0,128,0.0,0.0,0.0,128.0,128.0,1.0,0.0001,0.0001,9.998679161071777e-05,0.1,0.09998679161071777,13.10546875,14.0,14,1677.5,1792.0,1792,0.0,0.0,0.0243883694954714,1.0682563338301043,sampled_16_timesteps_max_2048_sources,converged,1.5625,0.0001,9.998679161071777e-05,1.3208389282231355e-08,True,20,SpMV,CUSPARSE_SPMV_ALG_DEFAULT,,nan,torch_cuda_event_cudagraph_replay,gpu_execution,full_rsnn,device_adapted,independent_inference,sparse_only,"(256, 1, 131072)","(256, 1, 131072)",131072,131072,1,1,BN,spmspv_csc_dense_device,spmspv_csc_dense_device,none,False,False,True,0,torch.int64,torch.float32,torch.float32,dense_device,,,False,False,False,False,False,True,1.0,524288,338165768,338165768,0,0,False,unknown,unknown,unknown,unknown,unknown,,5.97718382;5.96723223;5.96447992;5.96646404;5.96841621;5.9663682;5.9653759;5.96646404;5.96649599;5.96441603;5.96608019;5.96444798;5.96547222;5.96239996;5.96444798;5.96444798;5.96854401;5.96239996;5.96649599;5.96547222,20,5.966155242919922,0.0030642424488059004,5.962399959564209,5.977183818817139,passed,0,0.0,0.0,0.0,0.0,0.0,0.0,0.0,131072,0,full_state,passed,,5.965776205062866,nan,nan,nan,nan,nan,nan,nan,nan,nan,nan,3.7090603937395152
globalatomic_cudagraph,uniform,NVIDIA GeForce RTX 5090,2.11.0+cu128,12.8,default,0.15,,,,,,027305839d3e0bba,0,131072,256,1,16777216,128.0,uniform,0,128,0.0,0.0,0.0,128.0,128.0,1.0,0.0001,0.0001,9.998679161071777e-05,0.1,0.09998679161071777,13.10546875,14.0,14,1677.5,1792.0,1792,0.0,0.0,0.0243883694954714,1.0682563338301043,sampled_16_timesteps_max_2048_sources,converged,1.5625,0.0001,9.998679161071777e-05,1.3208389282231355e-08,True,20,SpMV,CUSPARSE_SPMV_ALG_DEFAULT,,nan,torch_cuda_event_cudagraph_replay,gpu_execution,full_rsnn,device_adapted,independent_inference,sparse_only,"(256, 1, 131072)","(256, 1, 131072)",131072,131072,1,1,BN,spmspv_csc_dense_device,spmspv_csc_dense_device,none,False,False,True,0,torch.int64,torch.float32,torch.float32,dense_device,,,False,False,False,False,False,True,1.0,524288,338165768,338165768,0,0,False,unknown,unknown,unknown,unknown,unknown,,11.7094717;11.6958084;11.7005119;11.6972799;11.6989441;11.7014084;11.7035837;11.700448;11.6979198;11.7024317;11.6972799;11.6968002;11.699872;11.6978235;11.6947517;11.6978235;11.6946878;11.6978235;11.6968002;11.695776,20,11.698862314224243,0.0034879347205774504,11.694687843322754,11.709471702575684,passed,0,0.0,0.0,0.0,0.0,0.0,0.0,0.0,131072,0,full_state,passed,,11.697823524475098,nan,nan,nan,nan,nan,nan,nan,nan,nan,nan,1.8915847203384104
vdha_cudagraph,uniform,NVIDIA GeForce RTX 5090,2.11.0+cu128,12.8,default,0.15,,,,,,027305839d3e0bba,0,131072,256,1,16777216,128.0,uniform,0,128,0.0,0.0,0.0,128.0,128.0,1.0,0.0001,0.0001,9.998679161071777e-05,0.1,0.09998679161071777,13.10546875,14.0,14,1677.5,1792.0,1792,0.0,0.0,0.0243883694954714,1.0682563338301043,sampled_16_timesteps_max_2048_sources,converged,1.5625,0.0001,9.998679161071777e-05,1.3208389282231355e-08,True,20,SpMV,CUSPARSE_SPMV_ALG_DEFAULT,,nan,torch_cuda_event_cudagraph_replay,gpu_execution,full_rsnn,device_adapted,independent_inference,sparse_only,"(256, 1, 131072)","(256, 1, 131072)",131072,131072,1,1,BN,spmspv_csc_dense_device,spmspv_csc_dense_device,none,False,False,True,0,torch.int64,torch.float32,torch.float32,dense_device,,,False,False,False,False,False,True,1.0,524288,338165768,338165768,0,0,False,unknown,unknown,unknown,unknown,unknown,,8.25315189;8.23324776;8.24060822;8.23628807;8.24070358;8.24489594;8.23670387;8.23824024;8.23657608;8.2409277;8.24220753;8.23395157;8.24223995;8.23523235;8.23865604;8.23875237;8.23465633;8.23875237;8.23875237;8.24076843,20,8.239265632629394,0.004458956560622942,8.233247756958008,8.253151893615723,passed,0,0.0,0.0,0.0,0.0,0.0,0.0,0.0,131072,0,full_state,passed,,8.238752365112305,nan,nan,nan,nan,nan,nan,nan,nan,nan,nan,2.685773677797716
persistent_spike_block,uniform,NVIDIA GeForce RTX 5090,2.11.0+cu128,12.8,default,0.15,,,,,,027305839d3e0bba,0,131072,256,1,16777216,128.0,uniform,0,128,0.0,0.0,0.0,128.0,128.0,1.0,0.0001,0.0001,9.998679161071777e-05,0.1,0.09998679161071777,13.10546875,14.0,14,1677.5,1792.0,1792,0.0,0.0,0.0243883694954714,1.0682563338301043,sampled_16_timesteps_max_2048_sources,converged,1.5625,0.0001,9.998679161071777e-05,1.3208389282231355e-08,True,20,SpMV,CUSPARSE_SPMV_ALG_DEFAULT,,nan,torch_cuda_event,gpu_execution,full_rsnn,device_native,independent_inference,full_fusion,"(256, 1, 131072)","(256, 1, 131072)",131072,131072,1,1,BN,event_csr,event_csr,dense_to_events_precomputed,False,True,True,0,torch.int32,torch.float32,torch.float32,windowed_events,,,False,False,False,False,False,False,1.0,3719184,135805044,135805044,0,0,False,unknown,unknown,unknown,unknown,unknown,,2.329216;2.2974081;2.29571199;2.29520011;2.29580808;2.29622412;2.29379201;2.29839993;2.30086398;2.29823995;2.29068804;2.29424;2.29993606;2.29926395;2.29785609;2.30233598;2.29580808;2.30543995;2.29993606;2.29683208,20,2.299160027503967,0.007786881969406016,2.2906880378723145,2.3292160034179688,passed,0,0.0,7.450580596923828e-09,0.0,3.724334263210949e-08,0.0,3.724334263210949e-08,0.0,131072,0,full_state,passed,,2.297632098197937,nan,nan,nan,nan,nan,nan,9.630534086578583,nan,nan,nan,9.630534086578583
cusparse_direct_cudagraph,uniform,NVIDIA GeForce RTX 5090,2.11.0+cu128,12.8,default,0.15,,,,,,f961c9c831ae1eb9,0,131072,256,1,16777216,128.0,uniform,0,128,0.0,0.0,0.0,128.0,128.0,1.0,0.0002,0.0002,0.00020000338554382324,0.2,0.20000338554382324,26.21484375,27.0,27,3355.5,3456.0,3456,0.0,0.0,0.016720254098582965,1.029950827000447,sampled_16_timesteps_max_2048_sources,converged,1.5625,0.0002,0.00020000338554382324,3.385543823232603e-09,True,20,SpMV,CUSPARSE_SPMV_ALG_DEFAULT,,nan,torch_cuda_event,gpu_execution,full_rsnn,device_native,independent_inference,sparse_only,"(256, 1, 131072)","(256, 1, 131072)",131072,131072,1,1,BN,csr_post_by_pre,csr_post_by_pre,none,False,False,True,0,torch.int32,torch.float32,torch.float32,dense,,,False,False,False,False,False,True,1.0,65540,404750340,404750340,0,0,False,unknown,unknown,unknown,unknown,unknown,,22.1308804;22.121376;22.1221447;22.1231689;22.1221447;22.1170235;22.1221447;22.119072;22.1221447;22.1170235;22.1262398;22.1252155;22.1211205;22.1180477;22.1211205;22.1262398;22.1231689;22.1241913;22.1170235;22.1180477,20,22.121876907348632,0.0036165974346876618,22.117023468017578,22.13088035583496,passed,0,0.0,4.6566128730773926e-09,0.0,2.3280579242168642e-08,0.0,2.3280579242168642e-08,0.0,131072,0,full_state,passed,,22.12214469909668,nan,nan,nan,nan,nan,nan,1.0,nan,nan,nan,1.0
tilespmspv_cudagraph,uniform,NVIDIA GeForce RTX 5090,2.11.0+cu128,12.8,default,0.15,,,,,,f961c9c831ae1eb9,0,131072,256,1,16777216,128.0,uniform,0,128,0.0,0.0,0.0,128.0,128.0,1.0,0.0002,0.0002,0.00020000338554382324,0.2,0.20000338554382324,26.21484375,27.0,27,3355.5,3456.0,3456,0.0,0.0,0.016720254098582965,1.029950827000447,sampled_16_timesteps_max_2048_sources,converged,1.5625,0.0002,0.00020000338554382324,3.385543823232603e-09,True,20,SpMV,CUSPARSE_SPMV_ALG_DEFAULT,,nan,torch_cuda_event_cudagraph_replay,gpu_execution,full_rsnn,device_adapted,independent_inference,sparse_only,"(256, 1, 131072)","(256, 1, 131072)",131072,131072,1,1,BN,spmspv_csc_dense_device,spmspv_csc_dense_device,none,False,False,True,0,torch.int64,torch.float32,torch.float32,dense_device,,,False,False,False,False,False,True,1.0,524288,338165768,338165768,0,0,False,unknown,unknown,unknown,unknown,unknown,,6.00963211;5.99737597;5.99916792;5.99510384;5.99516821;6.00124788;5.99919987;5.99820805;5.99923182;5.99708796;5.99884796;5.99516821;5.99721622;5.99926376;5.99823999;5.99721622;5.99926376;5.99721622;5.99926376;5.99516821,20,5.998414397239685,0.0031444318205936096,5.99510383605957,6.009632110595703,passed,0,0.0,0.0,0.0,0.0,0.0,0.0,0.0,131072,0,full_state,passed,,5.9982240200042725,nan,nan,nan,nan,nan,nan,nan,nan,nan,nan,3.6881157864925695
globalatomic_cudagraph,uniform,NVIDIA GeForce RTX 5090,2.11.0+cu128,12.8,default,0.15,,,,,,f961c9c831ae1eb9,0,131072,256,1,16777216,128.0,uniform,0,128,0.0,0.0,0.0,128.0,128.0,1.0,0.0002,0.0002,0.00020000338554382324,0.2,0.20000338554382324,26.21484375,27.0,27,3355.5,3456.0,3456,0.0,0.0,0.016720254098582965,1.029950827000447,sampled_16_timesteps_max_2048_sources,converged,1.5625,0.0002,0.00020000338554382324,3.385543823232603e-09,True,20,SpMV,CUSPARSE_SPMV_ALG_DEFAULT,,nan,torch_cuda_event_cudagraph_replay,gpu_execution,full_rsnn,device_adapted,independent_inference,sparse_only,"(256, 1, 131072)","(256, 1, 131072)",131072,131072,1,1,BN,spmspv_csc_dense_device,spmspv_csc_dense_device,none,False,False,True,0,torch.int64,torch.float32,torch.float32,dense_device,,,False,False,False,False,False,True,1.0,524288,338165768,338165768,0,0,False,unknown,unknown,unknown,unknown,unknown,,11.7262716;11.7093124;11.7106876;11.7142715;11.7071676;11.7080002;11.708128;11.7089596;11.707552;11.7086401;11.711648;11.7070398;11.7121601;11.7101116;11.7070398;11.7080641;11.7069759;11.7080317;11.7080641;11.7111359,20,11.709963083267212,0.004323167983714765,11.706975936889648,11.726271629333496,passed,0,0.0,0.0,0.0,0.0,0.0,0.0,0.0,131072,0,full_state,passed,,11.708384037017822,nan,nan,nan,nan,nan,nan,nan,nan,nan,nan,1.8894276638991496
vdha_cudagraph,uniform,NVIDIA GeForce RTX 5090,2.11.0+cu128,12.8,default,0.15,,,,,,f961c9c831ae1eb9,0,131072,256,1,16777216,128.0,uniform,0,128,0.0,0.0,0.0,128.0,128.0,1.0,0.0002,0.0002,0.00020000338554382324,0.2,0.20000338554382324,26.21484375,27.0,27,3355.5,3456.0,3456,0.0,0.0,0.016720254098582965,1.029950827000447,sampled_16_timesteps_max_2048_sources,converged,1.5625,0.0002,0.00020000338554382324,3.385543823232603e-09,True,20,SpMV,CUSPARSE_SPMV_ALG_DEFAULT,,nan,torch_cuda_event_cudagraph_replay,gpu_execution,full_rsnn,device_adapted,independent_inference,sparse_only,"(256, 1, 131072)","(256, 1, 131072)",131072,131072,1,1,BN,spmspv_csc_dense_device,spmspv_csc_dense_device,none,False,False,True,0,torch.int64,torch.float32,torch.float32,dense_device,,,False,False,False,False,False,True,1.0,524288,338165768,338165768,0,0,False,unknown,unknown,unknown,unknown,unknown,,8.31478405;8.28611183;8.28783989;8.29404831;8.28582382;8.28988838;8.28176022;8.28585625;8.28787231;8.28384018;8.28188801;8.28982353;8.29199982;8.28121567;8.28585625;8.28176022;8.28995228;8.28790379;8.28380775;8.284832,20,8.287843227386475,0.00726885627914001,8.28121566772461,8.314784049987793,passed,0,0.0,0.0,0.0,0.0,0.0,0.0,0.0,131072,0,full_state,passed,,8.28598403930664,nan,nan,nan,nan,nan,nan,nan,nan,nan,nan,2.669827095267713
persistent_spike_block,uniform,NVIDIA GeForce RTX 5090,2.11.0+cu128,12.8,default,0.15,,,,,,f961c9c831ae1eb9,0,131072,256,1,16777216,128.0,uniform,0,128,0.0,0.0,0.0,128.0,128.0,1.0,0.0002,0.0002,0.00020000338554382324,0.2,0.20000338554382324,26.21484375,27.0,27,3355.5,3456.0,3456,0.0,0.0,0.016720254098582965,1.029950827000447,sampled_16_timesteps_max_2048_sources,converged,1.5625,0.0002,0.00020000338554382324,3.385543823232603e-09,True,20,SpMV,CUSPARSE_SPMV_ALG_DEFAULT,,nan,torch_cuda_event,gpu_execution,full_rsnn,device_native,independent_inference,full_fusion,"(256, 1, 131072)","(256, 1, 131072)",131072,131072,1,1,BN,event_csr,event_csr,dense_to_events_precomputed,False,True,True,0,torch.int32,torch.float32,torch.float32,windowed_events,,,False,False,False,False,False,False,1.0,3719184,135818468,135818468,0,0,False,unknown,unknown,unknown,unknown,unknown,,2.37350392;2.33583999;2.33411193;2.33686399;2.33414412;2.33676791;2.337152;2.33881593;2.33417606;2.33881593;2.33823991;2.33676791;2.33513594;2.33478403;2.34022403;2.33881593;2.3425281;2.33872008;2.33676791;2.33779192,20,2.3389983773231506,0.008407522269781196,2.3341119289398193,2.3735039234161377,passed,0,0.0,4.6566128730773926e-09,0.0,2.3280579242168642e-08,0.0,2.3280579242168642e-08,0.0,131072,0,full_state,passed,,2.337007999420166,nan,nan,nan,nan,nan,nan,9.466011543214826,nan,nan,nan,9.466011543214826
cusparse_direct_cudagraph,uniform,NVIDIA GeForce RTX 5090,2.11.0+cu128,12.8,default,0.15,,,,,,a32cc36a181a385f,0,131072,256,1,16777216,128.0,uniform,0,128,0.0,0.0,0.0,128.0,128.0,1.0,0.0005,0.0005,0.0004999935626983643,0.5,0.49999356269836426,65.53515625,66.0,66,8388.5,8448.0,8448,0.0,0.0,0.0076106098655446585,1.0070930440483996,sampled_16_timesteps_max_2048_sources,converged,1.5625,0.0005,0.0004999935626983643,6.437301635752596e-09,True,20,SpMV,CUSPARSE_SPMV_ALG_DEFAULT,,nan,torch_cuda_event,gpu_execution,full_rsnn,device_native,independent_inference,sparse_only,"(256, 1, 131072)","(256, 1, 131072)",131072,131072,1,1,BN,csr_post_by_pre,csr_post_by_pre,none,False,False,True,0,torch.int32,torch.float32,torch.float32,dense,,,False,False,False,False,False,True,1.0,65540,404750340,404750340,0,0,False,unknown,unknown,unknown,unknown,unknown,,22.1287689;22.1172485;22.1180477;22.1169605;22.1159992;22.119072;22.1119041;22.1129284;22.1139526;22.1170235;22.1159992;22.1149769;22.1149769;22.1139526;22.1129284;22.1180477;22.1170235;22.1159687;22.1170235;22.1180477,20,22.116542530059814,0.0034862310316864874,22.11190414428711,22.128768920898438,passed,0,0.0,1.1175870895385742e-08,0.0,5.5847472424375155e-08,0.0,5.5847472424375155e-08,0.0,131072,0,full_state,passed,,22.116479873657227,nan,nan,nan,nan,nan,nan,1.0,nan,nan,nan,1.0
tilespmspv_cudagraph,uniform,NVIDIA GeForce RTX 5090,2.11.0+cu128,12.8,default,0.15,,,,,,a32cc36a181a385f,0,131072,256,1,16777216,128.0,uniform,0,128,0.0,0.0,0.0,128.0,128.0,1.0,0.0005,0.0005,0.0004999935626983643,0.5,0.49999356269836426,65.53515625,66.0,66,8388.5,8448.0,8448,0.0,0.0,0.0076106098655446585,1.0070930440483996,sampled_16_timesteps_max_2048_sources,converged,1.5625,0.0005,0.0004999935626983643,6.437301635752596e-09,True,20,SpMV,CUSPARSE_SPMV_ALG_DEFAULT,,nan,torch_cuda_event_cudagraph_replay,gpu_execution,full_rsnn,device_adapted,independent_inference,sparse_only,"(256, 1, 131072)","(256, 1, 131072)",131072,131072,1,1,BN,spmspv_csc_dense_device,spmspv_csc_dense_device,none,False,False,True,0,torch.int64,torch.float32,torch.float32,dense_device,,,False,False,False,False,False,True,1.0,524288,338165768,338165768,0,0,False,unknown,unknown,unknown,unknown,unknown,,6.03423977;6.02553606;6.02534389;6.02547216;6.02342415;6.02313614;6.02537584;6.02447987;6.02544022;6.02534389;6.02342415;6.02793598;6.02383995;6.02588797;6.02179193;6.02896023;6.02179193;6.02588797;6.02383995;6.02377605,20,6.025246405601502,0.0027587680482560623,6.021791934967041,6.034239768981934,passed,0,0.0,0.0,0.0,0.0,0.0,0.0,0.0,131072,0,full_state,passed,,6.025343894958496,nan,nan,nan,nan,nan,nan,nan,nan,nan,nan,3.6705755321555085
globalatomic_cudagraph,uniform,NVIDIA GeForce RTX 5090,2.11.0+cu128,12.8,default,0.15,,,,,,a32cc36a181a385f,0,131072,256,1,16777216,128.0,uniform,0,128,0.0,0.0,0.0,128.0,128.0,1.0,0.0005,0.0005,0.0004999935626983643,0.5,0.49999356269836426,65.53515625,66.0,66,8388.5,8448.0,8448,0.0,0.0,0.0076106098655446585,1.0070930440483996,sampled_16_timesteps_max_2048_sources,converged,1.5625,0.0005,0.0004999935626983643,6.437301635752596e-09,True,20,SpMV,CUSPARSE_SPMV_ALG_DEFAULT,,nan,torch_cuda_event_cudagraph_replay,gpu_execution,full_rsnn,device_adapted,independent_inference,sparse_only,"(256, 1, 131072)","(256, 1, 131072)",131072,131072,1,1,BN,spmspv_csc_dense_device,spmspv_csc_dense_device,none,False,False,True,0,torch.int64,torch.float32,torch.float32,dense_device,,,False,False,False,False,False,True,1.0,524288,338165768,338165768,0,0,False,unknown,unknown,unknown,unknown,unknown,,11.7394876;11.7262077;11.7275839;11.7218876;11.7234879;11.7259521;11.7199364;11.7270403;11.7239037;11.7250242;11.7240324;11.7284803;11.7254725;11.7285442;11.7233915;11.7203522;11.723424;11.7223682;11.7203522;11.723424,20,11.725017642974853,0.004263840118479273,11.71993637084961,11.739487648010254,passed,0,0.0,0.0,0.0,0.0,0.0,0.0,0.0,131072,0,full_state,passed,,11.723968029022217,nan,nan,nan,nan,nan,nan,nan,nan,nan,nan,1.8864329737942616
vdha_cudagraph,uniform,NVIDIA GeForce RTX 5090,2.11.0+cu128,12.8,default,0.15,,,,,,a32cc36a181a385f,0,131072,256,1,16777216,128.0,uniform,0,128,0.0,0.0,0.0,128.0,128.0,1.0,0.0005,0.0005,0.0004999935626983643,0.5,0.49999356269836426,65.53515625,66.0,66,8388.5,8448.0,8448,0.0,0.0,0.0076106098655446585,1.0070930440483996,sampled_16_timesteps_max_2048_sources,converged,1.5625,0.0005,0.0004999935626983643,6.437301635752596e-09,True,20,SpMV,CUSPARSE_SPMV_ALG_DEFAULT,,nan,torch_cuda_event_cudagraph_replay,gpu_execution,full_rsnn,device_adapted,independent_inference,sparse_only,"(256, 1, 131072)","(256, 1, 131072)",131072,131072,1,1,BN,spmspv_csc_dense_device,spmspv_csc_dense_device,none,False,False,True,0,torch.int64,torch.float32,torch.float32,dense_device,,,False,False,False,False,False,True,1.0,524288,338165768,338165768,0,0,False,unknown,unknown,unknown,unknown,unknown,,12.4472961;12.4233923;12.426816;12.4268484;12.4247999;12.4309759;12.4270401;12.424736;12.425024;12.4287996;12.4269123;12.4269123;12.4258556;12.4264002;12.4248323;12.4228163;12.4228163;12.4228163;12.4248638;12.4330559,20,12.42715048789978,0.005417332927041422,12.422816276550293,12.447296142578125,passed,0,0.0,0.0,0.0,0.0,0.0,0.0,0.0,131072,0,full_state,passed,,12.426127910614014,nan,nan,nan,nan,nan,nan,nan,nan,nan,nan,1.7798368110122231
persistent_spike_block,uniform,NVIDIA GeForce RTX 5090,2.11.0+cu128,12.8,default,0.15,,,,,,a32cc36a181a385f,0,131072,256,1,16777216,128.0,uniform,0,128,0.0,0.0,0.0,128.0,128.0,1.0,0.0005,0.0005,0.0004999935626983643,0.5,0.49999356269836426,65.53515625,66.0,66,8388.5,8448.0,8448,0.0,0.0,0.0076106098655446585,1.0070930440483996,sampled_16_timesteps_max_2048_sources,converged,1.5625,0.0005,0.0004999935626983643,6.437301635752596e-09,True,20,SpMV,CUSPARSE_SPMV_ALG_DEFAULT,,nan,torch_cuda_event,gpu_execution,full_rsnn,device_native,independent_inference,full_fusion,"(256, 1, 131072)","(256, 1, 131072)",131072,131072,1,1,BN,event_csr,event_csr,dense_to_events_precomputed,False,True,True,0,torch.int32,torch.float32,torch.float32,windowed_events,,,False,False,False,False,False,False,1.0,3719184,135858732,135858732,0,0,False,unknown,unknown,unknown,unknown,unknown,,2.33974409;2.27324796;2.27081609;2.27340794;2.27369595;2.27734399;2.27465606;2.27327991;2.27263999;2.27324796;2.27574396;2.27638412;2.27468801;2.27942395;2.273664;2.28147197;2.27593589;2.27932811;2.27532792;2.27737594,20,2.2785711884498596,0.01463578961698566,2.2708160877227783,2.3397440910339355,passed,0,0.0,1.1175870895385742e-08,0.0,5.5847472424375155e-08,0.0,5.5847472424375155e-08,0.0,131072,0,full_state,passed,,2.275007963180542,nan,nan,nan,nan,nan,nan,9.72149558665175,nan,nan,nan,9.72149558665175
cusparse_direct_cudagraph,uniform,NVIDIA GeForce RTX 5090,2.11.0+cu128,12.8,default,0.15,,,,,,153a9c2fcafe1f67,0,131072,256,1,16777216,128.0,uniform,0,128,0.0,0.0,0.0,128.0,128.0,1.0,0.001,0.001,0.0009999871253967285,1.0,0.9999871253967285,131.0703125,132.0,132,16777.0,16896.0,16896,0.00020714962121212016,0.00020714962121212016,0.0020639315364106557,1.0070930440483996,sampled_16_timesteps_max_2048_sources,converged,1.5625,0.001,0.0009999871253967285,1.2874603271505192e-08,True,20,SpMV,CUSPARSE_SPMV_ALG_DEFAULT,,nan,torch_cuda_event,gpu_execution,full_rsnn,device_native,independent_inference,sparse_only,"(256, 1, 131072)","(256, 1, 131072)",131072,131072,1,1,BN,csr_post_by_pre,csr_post_by_pre,none,False,False,True,0,torch.int32,torch.float32,torch.float32,dense,,,False,False,False,False,False,True,1.0,65540,404750340,404750340,0,0,False,unknown,unknown,unknown,unknown,unknown,,22.1281281;22.1173439;22.1119041;22.1170235;22.1139526;22.1067848;22.1159992;22.1108799;22.1119041;22.1149769;22.1139526;22.1149769;22.1149445;22.1139526;22.1149769;22.1159992;22.1129284;22.1159992;22.1129284;22.1098557,20,22.11447057723999,0.0041122392045462525,22.10678482055664,22.128128051757812,passed,0,0.0,1.4901161193847656e-08,2.3283064365386963e-10,7.434412196971607e-08,4.6550610477424925e-08,7.434412196971607e-08,4.6550610477424925e-08,131072,0,full_state,passed,,22.11444854736328,nan,nan,nan,nan,nan,nan,1.0,nan,nan,nan,1.0
tilespmspv_cudagraph,uniform,NVIDIA GeForce RTX 5090,2.11.0+cu128,12.8,default,0.15,,,,,,153a9c2fcafe1f67,0,131072,256,1,16777216,128.0,uniform,0,128,0.0,0.0,0.0,128.0,128.0,1.0,0.001,0.001,0.0009999871253967285,1.0,0.9999871253967285,131.0703125,132.0,132,16777.0,16896.0,16896,0.00020714962121212016,0.00020714962121212016,0.0020639315364106557,1.0070930440483996,sampled_16_timesteps_max_2048_sources,converged,1.5625,0.001,0.0009999871253967285,1.2874603271505192e-08,True,20,SpMV,CUSPARSE_SPMV_ALG_DEFAULT,,nan,torch_cuda_event_cudagraph_replay,gpu_execution,full_rsnn,device_adapted,independent_inference,sparse_only,"(256, 1, 131072)","(256, 1, 131072)",131072,131072,1,1,BN,spmspv_csc_dense_device,spmspv_csc_dense_device,none,False,False,True,0,torch.int64,torch.float32,torch.float32,dense_device,,,False,False,False,False,False,True,1.0,524288,338165768,338165768,0,0,False,unknown,unknown,unknown,unknown,unknown,,6.05855989;6.04896021;6.0504961;6.04838419;6.05260801;6.05030394;6.04835176;6.04630423;6.04739189;6.05043221;6.04595184;6.04841614;6.05046415;6.05046415;6.05046415;6.04841614;6.04432011;6.04943991;6.05251217;6.04633617,20,6.049428868293762,0.003037530970354851,6.044320106506348,6.058559894561768,passed,0,0.0,0.0,0.0,0.0,0.0,0.0,0.0,131072,0,full_state,passed,,6.049200057983398,nan,nan,nan,nan,nan,nan,nan,nan,nan,nan,3.6557641234195684
globalatomic_cudagraph,uniform,NVIDIA GeForce RTX 5090,2.11.0+cu128,12.8,default,0.15,,,,,,153a9c2fcafe1f67,0,131072,256,1,16777216,128.0,uniform,0,128,0.0,0.0,0.0,128.0,128.0,1.0,0.001,0.001,0.0009999871253967285,1.0,0.9999871253967285,131.0703125,132.0,132,16777.0,16896.0,16896,0.00020714962121212016,0.00020714962121212016,0.0020639315364106557,1.0070930440483996,sampled_16_timesteps_max_2048_sources,converged,1.5625,0.001,0.0009999871253967285,1.2874603271505192e-08,True,20,SpMV,CUSPARSE_SPMV_ALG_DEFAULT,,nan,torch_cuda_event_cudagraph_replay,gpu_execution,full_rsnn,device_adapted,independent_inference,sparse_only,"(256, 1, 131072)","(256, 1, 131072)",131072,131072,1,1,BN,spmspv_csc_dense_device,spmspv_csc_dense_device,none,False,False,True,0,torch.int64,torch.float32,torch.float32,dense_device,,,False,False,False,False,False,True,1.0,524288,338165768,338165768,0,0,False,unknown,unknown,unknown,unknown,unknown,,11.7642879;11.7509441;11.749568;11.744544;11.7517118;11.7511044;11.7485123;11.7480001;11.751008;11.7521601;11.7484484;11.755168;11.7500477;11.7531204;11.7469759;11.7480001;11.7531204;11.7520962;11.7551041;11.751008,20,11.75124650001526,0.004059806810107066,11.74454402923584,11.764287948608398,passed,0,0.0,0.0,0.0,0.0,0.0,0.0,0.0,131072,0,full_state,passed,,11.751008033752441,nan,nan,nan,nan,nan,nan,nan,nan,nan,nan,1.8819192773797713
vdha_cudagraph,uniform,NVIDIA GeForce RTX 5090,2.11.0+cu128,12.8,default,0.15,,,,,,153a9c2fcafe1f67,0,131072,256,1,16777216,128.0,uniform,0,128,0.0,0.0,0.0,128.0,128.0,1.0,0.001,0.001,0.0009999871253967285,1.0,0.9999871253967285,131.0703125,132.0,132,16777.0,16896.0,16896,0.00020714962121212016,0.00020714962121212016,0.0020639315364106557,1.0070930440483996,sampled_16_timesteps_max_2048_sources,converged,1.5625,0.001,0.0009999871253967285,1.2874603271505192e-08,True,20,SpMV,CUSPARSE_SPMV_ALG_DEFAULT,,nan,torch_cuda_event_cudagraph_replay,gpu_execution,full_rsnn,device_adapted,independent_inference,sparse_only,"(256, 1, 131072)","(256, 1, 131072)",131072,131072,1,1,BN,spmspv_csc_dense_device,spmspv_csc_dense_device,none,False,False,True,0,torch.int64,torch.float32,torch.float32,dense_device,,,False,False,False,False,False,True,1.0,524288,338165768,338165768,0,0,False,unknown,unknown,unknown,unknown,unknown,,10.4010239;10.3888636;10.3839998;10.3922243;10.3820801;10.3941755;10.3901758;10.3922243;10.3881922;10.3902082;10.3879995;10.3875837;10.3903036;10.3916798;10.3922243;10.3860798;10.3942719;10.3901758;10.3860798;10.3860798,20,10.389782285690307,0.004188671413403238,10.382080078125,10.401023864746094,passed,0,0.0,0.0,0.0,0.0,0.0,0.0,0.0,131072,0,full_state,passed,,10.390175819396973,nan,nan,nan,nan,nan,nan,nan,nan,nan,nan,2.1283998395945107
persistent_spike_block,uniform,NVIDIA GeForce RTX 5090,2.11.0+cu128,12.8,default,0.15,,,,,,153a9c2fcafe1f67,0,131072,256,1,16777216,128.0,uniform,0,128,0.0,0.0,0.0,128.0,128.0,1.0,0.001,0.001,0.0009999871253967285,1.0,0.9999871253967285,131.0703125,132.0,132,16777.0,16896.0,16896,0.00020714962121212016,0.00020714962121212016,0.0020639315364106557,1.0070930440483996,sampled_16_timesteps_max_2048_sources,converged,1.5625,0.001,0.0009999871253967285,1.2874603271505192e-08,True,20,SpMV,CUSPARSE_SPMV_ALG_DEFAULT,,nan,torch_cuda_event,gpu_execution,full_rsnn,device_native,independent_inference,full_fusion,"(256, 1, 131072)","(256, 1, 131072)",131072,131072,1,1,BN,event_csr,event_csr,dense_to_events_precomputed,False,True,True,0,torch.int32,torch.float32,torch.float32,windowed_events,,,False,False,False,False,False,False,1.0,3719184,135925840,135925840,0,0,False,unknown,unknown,unknown,unknown,unknown,,2.39513612;2.35724807;2.35865593;2.35747194;2.35865593;2.35932803;2.35865593;2.35827208;2.35967994;2.3592;2.36073589;2.36345601;2.35769606;2.35721588;2.36387205;2.36019206;2.36188793;2.35708809;2.3592639;2.36032009,20,2.361201596260071,0.008215825881531068,2.357088088989258,2.3951361179351807,passed,0,0.0,1.4901161193847656e-08,1.1641532182693481e-10,7.434412196971607e-08,2.3274518312632608e-08,7.434412196971607e-08,2.3274518312632608e-08,131072,0,full_state,passed,,2.359231948852539,nan,nan,nan,nan,nan,nan,9.373579633880041,nan,nan,nan,9.373579633880041
cusparse_direct_cudagraph,uniform,NVIDIA GeForce RTX 5090,2.11.0+cu128,12.8,default,0.15,,,,,,22688467ab14c6e1,0,131072,256,1,16777216,128.0,uniform,0,128,0.0,0.0,0.0,128.0,128.0,1.0,0.002,0.002,0.0020000040531158447,2.0,2.0000040531158447,262.14453125,263.0,263,33554.5,33664.0,33664,0.0,0.0,0.03209505412890376,1.0032633476880894,sampled_16_timesteps_max_2048_sources,converged,1.5625,0.002,0.0020000040531158447,4.053115844684929e-09,True,20,SpMV,CUSPARSE_SPMV_ALG_DEFAULT,,nan,torch_cuda_event,gpu_execution,full_rsnn,device_native,independent_inference,sparse_only,"(256, 1, 131072)","(256, 1, 131072)",131072,131072,1,1,BN,csr_post_by_pre,csr_post_by_pre,none,False,False,True,0,torch.int32,torch.float32,torch.float32,dense,,,False,False,False,False,False,True,1.0,65540,404750340,404750340,0,0,False,unknown,unknown,unknown,unknown,unknown,,22.1374722;22.1173439;22.1139526;22.1149769;22.1139526;22.1170235;22.1200962;22.119072;22.1180477;22.1170235;22.1159992;22.1170235;22.1129284;22.1159992;22.1129284;22.1159687;22.1129284;22.1159992;22.1129284;22.1139526,20,22.116780853271486,0.005309267974653726,22.11292839050293,22.13747215270996,passed,0,0.0,2.9802322387695312e-08,2.3283064365386963e-10,1.4872510689656337e-07,4.654396335013189e-08,1.4872510689656337e-07,4.654396335013189e-08,131072,0,full_state,passed,,22.115999221801758,nan,nan,nan,nan,nan,nan,1.0,nan,nan,nan,1.0
tilespmspv_cudagraph,uniform,NVIDIA GeForce RTX 5090,2.11.0+cu128,12.8,default,0.15,,,,,,22688467ab14c6e1,0,131072,256,1,16777216,128.0,uniform,0,128,0.0,0.0,0.0,128.0,128.0,1.0,0.002,0.002,0.0020000040531158447,2.0,2.0000040531158447,262.14453125,263.0,263,33554.5,33664.0,33664,0.0,0.0,0.03209505412890376,1.0032633476880894,sampled_16_timesteps_max_2048_sources,converged,1.5625,0.002,0.0020000040531158447,4.053115844684929e-09,True,20,SpMV,CUSPARSE_SPMV_ALG_DEFAULT,,nan,torch_cuda_event_cudagraph_replay,gpu_execution,full_rsnn,device_adapted,independent_inference,sparse_only,"(256, 1, 131072)","(256, 1, 131072)",131072,131072,1,1,BN,spmspv_csc_dense_device,spmspv_csc_dense_device,none,False,False,True,0,torch.int64,torch.float32,torch.float32,dense_device,,,False,False,False,False,False,True,1.0,524288,338165768,338165768,0,0,False,unknown,unknown,unknown,unknown,unknown,,6.08828783;6.07529593;6.07696009;6.0729599;6.07708788;6.07708788;6.07696009;6.07913589;6.07507181;6.07596779;6.07452822;6.07913589;6.07708788;6.07503986;6.07913589;6.08118391;6.07708788;6.07913589;6.07503986;6.07811213,20,6.077515125274658,0.0032194789914110843,6.072959899902344,6.088287830352783,passed,0,0.0,0.0,0.0,0.0,0.0,0.0,0.0,131072,0,full_state,passed,,6.077087879180908,nan,nan,nan,nan,nan,nan,nan,nan,nan,nan,3.63924295015833
globalatomic_cudagraph,uniform,NVIDIA GeForce RTX 5090,2.11.0+cu128,12.8,default,0.15,,,,,,22688467ab14c6e1,0,131072,256,1,16777216,128.0,uniform,0,128,0.0,0.0,0.0,128.0,128.0,1.0,0.002,0.002,0.0020000040531158447,2.0,2.0000040531158447,262.14453125,263.0,263,33554.5,33664.0,33664,0.0,0.0,0.03209505412890376,1.0032633476880894,sampled_16_timesteps_max_2048_sources,converged,1.5625,0.002,0.0020000040531158447,4.053115844684929e-09,True,20,SpMV,CUSPARSE_SPMV_ALG_DEFAULT,,nan,torch_cuda_event_cudagraph_replay,gpu_execution,full_rsnn,device_adapted,independent_inference,sparse_only,"(256, 1, 131072)","(256, 1, 131072)",131072,131072,1,1,BN,spmspv_csc_dense_device,spmspv_csc_dense_device,none,False,False,True,0,torch.int64,torch.float32,torch.float32,dense_device,,,False,False,False,False,False,True,1.0,524288,338165768,338165768,0,0,False,unknown,unknown,unknown,unknown,unknown,,11.7994242;11.7691202;11.7680635;11.7670717;11.7670403;11.7686081;11.7653761;11.7679682;11.7711678;11.7670078;11.7639685;11.76336;11.7664318;11.7654076;11.76336;11.7664318;11.7674236;11.7623358;11.7674561;11.7654076,20,11.768121528625489,0.007673889766269027,11.762335777282715,11.799424171447754,passed,0,0.0,0.0,0.0,0.0,0.0,0.0,0.0,131072,0,full_state,passed,,11.767024040222168,nan,nan,nan,nan,nan,nan,nan,nan,nan,nan,1.879489592798027
vdha_cudagraph,uniform,NVIDIA GeForce RTX 5090,2.11.0+cu128,12.8,default,0.15,,,,,,22688467ab14c6e1,0,131072,256,1,16777216,128.0,uniform,0,128,0.0,0.0,0.0,128.0,128.0,1.0,0.002,0.002,0.0020000040531158447,2.0,2.0000040531158447,262.14453125,263.0,263,33554.5,33664.0,33664,0.0,0.0,0.03209505412890376,1.0032633476880894,sampled_16_timesteps_max_2048_sources,converged,1.5625,0.002,0.0020000040531158447,4.053115844684929e-09,True,20,SpMV,CUSPARSE_SPMV_ALG_DEFAULT,,nan,torch_cuda_event_cudagraph_replay,gpu_execution,full_rsnn,device_adapted,independent_inference,sparse_only,"(256, 1, 131072)","(256, 1, 131072)",131072,131072,1,1,BN,spmspv_csc_dense_device,spmspv_csc_dense_device,none,False,False,True,0,torch.int64,torch.float32,torch.float32,dense_device,,,False,False,False,False,False,True,1.0,524288,338165768,338165768,0,0,False,unknown,unknown,unknown,unknown,unknown,,9.10076809;9.07273579;9.08009624;9.07731247;9.07017612;9.07439995;9.0766716;9.07433605;9.07843208;9.07334423;9.07772827;9.07564831;9.07958412;9.06764793;9.07433605;9.07939243;9.07638359;9.07433605;9.0753603;9.07843208,20,9.076856088638305,0.006447577935087681,9.067647933959961,9.100768089294434,passed,0,0.0,0.0,0.0,0.0,0.0,0.0,0.0,131072,0,full_state,passed,,9.076015949249268,nan,nan,nan,nan,nan,nan,nan,nan,nan,nan,2.436751912454617
persistent_spike_block,uniform,NVIDIA GeForce RTX 5090,2.11.0+cu128,12.8,default,0.15,,,,,,22688467ab14c6e1,0,131072,256,1,16777216,128.0,uniform,0,128,0.0,0.0,0.0,128.0,128.0,1.0,0.002,0.002,0.0020000040531158447,2.0,2.0000040531158447,262.14453125,263.0,263,33554.5,33664.0,33664,0.0,0.0,0.03209505412890376,1.0032633476880894,sampled_16_timesteps_max_2048_sources,converged,1.5625,0.002,0.0020000040531158447,4.053115844684929e-09,True,20,SpMV,CUSPARSE_SPMV_ALG_DEFAULT,,nan,torch_cuda_event,gpu_execution,full_rsnn,device_native,independent_inference,full_fusion,"(256, 1, 131072)","(256, 1, 131072)",131072,131072,1,1,BN,event_csr,event_csr,dense_to_events_precomputed,False,True,True,0,torch.int32,torch.float32,torch.float32,windowed_events,,,False,False,False,False,False,False,1.0,3719184,136060060,136060060,0,0,False,unknown,unknown,unknown,unknown,unknown,,2.58761597;2.49484801;2.49855995;2.49808002;2.49846411;2.4949441;2.49651194;2.49584007;2.49654388;2.49587202;2.49961591;2.49689603;2.50076795;2.49584007;2.50265598;2.49692798;2.50265598;2.49587202;2.50060797;2.49651194,20,2.502281594276428,0.02022495079316829,2.4948480129241943,2.587615966796875,passed,0,0.0,2.9802322387695312e-08,0.0,1.4872510689656337e-07,0.0,1.4872510689656337e-07,0.0,131072,0,full_state,passed,,2.4969120025634766,nan,nan,nan,nan,nan,nan,8.857340266335447,nan,nan,nan,8.857340266335447
cusparse_direct_cudagraph,uniform,NVIDIA GeForce RTX 5090,2.11.0+cu128,12.8,default,0.15,,,,,,fc650927de0001a5,0,131072,256,1,16777216,128.0,uniform,0,128,0.0,0.0,0.0,128.0,128.0,1.0,0.005,0.005,0.004999995231628418,5.0,4.999995231628418,655.359375,656.0,656,83886.0,83968.0,83968,0.0002084127286585205,0.0002084127286585205,0.0007321437442616926,1.0009775171065494,sampled_16_timesteps_max_2048_sources,converged,1.5625,0.005,0.004999995231628418,4.768371582135333e-09,True,20,SpMV,CUSPARSE_SPMV_ALG_DEFAULT,,nan,torch_cuda_event,gpu_execution,full_rsnn,device_native,independent_inference,sparse_only,"(256, 1, 131072)","(256, 1, 131072)",131072,131072,1,1,BN,csr_post_by_pre,csr_post_by_pre,none,False,False,True,0,torch.int32,torch.float32,torch.float32,dense,,,False,False,False,False,False,True,1.0,65540,404750340,404750340,0,0,False,unknown,unknown,unknown,unknown,unknown,,22.1285439;22.1173115;22.1159992;22.119072;22.1200962;22.119072;22.1180153;22.1211205;22.1159992;22.1170235;22.1180477;22.119072;22.119072;22.1221447;22.1211205;22.1221447;22.1170235;22.1180477;22.119072;22.1159992,20,22.11919984817505,0.0029086680882868727,22.115999221801758,22.128543853759766,passed,0,0.0,5.960464477539063e-08,4.656612873077393e-10,2.9695092962356284e-07,9.302007697442605e-08,2.9695092962356284e-07,9.302007697442605e-08,131072,0,full_state,passed,,22.11907196044922,nan,nan,nan,nan,nan,nan,1.0,nan,nan,nan,1.0
tilespmspv_cudagraph,uniform,NVIDIA GeForce RTX 5090,2.11.0+cu128,12.8,default,0.15,,,,,,fc650927de0001a5,0,131072,256,1,16777216,128.0,uniform,0,128,0.0,0.0,0.0,128.0,128.0,1.0,0.005,0.005,0.004999995231628418,5.0,4.999995231628418,655.359375,656.0,656,83886.0,83968.0,83968,0.0002084127286585205,0.0002084127286585205,0.0007321437442616926,1.0009775171065494,sampled_16_timesteps_max_2048_sources,converged,1.5625,0.005,0.004999995231628418,4.768371582135333e-09,True,20,SpMV,CUSPARSE_SPMV_ALG_DEFAULT,,nan,torch_cuda_event_cudagraph_replay,gpu_execution,full_rsnn,device_adapted,independent_inference,sparse_only,"(256, 1, 131072)","(256, 1, 131072)",131072,131072,1,1,BN,spmspv_csc_dense_device,spmspv_csc_dense_device,none,False,False,True,0,torch.int64,torch.float32,torch.float32,dense_device,,,False,False,False,False,False,True,1.0,524288,338165768,338165768,0,0,False,unknown,unknown,unknown,unknown,unknown,,6.0092802;5.98528004;5.98473597;5.98502398;5.98288012;5.98284817;5.98400021;5.98281622;5.98499203;5.98278379;5.98239994;5.98492813;5.98288012;5.98390388;5.98492813;5.9808321;5.98288012;5.98697615;5.98492813;5.98288012,20,5.985108876228333,0.005857877890441966,5.980832099914551,6.009280204772949,passed,0,0.0,0.0,0.0,0.0,0.0,0.0,0.0,131072,0,full_state,passed,,5.983952045440674,nan,nan,nan,nan,nan,nan,nan,nan,nan,nan,3.696398599534618
globalatomic_cudagraph,uniform,NVIDIA GeForce RTX 5090,2.11.0+cu128,12.8,default,0.15,,,,,,fc650927de0001a5,0,131072,256,1,16777216,128.0,uniform,0,128,0.0,0.0,0.0,128.0,128.0,1.0,0.005,0.005,0.004999995231628418,5.0,4.999995231628418,655.359375,656.0,656,83886.0,83968.0,83968,0.0002084127286585205,0.0002084127286585205,0.0007321437442616926,1.0009775171065494,sampled_16_timesteps_max_2048_sources,converged,1.5625,0.005,0.004999995231628418,4.768371582135333e-09,True,20,SpMV,CUSPARSE_SPMV_ALG_DEFAULT,,nan,torch_cuda_event_cudagraph_replay,gpu_execution,full_rsnn,device_adapted,independent_inference,sparse_only,"(256, 1, 131072)","(256, 1, 131072)",131072,131072,1,1,BN,spmspv_csc_dense_device,spmspv_csc_dense_device,none,False,False,True,0,torch.int64,torch.float32,torch.float32,dense_device,,,False,False,False,False,False,True,1.0,524288,338165768,338165768,0,0,False,unknown,unknown,unknown,unknown,unknown,,11.7929916;11.7728643;11.7684479;11.76896;11.773632;11.7740803;11.7691202;11.7741756;11.7695684;11.7648964;11.7680321;11.7756481;11.7746239;11.7715521;11.7654076;11.7705278;11.7674561;11.7684803;11.7715521;11.7735357,20,11.771777629852295,0.005875992287882927,11.764896392822266,11.792991638183594,passed,0,0.0,0.0,0.0,0.0,0.0,0.0,0.0,131072,0,full_state,passed,,11.771039962768555,nan,nan,nan,nan,nan,nan,nan,nan,nan,nan,1.879109410078564
vdha_cudagraph,uniform,NVIDIA GeForce RTX 5090,2.11.0+cu128,12.8,default,0.15,,,,,,fc650927de0001a5,0,131072,256,1,16777216,128.0,uniform,0,128,0.0,0.0,0.0,128.0,128.0,1.0,0.005,0.005,0.004999995231628418,5.0,4.999995231628418,655.359375,656.0,656,83886.0,83968.0,83968,0.0002084127286585205,0.0002084127286585205,0.0007321437442616926,1.0009775171065494,sampled_16_timesteps_max_2048_sources,converged,1.5625,0.005,0.004999995231628418,4.768371582135333e-09,True,20,SpMV,CUSPARSE_SPMV_ALG_DEFAULT,,nan,torch_cuda_event_cudagraph_replay,gpu_execution,full_rsnn,device_adapted,independent_inference,sparse_only,"(256, 1, 131072)","(256, 1, 131072)",131072,131072,1,1,BN,spmspv_csc_dense_device,spmspv_csc_dense_device,none,False,False,True,0,torch.int64,torch.float32,torch.float32,dense_device,,,False,False,False,False,False,True,1.0,524288,338165768,338165768,0,0,False,unknown,unknown,unknown,unknown,unknown,,7.56915188;7.555264;7.55795193;7.55881596;7.55619192;7.55788803;7.55395222;7.5599041;7.55468798;7.55881596;7.55731201;7.55817604;7.55724812;7.55840015;7.55676794;7.55779219;7.55676794;7.55779219;7.55676794;7.55676794,20,7.557820820808411,0.003027863861608915,7.553952217102051,7.569151878356934,passed,0,0.0,0.0,0.0,0.0,0.0,0.0,0.0,131072,0,full_state,passed,,7.557552099227905,nan,nan,nan,nan,nan,nan,nan,nan,nan,nan,2.9267508407529137
persistent_spike_block,uniform,NVIDIA GeForce RTX 5090,2.11.0+cu128,12.8,default,0.15,,,,,,fc650927de0001a5,0,131072,256,1,16777216,128.0,uniform,0,128,0.0,0.0,0.0,128.0,128.0,1.0,0.005,0.005,0.004999995231628418,5.0,4.999995231628418,655.359375,656.0,656,83886.0,83968.0,83968,0.0002084127286585205,0.0002084127286585205,0.0007321437442616926,1.0009775171065494,sampled_16_timesteps_max_2048_sources,converged,1.5625,0.005,0.004999995231628418,4.768371582135333e-09,True,20,SpMV,CUSPARSE_SPMV_ALG_DEFAULT,,nan,torch_cuda_event,gpu_execution,full_rsnn,device_native,independent_inference,full_fusion,"(256, 1, 131072)","(256, 1, 131072)",131072,131072,1,1,BN,event_csr,event_csr,dense_to_events_precomputed,False,True,True,0,torch.int32,torch.float32,torch.float32,windowed_events,,,False,False,False,False,False,False,1.0,3719184,136462712,136462712,0,0,False,unknown,unknown,unknown,unknown,unknown,,2.38972807;2.34742403;2.3530879;2.3494401;2.34902406;2.34755206;2.34905601;2.35046411;2.35625601;2.35148811;2.35302401;2.34739208;2.34915209;2.34537601;2.35110402;2.35155201;2.3519361;2.34585595;2.35312009;2.34598398,20,2.351900839805603,0.009348239432586261,2.3453760147094727,2.38972806930542,passed,0,0.0,1.1920928955078125e-07,0.0,5.921720571677724e-07,0.0,5.921720571677724e-07,0.0,131072,0,full_state,passed,,2.3499521017074585,nan,nan,nan,nan,nan,nan,9.412562896229952,nan,nan,nan,9.412562896229952
cusparse_direct_cudagraph,uniform,NVIDIA GeForce RTX 5090,2.11.0+cu128,12.8,default,0.15,,,,,,491e001ca26b5a95,0,131072,256,1,16777216,128.0,uniform,0,128,0.0,0.0,0.0,128.0,128.0,1.0,0.01,0.01,0.009999990463256836,10.0,9.999990463256836,1310.71875,1311.0,1311,167772.0,167808.0,167808,0.21881253170653772,0.21881253170653775,0.00034302492835367425,1.000214576925828,sampled_16_timesteps_max_2048_sources,converged,1.5625,0.01,0.009999990463256836,9.536743164270667e-09,True,20,SpMV,CUSPARSE_SPMV_ALG_DEFAULT,,nan,torch_cuda_event,gpu_execution,full_rsnn,device_native,independent_inference,sparse_only,"(256, 1, 131072)","(256, 1, 131072)",131072,131072,1,1,BN,csr_post_by_pre,csr_post_by_pre,none,False,False,True,0,torch.int32,torch.float32,torch.float32,dense,,,False,False,False,False,False,True,1.0,65540,404750340,404750340,0,0,False,unknown,unknown,unknown,unknown,unknown,,22.1236153;22.1112003;22.1098557;22.1067848;22.1078072;22.1129284;22.1139526;22.1067848;22.1119041;22.1108799;22.1098557;22.1108799;22.1119041;22.112896;22.1088314;22.1078072;22.1108799;22.1098557;22.1108799;22.1139526,20,22.11117277145386,0.003624373144558882,22.10678482055664,22.123615264892578,passed,0,0.0,5.960464477539063e-08,9.313225746154785e-10,2.966597207887389e-07,1.857293483453759e-07,2.966597207887389e-07,1.857293483453759e-07,131072,0,full_state,passed,,22.11087989807129,nan,nan,nan,nan,nan,nan,1.0,nan,nan,nan,1.0
tilespmspv_cudagraph,uniform,NVIDIA GeForce RTX 5090,2.11.0+cu128,12.8,default,0.15,,,,,,491e001ca26b5a95,0,131072,256,1,16777216,128.0,uniform,0,128,0.0,0.0,0.0,128.0,128.0,1.0,0.01,0.01,0.009999990463256836,10.0,9.999990463256836,1310.71875,1311.0,1311,167772.0,167808.0,167808,0.21881253170653772,0.21881253170653775,0.00034302492835367425,1.000214576925828,sampled_16_timesteps_max_2048_sources,converged,1.5625,0.01,0.009999990463256836,9.536743164270667e-09,True,20,SpMV,CUSPARSE_SPMV_ALG_DEFAULT,,nan,torch_cuda_event_cudagraph_replay,gpu_execution,full_rsnn,device_adapted,independent_inference,sparse_only,"(256, 1, 131072)","(256, 1, 131072)",131072,131072,1,1,BN,spmspv_csc_dense_device,spmspv_csc_dense_device,none,False,False,True,0,torch.int64,torch.float32,torch.float32,dense_device,,,False,False,False,False,False,True,1.0,524288,338165768,338165768,0,0,False,unknown,unknown,unknown,unknown,unknown,,6.04320002;6.03168011;6.03219223;6.03148794;6.02960014;6.03571177;6.02953577;6.03062391;6.0336318;6.03155184;6.03145599;6.03203201;6.03203201;6.03408003;6.03203201;6.03100777;6.03203201;6.03612804;6.03203201;6.03408003,20,6.032806372642517,0.0029928218647665835,6.02953577041626,6.0432000160217285,passed,0,0.0,0.0,0.0,0.0,0.0,0.0,0.0,131072,0,full_state,passed,,6.032032012939453,nan,nan,nan,nan,nan,nan,nan,nan,nan,nan,3.665577346181307
globalatomic_cudagraph,uniform,NVIDIA GeForce RTX 5090,2.11.0+cu128,12.8,default,0.15,,,,,,491e001ca26b5a95,0,131072,256,1,16777216,128.0,uniform,0,128,0.0,0.0,0.0,128.0,128.0,1.0,0.01,0.01,0.009999990463256836,10.0,9.999990463256836,1310.71875,1311.0,1311,167772.0,167808.0,167808,0.21881253170653772,0.21881253170653775,0.00034302492835367425,1.000214576925828,sampled_16_timesteps_max_2048_sources,converged,1.5625,0.01,0.009999990463256836,9.536743164270667e-09,True,20,SpMV,CUSPARSE_SPMV_ALG_DEFAULT,,nan,torch_cuda_event_cudagraph_replay,gpu_execution,full_rsnn,device_adapted,independent_inference,sparse_only,"(256, 1, 131072)","(256, 1, 131072)",131072,131072,1,1,BN,spmspv_csc_dense_device,spmspv_csc_dense_device,none,False,False,True,0,torch.int64,torch.float32,torch.float32,dense_device,,,False,False,False,False,False,True,1.0,524288,338165768,338165768,0,0,False,unknown,unknown,unknown,unknown,unknown,,11.7845764;11.7654076;11.7705603;11.7674561;11.7689924;11.768096;11.7731838;11.7684479;11.7689924;11.7670403;11.7658558;11.7654076;11.7684479;11.7715521;11.7715521;11.7664318;11.7715521;11.7725439;11.7735996;11.7674561,20,11.769857597351074,0.0043130000450294316,11.76540756225586,11.784576416015625,passed,0,0.0,0.0,0.0,0.0,0.0,0.0,0.0,131072,0,full_state,passed,,11.768720149993896,nan,nan,nan,nan,nan,nan,nan,nan,nan,nan,1.8787837263751026
vdha_cudagraph,uniform,NVIDIA GeForce RTX 5090,2.11.0+cu128,12.8,default,0.15,,,,,,491e001ca26b5a95,0,131072,256,1,16777216,128.0,uniform,0,128,0.0,0.0,0.0,128.0,128.0,1.0,0.01,0.01,0.009999990463256836,10.0,9.999990463256836,1310.71875,1311.0,1311,167772.0,167808.0,167808,0.21881253170653772,0.21881253170653775,0.00034302492835367425,1.000214576925828,sampled_16_timesteps_max_2048_sources,converged,1.5625,0.01,0.009999990463256836,9.536743164270667e-09,True,20,SpMV,CUSPARSE_SPMV_ALG_DEFAULT,,nan,torch_cuda_event_cudagraph_replay,gpu_execution,full_rsnn,device_adapted,independent_inference,sparse_only,"(256, 1, 131072)","(256, 1, 131072)",131072,131072,1,1,BN,spmspv_csc_dense_device,spmspv_csc_dense_device,none,False,False,True,0,torch.int64,torch.float32,torch.float32,dense_device,,,False,False,False,False,False,True,1.0,524288,338165768,338165768,0,0,False,unknown,unknown,unknown,unknown,unknown,,7.5883522;7.57532787;7.5700798;7.5710721;7.57100821;7.56803179;7.56921577;7.57404804;7.56915188;7.5710721;7.56796789;7.56854391;7.56608009;7.5664959;7.56899214;7.5700798;7.57315207;7.5700798;7.57520008;7.5772481,20,7.571559977531433,0.004951710698460972,7.566080093383789,7.588352203369141,passed,0,0.0,0.0,0.0,0.0,0.0,0.0,0.0,131072,0,full_state,passed,,7.570079803466797,nan,nan,nan,nan,nan,nan,nan,nan,nan,nan,2.920825205560631
persistent_spike_block,uniform,NVIDIA GeForce RTX 5090,2.11.0+cu128,12.8,default,0.15,,,,,,491e001ca26b5a95,0,131072,256,1,16777216,128.0,uniform,0,128,0.0,0.0,0.0,128.0,128.0,1.0,0.01,0.01,0.009999990463256836,10.0,9.999990463256836,1310.71875,1311.0,1311,167772.0,167808.0,167808,0.21881253170653772,0.21881253170653775,0.00034302492835367425,1.000214576925828,sampled_16_timesteps_max_2048_sources,converged,1.5625,0.01,0.009999990463256836,9.536743164270667e-09,True,20,SpMV,CUSPARSE_SPMV_ALG_DEFAULT,,nan,torch_cuda_event,gpu_execution,full_rsnn,device_native,independent_inference,full_fusion,"(256, 1, 131072)","(256, 1, 131072)",131072,131072,1,1,BN,event_csr,event_csr,dense_to_events_precomputed,False,True,True,0,torch.int32,torch.float32,torch.float32,windowed_events,,,False,False,False,False,False,False,1.0,3719184,137133800,137133800,0,0,False,unknown,unknown,unknown,unknown,unknown,,2.50816011;2.47199988;2.47033596;2.47196794;2.47347212;2.47094393;2.47232008;2.47193599;2.4753921;2.47395205;2.47174406;2.4708159;2.47132802;2.47209597;2.47129607;2.47203207;2.47254395;2.47177601;2.46988797;2.47091198,20,2.473745608329773,0.008196604655305419,2.4698879718780518,2.50816011428833,passed,0,0.0,1.7881393432617188e-07,1.862645149230957e-09,8.892307619134954e-07,3.7143459508115484e-07,8.892307619134954e-07,3.7143459508115484e-07,131072,0,full_state,passed,,2.471951961517334,nan,nan,nan,nan,nan,nan,8.944704525932286,nan,nan,nan,8.944704525932286
cusparse_direct_cudagraph,uniform,NVIDIA GeForce RTX 5090,2.11.0+cu128,12.8,default,0.15,,,,,,dd8c40b48f2129e5,0,131072,256,1,16777216,128.0,uniform,0,128,0.0,0.0,0.0,128.0,128.0,1.0,0.01,0.02,0.02001887559890747,20.0,20.01887559890747,2623.9140625,2654.0,2654,335861.0,339712.0,339712,0.4824323035850497,0.48243230358504957,0.031722082612706946,1.0114660529207022,sampled_16_timesteps_max_2048_sources,converged,2.5869369506835938,0.02,0.02001887559890747,1.8875598907470287e-05,True,20,SpMV,CUSPARSE_SPMV_ALG_DEFAULT,,nan,torch_cuda_event,gpu_execution,full_rsnn,device_native,independent_inference,sparse_only,"(256, 1, 131072)","(256, 1, 131072)",131072,131072,1,1,BN,csr_post_by_pre,csr_post_by_pre,none,False,False,True,0,torch.int32,torch.float32,torch.float32,dense,,,False,False,False,False,False,True,1.0,65540,404750340,404750340,0,0,False,unknown,unknown,unknown,unknown,unknown,,22.1237431;22.1192951;22.1159992;22.1190395;22.1159992;22.1170235;22.1200638;22.1149769;22.1139526;22.119072;22.1159992;22.1149769;22.1170235;22.1159992;22.1149769;22.1180477;22.1170235;22.1159992;22.119072;22.1200962,20,22.11741895675659,0.002368849105954176,22.11395263671875,22.123743057250977,passed,0,0.0,2.384185791015625e-07,5.587935447692871e-09,1.1920880069737905e-06,1.108152787310246e-06,1.1920880069737905e-06,1.108152787310246e-06,131072,0,full_state,passed,,22.117023468017578,nan,nan,nan,nan,nan,nan,1.0,nan,nan,nan,1.0
tilespmspv_cudagraph,uniform,NVIDIA GeForce RTX 5090,2.11.0+cu128,12.8,default,0.15,,,,,,dd8c40b48f2129e5,0,131072,256,1,16777216,128.0,uniform,0,128,0.0,0.0,0.0,128.0,128.0,1.0,0.01,0.02,0.02001887559890747,20.0,20.01887559890747,2623.9140625,2654.0,2654,335861.0,339712.0,339712,0.4824323035850497,0.48243230358504957,0.031722082612706946,1.0114660529207022,sampled_16_timesteps_max_2048_sources,converged,2.5869369506835938,0.02,0.02001887559890747,1.8875598907470287e-05,True,20,SpMV,CUSPARSE_SPMV_ALG_DEFAULT,,nan,torch_cuda_event_cudagraph_replay,gpu_execution,full_rsnn,device_adapted,independent_inference,sparse_only,"(256, 1, 131072)","(256, 1, 131072)",131072,131072,1,1,BN,spmspv_csc_dense_device,spmspv_csc_dense_device,none,False,False,True,0,torch.int64,torch.float32,torch.float32,dense_device,,,False,False,False,False,False,True,1.0,524288,338165768,338165768,0,0,False,unknown,unknown,unknown,unknown,unknown,,6.11779213;6.1122241;6.10767984;6.10780811;6.10767984;6.10582399;6.10979223;6.10982418;6.10780811;6.10777617;6.10735989;6.10883188;6.10371208;6.10780811;6.11190414;6.10780811;6.10774422;6.10780811;6.10985613;6.1057601,20,6.108640074729919,0.002906499305185045,6.10371208190918,6.117792129516602,passed,0,0.0,0.0,0.0,0.0,0.0,0.0,0.0,131072,0,full_state,passed,,6.1078081130981445,nan,nan,nan,nan,nan,nan,nan,nan,nan,nan,3.621106468716298
globalatomic_cudagraph,uniform,NVIDIA GeForce RTX 5090,2.11.0+cu128,12.8,default,0.15,,,,,,dd8c40b48f2129e5,0,131072,256,1,16777216,128.0,uniform,0,128,0.0,0.0,0.0,128.0,128.0,1.0,0.01,0.02,0.02001887559890747,20.0,20.01887559890747,2623.9140625,2654.0,2654,335861.0,339712.0,339712,0.4824323035850497,0.48243230358504957,0.031722082612706946,1.0114660529207022,sampled_16_timesteps_max_2048_sources,converged,2.5869369506835938,0.02,0.02001887559890747,1.8875598907470287e-05,True,20,SpMV,CUSPARSE_SPMV_ALG_DEFAULT,,nan,torch_cuda_event_cudagraph_replay,gpu_execution,full_rsnn,device_adapted,independent_inference,sparse_only,"(256, 1, 131072)","(256, 1, 131072)",131072,131072,1,1,BN,spmspv_csc_dense_device,spmspv_csc_dense_device,none,False,False,True,0,torch.int64,torch.float32,torch.float32,dense_device,,,False,False,False,False,False,True,1.0,524288,338165768,338165768,0,0,False,unknown,unknown,unknown,unknown,unknown,,11.7486076;11.7445765;11.7556801;11.7465277;11.7414722;11.7526398;11.7505283;11.7496958;11.7465277;11.7454395;11.7506237;11.7490244;11.7480001;11.7469759;11.7480001;11.7448645;11.7469759;11.7500477;11.7490244;11.7439041,20,11.747956800460816,0.003221768020093859,11.741472244262695,11.755680084228516,passed,0,0.0,0.0,0.0,0.0,0.0,0.0,0.0,131072,0,full_state,passed,,11.748000144958496,nan,nan,nan,nan,nan,nan,nan,nan,nan,nan,1.8826202924000486
vdha_cudagraph,uniform,NVIDIA GeForce RTX 5090,2.11.0+cu128,12.8,default,0.15,,,,,,dd8c40b48f2129e5,0,131072,256,1,16777216,128.0,uniform,0,128,0.0,0.0,0.0,128.0,128.0,1.0,0.01,0.02,0.02001887559890747,20.0,20.01887559890747,2623.9140625,2654.0,2654,335861.0,339712.0,339712,0.4824323035850497,0.48243230358504957,0.031722082612706946,1.0114660529207022,sampled_16_timesteps_max_2048_sources,converged,2.5869369506835938,0.02,0.02001887559890747,1.8875598907470287e-05,True,20,SpMV,CUSPARSE_SPMV_ALG_DEFAULT,,nan,torch_cuda_event_cudagraph_replay,gpu_execution,full_rsnn,device_adapted,independent_inference,sparse_only,"(256, 1, 131072)","(256, 1, 131072)",131072,131072,1,1,BN,spmspv_csc_dense_device,spmspv_csc_dense_device,none,False,False,True,0,torch.int64,torch.float32,torch.float32,dense_device,,,False,False,False,False,False,True,1.0,524288,338165768,338165768,0,0,False,unknown,unknown,unknown,unknown,unknown,,7.56527996;7.55689621;7.54953623;7.54857588;7.54752016;7.55065584;7.55068779;7.54745579;7.55062389;7.55577612;7.54655981;7.55209589;7.55366421;7.55212784;7.55779219;7.55676794;7.55267191;7.55369616;7.55267191;7.54960012,20,7.55253279209137,0.004419220130489426,7.546559810638428,7.565279960632324,passed,0,0.0,0.0,0.0,0.0,0.0,0.0,0.0,131072,0,full_state,passed,,7.552111864089966,nan,nan,nan,nan,nan,nan,nan,nan,nan,nan,2.928587905746374
persistent_spike_block,uniform,NVIDIA GeForce RTX 5090,2.11.0+cu128,12.8,default,0.15,,,,,,dd8c40b48f2129e5,0,131072,256,1,16777216,128.0,uniform,0,128,0.0,0.0,0.0,128.0,128.0,1.0,0.01,0.02,0.02001887559890747,20.0,20.01887559890747,2623.9140625,2654.0,2654,335861.0,339712.0,339712,0.4824323035850497,0.48243230358504957,0.031722082612706946,1.0114660529207022,sampled_16_timesteps_max_2048_sources,converged,2.5869369506835938,0.02,0.02001887559890747,1.8875598907470287e-05,True,20,SpMV,CUSPARSE_SPMV_ALG_DEFAULT,,nan,torch_cuda_event,gpu_execution,full_rsnn,device_native,independent_inference,full_fusion,"(256, 1, 131072)","(256, 1, 131072)",131072,131072,1,1,BN,event_csr,event_csr,dense_to_events_precomputed,False,True,True,0,torch.int32,torch.float32,torch.float32,windowed_events,,,False,False,False,False,False,False,1.0,3719184,137133800,137133800,0,0,False,unknown,unknown,unknown,unknown,unknown,,3.27302408;3.2184;3.22908807;3.21654391;3.22704005;3.22463989;3.22604799;3.22252798;3.2259841;3.22460794;3.22803211;3.22044802;3.2311039;3.21747208;3.2259841;3.21942401;3.22927999;3.22144008;3.22867203;3.22870398,20,3.2269232153892515,0.011677314980686719,3.2165439128875732,3.273024082183838,passed,0,0.0,4.76837158203125e-07,1.6763806343078613e-08,2.3660754777665716e-06,3.325731540826382e-06,2.3660754777665716e-06,3.325731540826382e-06,131072,0,full_state,passed,,3.2259840965270996,nan,nan,nan,nan,nan,nan,6.855899721212958,nan,nan,nan,6.855899721212958
cusparse_direct_cudagraph,uniform,NVIDIA GeForce RTX 5090,2.11.0+cu128,12.8,default,0.15,,,,,,7d868b69eb939863,0,131072,256,1,16777216,128.0,uniform,0,128,0.0,0.0,0.0,128.0,128.0,1.0,0.01,0.05,0.04971233010292053,50.0,49.71233010292053,6515.89453125,6586.0,6587,834034.5,843008.0,843136,0.4824323035850497,0.48243230358504957,0.0686808827934447,1.0109126181231112,sampled_16_timesteps_max_2048_sources,converged,5.714511871337891,0.05,0.04971233010292053,0.00028766989707947055,True,20,SpMV,CUSPARSE_SPMV_ALG_DEFAULT,,nan,torch_cuda_event,gpu_execution,full_rsnn,device_native,independent_inference,sparse_only,"(256, 1, 131072)","(256, 1, 131072)",131072,131072,1,1,BN,csr_post_by_pre,csr_post_by_pre,none,False,False,True,0,torch.int32,torch.float32,torch.float32,dense,,,False,False,False,False,False,True,1.0,65540,404750340,404750340,0,0,False,unknown,unknown,unknown,unknown,unknown,,22.1305275;22.1090565;22.1118717;22.1067848;22.1078072;22.1129284;22.1118717;22.1067848;22.1139526;22.1108799;22.1118393;22.1088314;22.1078072;22.1067848;22.1088314;22.1139526;22.1088314;22.1078072;22.112896;22.1119041,20,22.111097526550292,0.00518454231681453,22.10678482055664,22.13052749633789,passed,0,0.0,8.344650268554688e-07,1.1175870895385742e-08,4.133463335165288e-06,2.1965397536405362e-06,4.133463335165288e-06,2.1965397536405362e-06,131072,0,full_state,passed,,22.109968185424805,nan,nan,nan,nan,nan,nan,1.0,nan,nan,nan,1.0
tilespmspv_cudagraph,uniform,NVIDIA GeForce RTX 5090,2.11.0+cu128,12.8,default,0.15,,,,,,7d868b69eb939863,0,131072,256,1,16777216,128.0,uniform,0,128,0.0,0.0,0.0,128.0,128.0,1.0,0.01,0.05,0.04971233010292053,50.0,49.71233010292053,6515.89453125,6586.0,6587,834034.5,843008.0,843136,0.4824323035850497,0.48243230358504957,0.0686808827934447,1.0109126181231112,sampled_16_timesteps_max_2048_sources,converged,5.714511871337891,0.05,0.04971233010292053,0.00028766989707947055,True,20,SpMV,CUSPARSE_SPMV_ALG_DEFAULT,,nan,torch_cuda_event_cudagraph_replay,gpu_execution,full_rsnn,device_adapted,independent_inference,sparse_only,"(256, 1, 131072)","(256, 1, 131072)",131072,131072,1,1,BN,spmspv_csc_dense_device,spmspv_csc_dense_device,none,False,False,True,0,torch.int64,torch.float32,torch.float32,dense_device,,,False,False,False,False,False,True,1.0,524288,338165768,338165768,0,0,False,unknown,unknown,unknown,unknown,unknown,,6.3811202;6.36841583;6.36176014;6.36582422;6.36176014;6.3657918;6.36585617;6.36585617;6.36787224;6.36371183;6.36540794;6.36374378;6.36176014;6.35971212;6.36783981;6.36585617;6.36380816;6.3657918;6.35971212;6.36176014,20,6.365168046951294,0.00455461102122908,6.35971212387085,6.381120204925537,passed,0,0.0,9.5367431640625e-07,1.862645149230957e-08,4.721479854197241e-06,3.6633693980547832e-06,4.721479854197241e-06,3.6633693980547832e-06,131072,0,full_state,passed,,6.365599870681763,nan,nan,nan,nan,nan,nan,nan,nan,nan,nan,3.473351865431781
globalatomic_cudagraph,uniform,NVIDIA GeForce RTX 5090,2.11.0+cu128,12.8,default,0.15,,,,,,7d868b69eb939863,0,131072,256,1,16777216,128.0,uniform,0,128,0.0,0.0,0.0,128.0,128.0,1.0,0.01,0.05,0.04971233010292053,50.0,49.71233010292053,6515.89453125,6586.0,6587,834034.5,843008.0,843136,0.4824323035850497,0.48243230358504957,0.0686808827934447,1.0109126181231112,sampled_16_timesteps_max_2048_sources,converged,5.714511871337891,0.05,0.04971233010292053,0.00028766989707947055,True,20,SpMV,CUSPARSE_SPMV_ALG_DEFAULT,,nan,torch_cuda_event_cudagraph_replay,gpu_execution,full_rsnn,device_adapted,independent_inference,sparse_only,"(256, 1, 131072)","(256, 1, 131072)",131072,131072,1,1,BN,spmspv_csc_dense_device,spmspv_csc_dense_device,none,False,False,True,0,torch.int64,torch.float32,torch.float32,dense_device,,,False,False,False,False,False,True,1.0,524288,338165768,338165768,0,0,False,unknown,unknown,unknown,unknown,unknown,,11.7409601;11.7183037;11.7172155;11.7183361;11.7215042;11.7160959;11.7141762;11.7126398;11.7143364;11.7208643;11.7178564;11.7223997;11.7193279;11.7162237;11.7213764;11.7203522;11.7213764;11.7162561;11.7162561;11.7192965,20,11.719257688522339,0.005793050484989559,11.712639808654785,11.740960121154785,passed,0,0.0,9.5367431640625e-07,1.862645149230957e-08,4.721479854197241e-06,3.6633693980547832e-06,4.721479854197241e-06,3.6633693980547832e-06,131072,0,full_state,passed,,11.7183198928833,nan,nan,nan,nan,nan,nan,nan,nan,nan,nan,1.8867865348899118
vdha_cudagraph,uniform,NVIDIA GeForce RTX 5090,2.11.0+cu128,12.8,default,0.15,,,,,,7d868b69eb939863,0,131072,256,1,16777216,128.0,uniform,0,128,0.0,0.0,0.0,128.0,128.0,1.0,0.01,0.05,0.04971233010292053,50.0,49.71233010292053,6515.89453125,6586.0,6587,834034.5,843008.0,843136,0.4824323035850497,0.48243230358504957,0.0686808827934447,1.0109126181231112,sampled_16_timesteps_max_2048_sources,converged,5.714511871337891,0.05,0.04971233010292053,0.00028766989707947055,True,20,SpMV,CUSPARSE_SPMV_ALG_DEFAULT,,nan,torch_cuda_event_cudagraph_replay,gpu_execution,full_rsnn,device_adapted,independent_inference,sparse_only,"(256, 1, 131072)","(256, 1, 131072)",131072,131072,1,1,BN,spmspv_csc_dense_device,spmspv_csc_dense_device,none,False,False,True,0,torch.int64,torch.float32,torch.float32,dense_device,,,False,False,False,False,False,True,1.0,524288,338165768,338165768,0,0,False,unknown,unknown,unknown,unknown,unknown,,7.72777605;7.70448017;7.71033621;7.71142387;7.71027184;7.7123518;7.70742416;7.70614386;7.70838404;7.71145582;7.71036816;7.71379185;7.71139193;7.71395206;7.71241617;7.71139193;7.71241617;7.71241617;7.71139193;7.70832014,20,7.711395215988159,0.004575594228604388,7.704480171203613,7.727776050567627,passed,0,0.0,9.5367431640625e-07,1.862645149230957e-08,4.721479854197241e-06,3.6633693980547832e-06,4.721479854197241e-06,3.6633693980547832e-06,131072,0,full_state,passed,,7.711391925811768,nan,nan,nan,nan,nan,nan,nan,nan,nan,nan,2.8671825265964963
persistent_spike_block,uniform,NVIDIA GeForce RTX 5090,2.11.0+cu128,12.8,default,0.15,,,,,,7d868b69eb939863,0,131072,256,1,16777216,128.0,uniform,0,128,0.0,0.0,0.0,128.0,128.0,1.0,0.01,0.05,0.04971233010292053,50.0,49.71233010292053,6515.89453125,6586.0,6587,834034.5,843008.0,843136,0.4824323035850497,0.48243230358504957,0.0686808827934447,1.0109126181231112,sampled_16_timesteps_max_2048_sources,converged,5.714511871337891,0.05,0.04971233010292053,0.00028766989707947055,True,20,SpMV,CUSPARSE_SPMV_ALG_DEFAULT,,nan,torch_cuda_event,gpu_execution,full_rsnn,device_native,independent_inference,full_fusion,"(256, 1, 131072)","(256, 1, 131072)",131072,131072,1,1,BN,event_csr,event_csr,dense_to_events_precomputed,False,True,True,0,torch.int32,torch.float32,torch.float32,windowed_events,,,False,False,False,False,False,False,1.0,3719184,137133800,137133800,0,0,False,unknown,unknown,unknown,unknown,unknown,,4.4775362;4.38988781;4.38316822;4.38793612;4.38105583;4.38560009;4.38108778;4.38384008;4.38102388;4.38787222;4.38416004;4.38870382;4.38320017;4.38988781;4.38719988;4.38572788;4.3761282;4.38361597;4.38374376;4.38579178,20,4.389358377456665,0.021032913587406884,4.376128196716309,4.477536201477051,passed,0,0.0,1.0728836059570312e-06,3.3527612686157227e-08,5.351866548153339e-06,6.574731742148288e-06,5.351866548153339e-06,6.574731742148288e-06,131072,0,full_state,passed,,4.384880065917969,nan,nan,nan,nan,nan,nan,5.042319938754383,nan,nan,nan,5.042319938754383
cusparse_direct_cudagraph,uniform,NVIDIA GeForce RTX 5090,2.11.0+cu128,12.8,default,0.15,,,,,,daa2bac9aa7d3c24,1,131072,256,1,16777216,128.0,uniform,1,128,0.0,0.0,0.0,128.0,128.0,1.0,0.0,0.0,0.0,0.0,0.0,0.0,0.0,0,0.0,0.0,0,0.0,0.0,0.0,0.0,sampled_16_timesteps_max_2048_sources,converged,50.0,0.0,0.0,0.0,True,20,SpMV,CUSPARSE_SPMV_ALG_DEFAULT,,nan,torch_cuda_event,gpu_execution,full_rsnn,device_native,independent_inference,sparse_only,"(256, 1, 131072)","(256, 1, 131072)",131072,131072,1,1,BN,csr_post_by_pre,csr_post_by_pre,none,False,False,True,0,torch.int32,torch.float32,torch.float32,dense,,,False,False,False,False,False,True,1.0,65540,404750340,404750340,0,0,False,unknown,unknown,unknown,unknown,unknown,,22.1866875;22.1664639;22.1712952;22.1640644;22.1651516;22.1641273;22.1610565;22.1661758;22.1702728;22.1672001;22.1661758;22.1651516;22.1661758;22.1651192;22.1661758;22.1661758;22.1651516;22.1682243;22.1630726;22.1661758,20,22.167004680633546,0.005150699747493,22.161056518554688,22.186687469482422,passed,0,0.0,0.0,0.0,0.0,0.0,0.0,0.0,131072,0,full_state,passed,,22.166175842285156,nan,nan,nan,nan,nan,nan,1.0,nan,nan,nan,1.0
tilespmspv_cudagraph,uniform,NVIDIA GeForce RTX 5090,2.11.0+cu128,12.8,default,0.15,,,,,,daa2bac9aa7d3c24,1,131072,256,1,16777216,128.0,uniform,1,128,0.0,0.0,0.0,128.0,128.0,1.0,0.0,0.0,0.0,0.0,0.0,0.0,0.0,0,0.0,0.0,0,0.0,0.0,0.0,0.0,sampled_16_timesteps_max_2048_sources,converged,50.0,0.0,0.0,0.0,True,20,SpMV,CUSPARSE_SPMV_ALG_DEFAULT,,nan,torch_cuda_event_cudagraph_replay,gpu_execution,full_rsnn,device_adapted,independent_inference,sparse_only,"(256, 1, 131072)","(256, 1, 131072)",131072,131072,1,1,BN,spmspv_csc_dense_device,spmspv_csc_dense_device,none,False,False,True,0,torch.int64,torch.float32,torch.float32,dense_device,,,False,False,False,False,False,True,1.0,524288,338165768,338165768,0,0,False,unknown,unknown,unknown,unknown,unknown,,5.89436817;5.87113619;5.87433577;5.87222385;5.87734413;5.87657595;5.87609577;5.87436819;5.88057613;5.8732481;5.8717761;5.87638378;5.87433577;5.87638378;5.87740803;5.87638378;5.87638378;5.87638378;5.87433577;5.87433577,20,5.876219129562378,0.004808482788903199,5.87113618850708,5.8943681716918945,passed,0,0.0,0.0,0.0,0.0,0.0,0.0,0.0,131072,0,full_state,passed,,5.876239776611328,nan,nan,nan,nan,nan,nan,nan,nan,nan,nan,3.7721700755832335
globalatomic_cudagraph,uniform,NVIDIA GeForce RTX 5090,2.11.0+cu128,12.8,default,0.15,,,,,,daa2bac9aa7d3c24,1,131072,256,1,16777216,128.0,uniform,1,128,0.0,0.0,0.0,128.0,128.0,1.0,0.0,0.0,0.0,0.0,0.0,0.0,0.0,0,0.0,0.0,0,0.0,0.0,0.0,0.0,sampled_16_timesteps_max_2048_sources,converged,50.0,0.0,0.0,0.0,True,20,SpMV,CUSPARSE_SPMV_ALG_DEFAULT,,nan,torch_cuda_event_cudagraph_replay,gpu_execution,full_rsnn,device_adapted,independent_inference,sparse_only,"(256, 1, 131072)","(256, 1, 131072)",131072,131072,1,1,BN,spmspv_csc_dense_device,spmspv_csc_dense_device,none,False,False,True,0,torch.int64,torch.float32,torch.float32,dense_device,,,False,False,False,False,False,True,1.0,524288,338165768,338165768,0,0,False,unknown,unknown,unknown,unknown,unknown,,11.7114239;11.6920643;11.6967678;11.6957121;11.6926403;11.6896;11.6936636;11.6928644;11.6956158;11.6885757;11.6952963;11.6947517;11.6896324;11.6875839;11.6927042;11.6937284;11.6947517;11.6875839;11.6886082;11.6855364,20,11.692955255508423,0.005416452973550079,11.68553638458252,11.711423873901367,passed,0,0.0,0.0,0.0,0.0,0.0,0.0,0.0,131072,0,full_state,passed,,11.692784309387207,nan,nan,nan,nan,nan,nan,nan,nan,nan,nan,1.8957140793651428
vdha_cudagraph,uniform,NVIDIA GeForce RTX 5090,2.11.0+cu128,12.8,default,0.15,,,,,,daa2bac9aa7d3c24,1,131072,256,1,16777216,128.0,uniform,1,128,0.0,0.0,0.0,128.0,128.0,1.0,0.0,0.0,0.0,0.0,0.0,0.0,0.0,0,0.0,0.0,0,0.0,0.0,0.0,0.0,sampled_16_timesteps_max_2048_sources,converged,50.0,0.0,0.0,0.0,True,20,SpMV,CUSPARSE_SPMV_ALG_DEFAULT,,nan,torch_cuda_event_cudagraph_replay,gpu_execution,full_rsnn,device_adapted,independent_inference,sparse_only,"(256, 1, 131072)","(256, 1, 131072)",131072,131072,1,1,BN,spmspv_csc_dense_device,spmspv_csc_dense_device,none,False,False,True,0,torch.int64,torch.float32,torch.float32,dense_device,,,False,False,False,False,False,True,1.0,524288,338165768,338165768,0,0,False,unknown,unknown,unknown,unknown,unknown,,6.15011215;6.13248014;6.13407993;6.13190413;6.13238382;6.13385582;6.13052797;6.13382387;6.13443184;6.13379192;6.13600016;6.13401604;6.13289595;6.13395214;6.13033581;6.13433599;6.13238382;6.13033581;6.13238382;6.13647985,20,6.1340255498886105,0.0041346250307567325,6.130335807800293,6.150112152099609,passed,0,0.0,0.0,0.0,0.0,0.0,0.0,0.0,131072,0,full_state,passed,,6.133807897567749,nan,nan,nan,nan,nan,nan,nan,nan,nan,nan,3.6137707949860567
persistent_spike_block,uniform,NVIDIA GeForce RTX 5090,2.11.0+cu128,12.8,default,0.15,,,,,,daa2bac9aa7d3c24,1,131072,256,1,16777216,128.0,uniform,1,128,0.0,0.0,0.0,128.0,128.0,1.0,0.0,0.0,0.0,0.0,0.0,0.0,0.0,0,0.0,0.0,0,0.0,0.0,0.0,0.0,sampled_16_timesteps_max_2048_sources,converged,50.0,0.0,0.0,0.0,True,20,SpMV,CUSPARSE_SPMV_ALG_DEFAULT,,nan,torch_cuda_event,gpu_execution,full_rsnn,device_native,independent_inference,full_fusion,"(256, 1, 131072)","(256, 1, 131072)",131072,131072,1,1,BN,event_csr,event_csr,dense_to_events_precomputed,False,True,True,0,torch.int32,torch.float32,torch.float32,windowed_events,,,False,False,False,False,False,False,1.0,3719184,135791624,135791624,0,0,False,unknown,unknown,unknown,unknown,unknown,,1.900576;1.84422398;1.84662402;1.84726405;1.84252799;1.84319997;1.84054399;1.84313595;1.84371197;1.84828806;1.84361601;1.84937596;1.84563196;1.85135996;1.84579206;1.84934402;1.84460795;1.84726405;1.84524798;1.84832001,20,1.848532795906067,0.012545433948681158,1.8405439853668213,1.9005759954452515,passed,0,0.0,0.0,0.0,0.0,0.0,0.0,0.0,131072,0,full_state,passed,,1.8457120060920715,nan,nan,nan,nan,nan,nan,12.009552827917954,nan,nan,nan,12.009552827917954
cusparse_direct_cudagraph,uniform,NVIDIA GeForce RTX 5090,2.11.0+cu128,12.8,default,0.15,,,,,,a90fa1ea370abf87,1,131072,256,1,16777216,128.0,uniform,1,128,0.0,0.0,0.0,128.0,128.0,1.0,0.0001,0.0001,9.998679161071777e-05,0.1,0.09998679161071777,13.10546875,14.0,14,1677.5,1792.0,1792,0.0,0.0,0.02343727407823754,1.0682563338301043,sampled_16_timesteps_max_2048_sources,converged,1.5625,0.0001,9.998679161071777e-05,1.3208389282231355e-08,True,20,SpMV,CUSPARSE_SPMV_ALG_DEFAULT,,nan,torch_cuda_event,gpu_execution,full_rsnn,device_native,independent_inference,sparse_only,"(256, 1, 131072)","(256, 1, 131072)",131072,131072,1,1,BN,csr_post_by_pre,csr_post_by_pre,none,False,False,True,0,torch.int32,torch.float32,torch.float32,dense,,,False,False,False,False,False,True,1.0,65540,404750340,404750340,0,0,False,unknown,unknown,unknown,unknown,unknown,,22.1520634;22.1417599;22.1426239;22.1415997;22.1426239;22.1456966;22.1405754;22.1395512;22.1425591;22.1415997;22.1415997;22.1405754;22.1415997;22.1405754;22.1415997;22.1528645;22.1436481;22.1405754;22.1415997;22.1436481,20,22.142946910858154,0.0035295590010348283,22.139551162719727,22.152864456176758,passed,0,0.0,1.4901161193847656e-08,0.0,7.44136983144017e-08,0.0,7.44136983144017e-08,0.0,131072,0,full_state,passed,,22.141599655151367,nan,nan,nan,nan,nan,nan,1.0,nan,nan,nan,1.0
tilespmspv_cudagraph,uniform,NVIDIA GeForce RTX 5090,2.11.0+cu128,12.8,default,0.15,,,,,,a90fa1ea370abf87,1,131072,256,1,16777216,128.0,uniform,1,128,0.0,0.0,0.0,128.0,128.0,1.0,0.0001,0.0001,9.998679161071777e-05,0.1,0.09998679161071777,13.10546875,14.0,14,1677.5,1792.0,1792,0.0,0.0,0.02343727407823754,1.0682563338301043,sampled_16_timesteps_max_2048_sources,converged,1.5625,0.0001,9.998679161071777e-05,1.3208389282231355e-08,True,20,SpMV,CUSPARSE_SPMV_ALG_DEFAULT,,nan,torch_cuda_event_cudagraph_replay,gpu_execution,full_rsnn,device_adapted,independent_inference,sparse_only,"(256, 1, 131072)","(256, 1, 131072)",131072,131072,1,1,BN,spmspv_csc_dense_device,spmspv_csc_dense_device,none,False,False,True,0,torch.int64,torch.float32,torch.float32,dense_device,,,False,False,False,False,False,True,1.0,524288,338165768,338165768,0,0,False,unknown,unknown,unknown,unknown,unknown,,5.97820807;5.96655989;5.96649599;5.96659184;5.96844816;5.96854401;5.96752024;5.96851206;5.96643209;5.96851206;5.9681282;5.96854401;5.96547222;5.96649599;5.97059202;5.96649599;5.96649599;5.96444798;5.97059202;5.96547222,20,5.967928051948547,0.0029024629744337977,5.964447975158691,5.978208065032959,passed,0,0.0,0.0,0.0,0.0,0.0,0.0,0.0,131072,0,full_state,passed,,5.967056035995483,nan,nan,nan,nan,nan,nan,nan,nan,nan,nan,3.7106404769093952
globalatomic_cudagraph,uniform,NVIDIA GeForce RTX 5090,2.11.0+cu128,12.8,default,0.15,,,,,,a90fa1ea370abf87,1,131072,256,1,16777216,128.0,uniform,1,128,0.0,0.0,0.0,128.0,128.0,1.0,0.0001,0.0001,9.998679161071777e-05,0.1,0.09998679161071777,13.10546875,14.0,14,1677.5,1792.0,1792,0.0,0.0,0.02343727407823754,1.0682563338301043,sampled_16_timesteps_max_2048_sources,converged,1.5625,0.0001,9.998679161071777e-05,1.3208389282231355e-08,True,20,SpMV,CUSPARSE_SPMV_ALG_DEFAULT,,nan,torch_cuda_event_cudagraph_replay,gpu_execution,full_rsnn,device_adapted,independent_inference,sparse_only,"(256, 1, 131072)","(256, 1, 131072)",131072,131072,1,1,BN,spmspv_csc_dense_device,spmspv_csc_dense_device,none,False,False,True,0,torch.int64,torch.float32,torch.float32,dense_device,,,False,False,False,False,False,True,1.0,524288,338165768,338165768,0,0,False,unknown,unknown,unknown,unknown,unknown,,11.7171841;11.7023363;11.7049923;11.699296;11.7004805;11.7014399;11.6978884;11.6946878;11.6992636;11.6969604;11.7014084;11.6988478;11.703968;11.7019196;11.7070398;11.7019196;11.7090883;11.7019196;11.6947517;11.703968,20,11.701968002319337,0.005124907622209606,11.694687843322754,11.717184066772461,passed,0,0.0,0.0,0.0,0.0,0.0,0.0,0.0,131072,0,full_state,passed,,11.701679706573486,nan,nan,nan,nan,nan,nan,nan,nan,nan,nan,1.8921727658220893
vdha_cudagraph,uniform,NVIDIA GeForce RTX 5090,2.11.0+cu128,12.8,default,0.15,,,,,,a90fa1ea370abf87,1,131072,256,1,16777216,128.0,uniform,1,128,0.0,0.0,0.0,128.0,128.0,1.0,0.0001,0.0001,9.998679161071777e-05,0.1,0.09998679161071777,13.10546875,14.0,14,1677.5,1792.0,1792,0.0,0.0,0.02343727407823754,1.0682563338301043,sampled_16_timesteps_max_2048_sources,converged,1.5625,0.0001,9.998679161071777e-05,1.3208389282231355e-08,True,20,SpMV,CUSPARSE_SPMV_ALG_DEFAULT,,nan,torch_cuda_event_cudagraph_replay,gpu_execution,full_rsnn,device_adapted,independent_inference,sparse_only,"(256, 1, 131072)","(256, 1, 131072)",131072,131072,1,1,BN,spmspv_csc_dense_device,spmspv_csc_dense_device,none,False,False,True,0,torch.int64,torch.float32,torch.float32,dense_device,,,False,False,False,False,False,True,1.0,524288,338165768,338165768,0,0,False,unknown,unknown,unknown,unknown,unknown,,8.26422405;8.24905586;8.24915218;8.25244808;8.25641632;8.25398445;8.24902439;8.23884773;8.24895954;8.25235176;8.24694443;8.25036812;8.24448013;8.24851227;8.24592018;8.24489594;8.24489594;8.24892807;8.24899197;8.24489594,20,8.249164867401124,0.00525196758922439,8.238847732543945,8.2642240524292,passed,0,0.0,0.0,0.0,0.0,0.0,0.0,0.0,131072,0,full_state,passed,,8.24897575378418,nan,nan,nan,nan,nan,nan,nan,nan,nan,nan,2.6841635029650814
persistent_spike_block,uniform,NVIDIA GeForce RTX 5090,2.11.0+cu128,12.8,default,0.15,,,,,,a90fa1ea370abf87,1,131072,256,1,16777216,128.0,uniform,1,128,0.0,0.0,0.0,128.0,128.0,1.0,0.0001,0.0001,9.998679161071777e-05,0.1,0.09998679161071777,13.10546875,14.0,14,1677.5,1792.0,1792,0.0,0.0,0.02343727407823754,1.0682563338301043,sampled_16_timesteps_max_2048_sources,converged,1.5625,0.0001,9.998679161071777e-05,1.3208389282231355e-08,True,20,SpMV,CUSPARSE_SPMV_ALG_DEFAULT,,nan,torch_cuda_event,gpu_execution,full_rsnn,device_native,independent_inference,full_fusion,"(256, 1, 131072)","(256, 1, 131072)",131072,131072,1,1,BN,event_csr,event_csr,dense_to_events_precomputed,False,True,True,0,torch.int32,torch.float32,torch.float32,windowed_events,,,False,False,False,False,False,False,1.0,3719184,135805044,135805044,0,0,False,unknown,unknown,unknown,unknown,unknown,,2.37590408;2.32140803;2.32182407;2.32038403;2.31772804;2.32038403;2.3228159;2.32441592;2.32179189;2.32764792;2.32191992;2.32656002;2.32486391;2.32649589;2.32601595;2.32435203;2.32179189;2.32656002;2.32751989;2.32448006,20,2.3262431740760805,0.012000417068302528,2.317728042602539,2.375904083251953,passed,0,0.0,1.4901161193847656e-08,0.0,7.44136983144017e-08,0.0,7.44136983144017e-08,0.0,131072,0,full_state,passed,,2.3243839740753174,nan,nan,nan,nan,nan,nan,9.5257925979978,nan,nan,nan,9.5257925979978
cusparse_direct_cudagraph,uniform,NVIDIA GeForce RTX 5090,2.11.0+cu128,12.8,default,0.15,,,,,,ca944e4160fcb40b,1,131072,256,1,16777216,128.0,uniform,1,128,0.0,0.0,0.0,128.0,128.0,1.0,0.0002,0.0002,0.00020000338554382324,0.2,0.20000338554382324,26.21484375,27.0,31,3355.5,3456.0,3968,0.0,0.0,0.01895112105793012,1.182536134704217,sampled_16_timesteps_max_2048_sources,converged,1.5625,0.0002,0.00020000338554382324,3.385543823232603e-09,True,20,SpMV,CUSPARSE_SPMV_ALG_DEFAULT,,nan,torch_cuda_event,gpu_execution,full_rsnn,device_native,independent_inference,sparse_only,"(256, 1, 131072)","(256, 1, 131072)",131072,131072,1,1,BN,csr_post_by_pre,csr_post_by_pre,none,False,False,True,0,torch.int32,torch.float32,torch.float32,dense,,,False,False,False,False,False,True,1.0,65540,404750340,404750340,0,0,False,unknown,unknown,unknown,unknown,unknown,,22.1442871;22.1377926;22.1344318;22.1293125;22.1323833;22.1334076;22.1323833;22.1354561;22.1364803;22.1334076;22.1293125;22.1303368;22.1293125;22.1323833;22.1334076;22.1323204;22.1354561;22.1323528;22.1293449;22.1344318,20,22.13340005874634,0.0035482340036996182,22.12931251525879,22.144287109375,passed,0,0.0,1.862645149230957e-09,0.0,9.312536519701098e-09,0.0,9.312536519701098e-09,0.0,131072,0,full_state,passed,,22.132895469665527,nan,nan,nan,nan,nan,nan,1.0,nan,nan,nan,1.0
tilespmspv_cudagraph,uniform,NVIDIA GeForce RTX 5090,2.11.0+cu128,12.8,default,0.15,,,,,,ca944e4160fcb40b,1,131072,256,1,16777216,128.0,uniform,1,128,0.0,0.0,0.0,128.0,128.0,1.0,0.0002,0.0002,0.00020000338554382324,0.2,0.20000338554382324,26.21484375,27.0,31,3355.5,3456.0,3968,0.0,0.0,0.01895112105793012,1.182536134704217,sampled_16_timesteps_max_2048_sources,converged,1.5625,0.0002,0.00020000338554382324,3.385543823232603e-09,True,20,SpMV,CUSPARSE_SPMV_ALG_DEFAULT,,nan,torch_cuda_event_cudagraph_replay,gpu_execution,full_rsnn,device_adapted,independent_inference,sparse_only,"(256, 1, 131072)","(256, 1, 131072)",131072,131072,1,1,BN,spmspv_csc_dense_device,spmspv_csc_dense_device,none,False,False,True,0,torch.int64,torch.float32,torch.float32,dense_device,,,False,False,False,False,False,True,1.0,524288,338165768,338165768,0,0,False,unknown,unknown,unknown,unknown,unknown,,6.01030397;5.99689579;5.99459219;5.99728012;6.00127983;5.99664021;5.99673605;5.99823999;5.99878407;5.99667215;6.00089598;5.99312019;5.99721622;5.99926376;5.99823999;5.99926376;5.99721622;5.99926376;5.99926376;6.00127983,20,5.998622393608093,0.0034355838901401377,5.993120193481445,6.010303974151611,passed,0,0.0,0.0,0.0,0.0,0.0,0.0,0.0,131072,0,full_state,passed,,5.998239994049072,nan,nan,nan,nan,nan,nan,nan,nan,nan,nan,3.6898982854343685
globalatomic_cudagraph,uniform,NVIDIA GeForce RTX 5090,2.11.0+cu128,12.8,default,0.15,,,,,,ca944e4160fcb40b,1,131072,256,1,16777216,128.0,uniform,1,128,0.0,0.0,0.0,128.0,128.0,1.0,0.0002,0.0002,0.00020000338554382324,0.2,0.20000338554382324,26.21484375,27.0,31,3355.5,3456.0,3968,0.0,0.0,0.01895112105793012,1.182536134704217,sampled_16_timesteps_max_2048_sources,converged,1.5625,0.0002,0.00020000338554382324,3.385543823232603e-09,True,20,SpMV,CUSPARSE_SPMV_ALG_DEFAULT,,nan,torch_cuda_event_cudagraph_replay,gpu_execution,full_rsnn,device_adapted,independent_inference,sparse_only,"(256, 1, 131072)","(256, 1, 131072)",131072,131072,1,1,BN,spmspv_csc_dense_device,spmspv_csc_dense_device,none,False,False,True,0,torch.int64,torch.float32,torch.float32,dense_device,,,False,False,False,False,False,True,1.0,524288,338165768,338165768,0,0,False,unknown,unknown,unknown,unknown,unknown,,11.7148161;11.7040644;11.7049599;11.7080641;11.7071676;11.7079039;11.7080002;11.7111683;11.7080002;11.7090244;11.7035198;11.7049923;11.703968;11.7080641;11.7090883;11.7060156;11.7090559;11.703968;11.7059841;11.7029438,20,11.70703845024109,0.002919938180850439,11.702943801879883,11.714816093444824,passed,0,0.0,0.0,0.0,0.0,0.0,0.0,0.0,131072,0,full_state,passed,,11.707535743713379,nan,nan,nan,nan,nan,nan,nan,nan,nan,nan,1.8904828440562547
vdha_cudagraph,uniform,NVIDIA GeForce RTX 5090,2.11.0+cu128,12.8,default,0.15,,,,,,ca944e4160fcb40b,1,131072,256,1,16777216,128.0,uniform,1,128,0.0,0.0,0.0,128.0,128.0,1.0,0.0002,0.0002,0.00020000338554382324,0.2,0.20000338554382324,26.21484375,27.0,31,3355.5,3456.0,3968,0.0,0.0,0.01895112105793012,1.182536134704217,sampled_16_timesteps_max_2048_sources,converged,1.5625,0.0002,0.00020000338554382324,3.385543823232603e-09,True,20,SpMV,CUSPARSE_SPMV_ALG_DEFAULT,,nan,torch_cuda_event_cudagraph_replay,gpu_execution,full_rsnn,device_adapted,independent_inference,sparse_only,"(256, 1, 131072)","(256, 1, 131072)",131072,131072,1,1,BN,spmspv_csc_dense_device,spmspv_csc_dense_device,none,False,False,True,0,torch.int64,torch.float32,torch.float32,dense_device,,,False,False,False,False,False,True,1.0,524288,338165768,338165768,0,0,False,unknown,unknown,unknown,unknown,unknown,,8.28115177;8.27372837;8.26959991;8.27510357;8.27363205;8.27702427;8.27971172;8.27763176;8.27308846;8.27519989;8.2750082;8.27513599;8.27516842;8.27315235;8.27151966;8.27356815;8.27766418;8.28070354;8.28176022;8.27561569,20,8.275758409500122,0.003238341554141621,8.269599914550781,8.281760215759277,passed,0,0.0,0.0,0.0,0.0,0.0,0.0,0.0,131072,0,full_state,passed,,8.275152206420898,nan,nan,nan,nan,nan,nan,nan,nan,nan,nan,2.674620951683772
persistent_spike_block,uniform,NVIDIA GeForce RTX 5090,2.11.0+cu128,12.8,default,0.15,,,,,,ca944e4160fcb40b,1,131072,256,1,16777216,128.0,uniform,1,128,0.0,0.0,0.0,128.0,128.0,1.0,0.0002,0.0002,0.00020000338554382324,0.2,0.20000338554382324,26.21484375,27.0,31,3355.5,3456.0,3968,0.0,0.0,0.01895112105793012,1.182536134704217,sampled_16_timesteps_max_2048_sources,converged,1.5625,0.0002,0.00020000338554382324,3.385543823232603e-09,True,20,SpMV,CUSPARSE_SPMV_ALG_DEFAULT,,nan,torch_cuda_event,gpu_execution,full_rsnn,device_native,independent_inference,full_fusion,"(256, 1, 131072)","(256, 1, 131072)",131072,131072,1,1,BN,event_csr,event_csr,dense_to_events_precomputed,False,True,True,0,torch.int32,torch.float32,torch.float32,windowed_events,,,False,False,False,False,False,False,1.0,3719184,135818468,135818468,0,0,False,unknown,unknown,unknown,unknown,unknown,,2.38403201;2.34636807;2.34703994;2.34742403;2.3448;2.34739208;2.34905601;2.34960008;2.35004807;2.34976006;2.34684801;2.34732795;2.34908795;2.3473599;2.34694409;2.3494401;2.34595203;2.35164809;2.34905601;2.34905601,20,2.3499120235443116,0.008198129115244956,2.3447999954223633,2.3840320110321045,passed,0,0.0,1.862645149230957e-09,0.0,9.312536519701098e-09,0.0,9.312536519701098e-09,0.0,131072,0,full_state,passed,,2.34824001789093,nan,nan,nan,nan,nan,nan,9.425312276870304,nan,nan,nan,9.425312276870304
cusparse_direct_cudagraph,uniform,NVIDIA GeForce RTX 5090,2.11.0+cu128,12.8,default,0.15,,,,,,16e38bcd13cdc9e2,1,131072,256,1,16777216,128.0,uniform,1,128,0.0,0.0,0.0,128.0,128.0,1.0,0.0005,0.0005,0.0004999935626983643,0.5,0.49999356269836426,65.53515625,66.0,80,8388.5,8448.0,10240,0.0,0.0,0.018680663297725938,1.2207188412707874,sampled_16_timesteps_max_2048_sources,converged,1.5625,0.0005,0.0004999935626983643,6.437301635752596e-09,True,20,SpMV,CUSPARSE_SPMV_ALG_DEFAULT,,nan,torch_cuda_event,gpu_execution,full_rsnn,device_native,independent_inference,sparse_only,"(256, 1, 131072)","(256, 1, 131072)",131072,131072,1,1,BN,csr_post_by_pre,csr_post_by_pre,none,False,False,True,0,torch.int32,torch.float32,torch.float32,dense,,,False,False,False,False,False,True,1.0,65540,404750340,404750340,0,0,False,unknown,unknown,unknown,unknown,unknown,,22.1403522;22.1234245;22.1180477;22.116993;22.1180477;22.121088;22.1200962;22.121088;22.1221447;22.1211205;22.1200962;22.119072;22.1231689;22.1200962;22.119072;22.1200638;22.1211205;22.1200962;22.1231689;22.1262398,20,22.121729850769043,0.004882945530265059,22.116992950439453,22.140352249145508,passed,0,0.0,1.4901161193847656e-08,0.0,7.443061633694015e-08,0.0,7.443061633694015e-08,0.0,131072,0,full_state,passed,,22.12059211730957,nan,nan,nan,nan,nan,nan,1.0,nan,nan,nan,1.0
tilespmspv_cudagraph,uniform,NVIDIA GeForce RTX 5090,2.11.0+cu128,12.8,default,0.15,,,,,,16e38bcd13cdc9e2,1,131072,256,1,16777216,128.0,uniform,1,128,0.0,0.0,0.0,128.0,128.0,1.0,0.0005,0.0005,0.0004999935626983643,0.5,0.49999356269836426,65.53515625,66.0,80,8388.5,8448.0,10240,0.0,0.0,0.018680663297725938,1.2207188412707874,sampled_16_timesteps_max_2048_sources,converged,1.5625,0.0005,0.0004999935626983643,6.437301635752596e-09,True,20,SpMV,CUSPARSE_SPMV_ALG_DEFAULT,,nan,torch_cuda_event_cudagraph_replay,gpu_execution,full_rsnn,device_adapted,independent_inference,sparse_only,"(256, 1, 131072)","(256, 1, 131072)",131072,131072,1,1,BN,spmspv_csc_dense_device,spmspv_csc_dense_device,none,False,False,True,0,torch.int64,torch.float32,torch.float32,dense_device,,,False,False,False,False,False,True,1.0,524288,338165768,338165768,0,0,False,unknown,unknown,unknown,unknown,unknown,,6.05769587;6.03273582;6.03203201;6.029984;6.02995205;6.03417587;6.0298562;6.03715181;6.03001595;6.03408003;6.02748823;6.029984;6.029984;6.03408003;6.029984;6.03305578;6.03203201;6.0299201;6.029984;6.03203201,20,6.032811188697815,0.006267857005640262,6.0274882316589355,6.0576958656311035,passed,0,0.0,0.0,0.0,0.0,0.0,0.0,0.0,131072,0,full_state,passed,,6.031023979187012,nan,nan,nan,nan,nan,nan,nan,nan,nan,nan,3.667800392379048
globalatomic_cudagraph,uniform,NVIDIA GeForce RTX 5090,2.11.0+cu128,12.8,default,0.15,,,,,,16e38bcd13cdc9e2,1,131072,256,1,16777216,128.0,uniform,1,128,0.0,0.0,0.0,128.0,128.0,1.0,0.0005,0.0005,0.0004999935626983643,0.5,0.49999356269836426,65.53515625,66.0,80,8388.5,8448.0,10240,0.0,0.0,0.018680663297725938,1.2207188412707874,sampled_16_timesteps_max_2048_sources,converged,1.5625,0.0005,0.0004999935626983643,6.437301635752596e-09,True,20,SpMV,CUSPARSE_SPMV_ALG_DEFAULT,,nan,torch_cuda_event_cudagraph_replay,gpu_execution,full_rsnn,device_adapted,independent_inference,sparse_only,"(256, 1, 131072)","(256, 1, 131072)",131072,131072,1,1,BN,spmspv_csc_dense_device,spmspv_csc_dense_device,none,False,False,True,0,torch.int64,torch.float32,torch.float32,dense_device,,,False,False,False,False,False,True,1.0,524288,338165768,338165768,0,0,False,unknown,unknown,unknown,unknown,unknown,,11.7782717;11.7238083;11.7230396;11.7280636;11.7290564;11.7285757;11.7280321;11.7270718;11.7281284;11.7235518;11.7259521;11.7285442;11.72752;11.7326403;11.723424;11.7223358;11.7285442;11.7254725;11.7244482;11.723424,20,11.728995227813721,0.01190143861865938,11.722335815429688,11.778271675109863,passed,0,0.0,0.0,0.0,0.0,0.0,0.0,0.0,131072,0,full_state,passed,,11.727295875549316,nan,nan,nan,nan,nan,nan,nan,nan,nan,nan,1.8862483177754243
vdha_cudagraph,uniform,NVIDIA GeForce RTX 5090,2.11.0+cu128,12.8,default,0.15,,,,,,16e38bcd13cdc9e2,1,131072,256,1,16777216,128.0,uniform,1,128,0.0,0.0,0.0,128.0,128.0,1.0,0.0005,0.0005,0.0004999935626983643,0.5,0.49999356269836426,65.53515625,66.0,80,8388.5,8448.0,10240,0.0,0.0,0.018680663297725938,1.2207188412707874,sampled_16_timesteps_max_2048_sources,converged,1.5625,0.0005,0.0004999935626983643,6.437301635752596e-09,True,20,SpMV,CUSPARSE_SPMV_ALG_DEFAULT,,nan,torch_cuda_event_cudagraph_replay,gpu_execution,full_rsnn,device_adapted,independent_inference,sparse_only,"(256, 1, 131072)","(256, 1, 131072)",131072,131072,1,1,BN,spmspv_csc_dense_device,spmspv_csc_dense_device,none,False,False,True,0,torch.int64,torch.float32,torch.float32,dense_device,,,False,False,False,False,False,True,1.0,524288,338165768,338165768,0,0,False,unknown,unknown,unknown,unknown,unknown,,12.8875837;12.4232635;12.4227524;12.418848;12.42064;12.4207363;12.4166718;12.4228802;12.4309759;12.4228163;12.4207363;12.4182396;12.419776;12.4202242;12.4207678;12.4187202;12.4228163;12.4187202;12.4187202;12.4228163,20,12.444435262680054,0.10434918426339582,12.416671752929688,12.88758373260498,passed,0,0.0,0.0,0.0,0.0,0.0,0.0,0.0,131072,0,full_state,passed,,12.420736312866211,nan,nan,nan,nan,nan,nan,nan,nan,nan,nan,1.7809404821190524
persistent_spike_block,uniform,NVIDIA GeForce RTX 5090,2.11.0+cu128,12.8,default,0.15,,,,,,16e38bcd13cdc9e2,1,131072,256,1,16777216,128.0,uniform,1,128,0.0,0.0,0.0,128.0,128.0,1.0,0.0005,0.0005,0.0004999935626983643,0.5,0.49999356269836426,65.53515625,66.0,80,8388.5,8448.0,10240,0.0,0.0,0.018680663297725938,1.2207188412707874,sampled_16_timesteps_max_2048_sources,converged,1.5625,0.0005,0.0004999935626983643,6.437301635752596e-09,True,20,SpMV,CUSPARSE_SPMV_ALG_DEFAULT,,nan,torch_cuda_event,gpu_execution,full_rsnn,device_native,independent_inference,full_fusion,"(256, 1, 131072)","(256, 1, 131072)",131072,131072,1,1,BN,event_csr,event_csr,dense_to_events_precomputed,False,True,True,0,torch.int32,torch.float32,torch.float32,windowed_events,,,False,False,False,False,False,False,1.0,3719184,135858732,135858732,0,0,False,unknown,unknown,unknown,unknown,unknown,,2.41625595;2.37673593;2.37606406;2.37785602;2.37712002;2.37769604;2.38019204;2.37673593;2.37504005;2.37766409;2.37500811;2.37772799;2.37609601;2.37996793;2.37913609;2.37779188;2.37724805;2.37766409;2.37872005;2.37670398,20,2.3793712139129637,0.008790417188981995,2.3750081062316895,2.4162559509277344,passed,0,0.0,1.4901161193847656e-08,0.0,7.443061633694015e-08,0.0,7.443061633694015e-08,0.0,131072,0,full_state,passed,,2.377664089202881,nan,nan,nan,nan,nan,nan,9.303497587300301,nan,nan,nan,9.303497587300301
cusparse_direct_cudagraph,uniform,NVIDIA GeForce RTX 5090,2.11.0+cu128,12.8,default,0.15,,,,,,7b4789a9c5416207,1,131072,256,1,16777216,128.0,uniform,1,128,0.0,0.0,0.0,128.0,128.0,1.0,0.001,0.001,0.0009999871253967285,1.0,0.9999871253967285,131.0703125,131.0,203,16777.0,16768.0,25984,0.004839547072784811,0.0048395470727848125,0.03691375254683173,1.5487870298623114,sampled_16_timesteps_max_2048_sources,converged,1.5625,0.001,0.0009999871253967285,1.2874603271505192e-08,True,20,SpMV,CUSPARSE_SPMV_ALG_DEFAULT,,nan,torch_cuda_event,gpu_execution,full_rsnn,device_native,independent_inference,sparse_only,"(256, 1, 131072)","(256, 1, 131072)",131072,131072,1,1,BN,csr_post_by_pre,csr_post_by_pre,none,False,False,True,0,torch.int32,torch.float32,torch.float32,dense,,,False,False,False,False,False,True,1.0,65540,404750340,404750340,0,0,False,unknown,unknown,unknown,unknown,unknown,,22.1256313;22.1173763;22.1159992;22.1170235;22.1159992;22.1129284;22.1139526;22.1170235;22.1180477;22.1149769;22.1139526;22.1169281;22.1170235;22.1139526;22.1129284;22.1159992;22.1149769;22.1200962;22.1129284;22.1159992,20,22.116187191009523,0.0029191282834839113,22.11292839050293,22.12563133239746,passed,0,0.0,1.4901161193847656e-08,2.3283064365386963e-10,7.445900251923376e-08,4.655521124163897e-08,7.445900251923376e-08,4.655521124163897e-08,131072,0,full_state,passed,,22.115999221801758,nan,nan,nan,nan,nan,nan,1.0,nan,nan,nan,1.0
tilespmspv_cudagraph,uniform,NVIDIA GeForce RTX 5090,2.11.0+cu128,12.8,default,0.15,,,,,,7b4789a9c5416207,1,131072,256,1,16777216,128.0,uniform,1,128,0.0,0.0,0.0,128.0,128.0,1.0,0.001,0.001,0.0009999871253967285,1.0,0.9999871253967285,131.0703125,131.0,203,16777.0,16768.0,25984,0.004839547072784811,0.0048395470727848125,0.03691375254683173,1.5487870298623114,sampled_16_timesteps_max_2048_sources,converged,1.5625,0.001,0.0009999871253967285,1.2874603271505192e-08,True,20,SpMV,CUSPARSE_SPMV_ALG_DEFAULT,,nan,torch_cuda_event_cudagraph_replay,gpu_execution,full_rsnn,device_adapted,independent_inference,sparse_only,"(256, 1, 131072)","(256, 1, 131072)",131072,131072,1,1,BN,spmspv_csc_dense_device,spmspv_csc_dense_device,none,False,False,True,0,torch.int64,torch.float32,torch.float32,dense_device,,,False,False,False,False,False,True,1.0,524288,338165768,338165768,0,0,False,unknown,unknown,unknown,unknown,unknown,,6.03449583;6.02262402;6.01750422;6.02179193;6.01580811;6.01955223;6.01772785;6.0187521;6.0219202;6.01961613;6.01721621;6.01564789;6.0176959;6.01763201;6.01564789;6.02076817;6.01974392;6.0176959;6.0176959;6.02179193,20,6.0195664167404175,0.0041170601412622914,6.015647888183594,6.034495830535889,passed,0,0.0,0.0,0.0,0.0,0.0,0.0,0.0,131072,0,full_state,passed,,6.018239974975586,nan,nan,nan,nan,nan,nan,nan,nan,nan,nan,3.6748284072689335
globalatomic_cudagraph,uniform,NVIDIA GeForce RTX 5090,2.11.0+cu128,12.8,default,0.15,,,,,,7b4789a9c5416207,1,131072,256,1,16777216,128.0,uniform,1,128,0.0,0.0,0.0,128.0,128.0,1.0,0.001,0.001,0.0009999871253967285,1.0,0.9999871253967285,131.0703125,131.0,203,16777.0,16768.0,25984,0.004839547072784811,0.0048395470727848125,0.03691375254683173,1.5487870298623114,sampled_16_timesteps_max_2048_sources,converged,1.5625,0.001,0.0009999871253967285,1.2874603271505192e-08,True,20,SpMV,CUSPARSE_SPMV_ALG_DEFAULT,,nan,torch_cuda_event_cudagraph_replay,gpu_execution,full_rsnn,device_adapted,independent_inference,sparse_only,"(256, 1, 131072)","(256, 1, 131072)",131072,131072,1,1,BN,spmspv_csc_dense_device,spmspv_csc_dense_device,none,False,False,True,0,torch.int64,torch.float32,torch.float32,dense_device,,,False,False,False,False,False,True,1.0,524288,338165768,338165768,0,0,False,unknown,unknown,unknown,unknown,unknown,,11.7883196;11.7547197;11.749568;11.7526722;11.753376;11.7499199;11.7505598;11.7515516;11.7609282;11.7490244;11.7536316;11.7531204;11.7459517;11.7469759;11.7490244;11.7541437;11.7510719;11.7541437;11.7572165;11.757184,20,11.754155158996582,0.00881319892748664,11.745951652526855,11.78831958770752,passed,0,0.0,0.0,0.0,0.0,0.0,0.0,0.0,131072,0,full_state,passed,,11.752896308898926,nan,nan,nan,nan,nan,nan,nan,nan,nan,nan,1.8817488592200218
vdha_cudagraph,uniform,NVIDIA GeForce RTX 5090,2.11.0+cu128,12.8,default,0.15,,,,,,7b4789a9c5416207,1,131072,256,1,16777216,128.0,uniform,1,128,0.0,0.0,0.0,128.0,128.0,1.0,0.001,0.001,0.0009999871253967285,1.0,0.9999871253967285,131.0703125,131.0,203,16777.0,16768.0,25984,0.004839547072784811,0.0048395470727848125,0.03691375254683173,1.5487870298623114,sampled_16_timesteps_max_2048_sources,converged,1.5625,0.001,0.0009999871253967285,1.2874603271505192e-08,True,20,SpMV,CUSPARSE_SPMV_ALG_DEFAULT,,nan,torch_cuda_event_cudagraph_replay,gpu_execution,full_rsnn,device_adapted,independent_inference,sparse_only,"(256, 1, 131072)","(256, 1, 131072)",131072,131072,1,1,BN,spmspv_csc_dense_device,spmspv_csc_dense_device,none,False,False,True,0,torch.int64,torch.float32,torch.float32,dense_device,,,False,False,False,False,False,True,1.0,524288,338165768,338165768,0,0,False,unknown,unknown,unknown,unknown,unknown,,10.1734076;10.1444483;10.1505919;10.1465282;10.1524477;10.1506557;10.1527996;10.1579523;10.1611843;10.1570244;10.1467199;10.154048;10.1552;10.1521282;10.1464643;10.1505604;10.1526079;10.1505604;10.1556797;10.152544,20,10.153177642822266,0.006318289054982914,10.144448280334473,10.173407554626465,passed,0,0.0,0.0,0.0,0.0,0.0,0.0,0.0,131072,0,full_state,passed,,10.152495861053467,nan,nan,nan,nan,nan,nan,nan,nan,nan,nan,2.1783805208571545
persistent_spike_block,uniform,NVIDIA GeForce RTX 5090,2.11.0+cu128,12.8,default,0.15,,,,,,7b4789a9c5416207,1,131072,256,1,16777216,128.0,uniform,1,128,0.0,0.0,0.0,128.0,128.0,1.0,0.001,0.001,0.0009999871253967285,1.0,0.9999871253967285,131.0703125,131.0,203,16777.0,16768.0,25984,0.004839547072784811,0.0048395470727848125,0.03691375254683173,1.5487870298623114,sampled_16_timesteps_max_2048_sources,converged,1.5625,0.001,0.0009999871253967285,1.2874603271505192e-08,True,20,SpMV,CUSPARSE_SPMV_ALG_DEFAULT,,nan,torch_cuda_event,gpu_execution,full_rsnn,device_native,independent_inference,full_fusion,"(256, 1, 131072)","(256, 1, 131072)",131072,131072,1,1,BN,event_csr,event_csr,dense_to_events_precomputed,False,True,True,0,torch.int32,torch.float32,torch.float32,windowed_events,,,False,False,False,False,False,False,1.0,3719184,135925840,135925840,0,0,False,unknown,unknown,unknown,unknown,unknown,,2.50742412;2.42790389;2.43036795;2.43510389;2.43046403;2.4310081;2.42726398;2.43110394;2.43343997;2.4371841;2.43238401;2.43305612;2.43139195;2.431072;2.43139195;2.4289279;2.4314239;2.43305612;2.4289279;2.43404794,20,2.4353471875190733,0.01713215591389506,2.4272639751434326,2.5074241161346436,passed,0,0.0,1.4901161193847656e-08,0.0,7.445900251923376e-08,0.0,7.445900251923376e-08,0.0,131072,0,full_state,passed,,2.431391954421997,nan,nan,nan,nan,nan,nan,9.096023856449458,nan,nan,nan,9.096023856449458
cusparse_direct_cudagraph,uniform,NVIDIA GeForce RTX 5090,2.11.0+cu128,12.8,default,0.15,,,,,,898c032044faf405,1,131072,256,1,16777216,128.0,uniform,1,128,0.0,0.0,0.0,128.0,128.0,1.0,0.002,0.002,0.0020000040531158447,2.0,2.0000040531158447,262.14453125,261.0,521,33554.5,33408.0,66688,0.0,0.0,0.06643427401245611,1.9874532477015006,sampled_16_timesteps_max_2048_sources,converged,1.5625,0.002,0.0020000040531158447,4.053115844684929e-09,True,20,SpMV,CUSPARSE_SPMV_ALG_DEFAULT,,nan,torch_cuda_event,gpu_execution,full_rsnn,device_native,independent_inference,sparse_only,"(256, 1, 131072)","(256, 1, 131072)",131072,131072,1,1,BN,csr_post_by_pre,csr_post_by_pre,none,False,False,True,0,torch.int32,torch.float32,torch.float32,dense,,,False,False,False,False,False,True,1.0,65540,404750340,404750340,0,0,False,unknown,unknown,unknown,unknown,unknown,,22.127264;22.1090565;22.1119041;22.1149769;22.1119041;22.1108799;22.1098557;22.1129284;22.1139202;22.1129284;22.1119041;22.119072;22.1149769;22.1180477;22.1149769;22.1119041;22.1129284;22.1078072;22.1129284;22.1118393,20,22.113600158691405,0.004194280282366475,22.107807159423828,22.12726402282715,passed,0,0.0,2.9802322387695312e-08,2.3283064365386963e-10,1.488007654870671e-07,4.65490224144105e-08,1.488007654870671e-07,4.65490224144105e-08,131072,0,full_state,passed,,22.11292839050293,nan,nan,nan,nan,nan,nan,1.0,nan,nan,nan,1.0
tilespmspv_cudagraph,uniform,NVIDIA GeForce RTX 5090,2.11.0+cu128,12.8,default,0.15,,,,,,898c032044faf405,1,131072,256,1,16777216,128.0,uniform,1,128,0.0,0.0,0.0,128.0,128.0,1.0,0.002,0.002,0.0020000040531158447,2.0,2.0000040531158447,262.14453125,261.0,521,33554.5,33408.0,66688,0.0,0.0,0.06643427401245611,1.9874532477015006,sampled_16_timesteps_max_2048_sources,converged,1.5625,0.002,0.0020000040531158447,4.053115844684929e-09,True,20,SpMV,CUSPARSE_SPMV_ALG_DEFAULT,,nan,torch_cuda_event_cudagraph_replay,gpu_execution,full_rsnn,device_adapted,independent_inference,sparse_only,"(256, 1, 131072)","(256, 1, 131072)",131072,131072,1,1,BN,spmspv_csc_dense_device,spmspv_csc_dense_device,none,False,False,True,0,torch.int64,torch.float32,torch.float32,dense_device,,,False,False,False,False,False,True,1.0,524288,338165768,338165768,0,0,False,unknown,unknown,unknown,unknown,unknown,,6.06527996;6.05036783;6.04796791;6.04992008;6.045856;6.04784012;6.04655981;6.04985619;6.05145597;6.0519681;6.05212784;6.05251217;6.04841614;6.04636812;6.04841614;6.04841614;6.05046415;6.04739189;6.04841614;6.04841614,20,6.049900841712952,0.004109221365201708,6.04585599899292,6.065279960632324,passed,0,0.0,0.0,0.0,0.0,0.0,0.0,0.0,131072,0,full_state,passed,,6.0484161376953125,nan,nan,nan,nan,nan,nan,nan,nan,nan,nan,3.655986606591
globalatomic_cudagraph,uniform,NVIDIA GeForce RTX 5090,2.11.0+cu128,12.8,default,0.15,,,,,,898c032044faf405,1,131072,256,1,16777216,128.0,uniform,1,128,0.0,0.0,0.0,128.0,128.0,1.0,0.002,0.002,0.0020000040531158447,2.0,2.0000040531158447,262.14453125,261.0,521,33554.5,33408.0,66688,0.0,0.0,0.06643427401245611,1.9874532477015006,sampled_16_timesteps_max_2048_sources,converged,1.5625,0.002,0.0020000040531158447,4.053115844684929e-09,True,20,SpMV,CUSPARSE_SPMV_ALG_DEFAULT,,nan,torch_cuda_event_cudagraph_replay,gpu_execution,full_rsnn,device_adapted,independent_inference,sparse_only,"(256, 1, 131072)","(256, 1, 131072)",131072,131072,1,1,BN,spmspv_csc_dense_device,spmspv_csc_dense_device,none,False,False,True,0,torch.int64,torch.float32,torch.float32,dense_device,,,False,False,False,False,False,True,1.0,524288,338165768,338165768,0,0,False,unknown,unknown,unknown,unknown,unknown,,11.7863684;11.7652798;11.7638721;11.7669125;11.7628803;11.7660484;11.7650242;11.7701445;11.764864;11.7633924;11.7597761;11.7654076;11.7664318;11.7654076;11.7654076;11.7725763;11.7674561;11.7602882;11.755168;11.7613115,20,11.76570086479187,0.0061224210118038785,11.755167961120605,11.786368370056152,passed,0,0.0,0.0,0.0,0.0,0.0,0.0,0.0,131072,0,full_state,passed,,11.76534366607666,nan,nan,nan,nan,nan,nan,nan,nan,nan,nan,1.8794970226209156
vdha_cudagraph,uniform,NVIDIA GeForce RTX 5090,2.11.0+cu128,12.8,default,0.15,,,,,,898c032044faf405,1,131072,256,1,16777216,128.0,uniform,1,128,0.0,0.0,0.0,128.0,128.0,1.0,0.002,0.002,0.0020000040531158447,2.0,2.0000040531158447,262.14453125,261.0,521,33554.5,33408.0,66688,0.0,0.0,0.06643427401245611,1.9874532477015006,sampled_16_timesteps_max_2048_sources,converged,1.5625,0.002,0.0020000040531158447,4.053115844684929e-09,True,20,SpMV,CUSPARSE_SPMV_ALG_DEFAULT,,nan,torch_cuda_event_cudagraph_replay,gpu_execution,full_rsnn,device_adapted,independent_inference,sparse_only,"(256, 1, 131072)","(256, 1, 131072)",131072,131072,1,1,BN,spmspv_csc_dense_device,spmspv_csc_dense_device,none,False,False,True,0,torch.int64,torch.float32,torch.float32,dense_device,,,False,False,False,False,False,True,1.0,524288,338165768,338165768,0,0,False,unknown,unknown,unknown,unknown,unknown,,9.06099224;9.03974438;9.03548813;9.03644753;9.03539181;9.0354557;9.03439999;9.03135967;9.03129578;9.03436756;9.03952026;9.03491211;9.03343964;9.03593636;9.03337574;9.03129578;9.03439999;9.03337574;9.03542423;9.03439999,20,9.0360511302948,0.006283168652112004,9.031295776367188,9.060992240905762,passed,0,0.0,0.0,0.0,0.0,0.0,0.0,0.0,131072,0,full_state,passed,,9.034656047821045,nan,nan,nan,nan,nan,nan,nan,nan,nan,nan,2.447567264703571
persistent_spike_block,uniform,NVIDIA GeForce RTX 5090,2.11.0+cu128,12.8,default,0.15,,,,,,898c032044faf405,1,131072,256,1,16777216,128.0,uniform,1,128,0.0,0.0,0.0,128.0,128.0,1.0,0.002,0.002,0.0020000040531158447,2.0,2.0000040531158447,262.14453125,261.0,521,33554.5,33408.0,66688,0.0,0.0,0.06643427401245611,1.9874532477015006,sampled_16_timesteps_max_2048_sources,converged,1.5625,0.002,0.0020000040531158447,4.053115844684929e-09,True,20,SpMV,CUSPARSE_SPMV_ALG_DEFAULT,,nan,torch_cuda_event,gpu_execution,full_rsnn,device_native,independent_inference,full_fusion,"(256, 1, 131072)","(256, 1, 131072)",131072,131072,1,1,BN,event_csr,event_csr,dense_to_events_precomputed,False,True,True,0,torch.int32,torch.float32,torch.float32,windowed_events,,,False,False,False,False,False,False,1.0,3719184,136060060,136060060,0,0,False,unknown,unknown,unknown,unknown,unknown,,2.55571198;2.51295996;2.51849604;2.51299191;2.51324797;2.51187205;2.51020789;2.51068807;2.51644802;2.51084805;2.51542401;2.51100802;2.51436806;2.51084805;2.51228809;2.50681591;2.51555204;2.508672;2.51289606;2.50982404,20,2.5145584106445313,0.010071798545304182,2.5068159103393555,2.5557119846343994,passed,0,0.0,2.9802322387695312e-08,0.0,1.488007654870671e-07,0.0,1.488007654870671e-07,0.0,131072,0,full_state,passed,,2.512592077255249,nan,nan,nan,nan,nan,nan,8.800842998223194,nan,nan,nan,8.800842998223194
cusparse_direct_cudagraph,uniform,NVIDIA GeForce RTX 5090,2.11.0+cu128,12.8,default,0.15,,,,,,23b43e9fd27c1a4a,1,131072,256,1,16777216,128.0,uniform,1,128,0.0,0.0,0.0,128.0,128.0,1.0,0.005,0.005,0.004999995231628418,5.0,4.999995231628418,655.359375,646.0,1292,83886.0,82688.0,165376,0.006625775209407214,0.006625775209407214,0.11338981621171026,1.9714374269842405,sampled_16_timesteps_max_2048_sources,converged,1.5625,0.005,0.004999995231628418,4.768371582135333e-09,True,20,SpMV,CUSPARSE_SPMV_ALG_DEFAULT,,nan,torch_cuda_event,gpu_execution,full_rsnn,device_native,independent_inference,sparse_only,"(256, 1, 131072)","(256, 1, 131072)",131072,131072,1,1,BN,csr_post_by_pre,csr_post_by_pre,none,False,False,True,0,torch.int32,torch.float32,torch.float32,dense,,,False,False,False,False,False,True,1.0,65540,404750340,404750340,0,0,False,unknown,unknown,unknown,unknown,unknown,,22.1256008;22.1112003;22.1098557;22.1108799;22.1098557;22.1108799;22.1078072;22.1067848;22.1119041;22.1088009;22.1098881;22.1108799;22.1119041;22.1129284;22.1129284;22.1078072;22.1108799;22.1078072;22.1088314;22.1119041,20,22.110966396331786,0.003872260422706309,22.10678482055664,22.125600814819336,passed,0,0.0,1.1920928955078125e-07,9.313225746154785e-10,5.928605446570145e-07,1.859421985273002e-07,5.928605446570145e-07,1.859421985273002e-07,131072,0,full_state,passed,,22.11087989807129,nan,nan,nan,nan,nan,nan,1.0,nan,nan,nan,1.0
tilespmspv_cudagraph,uniform,NVIDIA GeForce RTX 5090,2.11.0+cu128,12.8,default,0.15,,,,,,23b43e9fd27c1a4a,1,131072,256,1,16777216,128.0,uniform,1,128,0.0,0.0,0.0,128.0,128.0,1.0,0.005,0.005,0.004999995231628418,5.0,4.999995231628418,655.359375,646.0,1292,83886.0,82688.0,165376,0.006625775209407214,0.006625775209407214,0.11338981621171026,1.9714374269842405,sampled_16_timesteps_max_2048_sources,converged,1.5625,0.005,0.004999995231628418,4.768371582135333e-09,True,20,SpMV,CUSPARSE_SPMV_ALG_DEFAULT,,nan,torch_cuda_event_cudagraph_replay,gpu_execution,full_rsnn,device_adapted,independent_inference,sparse_only,"(256, 1, 131072)","(256, 1, 131072)",131072,131072,1,1,BN,spmspv_csc_dense_device,spmspv_csc_dense_device,none,False,False,True,0,torch.int64,torch.float32,torch.float32,dense_device,,,False,False,False,False,False,True,1.0,524288,338165768,338165768,0,0,False,unknown,unknown,unknown,unknown,unknown,,6.09644794;6.08956814;6.08934402;6.08524799;6.08931208;6.08745623;6.08720016;6.08937597;6.08934402;6.0874238;6.08579206;6.08527994;6.08937597;6.08527994;6.08527994;6.08726406;6.08527994;6.08937597;6.08931208;6.09142399,20,6.088219213485718,0.002725876543063171,6.085247993469238,6.096447944641113,passed,0,0.0,0.0,0.0,0.0,0.0,0.0,0.0,131072,0,full_state,passed,,6.08838415145874,nan,nan,nan,nan,nan,nan,nan,nan,nan,nan,3.631649933385635
globalatomic_cudagraph,uniform,NVIDIA GeForce RTX 5090,2.11.0+cu128,12.8,default,0.15,,,,,,23b43e9fd27c1a4a,1,131072,256,1,16777216,128.0,uniform,1,128,0.0,0.0,0.0,128.0,128.0,1.0,0.005,0.005,0.004999995231628418,5.0,4.999995231628418,655.359375,646.0,1292,83886.0,82688.0,165376,0.006625775209407214,0.006625775209407214,0.11338981621171026,1.9714374269842405,sampled_16_timesteps_max_2048_sources,converged,1.5625,0.005,0.004999995231628418,4.768371582135333e-09,True,20,SpMV,CUSPARSE_SPMV_ALG_DEFAULT,,nan,torch_cuda_event_cudagraph_replay,gpu_execution,full_rsnn,device_adapted,independent_inference,sparse_only,"(256, 1, 131072)","(256, 1, 131072)",131072,131072,1,1,BN,spmspv_csc_dense_device,spmspv_csc_dense_device,none,False,False,True,0,torch.int64,torch.float32,torch.float32,dense_device,,,False,False,False,False,False,True,1.0,524288,338165768,338165768,0,0,False,unknown,unknown,unknown,unknown,unknown,,11.7880316;11.7738562;11.7760324;11.7757444;11.775136;11.770112;11.7629442;11.7686081;11.773056;11.7710724;11.7638397;11.7715521;11.7664318;11.7695036;11.7695036;11.7746239;11.7735682;11.7705278;11.7735996;11.7715521,20,11.77196478843689,0.005252218954256045,11.762944221496582,11.788031578063965,passed,0,0.0,0.0,0.0,0.0,0.0,0.0,0.0,131072,0,full_state,passed,,11.771552085876465,nan,nan,nan,nan,nan,nan,nan,nan,nan,nan,1.878331738819724
vdha_cudagraph,uniform,NVIDIA GeForce RTX 5090,2.11.0+cu128,12.8,default,0.15,,,,,,23b43e9fd27c1a4a,1,131072,256,1,16777216,128.0,uniform,1,128,0.0,0.0,0.0,128.0,128.0,1.0,0.005,0.005,0.004999995231628418,5.0,4.999995231628418,655.359375,646.0,1292,83886.0,82688.0,165376,0.006625775209407214,0.006625775209407214,0.11338981621171026,1.9714374269842405,sampled_16_timesteps_max_2048_sources,converged,1.5625,0.005,0.004999995231628418,4.768371582135333e-09,True,20,SpMV,CUSPARSE_SPMV_ALG_DEFAULT,,nan,torch_cuda_event_cudagraph_replay,gpu_execution,full_rsnn,device_adapted,independent_inference,sparse_only,"(256, 1, 131072)","(256, 1, 131072)",131072,131072,1,1,BN,spmspv_csc_dense_device,spmspv_csc_dense_device,none,False,False,True,0,torch.int64,torch.float32,torch.float32,dense_device,,,False,False,False,False,False,True,1.0,524288,338165768,338165768,0,0,False,unknown,unknown,unknown,unknown,unknown,,8.05760002;8.02591991;8.02793598;8.02972794;8.03184032;8.02828789;8.02524757;8.02729607;8.02579212;8.02511978;8.02572823;8.03094387;8.02326393;8.02937603;8.02371216;8.02166367;8.02166367;8.02678394;8.0257597;8.02780819,20,8.02807354927063,0.007479135717492274,8.021663665771484,8.057600021362305,passed,0,0.0,0.0,0.0,0.0,0.0,0.0,0.0,131072,0,full_state,passed,,8.026351928710938,nan,nan,nan,nan,nan,nan,nan,nan,nan,nan,2.7547857475547275
persistent_spike_block,uniform,NVIDIA GeForce RTX 5090,2.11.0+cu128,12.8,default,0.15,,,,,,23b43e9fd27c1a4a,1,131072,256,1,16777216,128.0,uniform,1,128,0.0,0.0,0.0,128.0,128.0,1.0,0.005,0.005,0.004999995231628418,5.0,4.999995231628418,655.359375,646.0,1292,83886.0,82688.0,165376,0.006625775209407214,0.006625775209407214,0.11338981621171026,1.9714374269842405,sampled_16_timesteps_max_2048_sources,converged,1.5625,0.005,0.004999995231628418,4.768371582135333e-09,True,20,SpMV,CUSPARSE_SPMV_ALG_DEFAULT,,nan,torch_cuda_event,gpu_execution,full_rsnn,device_native,independent_inference,full_fusion,"(256, 1, 131072)","(256, 1, 131072)",131072,131072,1,1,BN,event_csr,event_csr,dense_to_events_precomputed,False,True,True,0,torch.int32,torch.float32,torch.float32,windowed_events,,,False,False,False,False,False,False,1.0,3719184,136462712,136462712,0,0,False,unknown,unknown,unknown,unknown,unknown,,2.62982392;2.59113598;2.58662391;2.58096004;2.59174395;2.58495998;2.58448005;2.58211207;2.58966398;2.5808959;2.58438396;2.58703995;2.58150411;2.58188796;2.57849598;2.58291197;2.59366393;2.58291197;2.58457589;2.58355188,20,2.5871663689613342,0.01080796112619733,2.578495979309082,2.629823923110962,passed,0,0.0,1.1920928955078125e-07,0.0,5.928605446570145e-07,0.0,5.928605446570145e-07,0.0,131072,0,full_state,passed,,2.584432005882263,nan,nan,nan,nan,nan,nan,8.555411729829265,nan,nan,nan,8.555411729829265
cusparse_direct_cudagraph,uniform,NVIDIA GeForce RTX 5090,2.11.0+cu128,12.8,default,0.15,,,,,,7323218a22116c05,1,131072,256,1,16777216,128.0,uniform,1,128,0.0,0.0,0.0,128.0,128.0,1.0,0.01,0.01,0.009999990463256836,10.0,9.999990463256836,1310.71875,1273.0,2546,167772.0,162944.0,325888,0.2038015309343829,0.20380153093438283,0.16100061526940526,1.9424457001168252,sampled_16_timesteps_max_2048_sources,converged,1.5625,0.01,0.009999990463256836,9.536743164270667e-09,True,20,SpMV,CUSPARSE_SPMV_ALG_DEFAULT,,nan,torch_cuda_event,gpu_execution,full_rsnn,device_native,independent_inference,sparse_only,"(256, 1, 131072)","(256, 1, 131072)",131072,131072,1,1,BN,csr_post_by_pre,csr_post_by_pre,none,False,False,True,0,torch.int32,torch.float32,torch.float32,dense,,,False,False,False,False,False,True,1.0,65540,404750340,404750340,0,0,False,unknown,unknown,unknown,unknown,unknown,,22.1348152;22.1089592;22.1098557;22.1108799;22.1078072;22.1129284;22.1078072;22.1129284;22.1180153;22.1149769;22.1098557;22.1129284;22.1078072;22.1088314;22.1088009;22.1119366;22.1108799;22.1098557;22.1108799;22.1098557,20,22.112030220031738,0.005949650268918496,22.107807159423828,22.134815216064453,passed,0,0.0,1.1920928955078125e-07,1.3969838619232178e-09,5.928720838710433e-07,2.7853673145727953e-07,5.928720838710433e-07,2.7853673145727953e-07,131072,0,full_state,passed,,22.11036777496338,nan,nan,nan,nan,nan,nan,1.0,nan,nan,nan,1.0
tilespmspv_cudagraph,uniform,NVIDIA GeForce RTX 5090,2.11.0+cu128,12.8,default,0.15,,,,,,7323218a22116c05,1,131072,256,1,16777216,128.0,uniform,1,128,0.0,0.0,0.0,128.0,128.0,1.0,0.01,0.01,0.009999990463256836,10.0,9.999990463256836,1310.71875,1273.0,2546,167772.0,162944.0,325888,0.2038015309343829,0.20380153093438283,0.16100061526940526,1.9424457001168252,sampled_16_timesteps_max_2048_sources,converged,1.5625,0.01,0.009999990463256836,9.536743164270667e-09,True,20,SpMV,CUSPARSE_SPMV_ALG_DEFAULT,,nan,torch_cuda_event_cudagraph_replay,gpu_execution,full_rsnn,device_adapted,independent_inference,sparse_only,"(256, 1, 131072)","(256, 1, 131072)",131072,131072,1,1,BN,spmspv_csc_dense_device,spmspv_csc_dense_device,none,False,False,True,0,torch.int64,torch.float32,torch.float32,dense_device,,,False,False,False,False,False,True,1.0,524288,338165768,338165768,0,0,False,unknown,unknown,unknown,unknown,unknown,,6.1707201;6.14249611;6.14272022;6.1440959;6.14617586;6.14396811;6.14198399;6.14425611;6.14678383;6.14415979;6.1422081;6.14463997;6.13852787;6.14569616;6.1426239;6.14467192;6.14460802;6.14467192;6.1426239;6.14463997,20,6.145113587379456,0.006289601314156541,6.138527870178223,6.170720100402832,passed,0,0.0,0.0,0.0,0.0,0.0,0.0,0.0,131072,0,full_state,passed,,6.144207954406738,nan,nan,nan,nan,nan,nan,nan,nan,nan,nan,3.59857087179242
globalatomic_cudagraph,uniform,NVIDIA GeForce RTX 5090,2.11.0+cu128,12.8,default,0.15,,,,,,7323218a22116c05,1,131072,256,1,16777216,128.0,uniform,1,128,0.0,0.0,0.0,128.0,128.0,1.0,0.01,0.01,0.009999990463256836,10.0,9.999990463256836,1310.71875,1273.0,2546,167772.0,162944.0,325888,0.2038015309343829,0.20380153093438283,0.16100061526940526,1.9424457001168252,sampled_16_timesteps_max_2048_sources,converged,1.5625,0.01,0.009999990463256836,9.536743164270667e-09,True,20,SpMV,CUSPARSE_SPMV_ALG_DEFAULT,,nan,torch_cuda_event_cudagraph_replay,gpu_execution,full_rsnn,device_adapted,independent_inference,sparse_only,"(256, 1, 131072)","(256, 1, 131072)",131072,131072,1,1,BN,spmspv_csc_dense_device,spmspv_csc_dense_device,none,False,False,True,0,torch.int64,torch.float32,torch.float32,dense_device,,,False,False,False,False,False,True,1.0,524288,338165768,338165768,0,0,False,unknown,unknown,unknown,unknown,unknown,,11.7884159;11.7714882;11.7638397;11.7633924;11.7608318;11.7679996;11.7632961;11.7664318;11.7674875;11.7648315;11.7660484;11.7654076;11.7623358;11.759264;11.76336;11.7561922;11.7654076;11.7684803;11.7695036;11.7654076,20,11.765971088409424,0.006354739285180991,11.756192207336426,11.788415908813477,passed,0,0.0,0.0,0.0,0.0,0.0,0.0,0.0,131072,0,full_state,passed,,11.76540756225586,nan,nan,nan,nan,nan,nan,nan,nan,nan,nan,1.879269176011784
vdha_cudagraph,uniform,NVIDIA GeForce RTX 5090,2.11.0+cu128,12.8,default,0.15,,,,,,7323218a22116c05,1,131072,256,1,16777216,128.0,uniform,1,128,0.0,0.0,0.0,128.0,128.0,1.0,0.01,0.01,0.009999990463256836,10.0,9.999990463256836,1310.71875,1273.0,2546,167772.0,162944.0,325888,0.2038015309343829,0.20380153093438283,0.16100061526940526,1.9424457001168252,sampled_16_timesteps_max_2048_sources,converged,1.5625,0.01,0.009999990463256836,9.536743164270667e-09,True,20,SpMV,CUSPARSE_SPMV_ALG_DEFAULT,,nan,torch_cuda_event_cudagraph_replay,gpu_execution,full_rsnn,device_adapted,independent_inference,sparse_only,"(256, 1, 131072)","(256, 1, 131072)",131072,131072,1,1,BN,spmspv_csc_dense_device,spmspv_csc_dense_device,none,False,False,True,0,torch.int64,torch.float32,torch.float32,dense_device,,,False,False,False,False,False,True,1.0,524288,338165768,338165768,0,0,False,unknown,unknown,unknown,unknown,unknown,,8.02742386;8.0098238;8.00326443;8.00745583;8.00918388;8.0098877;8.00540829;8.00524807;8.00537586;8.00720024;8.00835228;8.00732803;8.00131226;8.00259209;8.00732803;8.00937557;8.00220776;8.00732803;8.01142406;8.00937557,20,8.00784478187561,0.005400497567730976,8.001312255859375,8.027423858642578,passed,0,0.0,0.0,0.0,0.0,0.0,0.0,0.0,131072,0,full_state,passed,,8.007328033447266,nan,nan,nan,nan,nan,nan,nan,nan,nan,nan,2.7612666400835035
persistent_spike_block,uniform,NVIDIA GeForce RTX 5090,2.11.0+cu128,12.8,default,0.15,,,,,,7323218a22116c05,1,131072,256,1,16777216,128.0,uniform,1,128,0.0,0.0,0.0,128.0,128.0,1.0,0.01,0.01,0.009999990463256836,10.0,9.999990463256836,1310.71875,1273.0,2546,167772.0,162944.0,325888,0.2038015309343829,0.20380153093438283,0.16100061526940526,1.9424457001168252,sampled_16_timesteps_max_2048_sources,converged,1.5625,0.01,0.009999990463256836,9.536743164270667e-09,True,20,SpMV,CUSPARSE_SPMV_ALG_DEFAULT,,nan,torch_cuda_event,gpu_execution,full_rsnn,device_native,independent_inference,full_fusion,"(256, 1, 131072)","(256, 1, 131072)",131072,131072,1,1,BN,event_csr,event_csr,dense_to_events_precomputed,False,True,True,0,torch.int32,torch.float32,torch.float32,windowed_events,,,False,False,False,False,False,False,1.0,3719184,137133800,137133800,0,0,False,unknown,unknown,unknown,unknown,unknown,,2.80262399;2.74678397;2.74841595;2.74787211;2.74620795;2.74777603;2.74534392;2.74892807;2.74841595;2.74675202;2.74627209;2.75088;2.74953604;2.74780798;2.74425602;2.74777603;2.74636793;2.75084805;2.75046396;2.74636793,20,2.750484800338745,0.012401454247226558,2.744256019592285,2.802623987197876,passed,0,0.0,1.1920928955078125e-07,1.862645149230957e-09,5.930950806032342e-07,3.713429350682418e-07,5.930950806032342e-07,3.713429350682418e-07,131072,0,full_state,passed,,2.7477920055389404,nan,nan,nan,nan,nan,nan,8.046594403940972,nan,nan,nan,8.046594403940972
cusparse_direct_cudagraph,uniform,NVIDIA GeForce RTX 5090,2.11.0+cu128,12.8,default,0.15,,,,,,322254917b7d4c47,1,131072,256,1,16777216,128.0,uniform,1,128,0.0,0.0,0.0,128.0,128.0,1.0,0.01,0.02,0.01998785138130188,20.0,19.98785138130188,2619.84765625,2546.0,5091,335340.5,325888.0,651648,0.4893690179155758,0.4893690179155759,0.16031002713729875,1.9432427636983902,sampled_16_timesteps_max_2048_sources,converged,2.7635574340820312,0.02,0.01998785138130188,1.2148618698120534e-05,True,20,SpMV,CUSPARSE_SPMV_ALG_DEFAULT,,nan,torch_cuda_event,gpu_execution,full_rsnn,device_native,independent_inference,sparse_only,"(256, 1, 131072)","(256, 1, 131072)",131072,131072,1,1,BN,csr_post_by_pre,csr_post_by_pre,none,False,False,True,0,torch.int32,torch.float32,torch.float32,dense,,,False,False,False,False,False,True,1.0,65540,404750340,404750340,0,0,False,unknown,unknown,unknown,unknown,unknown,,22.1298237;22.1152954;22.1119041;22.1149769;22.1139526;22.1129284;22.1180477;22.119072;22.1119041;22.1129284;22.1139526;22.1149769;22.1129284;22.1098557;22.1149445;22.1159687;22.1170235;22.1119041;22.1149769;22.1159992,20,22.115168190002443,0.004113229154473217,22.10985565185547,22.129823684692383,passed,0,0.0,1.7881393432617188e-07,1.862645149230957e-09,8.872399348547333e-07,3.704710707097547e-07,8.872399348547333e-07,3.704710707097547e-07,131072,0,full_state,passed,,22.11496067047119,nan,nan,nan,nan,nan,nan,1.0,nan,nan,nan,1.0
tilespmspv_cudagraph,uniform,NVIDIA GeForce RTX 5090,2.11.0+cu128,12.8,default,0.15,,,,,,322254917b7d4c47,1,131072,256,1,16777216,128.0,uniform,1,128,0.0,0.0,0.0,128.0,128.0,1.0,0.01,0.02,0.01998785138130188,20.0,19.98785138130188,2619.84765625,2546.0,5091,335340.5,325888.0,651648,0.4893690179155758,0.4893690179155759,0.16031002713729875,1.9432427636983902,sampled_16_timesteps_max_2048_sources,converged,2.7635574340820312,0.02,0.01998785138130188,1.2148618698120534e-05,True,20,SpMV,CUSPARSE_SPMV_ALG_DEFAULT,,nan,torch_cuda_event_cudagraph_replay,gpu_execution,full_rsnn,device_adapted,independent_inference,sparse_only,"(256, 1, 131072)","(256, 1, 131072)",131072,131072,1,1,BN,spmspv_csc_dense_device,spmspv_csc_dense_device,none,False,False,True,0,torch.int64,torch.float32,torch.float32,dense_device,,,False,False,False,False,False,True,1.0,524288,338165768,338165768,0,0,False,unknown,unknown,unknown,unknown,unknown,,6.22156811;6.20428801;6.20355177;6.20572805;6.20630407;6.20959997;6.20768023;6.2076478;6.2075839;6.20262384;6.20777607;6.20406389;6.20611191;6.20406389;6.20815992;6.20604801;6.20406389;6.20815992;6.20611191;6.20815992,20,6.206964755058289,0.0039314561737516865,6.2026238441467285,6.2215681076049805,passed,0,0.0,0.0,0.0,0.0,0.0,0.0,0.0,131072,0,full_state,passed,,6.206207990646362,nan,nan,nan,nan,nan,nan,nan,nan,nan,nan,3.563361186702344
globalatomic_cudagraph,uniform,NVIDIA GeForce RTX 5090,2.11.0+cu128,12.8,default,0.15,,,,,,322254917b7d4c47,1,131072,256,1,16777216,128.0,uniform,1,128,0.0,0.0,0.0,128.0,128.0,1.0,0.01,0.02,0.01998785138130188,20.0,19.98785138130188,2619.84765625,2546.0,5091,335340.5,325888.0,651648,0.4893690179155758,0.4893690179155759,0.16031002713729875,1.9432427636983902,sampled_16_timesteps_max_2048_sources,converged,2.7635574340820312,0.02,0.01998785138130188,1.2148618698120534e-05,True,20,SpMV,CUSPARSE_SPMV_ALG_DEFAULT,,nan,torch_cuda_event_cudagraph_replay,gpu_execution,full_rsnn,device_adapted,independent_inference,sparse_only,"(256, 1, 131072)","(256, 1, 131072)",131072,131072,1,1,BN,spmspv_csc_dense_device,spmspv_csc_dense_device,none,False,False,True,0,torch.int64,torch.float32,torch.float32,dense_device,,,False,False,False,False,False,True,1.0,524288,338165768,338165768,0,0,False,unknown,unknown,unknown,unknown,unknown,,11.7591677;11.7338562;11.7394238;11.7424955;11.7434559;11.7423677;11.7362881;11.7351685;11.7403202;11.7418556;11.7505598;11.7469759;11.7336636;11.7449284;11.7500477;11.7490244;11.7387838;11.7418242;11.7387838;11.7377596,20,11.742337512969971,0.006402944720390857,11.733663558959961,11.759167671203613,passed,0,0.0,0.0,0.0,0.0,0.0,0.0,0.0,131072,0,full_state,passed,,11.74183988571167,nan,nan,nan,nan,nan,nan,nan,nan,nan,nan,1.883432314332807
vdha_cudagraph,uniform,NVIDIA GeForce RTX 5090,2.11.0+cu128,12.8,default,0.15,,,,,,322254917b7d4c47,1,131072,256,1,16777216,128.0,uniform,1,128,0.0,0.0,0.0,128.0,128.0,1.0,0.01,0.02,0.01998785138130188,20.0,19.98785138130188,2619.84765625,2546.0,5091,335340.5,325888.0,651648,0.4893690179155758,0.4893690179155759,0.16031002713729875,1.9432427636983902,sampled_16_timesteps_max_2048_sources,converged,2.7635574340820312,0.02,0.01998785138130188,1.2148618698120534e-05,True,20,SpMV,CUSPARSE_SPMV_ALG_DEFAULT,,nan,torch_cuda_event_cudagraph_replay,gpu_execution,full_rsnn,device_adapted,independent_inference,sparse_only,"(256, 1, 131072)","(256, 1, 131072)",131072,131072,1,1,BN,spmspv_csc_dense_device,spmspv_csc_dense_device,none,False,False,True,0,torch.int64,torch.float32,torch.float32,dense_device,,,False,False,False,False,False,True,1.0,524288,338165768,338165768,0,0,False,unknown,unknown,unknown,unknown,unknown,,7.97247982;7.77196789;7.77132797;7.76675177;7.77110386;7.77199984;7.77027178;7.76912022;7.77113581;7.77382421;7.76883221;7.77926397;7.77603197;7.77228785;7.77385616;7.78000021;7.78716803;7.7881918;7.78614378;7.78614378,20,7.78539514541626,0.04453658396343473,7.766751766204834,7.972479820251465,passed,0,0.0,0.0,0.0,0.0,0.0,0.0,0.0,131072,0,full_state,passed,,7.7730560302734375,nan,nan,nan,nan,nan,nan,nan,nan,nan,nan,2.845079282117723
persistent_spike_block,uniform,NVIDIA GeForce RTX 5090,2.11.0+cu128,12.8,default,0.15,,,,,,322254917b7d4c47,1,131072,256,1,16777216,128.0,uniform,1,128,0.0,0.0,0.0,128.0,128.0,1.0,0.01,0.02,0.01998785138130188,20.0,19.98785138130188,2619.84765625,2546.0,5091,335340.5,325888.0,651648,0.4893690179155758,0.4893690179155759,0.16031002713729875,1.9432427636983902,sampled_16_timesteps_max_2048_sources,converged,2.7635574340820312,0.02,0.01998785138130188,1.2148618698120534e-05,True,20,SpMV,CUSPARSE_SPMV_ALG_DEFAULT,,nan,torch_cuda_event,gpu_execution,full_rsnn,device_native,independent_inference,full_fusion,"(256, 1, 131072)","(256, 1, 131072)",131072,131072,1,1,BN,event_csr,event_csr,dense_to_events_precomputed,False,True,True,0,torch.int32,torch.float32,torch.float32,windowed_events,,,False,False,False,False,False,False,1.0,3719184,137133800,137133800,0,0,False,unknown,unknown,unknown,unknown,unknown,,3.03484797;2.96246409;2.96179199;2.96556807;2.96691203;2.96329594;2.96710396;2.96447992;2.96896005;2.96473598;2.96384001;2.96761608;2.96588802;2.96345592;2.962816;2.96339202;2.96796799;2.96342397;2.96755195;2.9614079,20,2.9683759927749636,0.015801852825277747,2.9614078998565674,3.0348479747772217,passed,0,0.0,2.384185791015625e-07,5.587935447692871e-09,1.1832652262455667e-06,1.1097288279415807e-06,1.1832652262455667e-06,1.1097288279415807e-06,131072,0,full_state,passed,,2.9646079540252686,nan,nan,nan,nan,nan,nan,7.459657740054318,nan,nan,nan,7.459657740054318
cusparse_direct_cudagraph,uniform,NVIDIA GeForce RTX 5090,2.11.0+cu128,12.8,default,0.15,,,,,,294395bdf234cd4e,1,131072,256,1,16777216,128.0,uniform,1,128,0.0,0.0,0.0,128.0,128.0,1.0,0.01,0.05,0.0497608482837677,50.0,49.7608482837677,6522.25390625,6427.0,12726,834848.5,822656.0,1628928,0.4893690179155758,0.4893690179155759,0.15035479479582617,1.9511659899969875,sampled_16_timesteps_max_2048_sources,converged,5.811119079589844,0.05,0.0497608482837677,0.00023915171623230258,True,20,SpMV,CUSPARSE_SPMV_ALG_DEFAULT,,nan,torch_cuda_event,gpu_execution,full_rsnn,device_native,independent_inference,sparse_only,"(256, 1, 131072)","(256, 1, 131072)",131072,131072,1,1,BN,csr_post_by_pre,csr_post_by_pre,none,False,False,True,0,torch.int32,torch.float32,torch.float32,dense,,,False,False,False,False,False,True,1.0,65540,404750340,404750340,0,0,False,unknown,unknown,unknown,unknown,unknown,,22.1296959;22.113184;22.1119041;22.1108475;22.1139832;22.1108799;22.1078072;22.112896;22.1119041;22.1088314;22.1098557;22.1108475;22.1139526;22.1108475;22.1088314;22.1119041;22.1108799;22.1098557;22.1149769;22.1139526,20,22.112391853332518,0.004507751314001938,22.107807159423828,22.129695892333984,passed,0,0.0,6.854534149169922e-07,1.1175870895385742e-08,3.413866807022714e-06,2.194778062403202e-06,3.413866807022714e-06,2.194778062403202e-06,131072,0,full_state,passed,,22.1113920211792,nan,nan,nan,nan,nan,nan,1.0,nan,nan,nan,1.0
tilespmspv_cudagraph,uniform,NVIDIA GeForce RTX 5090,2.11.0+cu128,12.8,default,0.15,,,,,,294395bdf234cd4e,1,131072,256,1,16777216,128.0,uniform,1,128,0.0,0.0,0.0,128.0,128.0,1.0,0.01,0.05,0.0497608482837677,50.0,49.7608482837677,6522.25390625,6427.0,12726,834848.5,822656.0,1628928,0.4893690179155758,0.4893690179155759,0.15035479479582617,1.9511659899969875,sampled_16_timesteps_max_2048_sources,converged,5.811119079589844,0.05,0.0497608482837677,0.00023915171623230258,True,20,SpMV,CUSPARSE_SPMV_ALG_DEFAULT,,nan,torch_cuda_event_cudagraph_replay,gpu_execution,full_rsnn,device_adapted,independent_inference,sparse_only,"(256, 1, 131072)","(256, 1, 131072)",131072,131072,1,1,BN,spmspv_csc_dense_device,spmspv_csc_dense_device,none,False,False,True,0,torch.int64,torch.float32,torch.float32,dense_device,,,False,False,False,False,False,True,1.0,524288,338165768,338165768,0,0,False,unknown,unknown,unknown,unknown,unknown,,6.44528008;6.43769598;6.42944002;6.43331194;6.43135977;6.43126392;6.43743992;6.43340778;6.43344021;6.43958378;6.43913603;6.43753576;6.43548822;6.43344021;6.4364481;6.43139219;6.43344021;6.43958378;6.43548822;6.43753576,20,6.435585594177246,0.00377267502502192,6.429440021514893,6.445280075073242,passed,0,0.0,9.5367431640625e-07,1.862645149230957e-08,4.613586042978568e-06,3.6600508792616893e-06,4.613586042978568e-06,3.6600508792616893e-06,131072,0,full_state,passed,,6.435488224029541,nan,nan,nan,nan,nan,nan,nan,nan,nan,nan,3.4358530777225615
globalatomic_cudagraph,uniform,NVIDIA GeForce RTX 5090,2.11.0+cu128,12.8,default,0.15,,,,,,294395bdf234cd4e,1,131072,256,1,16777216,128.0,uniform,1,128,0.0,0.0,0.0,128.0,128.0,1.0,0.01,0.05,0.0497608482837677,50.0,49.7608482837677,6522.25390625,6427.0,12726,834848.5,822656.0,1628928,0.4893690179155758,0.4893690179155759,0.15035479479582617,1.9511659899969875,sampled_16_timesteps_max_2048_sources,converged,5.811119079589844,0.05,0.0497608482837677,0.00023915171623230258,True,20,SpMV,CUSPARSE_SPMV_ALG_DEFAULT,,nan,torch_cuda_event_cudagraph_replay,gpu_execution,full_rsnn,device_adapted,independent_inference,sparse_only,"(256, 1, 131072)","(256, 1, 131072)",131072,131072,1,1,BN,spmspv_csc_dense_device,spmspv_csc_dense_device,none,False,False,True,0,torch.int64,torch.float32,torch.float32,dense_device,,,False,False,False,False,False,True,1.0,524288,338165768,338165768,0,0,False,unknown,unknown,unknown,unknown,unknown,,11.7358398;11.7266235;11.7249603;11.7306881;11.726944;11.7322245;11.7285757;11.73312;11.7220163;11.7229443;11.730176;11.7346878;11.7398081;11.7285442;11.7254725;11.7285442;11.7264957;11.7295675;11.7264957;11.7233276,20,11.728852796554566,0.004570135146663198,11.722016334533691,11.739808082580566,passed,0,0.0,9.5367431640625e-07,1.862645149230957e-08,4.613586042978568e-06,3.6600508792616893e-06,4.613586042978568e-06,3.6600508792616893e-06,131072,0,full_state,passed,,11.728544235229492,nan,nan,nan,nan,nan,nan,nan,nan,nan,nan,1.8852631305053476
vdha_cudagraph,uniform,NVIDIA GeForce RTX 5090,2.11.0+cu128,12.8,default,0.15,,,,,,294395bdf234cd4e,1,131072,256,1,16777216,128.0,uniform,1,128,0.0,0.0,0.0,128.0,128.0,1.0,0.01,0.05,0.0497608482837677,50.0,49.7608482837677,6522.25390625,6427.0,12726,834848.5,822656.0,1628928,0.4893690179155758,0.4893690179155759,0.15035479479582617,1.9511659899969875,sampled_16_timesteps_max_2048_sources,converged,5.811119079589844,0.05,0.0497608482837677,0.00023915171623230258,True,20,SpMV,CUSPARSE_SPMV_ALG_DEFAULT,,nan,torch_cuda_event_cudagraph_replay,gpu_execution,full_rsnn,device_adapted,independent_inference,sparse_only,"(256, 1, 131072)","(256, 1, 131072)",131072,131072,1,1,BN,spmspv_csc_dense_device,spmspv_csc_dense_device,none,False,False,True,0,torch.int64,torch.float32,torch.float32,dense_device,,,False,False,False,False,False,True,1.0,524288,338165768,338165768,0,0,False,unknown,unknown,unknown,unknown,unknown,,7.86419201;7.85200024;7.85375977;7.86083221;7.85587215;7.85360003;7.85574389;7.85683203;7.85369587;7.85369587;7.84963179;7.85468817;7.8578558;7.86342382;7.85987186;7.85884809;7.86191988;7.8639679;7.85577583;7.86294413,20,7.857457566261291,0.00433393495787767,7.8496317863464355,7.864192008972168,passed,0,0.0,7.152557373046875e-07,1.862645149230957e-08,3.5632303934107767e-06,3.6600508792616893e-06,3.5632303934107767e-06,3.6600508792616893e-06,131072,0,full_state,passed,,7.856352090835571,nan,nan,nan,nan,nan,nan,nan,nan,nan,nan,2.8144604220287075
persistent_spike_block,uniform,NVIDIA GeForce RTX 5090,2.11.0+cu128,12.8,default,0.15,,,,,,294395bdf234cd4e,1,131072,256,1,16777216,128.0,uniform,1,128,0.0,0.0,0.0,128.0,128.0,1.0,0.01,0.05,0.0497608482837677,50.0,49.7608482837677,6522.25390625,6427.0,12726,834848.5,822656.0,1628928,0.4893690179155758,0.4893690179155759,0.15035479479582617,1.9511659899969875,sampled_16_timesteps_max_2048_sources,converged,5.811119079589844,0.05,0.0497608482837677,0.00023915171623230258,True,20,SpMV,CUSPARSE_SPMV_ALG_DEFAULT,,nan,torch_cuda_event,gpu_execution,full_rsnn,device_native,independent_inference,full_fusion,"(256, 1, 131072)","(256, 1, 131072)",131072,131072,1,1,BN,event_csr,event_csr,dense_to_events_precomputed,False,True,True,0,torch.int32,torch.float32,torch.float32,windowed_events,,,False,False,False,False,False,False,1.0,3719184,137133800,137133800,0,0,False,unknown,unknown,unknown,unknown,unknown,,4.55171204;4.45792007;4.45532799;4.45590401;4.45334387;4.45081615;4.44931221;4.45587206;4.45430422;4.44966412;4.44924784;4.44975996;4.4513278;4.45580816;4.4554882;4.45078421;4.45017576;4.45590401;4.45542383;4.45436811,20,4.458123230934143,0.02220390782649283,4.44924783706665,4.5517120361328125,passed,0,0.0,9.5367431640625e-07,2.60770320892334e-08,4.7134449232544284e-06,5.115860403748229e-06,4.7134449232544284e-06,5.115860403748229e-06,131072,0,full_state,passed,,4.454336166381836,nan,nan,nan,nan,nan,nan,4.96401510691094,nan,nan,nan,4.96401510691094
cusparse_direct_cudagraph,uniform,NVIDIA GeForce RTX 5090,2.11.0+cu128,12.8,default,0.15,,,,,,7f958b7818a7c3c4,2,131072,256,1,16777216,128.0,uniform,2,128,0.0,0.0,0.0,128.0,128.0,1.0,0.0,0.0,0.0,0.0,0.0,0.0,0.0,0,0.0,0.0,0,0.0,0.0,0.0,0.0,sampled_16_timesteps_max_2048_sources,converged,50.0,0.0,0.0,0.0,True,20,SpMV,CUSPARSE_SPMV_ALG_DEFAULT,,nan,torch_cuda_event,gpu_execution,full_rsnn,device_native,independent_inference,sparse_only,"(256, 1, 131072)","(256, 1, 131072)",131072,131072,1,1,BN,csr_post_by_pre,csr_post_by_pre,none,False,False,True,0,torch.int32,torch.float32,torch.float32,dense,,,False,False,False,False,False,True,1.0,65540,404750340,404750340,0,0,False,unknown,unknown,unknown,unknown,unknown,,22.1738873;22.1623993;22.1651516;22.1661758;22.1631031;22.1641273;22.1651516;22.1661758;22.1682243;22.1692486;22.1682243;22.1651516;22.1661758;22.1631031;22.1661758;22.1661758;22.1692486;22.1702728;22.1671352;22.1661758,20,22.16657419204712,0.0027315250790857968,22.162399291992188,22.173887252807617,passed,0,0.0,0.0,0.0,0.0,0.0,0.0,0.0,131072,0,full_state,passed,,22.166175842285156,nan,nan,nan,nan,nan,nan,1.0,nan,nan,nan,1.0
tilespmspv_cudagraph,uniform,NVIDIA GeForce RTX 5090,2.11.0+cu128,12.8,default,0.15,,,,,,7f958b7818a7c3c4,2,131072,256,1,16777216,128.0,uniform,2,128,0.0,0.0,0.0,128.0,128.0,1.0,0.0,0.0,0.0,0.0,0.0,0.0,0.0,0,0.0,0.0,0,0.0,0.0,0.0,0.0,sampled_16_timesteps_max_2048_sources,converged,50.0,0.0,0.0,0.0,True,20,SpMV,CUSPARSE_SPMV_ALG_DEFAULT,,nan,torch_cuda_event_cudagraph_replay,gpu_execution,full_rsnn,device_adapted,independent_inference,sparse_only,"(256, 1, 131072)","(256, 1, 131072)",131072,131072,1,1,BN,spmspv_csc_dense_device,spmspv_csc_dense_device,none,False,False,True,0,torch.int64,torch.float32,torch.float32,dense_device,,,False,False,False,False,False,True,1.0,524288,338165768,338165768,0,0,False,unknown,unknown,unknown,unknown,unknown,,5.8910079;5.87660789;5.87433577;5.87433577;5.87328005;5.87849617;5.87206411;5.87846422;5.87839985;5.873312;5.87596798;5.87228823;5.87433577;5.87222385;5.87536001;5.87433577;5.87638378;5.87433577;5.87433577;5.87126398,20,5.87555673122406,0.0042146140266816476,5.8712639808654785,5.891007900238037,passed,0,0.0,0.0,0.0,0.0,0.0,0.0,0.0,131072,0,full_state,passed,,5.874335765838623,nan,nan,nan,nan,nan,nan,nan,nan,nan,nan,3.7733927248744354
globalatomic_cudagraph,uniform,NVIDIA GeForce RTX 5090,2.11.0+cu128,12.8,default,0.15,,,,,,7f958b7818a7c3c4,2,131072,256,1,16777216,128.0,uniform,2,128,0.0,0.0,0.0,128.0,128.0,1.0,0.0,0.0,0.0,0.0,0.0,0.0,0.0,0,0.0,0.0,0,0.0,0.0,0.0,0.0,sampled_16_timesteps_max_2048_sources,converged,50.0,0.0,0.0,0.0,True,20,SpMV,CUSPARSE_SPMV_ALG_DEFAULT,,nan,torch_cuda_event_cudagraph_replay,gpu_execution,full_rsnn,device_adapted,independent_inference,sparse_only,"(256, 1, 131072)","(256, 1, 131072)",131072,131072,1,1,BN,spmspv_csc_dense_device,spmspv_csc_dense_device,none,False,False,True,0,torch.int64,torch.float32,torch.float32,dense_device,,,False,False,False,False,False,True,1.0,524288,338165768,338165768,0,0,False,unknown,unknown,unknown,unknown,unknown,,11.6982079;11.6896;11.6886082;11.6896639;11.6926403;11.69168;11.6926718;11.6835842;11.6914883;11.6885757;11.6871996;11.6886082;11.6937284;11.6906557;11.6937284;11.6937284;11.6886082;11.6854715;11.6906242;11.693696,20,11.690638446807862,0.003341699770932948,11.683584213256836,11.69820785522461,passed,0,0.0,0.0,0.0,0.0,0.0,0.0,0.0,131072,0,full_state,passed,,11.690639972686768,nan,nan,nan,nan,nan,nan,nan,nan,nan,nan,1.8960617976494643
vdha_cudagraph,uniform,NVIDIA GeForce RTX 5090,2.11.0+cu128,12.8,default,0.15,,,,,,7f958b7818a7c3c4,2,131072,256,1,16777216,128.0,uniform,2,128,0.0,0.0,0.0,128.0,128.0,1.0,0.0,0.0,0.0,0.0,0.0,0.0,0.0,0,0.0,0.0,0,0.0,0.0,0.0,0.0,sampled_16_timesteps_max_2048_sources,converged,50.0,0.0,0.0,0.0,True,20,SpMV,CUSPARSE_SPMV_ALG_DEFAULT,,nan,torch_cuda_event_cudagraph_replay,gpu_execution,full_rsnn,device_adapted,independent_inference,sparse_only,"(256, 1, 131072)","(256, 1, 131072)",131072,131072,1,1,BN,spmspv_csc_dense_device,spmspv_csc_dense_device,none,False,False,True,0,torch.int64,torch.float32,torch.float32,dense_device,,,False,False,False,False,False,True,1.0,524288,338165768,338165768,0,0,False,unknown,unknown,unknown,unknown,unknown,,6.14697599;6.1332159;6.13439989;6.13436794;6.13235188;6.13395214;6.13436794;6.13251209;6.13433599;6.13030386;6.13439989;6.13238382;6.13340807;6.13596821;6.13033581;6.13443184;6.13033581;6.13443184;6.13033581;6.13238382,20,6.133759927749634,0.0035335691423793512,6.130303859710693,6.146975994110107,passed,0,0.0,0.0,0.0,0.0,0.0,0.0,0.0,131072,0,full_state,passed,,6.133680105209351,nan,nan,nan,nan,nan,nan,nan,nan,nan,nan,3.6138460862116637
persistent_spike_block,uniform,NVIDIA GeForce RTX 5090,2.11.0+cu128,12.8,default,0.15,,,,,,7f958b7818a7c3c4,2,131072,256,1,16777216,128.0,uniform,2,128,0.0,0.0,0.0,128.0,128.0,1.0,0.0,0.0,0.0,0.0,0.0,0.0,0.0,0,0.0,0.0,0,0.0,0.0,0.0,0.0,sampled_16_timesteps_max_2048_sources,converged,50.0,0.0,0.0,0.0,True,20,SpMV,CUSPARSE_SPMV_ALG_DEFAULT,,nan,torch_cuda_event,gpu_execution,full_rsnn,device_native,independent_inference,full_fusion,"(256, 1, 131072)","(256, 1, 131072)",131072,131072,1,1,BN,event_csr,event_csr,dense_to_events_precomputed,False,True,True,0,torch.int32,torch.float32,torch.float32,windowed_events,,,False,False,False,False,False,False,1.0,3719184,135791624,135791624,0,0,False,unknown,unknown,unknown,unknown,unknown,,1.89203203;1.84736001;1.84358394;1.84931195;1.84566402;1.84934402;1.84569597;1.84720004;1.84563196;1.85023999;1.84460795;1.84732795;1.84358394;1.84943998;1.84460795;1.84928;1.84563196;1.84723198;1.84524798;1.847296,20,1.8490159809589386,0.010322658115834113,1.8435839414596558,1.8920320272445679,passed,0,0.0,0.0,0.0,0.0,0.0,0.0,0.0,131072,0,full_state,passed,,1.847216010093689,nan,nan,nan,nan,nan,nan,11.999774645284127,nan,nan,nan,11.999774645284127
cusparse_direct_cudagraph,uniform,NVIDIA GeForce RTX 5090,2.11.0+cu128,12.8,default,0.15,,,,,,857e0b945ea62d70,2,131072,256,1,16777216,128.0,uniform,2,128,0.0,0.0,0.0,128.0,128.0,1.0,0.0001,0.0001,9.998679161071777e-05,0.1,0.09998679161071777,13.10546875,14.0,15,1677.5,1792.0,1920,0.0,0.0,0.0243883694954714,1.1445603576751118,sampled_16_timesteps_max_2048_sources,converged,1.5625,0.0001,9.998679161071777e-05,1.3208389282231355e-08,True,20,SpMV,CUSPARSE_SPMV_ALG_DEFAULT,,nan,torch_cuda_event,gpu_execution,full_rsnn,device_native,independent_inference,sparse_only,"(256, 1, 131072)","(256, 1, 131072)",131072,131072,1,1,BN,csr_post_by_pre,csr_post_by_pre,none,False,False,True,0,torch.int32,torch.float32,torch.float32,dense,,,False,False,False,False,False,True,1.0,65540,404750340,404750340,0,0,False,unknown,unknown,unknown,unknown,unknown,,22.1729279;22.1600647;22.1569595;22.1579838;22.159008;22.1559353;22.1528645;22.1620808;22.1579514;22.1610889;22.1538887;22.159008;22.1559048;22.1590405;22.1538887;22.1569595;22.1579838;22.1600323;22.1569271;22.1600323,20,22.158526515960695,0.004175619965816366,22.152864456176758,22.172927856445312,passed,0,0.0,2.3283064365386963e-10,0.0,1.1641414499052871e-09,0.0,1.1641414499052871e-09,0.0,131072,0,full_state,passed,,22.157983779907227,nan,nan,nan,nan,nan,nan,1.0,nan,nan,nan,1.0
tilespmspv_cudagraph,uniform,NVIDIA GeForce RTX 5090,2.11.0+cu128,12.8,default,0.15,,,,,,857e0b945ea62d70,2,131072,256,1,16777216,128.0,uniform,2,128,0.0,0.0,0.0,128.0,128.0,1.0,0.0001,0.0001,9.998679161071777e-05,0.1,0.09998679161071777,13.10546875,14.0,15,1677.5,1792.0,1920,0.0,0.0,0.0243883694954714,1.1445603576751118,sampled_16_timesteps_max_2048_sources,converged,1.5625,0.0001,9.998679161071777e-05,1.3208389282231355e-08,True,20,SpMV,CUSPARSE_SPMV_ALG_DEFAULT,,nan,torch_cuda_event_cudagraph_replay,gpu_execution,full_rsnn,device_adapted,independent_inference,sparse_only,"(256, 1, 131072)","(256, 1, 131072)",131072,131072,1,1,BN,spmspv_csc_dense_device,spmspv_csc_dense_device,none,False,False,True,0,torch.int64,torch.float32,torch.float32,dense_device,,,False,False,False,False,False,True,1.0,524288,338165768,338165768,0,0,False,unknown,unknown,unknown,unknown,unknown,,5.96560001;5.9523201;5.95625591;5.95619202;5.95440006;5.95398378;5.9552002;5.95622396;5.95433617;5.95209599;5.95577621;5.95215988;5.95932817;5.95625591;5.95625591;5.95625591;5.9542079;5.9542079;5.95523214;5.9542079,20,5.955524802207947,0.0029281465069468378,5.952095985412598,5.96560001373291,passed,0,0.0,0.0,0.0,0.0,0.0,0.0,0.0,131072,0,full_state,passed,,5.9552161693573,nan,nan,nan,nan,nan,nan,nan,nan,nan,nan,3.7207690115300323
globalatomic_cudagraph,uniform,NVIDIA GeForce RTX 5090,2.11.0+cu128,12.8,default,0.15,,,,,,857e0b945ea62d70,2,131072,256,1,16777216,128.0,uniform,2,128,0.0,0.0,0.0,128.0,128.0,1.0,0.0001,0.0001,9.998679161071777e-05,0.1,0.09998679161071777,13.10546875,14.0,15,1677.5,1792.0,1920,0.0,0.0,0.0243883694954714,1.1445603576751118,sampled_16_timesteps_max_2048_sources,converged,1.5625,0.0001,9.998679161071777e-05,1.3208389282231355e-08,True,20,SpMV,CUSPARSE_SPMV_ALG_DEFAULT,,nan,torch_cuda_event_cudagraph_replay,gpu_execution,full_rsnn,device_adapted,independent_inference,sparse_only,"(256, 1, 131072)","(256, 1, 131072)",131072,131072,1,1,BN,spmspv_csc_dense_device,spmspv_csc_dense_device,none,False,False,True,0,torch.int64,torch.float32,torch.float32,dense_device,,,False,False,False,False,False,True,1.0,524288,338165768,338165768,0,0,False,unknown,unknown,unknown,unknown,unknown,,11.7162876;11.7054396;11.704608;11.7035522;11.6989756;11.7014084;11.6978559;11.7008638;11.7034245;11.7004156;11.6974401;11.7049599;11.699872;11.699872;11.6988478;11.6977282;11.6988478;11.6937284;11.7008963;11.7019196,20,11.701347160339356,0.004562598533934046,11.69372844696045,11.716287612915039,passed,0,0.0,0.0,0.0,0.0,0.0,0.0,0.0,131072,0,full_state,passed,,11.700639724731445,nan,nan,nan,nan,nan,nan,nan,nan,nan,nan,1.893741222804448
vdha_cudagraph,uniform,NVIDIA GeForce RTX 5090,2.11.0+cu128,12.8,default,0.15,,,,,,857e0b945ea62d70,2,131072,256,1,16777216,128.0,uniform,2,128,0.0,0.0,0.0,128.0,128.0,1.0,0.0001,0.0001,9.998679161071777e-05,0.1,0.09998679161071777,13.10546875,14.0,15,1677.5,1792.0,1920,0.0,0.0,0.0243883694954714,1.1445603576751118,sampled_16_timesteps_max_2048_sources,converged,1.5625,0.0001,9.998679161071777e-05,1.3208389282231355e-08,True,20,SpMV,CUSPARSE_SPMV_ALG_DEFAULT,,nan,torch_cuda_event_cudagraph_replay,gpu_execution,full_rsnn,device_adapted,independent_inference,sparse_only,"(256, 1, 131072)","(256, 1, 131072)",131072,131072,1,1,BN,spmspv_csc_dense_device,spmspv_csc_dense_device,none,False,False,True,0,torch.int64,torch.float32,torch.float32,dense_device,,,False,False,False,False,False,True,1.0,524288,338165768,338165768,0,0,False,unknown,unknown,unknown,unknown,unknown,,8.10643196;8.08556843;8.08687973;8.08867168;8.08870411;8.08659172;8.08761597;8.08928013;8.08870411;8.0948801;8.08720016;8.09072018;8.09078407;8.08975983;8.08515167;8.08515167;8.0892477;8.08716774;8.08720016;8.09334373,20,8.089452743530273,0.004722851506341518,8.085151672363281,8.10643196105957,passed,0,0.0,0.0,0.0,0.0,0.0,0.0,0.0,131072,0,full_state,passed,,8.088687896728516,nan,nan,nan,nan,nan,nan,nan,nan,nan,nan,2.7393792494910163
persistent_spike_block,uniform,NVIDIA GeForce RTX 5090,2.11.0+cu128,12.8,default,0.15,,,,,,857e0b945ea62d70,2,131072,256,1,16777216,128.0,uniform,2,128,0.0,0.0,0.0,128.0,128.0,1.0,0.0001,0.0001,9.998679161071777e-05,0.1,0.09998679161071777,13.10546875,14.0,15,1677.5,1792.0,1920,0.0,0.0,0.0243883694954714,1.1445603576751118,sampled_16_timesteps_max_2048_sources,converged,1.5625,0.0001,9.998679161071777e-05,1.3208389282231355e-08,True,20,SpMV,CUSPARSE_SPMV_ALG_DEFAULT,,nan,torch_cuda_event,gpu_execution,full_rsnn,device_native,independent_inference,full_fusion,"(256, 1, 131072)","(256, 1, 131072)",131072,131072,1,1,BN,event_csr,event_csr,dense_to_events_precomputed,False,True,True,0,torch.int32,torch.float32,torch.float32,windowed_events,,,False,False,False,False,False,False,1.0,3719184,135805044,135805044,0,0,False,unknown,unknown,unknown,unknown,unknown,,2.38463998;2.336128;2.34089589;2.33923197;2.33888006;2.34140801;2.33884811;2.34022403;2.33983994;2.3392961;2.33670402;2.34335995;2.33881593;2.34127998;2.33878398;2.33823991;2.33766389;2.34121609;2.34086394;2.33881593,20,2.341756784915924,0.01023763973983199,2.336127996444702,2.3846399784088135,passed,0,0.0,2.3283064365386963e-10,0.0,1.1641414499052871e-09,0.0,1.1641414499052871e-09,0.0,131072,0,full_state,passed,,2.3392640352249146,nan,nan,nan,nan,nan,nan,9.47220298617415,nan,nan,nan,9.47220298617415
cusparse_direct_cudagraph,uniform,NVIDIA GeForce RTX 5090,2.11.0+cu128,12.8,default,0.15,,,,,,f76fd8bfcb0b3cb9,2,131072,256,1,16777216,128.0,uniform,2,128,0.0,0.0,0.0,128.0,128.0,1.0,0.0002,0.0002,0.00020000338554382324,0.2,0.20000338554382324,26.21484375,27.0,33,3355.5,3456.0,4224,0.0,0.0,0.022004460392023185,1.258828788556102,sampled_16_timesteps_max_2048_sources,converged,1.5625,0.0002,0.00020000338554382324,3.385543823232603e-09,True,20,SpMV,CUSPARSE_SPMV_ALG_DEFAULT,,nan,torch_cuda_event,gpu_execution,full_rsnn,device_native,independent_inference,sparse_only,"(256, 1, 131072)","(256, 1, 131072)",131072,131072,1,1,BN,csr_post_by_pre,csr_post_by_pre,none,False,False,True,0,torch.int32,torch.float32,torch.float32,dense,,,False,False,False,False,False,True,1.0,65540,404750340,404750340,0,0,False,unknown,unknown,unknown,unknown,unknown,,22.1387196;22.1235199;22.1221447;22.1231689;22.1200962;22.1231689;22.1241913;22.1231689;22.1282883;22.119072;22.1241608;22.1252155;22.1211205;22.1221447;22.1271992;22.1200962;22.1231689;22.1262398;22.1231689;22.1221447,20,22.124009895324708,0.004160659809513152,22.11907196044922,22.13871955871582,passed,0,0.0,3.725290298461914e-09,0.0,1.862227172466646e-08,0.0,1.862227172466646e-08,0.0,131072,0,full_state,passed,,22.1231689453125,nan,nan,nan,nan,nan,nan,1.0,nan,nan,nan,1.0
tilespmspv_cudagraph,uniform,NVIDIA GeForce RTX 5090,2.11.0+cu128,12.8,default,0.15,,,,,,f76fd8bfcb0b3cb9,2,131072,256,1,16777216,128.0,uniform,2,128,0.0,0.0,0.0,128.0,128.0,1.0,0.0002,0.0002,0.00020000338554382324,0.2,0.20000338554382324,26.21484375,27.0,33,3355.5,3456.0,4224,0.0,0.0,0.022004460392023185,1.258828788556102,sampled_16_timesteps_max_2048_sources,converged,1.5625,0.0002,0.00020000338554382324,3.385543823232603e-09,True,20,SpMV,CUSPARSE_SPMV_ALG_DEFAULT,,nan,torch_cuda_event_cudagraph_replay,gpu_execution,full_rsnn,device_adapted,independent_inference,sparse_only,"(256, 1, 131072)","(256, 1, 131072)",131072,131072,1,1,BN,spmspv_csc_dense_device,spmspv_csc_dense_device,none,False,False,True,0,torch.int64,torch.float32,torch.float32,dense_device,,,False,False,False,False,False,True,1.0,524288,338165768,338165768,0,0,False,unknown,unknown,unknown,unknown,unknown,,6.01196814;5.99756813;5.9971838;5.99939203;5.99516821;6.00115204;5.99926376;6.0004158;5.99910402;5.99724817;5.99881601;5.99721622;5.99721622;5.99926376;5.99823999;5.99721622;5.99926376;5.99926376;5.99721622;5.99926376,20,5.999072003364563,0.003337634054843566,5.995168209075928,6.01196813583374,passed,0,0.0,0.0,0.0,0.0,0.0,0.0,0.0,131072,0,full_state,passed,,5.998960018157959,nan,nan,nan,nan,nan,nan,nan,nan,nan,nan,3.6878340376246816
globalatomic_cudagraph,uniform,NVIDIA GeForce RTX 5090,2.11.0+cu128,12.8,default,0.15,,,,,,f76fd8bfcb0b3cb9,2,131072,256,1,16777216,128.0,uniform,2,128,0.0,0.0,0.0,128.0,128.0,1.0,0.0002,0.0002,0.00020000338554382324,0.2,0.20000338554382324,26.21484375,27.0,33,3355.5,3456.0,4224,0.0,0.0,0.022004460392023185,1.258828788556102,sampled_16_timesteps_max_2048_sources,converged,1.5625,0.0002,0.00020000338554382324,3.385543823232603e-09,True,20,SpMV,CUSPARSE_SPMV_ALG_DEFAULT,,nan,torch_cuda_event_cudagraph_replay,gpu_execution,full_rsnn,device_adapted,independent_inference,sparse_only,"(256, 1, 131072)","(256, 1, 131072)",131072,131072,1,1,BN,spmspv_csc_dense_device,spmspv_csc_dense_device,none,False,False,True,0,torch.int64,torch.float32,torch.float32,dense_device,,,False,False,False,False,False,True,1.0,524288,338165768,338165768,0,0,False,unknown,unknown,unknown,unknown,unknown,,11.7236795;11.7038078;11.7131844;11.7075195;11.7112322;11.7116156;11.7096958;11.7051201;11.7055044;11.7086077;11.705472;11.7070398;11.7080641;11.7060156;11.7090883;11.7060156;11.7131844;11.7121601;11.7080641;11.7090883,20,11.70920796394348,0.004379276160675923,11.703807830810547,11.723679542541504,passed,0,0.0,0.0,0.0,0.0,0.0,0.0,0.0,131072,0,full_state,passed,,11.708335876464844,nan,nan,nan,nan,nan,nan,nan,nan,nan,nan,1.889522915872504
vdha_cudagraph,uniform,NVIDIA GeForce RTX 5090,2.11.0+cu128,12.8,default,0.15,,,,,,f76fd8bfcb0b3cb9,2,131072,256,1,16777216,128.0,uniform,2,128,0.0,0.0,0.0,128.0,128.0,1.0,0.0002,0.0002,0.00020000338554382324,0.2,0.20000338554382324,26.21484375,27.0,33,3355.5,3456.0,4224,0.0,0.0,0.022004460392023185,1.258828788556102,sampled_16_timesteps_max_2048_sources,converged,1.5625,0.0002,0.00020000338554382324,3.385543823232603e-09,True,20,SpMV,CUSPARSE_SPMV_ALG_DEFAULT,,nan,torch_cuda_event_cudagraph_replay,gpu_execution,full_rsnn,device_adapted,independent_inference,sparse_only,"(256, 1, 131072)","(256, 1, 131072)",131072,131072,1,1,BN,spmspv_csc_dense_device,spmspv_csc_dense_device,none,False,False,True,0,torch.int64,torch.float32,torch.float32,dense_device,,,False,False,False,False,False,True,1.0,524288,338165768,338165768,0,0,False,unknown,unknown,unknown,unknown,unknown,,8.29763222;8.27779198;8.27731228;8.28121567;8.28182411;8.28307247;8.28332806;8.27564812;8.27958393;8.28387165;8.28166389;8.28326416;8.27692795;8.28131199;8.28585625;8.28176022;8.27766418;8.28790379;8.28278446;8.28176022,20,8.282108879089355,0.004780571292939713,8.27564811706543,8.297632217407227,passed,0,0.0,0.0,0.0,0.0,0.0,0.0,0.0,131072,0,full_state,passed,,8.281760215759277,nan,nan,nan,nan,nan,nan,nan,nan,nan,nan,2.6713124225952045
persistent_spike_block,uniform,NVIDIA GeForce RTX 5090,2.11.0+cu128,12.8,default,0.15,,,,,,f76fd8bfcb0b3cb9,2,131072,256,1,16777216,128.0,uniform,2,128,0.0,0.0,0.0,128.0,128.0,1.0,0.0002,0.0002,0.00020000338554382324,0.2,0.20000338554382324,26.21484375,27.0,33,3355.5,3456.0,4224,0.0,0.0,0.022004460392023185,1.258828788556102,sampled_16_timesteps_max_2048_sources,converged,1.5625,0.0002,0.00020000338554382324,3.385543823232603e-09,True,20,SpMV,CUSPARSE_SPMV_ALG_DEFAULT,,nan,torch_cuda_event,gpu_execution,full_rsnn,device_native,independent_inference,full_fusion,"(256, 1, 131072)","(256, 1, 131072)",131072,131072,1,1,BN,event_csr,event_csr,dense_to_events_precomputed,False,True,True,0,torch.int32,torch.float32,torch.float32,windowed_events,,,False,False,False,False,False,False,1.0,3719184,135818468,135818468,0,0,False,unknown,unknown,unknown,unknown,unknown,,2.3930881;2.33881593;2.33718395;2.33875203;2.34227204;2.34291196;2.34124804;2.34284806;2.33718395;2.33881593;2.33820796;2.34096003;2.34329605;2.33884811;2.34124804;2.34291196;2.33920002;2.34284806;2.34086394;2.34188795,20,2.343169605731964,0.011921617245699274,2.337183952331543,2.3930881023406982,passed,0,0.0,3.725290298461914e-09,0.0,1.862227172466646e-08,0.0,1.862227172466646e-08,0.0,131072,0,full_state,passed,,2.341104030609131,nan,nan,nan,nan,nan,nan,9.449887171206264,nan,nan,nan,9.449887171206264
cusparse_direct_cudagraph,uniform,NVIDIA GeForce RTX 5090,2.11.0+cu128,12.8,default,0.15,,,,,,af6165d4fed841e8,2,131072,256,1,16777216,128.0,uniform,2,128,0.0,0.0,0.0,128.0,128.0,1.0,0.0005,0.0005,0.0004999935626983643,0.5,0.49999356269836426,65.53515625,66.0,92,8388.5,8448.0,11776,0.0,0.0,0.02978929184909137,1.4038266674614055,sampled_16_timesteps_max_2048_sources,converged,1.5625,0.0005,0.0004999935626983643,6.437301635752596e-09,True,20,SpMV,CUSPARSE_SPMV_ALG_DEFAULT,,nan,torch_cuda_event,gpu_execution,full_rsnn,device_native,independent_inference,sparse_only,"(256, 1, 131072)","(256, 1, 131072)",131072,131072,1,1,BN,csr_post_by_pre,csr_post_by_pre,none,False,False,True,0,torch.int32,torch.float32,torch.float32,dense,,,False,False,False,False,False,True,1.0,65540,404750340,404750340,0,0,False,unknown,unknown,unknown,unknown,unknown,,22.1468163;22.1152649;22.1159992;22.1149769;22.1180477;22.1129284;22.1200962;22.1149769;22.1159687;22.1149769;22.1159687;22.119072;22.1149769;22.1159992;22.1170235;22.1159992;22.1149769;22.1180477;22.1149769;22.1180477,20,22.117757034301757,0.00704869743942401,22.11292839050293,22.14681625366211,passed,0,0.0,7.450580596923828e-09,1.1641532182693481e-10,3.724218089473652e-08,2.3275623206586715e-08,3.724218089473652e-08,2.3275623206586715e-08,131072,0,full_state,passed,,22.115983963012695,nan,nan,nan,nan,nan,nan,1.0,nan,nan,nan,1.0
tilespmspv_cudagraph,uniform,NVIDIA GeForce RTX 5090,2.11.0+cu128,12.8,default,0.15,,,,,,af6165d4fed841e8,2,131072,256,1,16777216,128.0,uniform,2,128,0.0,0.0,0.0,128.0,128.0,1.0,0.0005,0.0005,0.0004999935626983643,0.5,0.49999356269836426,65.53515625,66.0,92,8388.5,8448.0,11776,0.0,0.0,0.02978929184909137,1.4038266674614055,sampled_16_timesteps_max_2048_sources,converged,1.5625,0.0005,0.0004999935626983643,6.437301635752596e-09,True,20,SpMV,CUSPARSE_SPMV_ALG_DEFAULT,,nan,torch_cuda_event_cudagraph_replay,gpu_execution,full_rsnn,device_adapted,independent_inference,sparse_only,"(256, 1, 131072)","(256, 1, 131072)",131072,131072,1,1,BN,spmspv_csc_dense_device,spmspv_csc_dense_device,none,False,False,True,0,torch.int64,torch.float32,torch.float32,dense_device,,,False,False,False,False,False,True,1.0,524288,338165768,338165768,0,0,False,unknown,unknown,unknown,unknown,unknown,,6.01622391;6.00358391;6.00537586;6.0013442;6.003232;6.00144005;6.00320005;6.00227213;6.00335979;6.00540781;6.00691223;6.00335979;6.00540781;6.00335979;5.99823999;6.00335979;6.00537586;6.00335979;6.00335979;5.99926376,20,6.003871917724609,0.003564374529505832,5.998239994049072,6.016223907470703,passed,0,0.0,0.0,0.0,0.0,0.0,0.0,0.0,131072,0,full_state,passed,,6.003359794616699,nan,nan,nan,nan,nan,nan,nan,nan,nan,nan,3.6839344499798967
globalatomic_cudagraph,uniform,NVIDIA GeForce RTX 5090,2.11.0+cu128,12.8,default,0.15,,,,,,af6165d4fed841e8,2,131072,256,1,16777216,128.0,uniform,2,128,0.0,0.0,0.0,128.0,128.0,1.0,0.0005,0.0005,0.0004999935626983643,0.5,0.49999356269836426,65.53515625,66.0,92,8388.5,8448.0,11776,0.0,0.0,0.02978929184909137,1.4038266674614055,sampled_16_timesteps_max_2048_sources,converged,1.5625,0.0005,0.0004999935626983643,6.437301635752596e-09,True,20,SpMV,CUSPARSE_SPMV_ALG_DEFAULT,,nan,torch_cuda_event_cudagraph_replay,gpu_execution,full_rsnn,device_adapted,independent_inference,sparse_only,"(256, 1, 131072)","(256, 1, 131072)",131072,131072,1,1,BN,spmspv_csc_dense_device,spmspv_csc_dense_device,none,False,False,True,0,torch.int64,torch.float32,torch.float32,dense_device,,,False,False,False,False,False,True,1.0,524288,338165768,338165768,0,0,False,unknown,unknown,unknown,unknown,unknown,,11.7516804;11.7247362;11.7257605;11.7279043;11.7296638;11.7239361;11.7306557;11.7234879;11.7300158;11.7331839;11.7280636;11.7203522;11.72752;11.7326403;11.731616;11.7305918;11.7326078;11.7295675;11.7264643;11.72752,20,11.729398393630982,0.006246200850241734,11.720352172851562,11.751680374145508,passed,0,0.0,0.0,0.0,0.0,0.0,0.0,0.0,131072,0,full_state,passed,,11.72881555557251,nan,nan,nan,nan,nan,nan,nan,nan,nan,nan,1.885611028515587
vdha_cudagraph,uniform,NVIDIA GeForce RTX 5090,2.11.0+cu128,12.8,default,0.15,,,,,,af6165d4fed841e8,2,131072,256,1,16777216,128.0,uniform,2,128,0.0,0.0,0.0,128.0,128.0,1.0,0.0005,0.0005,0.0004999935626983643,0.5,0.49999356269836426,65.53515625,66.0,92,8388.5,8448.0,11776,0.0,0.0,0.02978929184909137,1.4038266674614055,sampled_16_timesteps_max_2048_sources,converged,1.5625,0.0005,0.0004999935626983643,6.437301635752596e-09,True,20,SpMV,CUSPARSE_SPMV_ALG_DEFAULT,,nan,torch_cuda_event_cudagraph_replay,gpu_execution,full_rsnn,device_adapted,independent_inference,sparse_only,"(256, 1, 131072)","(256, 1, 131072)",131072,131072,1,1,BN,spmspv_csc_dense_device,spmspv_csc_dense_device,none,False,False,True,0,torch.int64,torch.float32,torch.float32,dense_device,,,False,False,False,False,False,True,1.0,524288,338165768,338165768,0,0,False,unknown,unknown,unknown,unknown,unknown,,12.2214718;12.2040005;12.2113924;12.2037439;12.2092476;12.2069445;12.2031679;12.205184;12.2016964;12.2032957;12.2080317;12.209856;12.2015676;12.2012157;12.199584;12.2077761;12.2026558;12.2057276;12.2057276;12.2036476,20,12.205796718597412,0.0048416613468289064,12.199584007263184,12.221471786499023,passed,0,0.0,0.0,0.0,0.0,0.0,0.0,0.0,131072,0,full_state,passed,,12.204592227935791,nan,nan,nan,nan,nan,nan,nan,nan,nan,nan,1.812103473018144
persistent_spike_block,uniform,NVIDIA GeForce RTX 5090,2.11.0+cu128,12.8,default,0.15,,,,,,af6165d4fed841e8,2,131072,256,1,16777216,128.0,uniform,2,128,0.0,0.0,0.0,128.0,128.0,1.0,0.0005,0.0005,0.0004999935626983643,0.5,0.49999356269836426,65.53515625,66.0,92,8388.5,8448.0,11776,0.0,0.0,0.02978929184909137,1.4038266674614055,sampled_16_timesteps_max_2048_sources,converged,1.5625,0.0005,0.0004999935626983643,6.437301635752596e-09,True,20,SpMV,CUSPARSE_SPMV_ALG_DEFAULT,,nan,torch_cuda_event,gpu_execution,full_rsnn,device_native,independent_inference,full_fusion,"(256, 1, 131072)","(256, 1, 131072)",131072,131072,1,1,BN,event_csr,event_csr,dense_to_events_precomputed,False,True,True,0,torch.int32,torch.float32,torch.float32,windowed_events,,,False,False,False,False,False,False,1.0,3719184,135858732,135858732,0,0,False,unknown,unknown,unknown,unknown,unknown,,2.43747211;2.38224006;2.38175988;2.3844161;2.379776;2.38220811;2.37558389;2.37811208;2.37779188;2.3791039;2.38179207;2.38220811;2.38403201;2.38323212;2.38284802;2.38627195;2.38384008;2.38428807;2.38182402;2.38284802,20,2.3845824241638183,0.012713793443035876,2.3755838871002197,2.437472105026245,passed,0,0.0,7.450580596923828e-09,0.0,3.724218089473652e-08,0.0,3.724218089473652e-08,0.0,131072,0,full_state,passed,,2.3822240829467773,nan,nan,nan,nan,nan,nan,9.283754673345229,nan,nan,nan,9.283754673345229
cusparse_direct_cudagraph,uniform,NVIDIA GeForce RTX 5090,2.11.0+cu128,12.8,default,0.15,,,,,,4257a2258db5e87a,2,131072,256,1,16777216,128.0,uniform,2,128,0.0,0.0,0.0,128.0,128.0,1.0,0.001,0.001,0.0009999871253967285,1.0,0.9999871253967285,131.0703125,131.0,244,16777.0,16768.0,31232,0.0,0.0,0.059593460087968286,1.8615962329379507,sampled_16_timesteps_max_2048_sources,converged,1.5625,0.001,0.0009999871253967285,1.2874603271505192e-08,True,20,SpMV,CUSPARSE_SPMV_ALG_DEFAULT,,nan,torch_cuda_event,gpu_execution,full_rsnn,device_native,independent_inference,sparse_only,"(256, 1, 131072)","(256, 1, 131072)",131072,131072,1,1,BN,csr_post_by_pre,csr_post_by_pre,none,False,False,True,0,torch.int32,torch.float32,torch.float32,dense,,,False,False,False,False,False,True,1.0,65540,404750340,404750340,0,0,False,unknown,unknown,unknown,unknown,unknown,,22.131424;22.1192646;22.1159992;22.1170235;22.1180477;22.1129284;22.1180477;22.1149769;22.1139526;22.119072;22.1180477;22.119072;22.1170235;22.1139202;22.1149769;22.1159992;22.1149769;22.1139526;22.1149769;22.1180477,20,22.117086505889894,0.003900189813976543,22.11292839050293,22.131423950195312,passed,0,0.0,2.9802322387695312e-08,1.1641532182693481e-10,1.4873404552417924e-07,2.3276804483884916e-08,1.4873404552417924e-07,2.3276804483884916e-08,131072,0,full_state,passed,,22.116511344909668,nan,nan,nan,nan,nan,nan,1.0,nan,nan,nan,1.0
tilespmspv_cudagraph,uniform,NVIDIA GeForce RTX 5090,2.11.0+cu128,12.8,default,0.15,,,,,,4257a2258db5e87a,2,131072,256,1,16777216,128.0,uniform,2,128,0.0,0.0,0.0,128.0,128.0,1.0,0.001,0.001,0.0009999871253967285,1.0,0.9999871253967285,131.0703125,131.0,244,16777.0,16768.0,31232,0.0,0.0,0.059593460087968286,1.8615962329379507,sampled_16_timesteps_max_2048_sources,converged,1.5625,0.001,0.0009999871253967285,1.2874603271505192e-08,True,20,SpMV,CUSPARSE_SPMV_ALG_DEFAULT,,nan,torch_cuda_event_cudagraph_replay,gpu_execution,full_rsnn,device_adapted,independent_inference,sparse_only,"(256, 1, 131072)","(256, 1, 131072)",131072,131072,1,1,BN,spmspv_csc_dense_device,spmspv_csc_dense_device,none,False,False,True,0,torch.int64,torch.float32,torch.float32,dense_device,,,False,False,False,False,False,True,1.0,524288,338165768,338165768,0,0,False,unknown,unknown,unknown,unknown,unknown,,6.04483223;6.03183985;6.03164816;6.03366423;6.03158379;6.0313282;6.03359985;6.03257608;6.03414392;6.02537584;6.03151989;6.03203201;6.03203201;6.03203201;6.03203201;6.03305578;6.03401613;6.03401613;6.03203201;6.03200006,20,6.03276801109314,0.0033815294948627,6.025375843048096,6.044832229614258,passed,0,0.0,0.0,0.0,0.0,0.0,0.0,0.0,131072,0,full_state,passed,,6.032032012939453,nan,nan,nan,nan,nan,nan,nan,nan,nan,nan,3.6665109365247104
globalatomic_cudagraph,uniform,NVIDIA GeForce RTX 5090,2.11.0+cu128,12.8,default,0.15,,,,,,4257a2258db5e87a,2,131072,256,1,16777216,128.0,uniform,2,128,0.0,0.0,0.0,128.0,128.0,1.0,0.001,0.001,0.0009999871253967285,1.0,0.9999871253967285,131.0703125,131.0,244,16777.0,16768.0,31232,0.0,0.0,0.059593460087968286,1.8615962329379507,sampled_16_timesteps_max_2048_sources,converged,1.5625,0.001,0.0009999871253967285,1.2874603271505192e-08,True,20,SpMV,CUSPARSE_SPMV_ALG_DEFAULT,,nan,torch_cuda_event_cudagraph_replay,gpu_execution,full_rsnn,device_adapted,independent_inference,sparse_only,"(256, 1, 131072)","(256, 1, 131072)",131072,131072,1,1,BN,spmspv_csc_dense_device,spmspv_csc_dense_device,none,False,False,True,0,torch.int64,torch.float32,torch.float32,dense_device,,,False,False,False,False,False,True,1.0,524288,338165768,338165768,0,0,False,unknown,unknown,unknown,unknown,unknown,,11.7898884;11.7502079;11.7558079;11.7527037;11.7567682;11.7543364;11.7550077;11.75424;11.7529917;11.7531204;11.7556477;11.755168;11.7520962;11.7490244;11.7510719;11.7480001;11.7531204;11.7459517;11.7510719;11.7490244,20,11.754262447357178,0.008862929544272655,11.745951652526855,11.789888381958008,passed,0,0.0,0.0,0.0,0.0,0.0,0.0,0.0,131072,0,full_state,passed,,11.753056049346924,nan,nan,nan,nan,nan,nan,nan,nan,nan,nan,1.8817668572369826
vdha_cudagraph,uniform,NVIDIA GeForce RTX 5090,2.11.0+cu128,12.8,default,0.15,,,,,,4257a2258db5e87a,2,131072,256,1,16777216,128.0,uniform,2,128,0.0,0.0,0.0,128.0,128.0,1.0,0.001,0.001,0.0009999871253967285,1.0,0.9999871253967285,131.0703125,131.0,244,16777.0,16768.0,31232,0.0,0.0,0.059593460087968286,1.8615962329379507,sampled_16_timesteps_max_2048_sources,converged,1.5625,0.001,0.0009999871253967285,1.2874603271505192e-08,True,20,SpMV,CUSPARSE_SPMV_ALG_DEFAULT,,nan,torch_cuda_event_cudagraph_replay,gpu_execution,full_rsnn,device_adapted,independent_inference,sparse_only,"(256, 1, 131072)","(256, 1, 131072)",131072,131072,1,1,BN,spmspv_csc_dense_device,spmspv_csc_dense_device,none,False,False,True,0,torch.int64,torch.float32,torch.float32,dense_device,,,False,False,False,False,False,True,1.0,524288,338165768,338165768,0,0,False,unknown,unknown,unknown,unknown,unknown,,10.2574081;10.2365437;10.2320957;10.2300797;10.230464;10.233696;10.23248;10.2340479;10.2292805;10.2339201;10.2318716;10.2366724;10.2364798;10.2279043;10.2304316;10.23248;10.2334404;10.2304316;10.2303677;10.2304316,20,10.23352632522583,0.006134909042479735,10.227904319763184,10.257408142089844,passed,0,0.0,0.0,0.0,0.0,0.0,0.0,0.0,131072,0,full_state,passed,,10.232287883758545,nan,nan,nan,nan,nan,nan,nan,nan,nan,nan,2.161443422640078
persistent_spike_block,uniform,NVIDIA GeForce RTX 5090,2.11.0+cu128,12.8,default,0.15,,,,,,4257a2258db5e87a,2,131072,256,1,16777216,128.0,uniform,2,128,0.0,0.0,0.0,128.0,128.0,1.0,0.001,0.001,0.0009999871253967285,1.0,0.9999871253967285,131.0703125,131.0,244,16777.0,16768.0,31232,0.0,0.0,0.059593460087968286,1.8615962329379507,sampled_16_timesteps_max_2048_sources,converged,1.5625,0.001,0.0009999871253967285,1.2874603271505192e-08,True,20,SpMV,CUSPARSE_SPMV_ALG_DEFAULT,,nan,torch_cuda_event,gpu_execution,full_rsnn,device_native,independent_inference,full_fusion,"(256, 1, 131072)","(256, 1, 131072)",131072,131072,1,1,BN,event_csr,event_csr,dense_to_events_precomputed,False,True,True,0,torch.int32,torch.float32,torch.float32,windowed_events,,,False,False,False,False,False,False,1.0,3719184,135925840,135925840,0,0,False,unknown,unknown,unknown,unknown,unknown,,2.47571206;2.42729592;2.42691207;2.43148804;2.424896;2.42831993;2.4238081;2.42419195;2.42684793;2.42316794;2.42467189;2.42934394;2.42390394;2.42937589;2.4227519;2.42726398;2.42483211;2.42934394;2.4217279;2.42790389,20,2.4286879658699037,0.011374335726741534,2.4217278957366943,2.4757120609283447,passed,0,0.0,2.9802322387695312e-08,0.0,1.4873404552417924e-07,0.0,1.4873404552417924e-07,0.0,131072,0,full_state,passed,,2.4268800020217896,nan,nan,nan,nan,nan,nan,9.113145819523341,nan,nan,nan,9.113145819523341
cusparse_direct_cudagraph,uniform,NVIDIA GeForce RTX 5090,2.11.0+cu128,12.8,default,0.15,,,,,,80a0e9e9c605fccb,2,131072,256,1,16777216,128.0,uniform,2,128,0.0,0.0,0.0,128.0,128.0,1.0,0.002,0.002,0.0020000040531158447,2.0,2.0000040531158447,262.14453125,260.0,519,33554.5,33280.0,66432,0.0,0.0,0.09094756711931531,1.9798238686316292,sampled_16_timesteps_max_2048_sources,converged,1.5625,0.002,0.0020000040531158447,4.053115844684929e-09,True,20,SpMV,CUSPARSE_SPMV_ALG_DEFAULT,,nan,torch_cuda_event,gpu_execution,full_rsnn,device_native,independent_inference,sparse_only,"(256, 1, 131072)","(256, 1, 131072)",131072,131072,1,1,BN,csr_post_by_pre,csr_post_by_pre,none,False,False,True,0,torch.int32,torch.float32,torch.float32,dense,,,False,False,False,False,False,True,1.0,65540,404750340,404750340,0,0,False,unknown,unknown,unknown,unknown,unknown,,22.1166725;22.1070404;22.1098557;22.1088314;22.1078072;22.1088314;22.1098557;22.1129284;22.1098557;22.1088314;22.1078072;22.1108799;22.1078072;22.1067848;22.1108799;22.1098557;22.1088314;22.1098557;22.1088314;22.1078072,20,22.10949249267578,0.0022332196642666897,22.10678482055664,22.11667251586914,passed,0,0.0,2.9802322387695312e-08,4.656612873077393e-10,1.4883660526265885e-07,9.306267401143486e-08,1.4883660526265885e-07,9.306267401143486e-08,131072,0,full_state,passed,,22.10883140563965,nan,nan,nan,nan,nan,nan,1.0,nan,nan,nan,1.0
tilespmspv_cudagraph,uniform,NVIDIA GeForce RTX 5090,2.11.0+cu128,12.8,default,0.15,,,,,,80a0e9e9c605fccb,2,131072,256,1,16777216,128.0,uniform,2,128,0.0,0.0,0.0,128.0,128.0,1.0,0.002,0.002,0.0020000040531158447,2.0,2.0000040531158447,262.14453125,260.0,519,33554.5,33280.0,66432,0.0,0.0,0.09094756711931531,1.9798238686316292,sampled_16_timesteps_max_2048_sources,converged,1.5625,0.002,0.0020000040531158447,4.053115844684929e-09,True,20,SpMV,CUSPARSE_SPMV_ALG_DEFAULT,,nan,torch_cuda_event_cudagraph_replay,gpu_execution,full_rsnn,device_adapted,independent_inference,sparse_only,"(256, 1, 131072)","(256, 1, 131072)",131072,131072,1,1,BN,spmspv_csc_dense_device,spmspv_csc_dense_device,none,False,False,True,0,torch.int64,torch.float32,torch.float32,dense_device,,,False,False,False,False,False,True,1.0,524288,338165768,338165768,0,0,False,unknown,unknown,unknown,unknown,unknown,,6.06217623;6.04694414;6.04838419;6.0462079;6.04838419;6.05036783;6.04831982;6.04841614;6.04940796;6.0462718;6.04799986;6.04636812;6.05046415;6.04636812;6.04841614;6.05251217;6.04841614;6.05148792;6.05046415;6.04636812,20,6.049187254905701,0.0035633476690641905,6.046207904815674,6.06217622756958,passed,0,0.0,0.0,0.0,0.0,0.0,0.0,0.0,131072,0,full_state,passed,,6.048400163650513,nan,nan,nan,nan,nan,nan,nan,nan,nan,nan,3.655318895483903
globalatomic_cudagraph,uniform,NVIDIA GeForce RTX 5090,2.11.0+cu128,12.8,default,0.15,,,,,,80a0e9e9c605fccb,2,131072,256,1,16777216,128.0,uniform,2,128,0.0,0.0,0.0,128.0,128.0,1.0,0.002,0.002,0.0020000040531158447,2.0,2.0000040531158447,262.14453125,260.0,519,33554.5,33280.0,66432,0.0,0.0,0.09094756711931531,1.9798238686316292,sampled_16_timesteps_max_2048_sources,converged,1.5625,0.002,0.0020000040531158447,4.053115844684929e-09,True,20,SpMV,CUSPARSE_SPMV_ALG_DEFAULT,,nan,torch_cuda_event_cudagraph_replay,gpu_execution,full_rsnn,device_adapted,independent_inference,sparse_only,"(256, 1, 131072)","(256, 1, 131072)",131072,131072,1,1,BN,spmspv_csc_dense_device,spmspv_csc_dense_device,none,False,False,True,0,torch.int64,torch.float32,torch.float32,dense_device,,,False,False,False,False,False,True,1.0,524288,338165768,338165768,0,0,False,unknown,unknown,unknown,unknown,unknown,,11.7788162;11.7717762;11.7663679;11.769536;11.7632961;11.7643843;11.7653437;11.7705603;11.7674236;11.7694721;11.766016;11.7695036;11.7643843;11.7674561;11.76336;11.7643843;11.76336;11.7663679;11.7735996;11.7735996,20,11.767950391769409,0.004158748039340752,11.763296127319336,11.778816223144531,passed,0,0.0,0.0,0.0,0.0,0.0,0.0,0.0,131072,0,full_state,passed,,11.766895771026611,nan,nan,nan,nan,nan,nan,nan,nan,nan,nan,1.8789009298508257
vdha_cudagraph,uniform,NVIDIA GeForce RTX 5090,2.11.0+cu128,12.8,default,0.15,,,,,,80a0e9e9c605fccb,2,131072,256,1,16777216,128.0,uniform,2,128,0.0,0.0,0.0,128.0,128.0,1.0,0.002,0.002,0.0020000040531158447,2.0,2.0000040531158447,262.14453125,260.0,519,33554.5,33280.0,66432,0.0,0.0,0.09094756711931531,1.9798238686316292,sampled_16_timesteps_max_2048_sources,converged,1.5625,0.002,0.0020000040531158447,4.053115844684929e-09,True,20,SpMV,CUSPARSE_SPMV_ALG_DEFAULT,,nan,torch_cuda_event_cudagraph_replay,gpu_execution,full_rsnn,device_adapted,independent_inference,sparse_only,"(256, 1, 131072)","(256, 1, 131072)",131072,131072,1,1,BN,spmspv_csc_dense_device,spmspv_csc_dense_device,none,False,False,True,0,torch.int64,torch.float32,torch.float32,dense_device,,,False,False,False,False,False,True,1.0,524288,338165768,338165768,0,0,False,unknown,unknown,unknown,unknown,unknown,,9.06300831;9.05807972;9.053792;9.05081558;9.05548763;9.04918385;9.05622387;9.05593586;9.05580807;9.0504961;9.05174446;9.05190372;9.04790401;9.04931164;9.0538559;9.04668808;9.04771233;9.05180836;9.04771233;9.05078411,20,9.052412796020509,0.0041267076973753375,9.046688079833984,9.063008308410645,passed,0,0.0,0.0,0.0,0.0,0.0,0.0,0.0,131072,0,full_state,passed,,9.05177640914917,nan,nan,nan,nan,nan,nan,nan,nan,nan,nan,2.442485364894004
persistent_spike_block,uniform,NVIDIA GeForce RTX 5090,2.11.0+cu128,12.8,default,0.15,,,,,,80a0e9e9c605fccb,2,131072,256,1,16777216,128.0,uniform,2,128,0.0,0.0,0.0,128.0,128.0,1.0,0.002,0.002,0.0020000040531158447,2.0,2.0000040531158447,262.14453125,260.0,519,33554.5,33280.0,66432,0.0,0.0,0.09094756711931531,1.9798238686316292,sampled_16_timesteps_max_2048_sources,converged,1.5625,0.002,0.0020000040531158447,4.053115844684929e-09,True,20,SpMV,CUSPARSE_SPMV_ALG_DEFAULT,,nan,torch_cuda_event,gpu_execution,full_rsnn,device_native,independent_inference,full_fusion,"(256, 1, 131072)","(256, 1, 131072)",131072,131072,1,1,BN,event_csr,event_csr,dense_to_events_precomputed,False,True,True,0,torch.int32,torch.float32,torch.float32,windowed_events,,,False,False,False,False,False,False,1.0,3719184,136060060,136060060,0,0,False,unknown,unknown,unknown,unknown,unknown,,2.54534411;2.49340796;2.49792004;2.49446392;2.49392009;2.49545598;2.49484801;2.4924159;2.4887681;2.49443197;2.49897599;2.4924159;2.49497604;2.49446392;2.49487996;2.49151993;2.49590397;2.49446392;2.49443197;2.49647999,20,2.4969743847846986,0.011593249840644504,2.4887681007385254,2.545344114303589,passed,0,0.0,2.9802322387695312e-08,0.0,1.4883660526265885e-07,0.0,1.4883660526265885e-07,0.0,131072,0,full_state,passed,,2.4944639205932617,nan,nan,nan,nan,nan,nan,8.863159424002202,nan,nan,nan,8.863159424002202
cusparse_direct_cudagraph,uniform,NVIDIA GeForce RTX 5090,2.11.0+cu128,12.8,default,0.15,,,,,,d198995bad346629,2,131072,256,1,16777216,128.0,uniform,2,128,0.0,0.0,0.0,128.0,128.0,1.0,0.005,0.005,0.004999995231628418,5.0,4.999995231628418,655.359375,640.0,1280,83886.0,81920.0,163840,0.00023345947265626665,0.00023345947265626665,0.14930878152286556,1.9531268626469256,sampled_16_timesteps_max_2048_sources,converged,1.5625,0.005,0.004999995231628418,4.768371582135333e-09,True,20,SpMV,CUSPARSE_SPMV_ALG_DEFAULT,,nan,torch_cuda_event,gpu_execution,full_rsnn,device_native,independent_inference,sparse_only,"(256, 1, 131072)","(256, 1, 131072)",131072,131072,1,1,BN,csr_post_by_pre,csr_post_by_pre,none,False,False,True,0,torch.int32,torch.float32,torch.float32,dense,,,False,False,False,False,False,True,1.0,65540,404750340,404750340,0,0,False,unknown,unknown,unknown,unknown,unknown,,22.1292477;22.1091843;22.1098557;22.1088314;22.1139526;22.1067848;22.1078072;22.1108799;22.1139526;22.1170235;22.1098557;22.1129284;22.1098557;22.1067848;22.1088314;22.1119041;22.1149769;22.1078072;22.1088314;22.1098557,20,22.111457538604736,0.005033792701275554,22.10678482055664,22.129247665405273,passed,0,0.0,5.960464477539063e-08,4.656612873077393e-10,2.9724213845838676e-07,9.300752878971252e-08,2.9724213845838676e-07,9.300752878971252e-08,131072,0,full_state,passed,,22.10985565185547,nan,nan,nan,nan,nan,nan,1.0,nan,nan,nan,1.0
tilespmspv_cudagraph,uniform,NVIDIA GeForce RTX 5090,2.11.0+cu128,12.8,default,0.15,,,,,,d198995bad346629,2,131072,256,1,16777216,128.0,uniform,2,128,0.0,0.0,0.0,128.0,128.0,1.0,0.005,0.005,0.004999995231628418,5.0,4.999995231628418,655.359375,640.0,1280,83886.0,81920.0,163840,0.00023345947265626665,0.00023345947265626665,0.14930878152286556,1.9531268626469256,sampled_16_timesteps_max_2048_sources,converged,1.5625,0.005,0.004999995231628418,4.768371582135333e-09,True,20,SpMV,CUSPARSE_SPMV_ALG_DEFAULT,,nan,torch_cuda_event_cudagraph_replay,gpu_execution,full_rsnn,device_adapted,independent_inference,sparse_only,"(256, 1, 131072)","(256, 1, 131072)",131072,131072,1,1,BN,spmspv_csc_dense_device,spmspv_csc_dense_device,none,False,False,True,0,torch.int64,torch.float32,torch.float32,dense_device,,,False,False,False,False,False,True,1.0,524288,338165768,338165768,0,0,False,unknown,unknown,unknown,unknown,unknown,,6.110816;6.09587193;6.09132814;6.09555197;6.09136009;6.093472;6.09548807;6.09759998;6.08943987;6.09126377;6.09200001;6.09142399;6.09142399;6.093472;6.08937597;6.09552002;6.09344006;6.08937597;6.093472;6.09340811,20,6.093755197525025,0.004639087594899043,6.089375972747803,6.11081600189209,passed,0,0.0,0.0,0.0,0.0,0.0,0.0,0.0,131072,0,full_state,passed,,6.093424081802368,nan,nan,nan,nan,nan,nan,nan,nan,nan,nan,3.628478069971394
globalatomic_cudagraph,uniform,NVIDIA GeForce RTX 5090,2.11.0+cu128,12.8,default,0.15,,,,,,d198995bad346629,2,131072,256,1,16777216,128.0,uniform,2,128,0.0,0.0,0.0,128.0,128.0,1.0,0.005,0.005,0.004999995231628418,5.0,4.999995231628418,655.359375,640.0,1280,83886.0,81920.0,163840,0.00023345947265626665,0.00023345947265626665,0.14930878152286556,1.9531268626469256,sampled_16_timesteps_max_2048_sources,converged,1.5625,0.005,0.004999995231628418,4.768371582135333e-09,True,20,SpMV,CUSPARSE_SPMV_ALG_DEFAULT,,nan,torch_cuda_event_cudagraph_replay,gpu_execution,full_rsnn,device_adapted,independent_inference,sparse_only,"(256, 1, 131072)","(256, 1, 131072)",131072,131072,1,1,BN,spmspv_csc_dense_device,spmspv_csc_dense_device,none,False,False,True,0,torch.int64,torch.float32,torch.float32,dense_device,,,False,False,False,False,False,True,1.0,524288,338165768,338165768,0,0,False,unknown,unknown,unknown,unknown,unknown,,11.8217916;11.7707844;11.7679358;11.7732162;11.7695999;11.7684479;11.76544;11.7720318;11.7670717;11.7634563;11.7679682;11.7674561;11.7746239;11.7715521;11.7695036;11.7664318;11.7756481;11.7746239;11.7735996;11.7735996,20,11.772739124298095,0.012037197259160274,11.763456344604492,11.821791648864746,passed,0,0.0,0.0,0.0,0.0,0.0,0.0,0.0,131072,0,full_state,passed,,11.77019214630127,nan,nan,nan,nan,nan,nan,nan,nan,nan,nan,1.8784617427680135
vdha_cudagraph,uniform,NVIDIA GeForce RTX 5090,2.11.0+cu128,12.8,default,0.15,,,,,,d198995bad346629,2,131072,256,1,16777216,128.0,uniform,2,128,0.0,0.0,0.0,128.0,128.0,1.0,0.005,0.005,0.004999995231628418,5.0,4.999995231628418,655.359375,640.0,1280,83886.0,81920.0,163840,0.00023345947265626665,0.00023345947265626665,0.14930878152286556,1.9531268626469256,sampled_16_timesteps_max_2048_sources,converged,1.5625,0.005,0.004999995231628418,4.768371582135333e-09,True,20,SpMV,CUSPARSE_SPMV_ALG_DEFAULT,,nan,torch_cuda_event_cudagraph_replay,gpu_execution,full_rsnn,device_adapted,independent_inference,sparse_only,"(256, 1, 131072)","(256, 1, 131072)",131072,131072,1,1,BN,spmspv_csc_dense_device,spmspv_csc_dense_device,none,False,False,True,0,torch.int64,torch.float32,torch.float32,dense_device,,,False,False,False,False,False,True,1.0,524288,338165768,338165768,0,0,False,unknown,unknown,unknown,unknown,unknown,,8.04563236;8.03427219;8.03350353;8.0354557;8.03536034;8.03644753;8.03593636;8.03808022;8.0375042;8.04150391;8.03120041;8.03027153;8.03603172;8.03350353;8.03190422;8.03388786;8.03395176;8.03292847;8.02780819;8.03600025,20,8.035059213638306,0.003880774674809686,8.02780818939209,8.045632362365723,passed,0,0.0,0.0,0.0,0.0,0.0,0.0,0.0,131072,0,full_state,passed,,8.034816265106201,nan,nan,nan,nan,nan,nan,nan,nan,nan,nan,2.751756222214402
persistent_spike_block,uniform,NVIDIA GeForce RTX 5090,2.11.0+cu128,12.8,default,0.15,,,,,,d198995bad346629,2,131072,256,1,16777216,128.0,uniform,2,128,0.0,0.0,0.0,128.0,128.0,1.0,0.005,0.005,0.004999995231628418,5.0,4.999995231628418,655.359375,640.0,1280,83886.0,81920.0,163840,0.00023345947265626665,0.00023345947265626665,0.14930878152286556,1.9531268626469256,sampled_16_timesteps_max_2048_sources,converged,1.5625,0.005,0.004999995231628418,4.768371582135333e-09,True,20,SpMV,CUSPARSE_SPMV_ALG_DEFAULT,,nan,torch_cuda_event,gpu_execution,full_rsnn,device_native,independent_inference,full_fusion,"(256, 1, 131072)","(256, 1, 131072)",131072,131072,1,1,BN,event_csr,event_csr,dense_to_events_precomputed,False,True,True,0,torch.int32,torch.float32,torch.float32,windowed_events,,,False,False,False,False,False,False,1.0,3719184,136462712,136462712,0,0,False,unknown,unknown,unknown,unknown,unknown,,2.64172792;2.57270408;2.58467197;2.57276797;2.58342409;2.57680011;2.58867192;2.57270408;2.58976007;2.58086395;2.58467197;2.57481599;2.57548809;2.58390403;2.58870411;2.57680011;2.58662391;2.58003211;2.58044791;2.58150411,20,2.5838544249534605,0.014696235895424981,2.5727040767669678,2.641727924346924,passed,0,0.0,5.960464477539063e-08,4.656612873077393e-10,2.9724213845838676e-07,9.297189507151415e-08,2.9724213845838676e-07,9.297189507151415e-08,131072,0,full_state,passed,,2.5811840295791626,nan,nan,nan,nan,nan,nan,8.565780431959464,nan,nan,nan,8.565780431959464
cusparse_direct_cudagraph,uniform,NVIDIA GeForce RTX 5090,2.11.0+cu128,12.8,default,0.15,,,,,,66f3505716a85f8b,2,131072,256,1,16777216,128.0,uniform,2,128,0.0,0.0,0.0,128.0,128.0,1.0,0.01,0.01,0.009999990463256836,10.0,9.999990463256836,1310.71875,1745.5,2498,167772.0,223424.0,319744,0.1797312057754176,0.17973120577541762,0.20343209110746882,1.9058245714421953,sampled_16_timesteps_max_2048_sources,converged,1.5625,0.01,0.009999990463256836,9.536743164270667e-09,True,20,SpMV,CUSPARSE_SPMV_ALG_DEFAULT,,nan,torch_cuda_event,gpu_execution,full_rsnn,device_native,independent_inference,sparse_only,"(256, 1, 131072)","(256, 1, 131072)",131072,131072,1,1,BN,csr_post_by_pre,csr_post_by_pre,none,False,False,True,0,torch.int32,torch.float32,torch.float32,dense,,,False,False,False,False,False,True,1.0,65540,404750340,404750340,0,0,False,unknown,unknown,unknown,unknown,unknown,,22.1156807;22.1091194;22.1098557;22.1149769;22.1078072;22.1067524;22.1078072;22.1088314;22.1078072;22.1047363;22.1078072;22.1108799;22.1098557;22.1108799;22.1088314;22.1139202;22.1108799;22.1119041;22.1067848;22.1078072,20,22.109646224975585,0.002828749383789962,22.104736328125,22.115680694580078,passed,0,0.0,1.1920928955078125e-07,1.862645149230957e-09,5.937124001320626e-07,3.712755471951823e-07,5.937124001320626e-07,3.712755471951823e-07,131072,0,full_state,passed,,22.108975410461426,nan,nan,nan,nan,nan,nan,1.0,nan,nan,nan,1.0
tilespmspv_cudagraph,uniform,NVIDIA GeForce RTX 5090,2.11.0+cu128,12.8,default,0.15,,,,,,66f3505716a85f8b,2,131072,256,1,16777216,128.0,uniform,2,128,0.0,0.0,0.0,128.0,128.0,1.0,0.01,0.01,0.009999990463256836,10.0,9.999990463256836,1310.71875,1745.5,2498,167772.0,223424.0,319744,0.1797312057754176,0.17973120577541762,0.20343209110746882,1.9058245714421953,sampled_16_timesteps_max_2048_sources,converged,1.5625,0.01,0.009999990463256836,9.536743164270667e-09,True,20,SpMV,CUSPARSE_SPMV_ALG_DEFAULT,,nan,torch_cuda_event_cudagraph_replay,gpu_execution,full_rsnn,device_adapted,independent_inference,sparse_only,"(256, 1, 131072)","(256, 1, 131072)",131072,131072,1,1,BN,spmspv_csc_dense_device,spmspv_csc_dense_device,none,False,False,True,0,torch.int64,torch.float32,torch.float32,dense_device,,,False,False,False,False,False,True,1.0,524288,338165768,338165768,0,0,False,unknown,unknown,unknown,unknown,unknown,,6.15788794;6.15107203;6.15094423;6.14864016;6.14876795;6.14256001;6.14668798;6.14662409;6.14681578;6.1486721;6.14620781;6.14671993;6.14876795;6.14876795;6.14796782;6.14857578;6.14870405;6.14876795;6.14876795;6.14671993,20,6.148431968688965,0.0028826451043949233,6.142560005187988,6.157887935638428,passed,0,0.0,0.0,0.0,0.0,0.0,0.0,0.0,131072,0,full_state,passed,,6.148656129837036,nan,nan,nan,nan,nan,nan,nan,nan,nan,nan,3.5957410763589737
globalatomic_cudagraph,uniform,NVIDIA GeForce RTX 5090,2.11.0+cu128,12.8,default,0.15,,,,,,66f3505716a85f8b,2,131072,256,1,16777216,128.0,uniform,2,128,0.0,0.0,0.0,128.0,128.0,1.0,0.01,0.01,0.009999990463256836,10.0,9.999990463256836,1310.71875,1745.5,2498,167772.0,223424.0,319744,0.1797312057754176,0.17973120577541762,0.20343209110746882,1.9058245714421953,sampled_16_timesteps_max_2048_sources,converged,1.5625,0.01,0.009999990463256836,9.536743164270667e-09,True,20,SpMV,CUSPARSE_SPMV_ALG_DEFAULT,,nan,torch_cuda_event_cudagraph_replay,gpu_execution,full_rsnn,device_adapted,independent_inference,sparse_only,"(256, 1, 131072)","(256, 1, 131072)",131072,131072,1,1,BN,spmspv_csc_dense_device,spmspv_csc_dense_device,none,False,False,True,0,torch.int64,torch.float32,torch.float32,dense_device,,,False,False,False,False,False,True,1.0,524288,338165768,338165768,0,0,False,unknown,unknown,unknown,unknown,unknown,,11.7784319;11.7634878;11.7720318;11.7695684;11.7669764;11.7741117;11.7732162;11.7645121;11.76896;11.7710724;11.7617922;11.7674561;11.7623358;11.7695036;11.7715521;11.7582397;11.7715521;11.7684803;11.7674561;11.7653437,20,11.768304014205933,0.004787293218712934,11.75823974609375,11.77843189239502,passed,0,0.0,0.0,0.0,0.0,0.0,0.0,0.0,131072,0,full_state,passed,,11.768720149993896,nan,nan,nan,nan,nan,nan,nan,nan,nan,nan,1.878621900145437
vdha_cudagraph,uniform,NVIDIA GeForce RTX 5090,2.11.0+cu128,12.8,default,0.15,,,,,,66f3505716a85f8b,2,131072,256,1,16777216,128.0,uniform,2,128,0.0,0.0,0.0,128.0,128.0,1.0,0.01,0.01,0.009999990463256836,10.0,9.999990463256836,1310.71875,1745.5,2498,167772.0,223424.0,319744,0.1797312057754176,0.17973120577541762,0.20343209110746882,1.9058245714421953,sampled_16_timesteps_max_2048_sources,converged,1.5625,0.01,0.009999990463256836,9.536743164270667e-09,True,20,SpMV,CUSPARSE_SPMV_ALG_DEFAULT,,nan,torch_cuda_event_cudagraph_replay,gpu_execution,full_rsnn,device_adapted,independent_inference,sparse_only,"(256, 1, 131072)","(256, 1, 131072)",131072,131072,1,1,BN,spmspv_csc_dense_device,spmspv_csc_dense_device,none,False,False,True,0,torch.int64,torch.float32,torch.float32,dense_device,,,False,False,False,False,False,True,1.0,524288,338165768,338165768,0,0,False,unknown,unknown,unknown,unknown,unknown,,8.02825642;7.99305582;8.00121593;7.99289608;7.99913597;7.99823999;7.99280024;7.99312019;7.99283218;7.99507189;7.99401617;7.99449587;7.99088001;7.99039984;7.99503994;7.9981122;7.99913597;7.99299192;7.99299192;7.99503994,20,7.99648642539978,0.008024774359834543,7.9903998374938965,8.0282564163208,passed,0,0.0,0.0,0.0,0.0,0.0,0.0,0.0,131072,0,full_state,passed,,7.994256019592285,nan,nan,nan,nan,nan,nan,nan,nan,nan,nan,2.7656076258099382
persistent_spike_block,uniform,NVIDIA GeForce RTX 5090,2.11.0+cu128,12.8,default,0.15,,,,,,66f3505716a85f8b,2,131072,256,1,16777216,128.0,uniform,2,128,0.0,0.0,0.0,128.0,128.0,1.0,0.01,0.01,0.009999990463256836,10.0,9.999990463256836,1310.71875,1745.5,2498,167772.0,223424.0,319744,0.1797312057754176,0.17973120577541762,0.20343209110746882,1.9058245714421953,sampled_16_timesteps_max_2048_sources,converged,1.5625,0.01,0.009999990463256836,9.536743164270667e-09,True,20,SpMV,CUSPARSE_SPMV_ALG_DEFAULT,,nan,torch_cuda_event,gpu_execution,full_rsnn,device_native,independent_inference,full_fusion,"(256, 1, 131072)","(256, 1, 131072)",131072,131072,1,1,BN,event_csr,event_csr,dense_to_events_precomputed,False,True,True,0,torch.int32,torch.float32,torch.float32,windowed_events,,,False,False,False,False,False,False,1.0,3719184,137133800,137133800,0,0,False,unknown,unknown,unknown,unknown,unknown,,2.80144;2.76009607;2.75452805;2.75811195;2.75663996;2.7569921;2.75369596;2.75603199;2.75455999;2.75392008;2.75254393;2.75695992;2.75568008;2.75801611;2.75663996;2.75795197;2.75455999;2.75904012;2.755584;2.75251198,20,2.7582752108573914,0.010368672041455406,2.752511978149414,2.8014400005340576,passed,0,0.0,1.1920928955078125e-07,1.862645149230957e-09,5.928949349254253e-07,3.7139480468795227e-07,5.928949349254253e-07,3.7139480468795227e-07,131072,0,full_state,passed,,2.756335973739624,nan,nan,nan,nan,nan,nan,8.021146776408884,nan,nan,nan,8.021146776408884
cusparse_direct_cudagraph,uniform,NVIDIA GeForce RTX 5090,2.11.0+cu128,12.8,default,0.15,,,,,,9729046b7af65ed0,2,131072,256,1,16777216,128.0,uniform,2,128,0.0,0.0,0.0,128.0,128.0,1.0,0.01,0.02,0.01996275782585144,20.0,19.96275782585144,2616.55859375,3308.5,4994,334919.5,423488.0,639232,0.4799714699769631,0.47997146997696316,0.2041506300416412,1.9086138609427041,sampled_16_timesteps_max_2048_sources,converged,2.34375,0.02,0.01996275782585144,3.724217414855999e-05,True,20,SpMV,CUSPARSE_SPMV_ALG_DEFAULT,,nan,torch_cuda_event,gpu_execution,full_rsnn,device_native,independent_inference,sparse_only,"(256, 1, 131072)","(256, 1, 131072)",131072,131072,1,1,BN,csr_post_by_pre,csr_post_by_pre,none,False,False,True,0,torch.int32,torch.float32,torch.float32,dense,,,False,False,False,False,False,True,1.0,65540,404750340,404750340,0,0,False,unknown,unknown,unknown,unknown,unknown,,22.119936;22.1111031;22.1119366;22.1108799;22.1139526;22.1108799;22.1119041;22.1088314;22.1098557;22.1067524;22.1118717;22.1108475;22.1139526;22.1149445;22.1170235;22.1078072;22.1108799;22.1138878;22.1108799;22.1097927,20,22.111895942687987,0.0030750812714628512,22.106752395629883,22.119935989379883,passed,0,0.0,1.7881393432617188e-07,2.7939677238464355e-09,8.895584073798091e-07,5.553786763812241e-07,8.895584073798091e-07,5.553786763812241e-07,131072,0,full_state,passed,,22.11099147796631,nan,nan,nan,nan,nan,nan,1.0,nan,nan,nan,1.0
tilespmspv_cudagraph,uniform,NVIDIA GeForce RTX 5090,2.11.0+cu128,12.8,default,0.15,,,,,,9729046b7af65ed0,2,131072,256,1,16777216,128.0,uniform,2,128,0.0,0.0,0.0,128.0,128.0,1.0,0.01,0.02,0.01996275782585144,20.0,19.96275782585144,2616.55859375,3308.5,4994,334919.5,423488.0,639232,0.4799714699769631,0.47997146997696316,0.2041506300416412,1.9086138609427041,sampled_16_timesteps_max_2048_sources,converged,2.34375,0.02,0.01996275782585144,3.724217414855999e-05,True,20,SpMV,CUSPARSE_SPMV_ALG_DEFAULT,,nan,torch_cuda_event_cudagraph_replay,gpu_execution,full_rsnn,device_adapted,independent_inference,sparse_only,"(256, 1, 131072)","(256, 1, 131072)",131072,131072,1,1,BN,spmspv_csc_dense_device,spmspv_csc_dense_device,none,False,False,True,0,torch.int64,torch.float32,torch.float32,dense_device,,,False,False,False,False,False,True,1.0,524288,338165768,338165768,0,0,False,unknown,unknown,unknown,unknown,unknown,,6.22319984;6.21664;6.21635199;6.21632004;6.21635199;6.21430397;6.21635199;6.21430397;6.21430397;6.21424007;6.21388817;6.21430397;6.21430397;6.21430397;6.21219206;6.21430397;6.21430397;6.21430397;6.21430397;6.21430397,20,6.215143990516663,0.002197674460858147,6.212192058563232,6.223199844360352,passed,0,0.0,0.0,0.0,0.0,0.0,0.0,0.0,131072,0,full_state,passed,,6.214303970336914,nan,nan,nan,nan,nan,nan,nan,nan,nan,nan,3.558080129892253
globalatomic_cudagraph,uniform,NVIDIA GeForce RTX 5090,2.11.0+cu128,12.8,default,0.15,,,,,,9729046b7af65ed0,2,131072,256,1,16777216,128.0,uniform,2,128,0.0,0.0,0.0,128.0,128.0,1.0,0.01,0.02,0.01996275782585144,20.0,19.96275782585144,2616.55859375,3308.5,4994,334919.5,423488.0,639232,0.4799714699769631,0.47997146997696316,0.2041506300416412,1.9086138609427041,sampled_16_timesteps_max_2048_sources,converged,2.34375,0.02,0.01996275782585144,3.724217414855999e-05,True,20,SpMV,CUSPARSE_SPMV_ALG_DEFAULT,,nan,torch_cuda_event_cudagraph_replay,gpu_execution,full_rsnn,device_adapted,independent_inference,sparse_only,"(256, 1, 131072)","(256, 1, 131072)",131072,131072,1,1,BN,spmspv_csc_dense_device,spmspv_csc_dense_device,none,False,False,True,0,torch.int64,torch.float32,torch.float32,dense_device,,,False,False,False,False,False,True,1.0,524288,338165768,338165768,0,0,False,unknown,unknown,unknown,unknown,unknown,,11.7611523;11.7585278;11.7558079;11.7567997;11.7574396;11.7560959;11.7463999;11.7495041;11.7484484;11.7575359;11.7534399;11.7490244;11.7520638;11.7448645;11.7490244;11.7500477;11.7449284;11.7520962;11.7449284;11.7469759,20,11.751755237579346,0.0050768411266088635,11.744864463806152,11.761152267456055,passed,0,0.0,0.0,0.0,0.0,0.0,0.0,0.0,131072,0,full_state,passed,,11.751055717468262,nan,nan,nan,nan,nan,nan,nan,nan,nan,nan,1.8816174486431652
vdha_cudagraph,uniform,NVIDIA GeForce RTX 5090,2.11.0+cu128,12.8,default,0.15,,,,,,9729046b7af65ed0,2,131072,256,1,16777216,128.0,uniform,2,128,0.0,0.0,0.0,128.0,128.0,1.0,0.01,0.02,0.01996275782585144,20.0,19.96275782585144,2616.55859375,3308.5,4994,334919.5,423488.0,639232,0.4799714699769631,0.47997146997696316,0.2041506300416412,1.9086138609427041,sampled_16_timesteps_max_2048_sources,converged,2.34375,0.02,0.01996275782585144,3.724217414855999e-05,True,20,SpMV,CUSPARSE_SPMV_ALG_DEFAULT,,nan,torch_cuda_event_cudagraph_replay,gpu_execution,full_rsnn,device_adapted,independent_inference,sparse_only,"(256, 1, 131072)","(256, 1, 131072)",131072,131072,1,1,BN,spmspv_csc_dense_device,spmspv_csc_dense_device,none,False,False,True,0,torch.int64,torch.float32,torch.float32,dense_device,,,False,False,False,False,False,True,1.0,524288,338165768,338165768,0,0,False,unknown,unknown,unknown,unknown,unknown,,7.79081583;7.77807999;7.77788782;7.77903986;7.78399992;7.79849577;7.79536009;7.79843187;7.80047989;7.79427195;7.79539204;7.79446411;7.79830408;7.79689598;7.79430389;7.79638386;7.79843187;7.7974081;7.79433584;7.80047989,20,7.793163132667542,0.0073447197836697935,7.77788782119751,7.800479888916016,passed,0,0.0,0.0,0.0,0.0,0.0,0.0,0.0,131072,0,full_state,passed,,7.7953760623931885,nan,nan,nan,nan,nan,nan,nan,nan,nan,nan,2.8364239647956397
persistent_spike_block,uniform,NVIDIA GeForce RTX 5090,2.11.0+cu128,12.8,default,0.15,,,,,,9729046b7af65ed0,2,131072,256,1,16777216,128.0,uniform,2,128,0.0,0.0,0.0,128.0,128.0,1.0,0.01,0.02,0.01996275782585144,20.0,19.96275782585144,2616.55859375,3308.5,4994,334919.5,423488.0,639232,0.4799714699769631,0.47997146997696316,0.2041506300416412,1.9086138609427041,sampled_16_timesteps_max_2048_sources,converged,2.34375,0.02,0.01996275782585144,3.724217414855999e-05,True,20,SpMV,CUSPARSE_SPMV_ALG_DEFAULT,,nan,torch_cuda_event,gpu_execution,full_rsnn,device_native,independent_inference,full_fusion,"(256, 1, 131072)","(256, 1, 131072)",131072,131072,1,1,BN,event_csr,event_csr,dense_to_events_precomputed,False,True,True,0,torch.int32,torch.float32,torch.float32,windowed_events,,,False,False,False,False,False,False,1.0,3719184,137133800,137133800,0,0,False,unknown,unknown,unknown,unknown,unknown,,2.98966408;2.94716811;2.95155191;2.94934392;2.95155191;2.94707203;2.95155191;2.94809604;2.94851208;2.94809604;2.95052791;2.94912004;2.9515841;2.95107198;2.95257592;2.95318389;2.95180798;2.95206404;2.95116806;2.95113611,20,2.9523424029350283,0.008970368306479199,2.9470720291137695,2.989664077758789,passed,0,0.0,2.384185791015625e-07,3.725290298461914e-09,1.185408336823457e-06,7.407115276691911e-07,1.185408336823457e-06,7.407115276691911e-07,131072,0,full_state,passed,,2.9511520862579346,nan,nan,nan,nan,nan,nan,7.4923253128587755,nan,nan,nan,7.4923253128587755
cusparse_direct_cudagraph,uniform,NVIDIA GeForce RTX 5090,2.11.0+cu128,12.8,default,0.15,,,,,,a6cbbf6ee8d08525,2,131072,256,1,16777216,128.0,uniform,2,128,0.0,0.0,0.0,128.0,128.0,1.0,0.01,0.05,0.049627870321273804,50.0,49.627870321273804,6504.82421875,8302.75,14233,832617.5,1062752.0,1821824,0.4799714699769631,0.47997146997696316,0.20571643449518182,2.1880683507132628,sampled_16_timesteps_max_2048_sources,converged,5.46875,0.05,0.049627870321273804,0.00037212967872619906,True,20,SpMV,CUSPARSE_SPMV_ALG_DEFAULT,,nan,torch_cuda_event,gpu_execution,full_rsnn,device_native,independent_inference,sparse_only,"(256, 1, 131072)","(256, 1, 131072)",131072,131072,1,1,BN,csr_post_by_pre,csr_post_by_pre,none,False,False,True,0,torch.int32,torch.float32,torch.float32,dense,,,False,False,False,False,False,True,1.0,65540,404750340,404750340,0,0,False,unknown,unknown,unknown,unknown,unknown,,22.1277447;22.1111355;22.1119041;22.1088314;22.1119041;22.1129284;22.1078072;22.1088314;22.1098557;22.1149769;22.1098557;22.1108799;22.1078072;22.1088314;22.1129284;22.1139526;22.1108799;22.1119041;22.1108799;22.1078072,20,22.111582279205322,0.004324948508768366,22.107807159423828,22.127744674682617,passed,0,0.0,4.76837158203125e-07,7.450580596923828e-09,2.3176512513600755e-06,1.4677334547741339e-06,2.3176512513600755e-06,1.4677334547741339e-06,131072,0,full_state,passed,,22.11087989807129,nan,nan,nan,nan,nan,nan,1.0,nan,nan,nan,1.0
tilespmspv_cudagraph,uniform,NVIDIA GeForce RTX 5090,2.11.0+cu128,12.8,default,0.15,,,,,,a6cbbf6ee8d08525,2,131072,256,1,16777216,128.0,uniform,2,128,0.0,0.0,0.0,128.0,128.0,1.0,0.01,0.05,0.049627870321273804,50.0,49.627870321273804,6504.82421875,8302.75,14233,832617.5,1062752.0,1821824,0.4799714699769631,0.47997146997696316,0.20571643449518182,2.1880683507132628,sampled_16_timesteps_max_2048_sources,converged,5.46875,0.05,0.049627870321273804,0.00037212967872619906,True,20,SpMV,CUSPARSE_SPMV_ALG_DEFAULT,,nan,torch_cuda_event_cudagraph_replay,gpu_execution,full_rsnn,device_adapted,independent_inference,sparse_only,"(256, 1, 131072)","(256, 1, 131072)",131072,131072,1,1,BN,spmspv_csc_dense_device,spmspv_csc_dense_device,none,False,False,True,0,torch.int64,torch.float32,torch.float32,dense_device,,,False,False,False,False,False,True,1.0,524288,338165768,338165768,0,0,False,unknown,unknown,unknown,unknown,unknown,,6.46704006;6.45804787;6.46217585;6.45792007;6.45395184;6.46204805;6.45798397;6.45401621;6.45587206;6.45798397;6.46169615;6.46006393;6.45904016;6.45801592;6.4559679;6.45795202;6.46006393;6.4559679;6.45795202;6.45801592,20,6.458588790893555,0.0030516281986631938,6.453951835632324,6.467040061950684,passed,0,0.0,4.76837158203125e-07,1.1175870895385742e-08,2.3664524633204564e-06,2.200408516728203e-06,2.3664524633204564e-06,2.200408516728203e-06,131072,0,full_state,passed,,6.45799994468689,nan,nan,nan,nan,nan,nan,nan,nan,nan,nan,3.42379685466896
globalatomic_cudagraph,uniform,NVIDIA GeForce RTX 5090,2.11.0+cu128,12.8,default,0.15,,,,,,a6cbbf6ee8d08525,2,131072,256,1,16777216,128.0,uniform,2,128,0.0,0.0,0.0,128.0,128.0,1.0,0.01,0.05,0.049627870321273804,50.0,49.627870321273804,6504.82421875,8302.75,14233,832617.5,1062752.0,1821824,0.4799714699769631,0.47997146997696316,0.20571643449518182,2.1880683507132628,sampled_16_timesteps_max_2048_sources,converged,5.46875,0.05,0.049627870321273804,0.00037212967872619906,True,20,SpMV,CUSPARSE_SPMV_ALG_DEFAULT,,nan,torch_cuda_event_cudagraph_replay,gpu_execution,full_rsnn,device_adapted,independent_inference,sparse_only,"(256, 1, 131072)","(256, 1, 131072)",131072,131072,1,1,BN,spmspv_csc_dense_device,spmspv_csc_dense_device,none,False,False,True,0,torch.int64,torch.float32,torch.float32,dense_device,,,False,False,False,False,False,True,1.0,524288,338165768,338165768,0,0,False,unknown,unknown,unknown,unknown,unknown,,11.7471037;11.7251844;11.72752;11.7305603;11.7276163;11.7284164;11.7264957;11.731616;11.7243519;11.7274237;11.7239676;11.7264957;11.7295675;11.7223997;11.731616;11.7367363;11.7285442;11.7295675;11.7285442;11.7254725,20,11.728959989547729,0.0053395871762787,11.722399711608887,11.747103691101074,passed,0,0.0,4.76837158203125e-07,1.1175870895385742e-08,2.3664524633204564e-06,2.200408516728203e-06,2.3664524633204564e-06,2.200408516728203e-06,131072,0,full_state,passed,,11.728016376495361,nan,nan,nan,nan,nan,nan,nan,nan,nan,nan,1.8853043164558234
vdha_cudagraph,uniform,NVIDIA GeForce RTX 5090,2.11.0+cu128,12.8,default,0.15,,,,,,a6cbbf6ee8d08525,2,131072,256,1,16777216,128.0,uniform,2,128,0.0,0.0,0.0,128.0,128.0,1.0,0.01,0.05,0.049627870321273804,50.0,49.627870321273804,6504.82421875,8302.75,14233,832617.5,1062752.0,1821824,0.4799714699769631,0.47997146997696316,0.20571643449518182,2.1880683507132628,sampled_16_timesteps_max_2048_sources,converged,5.46875,0.05,0.049627870321273804,0.00037212967872619906,True,20,SpMV,CUSPARSE_SPMV_ALG_DEFAULT,,nan,torch_cuda_event_cudagraph_replay,gpu_execution,full_rsnn,device_adapted,independent_inference,sparse_only,"(256, 1, 131072)","(256, 1, 131072)",131072,131072,1,1,BN,spmspv_csc_dense_device,spmspv_csc_dense_device,none,False,False,True,0,torch.int64,torch.float32,torch.float32,dense_device,,,False,False,False,False,False,True,1.0,524288,338165768,338165768,0,0,False,unknown,unknown,unknown,unknown,unknown,,7.9032321;7.89276791;7.89081621;7.88831997;7.8895359;7.89267206;7.88796806;7.88851213;7.89161587;7.88848019;7.89276791;7.88857603;7.89152002;7.89007998;7.8905921;7.88854408;7.88751984;7.8905921;7.8905921;7.89878416,20,7.8911744356155396,0.0038096905115877753,7.887519836425781,7.903232097625732,passed,0,0.0,4.76837158203125e-07,1.1175870895385742e-08,2.3664524633204564e-06,2.200408516728203e-06,2.3664524633204564e-06,2.200408516728203e-06,131072,0,full_state,passed,,7.890592098236084,nan,nan,nan,nan,nan,nan,nan,nan,nan,nan,2.802182602116019
persistent_spike_block,uniform,NVIDIA GeForce RTX 5090,2.11.0+cu128,12.8,default,0.15,,,,,,a6cbbf6ee8d08525,2,131072,256,1,16777216,128.0,uniform,2,128,0.0,0.0,0.0,128.0,128.0,1.0,0.01,0.05,0.049627870321273804,50.0,49.627870321273804,6504.82421875,8302.75,14233,832617.5,1062752.0,1821824,0.4799714699769631,0.47997146997696316,0.20571643449518182,2.1880683507132628,sampled_16_timesteps_max_2048_sources,converged,5.46875,0.05,0.049627870321273804,0.00037212967872619906,True,20,SpMV,CUSPARSE_SPMV_ALG_DEFAULT,,nan,torch_cuda_event,gpu_execution,full_rsnn,device_native,independent_inference,full_fusion,"(256, 1, 131072)","(256, 1, 131072)",131072,131072,1,1,BN,event_csr,event_csr,dense_to_events_precomputed,False,True,True,0,torch.int32,torch.float32,torch.float32,windowed_events,,,False,False,False,False,False,False,1.0,3719184,137133800,137133800,0,0,False,unknown,unknown,unknown,unknown,unknown,,4.37273598;4.29369593;4.29407978;4.29571199;4.29196787;4.29155207;4.29414415;4.29369593;4.29296017;4.29360008;4.29196787;4.29356813;4.29404783;4.28950405;4.28790379;4.29155207;4.29404783;4.28972816;4.29260778;4.2946558,20,4.296686363220215,0.018002684862958206,4.287903785705566,4.372735977172852,passed,0,0.0,5.960464477539062e-07,2.2351741790771484e-08,2.957975539175095e-06,4.404720129969064e-06,2.957975539175095e-06,4.404720129969064e-06,131072,0,full_state,passed,,4.293584108352661,nan,nan,nan,nan,nan,nan,5.149748867166054,nan,nan,nan,5.149748867166054
