dataset,input_rate,layout,timesteps,total_spikes,actual_firing_rate,active_block_tasks,active_blocks_per_step,mean_active_occupancy,median_active_occupancy,p90_active_occupancy,block_compression,sampled_active_tasks,sampled_raw_edges,sampled_unique_destinations,sampled_unique_destinations_mean,sampled_unique_destinations_mean_se,estimated_global_atomic_count,estimated_global_atomic_count_se,weighted_aggregation_ratio,weighted_aggregation_ratio_se,weighted_aggregation_ci95_low,weighted_aggregation_ci95_high,sampled_unique_post_blocks,post_block_reuse,static_potential_aggregation_ratio,realized_to_potential,method,method_family,control_input_rate,local_window,activity_lambda,population_mean_hz,active_neuron_mean_hz,silent_fraction,order_fingerprint,occupancy_gain,aggregation_gain,static_fanout_change,atomic_reduction_vs_fanout,atomic_reduction_se,atomic_reduction_ci95_low,atomic_reduction_ci95_high,activity_occupancy_gain_vs_joint0,activity_aggregation_gain_vs_joint0,activity_atomic_reduction_vs_joint0,activity_atomic_reduction_se,activity_atomic_reduction_ci95_low,activity_atomic_reduction_ci95_high
uniform,0.001,fanout_only,2048,16925,0.0010088086128234,16644,8.126953125,1.0168829608267242,1.0,1.0,1.0168829608267242,16644,1078870,1078696,64.80990146599375,0.0639080919217448,1078696.0,1063.6862819455212,0.0001612798576288,1.5302504952008297e-05,0.0001312869479228,0.0001912727673347,956588,1.1278314174963515,0.1240362924691977,0.0013002634504644,fanout_only,fanout,0.001,0,0.0,1.0088086128234863,1.1618389085125824,0.1317138671875,fbdef9d7d1be1f2c98242e516ce959ecbec78949,0.0,0.0,0.0,0.0,0.0,0.0,0.0,-0.00036049026676276963,-2.5953080538000016e-05,-2.5957940719578687e-05,0.0013949924362345332,-0.0027601431157392637,0.0027082272343001063
uniform,0.001,local_fanin_w32,2048,16925,0.0010088086128234,16644,8.126953125,1.0168829608267242,1.0,1.0,1.0168829608267242,16644,1078870,1078696,64.80990146599375,0.0639080919217448,1078696.0,1063.6862819455212,0.0001612798576288,1.5302504952008297e-05,0.0001312869479228,0.0001912727673347,956588,1.1278314174963515,0.1240362924691977,0.0013002634504644,local_fanin_w32,local_fanin,0.001,32,0.0,1.0088086128234863,1.1618389085125824,0.1317138671875,61f4be2e0dbb2624e5605003584cdd107478dda3,0.0,0.0,0.0,0.0,0.00139453522219195,-0.002733289035496222,0.002733289035496222,-0.00036049026676276963,-2.5953080538000016e-05,-2.5957940719578687e-05,0.0013949924362345332,-0.0027601431157392637,0.0027082272343001063
uniform,0.001,local_fanin_w64,2048,16925,0.0010088086128234,16669,8.13916015625,1.015357849901014,1.0,1.0,1.015357849901014,16669,1078870,1078710,64.71354010438539,0.0610138240206392,1078710.0,1017.039432600036,0.0001483033173598,1.4223087046484938e-05,0.0001204260667487,0.0001761805679709,956842,1.127532027231246,0.1215027901080424,0.001220575405947,local_fanin_w64,local_fanin,0.001,64,0.0,1.0088086128234863,1.1618389085125824,0.1317138671875,32321e8103b324992b2f1b874485bf4bbe2c345a,-0.001499790029395598,-1.2976540268999995e-05,-0.002533502361155307,-1.2978633461058209e-05,0.0013643092440415747,-0.0026870247517825447,0.0026610674848604283,-0.0018597396364505858,-3.892962080700001e-05,-3.8936911079145986e-05,0.0013647750092314588,-0.002713895929172805,0.002636022107014513
uniform,0.001,local_fanin_w128,2048,16925,0.0010088086128234,16656,8.1328125,1.0161503362151778,1.0,1.0,1.0161503362151778,16656,1078870,1078730,64.7652497598463,0.0626123175135058,1078730.0,1042.8707605049542,0.0001297654026898,1.3125994932974777e-05,0.0001040384526211,0.0001554923527584,956667,1.1277382830180198,0.1192814274935752,0.0010878927710419,local_fanin_w128,local_fanin,0.001,128,0.0,1.0088086128234863,1.1618389085125824,0.1317138671875,3adaa7465030853b510e2ea4e94be0dc472ac747,-0.0007204610951007107,-3.1514454939e-05,-0.004754864975622497,-3.151953840552224e-05,0.001380979839258548,-0.002738240023352276,0.0026752009465412317,-0.0010806916426511215,-5.746753547700002e-05,-5.747829730751164e-05,0.001381440859547767,-0.002765102382021135,0.0026501457874061117
uniform,0.001,local_fanin_w256,2048,16925,0.0010088086128234,16648,8.12890625,1.016638635271504,1.0,1.0,1.016638635271504,16648,1078870,1078724,64.79601153291686,0.06416944621566,1078724.0,1068.2929405983082,0.0001353267770908,1.3752466678481928e-05,0.000108371942401,0.0001622816117806,956604,1.127812553574938,0.1165391936453709,0.0011612125745663,local_fanin_w256,local_fanin,0.001,256,0.0,1.0088086128234863,1.1618389085125824,0.1317138671875,e965ae73144788d56255eb3b740a5192f155b855,-0.00024026910139351987,-2.595308053799999e-05,-0.007497098823826806,-2.5957266922338462e-05,0.0013975763015678818,-0.002765206817995387,0.00271329228415071,-0.0006006727534838552,-5.1906161076000005e-05,-5.191588143893533e-05,0.0013980327005183493,-0.0027920599744549,0.0026882282115770293
uniform,0.001,joint_fanin_l0,2048,16925,0.0010088086128234,16638,8.1240234375,1.017249669431422,1.0,1.0,1.017249669431422,16638,1078870,1078668,64.83159033537684,0.0639680732130723,1078668.0,1064.3008021190983,0.0001872329381668,1.6908936548878497e-05,0.000154091422531,0.0002203744538026,956507,1.1279269257830835,0.1537202078889012,0.0012180112214141,joint_fanin_l0,joint_fanin,0.001,128,0.0,1.0088086128234863,1.1618389085125824,0.1317138671875,2c45ba409715324f69688f3872cc691f2681089b,0.00036062026685890203,2.5953080538000016e-05,0.0296839154197035,2.5957266922338462e-05,0.0013949200167924067,-0.0027080859659907785,0.0027600004998354554,0.0,0.0,0.0,0.0,0.0,0.0
uniform,0.001,joint_fanin_l0.25,2048,16925,0.0010088086128234,16656,8.1328125,1.0161503362151778,1.0,1.0,1.0161503362151778,16656,1078870,1078690,64.76284822286263,0.0623822075729956,1078690.0,1039.038049335816,0.0001668412320298,1.5349925919597445e-05,0.0001367553772274,0.0001969270868322,956697,1.1277029195241544,0.153406153174442,0.0010875784874163,joint_fanin_l0.25,joint_fanin,0.001,128,0.25,1.0088086128234863,1.1618389085125824,0.1317138671875,96f94fa93169f553e558246b440cf64797e7c3df,-0.0007204610951007107,5.561374401000013e-06,0.029369860705244305,5.562271483294801e-06,0.0013784685853434678,-0.002696236155789902,0.0027073606987564917,-0.0010806916426511215,-2.0391706137000003e-05,-2.0395524851002378e-05,0.0013789302831909316,-0.0027230988799052283,0.0026823078302032235
uniform,0.001,joint_fanin_l0.5,2048,16925,0.0010088086128234,16656,8.1328125,1.0161503362151778,1.0,1.0,1.0161503362151778,16656,1078870,1078690,64.76284822286263,0.0623822075729956,1078690.0,1039.038049335816,0.0001668412320298,1.5349925919597445e-05,0.0001367553772274,0.0001969270868322,956697,1.1277029195241544,0.153406153174442,0.0010875784874163,joint_fanin_l0.5,joint_fanin,0.001,128,0.5,1.0088086128234863,1.1618389085125824,0.1317138671875,96f94fa93169f553e558246b440cf64797e7c3df,-0.0007204610951007107,5.561374401000013e-06,0.029369860705244305,5.562271483294801e-06,0.0013784685853434678,-0.002696236155789902,0.0027073606987564917,-0.0010806916426511215,-2.0391706137000003e-05,-2.0395524851002378e-05,0.0013789302831909316,-0.0027230988799052283,0.0026823078302032235
uniform,0.001,joint_fanin_l1,2048,16925,0.0010088086128234,16656,8.1328125,1.0161503362151778,1.0,1.0,1.0161503362151778,16656,1078870,1078690,64.76284822286263,0.0623822075729956,1078690.0,1039.038049335816,0.0001668412320298,1.5349925919597445e-05,0.0001367553772274,0.0001969270868322,956697,1.1277029195241544,0.153406153174442,0.0010875784874163,joint_fanin_l1,joint_fanin,0.001,128,1.0,1.0088086128234863,1.1618389085125824,0.1317138671875,96f94fa93169f553e558246b440cf64797e7c3df,-0.0007204610951007107,5.561374401000013e-06,0.029369860705244305,5.562271483294801e-06,0.0013784685853434678,-0.002696236155789902,0.0027073606987564917,-0.0010806916426511215,-2.0391706137000003e-05,-2.0395524851002378e-05,0.0013789302831909316,-0.0027230988799052283,0.0026823078302032235
uniform,0.001,oracle_spike_l0.25,2048,16925,0.0010088086128234,16653,8.13134765625,1.0163333933825738,1.0,1.0,1.0163333933825738,16653,1078870,1078674,64.77355431453792,0.0623367744173714,1078674.0,1038.0943043724874,0.0001816715637658,1.6716269548928914e-05,0.0001489076754499,0.0002144354520817,956767,1.1276204133294732,0.1534712620786592,0.0011837497216429,oracle_spike_l0.25,oracle_spike,0.001,128,0.25,1.0088086128234863,1.1618389085125824,0.1317138671875,1a2d58dd6d25e2934bb037060d7625edeebd6cb3,-0.0005404431633938556,2.0391706137000003e-05,0.029434969609461487,2.039499543893264e-05,0.0013778469083624916,-0.002680184944951551,0.0027209749358294163,-0.0009007386056564259,-5.561374401000013e-06,-5.562415868354265e-06,0.00137830876954521,-0.002707047604176966,0.0026959227724402575
uniform,0.001,oracle_spike_l0.5,2048,16925,0.0010088086128234,16653,8.13134765625,1.0163333933825738,1.0,1.0,1.0163333933825738,16653,1078870,1078674,64.77355431453792,0.0623367744173714,1078674.0,1038.0943043724874,0.0001816715637658,1.6716269548928914e-05,0.0001489076754499,0.0002144354520817,956767,1.1276204133294732,0.1534712620786592,0.0011837497216429,oracle_spike_l0.5,oracle_spike,0.001,128,0.5,1.0088086128234863,1.1618389085125824,0.1317138671875,1a2d58dd6d25e2934bb037060d7625edeebd6cb3,-0.0005404431633938556,2.0391706137000003e-05,0.029434969609461487,2.039499543893264e-05,0.0013778469083624916,-0.002680184944951551,0.0027209749358294163,-0.0009007386056564259,-5.561374401000013e-06,-5.562415868354265e-06,0.00137830876954521,-0.002707047604176966,0.0026959227724402575
uniform,0.001,oracle_spike_l1,2048,16925,0.0010088086128234,16653,8.13134765625,1.0163333933825738,1.0,1.0,1.0163333933825738,16653,1078870,1078674,64.77355431453792,0.0623367744173714,1078674.0,1038.0943043724874,0.0001816715637658,1.6716269548928914e-05,0.0001489076754499,0.0002144354520817,956767,1.1276204133294732,0.1534712620786592,0.0011837497216429,oracle_spike_l1,oracle_spike,0.001,128,1.0,1.0088086128234863,1.1618389085125824,0.1317138671875,1a2d58dd6d25e2934bb037060d7625edeebd6cb3,-0.0005404431633938556,2.0391706137000003e-05,0.029434969609461487,2.039499543893264e-05,0.0013778469083624916,-0.002680184944951551,0.0027209749358294163,-0.0009007386056564259,-5.561374401000013e-06,-5.562415868354265e-06,0.00137830876954521,-0.002707047604176966,0.0026959227724402575
uniform,0.01,fanout_only,2048,164934,0.0098308324813842,142244,69.455078125,1.1595146368212368,1.0,2.0,1.1595146368212368,100000,7389359,7378990,73.7899,0.0811939018916879,10496170.5356,11549.345380681256,0.0014032340288244,1.7473211829719293e-05,0.0013689865336382,0.0014374815240107,6352821,1.1631618457375077,0.1240362924691977,0.011313092328787,fanout_only,fanout,0.01,0,0.0,9.830832481384276,9.830832481384276,0.0,fbdef9d7d1be1f2c98242e516ce959ecbec78949,0.0,0.0,0.0,0.0,0.0,0.0,0.0,-0.0018911166727594297,-0.0003472786705311999,-0.0003999952183924016,0.0015592286958077148,-0.0034560834621755227,0.0026560930253907195
uniform,0.01,local_fanin_w32,2048,164934,0.0098308324813842,142244,69.455078125,1.1595146368212368,1.0,2.0,1.1595146368212368,100000,7389359,7378990,73.7899,0.0811939018916879,10496170.5356,11549.345380681256,0.0014032340288244,1.7473211829719293e-05,0.0013689865336382,0.0014374815240107,6352821,1.1631618457375077,0.1240362924691977,0.011313092328787,local_fanin_w32,local_fanin,0.01,32,0.0,9.830832481384276,9.830832481384276,0.0,61f4be2e0dbb2624e5605003584cdd107478dda3,0.0,0.0,0.0,0.0,0.001556114281727114,-0.0030499839921851435,0.0030499839921851435,-0.0018911166727594297,-0.0003472786705311999,-0.0003999952183924016,0.0015592286958077148,-0.0034560834621755227,0.0026560930253907195
uniform,0.01,local_fanin_w64,2048,164934,0.0098308324813842,142285,69.47509765625,1.1591805179744878,1.0,2.0,1.1591805179744878,100000,7388935,7378936,73.78936,0.0810429132462664,10499119.0876,11531.190911245025,0.0013532396752712,1.7041722443018072e-05,0.0013198378992829,0.0013866414512595,6355859,1.162539162684383,0.1215027901080424,0.0111375193447649,local_fanin_w64,local_fanin,0.01,64,0.0,9.830832481384276,9.830832481384276,0.0,32321e8103b324992b2f1b874485bf4bbe2c345a,-0.0002881540569983354,-4.999435355319999e-05,-0.002533502361155307,-0.0002809169296553726,0.0015551104877194043,-0.003328933485585405,0.0027670996262746596,-0.0021787257968162166,-0.0003972730240843999,-0.0006810245134765136,0.001558227506290256,-0.0037351504258054152,0.002373101398852388
uniform,0.01,local_fanin_w128,2048,164934,0.0098308324813842,142129,69.39892578125,1.1604528280646456,1.0,2.0,1.1604528280646456,100000,7396949,7387328,73.87328,0.081499050555012,10499535.41312,11583.37855633331,0.0013006713984373,1.6805726698549988e-05,0.0012677321741082,0.0013336106227665,6362503,1.162584756345105,0.1192814274935752,0.010904223949763,local_fanin_w128,local_fanin,0.01,128,0.0,9.830832481384276,9.830832481384276,0.0,3adaa7465030853b510e2ea4e94be0dc472ac747,0.0008091241055661058,-0.0001025626303871,-0.004754864975622497,-0.00032058144526025956,0.0015586578012086838,-0.00337555073562928,0.0027343878451087608,-0.0010835227152797833,-0.0004498413009182999,-0.0007207048946977768,0.0015617707667429444,-0.003781775597513948,0.0023403658081183943
uniform,0.01,local_fanin_w256,2048,164934,0.0098308324813842,142034,69.3525390625,1.1612290015066815,1.0,2.0,1.1612290015066815,100000,7398521,7389193,73.89193,0.0818036149999819,10495166.38562,11618.894652907436,0.0012607925286689,1.6358571104797112e-05,0.0012287297293035,0.0012928553280343,6363722,1.1626090831749092,0.1165391936453709,0.0108186138004828,local_fanin_w256,local_fanin,0.01,256,0.0,9.830832481384276,9.830832481384276,0.0,e965ae73144788d56255eb3b740a5192f155b855,0.0014785192277904091,-0.0001424415001555,-0.007497098823826806,9.566822267159658e-05,0.0015607325049796306,-0.0029633674870884795,0.0031547039324316727,-0.000415393497331662,-0.0004897201706866999,-0.00030428872888910163,0.0015638409292817008,-0.0033694169502812353,0.002760839492503032
uniform,0.01,joint_fanin_l0,2048,164934,0.0098308324813842,141975,69.32373046875,1.1617115689381934,1.0,2.0,1.1617115689381934,100000,7402974,7390015,73.90015,0.0815753403004636,10491973.79625,11581.658939158327,0.0017505126993556,2.0635540446518184e-05,0.0017100670400804,0.0017909583586308,6363986,1.163260572854811,0.1537202078889012,0.0113876550350544,joint_fanin_l0,joint_fanin,0.01,128,0.0,9.830832481384276,9.830832481384276,0.0,2c45ba409715324f69688f3872cc691f2681089b,0.0018946997710864721,0.0003472786705311999,0.0296839154197035,0.0003998352861898091,0.0015579820757752399,-0.002653809582329661,0.0034534801547092793,0.0,0.0,0.0,0.0,0.0,0.0
uniform,0.01,joint_fanin_l0.25,2048,164934,0.0098308324813842,141864,69.26953125,1.1626205379800372,1.0,2.0,1.1626205379800372,100000,7411665,7398719,73.98719,0.082000795729944,10496118.72216,11632.960885432774,0.0017467060370375,2.039402372870716e-05,0.0017067337505292,0.0017866783235457,6368850,1.1637367813655526,0.153406153174442,0.0113861536900107,joint_fanin_l0.25,joint_fanin,0.01,128,0.25,9.830832481384276,9.830832481384276,0.0,96f94fa93169f553e558246b440cf64797e7c3df,0.002678621778604784,0.00034347200821309995,0.029369860705244305,4.936413697032016e-06,0.0015617536289496096,-0.0030561006990442027,0.0030659735264382667,0.0007824395195397127,-3.8066623180999654e-06,-0.0003950568301533952,0.0015648612902579564,-0.00346218495905899,0.0026720712987521994
uniform,0.01,joint_fanin_l0.5,2048,164934,0.0098308324813842,141864,69.26953125,1.1626205379800372,1.0,2.0,1.1626205379800372,100000,7411665,7398719,73.98719,0.082000795729944,10496118.72216,11632.960885432774,0.0017467060370375,2.039402372870716e-05,0.0017067337505292,0.0017866783235457,6368850,1.1637367813655526,0.153406153174442,0.0113861536900107,joint_fanin_l0.5,joint_fanin,0.01,128,0.5,9.830832481384276,9.830832481384276,0.0,96f94fa93169f553e558246b440cf64797e7c3df,0.002678621778604784,0.00034347200821309995,0.029369860705244305,4.936413697032016e-06,0.0015617536289496096,-0.0030561006990442027,0.0030659735264382667,0.0007824395195397127,-3.8066623180999654e-06,-0.0003950568301533952,0.0015648612902579564,-0.00346218495905899,0.0026720712987521994
uniform,0.01,joint_fanin_l1,2048,164934,0.0098308324813842,141864,69.26953125,1.1626205379800372,1.0,2.0,1.1626205379800372,100000,7411665,7398719,73.98719,0.082000795729944,10496118.72216,11632.960885432774,0.0017467060370375,2.039402372870716e-05,0.0017067337505292,0.0017866783235457,6368850,1.1637367813655526,0.153406153174442,0.0113861536900107,joint_fanin_l1,joint_fanin,0.01,128,1.0,9.830832481384276,9.830832481384276,0.0,96f94fa93169f553e558246b440cf64797e7c3df,0.002678621778604784,0.00034347200821309995,0.029369860705244305,4.936413697032016e-06,0.0015617536289496096,-0.0030561006990442027,0.0030659735264382667,0.0007824395195397127,-3.8066623180999654e-06,-0.0003950568301533952,0.0015648612902579564,-0.00346218495905899,0.0026720712987521994
uniform,0.01,oracle_spike_l0.25,2048,164934,0.0098308324813842,142315,69.48974609375,1.1589361627375891,1.0,2.0,1.1589361627375891,100000,7389003,7376254,73.76254,0.0807844662592004,10497515.8801,11496.841315678106,0.0017254019249958,2.0374985917514304e-05,0.0016854669525974,0.0017653368973941,6354553,1.1627887909660994,0.15406873202324,0.0111989103975721,oracle_spike_l0.25,oracle_spike,0.01,128,0.25,9.830832481384276,9.830832481384276,0.0,27d970b8310f692b5e0c8f78df4aab204092fd7b,-0.0004988933000737994,0.00032216789617139983,0.030032439554042306,-0.00012817479436311174,0.0015526811706154718,-0.0031714298887694364,0.002915080300043213,-0.0023890665073955653,-2.5110774359800086e-05,-0.000528221282060537,0.0015558003523590094,-0.0035775899726841953,0.0025211474085631213
uniform,0.01,oracle_spike_l0.5,2048,164934,0.0098308324813842,142315,69.48974609375,1.1589361627375891,1.0,2.0,1.1589361627375891,100000,7389003,7376254,73.76254,0.0807844662592004,10497515.8801,11496.841315678106,0.0017254019249958,2.0374985917514304e-05,0.0016854669525974,0.0017653368973941,6354553,1.1627887909660994,0.15406873202324,0.0111989103975721,oracle_spike_l0.5,oracle_spike,0.01,128,0.5,9.830832481384276,9.830832481384276,0.0,27d970b8310f692b5e0c8f78df4aab204092fd7b,-0.0004988933000737994,0.00032216789617139983,0.030032439554042306,-0.00012817479436311174,0.0015526811706154718,-0.0031714298887694364,0.002915080300043213,-0.0023890665073955653,-2.5110774359800086e-05,-0.000528221282060537,0.0015558003523590094,-0.0035775899726841953,0.0025211474085631213
uniform,0.01,oracle_spike_l1,2048,164934,0.0098308324813842,142315,69.48974609375,1.1589361627375891,1.0,2.0,1.1589361627375891,100000,7389003,7376254,73.76254,0.0807844662592004,10497515.8801,11496.841315678106,0.0017254019249958,2.0374985917514304e-05,0.0016854669525974,0.0017653368973941,6354553,1.1627887909660994,0.15406873202324,0.0111989103975721,oracle_spike_l1,oracle_spike,0.01,128,1.0,9.830832481384276,9.830832481384276,0.0,27d970b8310f692b5e0c8f78df4aab204092fd7b,-0.0004988933000737994,0.00032216789617139983,0.030032439554042306,-0.00012817479436311174,0.0015526811706154718,-0.0031714298887694364,0.002915080300043213,-0.0023890665073955653,-2.5110774359800086e-05,-0.000528221282060537,0.0015558003523590094,-0.0035775899726841953,0.0025211474085631213
uniform,0.05,fanout_only,2048,786769,0.0468950867652893,411222,200.7919921875,1.9132463730053355,2.0,3.0,1.9132463730053355,100000,12201298,12118884,121.18884,0.2015570084289317,49835517.16248,82884.67612016217,0.0067545272642304,3.2092141990061693e-05,0.0066916266659299,0.0068174278625309,9241077,1.3203329005915652,0.1240362924691977,0.0544560558024401,fanout_only,fanout,0.05,0,0.0,46.89508676528931,46.89508676528931,0.0,fbdef9d7d1be1f2c98242e516ce959ecbec78949,0.0,0.0,0.0,0.0,0.0,0.0,0.0,0.0011672527248058895,-0.0014432715427936003,-0.002108874866189492,0.0023514471113695533,-0.006717711204473817,0.002499961472094833
uniform,0.05,local_fanin_w32,2048,786769,0.0468950867652893,411222,200.7919921875,1.9132463730053355,2.0,3.0,1.9132463730053355,100000,12201298,12118884,121.18884,0.2015570084289317,49835517.16248,82884.67612016217,0.0067545272642304,3.2092141990061693e-05,0.0066916266659299,0.0068174278625309,9241077,1.3203329005915652,0.1240362924691977,0.0544560558024401,local_fanin_w32,local_fanin,0.05,32,0.0,46.89508676528931,46.89508676528931,0.0,61f4be2e0dbb2624e5605003584cdd107478dda3,0.0,0.0,0.0,0.0,0.002352070165136852,-0.00461005752366823,0.00461005752366823,0.0011672527248058895,-0.0014432715427936003,-0.002108874866189492,0.0023514471113695533,-0.006717711204473817,0.002499961472094833
uniform,0.05,local_fanin_w64,2048,786769,0.0468950867652893,411421,200.88916015625,1.91232095590648,2.0,3.0,1.91232095590648,100000,12187593,12108740,121.0874,0.2008774789019797,49817899.1954,82645.2132473314,0.0064699403729677,3.124133243696577e-05,0.0064087073613913,0.0065311733845442,9241298,1.318818308856613,0.1215027901080424,0.0532493152397125,local_fanin_w64,local_fanin,0.05,64,0.0,46.89508676528931,46.89508676528931,0.0,32321e8103b324992b2f1b874485bf4bbe2c345a,-0.00048368945678534114,-0.00028458689126270066,-0.002533502361155307,0.00035352230864904577,0.0023482586101392752,-0.004249064567223934,0.0049561091845220255,0.000682998680184177,-0.001727858434056301,-0.001754607023229049,0.0023476223923194358,-0.006355946912175143,0.002846732865717045
uniform,0.05,local_fanin_w128,2048,786769,0.0468950867652893,411707,201.02880859375,1.91099252623832,2.0,3.0,1.91099252623832,100000,12171038,12095878,120.95878,0.2013912803315822,49799576.437460005,82914.19985147472,0.0061753155318388,3.054771798260694e-05,0.0061154420045929,0.0062351890590847,9240588,1.3171280875199716,0.1192814274935752,0.0517709727457061,local_fanin_w128,local_fanin,0.05,128,0.0,46.89508676528931,46.89508676528931,0.0,3adaa7465030853b510e2ea4e94be0dc472ac747,-0.0011780222342588909,-0.0005792117323916001,-0.004754864975622497,0.0007211869579443198,0.00235164127198299,-0.0038880299351423406,0.00533040385103098,-1.2144559115911946e-05,-0.0020224832751852004,-0.0013861670151957828,0.00235102435432283,-0.005994174749668529,0.0032218407192769636
uniform,0.05,local_fanin_w256,2048,786769,0.0468950867652893,411436,200.896484375,1.9122512371304408,2.0,3.0,1.9122512371304408,100000,12202150,12129035,121.29035,0.201837496646499,49903216.4426,83043.212270249,0.0059919768237565,2.969287610928168e-05,0.0059337787865823,0.0060501748609307,9264256,1.3171214180609865,0.1165391936453709,0.0514159797774997,local_fanin_w256,local_fanin,0.05,256,0.0,46.89508676528931,46.89508676528931,0.0,e965ae73144788d56255eb3b740a5192f155b855,-0.000520129497661892,-0.0007625504404739003,-0.007497098823826806,-0.0013584544512557084,0.0023559172850284712,-0.005976052329911512,0.0032591434274000953,0.0006465161045705603,-0.0022058219832675006,-0.0034701941278942883,0.0023552963105294136,-0.008086574896531938,0.0011461866407433624
uniform,0.05,joint_fanin_l0,2048,786769,0.0468950867652893,411702,201.0263671875,1.9110157346818812,2.0,3.0,1.9110157346818812,100000,12179123,12079281,120.79281,0.1999454465719463,49730641.46262,82317.94024456345,0.008197798807024,3.761232090294285e-05,0.0081240786580543,0.0082715189559938,9233297,1.3190437825188557,0.1537202078889012,0.0533293502500914,joint_fanin_l0,joint_fanin,0.05,128,0.0,46.89508676528931,46.89508676528931,0.0,2c45ba409715324f69688f3872cc691f2681089b,-0.001165891834385313,0.0014432715427936003,0.0296839154197035,0.0021044368721623297,0.002341560581108288,-0.002485021866809915,0.006693895611134574,0.0,0.0,0.0,0.0,0.0,0.0
uniform,0.05,joint_fanin_l0.25,2048,786769,0.0468950867652893,411837,201.09228515625,1.9103893045063944,2.0,3.0,1.9103893045063944,100000,12186084,12086502,120.86502,0.2009584739369765,49776687.24174,82762.13503078259,0.0081717802043708,3.759337196459221e-05,0.0080980971953202,0.0082454632134214,9234851,1.3195755946685008,0.153406153174442,0.0532689206741171,joint_fanin_l0.25,joint_fanin,0.05,128,0.25,46.89508676528931,46.89508676528931,0.0,96f94fa93169f553e558246b440cf64797e7c3df,-0.0014933092461338893,0.0014172529401403995,0.029369860705244305,0.0011804817947045354,0.002348943190798079,-0.0034234468592597,0.005784410448668771,-0.00032779959061457475,-2.601860265320083e-05,-0.0009259035830981865,0.0023483192997231094,-0.0055286094105554805,0.0036768022443591074
uniform,0.05,joint_fanin_l0.5,2048,786769,0.0468950867652893,411837,201.09228515625,1.9103893045063944,2.0,3.0,1.9103893045063944,100000,12186084,12086502,120.86502,0.2009584739369765,49776687.24174,82762.13503078259,0.0081717802043708,3.759337196459221e-05,0.0080980971953202,0.0082454632134214,9234851,1.3195755946685008,0.153406153174442,0.0532689206741171,joint_fanin_l0.5,joint_fanin,0.05,128,0.5,46.89508676528931,46.89508676528931,0.0,96f94fa93169f553e558246b440cf64797e7c3df,-0.0014933092461338893,0.0014172529401403995,0.029369860705244305,0.0011804817947045354,0.002348943190798079,-0.0034234468592597,0.005784410448668771,-0.00032779959061457475,-2.601860265320083e-05,-0.0009259035830981865,0.0023483192997231094,-0.0055286094105554805,0.0036768022443591074
uniform,0.05,joint_fanin_l1,2048,786769,0.0468950867652893,411837,201.09228515625,1.9103893045063944,2.0,3.0,1.9103893045063944,100000,12186084,12086502,120.86502,0.2009584739369765,49776687.24174,82762.13503078259,0.0081717802043708,3.759337196459221e-05,0.0080980971953202,0.0082454632134214,9234851,1.3195755946685008,0.153406153174442,0.0532689206741171,joint_fanin_l1,joint_fanin,0.05,128,1.0,46.89508676528931,46.89508676528931,0.0,96f94fa93169f553e558246b440cf64797e7c3df,-0.0014933092461338893,0.0014172529401403995,0.029369860705244305,0.0011804817947045354,0.002348943190798079,-0.0034234468592597,0.005784410448668771,-0.00032779959061457475,-2.601860265320083e-05,-0.0009259035830981865,0.0023483192997231094,-0.0055286094105554805,0.0036768022443591074
uniform,0.05,oracle_spike_l0.25,2048,786769,0.0468950867652893,411545,200.94970703125,1.9117447666719316,2.0,3.0,1.9117447666719316,100000,12195273,12094998,120.94998,0.2009101516322315,49776359.5191,82683.56835348674,0.0082224481567571,3.778217366359392e-05,0.0081483950963764,0.0082965012171377,9240287,1.3197937466660938,0.1538619155039621,0.0534404380045909,oracle_spike_l0.25,oracle_spike,0.05,128,0.25,46.89508676528931,46.89508676528931,0.0,7ebcffe7fed040f670cebefa6c4eae27d307cdd6,-0.0007848473435468906,0.0014679208925267003,0.02982562303476441,0.0011870578805698306,0.002347821115516117,-0.0034146715058417584,0.00578878726698142,0.0003814892660587432,2.464934973309997e-05,-0.0009193136290905901,0.002347192259736031,-0.005519810458173211,0.003681183199992031
uniform,0.05,oracle_spike_l0.5,2048,786769,0.0468950867652893,411545,200.94970703125,1.9117447666719316,2.0,3.0,1.9117447666719316,100000,12195273,12094998,120.94998,0.2009101516322315,49776359.5191,82683.56835348674,0.0082224481567571,3.778217366359392e-05,0.0081483950963764,0.0082965012171377,9240287,1.3197937466660938,0.1538619155039621,0.0534404380045909,oracle_spike_l0.5,oracle_spike,0.05,128,0.5,46.89508676528931,46.89508676528931,0.0,7ebcffe7fed040f670cebefa6c4eae27d307cdd6,-0.0007848473435468906,0.0014679208925267003,0.02982562303476441,0.0011870578805698306,0.002347821115516117,-0.0034146715058417584,0.00578878726698142,0.0003814892660587432,2.464934973309997e-05,-0.0009193136290905901,0.002347192259736031,-0.005519810458173211,0.003681183199992031
uniform,0.05,oracle_spike_l1,2048,786769,0.0468950867652893,411545,200.94970703125,1.9117447666719316,2.0,3.0,1.9117447666719316,100000,12195273,12094998,120.94998,0.2009101516322315,49776359.5191,82683.56835348674,0.0082224481567571,3.778217366359392e-05,0.0081483950963764,0.0082965012171377,9240287,1.3197937466660938,0.1538619155039621,0.0534404380045909,oracle_spike_l1,oracle_spike,0.05,128,1.0,46.89508676528931,46.89508676528931,0.0,7ebcffe7fed040f670cebefa6c4eae27d307cdd6,-0.0007848473435468906,0.0014679208925267003,0.02982562303476441,0.0011870578805698306,0.002347821115516117,-0.0034146715058417584,0.00578878726698142,0.0003814892660587432,2.464934973309997e-05,-0.0009193136290905901,0.002347192259736031,-0.005519810458173211,0.003681183199992031
community,0.001,fanout_only,2048,16903,0.0010074973106384,16639,8.12451171875,1.0158663381212814,1.0,1.0,1.0158663381212814,16639,989613,987108,59.32495943265821,0.0503406525269617,987108.0,837.6181173961171,0.0025312925355669,0.0001587967322731,0.0022200509403116,0.0028425341308222,298948,3.310318182426375,0.696296867638659,0.0036353639563987,fanout_only,fanout,0.001,0,0.0,1.0074973106384275,1.1530340833682593,0.126220703125,05f12c42e4bc5102daa631c6ec815f89e3026480,0.0,0.0,0.0,0.0,0.0,0.0,0.0,-0.00012019953122188731,1.1115456243999955e-05,1.1143539937918945e-05,0.0012078711416139446,-0.0023562838976254126,0.0023785709775012505
community,0.001,local_fanin_w32,2048,16903,0.0010074973106384,16639,8.12451171875,1.0158663381212814,1.0,1.0,1.0158663381212814,16639,989613,987108,59.32495943265821,0.0503406525269617,987108.0,837.6181173961171,0.0025312925355669,0.0001587967322731,0.0022200509403116,0.0028425341308222,298948,3.310318182426375,0.696296867638659,0.0036353639563987,local_fanin_w32,local_fanin,0.001,32,0.0,1.0074973106384275,1.1530340833682593,0.126220703125,0462cf8143784a1c8b5616de23418ad4a8d577d1,0.0,0.0,0.0,0.0,0.001200041841126815,-0.002352082008608557,0.002352082008608557,-0.00012019953122188731,1.1115456243999955e-05,1.1143539937918945e-05,0.0012078711416139446,-0.0023562838976254126,0.0023785709775012505
community,0.001,local_fanin_w64,2048,16903,0.0010074973106384,16638,8.1240234375,1.0159273951196055,1.0,1.0,1.0159273951196055,16638,989613,987171,59.332311575910566,0.0504812577722605,987171.0,839.9071668148707,0.0024676312861694,0.0001553621440806,0.0021631214837713,0.0027721410885675,298927,3.310550736467432,0.6963302216792926,0.0035437658877111,local_fanin_w64,local_fanin,0.001,64,0.0,1.0074973106384275,1.1530340833682593,0.126220703125,4954890eeff498dbd1416950a3ebd5430bf12632,6.010337780959496e-05,-6.366124939750006e-05,3.335404063364855e-05,-6.382280358385728e-05,0.0012017209451303827,-0.002419195856039407,0.0022915502488716926,-6.010337781015007e-05,-5.2545793153500105e-05,-5.2678552433960135e-05,0.0012095403362263352,-0.002423377611437577,0.002318020506569657
community,0.001,local_fanin_w128,2048,16903,0.0010074973106384,16643,8.12646484375,1.0156221835005708,1.0,1.0,1.0156221835005708,16643,989613,987200,59.31622904524425,0.0506469496599905,987200.0,842.9171831912221,0.0024383269015261,0.0001601932503067,0.0021243481309249,0.0027523056721273,298956,3.310229599004536,0.6962947830111195,0.0035018600756731,local_fanin_w128,local_fanin,0.001,128,0.0,1.0074973106384275,1.1530340833682593,0.126220703125,8facbe0b5948c34aeaabc534ab11c7384976d240,-0.00024034128462424587,-9.296563404079987e-05,-2.0846275394781344e-06,-9.320155443992562e-05,0.001203899516023876,-0.0024528446058467226,0.0022664414969668714,-0.0003605119269363133,-8.185017779679992e-05,-8.205697590657479e-05,0.0012117052581216597,-0.002456999281825028,0.002292885330011878
community,0.001,local_fanin_w256,2048,16903,0.0010074973106384,16647,8.12841796875,1.0153781462125309,1.0,1.0,1.0153781462125309,16647,989613,987192,59.30149576500271,0.0499588033931287,987192.0,831.6642000854148,0.0024464108697036,0.0001587276794277,0.0021353046180252,0.002757517121382,298986,3.3098974533924665,0.6961551129659664,0.0035141749649452,local_fanin_w256,local_fanin,0.001,256,0.0,1.0074973106384275,1.1530340833682593,0.126220703125,da8a91be42c065b524107ee4386bfc5462d24502,-0.00048056706914156866,-8.488166586330002e-05,-0.00014175467269250674,-8.509707144499501e-05,0.0011958356499692491,-0.0024289349453847234,0.0022587408024947334,-0.0006007088364269331,-7.376620961930007e-05,-7.395258322451248e-05,0.0012036937379454966,-0.002433192309597686,0.002285287143148661
community,0.001,joint_fanin_l0,2048,16903,0.0010074973106384,16637,8.12353515625,1.015988459457835,1.0,1.0,1.015988459457835,16637,989613,987119,59.332752299092384,0.0510032221501018,987119.0,848.5406069112439,0.0025201770793229,0.0001600469383473,0.0022064850801621,0.0028338690784837,298921,3.310617186480709,0.699021475832913,0.0036052927791954,joint_fanin_l0,joint_fanin,0.001,128,0.0,1.0074973106384275,1.1530340833682593,0.126220703125,e50bc2ff2b56970dd5704ea3cab9522860699f28,0.0001202139808860192,-1.1115456243999955e-05,0.002724608194254019,-1.1143664117696517e-05,0.001207898061984539,-0.002378623865607393,0.002356336537372,0.0,0.0,0.0,0.0,0.0,0.0
community,0.001,joint_fanin_l0.25,2048,16903,0.0010074973106384,16658,8.1337890625,1.014707647976948,1.0,1.0,1.014707647976948,16658,989613,987250,59.26581822547725,0.0489048051981525,987250.0,814.6562449908255,0.002387802100417,0.0001616074129373,0.0020710515710597,0.0027045526297742,299101,3.308624845787877,0.6996927259006633,0.0034126438821317,joint_fanin_l0.25,joint_fanin,0.001,128,0.25,1.0074973106384275,1.1530340833682593,0.126220703125,198500610feecc99fd1a9f687449f7b8c253947a,-0.001140593108416521,-0.00014349043514990008,0.003395858262004392,-0.00014385457315713168,0.0011837950889406364,-0.002464092947480779,0.0021763838011665156,-0.0012606555408813946,-0.00013237497890590012,-0.00013270943016996384,0.0011917337721364008,-0.0024685076235573095,0.002203088763217382
community,0.001,joint_fanin_l0.5,2048,16903,0.0010074973106384,16656,8.1328125,1.0148294908741595,1.0,1.0,1.0148294908741595,16656,989613,987222,59.27125360230548,0.0490539485139596,987222.0,817.0425664485124,0.0024160959890381,0.0001624719759074,0.0020976509162595,0.0027345410618167,299083,3.308823971940899,0.6997198260586781,0.0034529477357349,joint_fanin_l0.5,joint_fanin,0.001,128,0.5,1.0074973106384275,1.1530340833682593,0.126220703125,bb5287976fde421d601bbece9b05e0f65865960f,-0.0010206532180595529,-0.00011519654652879978,0.003422958420019162,-0.0001154888826755407,0.0011854645029645689,-0.0024389993084860955,0.002208021543135014,-0.0011407300672430232,-0.00010408109028479983,-0.00010434405578263473,0.001193391595082343,-0.002443391582144027,0.0022347034705787576
community,0.001,joint_fanin_l1,2048,16903,0.0010074973106384,16668,8.138671875,1.0140988720902329,1.0,1.0,1.0140988720902329,16668,989613,987379,59.238000959923205,0.0481722804122684,987379.0,802.9355699116905,0.0022574481135555,0.0001556189028588,0.0019524350639521,0.0025624611631589,299181,3.307740130556419,0.6997990419051828,0.0032258519637433,joint_fanin_l1,joint_fanin,0.001,128,1.0,1.0074973106384275,1.1530340833682593,0.126220703125,dc842234a6e30f6abc4f81e6ee3fc0a4d99950e9,-0.0017398608111350855,-0.00027384442201139987,0.003502174266523883,-0.0002745393614478342,0.001175628052954238,-0.0025787703452381404,0.002029691622342472,-0.0018598512119030186,-0.0002627289657673999,-0.00026339276216957863,0.0011836237815429738,-0.002583295373993807,0.00205650984965465
community,0.001,oracle_spike_l0.25,2048,16903,0.0010074973106384,16635,8.12255859375,1.0161106101593027,1.0,1.0,1.0161106101593027,16635,989613,987071,59.33700030057109,0.0512154928677046,987071.0,851.969723854266,0.0025686808883876,0.0001652995872396,0.002244693697398,0.0028926680793773,298907,3.310772246886155,0.6991152840721948,0.0036741878584397,oracle_spike_l0.25,oracle_spike,0.001,128,0.25,1.0074973106384275,1.1530340833682593,0.126220703125,56a39cfe3ccb26455e43a898999e480dd3dbac88,0.00024045686804941013,3.738835282069992e-05,0.002818416433535864,3.74832338507769e-05,0.0012103438608424414,-0.0023347907334004083,0.002409757201101962,0.00012022843402470507,4.850380906469987e-05,4.862635609281796e-05,0.001218106139330076,-0.0023388616769941307,0.0024361143891797666
community,0.001,oracle_spike_l0.5,2048,16903,0.0010074973106384,16637,8.12353515625,1.015988459457835,1.0,1.0,1.015988459457835,16637,989613,987110,59.3322113361784,0.0510991549854522,987110.0,850.1366414929687,0.0025292715435225,0.0001635113784896,0.0022087892416829,0.0028497538453622,298920,3.310628261742272,0.69908818391418,0.0036179577937667,oracle_spike_l0.5,oracle_spike,0.001,128,0.5,1.0074973106384275,1.1530340833682593,0.126220703125,15dc7f630e36a0edb81d69c086d09c174105768e,0.0001202139808860192,-2.0209920443998997e-06,0.002791316275521094,-2.0261207487326516e-06,0.0012090438474963226,-0.002371752061841525,0.0023676998203440596,0.0,9.094464199600055e-06,9.117441767458878e-06,0.0012168150609904347,-0.002375840077773793,0.002394074961308711
community,0.001,oracle_spike_l1,2048,16903,0.0010074973106384,16638,8.1240234375,1.0159273951196055,1.0,1.0,1.0159273951196055,16638,989613,987121,59.32930640702008,0.0507402656411906,987121.0,844.2165397381301,0.0025181560872785,0.000160058235357,0.0022044419459787,0.0028318702285783,298925,3.310572886175462,0.6990923531692592,0.003602036377401,oracle_spike_l1,oracle_spike,0.001,128,1.0,1.0074973106384275,1.1530340833682593,0.126220703125,f1e43d0afaa2f7afd9a1f3f17ba43096319fa833,6.010337780959496e-05,-1.3136448288399855e-05,0.0027954855306002724,-1.3169784866429168e-05,0.0012047857106321173,-0.002374549777705379,0.0023482102079725206,-6.010337781015007e-05,-2.0209920443998997e-06,-2.026098170571089e-06,0.0012125844820002195,-0.002378691682891001,0.002374639486549859
community,0.01,fanout_only,2048,163413,0.0097401738166809,141080,68.88671875,1.158300255174369,1.0,2.0,1.158300255174369,100000,6786960,6624744,66.24744,0.061885869413561,9346188.8352,8730.858456865193,0.0239011280455461,0.0001917139623794,0.0235253686792823,0.0242768874118099,1931219,3.5143399065564287,0.696296867638659,0.0343260599844455,fanout_only,fanout,0.01,0,0.0,9.740173816680908,9.740173816680908,0.0,05f12c42e4bc5102daa631c6ec815f89e3026480,0.0,0.0,0.0,0.0,0.0,0.0,0.0,-0.001119931953501463,3.586947702889989e-05,-0.00022329209346749757,0.0013228115585687237,-0.002816002748262196,0.0023694185613272007
community,0.01,local_fanin_w32,2048,163413,0.0097401738166809,141080,68.88671875,1.158300255174369,1.0,2.0,1.158300255174369,100000,6786960,6624744,66.24744,0.061885869413561,9346188.8352,8730.858456865193,0.0239011280455461,0.0001917139623794,0.0235253686792823,0.0242768874118099,1931219,3.5143399065564287,0.696296867638659,0.0343260599844455,local_fanin_w32,local_fanin,0.01,32,0.0,9.740173816680908,9.740173816680908,0.0,0462cf8143784a1c8b5616de23418ad4a8d577d1,0.0,0.0,0.0,0.0,0.0013211051754438861,-0.0025893661438700167,0.0025893661438700167,-0.001119931953501463,3.586947702889989e-05,-0.00022329209346749757,0.0013228115585687237,-0.002816002748262196,0.0023694185613272007
community,0.01,local_fanin_w64,2048,163413,0.0097401738166809,140982,68.8388671875,1.1591054177128994,1.0,2.0,1.1591054177128994,100000,6784690,6624130,66.2413,0.061840594965539,9338830.9566,8718.41075943163,0.0236650458606068,0.0001900979063828,0.0232924539640964,0.0240376377571171,1930807,3.51391413020566,0.6963302216792926,0.033985378091928,local_fanin_w64,local_fanin,0.01,64,0.0,9.740173816680908,9.740173816680908,0.0,4954890eeff498dbd1416950a3ebd5430bf12632,0.0006951242002524172,-0.00023608218493929856,3.335404063364855e-05,0.0007872597836124928,0.0013196434580070315,-0.001799241394081289,0.0033737609613062746,-0.0004255862450524006,-0.00020021270791039866,0.0005641434790301103,0.0013213488537550508,-0.002025700274329789,0.0031539872323900096
community,0.01,local_fanin_w128,2048,163413,0.0097401738166809,141072,68.8828125,1.1583659407961893,1.0,2.0,1.1583659407961893,100000,6781448,6622136,66.22136,0.0621616154726401,9341979.69792,8769.263417956297,0.0234923278922141,0.0001908043152752,0.0231183514342746,0.0238663043501536,1930338,3.513088381412996,0.6962947830111195,0.0337390548736007,local_fanin_w128,local_fanin,0.01,128,0.0,9.740173816680908,9.740173816680908,0.0,8facbe0b5948c34aeaabc534ab11c7384976d240,5.670863105389223e-05,-0.00040880015333199723,-2.0846275394781344e-06,0.0004503586814068594,0.0013237171783156431,-0.002144126988091801,0.00304484435090552,-0.0010632868322555389,-0.00037293067630309734,0.00022716714947212946,0.0013254200948402152,-0.002370656236414692,0.002824990535358951
community,0.01,local_fanin_w256,2048,163413,0.0097401738166809,140857,68.77783203125,1.160134036647096,1.0,2.0,1.160134036647096,100000,6791837,6632277,66.32277,0.0624287359213822,9342026.41389,8793.524455678145,0.0234929077361544,0.0001894721930065,0.0231215422378616,0.0238642732344472,1931926,3.5155782364334867,0.6961551129659664,0.0337466568852205,local_fanin_w256,local_fanin,0.01,256,0.0,9.740173816680908,9.740173816680908,0.0,da8a91be42c065b524107ee4386bfc5462d24502,0.0015831659058478387,-0.0004082203093916971,-0.00014175467269250674,0.0004453602835761128,0.001325561691290789,-0.0021527406313538336,0.003043461198506059,0.0004614609142608028,-0.0003723508323627972,0.00022216763553861707,0.001327263077495378,-0.0023792679963523236,0.0028236032674295577
community,0.01,joint_fanin_l0,2048,163413,0.0097401738166809,140922,68.8095703125,1.1595989270660363,1.0,2.0,1.1595989270660363,100000,6792803,6630691,66.30691,0.0620736731145172,9344102.37102,8747.546162643996,0.0238652585685172,0.0001895580104908,0.0234937248679551,0.0242367922690794,1931996,3.5159508611819072,0.699021475832913,0.0341409518785969,joint_fanin_l0,joint_fanin,0.01,128,0.0,9.740173816680908,9.740173816680908,0.0,e50bc2ff2b56970dd5704ea3cab9522860699f28,0.0011211876073287108,-3.586947702889989e-05,0.002724608194254019,0.0002232422452392857,0.0013222210096490892,-0.002368310933672929,0.0028147954241515005,0.0,0.0,0.0,0.0,0.0,0.0
community,0.01,joint_fanin_l0.25,2048,163413,0.0097401738166809,140917,68.80712890625,1.159640071815324,1.0,2.0,1.159640071815324,100000,6798086,6634384,66.34384,0.0619872984150434,9348974.90128,8735.064130752677,0.0240806015104839,0.0001903417168002,0.0237075317455554,0.0244536712754124,1932871,3.5170924495219804,0.6996927259006633,0.0344159666366214,joint_fanin_l0.25,joint_fanin,0.01,128,0.25,9.740173816680908,9.740173816680908,0.0,198500610feecc99fd1a9f687449f7b8c253947a,0.0011567092685766944,0.0001794734649377995,0.003395858262004392,-0.00029809648928846855,0.0013216202790629857,-0.0028884722362519204,0.0022922792576749833,3.548187940438652e-05,0.0002153429419666994,-0.0005214551453451843,0.0013233270685114767,-0.0031151761996276784,0.0020722659089373098
community,0.01,joint_fanin_l0.5,2048,163413,0.0097401738166809,140918,68.8076171875,1.1596318426318852,1.0,2.0,1.1596318426318852,100000,6796082,6632272,66.32272,0.0620513240929169,9346065.05696,8744.148488525672,0.0241035938059605,0.0001919379151439,0.0237273954922783,0.0244797921196426,1932677,3.516408587673988,0.6997198260586781,0.034447492994059,joint_fanin_l0.5,joint_fanin,0.01,128,0.5,9.740173816680908,9.740173816680908,0.0,bb5287976fde421d601bbece9b05e0f65865960f,0.001149604734668408,0.00020246576041440048,0.003422958420019162,1.3243712724375634e-05,0.0013221023033190577,-0.0025780768017809774,0.0026045642272297287,2.8385302090816467e-05,0.00023833523744330037,-0.00021004542352676125,0.0013238078084242006,-0.0028047087280381943,0.002384617880984672
community,0.01,joint_fanin_l1,2048,163413,0.0097401738166809,140918,68.8076171875,1.1596318426318852,1.0,2.0,1.1596318426318852,100000,6789652,6627099,66.27099,0.0618085992983862,9338775.36882,8709.944195929991,0.0239412859451412,0.0001905507937132,0.0235678063894633,0.0243147655008191,1931316,3.515557267686904,0.6997990419051828,0.0342116586498343,joint_fanin_l1,joint_fanin,0.01,128,1.0,9.740173816680908,9.740173816680908,0.0,dc842234a6e30f6abc4f81e6ee3fc0a4d99950e9,0.001149604734668408,4.015789959510227e-05,0.003502174266523883,0.0007932074250499577,0.00131899932973764,-0.0017920312612358163,0.0033784461113357317,2.8385302090816467e-05,7.602737662400216e-05,0.0005700924485289027,0.0013207052530519214,-0.002018489847452863,0.0031586747445106686
community,0.01,oracle_spike_l0.25,2048,163413,0.0097401738166809,140891,68.79443359375,1.1598540715872554,1.0,2.0,1.1598540715872554,100000,6793413,6629852,66.29852,0.0621406281966374,9340864.78132,8755.05524725244,0.0240764104876297,0.000192675628562,0.023698766255648,0.0244540547196114,1932175,3.515940843867662,0.6996051715440003,0.0344142831798885,oracle_spike_l0.25,oracle_spike,0.01,128,0.25,9.740173816680908,9.740173816680908,0.0,4d8eb5342178767502d4ff93b0642aecee8c1e93,0.0013414625490628662,0.0001752824420836012,0.0033083039053413144,0.0005696497228847575,0.0013225613953962612,-0.0020225706120919145,0.0031618700578614294,0.0002200282487883065,0.00021115191911250109,0.00034648482769639166,0.0013242649463955467,-0.0022490744672388797,0.002942044122631663
community,0.01,oracle_spike_l0.5,2048,163413,0.0097401738166809,140891,68.79443359375,1.1598540715872554,1.0,2.0,1.1598540715872554,100000,6793413,6629852,66.29852,0.0621406281966374,9340864.78132,8755.05524725244,0.0240764104876297,0.000192675628562,0.023698766255648,0.0244540547196114,1932175,3.515940843867662,0.6996051715440003,0.0344142831798885,oracle_spike_l0.5,oracle_spike,0.01,128,0.5,9.740173816680908,9.740173816680908,0.0,4d8eb5342178767502d4ff93b0642aecee8c1e93,0.0013414625490628662,0.0001752824420836012,0.0033083039053413144,0.0005696497228847575,0.0013225613953962612,-0.0020225706120919145,0.0031618700578614294,0.0002200282487883065,0.00021115191911250109,0.00034648482769639166,0.0013242649463955467,-0.0022490744672388797,0.002942044122631663
community,0.01,oracle_spike_l1,2048,163413,0.0097401738166809,140894,68.7958984375,1.1598293752750295,1.0,2.0,1.1598293752750295,100000,6791445,6628193,66.28193,0.062091231329078,9338726.24542,8748.281946879117,0.0240378888439793,0.0001918922636747,0.0236617800071768,0.0244139976807819,1931848,3.5155172663687826,0.6996260178193963,0.0343581974251057,oracle_spike_l1,oracle_spike,0.01,128,1.0,9.740173816680908,9.740173816680908,0.0,b3676b0c5240477c3c3bdc80c84b4a687e4e6fb4,0.0013201413828836106,0.00013676079843320116,0.003329150180737317,0.0007984634070195007,0.001321897249855163,-0.0017924552026966187,0.00338938201673562,0.00019873096086442388,0.00017263027546210105,0.0005753496041176476,0.0013236007146054034,-0.002018907796508943,0.003169607004744238
community,0.05,fanout_only,2048,784898,0.0467835664749145,411053,200.70947265625,1.9094812591077064,2.0,3.0,1.9094812591077064,100000,11196804,9996074,99.96074,0.1373038728880547,41089162.05922,56439.16886225357,0.1072386370253511,0.0003243291864718,0.1066029518198662,0.1078743222308361,2624315,4.266562512503263,0.696296867638659,0.154012809779007,fanout_only,fanout,0.05,0,0.0,46.78356647491455,46.78356647491455,0.0,05f12c42e4bc5102daa631c6ec815f89e3026480,0.0,0.0,0.0,0.0,0.0,0.0,0.0,-0.000827143944941322,0.0003222368034326989,-0.0009407791426598866,0.0019437259127552322,-0.004750481931660142,0.0028689236463403686
community,0.05,local_fanin_w32,2048,784898,0.0467835664749145,411053,200.70947265625,1.9094812591077064,2.0,3.0,1.9094812591077064,100000,11196804,9996074,99.96074,0.1373038728880547,41089162.05922,56439.16886225357,0.1072386370253511,0.0003243291864718,0.1066029518198662,0.1078743222308361,2624315,4.266562512503263,0.696296867638659,0.154012809779007,local_fanin_w32,local_fanin,0.05,32,0.0,46.78356647491455,46.78356647491455,0.0,0462cf8143784a1c8b5616de23418ad4a8d577d1,0.0,0.0,0.0,0.0,0.0019425326303570637,-0.003807363955499845,0.003807363955499845,-0.000827143944941322,0.0003222368034326989,-0.0009407791426598866,0.0019437259127552322,-0.004750481931660142,0.0028689236463403686
community,0.05,local_fanin_w64,2048,784898,0.0467835664749145,410930,200.6494140625,1.910052807047429,2.0,3.0,1.910052807047429,100000,11163644,9982699,99.82699,0.1374011716333549,41021905.0007,56462.26345929455,0.1057849032090239,0.0003223092101852,0.1051531771570608,0.1064166292609869,2619304,4.262065037124366,0.6963302216792926,0.1519177251188517,local_fanin_w64,local_fanin,0.05,64,0.0,46.78356647491455,46.78356647491455,0.0,4954890eeff498dbd1416950a3ebd5430bf12632,0.0002993210522472811,-0.001453733816327199,3.335404063364855e-05,0.0016368564153990128,0.0019413412608176317,-0.002168172455803545,0.005441885286601571,-0.0005280704742900433,-0.0011314970128945001,0.0006976171931143416,0.0019425351092071182,-0.00310975162093161,0.004504986007160293
community,0.05,local_fanin_w128,2048,784898,0.0467835664749145,411005,200.68603515625,1.9097042615053343,2.0,3.0,1.9097042615053343,100000,11185673,10008105,100.08105,0.1380908907202643,41133811.95525,56756.04654048226,0.1052746669780173,0.0003218997685272,0.1046437434317039,0.1059055905243307,2622625,4.265067632619989,0.6962947830111195,0.151192669465019,local_fanin_w128,local_fanin,0.05,128,0.0,46.78356647491455,46.78356647491455,0.0,8facbe0b5948c34aeaabc534ab11c7384976d240,0.00011678690040262119,-0.001963970047333799,-2.0846275394781344e-06,-0.0010866587146667328,0.0019490462009164433,-0.004906789268462962,0.002733471839129496,-0.0007104536441162601,-0.0016417332439011,-0.002028460163180368,0.001950246356618341,-0.005850943022152316,0.0017940226957915808
community,0.05,local_fanin_w256,2048,784898,0.0467835664749145,411087,200.72607421875,1.9093233305845236,2.0,3.0,1.9093233305845236,100000,11184347,10011981,100.11981,0.1381427645223335,41157952.33347,56788.69463919253,0.1048220338657232,0.0003195918944238,0.1041956337526524,0.1054484339787939,2622886,4.264137671252201,0.6961551129659664,0.150572813319045,local_fanin_w256,local_fanin,0.05,256,0.0,46.78356647491455,46.78356647491455,0.0,da8a91be42c065b524107ee4386bfc5462d24502,-8.270755338890545e-05,-0.0024166031596278975,-0.00014175467269250674,-0.0016741707740561829,0.0019501786527387625,-0.005496520933424157,0.0021481793853117916,-0.000909783087278293,-0.0020943663561951986,-0.0026165249416614245,0.0019513794983583804,-0.00644122875844385,0.0012081788751210011
community,0.05,joint_fanin_l0,2048,784898,0.0467835664749145,410713,200.54345703125,1.9110619824549016,2.0,3.0,1.9110619824549016,100000,11191501,9994946,99.94946,0.1371988028089127,41050542.56498,56349.331898056975,0.1069164002219184,0.0003260720784004,0.1062772989482535,0.1075555014955832,2622991,4.266694395825224,0.699021475832913,0.152951524264005,joint_fanin_l0,joint_fanin,0.05,128,0.0,46.78356647491455,46.78356647491455,0.0,e50bc2ff2b56970dd5704ea3cab9522860699f28,0.0008278286784202393,-0.0003222368034326989,0.002724608194254019,0.0009398949091329323,0.0019400738336671497,-0.0028626498048546813,0.004742439623120546,0.0,0.0,0.0,0.0,0.0,0.0
community,0.05,joint_fanin_l0.25,2048,784898,0.0467835664749145,411195,200.77880859375,1.908821848514695,2.0,3.0,1.908821848514695,100000,11193633,9994039,99.94039,0.1367016182779245,41094988.66605,56211.0219277912,0.1071675299699391,0.0003256878380385,0.1065291818073835,0.1078058781324947,2623578,4.266552395240393,0.6996927259006633,0.1531637045847378,joint_fanin_l0.25,joint_fanin,0.05,128,0.25,46.78356647491455,46.78356647491455,0.0,198500610feecc99fd1a9f687449f7b8c253947a,-0.00034533493841126806,-7.110705541199525e-05,0.003395858262004392,-0.00014180398280205786,0.0019387484196928613,-0.003941750885400067,0.0036581429197959504,-0.0011721932416492997,0.00025112974802070365,-0.0010827165316913412,0.0019399367234110643,-0.004884992509577028,0.002719559446194345
community,0.05,joint_fanin_l0.5,2048,784898,0.0467835664749145,411181,200.77197265625,1.9088868405884516,2.0,3.0,1.9088868405884516,100000,11197114,9992464,99.92464,0.1372964461005641,41087113.39984,56453.69000407608,0.1075857582587799,0.0003295749979766,0.1069397912627457,0.108231725254814,2624372,4.266587968473981,0.6997198260586781,0.1537554807683237,joint_fanin_l0.5,joint_fanin,0.05,128,0.5,46.78356647491455,46.78356647491455,0.0,bb5287976fde421d601bbece9b05e0f65865960f,-0.0003112984306180566,0.00034712123342880985,0.003422958420019162,4.985887463582195e-05,0.0019427341225445507,-0.0037579000055514974,0.0038576177548231413,-0.001138184886947391,0.0006693580368615087,-0.0008908733618344655,0.001943927723545943,-0.004700971699984514,0.002919224976315583
community,0.05,joint_fanin_l1,2048,784898,0.0467835664749145,410865,200.61767578125,1.910354982780232,2.0,3.0,1.910354982780232,100000,11189333,9989474,99.89474,0.1373873784459167,41043252.3501,56447.6652451816,0.1072323971410985,0.000324809714525,0.1065957701006294,0.1078690241815676,2623042,4.2657849169018265,0.6997990419051828,0.1532331293983504,joint_fanin_l1,joint_fanin,0.05,128,1.0,46.78356647491455,46.78356647491455,0.0,dc842234a6e30f6abc4f81e6ee3fc0a4d99950e9,0.0004575712216907668,-6.23988425259292e-06,0.003502174266523883,0.001117319186354604,0.001941594021331793,-0.00268820509545571,0.004922843468164918,-0.0003699512005159722,0.000315996919180106,0.00017759119428095715,0.00194278753137231,-0.0036302723672087703,0.003985454755770685
community,0.05,oracle_spike_l0.25,2048,784898,0.0467835664749145,410832,200.6015625,1.9105084316703664,2.0,3.0,1.9105084316703664,100000,11160527,9966415,99.66415,0.1370681626950155,40945222.0728,56311.98741631861,0.1069942306487856,0.0003280996482747,0.1063511553381671,0.1076373059594041,2617988,4.26301686638747,0.6996593718600297,0.1529233151902814,oracle_spike_l0.25,oracle_spike,0.05,128,0.25,46.78356647491455,46.78356647491455,0.0,8be252f4898a65d598b1360a9918f7d033081609,0.0005379327803092249,-0.0002444063765654897,0.0033625042213707435,0.00350311321054797,0.001936941878803456,-0.0002932928719068034,0.007299519293002744,-0.0002896561124742236,7.78304268672092e-05,0.0025656297237309778,0.0019381325195430988,-0.001233110014573496,0.0063643694620354515
community,0.05,oracle_spike_l0.5,2048,784898,0.0467835664749145,410832,200.6015625,1.9105084316703664,2.0,3.0,1.9105084316703664,100000,11160527,9966415,99.66415,0.1370681626950155,40945222.0728,56311.98741631861,0.1069942306487856,0.0003280996482747,0.1063511553381671,0.1076373059594041,2617988,4.26301686638747,0.6996593718600297,0.1529233151902814,oracle_spike_l0.5,oracle_spike,0.05,128,0.5,46.78356647491455,46.78356647491455,0.0,8be252f4898a65d598b1360a9918f7d033081609,0.0005379327803092249,-0.0002444063765654897,0.0033625042213707435,0.00350311321054797,0.001936941878803456,-0.0002932928719068034,0.007299519293002744,-0.0002896561124742236,7.78304268672092e-05,0.0025656297237309778,0.0019381325195430988,-0.001233110014573496,0.0063643694620354515
community,0.05,oracle_spike_l1,2048,784898,0.0467835664749145,410832,200.6015625,1.9105084316703664,2.0,3.0,1.9105084316703664,100000,11160527,9966415,99.66415,0.1370681626950155,40945222.0728,56311.98741631861,0.1069942306487856,0.0003280996482747,0.1063511553381671,0.1076373059594041,2617988,4.26301686638747,0.6996593718600297,0.1529233151902814,oracle_spike_l1,oracle_spike,0.05,128,1.0,46.78356647491455,46.78356647491455,0.0,8be252f4898a65d598b1360a9918f7d033081609,0.0005379327803092249,-0.0002444063765654897,0.0033625042213707435,0.00350311321054797,0.001936941878803456,-0.0002932928719068034,0.007299519293002744,-0.0002896561124742236,7.78304268672092e-05,0.0025656297237309778,0.0019381325195430988,-0.001233110014573496,0.0063643694620354515
spatial,0.001,fanout_only,2048,16599,0.0009893774986267,16336,7.9765625,1.0160994123408422,1.0,1.0,1.0160994123408422,16336,944403,941417,57.62836679725759,0.0488816758450551,941417.0,798.5310566048212,0.0031617858054241,0.0001999680525193,0.0027698484224862,0.0035537231883619,221381,4.26596230028774,0.7619212059335776,0.0041497543063524,fanout_only,fanout,0.001,0,0.0,0.989377498626709,1.1394602092998736,0.1317138671875,e5fa762837e28ede45aa1d1541ffecd3a014e1c2,0.0,0.0,0.0,0.0,0.0,0.0,0.0,0.0005509304603328324,0.0002573054088138003,0.00025805492428265797,0.0011998938727995666,-0.0020937370664044926,0.0026098469149698086
spatial,0.001,local_fanin_w32,2048,16599,0.0009893774986267,16336,7.9765625,1.0160994123408422,1.0,1.0,1.0160994123408422,16336,944403,941417,57.62836679725759,0.0488816758450551,941417.0,798.5310566048212,0.0031617858054241,0.0001999680525193,0.0027698484224862,0.0035537231883619,221381,4.26596230028774,0.7619212059335776,0.0041497543063524,local_fanin_w32,local_fanin,0.001,32,0.0,0.989377498626709,1.1394602092998736,0.1317138671875,d4868a311b10e625b0cd32920d0d4455bc7f4fae,0.0,0.0,0.0,0.0,0.0011995677263387594,-0.0023511527436239684,0.0023511527436239684,0.0005509304603328324,0.0002573054088138003,0.00025805492428265797,0.0011998938727995666,-0.0020937370664044926,0.0026098469149698086
spatial,0.001,local_fanin_w64,2048,16599,0.0009893774986267,16344,7.98046875,1.0156020558002936,1.0,1.0,1.0156020558002936,16344,944403,941499,57.60517621145375,0.0481472547450502,941499.0,786.9187315531018,0.0030749584658243,0.0001968445501882,0.0026891431474553,0.0034607737841934,221477,4.264113203628368,0.7615844608217439,0.0040375803656846,local_fanin_w64,local_fanin,0.001,64,0.0,0.989377498626709,1.1394602092998736,0.1317138671875,5b3f7ace0c301c0cc07f8530fd9f4d2ab47161fc,-0.0004894762604013003,-8.682733959979993e-05,-0.0003367451118336806,-8.710273980616634e-05,0.0011909301709946034,-0.002421325874955589,0.0022471203953432564,6.118453255021805e-05,0.00017047806921400037,0.00017097466176752008,0.0011912632660686258,-0.0021639013397269863,0.0025058506632620265
spatial,0.001,local_fanin_w128,2048,16599,0.0009893774986267,16344,7.98046875,1.0156020558002936,1.0,1.0,1.0156020558002936,16344,944403,941496,57.604992657856094,0.0484854995352079,941496.0,792.4470044034382,0.0030781350758097,0.0001991143179264,0.0026878710126738,0.0034683991389457,221475,4.264151710125296,0.7613721183626895,0.0040428786418252,local_fanin_w128,local_fanin,0.001,128,0.0,0.989377498626709,1.1394602092998736,0.1317138671875,3a73ce66750b6812cad47688577c327282f53020,-0.0004894762604013003,-8.365072961439993e-05,-0.0005490875708881182,-8.391605420343673e-05,0.0011950572022435548,-0.002426228170600804,0.0022583960621939307,6.118453255021805e-05,0.00017365467919940036,0.0001741605250302758,0.001195387017794418,-0.0021687980298467835,0.002517119079907335
spatial,0.001,local_fanin_w256,2048,16599,0.0009893774986267,16344,7.98046875,1.0156020558002936,1.0,1.0,1.0156020558002936,16344,944403,941475,57.603707782672544,0.0481943139986492,941475.0,787.6878679939238,0.0031003713457072,0.000199864237334,0.0027086374405326,0.0034921052508819,221476,4.2641324567899,0.7607865679452972,0.0040752183021325,local_fanin_w256,local_fanin,0.001,256,0.0,0.989377498626709,1.1394602092998736,0.1317138671875,ef29c15bbfce0116c2a2d7770573f7032dfacfc9,-0.0004894762604013003,-6.141445971690005e-05,-0.0011346379882803959,-6.160925498477354e-05,0.0011914883510880895,-0.002396926423117429,0.0022737079131478818,6.118453255021805e-05,0.00019589094909690024,0.0001964615678694548,0.001191820969636696,-0.002139507532618469,0.0025324306683573786
spatial,0.001,joint_fanin_l0,2048,16599,0.0009893774986267,16345,7.98095703125,1.015539920464974,1.0,1.0,1.015539920464974,16345,944403,941660,57.61150198837565,0.0489191640914423,941660.0,799.5837370746258,0.0029044803966103,0.0001896810599246,0.002532705519158,0.0032762552740627,221542,4.262862120952235,0.7629893528488207,0.003806711569127,joint_fanin_l0,joint_fanin,0.001,128,0.0,0.989377498626709,1.1394602092998736,0.1317138671875,73d643578d519966e1c6cd1b27c7197cd5995244,-0.0005506271030895071,-0.0002573054088138003,0.001068146915243151,-0.00025812153381554737,0.001200513389638293,-0.0026111277775066016,0.002094884709875507,0.0,0.0,0.0,0.0,0.0,0.0
spatial,0.001,joint_fanin_l0.25,2048,16599,0.0009893774986267,16351,7.98388671875,1.0151672680569996,1.0,1.0,1.0151672680569996,16351,944403,941759,57.596416121338144,0.0484745396971556,941759.0,792.6071985881927,0.0027996522670935,0.0001845499825644,0.0024379343012671,0.0031613702329199,221591,4.261919482289443,0.7639438214779035,0.0036647357938931,joint_fanin_l0.25,joint_fanin,0.001,128,0.25,0.989377498626709,1.1394602092998736,0.1317138671875,5d3a9593c0a37e4629b01f0586a661f3a936c9ed,-0.0009173750840925088,-0.0003621335383306003,0.002022615544325923,-0.0003632821587034041,0.0011953452661726594,-0.0027061588804018167,0.0019795945629950086,-0.0003669500336369591,-0.00010482812951680002,-0.00010513348767071662,0.0011956752100943087,-0.0024486568994555617,0.0022383899241141285
spatial,0.001,joint_fanin_l0.5,2048,16599,0.0009893774986267,16350,7.9833984375,1.015229357798165,1.0,1.0,1.015229357798165,16350,944403,941730,57.59816513761468,0.0484436996893562,941730.0,792.0544899209749,0.002830359496952,0.0001863134181078,0.0024651851974607,0.0031955337964434,221580,4.262131058759816,0.7639888638177029,0.0037047130278949,joint_fanin_l0.5,joint_fanin,0.001,128,0.5,0.989377498626709,1.1394602092998736,0.1317138671875,859e39657eeb668fd05fd4da9684272f50ebcbfa,-0.0008562691131498434,-0.0003314263084721,0.002067657884125329,-0.0003324775312110173,0.0011949132641416562,-0.0026745075289286635,0.002009552466506629,-0.0003058103975536186,-7.412089965829968e-05,-7.433680946422605e-05,0.0011952435109061352,-0.002417014090840251,0.002268340471911799
spatial,0.001,joint_fanin_l1,2048,16599,0.0009893774986267,16346,7.9814453125,1.015477792732167,1.0,1.0,1.015477792732167,16346,944403,941676,57.60895631958889,0.048326483349219,941676.0,789.944696826335,0.0028875384766884,0.0001858451650918,0.0025232819531085,0.0032517950002683,221520,4.263285482123511,0.7639824291977315,0.003779587548526,joint_fanin_l1,joint_fanin,0.001,128,1.0,0.989377498626709,1.1394602092998736,0.1317138671875,e2517567c3133a612b3dbdb870fa029a2db41b23,-0.0006117704637218502,-0.00027424732873570015,0.002061223264153922,-0.00027511719036299453,0.0011933017762992418,-0.0026139886719095083,0.0020637542911835192,-6.11770463720962e-05,-1.6941919921899858e-05,-1.6991270734623143e-05,0.0011936332275349038,-0.0023565123967030344,0.002322529855233788
spatial,0.001,oracle_spike_l0.25,2048,16599,0.0009893774986267,16354,7.9853515625,1.0149810443928091,1.0,1.0,1.0149810443928091,16354,944403,941804,57.58860217683747,0.048337574829851,941804.0,790.5126987673843,0.0027520031173132,0.0001839281806143,0.002391503883309,0.0031125023513174,221622,4.261323334326015,0.7631394939814855,0.0036061599996029,oracle_spike_l0.25,oracle_spike,0.001,128,0.25,0.989377498626709,1.1394602092998736,0.1317138671875,2fc4f5ce3c0431a53b4d381d6ba17274a3c5ae7b,-0.001100648159471529,-0.0004097826881108999,0.0012182880479079117,-0.000411082442743238,0.0011938080875788252,-0.0027509462943977356,0.0019287814089112595,-0.0005503240797357645,-0.0001524772792970996,-0.00015292143661183033,0.0011941393108426343,-0.0024934344858633935,0.002187591612639733
spatial,0.001,oracle_spike_l0.5,2048,16599,0.0009893774986267,16357,7.98681640625,1.0147948890383325,1.0,1.0,1.0147948890383325,16357,944403,941842,57.5803631472764,0.0481434102526959,941842.0,787.4817615033479,0.0027117660574987,0.0001822778627925,0.0023545014464253,0.0030690306685722,221649,4.2608042445488135,0.7630665682884769,0.0035537739041315,oracle_spike_l0.5,oracle_spike,0.001,128,0.5,0.989377498626709,1.1394602092998736,0.1317138671875,f717aefc9fb678b4f1ef5f095a8ce5c37a75947c,-0.0012838540074582294,-0.0004500197479254003,0.0011453623548992597,-0.0004514471270435916,0.0011915700909565362,-0.0027869245053184027,0.0018840302512312195,-0.0007336308614046549,-0.0001927143391116,-0.0001932757046068101,0.0011919031434855646,-0.0025294058658385165,0.0021428544566248963
spatial,0.001,oracle_spike_l1,2048,16599,0.0009893774986267,16368,7.9921875,1.0141129032258065,1.0,1.0,1.0141129032258065,16368,944403,941996,57.55107526881721,0.0471952538603205,941996.0,772.4919151857259,0.0025487000782504,0.0001747312283451,0.0022062268706939,0.002891173285807,221775,4.2583834967872845,0.7631394939814855,0.0033397564905903,oracle_spike_l1,oracle_spike,0.001,128,1.0,0.989377498626709,1.1394602092998736,0.1317138671875,e8d5c5828773752555de9b276387cfd889c678de,-0.0019550342130986165,-0.0006130857271736999,0.0012182880479079117,-0.0006150303213134922,0.0011805465707170832,-0.002928901599918975,0.0016988409572919905,-0.0014051808406646549,-0.0003557803183598996,-0.00035681668542775213,0.0011808886572054042,-0.0026713584535503444,0.00195772508269484
spatial,0.01,fanout_only,2048,164215,0.0097879767417907,141488,69.0859375,1.1606284631912247,1.0,2.0,1.1606284631912247,100000,6607589,6409645,64.09645,0.0574730241544679,9068878.5176,8131.743241567357,0.0299570690610447,0.0002360933663805,0.0294943260629388,0.0304198120591507,1395770,4.734009901344778,0.7619212059335776,0.039317804554788,fanout_only,fanout,0.01,0,0.0,9.787976741790771,9.787976741790771,0.0,e5fa762837e28ede45aa1d1541ffecd3a014e1c2,0.0,0.0,0.0,0.0,0.0,0.0,0.0,0.0002332353273775123,0.0026850441091021,0.002071743728878861,0.0012757869972932951,-0.00042879878581599754,0.004572286243573719
spatial,0.01,local_fanin_w32,2048,164215,0.0097879767417907,141488,69.0859375,1.1606284631912247,1.0,2.0,1.1606284631912247,100000,6607589,6409645,64.09645,0.0574730241544679,9068878.5176,8131.743241567357,0.0299570690610447,0.0002360933663805,0.0294943260629388,0.0304198120591507,1395770,4.734009901344778,0.7619212059335776,0.039317804554788,local_fanin_w32,local_fanin,0.01,32,0.0,9.787976741790771,9.787976741790771,0.0,d4868a311b10e625b0cd32920d0d4455bc7f4fae,0.0,0.0,0.0,0.0,0.0012680753806153851,-0.002485427746006155,0.002485427746006155,0.0002332353273775123,0.0026850441091021,0.002071743728878861,0.0012757869972932951,-0.00042879878581599754,0.004572286243573719
spatial,0.01,local_fanin_w64,2048,164215,0.0097879767417907,141416,69.05078125,1.1612193811167053,1.0,2.0,1.1612193811167053,100000,6609906,6413449,64.13449,0.0576604636791078,9069643.03784,8154.112131644716,0.0297216026975269,0.0002330327288033,0.0292648585490724,0.0301783468459815,1395930,4.735127119554705,0.7615844608217439,0.0390260098866219,local_fanin_w64,local_fanin,0.01,64,0.0,9.787976741790771,9.787976741790771,0.0,5b3f7ace0c301c0cc07f8530fd9f4d2ab47161fc,0.0005091361656388571,-0.00023546636351779934,-0.0003367451118336806,-8.430151958882526e-05,0.00126987407436142,-0.0025732547053372084,0.002404651666159558,0.0007424902415567036,0.0024495777455843006,0.0019876168604345823,0.0012775691726081809,-0.0005164187178774522,0.004491652438746617
spatial,0.01,local_fanin_w128,2048,164215,0.0097879767417907,141365,69.02587890625,1.1616383121706222,1.0,2.0,1.1616383121706222,100000,6615957,6420097,64.20097,0.0579438312977909,9075770.12405,8191.229711412214,0.0296041827357704,0.0002309917043818,0.029151438995182,0.0300569264763589,1396894,4.736191149793757,0.7613721183626895,0.0388826725089874,local_fanin_w128,local_fanin,0.01,128,0.0,9.787976741790771,9.787976741790771,0.0,3a73ce66750b6812cad47688577c327282f53020,0.0008700880698899738,-0.0003528863252743007,-0.0005490875708881182,-0.0007599182673607707,0.0012732021832719154,-0.003255394546573725,0.0017355580118521836,0.001103526332543403,0.002332157783827799,0.0013133998174228445,0.0012808774762252653,-0.0011971200359786756,0.0038239196708243646
spatial,0.01,local_fanin_w256,2048,164215,0.0097879767417907,141361,69.02392578125,1.1616711822921455,1.0,2.0,1.1616711822921455,100000,6612362,6418259,64.18259,0.0579855458899398,9072915.10499,8196.894752547789,0.0293545634676383,0.0002298776244828,0.028904003323652,0.0298051236116246,1396394,4.735312526407303,0.7607865679452972,0.0385844922931775,local_fanin_w256,local_fanin,0.01,256,0.0,9.787976741790771,9.787976741790771,0.0,ef29c15bbfce0116c2a2d7770573f7032dfacfc9,0.0008984090378532095,-0.0006025055934064001,-0.0011346379882803959,-0.00044510325969926434,0.001273446539263094,-0.0029410584766549285,0.0020508519572564,0.0011318539059568256,0.0020825385156956998,0.0016275626090666018,0.001281112902850026,-0.0008834186805194489,0.004138543898652652
spatial,0.01,joint_fanin_l0,2048,164215,0.0097879767417907,141521,69.10205078125,1.1603578267536268,1.0,2.0,1.1603578267536268,100000,6601490,6421454,64.21454,0.058515971897198,9087705.91534,8281.238858863364,0.0272720249519426,0.0002174925364546,0.0268457395804916,0.0276983103233937,1398210,4.721386630048419,0.7629893528488207,0.0357436507470457,joint_fanin_l0,joint_fanin,0.01,128,0.0,9.787976741790771,9.787976741790771,0.0,73d643578d519966e1c6cd1b27c7197cd5995244,-0.0002331809413442798,-0.0026850441091021,0.001068146915243151,-0.00207604476159462,0.0012810896777118673,-0.00458698052990988,0.0004348910067206403,0.0,0.0,0.0,0.0,0.0,0.0
spatial,0.01,joint_fanin_l0.25,2048,164215,0.0097879767417907,141552,69.1171875,1.1601037074714593,1.0,2.0,1.1601037074714593,100000,6601790,6419645,64.19645,0.0583938924241373,9087135.8904,8265.77226042149,0.0275902444640013,0.0002203526614194,0.0271583532476193,0.0280221356803834,1397143,4.725207083312159,0.7639438214779035,0.0361155410755546,joint_fanin_l0.25,joint_fanin,0.01,128,0.25,9.787976741790771,9.787976741790771,0.0,5d3a9593c0a37e4629b01f0586a661f3a936c9ed,-0.0004521306657623292,-0.002366824597043401,0.002022615544325923,-0.00201318969755393,0.0012798350346287426,-0.004521666365426265,0.0004952869703184056,-0.0002190007912287184,0.00031821951205869906,6.272484445590809e-05,0.001287469175884402,-0.0024607147402775195,0.0025861644291893357
spatial,0.01,joint_fanin_l0.5,2048,164215,0.0097879767417907,141541,69.11181640625,1.1601938660882714,1.0,2.0,1.1601938660882714,100000,6609688,6425882,64.25882,0.0585925836005251,9095257.64162,8293.252875401931,0.0278085743230239,0.0002215800493545,0.0273742774262889,0.0282428712197589,1397870,4.7283996365899545,0.7639888638177029,0.0363991880510701,joint_fanin_l0.5,joint_fanin,0.01,128,0.5,9.787976741790771,9.787976741790771,0.0,859e39657eeb668fd05fd4da9684272f50ebcbfa,-0.0003744498060631596,-0.0021484947380208015,0.002067657884125329,-0.002908752605827347,0.0012825577001374158,-0.005422565698096682,-0.00039493951355801206,-0.00014130181360871852,0.0005365493710812984,-0.0008309826869785653,0.0012901828220441335,-0.0033597410181850666,0.001697775644227936
spatial,0.01,joint_fanin_l1,2048,164215,0.0097879767417907,141613,69.14697265625,1.1596039911590037,1.0,2.0,1.1596039911590037,100000,6603887,6420387,64.20387,0.058555310241468,9092102.64231,8292.193149225017,0.027786665641008,0.00022414886463,0.0273473338663331,0.0282259974156829,1396828,4.727773927784953,0.7639824291977315,0.0363708176772955,joint_fanin_l1,joint_fanin,0.01,128,1.0,9.787976741790771,9.787976741790771,0.0,e2517567c3133a612b3dbdb870fa029a2db41b23,-0.0008826873239039523,-0.002170403420036701,0.002061223264153922,-0.002560859610692523,0.0012822556697395342,-0.0050740807233820105,-4.7638498003035965e-05,-0.0006496578703933942,0.0005146406890653987,-0.0004838104369746521,0.0012898767145060601,-0.00301196879740653,0.002044347923457226
spatial,0.01,oracle_spike_l0.25,2048,164215,0.0097879767417907,141581,69.13134765625,1.1598660837259236,1.0,2.0,1.1598660837259236,100000,6609674,6426685,64.26685,0.0586481594497309,9098964.88985,8303.46506305236,0.0276850265232445,0.0002197008674146,0.0272544128231119,0.0281156402233772,1398046,4.727794364420054,0.7636220904793363,0.0362548790408437,oracle_spike_l0.25,oracle_spike,0.01,128,0.25,9.787976741790771,9.787976741790771,0.0,c9e0f48c0c35e29dfe1d8a014616c563cfba604b,-0.0006568678000580253,-0.0022720425378001986,0.001700884545758674,-0.003317540552738807,0.0012836177110920257,-0.005833431266479177,-0.0008016498389984365,-0.0004237856774568227,0.00041300157130190127,-0.0012389237300245437,0.0012912405570627604,-0.003769755221867554,0.0012919077618184665
spatial,0.01,oracle_spike_l0.5,2048,164215,0.0097879767417907,141581,69.13134765625,1.1598660837259236,1.0,2.0,1.1598660837259236,100000,6609674,6426685,64.26685,0.0586481594497309,9098964.88985,8303.46506305236,0.0276850265232445,0.0002197008674146,0.0272544128231119,0.0281156402233772,1398046,4.727794364420054,0.7636220904793363,0.0362548790408437,oracle_spike_l0.5,oracle_spike,0.01,128,0.5,9.787976741790771,9.787976741790771,0.0,c9e0f48c0c35e29dfe1d8a014616c563cfba604b,-0.0006568678000580253,-0.0022720425378001986,0.001700884545758674,-0.003317540552738807,0.0012836177110920257,-0.005833431266479177,-0.0008016498389984365,-0.0004237856774568227,0.00041300157130190127,-0.0012389237300245437,0.0012912405570627604,-0.003769755221867554,0.0012919077618184665
spatial,0.01,oracle_spike_l1,2048,164215,0.0097879767417907,141581,69.13134765625,1.1598660837259236,1.0,2.0,1.1598660837259236,100000,6609674,6426685,64.26685,0.0586481594497309,9098964.88985,8303.46506305236,0.0276850265232445,0.0002197008674146,0.0272544128231119,0.0281156402233772,1398046,4.727794364420054,0.7636220904793363,0.0362548790408437,oracle_spike_l1,oracle_spike,0.01,128,1.0,9.787976741790771,9.787976741790771,0.0,323f32486f89e9a13ce793321432fdc409cf23b3,-0.0006568678000580253,-0.0022720425378001986,0.001700884545758674,-0.003317540552738807,0.0012836177110920257,-0.005833431266479177,-0.0008016498389984365,-0.0004237856774568227,0.00041300157130190127,-0.0012389237300245437,0.0012912405570627604,-0.003769755221867554,0.0012919077618184665
spatial,0.05,fanout_only,2048,783712,0.0467128753662109,410246,200.3154296875,1.910346475041804,2.0,3.0,1.910346475041804,100000,10892075,9473960,94.7396,0.1240413188453259,38866541.9416,50887.45489101957,0.1301969551256303,0.0003760764013964,0.1294598453788932,0.1309340648723674,1563961,6.964415992470401,0.7619212059335776,0.1708798155395882,fanout_only,fanout,0.05,0,0.0,46.71287536621094,46.71287536621094,0.0,e5fa762837e28ede45aa1d1541ffecd3a014e1c2,0.0,0.0,0.0,0.0,0.0,0.0,0.0,0.0008360837156242695,0.009736593939348281,0.009658804366187046,0.0018496338059793796,0.006033522106467462,0.013284086625906629
spatial,0.05,local_fanin_w32,2048,783712,0.0467128753662109,410246,200.3154296875,1.910346475041804,2.0,3.0,1.910346475041804,100000,10892075,9473960,94.7396,0.1240413188453259,38866541.9416,50887.45489101957,0.1301969551256303,0.0003760764013964,0.1294598453788932,0.1309340648723674,1563961,6.964415992470401,0.7619212059335776,0.1708798155395882,local_fanin_w32,local_fanin,0.05,32,0.0,46.71287536621094,46.71287536621094,0.0,d4868a311b10e625b0cd32920d0d4455bc7f4fae,0.0,0.0,0.0,0.0,0.0018516113157085873,-0.003629158178788831,0.003629158178788831,0.0008360837156242695,0.009736593939348281,0.009658804366187046,0.0018496338059793796,0.006033522106467462,0.013284086625906629
spatial,0.05,local_fanin_w64,2048,783712,0.0467128753662109,410130,200.2587890625,1.9108867919927828,2.0,3.0,1.9108867919927828,100000,10913331,9500913,95.00913,0.1245980694602453,38966094.4869,51101.406227730426,0.1294213471578934,0.0003774425097208,0.1286815598388405,0.1301611344769463,1564344,6.976298691336432,0.7615844608217439,0.1699369588216765,local_fanin_w64,local_fanin,0.05,64,0.0,46.71287536621094,46.71287536621094,0.0,5b3f7ace0c301c0cc07f8530fd9f4d2ab47161fc,0.0002828371491967463,-0.0007756079677368743,-0.0003367451118336806,-0.0025613944623523732,0.0018578757514004782,-0.006202830935097311,0.0010800420103925642,0.0011191573403557253,0.008960985971611407,0.007122149911851228,0.001855865528431709,0.0034846534761250785,0.010759646347577378
spatial,0.05,local_fanin_w128,2048,783712,0.0467128753662109,410321,200.35205078125,1.9099972948009,2.0,3.0,1.9099972948009,100000,10876940,9482914,94.82914,0.1251178532959071,38910387.55394,51338.4826822299,0.1281634356721651,0.0003760170465222,0.1274264422609816,0.1289004290833486,1564517,6.952267057500813,0.7613721183626895,0.1683321894526125,local_fanin_w128,local_fanin,0.05,128,0.0,46.71287536621094,46.71287536621094,0.0,3a73ce66750b6812cad47688577c327282f53020,-0.00018278372298730083,-0.0020335194534651935,-0.0005490875708881182,-0.0011281068535986538,0.0018608751417302674,-0.004775422131389978,0.0025192084241926704,0.0006531471701427538,0.007703074485883088,0.008541593675991499,0.0018587652226796738,0.004898413839539338,0.01218477351244366
spatial,0.05,local_fanin_w256,2048,783712,0.0467128753662109,410455,200.41748046875,1.9093737437721552,2.0,3.0,1.9093737437721552,100000,10863416,9479296,94.79296,0.1250671506124035,38908244.3968,51334.43730461408,0.1274111200381169,0.0003760301233349,0.1266741009963805,0.1281481390798533,1564282,6.944665987334765,0.7607865679452972,0.1674728832058956,local_fanin_w256,local_fanin,0.05,256,0.0,46.71287536621094,46.71287536621094,0.0,ef29c15bbfce0116c2a2d7770573f7032dfacfc9,-0.0005091910197220217,-0.0027858350875133997,-0.0011346379882803959,-0.0010729654123244892,0.00186075040738851,-0.0047200362108059685,0.0025741053861569906,0.0003264669695826061,0.006950758851834882,0.008596202516871876,0.0018586410073172816,0.004953266142530004,0.012239138891213749
spatial,0.05,joint_fanin_l0,2048,783712,0.0467128753662109,410589,200.48291015625,1.9087505997481664,2.0,3.0,1.9087505997481664,100000,10867467,9558368,95.58368,0.1273083950525279,39245607.58752,52271.42661622237,0.120460361186282,0.0003611613485868,0.1197524849430516,0.1211682374295123,1574313,6.902990066143137,0.7629893528488207,0.157879478575306,joint_fanin_l0,joint_fanin,0.05,128,0.0,46.71287536621094,46.71287536621094,0.0,73d643578d519966e1c6cd1b27c7197cd5995244,-0.0008353852636091563,-0.009736593939348281,0.001068146915243151,-0.009753006750371052,0.001885888727247694,-0.013449348655776532,-0.006056664844965571,0.0,0.0,0.0,0.0,0.0,0.0
spatial,0.05,joint_fanin_l0.25,2048,783712,0.0467128753662109,410671,200.52294921875,1.9083694733740637,2.0,3.0,1.9083694733740637,100000,10849325,9533177,95.33177,0.1272130017653431,39149993.31767,52242.690647975214,0.1213115101630746,0.0003666836672248,0.120592810175314,0.1220302101508352,1571549,6.903586843299191,0.7639438214779035,0.1587963757968339,joint_fanin_l0.25,joint_fanin,0.05,128,0.25,46.71287536621094,46.71287536621094,0.0,5d3a9593c0a37e4629b01f0586a661f3a936c9ed,-0.001034891677279104,-0.00888544496255568,0.002022615544325923,-0.007292940454952435,0.0018831043538603362,-0.010983824988518694,-0.0036020559213861755,-0.00019967321773362023,0.0008511489767926012,0.002436304996343175,0.001880786897752445,-0.0012500373232516172,0.006122647315937967
spatial,0.05,joint_fanin_l0.5,2048,783712,0.0467128753662109,410768,200.5703125,1.9079188252249448,2.0,3.0,1.9079188252249448,100000,10837377,9522467,95.22467,0.1270145726321495,39115247.24656,52173.521970962815,0.12133101948931,0.0003690413487927,0.1206076984456761,0.1220543405329439,1570221,6.901816368523921,0.7639888638177029,0.1588125498099682,joint_fanin_l0.5,joint_fanin,0.05,128,0.5,46.71287536621094,46.71287536621094,0.0,859e39657eeb668fd05fd4da9684272f50ebcbfa,-0.0012707903244650876,-0.008865935636320293,0.002067657884125329,-0.0063989563397148785,0.001881014342443914,-0.01008574445090495,-0.002712168228524807,-0.00043576909593701085,0.000870658303027988,0.003321654293905185,0.0018787064877249817,-0.00036061042203577864,0.007003919009846149
spatial,0.05,joint_fanin_l1,2048,783712,0.0467128753662109,410557,200.46728515625,1.908899373290432,2.0,3.0,1.908899373290432,100000,10855152,9532613,95.32613,0.1267608022033655,39136809.95441,52042.534670207126,0.1218351433494436,0.0003681805189126,0.1211135095323748,0.1225567771665125,1571367,6.90809467170941,0.7639824291977315,0.1594737505643741,joint_fanin_l1,joint_fanin,0.05,128,1.0,46.71287536621094,46.71287536621094,0.0,e2517567c3133a612b3dbdb870fa029a2db41b23,-0.0007575074837354867,-0.008361811776186681,0.002061223264153922,-0.006953744771430959,0.00187912026833289,-0.010636820497363423,-0.003270669045498494,7.794289221707551e-05,0.0013747821631616003,0.0027722244551158237,0.0018768639943594128,-0.0009064289738286253,0.006450877884060273
spatial,0.05,oracle_spike_l0.25,2048,783712,0.0467128753662109,410516,200.447265625,1.9090900232877648,2.0,3.0,1.9090900232877648,100000,10855097,9541230,95.4123,0.1273202536581274,39168275.7468,52267.00125071984,0.1210368732771342,0.0003663444523652,0.1203188381504982,0.1217549084037701,1572393,6.903552101796434,0.7637357687654966,0.1584800375040419,oracle_spike_l0.25,oracle_spike,0.05,128,0.25,46.71287536621094,46.71287536621094,0.0,6b1a768fc57d47be712ab5f73183fa4df865f9f0,-0.0006577088347347049,-0.009160081848496093,0.0018145628319190532,-0.007763330364028098,0.0018839821561230639,-0.011455935390029303,-0.004070725338026894,0.00017782498124341295,0.0005765120908521881,0.0019704584913751155,0.0018816636462243499,-0.00171760225522461,0.005658519237974841
spatial,0.05,oracle_spike_l0.5,2048,783712,0.0467128753662109,410516,200.447265625,1.9090900232877648,2.0,3.0,1.9090900232877648,100000,10855097,9541230,95.4123,0.1273202536581274,39168275.7468,52267.00125071984,0.1210368732771342,0.0003663444523652,0.1203188381504982,0.1217549084037701,1572393,6.903552101796434,0.7637357687654966,0.1584800375040419,oracle_spike_l0.5,oracle_spike,0.05,128,0.5,46.71287536621094,46.71287536621094,0.0,6b1a768fc57d47be712ab5f73183fa4df865f9f0,-0.0006577088347347049,-0.009160081848496093,0.0018145628319190532,-0.007763330364028098,0.0018839821561230639,-0.011455935390029303,-0.004070725338026894,0.00017782498124341295,0.0005765120908521881,0.0019704584913751155,0.0018816636462243499,-0.00171760225522461,0.005658519237974841
spatial,0.05,oracle_spike_l1,2048,783712,0.0467128753662109,410516,200.447265625,1.9090900232877648,2.0,3.0,1.9090900232877648,100000,10855097,9541230,95.4123,0.1273202536581274,39168275.7468,52267.00125071984,0.1210368732771342,0.0003663444523652,0.1203188381504982,0.1217549084037701,1572393,6.903552101796434,0.7637357687654966,0.1584800375040419,oracle_spike_l1,oracle_spike,0.05,128,1.0,46.71287536621094,46.71287536621094,0.0,6b1a768fc57d47be712ab5f73183fa4df865f9f0,-0.0006577088347347049,-0.009160081848496093,0.0018145628319190532,-0.007763330364028098,0.0018839821561230639,-0.011455935390029303,-0.004070725338026894,0.00017782498124341295,0.0005765120908521881,0.0019704584913751155,0.0018816636462243499,-0.00171760225522461,0.005658519237974841
flybrain,0.0005,fanout_only,2048,141026,0.0004966881726101,139992,68.35546875,1.0073861363506489,1.0,1.0,1.0073861363506489,100000,11119634,11116512,111.68220862593807,0.6500740870974514,15634615.749962324,91005.1716009464,0.0002807646366778,5.092133958973893e-05,0.0001809588110819,0.0003805704622736,10586452,1.0503645602889429,0.225195853984198,0.0012467575743979,fanout_only,fanout,0.0005,0,0.0,0.4966881726101602,0.7782237643246236,0.3617668909902697,9ddaa613be256dd3d9ea1c78d5f2d14a63039eb2,0.0,0.0,0.0,0.0,0.0,0.0,0.0,0.0002071546945541236,-0.00010078007019869996,-0.0026942894656696303,0.008117148803102383,-0.0186039011197503,0.013215322188411038
flybrain,0.0005,local_fanin_w32,2048,141026,0.0004966881726101,139992,68.35546875,1.0073861363506489,1.0,1.0,1.0073861363506489,100000,11119634,11116512,111.68220862593807,0.6500740870974514,15634615.749962324,91005.1716009464,0.0002807646366778,5.092133958973893e-05,0.0001809588110819,0.0003805704622736,10586452,1.0503645602889429,0.225195853984198,0.0012467575743979,local_fanin_w32,local_fanin,0.0005,32,0.0,0.4966881726101602,0.7782237643246236,0.3617668909902697,a4fe6a213fcfd9677d9484e3e9f54300acd931dc,0.0,0.0,0.0,0.0,0.008231781962691304,-0.016134292646874954,0.016134292646874954,0.0002071546945541236,-0.00010078007019869996,-0.0026942894656696303,0.008117148803102383,-0.0186039011197503,0.013215322188411038
flybrain,0.0005,local_fanin_w64,2048,141026,0.0004966881726101,139973,68.34619140625,1.0075228794124582,1.0,1.0,1.0075228794124582,100000,11133191,11131440,111.84117191974198,0.6382303851136747,15654744.357122043,89335.02169551639,0.0001572774598046,2.071185773012377e-05,0.0001166822186536,0.0001978727009556,10607689,1.0495397253822203,0.1897037652374774,0.0008290687304375,local_fanin_w64,local_fanin,0.0005,64,0.0,0.4966881726101602,0.7782237643246236,0.3617668909902697,ca1351529f6c4c4ffff9c6353dc63ad48920d65f,0.00013574046423214803,-0.0001234871768732,-0.03549208874672061,-0.0012874385582368753,0.0081619453466466,-0.01728485143766421,0.01470997432119046,0.0003429232780607361,-0.00022426724707189997,-0.003985196756051801,0.008045574797564499,-0.019754523359278218,0.011784129847174616
flybrain,0.0005,local_fanin_w128,2048,141026,0.0004966881726101,139971,68.34521484375,1.0075372755785126,1.0,1.0,1.0075372755785126,100000,11043251,11041380,110.9407686510927,0.634697308454306,15528490.328862095,88839.21696165767,0.0001694247463903,4.846520431159661e-05,7.443294593963818e-05,0.000264416546841,10531462,1.048596196805344,0.1607420973108703,0.0010540160245807,local_fanin_w128,local_fanin,0.0005,128,0.0,0.4966881726101602,0.7782237643246236,0.3617668909902697,f9fbc79b5c7e918361c07fff145d310fd36bf834,0.0001500310778657088,-0.00011133989028750001,-0.0644537566733277,0.006787849653451472,0.008106186711356846,-0.009100276300807945,0.02267597560771089,0.0003572168520620256,-0.00021211996048619997,0.004111848619597569,0.007990955166040987,-0.011550423505842768,0.019774120745037906
flybrain,0.0005,local_fanin_w256,2048,141026,0.0004966881726101,139956,68.337890625,1.007645259938838,1.0,1.0,1.007645259938838,100000,11134866,11133131,111.8334421552772,0.6511450021636461,15651761.230283976,91131.64992281524,0.0001558168728748,4.401619902429326e-05,6.954512278718848e-05,0.0002420886229624,10603826,1.0500800371488554,0.1401331422119942,0.0011119202097037,local_fanin_w256,local_fanin,0.0005,256,0.0,0.4966881726101602,0.7782237643246236,0.3617668909902697,223316368f79da3e5d197eba0bb22edf05b9b7d3,0.00025722369887648533,-0.00012494776380300002,-0.08506271177220381,-0.0010966358621056216,0.00824201591984881,-0.01725098706500929,0.015057715340798045,0.0004644316785273883,-0.00022572783400169998,-0.003793879982226356,0.008127280690707553,-0.01972335013601316,0.012135590171560448
flybrain,0.0005,joint_fanin_l0,2048,141026,0.0004966881726101,140021,68.36962890625,1.0071774948043508,1.0,1.0,1.0071774948043508,100000,11089133,11084902,111.35904442345944,0.6265208096349741,15592604.759217214,87726.07028589872,0.0003815447068765,6.66616038571612e-05,0.0002508879633165,0.0005122014504366,10575779,1.0485405377703143,0.301580514634823,0.0012651503938793,joint_fanin_l0,joint_fanin,0.0005,128,0.0,0.4966881726101602,0.7782237643246236,0.3617668909902697,db1d92b71c48709b5cb2149a0f0148b12a11c98d,-0.00020711179037458116,0.00010078007019869996,0.07638466065062499,0.0026870497757651712,0.008073585045093968,-0.013137176912619005,0.018511276464149348,0.0,0.0,0.0,0.0,0.0,0.0
flybrain,0.0005,joint_fanin_l0.25,2048,141026,0.0004966881726101,140023,68.37060546875,1.0071631089178206,1.0,1.0,1.0071631089178206,100000,11155402,11151706,112.06055368537406,0.658802288731937,15691054.908687131,92247.472875112,0.0003313193016262,6.449535353746196e-05,0.0002049084086927,0.0004577301945596,10615212,1.0508882912559825,0.3018454897543947,0.0010976453611939,joint_fanin_l0.25,joint_fanin,0.0005,128,0.25,0.4966881726101602,0.7782237643246236,0.3617668909902697,7b21dfdc2935ea132dffa67b8a249dc9dd919452,-0.00022139219985317649,5.055466494839996e-05,0.07664963577019668,-0.0036098846065304446,0.008302928269564677,-0.019883624014877213,0.012663854801816324,-1.428336773257044e-05,-5.022540525029999e-05,-0.006313900146267759,0.008188689521025605,-0.022363731607477944,0.009735931314942426
flybrain,0.0005,joint_fanin_l0.5,2048,141026,0.0004966881726101,140023,68.37060546875,1.0071631089178206,1.0,1.0,1.0071631089178206,100000,11133075,11129351,111.83703800470286,0.6436031462085954,15659757.572532509,90119.24334156617,0.0003344987795375,6.469458764117736e-05,0.0002076973877607,0.0004613001713142,10605762,1.0497194826736636,0.3019969609030172,0.0011076229990437,joint_fanin_l0.5,joint_fanin,0.0005,128,0.5,0.4966881726101602,0.7782237643246236,0.3617668909902697,9a0aca7cf86e68aa757b03179645385876c3317d,-0.00022139219985317649,5.373414285969998e-05,0.0768011069188192,-0.0016080870148820203,0.00819846572599648,-0.017677079837835123,0.014460905808071082,-1.428336773257044e-05,-4.704592733899998e-05,-0.004306709132455788,0.008082731454136157,-0.020148862782562654,0.011535444517651077
flybrain,0.0005,joint_fanin_l1,2048,141026,0.0004966881726101,140020,68.369140625,1.0071846879017283,1.0,1.0,1.0071846879017283,100000,11035841,11031655,110.85419283525096,0.6160106700131572,15521804.08079184,86253.81401524227,0.0003793095605491,6.650891153313887e-05,0.0002489520939441,0.000509667027154,10533865,1.047653544069532,0.3020338016548256,0.0012558513599169,joint_fanin_l1,joint_fanin,0.0005,128,1.0,0.4966881726101602,0.7782237643246236,0.3617668909902697,aaf31ebdddf6532a8d10bdef599077844ba3eed2,-0.00019997143265271244,9.854492387129999e-05,0.07683794767062757,0.007215506346598621,0.007989340710715307,-0.008443601446403382,0.022874614139600624,7.141836880331098e-06,-2.2351463273999664e-06,0.0045406575436680585,0.007871875304073673,-0.01088821805231634,0.019969533139652457
flybrain,0.0005,oracle_spike_l0.25,2048,141026,0.0004966881726101,140023,68.37060546875,1.0071631089178206,1.0,1.0,1.0071631089178206,100000,11187192,11183017,112.35599606156812,0.6624080285792588,15732423.636528956,92752.35938575356,0.0003731946318611,6.525281436159188e-05,0.0002452991157124,0.0005010901480098,10641804,1.051249581367971,0.3016076151159195,0.0012373514896754,oracle_spike_l0.25,oracle_spike,0.0005,128,0.25,0.4966881726101602,0.7782237643246236,0.3617668909902697,24862a468c4b5174edb928c91a428f83e66cada1,-0.00022139219985317649,9.242999518329996e-05,0.07641176113172149,-0.006255854837165842,0.008336720647435004,-0.02259582730613845,0.010084117631806767,-1.428336773257044e-05,-8.350075015399992e-06,-0.008966999386622154,0.008222411583934289,-0.02508292609113336,0.007148927317889051
flybrain,0.0005,oracle_spike_l0.5,2048,141026,0.0004966881726101,140022,68.3701171875,1.0071703018097156,1.0,1.0,1.0071703018097156,100000,11168130,11164033,112.1765338317156,0.6642100611383737,15707182.62018448,93004.02118071736,0.0003668474489462,6.523478421939462e-05,0.0002389872718762,0.0004947076260162,10621972,1.0514177593388496,0.3016731465971038,0.0012160427704099,oracle_spike_l0.5,oracle_spike,0.0005,128,0.5,0.4966881726101602,0.7782237643246236,0.3617668909902697,f4b8b5a31127516be8737586bc64863ad86d88d6,-0.00021425204610736603,8.608281226839997e-05,0.07647729261290581,-0.004641423325183469,0.008341592238030715,-0.02099094411172367,0.011708097461356731,-7.1417348703750605e-06,-1.4697257930299987e-05,-0.007348218128823802,0.008227819387489252,-0.023474744128302735,0.00877830787065513
flybrain,0.0005,oracle_spike_l1,2048,141026,0.0004966881726101,140021,68.36962890625,1.0071774948043508,1.0,1.0,1.0071774948043508,100000,11147975,11143913,111.95636842211016,0.660855519227663,15676242.662832284,92533.6506577766,0.0003643711077572,6.839068870053932e-05,0.0002303253579041,0.0004984168576102,10602822,1.051415840047112,0.301676128312628,0.0012078221428896,oracle_spike_l1,oracle_spike,0.0005,128,1.0,0.4966881726101602,0.7782237643246236,0.3617668909902697,bb2430ea28acf814e9cb0882020084a518ca5124,-0.00020711179037458116,8.36064710794e-05,0.07648027432843002,-0.002662483909785962,0.00831207252687983,-0.01895414606247043,0.013629178242898506,0.0,-1.7173599119299954e-05,-0.005363946877806169,0.008198270850056921,-0.021432557743917734,0.010704663988305396
flybrain,0.001,fanout_only,2048,283887,0.0009998391449646,279456,136.453125,1.015855805565098,1.0,1.0,1.015855805565098,100000,12173801,12167948,122.2405641896304,1.0760268909776096,34160859.10617735,300702.1708450389,0.0004807865678106,4.7640602627361984e-05,0.000387410986661,0.0005741621489603,11133456,1.0934431321235742,0.225195853984198,0.002134970779011,fanout_only,fanout,0.001,0,0.0,0.9998391449646205,1.148801604637334,0.1296676981224619,9ddaa613be256dd3d9ea1c78d5f2d14a63039eb2,0.0,0.0,0.0,0.0,0.0,0.0,0.0,0.000572540936677246,-0.00021735992475940005,-0.00041579500195276786,0.012381572345578564,-0.024683676799286753,0.023852086795381217
flybrain,0.001,local_fanin_w32,2048,283887,0.0009998391449646,279456,136.453125,1.015855805565098,1.0,1.0,1.015855805565098,100000,12173801,12167948,122.2405641896304,1.0760268909776096,34160859.10617735,300702.1708450389,0.0004807865678106,4.7640602627361984e-05,0.000387410986661,0.0005741621489603,11133456,1.0934431321235742,0.225195853984198,0.002134970779011,local_fanin_w32,local_fanin,0.001,32,0.0,0.9998391449646205,1.148801604637334,0.1296676981224619,a4fe6a213fcfd9677d9484e3e9f54300acd931dc,0.0,0.0,0.0,0.0,0.012448664915666178,-0.02439938323470571,0.02439938323470571,0.000572540936677246,-0.00021735992475940005,-0.00041579500195276786,0.012381572345578564,-0.024683676799286753,0.023852086795381217
flybrain,0.001,local_fanin_w64,2048,283887,0.0009998391449646,279600,136.5234375,1.0153326180257511,1.0,1.0,1.0153326180257511,100000,12043043,12037257,120.94828383103572,1.0475907506038211,33817140.15915759,292906.37386882846,0.0004804433563843,0.0001713113542206,0.0001446731021118,0.0008162136106567,11047054,1.0901587880352537,0.1897037652374774,0.0025325978943162,local_fanin_w64,local_fanin,0.001,64,0.0,0.9998391449646205,1.148801604637334,0.1296676981224619,ca1351529f6c4c4ffff9c6353dc63ad48920d65f,-0.0005150214592274382,-3.4321142630000393e-07,-0.03549208874672061,0.010061777016538986,0.012225068081949949,-0.013899356424082913,0.03402291045716088,5.722460658130757e-05,-0.00021770313618570006,0.009650165651180598,0.01215803079688301,-0.014179574710710099,0.0334799060130713
flybrain,0.001,local_fanin_w128,2048,283887,0.0009998391449646,279691,136.56787109375,1.0150022703626502,1.0,1.0,1.0150022703626502,100000,12190787,12185941,122.38566837400823,1.1063904923560206,34230169.97319473,309447.46319754777,0.0003975133024636,0.0001671655967692,6.986873279580201e-05,0.0007251578721314,11112955,1.0969887847111772,0.1607420973108703,0.0024729881537805,local_fanin_w128,local_fanin,0.001,128,0.0,0.9998391449646205,1.148801604637334,0.1296676981224619,f9fbc79b5c7e918361c07fff145d310fd36bf834,-0.0008402129492904864,-8.327326534699999e-05,-0.0644537566733277,-0.0020289556185326685,0.012643436899973243,-0.026810091942480224,0.022752180705414887,-0.00026815306892213897,-0.00030063319010640004,-0.0024455942500907213,0.012577255130431154,-0.027097014305735783,0.02220582580555434
flybrain,0.001,local_fanin_w256,2048,283887,0.0009998391449646,279567,136.50732421875,1.0154524675659145,1.0,1.0,1.0154524675659145,100000,12048259,12045372,121.00550510327092,1.0421845702480672,33829146.045206144,291360.4137505414,0.0002396196828106,2.948283897188815e-05,0.0001818333184257,0.0002974060471955,11058234,1.089528309854901,0.1401331422119942,0.0017099429801417,local_fanin_w256,local_fanin,0.001,256,0.0,0.9998391449646205,1.148801604637334,0.1296676981224619,223316368f79da3e5d197eba0bb22edf05b9b7d3,-0.0003970425694019841,-0.000241166885,-0.08506271177220381,0.009710325490942417,0.012195580995891363,-0.014193013261004653,0.03361366424288949,0.00017527104415071548,-0.00045852680975940006,0.009298567993796247,0.012128304540036565,-0.014472908904675421,0.03307004489226792
flybrain,0.001,joint_fanin_l0,2048,283887,0.0009998391449646,279616,136.53125,1.01527451934081,1.0,1.0,1.01527451934081,100000,12166501,12158007,122.11983969143614,1.0624517193840826,34146661.09516061,297078.49996729963,0.00069814649257,5.8221381120712033e-05,0.0005840325855734,0.0008122603995666,11140986,1.092048854562783,0.301580514634823,0.0023149588872325,joint_fanin_l0,joint_fanin,0.001,128,0.0,0.9998391449646205,1.148801604637334,0.1296676981224619,db1d92b71c48709b5cb2149a0f0148b12a11c98d,-0.0005722133211264468,0.00021735992475940005,0.07638466065062499,0.00041562218832413844,0.012371282372007374,-0.023832091260810314,0.02466333563745859,0.0,0.0,0.0,0.0,0.0,0.0
flybrain,0.001,joint_fanin_l0.25,2048,283887,0.0009998391449646,279609,136.52783203125,1.0152999366973166,1.0,1.0,1.0152999366973166,100000,12157931,12148042,122.02219856161356,1.0676594954144891,34118504.91761421,298527.20385335,0.0008133785263298,0.0001723630384415,0.0004755469709843,0.0011512100816754,11125092,1.092838692929461,0.3018454897543947,0.0026946850423099,joint_fanin_l0.25,joint_fanin,0.001,128,0.25,0.9998391449646205,1.148801604637334,0.1296676981224619,7b21dfdc2935ea132dffa67b8a249dc9dd919452,-0.0005471926869307087,0.00033259195851919997,0.07664963577019668,0.001239845532909567,0.012395983480826085,-0.02305628208950956,0.025535973155328694,2.5034959532987955e-05,0.00011523203375979991,0.0008245660525325604,0.012328740455302079,-0.023339765239859513,0.024988897344924633
flybrain,0.001,joint_fanin_l0.5,2048,283887,0.0009998391449646,279607,136.52685546875,1.0153071990329283,1.0,1.0,1.0153071990329283,100000,12010980,12003144,120.56796745517552,1.019809466167044,33711647.67623927,285145.8654065687,0.0006524030512081,5.486802545103563e-05,0.0005448617213241,0.0007599443810922,11044369,1.0875207085167111,0.3019969609030172,0.0021602967435744,joint_fanin_l0.5,joint_fanin,0.001,128,0.5,0.9998391449646205,1.148801604637334,0.1296676981224619,9a0aca7cf86e68aa757b03179645385876c3317d,-0.0005400437041991335,0.0001716164833975,0.0768011069188192,0.013149886791250287,0.012047204539148362,-0.010462634105480501,0.03676240768798107,3.2188035349989264e-05,-4.574344136190004e-05,0.012739559446501625,0.011979479378204802,-0.010740220134779786,0.036219339027783036
flybrain,0.001,joint_fanin_l1,2048,283887,0.0009998391449646,279610,136.5283203125,1.0152963055684705,1.0,1.0,1.0152963055684705,100000,12139215,12127376,121.8256301043728,1.071646239265749,34063664.43348368,299643.00496109616,0.0009752689939176,0.00023941943647,0.0005060068984364,0.0014445310893988,11105984,1.0930337194795166,0.3020338016548256,0.0032290061197594,joint_fanin_l1,joint_fanin,0.001,128,1.0,0.9998391449646205,1.148801604637334,0.1296676981224619,aaf31ebdddf6532a8d10bdef599077844ba3eed2,-0.0005507671399448411,0.000494482426107,0.07683794767062757,0.002845205748238766,0.01240903210426654,-0.02147649717612365,0.027166908672601183,2.1458459998235924e-05,0.0002771225013475999,0.002430593768615652,0.012342104060548462,-0.021759930190059333,0.026621117727290637
flybrain,0.001,oracle_spike_l0.25,2048,283887,0.0009998391449646,279616,136.53125,1.01527451934081,1.0,1.0,1.01527451934081,100000,12077045,12069485,121.2172965481224,1.0526046753168046,33894295.59159979,294325.10889338364,0.0006259809415299,5.7413659127016605e-05,0.000513450169641,0.0007385117134189,11074066,1.0905700760678148,0.3015763402330893,0.0020756964589668,oracle_spike_l0.25,oracle_spike,0.001,128,0.25,0.9998391449646205,1.148801604637334,0.1296676981224619,b945b17f33f3fbb4cff1b09641bb8578dc1a7465,-0.0005722133211264468,0.0001451943737193,0.07638048624889132,0.007803185328244755,0.012268378098573536,-0.016242835744959376,0.031849206401448886,0.0,-7.216555104010006e-05,0.0073906348517508436,0.01220128565532089,-0.016523885032678102,0.031305154736179786
flybrain,0.001,oracle_spike_l0.5,2048,283887,0.0009998391449646,279616,136.53125,1.01527451934081,1.0,1.0,1.01527451934081,100000,12077045,12069485,121.2172965481224,1.0526046753168046,33894295.59159979,294325.10889338364,0.0006259809415299,5.7413659127016605e-05,0.000513450169641,0.0007385117134189,11074066,1.0905700760678148,0.3015696479382463,0.0020757425218673,oracle_spike_l0.5,oracle_spike,0.001,128,0.5,0.9998391449646205,1.148801604637334,0.1296676981224619,1bf601d28509acfda4fa0b14fc8e3a4743c8a37b,-0.0005722133211264468,0.0001451943737193,0.07637379395404831,0.007803185328244755,0.012268378098573536,-0.016242835744959376,0.031849206401448886,0.0,-7.216555104010006e-05,0.0073906348517508436,0.01220128565532089,-0.016523885032678102,0.031305154736179786
flybrain,0.001,oracle_spike_l1,2048,283887,0.0009998391449646,279617,136.53173828125,1.0152708883937671,1.0,1.0,1.0152708883937671,100000,12182807,12175403,122.27737717430604,1.0767840444122758,34190833.37334793,301087.1241464273,0.0006077417133835,5.4660487289604136e-05,0.0005006071582958,0.0007148762684711,11141339,1.093477812675837,0.301567858908932,0.0020152734962615,oracle_spike_l1,oracle_spike,0.001,128,1.0,0.9998391449646205,1.148801604637334,0.1296676981224619,43ac96a33695c751166aaf2e2dd0c5ea588b8b88,-0.0005757875951749591,0.00012695514557290003,0.076372004924734,-0.0008774447702679655,0.01246209494987865,-0.025303150872030118,0.023548261331494187,-3.576320466658345e-06,-9.040477918650003e-05,-0.0012936046093707798,0.012394959188229826,-0.02558772461830124,0.02300051539955968
flybrain,0.002,fanout_only,2048,562458,0.0019809555414601,545429,266.32275390625,1.031221295530674,1.0,1.0,1.031221295530674,100000,12713189,12699041,127.57213895362857,1.2147724146978325,69581544.17733867,662572.103376224,0.0011128600385001,0.0002180424475558,0.0006854968412907,0.0015402232357096,11433951,1.111880661374183,0.225195853984198,0.0049417430152967,fanout_only,fanout,0.002,0,0.0,1.9809555414601951,2.0219222212508283,0.0202612540482837,9ddaa613be256dd3d9ea1c78d5f2d14a63039eb2,0.0,0.0,0.0,0.0,0.0,0.0,0.0,0.0004950231835858521,-0.0008615458804340998,0.002425970140323863,0.013345253155653838,-0.02373072604475766,0.028582666325405386
flybrain,0.002,local_fanin_w32,2048,562458,0.0019809555414601,545429,266.32275390625,1.031221295530674,1.0,1.0,1.031221295530674,100000,12713189,12699041,127.57213895362857,1.2147724146978325,69581544.17733867,662572.103376224,0.0011128600385001,0.0002180424475558,0.0006854968412907,0.0015402232357096,11433951,1.111880661374183,0.225195853984198,0.0049417430152967,local_fanin_w32,local_fanin,0.002,32,0.0,1.9809555414601951,2.0219222212508283,0.0202612540482837,a4fe6a213fcfd9677d9484e3e9f54300acd931dc,0.0,0.0,0.0,0.0,0.013466479735727002,-0.026394300282024923,0.026394300282024923,0.0004950231835858521,-0.0008615458804340998,0.002425970140323863,0.013345253155653838,-0.02373072604475766,0.028582666325405386
flybrain,0.002,local_fanin_w64,2048,562458,0.0019809555414601,545424,266.3203125,1.0312307489219397,1.0,1.0,1.0312307489219397,100000,12818581,12803448,128.64683895341827,1.2495130972779738,70167073.4893292,681514.4315697416,0.0011805518879195,0.000295844728533,0.0006006962199947,0.0017604075558443,11489353,1.1156921542927614,0.1897037652374774,0.0062231336654899,local_fanin_w64,local_fanin,0.002,64,0.0,1.9809555414601951,2.0219222212508283,0.0202612540482837,ca1351529f6c4c4ffff9c6353dc63ad48920d65f,9.167180028635258e-06,6.769184941939998e-05,-0.03549208874672061,-0.008415008877903363,0.013716309789545396,-0.03529897606541234,0.018468958309605613,0.0005041949015811564,-0.0007938540310146998,-0.005968624177311144,0.013594626497783925,-0.03261409211296763,0.02067684375834535
flybrain,0.002,local_fanin_w128,2048,562458,0.0019809555414601,545553,266.38330078125,1.030986906863311,1.0,1.0,1.030986906863311,100000,12800825,12786961,128.49796504909006,1.229313656685154,70102450.32642622,670655.7533455559,0.0010830551937082,0.0003149997198633,0.0004656557427761,0.0017004546446402,11496266,1.113476758453571,0.1607420973108703,0.0067378441107037,local_fanin_w128,local_fanin,0.002,128,0.0,1.9809555414601951,2.0219222212508283,0.0202612540482837,f9fbc79b5c7e918361c07fff145d310fd36bf834,-0.00022729230707208004,-2.980484479190009e-05,-0.0644537566733277,-0.007486268884173475,0.013599071896866505,-0.034140449802031826,0.019167912033684877,0.0002676183615522021,-0.0008913507252259999,-0.005042137279074099,0.013477070558000903,-0.031457195572755864,0.02137292101460767
flybrain,0.002,local_fanin_w256,2048,562458,0.0019809555414601,545342,266.2802734375,1.03138580927198,1.0,1.0,1.03138580927198,100000,12722471,12715527,127.74288728149487,1.2104855051812609,69663561.63586497,660128.5863665591,0.000545805920878,0.0001626776036784,0.0002269578176682,0.0008646540240878,11454974,1.110650360271442,0.1401331422119942,0.0038949095999885,local_fanin_w256,local_fanin,0.002,256,0.0,1.9809555414601951,2.0219222212508283,0.0202612540482837,223316368f79da3e5d197eba0bb22edf05b9b7d3,0.00015953291695880445,-0.0005670541176221001,-0.08506271177220381,-0.0011787243226057953,0.013449624595727518,-0.02753998853023173,0.02518253988502014,0.0006546350730369799,-0.0014285999980561998,0.0012501053677284046,0.01332811733416321,-0.024873004607231484,0.027373215342688294
flybrain,0.002,joint_fanin_l0,2048,562458,0.0019809555414601,545699,266.45458984375,1.030711069655616,1.0,1.0,1.030711069655616,100000,12746619,12721452,127.81910436364002,1.2010236210442626,69750757.432134,655397.3889802331,0.0019744059189342,0.0003254363082837,0.001336550754698,0.0026122610831704,11473737,1.1109387464607217,0.301580514634823,0.0065468616940488,joint_fanin_l0,joint_fanin,0.002,128,0.0,1.9809555414601951,2.0219222212508283,0.0202612540482837,db1d92b71c48709b5cb2149a0f0148b12a11c98d,-0.0004947782568778258,0.0008615458804340998,0.07638466065062499,-0.0024318697838046077,0.013410239915169077,-0.028715940017536,0.023852200449926784,0.0,0.0,0.0,0.0,0.0,0.0
flybrain,0.002,joint_fanin_l0.25,2048,562458,0.0019809555414601,545578,266.3955078125,1.0309396639893835,1.0,1.0,1.0309396639893835,100000,12672088,12648391,127.0952380952381,1.1638280668074856,69340365.8095238,634958.9890326944,0.0018700154228726,0.000296455133225,0.0012889633617516,0.0024510674839937,11453084,1.1064345638257782,0.3018454897543947,0.0061952736958046,joint_fanin_l0.25,joint_fanin,0.002,128,0.25,1.9809555414601951,2.0219222212508283,0.0202612540482837,7b21dfdc2935ea132dffa67b8a249dc9dd919452,-0.0002731048539350578,0.0007571553843725,0.07664963577019668,0.0034661255461676532,0.013165043508760656,-0.02233735973100323,0.029269610823338538,0.00022178313641640912,-0.00010439049606159978,0.005883686969413882,0.013043135735789873,-0.01968085907273427,0.031448233011562035
flybrain,0.002,joint_fanin_l0.5,2048,562458,0.0019809555414601,545575,266.39404296875,1.03094533290565,1.0,1.0,1.03094533290565,100000,12843750,12821832,128.8652234215763,1.2388116005476075,70305644.26822649,675864.638968761,0.001706510948905,0.0002365904474921,0.0012427936718204,0.0021702282259896,11520080,1.114901111797835,0.3019969609030172,0.0056507553711876,joint_fanin_l0.5,joint_fanin,0.002,128,0.5,1.9809555414601951,2.0219222212508283,0.0202612540482837,9a0aca7cf86e68aa757b03179645385876c3317d,-0.0002676075699951097,0.0005936509104048999,0.0768011069188192,-0.010406496427304734,0.013671786151218774,-0.037203197283693534,0.016390204429084062,0.00022728314163944496,-0.00026789497002919983,-0.007955280437382806,0.01354956924994869,-0.03451243616728224,0.018601875292516626
flybrain,0.002,joint_fanin_l1,2048,562458,0.0019809555414601,545569,266.39111328125,1.0309566709252176,1.0,1.0,1.0309566709252176,100000,12646729,12622479,126.861635409757,1.1698143732215052,69211775.5688657,638214.4577840833,0.0019174918668692,0.0002882455995557,0.0013525304917399,0.0024824532419986,11431647,1.1062910707442244,0.3020338016548256,0.0063486002439576,joint_fanin_l1,joint_fanin,0.002,128,1.0,1.9809555414601951,2.0219222212508283,0.0202612540482837,aaf31ebdddf6532a8d10bdef599077844ba3eed2,-0.000256612820743074,0.0008046318283691,0.07683794767062757,0.005314176522592917,0.013184869449076745,-0.020528167597597503,0.031156520642783337,0.00023828333354725117,-5.6914052064999804e-05,0.007727254629352531,0.01306338381678935,-0.017876977651554594,0.03333148691025965
flybrain,0.002,oracle_spike_l0.25,2048,562458,0.0019809555414601,545634,266.4228515625,1.030833855661487,1.0,1.0,1.030833855661487,100000,12876900,12858951,129.22529846846484,1.2366949148103994,70509716.50454235,674782.7931476574,0.0013938913869021,0.000177212540355,0.0010465548078062,0.001741227965998,11547233,1.11515027019893,0.3016964039781916,0.004620178989614,oracle_spike_l0.25,oracle_spike,0.002,128,0.25,1.9809555414601951,2.0219222212508283,0.0202612540482837,1885229be2cd00e5c54f2517b6a9ccd2285463e6,-0.000375709724834139,0.0002810313484019999,0.07650054999399358,-0.013339346491622717,0.013680428069065161,-0.04015298550699043,0.013474292523744998,0.00011912747372755383,-0.0005805145320320999,-0.010881015495018742,0.013557727737385339,-0.037454161860294,0.01569213087025652
flybrain,0.002,oracle_spike_l0.5,2048,562458,0.0019809555414601,545635,266.42333984375,1.0308319664244412,1.0,1.0,1.0308319664244412,100000,12660775,12643739,127.08169418954095,1.1781317839470782,69340220.20911019,642829.935933964,0.0013455732370253,0.0001560619398572,0.001039691834905,0.0016514546391455,11433724,1.1073185779191452,0.3016935547833574,0.0044600662350628,oracle_spike_l0.5,oracle_spike,0.002,128,0.5,1.9809555414601951,2.0219222212508283,0.0202612540482837,a95eec78bfd42eaafc21ebb7731890e96bdb137d,-0.00037754176326676436,0.00023271319852520003,0.07649770079915941,0.0034682180610053903,0.013243688552812117,-0.02248941150250636,0.02942584762451714,0.00011729452839337462,-0.0006288326819088997,0.005885774407873079,0.01312212828623145,-0.019833597033140565,0.031605145848886726
flybrain,0.002,oracle_spike_l1,2048,562458,0.0019809555414601,545630,266.4208984375,1.0308414126789216,1.0,1.0,1.0308414126789216,100000,12828313,12806336,128.70560094873417,1.238288608691528,70225637.04565783,675647.4135603585,0.0017131636872284,0.0002775683757568,0.001169129670745,0.0022571977037118,11497282,1.1157691878828404,0.3016911694109382,0.0056785344117741,oracle_spike_l1,oracle_spike,0.002,128,1.0,1.9809555414601951,2.0219222212508283,0.0202612540482837,4e261914aa7796834cb22812e3b0cae0a1b79ccd,-0.0003683815039496885,0.0006003036487283,0.0764953154267402,-0.009256662466092802,0.013661864110324185,-0.0360339161223282,0.017520591190142598,0.00012645932225119338,-0.0002612422317057998,-0.00680823593902713,0.013539809554739728,-0.033346262666316996,0.019729790788262737
flybrain,0.005,fanout_only,2048,2182971,0.0076883402837134,1655617,808.40673828125,1.3185241514190782,1.0,2.0,1.3185241514190782,100000,31985545,26231596,263.2267244666546,1.850866391659049,435802639.8813093,3064325.86275938,0.1798921669147735,0.0030871546564224,0.1738413437881855,0.1859429900413615,22284956,1.435297651025203,0.225195853984198,0.7988253945714138,fanout_only,fanout,0.005,0,0.0,7.688340283713457,7.746900659154669,0.0075592005135639,9ddaa613be256dd3d9ea1c78d5f2d14a63039eb2,0.0,0.0,0.0,0.0,0.0,0.0,0.0,-0.037049631647899206,-0.038125145644854114,-0.04912853640366799,0.011224104095055717,-0.0711277804299772,-0.027129292377358782
flybrain,0.005,local_fanin_w32,2048,2182971,0.0076883402837134,1655617,808.40673828125,1.3185241514190782,1.0,2.0,1.3185241514190782,100000,31985545,26231596,263.2267244666546,1.850866391659049,435802639.8813093,3064325.86275938,0.1798921669147735,0.0030871546564224,0.1738413437881855,0.1859429900413615,22284956,1.435297651025203,0.225195853984198,0.7988253945714138,local_fanin_w32,local_fanin,0.005,32,0.0,7.688340283713457,7.746900659154669,0.0075592005135639,a4fe6a213fcfd9677d9484e3e9f54300acd931dc,0.0,0.0,0.0,0.0,0.009943976465643276,-0.01949019387266082,0.01949019387266082,-0.037049631647899206,-0.038125145644854114,-0.04912853640366799,0.011224104095055717,-0.0711277804299772,-0.027129292377358782
flybrain,0.005,local_fanin_w64,2048,2182971,0.0076883402837134,1687139,823.79833984375,1.2938892408983491,1.0,2.0,1.2938892408983491,100000,31411812,27274868,273.7203873751819,1.8715184531037807,461804340.635777,3157511.77145106,0.1317002661291872,0.0019970043699256,0.1277861375641331,0.1356143946942414,23172100,1.355587624772895,0.1897037652374774,0.694241708720544,local_fanin_w64,local_fanin,0.005,64,0.0,7.688340283713457,7.746900659154669,0.0075592005135639,ca1351529f6c4c4ffff9c6353dc63ad48920d65f,-0.018683700631661138,-0.0481919007855863,-0.03549208874672061,-0.05966393586222729,0.01039284048434583,-0.08003390321154512,-0.03929396851290946,-0.05504110805333773,-0.08631704643044041,-0.11172367411088868,0.01175306946700571,-0.13475969026621987,-0.0886876579555575
flybrain,0.005,local_fanin_w128,2048,2182971,0.0076883402837134,1709493,834.71337890625,1.2769698384257788,1.0,2.0,1.2769698384257788,100000,31235737,27602755,277.102708509015,1.8939776101521089,473705140.4772015,3237741.466711758,0.1163085090644732,0.0021268836176053,0.1121398171739666,0.1204772009549797,23474114,1.3306460469604944,0.1607420973108703,0.7235721756170451,local_fanin_w128,local_fanin,0.005,128,0.0,7.688340283713457,7.746900659154669,0.0075592005135639,f9fbc79b5c7e918361c07fff145d310fd36bf834,-0.03151577689993468,-0.0635836578503003,-0.0644537566733277,-0.08697170950184008,0.01065884268883497,-0.10786304117195662,-0.06608037783172353,-0.06739776062259395,-0.10170880349515442,-0.14037303870185824,0.012054173809786637,-0.16399921936904005,-0.11674685803467644
flybrain,0.005,local_fanin_w256,2048,2182971,0.0076883402837134,1732470,845.9326171875,1.2600339399816447,1.0,2.0,1.2600339399816447,100000,31079339,27733791,278.4433300201801,1.8955128086207884,482394715.96006143,3283919.075551257,0.1076454039128695,0.0020847581741723,0.1035592778914918,0.1117315299342473,23592224,1.3173552014426448,0.1401331422119942,0.7681652049878607,local_fanin_w256,local_fanin,0.005,256,0.0,7.688340283713457,7.746900659154669,0.0075592005135639,223316368f79da3e5d197eba0bb22edf05b9b7d3,-0.044360364104428895,-0.072246763001904,-0.08506271177220381,-0.10691095421414043,0.010833252816177624,-0.12814412973384856,-0.08567777869443229,-0.07976646060249237,-0.11037190864675811,-0.16129186932386852,0.012254747007890268,-0.18531117345933346,-0.13727256518840358
flybrain,0.005,joint_fanin_l0,2048,2182971,0.0076883402837134,1594277,778.45556640625,1.3692545272872907,1.0,2.0,1.3692545272872907,100000,33190355,25954283,260.55377866120546,2.1009202350065697,415394896.58265066,3349448.809505569,0.2180173125596276,0.0037007183997303,0.2107639044961561,0.2252707206230991,21420294,1.5494817671503482,0.301580514634823,0.7229157786391466,joint_fanin_l0,joint_fanin,0.005,128,0.0,7.688340283713457,7.746900659154669,0.0075592005135639,db1d92b71c48709b5cb2149a0f0148b12a11c98d,0.03847512069734438,0.038125145644854114,0.07638466065062499,0.046827947862400854,0.010197513424202465,0.026840821550964022,0.06681507417383768,0.0,0.0,0.0,0.0,0.0,0.0
flybrain,0.005,joint_fanin_l0.25,2048,2182971,0.0076883402837134,1593148,777.904296875,1.3702248629756937,1.0,2.0,1.3702248629756937,100000,33432112,26011706,261.1617068273092,2.1087094349875524,416069250.908514,3359486.218931549,0.2219544490638222,0.003713244043699,0.2146764907381721,0.2292324073894723,21450301,1.5585847489972284,0.3018454897543947,0.7353247161136045,joint_fanin_l0.25,joint_fanin,0.005,128,0.25,7.688340283713457,7.746900659154669,0.0075592005135639,7b21dfdc2935ea132dffa67b8a249dc9dd919452,0.03921104630580485,0.042062282149048696,0.07664963577019668,0.04528056318834972,0.010222025608234294,0.025245392996210505,0.06531573338048893,0.000708659835746861,0.003937136504194583,-0.0016234054183408286,0.011429556571159438,-0.024025336297813327,0.02077852546113167
flybrain,0.005,joint_fanin_l0.5,2048,2182971,0.0076883402837134,1593161,777.91064453125,1.370213682107458,1.0,2.0,1.370213682107458,100000,34057061,26434994,265.3476471532964,2.1660411113906246,422741522.8863928,3450852.223064199,0.2238028407677339,0.003667901667893,0.2166137534986635,0.2309919280368043,21663083,1.5721243832191385,0.3019969609030172,0.7410764667913516,joint_fanin_l0.5,joint_fanin,0.005,128,0.5,7.688340283713457,7.746900659154669,0.0075592005135639,9a0aca7cf86e68aa757b03179645385876c3317d,0.03920256647005549,0.04391067385296041,0.0768011069188192,0.029970256716374433,0.01045098051241635,0.009486334912038388,0.05045417852071048,0.0007004941747883464,0.005785528208106294,-0.01768588483917588,0.011676884377352311,-0.04057257821878641,0.00520080854043465
flybrain,0.005,joint_fanin_l1,2048,2182971,0.0076883402837134,1593249,777.95361328125,1.370138001028088,1.0,2.0,1.370138001028088,100000,33742271,26244308,263.4626805738207,2.133980005292773,419761652.3615593,3399961.5094527053,0.2222127550335897,0.0037223468772955,0.2149169551540904,0.2295085549130889,21590453,1.5628329336119071,0.3020338016548256,0.7357214782454777,joint_fanin_l1,joint_fanin,0.005,128,1.0,7.688340283713457,7.746900659154669,0.0075592005135639,aaf31ebdddf6532a8d10bdef599077844ba3eed2,0.03914516814383684,0.0423205881188162,0.07683794767062757,0.03680791728136101,0.01033120253564413,0.01655876031149852,0.05705707425122351,0.0006452224354134284,0.0041954424739620855,-0.010512300018206355,0.011549163380544191,-0.03314866024407297,0.01212406020766026
flybrain,0.005,oracle_spike_l0.25,2048,2182971,0.0076883402837134,1593606,778.1279296875,1.3698310623830483,1.0,2.0,1.3698310623830483,100000,34261777,26546106,266.3907637655417,2.18454398757681,424521919.48135,3481302.4058663296,0.2251976305840762,0.0037200940458045,0.2179062462542994,0.2324890149138531,21731225,1.5766150780731414,0.3017733984990574,0.7462474548921505,oracle_spike_l0.25,oracle_spike,0.005,128,0.25,7.688340283713457,7.746900659154669,0.0075592005135639,2ca5b6db49e01e3d3c3348523e9ff9dbd5d154cf,0.03891237859295216,0.045305463669302715,0.07657754451485937,0.025884929019777347,0.010522694545194812,0.005260447711195517,0.046509410328359174,0.00042105765164035525,0.007180318024448601,-0.02197191870623616,0.011753353344617964,-0.045008491261687364,0.0010646538492150477
flybrain,0.005,oracle_spike_l0.5,2048,2182971,0.0076883402837134,1593265,777.96142578125,1.3701242417300323,1.0,2.0,1.3701242417300323,100000,33864413,26141275,262.46787084077994,2.0982505087218635,418180872.23513526,3343069.09677874,0.2280605897406223,0.0037495960327157,0.2207113815164995,0.2354097979647452,21568014,1.570121987124081,0.3017705493042233,0.755741705963189,oracle_spike_l0.5,oracle_spike,0.005,128,0.5,7.688340283713457,7.746900659154669,0.0075592005135639,5e8a7f56a9f21549782b6870b6af53cacea957a1,0.03913473276573587,0.048168422825848795,0.07657469532002531,0.04043520170270953,0.010216115863979039,0.020411614609310617,0.06045878879610845,0.0006351736842271638,0.01004327718099468,-0.0067068124221172365,0.011430696845082506,-0.029110978238478948,0.015697353394244475
flybrain,0.005,oracle_spike_l1,2048,2182971,0.0076883402837134,1592963,777.81396484375,1.3703839951084864,1.0,2.0,1.3703839951084864,100000,33649417,26285208,263.83883725131994,2.141143282436937,420285505.7043744,3410762.0266205906,0.2188510130799591,0.0036707676979923,0.211656308391894,0.2260457177680242,21605507,1.557446302926379,0.3017559057679829,0.7252584254249242,oracle_spike_l1,oracle_spike,0.005,128,1.0,7.688340283713457,7.746900659154669,0.0075592005135639,cf4ade09eae210a71b0d3565ed9095588140f890,0.0393317358909151,0.03895884616518561,0.07656005178378489,0.035605874671069015,0.010355462947889423,0.015309167293205746,0.05590258204893228,0.0008248779161850184,0.0008337005203314929,-0.011773397222636817,0.011574769403786064,-0.0344599452540575,0.01091315080878387
flybrain,0.01,fanout_only,2048,3651538,0.0128605770314449,2709560,1323.02734375,1.3476498029200312,1.0,2.0,1.3476498029200312,100000,28663295,24258963,243.63237657172695,1.8159247811307735,660136542.2636886,4920357.1499607,0.1536575610026691,0.0031254462425359,0.1475316863672987,0.1597834356380395,20663013,1.387178868831956,0.225195853984198,0.6823285521653132,fanout_only,fanout,0.01,0,0.0,12.860577031444976,12.885858181954513,0.0019619299042837,9ddaa613be256dd3d9ea1c78d5f2d14a63039eb2,0.0,0.0,0.0,0.0,0.0,0.0,0.0,-0.02460547099898136,-0.026594654014132274,-0.04010148248038958,0.011755699975356334,-0.063142654432088,-0.01706031052869117
flybrain,0.01,local_fanin_w32,2048,3651538,0.0128605770314449,2709560,1323.02734375,1.3476498029200312,1.0,2.0,1.3476498029200312,100000,28663295,24258963,243.63237657172695,1.8159247811307735,660136542.2636886,4920357.1499607,0.1536575610026691,0.0031254462425359,0.1475316863672987,0.1597834356380395,20663013,1.387178868831956,0.225195853984198,0.6823285521653132,local_fanin_w32,local_fanin,0.01,32,0.0,12.860577031444976,12.885858181954513,0.0019619299042837,a4fe6a213fcfd9677d9484e3e9f54300acd931dc,0.0,0.0,0.0,0.0,0.010540903839882166,-0.020660171526169047,0.020660171526169047,-0.02460547099898136,-0.026594654014132274,-0.04010148248038958,0.011755699975356334,-0.063142654432088,-0.01706031052869117
flybrain,0.01,local_fanin_w64,2048,3651538,0.0128605770314449,2741861,1338.79931640625,1.331773565472502,1.0,2.0,1.331773565472502,100000,28294427,24990387,250.9679742106532,1.8085386713588725,688119300.7371957,4958761.6499907095,0.1167735257547361,0.0020614371989363,0.1127331088448208,0.1208139426646513,21330865,1.3264547405836566,0.1897037652374774,0.61555723793123,local_fanin_w64,local_fanin,0.01,64,0.0,12.860577031444976,12.885858181954513,0.0019619299042837,ca1351529f6c4c4ffff9c6353dc63ad48920d65f,-0.011780684724717938,-0.03688403524793302,-0.03549208874672061,-0.0423893492966636,0.010806989189410152,-0.06357104810790751,-0.021207650485419706,-0.03609628642735718,-0.06347868926206529,-0.08419070752522839,0.012078888674846746,-0.10786532932792801,-0.06051608572252877
flybrain,0.01,local_fanin_w128,2048,3651538,0.0128605770314449,2766883,1351.01708984375,1.319729818716585,1.0,2.0,1.319729818716585,100000,27941654,25207334,253.0399526190046,1.849691065157096,700131943.2223293,5117878.763435061,0.097858201236047,0.0021245473761238,0.0936940883788442,0.1020223140932498,21474584,1.3011499547558174,0.1607420973108703,0.6087901232667898,local_fanin_w128,local_fanin,0.01,128,0.0,12.860577031444976,12.885858181954513,0.0019619299042837,f9fbc79b5c7e918361c07fff145d310fd36bf834,-0.020717536664903946,-0.05579935976662212,-0.0644537566733277,-0.060586558080077735,0.011072322339007687,-0.0822883098645328,-0.03888480629562267,-0.04481324291630673,-0.0823940137807544,-0.10311765135786266,0.012363998670550977,-0.12735108875214257,-0.07888421396358275
flybrain,0.01,local_fanin_w256,2048,3651538,0.0128605770314449,2791083,1362.83349609375,1.308287141586259,1.0,2.0,1.308287141586259,100000,28151959,25554271,256.5561066211536,1.8877074656587904,716069387.7364892,5268748.216373333,0.0922737916746753,0.0020917234266501,0.088174013758441,0.0963735695909096,21718295,1.29623246207863,0.1401331422119942,0.6584722944061511,local_fanin_w256,local_fanin,0.01,256,0.0,12.860577031444976,12.885858181954513,0.0019619299042837,223316368f79da3e5d197eba0bb22edf05b9b7d3,-0.029208375386901686,-0.06138376932799382,-0.08506271177220381,-0.08472920659868355,0.011360881936410026,-0.1069965351940472,-0.0624618780033199,-0.05309516055237329,-0.08797842334212609,-0.12822845587306753,0.012680829352325583,-0.15308288140362566,-0.10337403034250939
flybrain,0.01,joint_fanin_l0,2048,3651538,0.0128605770314449,2642890,1290.4736328125,1.3816458498083537,1.0,2.0,1.3816458498083537,100000,29174948,23916099,240.1479982729016,2.0404124502367864,634684743.155469,5392585.6606063,0.1802522150168014,0.00389349648045,0.1726209619151194,0.1878834681184834,19858522,1.4691399490858383,0.301580514634823,0.5976918476814218,joint_fanin_l0,joint_fanin,0.01,128,0.0,12.860577031444976,12.885858181954513,0.0019619299042837,db1d92b71c48709b5cb2149a0f0148b12a11c98d,0.025226172863796803,0.026594654014132274,0.07638466065062499,0.038555355564687144,0.010866684619986383,0.017256653709513833,0.059854057419860454,0.0,0.0,0.0,0.0,0.0,0.0
flybrain,0.01,joint_fanin_l0.25,2048,3651538,0.0128605770314449,2642137,1290.10595703125,1.3820396141456708,1.0,2.0,1.3820396141456708,100000,29346443,23826147,239.33128082528904,2.0046441287269627,632346032.3258867,5296544.424342271,0.1881078398496199,0.0038947979491184,0.1804740358693478,0.1957416438298921,19825348,1.4802485686505982,0.3018454897543947,0.6231924816987636,joint_fanin_l0.25,joint_fanin,0.01,128,0.25,12.860577031444976,12.885858181954513,0.0019619299042837,7b21dfdc2935ea132dffa67b8a249dc9dd919452,0.025518358813339415,0.03445027884695079,0.07664963577019668,0.04209812388586276,0.010740172312877242,0.021047386152623363,0.06314886161910216,0.0002849965766347218,0.007855624832818514,0.0036848385829393315,0.011887000477203183,-0.019613682352378908,0.02698335951825757
flybrain,0.01,joint_fanin_l0.5,2048,3651538,0.0128605770314449,2642110,1290.0927734375,1.3820537373538573,1.0,2.0,1.3820537373538573,100000,29276117,23664958,237.64531386509475,1.9856020397890852,627885060.2161055,5246179.00534714,0.1916633616404798,0.0039779206375153,0.1838666371909496,0.1994600860900099,19721346,1.4844887869215415,0.3019969609030172,0.6346532795143931,joint_fanin_l0.5,joint_fanin,0.01,128,0.5,12.860577031444976,12.885858181954513,0.0019619299042837,9a0aca7cf86e68aa757b03179645385876c3317d,0.025528838693317013,0.0380058006378107,0.0768011069188192,0.04885577449930112,0.01064970058234924,0.02798236135789661,0.06972918764070563,0.00029521859422954044,0.011411146623678425,0.010713481004060998,0.01178877115476678,-0.01239251045928189,0.03381947246740388
flybrain,0.01,joint_fanin_l1,2048,3651538,0.0128605770314449,2642206,1290.1396484375,1.3820035228138912,1.0,2.0,1.3820035228138912,100000,29691770,23974658,240.80854568647737,2.046263914123019,636265784.2640846,5406650.791479325,0.1925487096255965,0.0039437142716182,0.1848190296532249,0.2002783895979682,19873381,1.4940472383637189,0.3020338016548256,0.6375071550622261,joint_fanin_l1,joint_fanin,0.01,128,1.0,12.860577031444976,12.885858181954513,0.0019619299042837,aaf31ebdddf6532a8d10bdef599077844ba3eed2,0.025491577870915494,0.03889114862292739,0.07683794767062757,0.036160334220778356,0.010894473782479241,0.014807165607119043,0.057513502834437666,0.0002588745919129831,0.012296494608795117,-0.0024910652503715713,0.01204647218597663,-0.026102150734885768,0.021120020234142625
flybrain,0.01,oracle_spike_l0.25,2048,3651538,0.0128605770314449,2642284,1290.177734375,1.38196272618689,1.0,2.0,1.38196272618689,100000,29454568,23972085,240.6932507329612,2.040324926408378,635979925.3196915,5391117.907850035,0.1861335396261795,0.0038520958207104,0.1785834318175869,0.193683647434772,19891200,1.4807838642213642,0.3018081851801715,0.6167279376967948,oracle_spike_l0.25,oracle_spike,0.01,128,0.25,12.860577031444976,12.885858181954513,0.0019619299042837,0c60cd4bd56f83a46a379a789a8466e2059e9fdf,0.025461305446348836,0.0324759786235104,0.0766123311959735,0.03659336424728288,0.010874664178907312,0.015279022456624547,0.05790770603794121,0.00022934703461108263,0.005881324609378125,-0.0020406700778456965,0.012026468959549237,-0.0256125492385622,0.021531209082870807
flybrain,0.01,oracle_spike_l0.5,2048,3651538,0.0128605770314449,2641917,1289.99853515625,1.3821547005450967,1.0,2.0,1.3821547005450967,100000,29509366,23857636,239.52247377139705,2.0314552223868643,632798495.3387079,5366936.086762637,0.1915232607843896,0.0039765951380222,0.183729134313866,0.1993173872549132,19796452,1.4906391306886708,0.3018091128250012,0.6345840885707155,oracle_spike_l0.5,oracle_spike,0.01,128,0.5,12.860577031444976,12.885858181954513,0.0019619299042837,b191363e6028fa071e63ad15a5777364b32b38ba,0.025603756666087607,0.0378656997817205,0.07661325884080322,0.04141271566520943,0.010823435288633781,0.02019878249948722,0.06262664883093164,0.00036829317499376124,0.011271045767588223,0.0029719444765335945,0.011969409217866699,-0.020488097590485133,0.026431986543552322
flybrain,0.01,oracle_spike_l1,2048,3651538,0.0128605770314449,2641577,1289.83251953125,1.3823325990497344,1.0,2.0,1.3823325990497344,100000,29663253,23896621,239.9789210468176,2.030849610442858,633922798.3220892,5364645.621404814,0.1944032234091116,0.0039472271574625,0.1866666581804849,0.2021397886377383,19830434,1.4958448715746715,0.3018714638096266,0.6439933770345079,oracle_spike_l1,oracle_spike,0.01,128,1.0,12.860577031444976,12.885858181954513,0.0019619299042837,e4f626d8ae993e7be52556e6f9912a38c8052b09,0.025735763144515644,0.04074566240644248,0.07667560982542859,0.03970957864521374,0.010829215445188287,0.018484316372644697,0.060934840917782784,0.0004970515718452084,0.014151008392310205,0.001200509137168737,0.011977519107155353,-0.022275428312855755,0.02467644658719323
flybrain,0.02,fanout_only,2048,6248429,0.0220067277076165,4273955,2086.89208984375,1.4619781911601784,1.0,2.0,1.4619781911601784,100000,26624449,23314213,234.31605342767264,1.842081151398303,1001456268.1274686,7872971.947424535,0.1243306856791665,0.0030427894748418,0.1183668183084764,0.1302945530498565,19856594,1.3408366510389444,0.225195853984198,0.5521002428752119,fanout_only,fanout,0.02,0,0.0,22.00672770761654,22.0359735846033,0.0013271878764272,9ddaa613be256dd3d9ea1c78d5f2d14a63039eb2,0.0,0.0,0.0,0.0,0.0,0.0,0.0,-0.014003189083647172,-0.0223895711915911,-0.04278743687916964,0.0120632207485806,-0.06643134954638762,-0.019143524211951663
flybrain,0.02,local_fanin_w32,2048,6248429,0.0220067277076165,4273955,2086.89208984375,1.4619781911601784,1.0,2.0,1.4619781911601784,100000,26624449,23314213,234.31605342767264,1.842081151398303,1001456268.1274686,7872971.947424535,0.1243306856791665,0.0030427894748418,0.1183668183084764,0.1302945530498565,19856594,1.3408366510389444,0.225195853984198,0.5521002428752119,local_fanin_w32,local_fanin,0.02,32,0.0,22.00672770761654,22.0359735846033,0.0013271878764272,a4fe6a213fcfd9677d9484e3e9f54300acd931dc,0.0,0.0,0.0,0.0,0.01111787309998994,-0.021791031275980283,0.021791031275980283,-0.014003189083647172,-0.0223895711915911,-0.04278743687916964,0.0120632207485806,-0.06643134954638762,-0.019143524211951663
flybrain,0.02,local_fanin_w64,2048,6248429,0.0220067277076165,4297526,2098.4013671875,1.4539595571963964,1.0,2.0,1.4539595571963964,100000,26311400,23970834,240.80399819177256,1.8924350581312648,1034861443.1330956,8132788.865630624,0.0889563459184992,0.0018817463188748,0.0852681231335045,0.0926445687034938,20358943,1.2923755422862573,0.1897037652374774,0.4689224054522097,local_fanin_w64,local_fanin,0.02,64,0.0,22.00672770761654,22.0359735846033,0.0013271878764272,ca1351529f6c4c4ffff9c6353dc63ad48920d65f,-0.00548478357082649,-0.0353743397606673,-0.03549208874672061,-0.03335659885387532,0.011486751637180426,-0.055870632062748955,-0.010842565645001682,-0.019411168193048556,-0.0577639109522584,-0.07757127910100903,0.012463628554067201,-0.10199999106698074,-0.053142567135037316
flybrain,0.02,local_fanin_w128,2048,6248429,0.0220067277076165,4316108,2107.474609375,1.447699872199676,1.0,2.0,1.447699872199676,100000,25538202,23633303,237.39418199351095,1.8473646332142333,1024618928.0556488,7973425.272333018,0.074590176708603,0.0020120226245166,0.0706466123645504,0.0785337410526555,20179352,1.265561054685998,0.1607420973108703,0.4640363536152442,local_fanin_w128,local_fanin,0.02,128,0.0,22.00672770761654,22.0359735846033,0.0013271878764272,f9fbc79b5c7e918361c07fff145d310fd36bf834,-0.009766437725840071,-0.04974050897056349,-0.0644537566733277,-0.02312897793479296,0.011317520362160502,-0.045311317844627545,-0.0009466380249583753,-0.02363286553533872,-0.0721300801621546,-0.06690604449742721,0.012284618192915932,-0.09098389615554243,-0.04282819283931198
flybrain,0.02,local_fanin_w256,2048,6248429,0.0220067277076165,4335049,2116.72314453125,1.441374480426865,1.0,2.0,1.441374480426865,100000,25922295,24136176,242.37245312955025,1.8839010889595973,1050696460.5668036,8166803.531793213,0.0689028112672893,0.0018813681840169,0.0652153296266162,0.0725902929079625,20555479,1.261089318327245,0.1401331422119942,0.4916953275981836,local_fanin_w256,local_fanin,0.02,256,0.0,22.00672770761654,22.0359735846033,0.0013271878764272,223316368f79da3e5d197eba0bb22edf05b9b7d3,-0.014093035626586925,-0.0554278744118772,-0.08506271177220381,-0.049168589789152506,0.011598853312691783,-0.07190234228202841,-0.02643483729627661,-0.027898877267592437,-0.0778174456034683,-0.09405982460036322,0.012590552780254572,-0.11873730804966218,-0.06938234115106426
flybrain,0.02,joint_fanin_l0,2048,6248429,0.0220067277076165,4214106,2057.6689453125,1.4827412979170431,1.0,2.0,1.4827412979170431,100000,26591427,22689926,227.8928729259572,1.9340137165578404,960364723.1545136,8150138.807028694,0.1467202568707576,0.0038949374579983,0.1390861794530808,0.1543543342884343,19112860,1.3912845591920833,0.301580514634823,0.4865044316553999,joint_fanin_l0,joint_fanin,0.02,128,0.0,22.00672770761654,22.0359735846033,0.0013271878764272,db1d92b71c48709b5cb2149a0f0148b12a11c98d,0.014202063260867037,0.0223895711915911,0.07638466065062499,0.04103179168251481,0.011093579361126395,0.01928837613470707,0.06277520723032254,0.0,0.0,0.0,0.0,0.0,0.0
flybrain,0.02,joint_fanin_l0.25,2048,6248429,0.0220067277076165,4213882,2057.5595703125,1.482820116937304,1.0,2.0,1.482820116937304,100000,26581038,22784915,228.90669894914504,1.9526224454069172,964585818.3812212,8228120.575496192,0.1428131963845805,0.0037371867245131,0.1354883104045347,0.1501380823646263,19156377,1.3875816914649362,0.3018454897543947,0.4731334448653999,joint_fanin_l0.25,joint_fanin,0.02,128,0.25,22.00672770761654,22.0359735846033,0.0013271878764272,7b21dfdc2935ea132dffa67b8a249dc9dd919452,0.014255975843652235,0.018482510705414013,0.07664963577019668,0.03681683456351825,0.011173258969370927,0.014917246983551236,0.05871642214348527,5.315763469448953e-05,-0.0039070604861770886,-0.0043953043306739215,0.012085561347950344,-0.028083004572656594,0.01929239591130875
flybrain,0.02,joint_fanin_l0.5,2048,6248429,0.0220067277076165,4213753,2057.49658203125,1.4828655120506589,1.0,2.0,1.4828655120506589,100000,26763242,22833665,229.4079852913104,1.988710544614783,966668586.245215,8379935.023502176,0.1468273910911092,0.0038419289299677,0.1392972103883724,0.154357571793846,19138529,1.3983959791267135,0.3019969609030172,0.4861883068361774,joint_fanin_l0.5,joint_fanin,0.02,128,0.5,22.00672770761654,22.0359735846033,0.0013271878764272,9a0aca7cf86e68aa757b03179645385876c3317d,0.014287026315970452,0.022496705411942708,0.0768011069188192,0.034737095357443626,0.01129617654920319,0.012596589321005373,0.05687760139388188,8.377330137787631e-05,0.0001071342203516068,-0.0065640302467537825,0.012211005110053906,-0.030497600262459436,0.01736953976895187
flybrain,0.02,joint_fanin_l1,2048,6248429,0.0220067277076165,4213783,2057.51123046875,1.4828549547995231,1.0,2.0,1.4828549547995231,100000,26686702,22806773,229.17694642067607,1.990348542516928,965701920.8193556,8386896.852532607,0.1453881037829253,0.0036986957442731,0.13813866012415,0.1526375474417006,19110646,1.3964311829123934,0.3020338016548256,0.481363685078797,joint_fanin_l1,joint_fanin,0.02,128,1.0,22.00672770761654,22.0359735846033,0.0013271878764272,aaf31ebdddf6532a8d10bdef599077844ba3eed2,0.014279805106242716,0.0210574181037588,0.07683794767062757,0.03570235510629616,0.011296233107725198,0.01356173821515477,0.05784297199743754,7.665321161520744e-05,-0.0013321530878322996,-0.0055574695073252744,0.012210214664924262,-0.029489490250576827,0.018374551235926278
flybrain,0.02,oracle_spike_l0.25,2048,6248429,0.0220067277076165,4212861,2057.06103515625,1.483179483016411,1.0,2.0,1.483179483016411,100000,26607814,22688021,228.0501070491622,1.946049912990548,960743402.0332404,8198437.782491274,0.1473173632377316,0.0038641658955525,0.1397435980824486,0.1548911283930145,19083826,1.394259935088488,0.3018272018991805,0.4880851106552684,oracle_spike_l0.25,oracle_spike,0.02,128,0.25,22.00672770761654,22.0359735846033,0.0013271878764272,7757f6305c876b8dda95b28d3b04024547fbfc33,0.014501783942076463,0.022986677558565094,0.0766313479149825,0.04065366345986676,0.011131022330930907,0.018836859691242186,0.06247046722849134,0.00029552363583817964,0.0005971063669739929,-0.0003943073601069269,0.012039702668189703,-0.023992124589758742,0.023203509869544888
flybrain,0.02,oracle_spike_l0.5,2048,6248429,0.0220067277076165,4212584,2056.92578125,1.4832770100252006,1.0,2.0,1.4832770100252006,100000,26684225,22817636,229.3713849154093,1.9950018065144437,966246226.1524944,8404112.69009384,0.1449016788008645,0.0039773862373413,0.1371060017756756,0.1526973558260535,19103715,1.396808160088234,0.3018268043371106,0.4800822084675546,oracle_spike_l0.5,oracle_spike,0.02,128,0.5,22.00672770761654,22.0359735846033,0.0013271878764272,b7db1ead49d0af48263224e53290ca193ba7fb2f,0.014568492877530703,0.020570993121697995,0.07663095035291262,0.03515884127502655,0.011311848455802277,0.01298761830165409,0.05733006424839902,0.00036129843345578116,-0.0018185780698931064,-0.006124238902343038,0.012226401005176699,-0.030087984872489367,0.01783950706780329
flybrain,0.02,oracle_spike_l1,2048,6248429,0.0220067277076165,4212402,2056.8369140625,1.4833410961252036,1.0,2.0,1.4833410961252036,100000,26858632,22886480,229.87856446930965,2.0014946997490224,968340924.727649,8431100.276212182,0.1478910765075451,0.003947186078395,0.1401545917938909,0.1556275612211994,19168342,1.401197453593013,0.3018943236286444,0.4898769699607327,oracle_spike_l1,oracle_spike,0.02,128,1.0,22.00672770761654,22.0359735846033,0.0013271878764272,d1ec9395f8574df4b69998e7ae36336c5e150bae,0.014612328073151604,0.023560390828378602,0.07669846964444638,0.03306718870684089,0.011342868255989909,0.010835166925100666,0.05529921048858111,0.0004045197965438785,0.0011708196367875012,-0.008305387922763252,0.012259442980683362,-0.03233389616490264,0.015723120319376137
flybrain,0.05,fanout_only,2048,14252138,0.0501954843717316,7039169,3437.09423828125,2.02469041445091,2.0,4.0,2.02469041445091,100000,30668646,27914820,280.3677999296942,2.0517157743422767,1973556325.863305,14442374.075561147,0.0897928783683504,0.0022624193040866,0.0853585365323405,0.0942272202043603,23664609,1.2959709581510517,0.225195853984198,0.3987323779710937,fanout_only,fanout,0.05,0,0.0,50.19548437173162,50.24549828385716,0.0009953909073204,9ddaa613be256dd3d9ea1c78d5f2d14a63039eb2,0.0,0.0,0.0,0.0,0.0,0.0,0.0,-0.0047220062481808656,-0.0228997699944974,-0.046388962249139354,0.011113934388746883,-0.06817227365108325,-0.024605650847195463
flybrain,0.05,local_fanin_w32,2048,14252138,0.0501954843717316,7039169,3437.09423828125,2.02469041445091,2.0,4.0,2.02469041445091,100000,30668646,27914820,280.3677999296942,2.0517157743422767,1973556325.863305,14442374.075561147,0.0897928783683504,0.0022624193040866,0.0853585365323405,0.0942272202043603,23664609,1.2959709581510517,0.225195853984198,0.3987323779710937,local_fanin_w32,local_fanin,0.05,32,0.0,50.19548437173162,50.24549828385716,0.0009953909073204,a4fe6a213fcfd9677d9484e3e9f54300acd931dc,0.0,0.0,0.0,0.0,0.010349135225005399,-0.02028430504101058,0.02028430504101058,-0.0047220062481808656,-0.0228997699944974,-0.046388962249139354,0.011113934388746883,-0.06817227365108325,-0.024605650847195463
flybrain,0.05,local_fanin_w64,2048,14252138,0.0501954843717316,7049985,3442.37548828125,2.021584159398921,2.0,4.0,2.021584159398921,100000,30303504,28264199,283.87400317377416,2.104155730053797,2001307464.26506,14834266.334543318,0.0672960130287243,0.0015535015758483,0.0642511499400616,0.070340876117387,23893063,1.268297162234913,0.1897037652374774,0.3547426322534029,local_fanin_w64,local_fanin,0.05,64,0.0,50.19548437173162,50.24549828385716,0.0009953909073204,ca1351529f6c4c4ffff9c6353dc63ad48920d65f,-0.0015341876613919059,-0.022496865339626096,-0.03549208874672061,-0.014061487902867764,0.01056252531434364,-0.0347640375189813,0.006641061713245768,-0.006248949465849862,-0.0453966353341235,-0.061102747983499794,0.011339418947862744,-0.08332800912131078,-0.03887748684568881
flybrain,0.05,local_fanin_w128,2048,14252138,0.0501954843717316,7056648,3445.62890625,2.0196753472753635,2.0,4.0,2.0196753472753635,100000,30225556,28468083,285.8872742975356,2.132553495781405,2017405862.397156,15048679.36089886,0.0581452662111492,0.0016534149678498,0.0549045728741635,0.0613859595481349,24021922,1.258248861186045,0.1607420973108703,0.3617301701538588,local_fanin_w128,local_fanin,0.05,128,0.0,50.19548437173162,50.24549828385716,0.0009953909073204,f9fbc79b5c7e918361c07fff145d310fd36bf834,-0.002476955064217412,-0.031647612157201195,-0.0644537566733277,-0.022218538158351953,0.010681829581739128,-0.043154924138560646,-0.0012821521781432622,-0.0071872651151085876,-0.0545473821516986,-0.0696381953353502,0.011465659136756566,-0.09211088724339307,-0.04716550342730734
flybrain,0.05,local_fanin_w256,2048,14252138,0.0501954843717316,7065653,3450.02587890625,2.017101320996092,2.0,4.0,2.017101320996092,100000,29876824,28324717,284.5761405764922,2.10465015867583,2010716261.3927135,14870727.707598357,0.0519502005969576,0.0015314099308346,0.0489486371325216,0.0549517640613936,23972767,1.2462818330483083,0.1401331422119942,0.3707203005436578,local_fanin_w256,local_fanin,0.05,256,0.0,50.19548437173162,50.24549828385716,0.0009953909073204,223316368f79da3e5d197eba0bb22edf05b9b7d3,-0.0037482735141392,-0.037842677771392795,-0.08506271177220381,-0.0188289206861898,0.010600190003160098,-0.03960529309238359,0.0019474517200039933,-0.008452580391366538,-0.060742447765890197,-0.06609133702623282,0.011380497588064732,-0.0883971122988397,-0.04378556175362595
flybrain,0.05,joint_fanin_l0,2048,14252138,0.0501954843717316,7005930,3420.8642578125,2.0342963746426244,2.0,3.0,2.0342963746426244,100000,30206265,26802241,269.2096244437972,2.072357376963935,1886063784.179532,14518790.71799294,0.1126926483628478,0.003330826149129,0.106164229110555,0.1192210676151407,22700557,1.330639816459129,0.301580514634823,0.3736735063911699,joint_fanin_l0,joint_fanin,0.05,128,0.0,50.19548437173162,50.24549828385716,0.0009953909073204,db1d92b71c48709b5cb2149a0f0148b12a11c98d,0.004744409378911962,0.0228997699944974,0.07638466065062499,0.044332426968103245,0.010150361946956982,0.02443771755206756,0.06422713638413893,0.0,0.0,0.0,0.0,0.0,0.0
flybrain,0.05,joint_fanin_l0.25,2048,14252138,0.0501954843717316,7006056,3420.92578125,2.034259788959723,2.0,3.0,2.034259788959723,100000,30318132,26812988,269.33921306666934,2.063308343931292,1887005609.741017,14455653.802849889,0.1156121359983524,0.0033439437841543,0.1090580061814098,0.1221662658152949,22714372,1.3347554579100844,0.3018454897543947,0.3830176031201379,joint_fanin_l0.25,joint_fanin,0.05,128,0.25,50.19548437173162,50.24549828385716,0.0009953909073204,7b21dfdc2935ea132dffa67b8a249dc9dd919452,0.0047263396124725965,0.025819257630002007,0.07664963577019668,0.04385520442869928,0.010129611516987328,0.024001165855404117,0.06370924300199445,-1.7984440889518005e-05,0.0029194876355046057,-0.0004993603977687666,0.010865599251632043,-0.02179593493096757,0.020797214135430037
flybrain,0.05,joint_fanin_l0.5,2048,14252138,0.0501954843717316,7005852,3420.826171875,2.034319023582,2.0,3.0,2.034319023582,100000,30317341,26948884,270.7478173506807,2.069154592240156,1896819137.681901,14496190.838354882,0.1111066105698386,0.0028597493873397,0.1055015017706526,0.1167117193690245,22820324,1.3285236879195932,0.3019969609030172,0.3679063863345274,joint_fanin_l0.5,joint_fanin,0.05,128,0.5,50.19548437173162,50.24549828385716,0.0009953909073204,9a0aca7cf86e68aa757b03179645385876c3317d,0.004755595750524089,0.021313732201488203,0.0768011069188192,0.03888269474540407,0.010169606519832043,0.018950265966533264,0.05881512352427487,1.113354949544565e-05,-0.0015860377930091984,-0.0057025396450458565,0.010909158819313649,-0.027084490930900606,0.015679411640808893
flybrain,0.05,joint_fanin_l1,2048,14252138,0.0501954843717316,7005842,3420.8212890625,2.034321927328649,2.0,3.0,2.034321927328649,100000,30206235,26695555,268.1730556727543,2.026079304554293,1878778056.7005205,14194391.487177258,0.1162236869308604,0.0033563001096825,0.1096453387158826,0.1228020351458383,22695109,1.3309579169679246,0.3020338016548256,0.3848035759377847,joint_fanin_l1,joint_fanin,0.05,128,1.0,50.19548437173162,50.24549828385716,0.0009953909073204,aaf31ebdddf6532a8d10bdef599077844ba3eed2,0.004757029918744715,0.026430808562509997,0.07683794767062757,0.04802410142579794,0.010013054313258715,0.028398514971810857,0.06764968787978502,1.2560945564787929e-05,0.0035310385680125955,0.003862927404748917,0.010744342841235212,-0.0171959845640721,0.024921839373569933
flybrain,0.05,oracle_spike_l0.25,2048,14252138,0.0501954843717316,7006555,3421.16943359375,2.034114910965517,2.0,3.0,2.034114910965517,100000,30329387,26721204,268.36601385959625,2.0500588310388888,1880321236.2380235,14363849.952909682,0.118966565331505,0.0033021741445387,0.1124943040082091,0.1254388266548009,22666208,1.3380882677861246,0.3017991737732542,0.3941911564704489,oracle_spike_l0.25,oracle_spike,0.05,128,0.25,50.19548437173162,50.24549828385716,0.0009953909073204,4d9ba5c54ef6c08e5ff7a3ab7c14267564aa638d,0.004654783984425981,0.029173686963154602,0.07660331978905621,0.04724217312850043,0.01007886469587733,0.027487598324580864,0.06699674793242,-8.920218281327497e-05,0.0062739169686572005,0.0030447262651864815,0.010811937220343059,-0.018146670686685913,0.024236123217058876
flybrain,0.05,oracle_spike_l0.5,2048,14252138,0.0501954843717316,7006226,3421.0087890625,2.0342104294095,2.0,3.0,2.0342104294095,100000,30937740,27250959,273.65895762201245,2.1107197015353467,1917316504.024242,14788179.251609186,0.1191677543349967,0.0032902367760854,0.1127188902538692,0.1256166184161242,22998216,1.3452234729859047,0.3019015460062472,0.3947238956256647,oracle_spike_l0.5,oracle_spike,0.05,128,0.5,50.19548437173162,50.24549828385716,0.0009953909073204,c83e226396044f5a391d05d05fdafb4991b0522a,0.0047019607988667556,0.0293748759666463,0.07670569202204919,0.028496689505156048,0.010329140962012087,0.008251573219612358,0.04874180579069974,-4.224813758502144e-05,0.006475105972148898,-0.01657034089030307,0.011077718570967114,-0.038282669289398615,0.005141987508792474
flybrain,0.05,oracle_spike_l1,2048,14252138,0.0501954843717316,7005707,3420.75537109375,2.034361128719771,2.0,3.0,2.034361128719771,100000,30828411,27248752,273.7687577864405,2.116633773173803,1917943702.8057709,14828516.041160123,0.1161155857173437,0.0033662072097782,0.1095178195861782,0.1227133518485091,22968146,1.3422246183910531,0.3019567408736148,0.3845437773020088,oracle_spike_l1,oracle_spike,0.05,128,1.0,50.19548437173162,50.24549828385716,0.0009953909073204,2bfa53158538d348da42e498e61450d4c48453d3,0.004776391590456397,0.026322707348993307,0.07676088688941679,0.028178888197278762,0.010345576067059936,0.007901559105841286,0.04845621728871624,3.183119134142487e-05,0.0034229373544959057,-0.016902884671054164,0.011094672352884664,-0.0386484424827081,0.004842673140599777
