dataset,input_rate,fanout_bin,fanin_degree_quartile,fanin_level,pair_count,mean_fanin_similarity,mean_fanout_similarity,mean_spike_jaccard,mean_spike_cosine,mean_lift,median_lift
uniform,0.001,"[-1e-12, 0.01)","(41.424, 60.15]",high,13719,0.011861173761642786,0.002613461154488588,0.0007073378711253192,0.001536832052494269,1.7119174583515588,0.0
uniform,0.001,"[-1e-12, 0.01)","(41.424, 60.15]",low_nonzero,400,0.008313403460502612,0.0025309964278658714,0.0,0.0,0.0,0.0
uniform,0.001,"[-1e-12, 0.01)","(41.424, 60.15]",zero,8785,0.0,0.0026285536459820565,0.00037699541968181695,0.0009446031451268767,0.8320268988098384,0.0
uniform,0.001,"[-1e-12, 0.01)","(60.15, 63.93]",high,4933,0.018017074009272993,0.0026654824900573288,0.0006427396960541091,0.0013201562072732219,1.5931763235813436,0.0
uniform,0.001,"[-1e-12, 0.01)","(60.15, 63.93]",low_nonzero,10551,0.008085457762553592,0.0026614039398912912,0.0002211480744321233,0.000496022904358859,0.5804198975196118,0.0
uniform,0.001,"[-1e-12, 0.01)","(60.15, 63.93]",zero,7247,0.0,0.0026732537430527933,0.0005684394258976844,0.0013967442452299823,1.2331371407093499,0.0
uniform,0.001,"[-1e-12, 0.01)","(63.93, 67.816]",high,5705,0.01735582089059527,0.0026356551875774256,0.0004615834063686824,0.001130607219311167,1.0613885823454725,0.0
uniform,0.001,"[-1e-12, 0.01)","(63.93, 67.816]",low_nonzero,10462,0.007634100569942324,0.002680589802462931,0.0005085676658989601,0.0012071722632260899,1.265793304221252,0.0
uniform,0.001,"[-1e-12, 0.01)","(63.93, 67.816]",zero,6569,0.0,0.0026160901028268913,0.0004583215536176413,0.0010900123725379404,0.8348162662989573,0.0
uniform,0.001,"[-1e-12, 0.01)","(67.816, 87.909]",high,6984,0.01631999824414279,0.0026465525390838296,0.0004319396716303933,0.0009559971672389183,1.0482844945126175,0.0
uniform,0.001,"[-1e-12, 0.01)","(67.816, 87.909]",low_nonzero,10286,0.007060700465317431,0.0026573961318766127,0.00033378702443450644,0.0007194599842136297,0.7766133480419195,0.0
uniform,0.001,"[-1e-12, 0.01)","(67.816, 87.909]",zero,5555,0.0,0.0026013993531001475,0.00042775706142042774,0.0009804926427666302,0.967418460395049,0.0
uniform,0.001,"[0.01, 0.05)","(41.424, 60.15]",high,1351,0.012019872785767119,0.017357750561901072,0.000308413520848754,0.0007374851058821969,0.5417989417989417,0.0
uniform,0.001,"[0.01, 0.05)","(41.424, 60.15]",low_nonzero,40,0.008307731315187424,0.01777194060419867,0.0,0.0,0.0,0.0
uniform,0.001,"[0.01, 0.05)","(41.424, 60.15]",zero,874,0.0,0.017352985678544094,0.0002288329519450801,0.0005872979910187271,0.42524916943521596,0.0
uniform,0.001,"[0.01, 0.05)","(60.15, 63.93]",high,456,0.018255415400202587,0.017463548634467117,0.0,0.0,0.0,0.0
uniform,0.001,"[0.01, 0.05)","(60.15, 63.93]",low_nonzero,1049,0.008089313782890347,0.01744623849891196,0.0,0.0,0.0,0.0
uniform,0.001,"[0.01, 0.05)","(60.15, 63.93]",zero,700,0.0,0.017287681290588146,0.00028571428571428574,0.0007215375318230076,0.5224489795918368,0.0
uniform,0.001,"[0.01, 0.05)","(63.93, 67.816]",high,546,0.017272466890233696,0.01692350373141651,0.00030525030525030525,0.0010828867121057376,0.905393457117595,0.0
uniform,0.001,"[0.01, 0.05)","(63.93, 67.816]",low_nonzero,1037,0.007639172525053903,0.017398346059744534,0.00040180006428801025,0.0011139107516067205,0.9313324238290132,0.0
uniform,0.001,"[0.01, 0.05)","(63.93, 67.816]",zero,652,0.0,0.017499879825444216,0.0015337423312883436,0.0022172949002217295,4.541019955654102,0.0
uniform,0.001,"[0.01, 0.05)","(67.816, 87.909]",high,659,0.016371936293921925,0.017341651442081465,0.00030349013657056146,0.0007199424046076314,0.49148068154547636,0.0
uniform,0.001,"[0.01, 0.05)","(67.816, 87.909]",low_nonzero,942,0.007054745070023229,0.017596313521146302,0.0,0.0,0.0,0.0
uniform,0.001,"[0.01, 0.05)","(67.816, 87.909]",zero,498,0.0,0.0172124199218414,0.0,0.0,0.0,0.0
uniform,0.005,"[-1e-12, 0.01)","(41.424, 60.15]",high,13719,0.011861173761642786,0.002613461154488588,0.002017721340513096,0.003932759946070067,1.0239325396240322,0.0
uniform,0.005,"[-1e-12, 0.01)","(41.424, 60.15]",low_nonzero,400,0.008313403460502612,0.0025309964278658714,0.002238227513227513,0.004330321138097641,1.125914085914086,0.0
uniform,0.005,"[-1e-12, 0.01)","(41.424, 60.15]",zero,8785,0.0,0.0026285536459820565,0.00198328567556094,0.0038365589820678605,0.998553964201119,0.0
uniform,0.005,"[-1e-12, 0.01)","(60.15, 63.93]",high,4933,0.018017074009272993,0.0026654824900573288,0.0018533239348852504,0.0036014640745690254,0.9028749553486374,0.0
uniform,0.005,"[-1e-12, 0.01)","(60.15, 63.93]",low_nonzero,10551,0.008085457762553592,0.0026614039398912912,0.001957504041711159,0.00381060926506668,1.0029006077648732,0.0
uniform,0.005,"[-1e-12, 0.01)","(60.15, 63.93]",zero,7247,0.0,0.0026732537430527933,0.0020708663740470717,0.004020366509907277,1.0265688575615857,0.0
uniform,0.005,"[-1e-12, 0.01)","(63.93, 67.816]",high,5705,0.01735582089059527,0.0026356551875774256,0.001803937800211113,0.003533262925927402,0.9859123576131714,0.0
uniform,0.005,"[-1e-12, 0.01)","(63.93, 67.816]",low_nonzero,10462,0.007634100569942324,0.002680589802462931,0.0018931829603246635,0.0036687968521128696,0.994083116905533,0.0
uniform,0.005,"[-1e-12, 0.01)","(63.93, 67.816]",zero,6569,0.0,0.0026160901028268913,0.0018594091973131105,0.003615727581513141,0.9830563767339832,0.0
uniform,0.005,"[-1e-12, 0.01)","(67.816, 87.909]",high,6984,0.01631999824414279,0.0026465525390838296,0.0018985384867613302,0.0036950059644297105,1.0376041277170696,0.0
uniform,0.005,"[-1e-12, 0.01)","(67.816, 87.909]",low_nonzero,10286,0.007060700465317431,0.0026573961318766127,0.0018391688401886072,0.0035864117934237445,0.9352344504213548,0.0
uniform,0.005,"[-1e-12, 0.01)","(67.816, 87.909]",zero,5555,0.0,0.0026013993531001475,0.0022423239597912955,0.004353407561959051,1.1752733236796236,0.0
uniform,0.005,"[0.01, 0.05)","(41.424, 60.15]",high,1351,0.012019872785767119,0.017357750561901072,0.0021318390299561573,0.0041105146519232905,1.0373800904171273,0.0
uniform,0.005,"[0.01, 0.05)","(41.424, 60.15]",low_nonzero,40,0.008307731315187424,0.01777194060419867,0.004020979020979021,0.007654207522355488,1.741831501831502,0.0
uniform,0.005,"[0.01, 0.05)","(41.424, 60.15]",zero,874,0.0,0.017352985678544094,0.0027070855826054163,0.0053274139420195835,1.3214004786532012,0.0
uniform,0.005,"[0.01, 0.05)","(60.15, 63.93]",high,456,0.018255415400202587,0.017463548634467117,0.001276945549119055,0.0024338946838655478,0.6369882652959575,0.0
uniform,0.005,"[0.01, 0.05)","(60.15, 63.93]",low_nonzero,1049,0.008089313782890347,0.01744623849891196,0.002540085888756449,0.004887723297820791,1.2967563776459943,0.0
uniform,0.005,"[0.01, 0.05)","(60.15, 63.93]",zero,700,0.0,0.017287681290588146,0.0017994198535537498,0.0034366461485990374,0.8110615776424074,0.0
uniform,0.005,"[0.01, 0.05)","(63.93, 67.816]",high,546,0.017272466890233696,0.01692350373141651,0.002032801476589113,0.003918905515218251,0.9560016965245632,0.0
uniform,0.005,"[0.01, 0.05)","(63.93, 67.816]",low_nonzero,1037,0.007639172525053903,0.017398346059744534,0.0023067535391790997,0.004462303712083598,1.1198979629153711,0.0
uniform,0.005,"[0.01, 0.05)","(63.93, 67.816]",zero,652,0.0,0.017499879825444216,0.0013222705129840118,0.002571542028920788,0.5942426414537354,0.0
uniform,0.005,"[0.01, 0.05)","(67.816, 87.909]",high,659,0.016371936293921925,0.017341651442081465,0.0016503371868588483,0.003186228015531724,0.8187216222732109,0.0
uniform,0.005,"[0.01, 0.05)","(67.816, 87.909]",low_nonzero,942,0.007054745070023229,0.017596313521146302,0.0018037388868611382,0.0035389078642873856,0.9412371255901024,0.0
uniform,0.005,"[0.01, 0.05)","(67.816, 87.909]",zero,498,0.0,0.0172124199218414,0.002023819992132872,0.0039031345472366873,0.9461133848230622,0.0
uniform,0.01,"[-1e-12, 0.01)","(41.424, 60.15]",high,13719,0.011861173761642786,0.002613461154488588,0.003829120084533364,0.007567045819934507,1.0150525384348883,0.0
uniform,0.01,"[-1e-12, 0.01)","(41.424, 60.15]",low_nonzero,400,0.008313403460502612,0.0025309964278658714,0.004411508567140822,0.008760047947342817,1.1544091927448235,0.0
uniform,0.01,"[-1e-12, 0.01)","(41.424, 60.15]",zero,8785,0.0,0.0026285536459820565,0.003791345163597049,0.007503139783271594,1.0186399283451557,0.0
uniform,0.01,"[-1e-12, 0.01)","(60.15, 63.93]",high,4933,0.018017074009272993,0.0026654824900573288,0.003620291016300996,0.00715759825392942,0.978589029601293,0.0
uniform,0.01,"[-1e-12, 0.01)","(60.15, 63.93]",low_nonzero,10551,0.008085457762553592,0.0026614039398912912,0.003702819066983925,0.007334454046293574,1.003943423426545,0.0
uniform,0.01,"[-1e-12, 0.01)","(60.15, 63.93]",zero,7247,0.0,0.0026732537430527933,0.0035214548945108545,0.006981204306763644,0.9357816684390049,0.0
uniform,0.01,"[-1e-12, 0.01)","(63.93, 67.816]",high,5705,0.01735582089059527,0.0026356551875774256,0.0033992987636984663,0.006723073288208806,0.907088771820578,0.0
uniform,0.01,"[-1e-12, 0.01)","(63.93, 67.816]",low_nonzero,10462,0.007634100569942324,0.002680589802462931,0.003709948875469651,0.007359308142929558,1.017774145290916,0.0
uniform,0.01,"[-1e-12, 0.01)","(63.93, 67.816]",zero,6569,0.0,0.0026160901028268913,0.003659687162289204,0.007267279618690491,1.0091617473760184,0.0
uniform,0.01,"[-1e-12, 0.01)","(67.816, 87.909]",high,6984,0.01631999824414279,0.0026465525390838296,0.0035801300760355784,0.00708815470373013,0.9927686676328897,0.0
uniform,0.01,"[-1e-12, 0.01)","(67.816, 87.909]",low_nonzero,10286,0.007060700465317431,0.0026573961318766127,0.0034513707951959335,0.006842708976117264,0.9403639910652557,0.0
uniform,0.01,"[-1e-12, 0.01)","(67.816, 87.909]",zero,5555,0.0,0.0026013993531001475,0.0034331511234425367,0.006822110614627187,0.9655158104246968,0.0
uniform,0.01,"[0.01, 0.05)","(41.424, 60.15]",high,1351,0.012019872785767119,0.017357750561901072,0.003905512532543718,0.007767290547236264,1.0716771624255137,0.0
uniform,0.01,"[0.01, 0.05)","(41.424, 60.15]",low_nonzero,40,0.008307731315187424,0.01777194060419867,0.0023965141612200436,0.00456806496287636,0.8946628679962012,0.0
uniform,0.01,"[0.01, 0.05)","(41.424, 60.15]",zero,874,0.0,0.017352985678544094,0.004343515541216196,0.0086157208369728,1.1809315998196057,0.0
uniform,0.01,"[0.01, 0.05)","(60.15, 63.93]",high,456,0.018255415400202587,0.017463548634467117,0.004044464110663708,0.008172836902054628,1.1569144376811678,0.0
uniform,0.01,"[0.01, 0.05)","(60.15, 63.93]",low_nonzero,1049,0.008089313782890347,0.01744623849891196,0.0035818275285077394,0.007115723843918736,0.9587128995388774,0.0
uniform,0.01,"[0.01, 0.05)","(60.15, 63.93]",zero,700,0.0,0.017287681290588146,0.0035740958393944973,0.007014000140039156,0.9186475118818656,0.0
uniform,0.01,"[0.01, 0.05)","(63.93, 67.816]",high,546,0.017272466890233696,0.01692350373141651,0.003178560475607806,0.006298394330053316,0.8807795317534655,0.0
uniform,0.01,"[0.01, 0.05)","(63.93, 67.816]",low_nonzero,1037,0.007639172525053903,0.017398346059744534,0.003593386756404545,0.007122597616870057,0.9719351056673767,0.0
uniform,0.01,"[0.01, 0.05)","(63.93, 67.816]",zero,652,0.0,0.017499879825444216,0.0035841354781688023,0.0070344651667598405,1.0070674891770508,0.0
uniform,0.01,"[0.01, 0.05)","(67.816, 87.909]",high,659,0.016371936293921925,0.017341651442081465,0.0034461605809893545,0.006873847643918467,0.9844000113720509,0.0
uniform,0.01,"[0.01, 0.05)","(67.816, 87.909]",low_nonzero,942,0.007054745070023229,0.017596313521146302,0.0031089982413974055,0.006124200161141492,0.8379164664442197,0.0
uniform,0.01,"[0.01, 0.05)","(67.816, 87.909]",zero,498,0.0,0.0172124199218414,0.002941070527135089,0.005818770987815117,0.7902581961942003,0.0
uniform,0.02,"[-1e-12, 0.01)","(41.424, 60.15]",high,13719,0.011861173761642786,0.002613461154488588,0.007587789322153928,0.015176594953271765,1.0069436091546557,0.0
uniform,0.02,"[-1e-12, 0.01)","(41.424, 60.15]",low_nonzero,400,0.008313403460502612,0.0025309964278658714,0.007064019468783974,0.014137295621394777,0.9192475366151919,0.0
uniform,0.02,"[-1e-12, 0.01)","(41.424, 60.15]",zero,8785,0.0,0.0026285536459820565,0.007526644983422189,0.015071160671399221,1.01108079315022,0.0
uniform,0.02,"[-1e-12, 0.01)","(60.15, 63.93]",high,4933,0.018017074009272993,0.0026654824900573288,0.007629285738922048,0.015272410796480224,1.0230490259150606,0.0
uniform,0.02,"[-1e-12, 0.01)","(60.15, 63.93]",low_nonzero,10551,0.008085457762553592,0.0026614039398912912,0.007414008433460759,0.014863054749144585,1.0029684875737885,0.0
uniform,0.02,"[-1e-12, 0.01)","(60.15, 63.93]",zero,7247,0.0,0.0026732537430527933,0.00720222323143469,0.014442695659884803,0.9623045311653254,0.0
uniform,0.02,"[-1e-12, 0.01)","(63.93, 67.816]",high,5705,0.01735582089059527,0.0026356551875774256,0.0074082708300859485,0.01482756585902052,1.0046941939139304,0.0
uniform,0.02,"[-1e-12, 0.01)","(63.93, 67.816]",low_nonzero,10462,0.007634100569942324,0.002680589802462931,0.007226013498928188,0.014478329735816099,0.9775382374160346,0.0
uniform,0.02,"[-1e-12, 0.01)","(63.93, 67.816]",zero,6569,0.0,0.0026160901028268913,0.007433997680620078,0.014898959913909604,1.0054489072858295,0.0
uniform,0.02,"[-1e-12, 0.01)","(67.816, 87.909]",high,6984,0.01631999824414279,0.0026465525390838296,0.007553240518221428,0.015151647206894665,1.023758259437494,0.0
uniform,0.02,"[-1e-12, 0.01)","(67.816, 87.909]",low_nonzero,10286,0.007060700465317431,0.0026573961318766127,0.007261290680048804,0.01456911797898921,0.9785540326177714,0.0
uniform,0.02,"[-1e-12, 0.01)","(67.816, 87.909]",zero,5555,0.0,0.0026013993531001475,0.007350010304959461,0.014766123965674675,0.9932018255211466,0.0
uniform,0.02,"[0.01, 0.05)","(41.424, 60.15]",high,1351,0.012019872785767119,0.017357750561901072,0.007112298710978033,0.014196224352706994,0.9500880011390156,0.0
uniform,0.02,"[0.01, 0.05)","(41.424, 60.15]",low_nonzero,40,0.008307731315187424,0.01777194060419867,0.008502364163089342,0.016706532565496698,0.9741123583295253,0.0
uniform,0.02,"[0.01, 0.05)","(41.424, 60.15]",zero,874,0.0,0.017352985678544094,0.008001296524935643,0.015990756109926976,1.0663875453970555,0.0
uniform,0.02,"[0.01, 0.05)","(60.15, 63.93]",high,456,0.018255415400202587,0.017463548634467117,0.007095117682134607,0.014245020835720589,0.9606900642616145,0.0
uniform,0.02,"[0.01, 0.05)","(60.15, 63.93]",low_nonzero,1049,0.008089313782890347,0.01744623849891196,0.008322706467527823,0.01668789976225973,1.097700327282685,0.0
uniform,0.02,"[0.01, 0.05)","(60.15, 63.93]",zero,700,0.0,0.017287681290588146,0.008049094725123803,0.016134148263032513,1.0724141235869207,0.0
uniform,0.02,"[0.01, 0.05)","(63.93, 67.816]",high,546,0.017272466890233696,0.01692350373141651,0.007848675077336605,0.015686149065651675,1.0585652468217275,0.0
uniform,0.02,"[0.01, 0.05)","(63.93, 67.816]",low_nonzero,1037,0.007639172525053903,0.017398346059744534,0.007029679952973155,0.014098322089900903,0.9664649505183465,0.0
uniform,0.02,"[0.01, 0.05)","(63.93, 67.816]",zero,652,0.0,0.017499879825444216,0.007988300785515528,0.015969713121013616,1.0679642131426157,0.0
uniform,0.02,"[0.01, 0.05)","(67.816, 87.909]",high,659,0.016371936293921925,0.017341651442081465,0.007012616454305825,0.014140314418752287,0.9713365366150727,0.0
uniform,0.02,"[0.01, 0.05)","(67.816, 87.909]",low_nonzero,942,0.007054745070023229,0.017596313521146302,0.007575122839309043,0.015210818875462533,1.04322160191519,0.0
uniform,0.02,"[0.01, 0.05)","(67.816, 87.909]",zero,498,0.0,0.0172124199218414,0.007341076472133783,0.014715393279250725,0.9562616010644209,0.0
uniform,0.05,"[-1e-12, 0.01)","(41.424, 60.15]",high,13719,0.011861173761642786,0.002613461154488588,0.021403007628421195,0.04427574140073395,1.0106811264592876,0.9570093457943926
uniform,0.05,"[-1e-12, 0.01)","(41.424, 60.15]",low_nonzero,400,0.008313403460502612,0.0025309964278658714,0.021683168570367187,0.044885922502419566,0.9890388356224584,0.9620896422515856
uniform,0.05,"[-1e-12, 0.01)","(41.424, 60.15]",zero,8785,0.0,0.0026285536459820565,0.02136632916544371,0.04419188110051428,1.000254536235446,0.960500260552371
uniform,0.05,"[-1e-12, 0.01)","(60.15, 63.93]",high,4933,0.018017074009272993,0.0026654824900573288,0.021678904116262644,0.045046144598884855,1.004158428074795,0.9592956878379757
uniform,0.05,"[-1e-12, 0.01)","(60.15, 63.93]",low_nonzero,10551,0.008085457762553592,0.0026614039398912912,0.021333170978251596,0.04438129230365335,1.0098446089975421,0.951451800232288
uniform,0.05,"[-1e-12, 0.01)","(60.15, 63.93]",zero,7247,0.0,0.0026732537430527933,0.02122999066508363,0.04431152468291136,1.0200894389500121,0.9581286549707603
uniform,0.05,"[-1e-12, 0.01)","(63.93, 67.816]",high,5705,0.01735582089059527,0.0026356551875774256,0.02160365880586209,0.04506921132225268,0.9981937392204918,0.9507524824761268
uniform,0.05,"[-1e-12, 0.01)","(63.93, 67.816]",low_nonzero,10462,0.007634100569942324,0.002680589802462931,0.02112690297847162,0.044151044369703775,0.9965395167596539,0.9464927595768717
uniform,0.05,"[-1e-12, 0.01)","(63.93, 67.816]",zero,6569,0.0,0.0026160901028268913,0.021351672231986252,0.044714906358673895,1.0111822090307439,0.9547785547785548
uniform,0.05,"[-1e-12, 0.01)","(67.816, 87.909]",high,6984,0.01631999824414279,0.0026465525390838296,0.0214539584480669,0.044999859548619646,0.9922047468491926,0.9518678013048926
uniform,0.05,"[-1e-12, 0.01)","(67.816, 87.909]",low_nonzero,10286,0.007060700465317431,0.0026573961318766127,0.02115560106063949,0.04425617245133991,0.9990447522096214,0.943778801843318
uniform,0.05,"[-1e-12, 0.01)","(67.816, 87.909]",zero,5555,0.0,0.0026013993531001475,0.021438034586160507,0.044949167461753876,1.001687554875798,0.9498394625596192
uniform,0.05,"[0.01, 0.05)","(41.424, 60.15]",high,1351,0.012019872785767119,0.017357750561901072,0.021370278672950917,0.044303934433277924,1.0135096981043044,0.9455216989843028
uniform,0.05,"[0.01, 0.05)","(41.424, 60.15]",low_nonzero,40,0.008307731315187424,0.01777194060419867,0.02098847712932134,0.04291392778247983,0.8794317371778453,0.8304358780549257
uniform,0.05,"[0.01, 0.05)","(41.424, 60.15]",zero,874,0.0,0.017352985678544094,0.020070372374926412,0.04160566227905031,0.9788264627593497,0.913542961779221
uniform,0.05,"[0.01, 0.05)","(60.15, 63.93]",high,456,0.018255415400202587,0.017463548634467117,0.0210284529497435,0.044004600592339835,1.0070825199179778,0.9311318497248146
uniform,0.05,"[0.01, 0.05)","(60.15, 63.93]",low_nonzero,1049,0.008089313782890347,0.01744623849891196,0.02167990551652875,0.04519660876385486,1.029897195613775,0.9592505854800937
uniform,0.05,"[0.01, 0.05)","(60.15, 63.93]",zero,700,0.0,0.017287681290588146,0.021642507268562202,0.045090622406041,1.0196524923872081,0.9592558466061165
uniform,0.05,"[0.01, 0.05)","(63.93, 67.816]",high,546,0.017272466890233696,0.01692350373141651,0.020875923080084326,0.04377919398290022,0.9652165928960109,0.9287981859410431
uniform,0.05,"[0.01, 0.05)","(63.93, 67.816]",low_nonzero,1037,0.007639172525053903,0.017398346059744534,0.02053044818247276,0.04286166777982181,0.9716786178037625,0.9452307692307692
uniform,0.05,"[0.01, 0.05)","(63.93, 67.816]",zero,652,0.0,0.017499879825444216,0.020032051787912942,0.04234980035015732,1.0108117245792363,0.8952614093372967
uniform,0.05,"[0.01, 0.05)","(67.816, 87.909]",high,659,0.016371936293921925,0.017341651442081465,0.021288741747631262,0.04431008088431089,0.9454752022194852,0.9399198931909212
uniform,0.05,"[0.01, 0.05)","(67.816, 87.909]",low_nonzero,942,0.007054745070023229,0.017596313521146302,0.022063808558904184,0.045893993252880995,1.024469315991778,0.9896272538302047
uniform,0.05,"[0.01, 0.05)","(67.816, 87.909]",zero,498,0.0,0.0172124199218414,0.021493404293191812,0.04495676025507205,0.970783729661109,0.9346269509359797
uniform,0.1,"[-1e-12, 0.01)","(41.424, 60.15]",high,13719,0.011861173761642786,0.002613461154488588,0.045572837982563744,0.09500615773412605,1.0100041694985455,0.9903872238538386
uniform,0.1,"[-1e-12, 0.01)","(41.424, 60.15]",low_nonzero,400,0.008313403460502612,0.0025309964278658714,0.0456765807322065,0.094620749665423,0.9378581215960622,0.9626171152821734
uniform,0.1,"[-1e-12, 0.01)","(41.424, 60.15]",zero,8785,0.0,0.0026285536459820565,0.04513620168637012,0.09399449869546822,1.0106389487567295,0.9840224564883688
uniform,0.1,"[-1e-12, 0.01)","(60.15, 63.93]",high,4933,0.018017074009272993,0.0026654824900573288,0.046612132649498796,0.09718211132069085,1.0444321917156023,0.9888942539835828
uniform,0.1,"[-1e-12, 0.01)","(60.15, 63.93]",low_nonzero,10551,0.008085457762553592,0.0026614039398912912,0.04533453090684192,0.09526812547159763,1.0198247290510047,0.9915383854811268
uniform,0.1,"[-1e-12, 0.01)","(60.15, 63.93]",zero,7247,0.0,0.0026732537430527933,0.04472316437870805,0.09400916059395156,1.0066144488214124,0.9850471802602171
uniform,0.1,"[-1e-12, 0.01)","(63.93, 67.816]",high,5705,0.01735582089059527,0.0026356551875774256,0.046314135269091214,0.09761978150036338,1.035064633585744,0.9939431588756018
uniform,0.1,"[-1e-12, 0.01)","(63.93, 67.816]",low_nonzero,10462,0.007634100569942324,0.002680589802462931,0.04503457902644701,0.09492678818274834,1.0250704148176424,0.9868418164297623
uniform,0.1,"[-1e-12, 0.01)","(63.93, 67.816]",zero,6569,0.0,0.0026160901028268913,0.04505570149996828,0.09519027707271924,1.0204880480893463,0.9829035062300783
uniform,0.1,"[-1e-12, 0.01)","(67.816, 87.909]",high,6984,0.01631999824414279,0.0026465525390838296,0.04554303745242827,0.09610461551798474,1.1228614908829373,0.9888063020138492
uniform,0.1,"[-1e-12, 0.01)","(67.816, 87.909]",low_nonzero,10286,0.007060700465317431,0.0026573961318766127,0.04533301991563866,0.09558280961947602,1.0175738837519865,0.9842783030047666
uniform,0.1,"[-1e-12, 0.01)","(67.816, 87.909]",zero,5555,0.0,0.0026013993531001475,0.04580025000966837,0.09626088706024806,1.1873718016760997,0.9831838257482237
uniform,0.1,"[0.01, 0.05)","(41.424, 60.15]",high,1351,0.012019872785767119,0.017357750561901072,0.04581492374079217,0.09521420450932228,0.9980721533811522,0.9944380683323033
uniform,0.1,"[0.01, 0.05)","(41.424, 60.15]",low_nonzero,40,0.008307731315187424,0.01777194060419867,0.04522182953852947,0.0976251398447391,1.1799647356003293,1.0579335819469702
uniform,0.1,"[0.01, 0.05)","(41.424, 60.15]",zero,874,0.0,0.017352985678544094,0.044305726604942273,0.09288202186517935,1.0074600723970484,0.990193769747006
uniform,0.1,"[0.01, 0.05)","(60.15, 63.93]",high,456,0.018255415400202587,0.017463548634467117,0.04519233542202346,0.09505334152078737,0.9557467686329142,0.9868115300024092
uniform,0.1,"[0.01, 0.05)","(60.15, 63.93]",low_nonzero,1049,0.008089313782890347,0.01744623849891196,0.04612908051989992,0.09644991690399937,1.0201483184300155,0.9790571123429792
uniform,0.1,"[0.01, 0.05)","(60.15, 63.93]",zero,700,0.0,0.017287681290588146,0.045729231915543636,0.09669725999381901,1.087034133078239,0.9827533836290485
uniform,0.1,"[0.01, 0.05)","(63.93, 67.816]",high,546,0.017272466890233696,0.01692350373141651,0.045050167013190624,0.09527303863603216,0.9751976096878849,0.9718136091866755
uniform,0.1,"[0.01, 0.05)","(63.93, 67.816]",low_nonzero,1037,0.007639172525053903,0.017398346059744534,0.044385594654315075,0.09352791346869681,1.0612910555878095,0.9843787551069454
uniform,0.1,"[0.01, 0.05)","(63.93, 67.816]",zero,652,0.0,0.017499879825444216,0.04296848310937369,0.09134224668676603,1.0469208513067856,0.9863767717077199
uniform,0.1,"[0.01, 0.05)","(67.816, 87.909]",high,659,0.016371936293921925,0.017341651442081465,0.04684344967452967,0.09763576179599268,0.977644733650499,0.9748402012783898
uniform,0.1,"[0.01, 0.05)","(67.816, 87.909]",low_nonzero,942,0.007054745070023229,0.017596313521146302,0.045702117246151495,0.09581666611753817,1.0239842538593544,0.9853906044965445
uniform,0.1,"[0.01, 0.05)","(67.816, 87.909]",zero,498,0.0,0.0172124199218414,0.04761707676259207,0.10059430954351917,1.0193036846247527,0.9944516248812848
community,0.001,"[-1e-12, 0.01)","(36.877, 55.444]",high,3,0.08116803710731606,0.00877785660394356,0.0,0.0,0.0,0.0
community,0.001,"[-1e-12, 0.01)","(36.877, 55.444]",low_nonzero,4774,0.010383266695027009,0.0009772012754852939,0.00044346450923744596,0.00119384979662151,1.0654515075567708,0.0
community,0.001,"[-1e-12, 0.01)","(36.877, 55.444]",zero,12093,0.0,0.0010416578616469967,0.0004207471461254641,0.0010394033167314808,0.9282603718161359,0.0
community,0.001,"[-1e-12, 0.01)","(55.444, 58.788]",low_nonzero,5261,0.009763016343392144,0.0010505734253359184,0.0006272571754419312,0.0013523682165702102,1.4721995217772934,0.0
community,0.001,"[-1e-12, 0.01)","(55.444, 58.788]",zero,10773,0.0,0.0010211811152675623,0.00046703325038050745,0.0011652036079684868,0.9338742971029966,0.0
community,0.001,"[-1e-12, 0.01)","(58.788, 62.0]",high,1,0.08849557522123894,0.008620689655172414,0.0,,,
community,0.001,"[-1e-12, 0.01)","(58.788, 62.0]",low_nonzero,5610,0.009379302348435745,0.0009990281849876653,0.0005767761650114591,0.0013862656147735697,1.4150861348051513,0.0
community,0.001,"[-1e-12, 0.01)","(58.788, 62.0]",zero,10085,0.0,0.0009958795343979136,0.000482682909554501,0.0010298397427867853,1.2210770457345799,0.0
community,0.001,"[-1e-12, 0.01)","(62.0, 83.994]",high,2,0.14285714285714285,0.0,0.0,0.0,0.0,0.0
community,0.001,"[-1e-12, 0.01)","(62.0, 83.994]",low_nonzero,6075,0.008866941252252935,0.001093428343885915,0.00036370762296688224,0.0009266312119232522,0.7834076856852156,0.0
community,0.001,"[-1e-12, 0.01)","(62.0, 83.994]",zero,9029,0.0,0.0010168510708042783,0.0003802562114667553,0.0008808901080128173,0.8317409368925979,0.0
community,0.001,"[0.01, 0.05)","(36.877, 55.444]",high,375,0.09547663811659084,0.04028197772402781,0.0,0.0,0.0,0.0
community,0.001,"[0.01, 0.05)","(36.877, 55.444]",low_nonzero,194,0.047157994895297234,0.03662658627963633,0.0,0.0,0.0,0.0
community,0.001,"[0.01, 0.05)","(36.877, 55.444]",zero,114,0.0,0.01765311479900848,0.0,0.0,0.0,0.0
community,0.001,"[0.01, 0.05)","(55.444, 58.788]",high,449,0.10099630506250272,0.04019004340960131,0.0003711952487008166,0.0009222847750633001,0.5452609158679446,0.0
community,0.001,"[0.01, 0.05)","(55.444, 58.788]",low_nonzero,177,0.04522907728667865,0.03525641760966653,0.0011299435028248588,0.0028059792904228074,2.0317460317460316,0.0
community,0.001,"[0.01, 0.05)","(55.444, 58.788]",zero,91,0.0,0.017538644339923918,0.004578754578754578,0.010349657949724301,7.801904761904762,0.0
community,0.001,"[0.01, 0.05)","(58.788, 62.0]",high,521,0.09987598613102178,0.0402883013189605,0.0009596928982725527,0.0019696567721073747,2.852367688022284,0.0
community,0.001,"[0.01, 0.05)","(58.788, 62.0]",low_nonzero,122,0.03752735974581817,0.031041010679339252,0.0,0.0,0.0,0.0
community,0.001,"[0.01, 0.05)","(58.788, 62.0]",zero,97,0.0,0.01745457863654226,0.0,0.0,0.0,0.0
community,0.001,"[0.01, 0.05)","(62.0, 83.994]",high,559,0.1056231552707415,0.04048806054637482,0.0,0.0,0.0,0.0
community,0.001,"[0.01, 0.05)","(62.0, 83.994]",low_nonzero,110,0.04183431473012883,0.03282640207179929,0.0,0.0,0.0,0.0
community,0.001,"[0.01, 0.05)","(62.0, 83.994]",zero,67,0.0,0.017584808159857426,0.0,0.0,0.0,0.0
community,0.001,"[0.05, 0.1)","(36.877, 55.444]",high,3696,0.09596798057468897,0.07690538271650088,0.0004380540094825809,0.0010932561784289087,0.999536213126247,0.0
community,0.001,"[0.05, 0.1)","(36.877, 55.444]",low_nonzero,1525,0.054939857768940205,0.07703933077394005,0.0009836065573770492,0.0016364822823374317,2.498322659347362,0.0
community,0.001,"[0.05, 0.1)","(55.444, 58.788]",high,4349,0.0998697899349343,0.07664116043593237,0.00035476135729067436,0.0008956615321314642,0.873490813648294,0.0
community,0.001,"[0.05, 0.1)","(55.444, 58.788]",low_nonzero,1353,0.056949953012431775,0.07644155864740759,0.00014781966001478197,0.0003447087211306446,0.2353211536251867,0.0
community,0.001,"[0.05, 0.1)","(58.788, 62.0]",high,4936,0.10077351640513058,0.07667875257484753,0.00035116153430578067,0.0008068325853453675,0.6755046892385947,0.0
community,0.001,"[0.05, 0.1)","(58.788, 62.0]",low_nonzero,862,0.056419405941588625,0.07670971475859512,0.0010634184068058778,0.0023828228265039986,2.3102086858432034,0.0
community,0.001,"[0.05, 0.1)","(62.0, 83.994]",high,5534,0.10615125922256097,0.07652017658070934,0.0004082984838315521,0.0009303620915990444,0.9848154922625787,0.0
community,0.001,"[0.05, 0.1)","(62.0, 83.994]",low_nonzero,748,0.05960011090863956,0.07594945726906775,0.0002228163992869875,0.0007790997909615708,0.6513994910941475,0.0
community,0.001,"[0.1, 0.2)","(36.877, 55.444]",high,1727,0.09705633145240687,0.11668190708734022,0.00031019935478534204,0.000783228639419914,0.5293631100082713,0.0
community,0.001,"[0.1, 0.2)","(36.877, 55.444]",low_nonzero,747,0.05420129734023762,0.11561415592630878,0.0011952572193536049,0.002651648574126586,2.8993564993564998,0.0
community,0.001,"[0.1, 0.2)","(55.444, 58.788]",high,1892,0.09862374008580412,0.11629736716005792,0.0006342494714587737,0.0011005426581748728,1.8688973384030418,0.0
community,0.001,"[0.1, 0.2)","(55.444, 58.788]",low_nonzero,622,0.056756893076125144,0.11609130169133447,0.0019292604501607716,0.0029297692437083847,4.987012987012987,0.0
community,0.001,"[0.1, 0.2)","(58.788, 62.0]",high,2225,0.100508847408714,0.11648825855836122,0.00042696629213483144,0.0011243264194946395,1.0283336919876622,0.0
community,0.001,"[0.1, 0.2)","(58.788, 62.0]",low_nonzero,406,0.05539183139687117,0.11690096339611046,0.0,0.0,0.0,0.0
community,0.001,"[0.1, 0.2)","(62.0, 83.994]",high,2455,0.10575556025854778,0.11617566389090277,0.0005940257976917854,0.0013891065145689619,1.1878266536331052,0.0
community,0.001,"[0.1, 0.2)","(62.0, 83.994]",low_nonzero,339,0.059057820535890884,0.11705693509128892,0.0007374631268436578,0.0017153289515288365,1.4341736694677871,0.0
community,0.001,"[0.2, 0.3)","(58.788, 62.0]",high,1,0.09090909090909091,0.21,0.0,0.0,0.0,0.0
community,0.001,"[0.2, 0.3)","(62.0, 83.994]",high,1,0.13445378151260504,0.20202020202020202,0.0,0.0,0.0,0.0
community,0.005,"[-1e-12, 0.01)","(36.877, 55.444]",high,3,0.08116803710731606,0.00877785660394356,0.0,0.0,0.0,0.0
community,0.005,"[-1e-12, 0.01)","(36.877, 55.444]",low_nonzero,4774,0.010383266695027009,0.0009772012754852939,0.0018103883728108003,0.003540115445490644,0.9017156620036408,0.0
community,0.005,"[-1e-12, 0.01)","(36.877, 55.444]",zero,12093,0.0,0.0010416578616469967,0.0019285313226231528,0.0037434883347714394,1.0005332865822911,0.0
community,0.005,"[-1e-12, 0.01)","(55.444, 58.788]",low_nonzero,5261,0.009763016343392144,0.0010505734253359184,0.0019683022367628345,0.0038140358680242184,1.005598159188228,0.0
community,0.005,"[-1e-12, 0.01)","(55.444, 58.788]",zero,10773,0.0,0.0010211811152675623,0.0019190907078948573,0.00372563753363155,1.0595575398036685,0.0
community,0.005,"[-1e-12, 0.01)","(58.788, 62.0]",high,1,0.08849557522123894,0.008620689655172414,0.0,0.0,0.0,0.0
community,0.005,"[-1e-12, 0.01)","(58.788, 62.0]",low_nonzero,5610,0.009379302348435745,0.0009990281849876653,0.001713305565358972,0.0033065123522429763,0.9482145391187782,0.0
community,0.005,"[-1e-12, 0.01)","(58.788, 62.0]",zero,10085,0.0,0.0009958795343979136,0.0018822790523190251,0.003639385341204494,0.9375894977619641,0.0
community,0.005,"[-1e-12, 0.01)","(62.0, 83.994]",high,2,0.14285714285714285,0.0,0.0,0.0,0.0,0.0
community,0.005,"[-1e-12, 0.01)","(62.0, 83.994]",low_nonzero,6075,0.008866941252252935,0.001093428343885915,0.0020137636028083306,0.003909651407683149,1.0984551654891683,0.0
community,0.005,"[-1e-12, 0.01)","(62.0, 83.994]",zero,9029,0.0,0.0010168510708042783,0.002031926457292931,0.0039532404209366235,1.052731823299055,0.0
community,0.005,"[0.01, 0.05)","(36.877, 55.444]",high,375,0.09547663811659084,0.04028197772402781,0.0016577445945866996,0.0031856983857421516,0.8164351891777406,0.0
community,0.005,"[0.01, 0.05)","(36.877, 55.444]",low_nonzero,194,0.047157994895297234,0.03662658627963633,0.0028641210090892513,0.005530127571650196,1.2315974590240566,0.0
community,0.005,"[0.01, 0.05)","(36.877, 55.444]",zero,114,0.0,0.01765311479900848,0.0015126199336725652,0.002919115015302,0.6820012995451592,0.0
community,0.005,"[0.01, 0.05)","(55.444, 58.788]",high,449,0.10099630506250272,0.04019004340960131,0.0019036801331125234,0.0036555546355268418,0.917161668104504,0.0
community,0.005,"[0.01, 0.05)","(55.444, 58.788]",low_nonzero,177,0.04522907728667865,0.03525641760966653,0.0027171951681318317,0.00527348936211878,1.290927890478848,0.0
community,0.005,"[0.01, 0.05)","(55.444, 58.788]",zero,91,0.0,0.017538644339923918,0.0,0.0,0.0,0.0
community,0.005,"[0.01, 0.05)","(58.788, 62.0]",high,521,0.09987598613102178,0.0402883013189605,0.0019804644765864334,0.003835620666898653,1.035153854212226,0.0
community,0.005,"[0.01, 0.05)","(58.788, 62.0]",low_nonzero,122,0.03752735974581817,0.031041010679339252,0.001058743169398907,0.0021920414612847474,0.6040735221063089,0.0
community,0.005,"[0.01, 0.05)","(58.788, 62.0]",zero,97,0.0,0.01745457863654226,0.0050052459895711405,0.009646817424655396,2.8246411091771915,0.0
community,0.005,"[0.01, 0.05)","(62.0, 83.994]",high,559,0.1056231552707415,0.04048806054637482,0.0015872733695914188,0.0033011444991633714,1.0374707252126607,0.0
community,0.005,"[0.01, 0.05)","(62.0, 83.994]",low_nonzero,110,0.04183431473012883,0.03282640207179929,0.0013612056392805056,0.0025305410282957207,0.49024824782400533,0.0
community,0.005,"[0.01, 0.05)","(62.0, 83.994]",zero,67,0.0,0.017584808159857426,0.0,0.0,0.0,0.0
community,0.005,"[0.05, 0.1)","(36.877, 55.444]",high,3696,0.09596798057468897,0.07690538271650088,0.002215387022172827,0.004313444323178405,1.1337378886494345,0.0
community,0.005,"[0.05, 0.1)","(36.877, 55.444]",low_nonzero,1525,0.054939857768940205,0.07703933077394005,0.0016498267100051424,0.003188509291809287,0.7548071392188579,0.0
community,0.005,"[0.05, 0.1)","(55.444, 58.788]",high,4349,0.0998697899349343,0.07664116043593237,0.0018184471939973086,0.003594227005529767,0.9948834718271664,0.0
community,0.005,"[0.05, 0.1)","(55.444, 58.788]",low_nonzero,1353,0.056949953012431775,0.07644155864740759,0.0021720108749669798,0.00423863635905482,1.0873187169875826,0.0
community,0.005,"[0.05, 0.1)","(58.788, 62.0]",high,4936,0.10077351640513058,0.07667875257484753,0.0020169425187010455,0.0038782354888494204,1.047881544454789,0.0
community,0.005,"[0.05, 0.1)","(58.788, 62.0]",low_nonzero,862,0.056419405941588625,0.07670971475859512,0.0020411295324108784,0.003925435956697225,0.9781365814157771,0.0
community,0.005,"[0.05, 0.1)","(62.0, 83.994]",high,5534,0.10615125922256097,0.07652017658070934,0.0019925642868231456,0.0038625562293266025,1.0451429960753538,0.0
community,0.005,"[0.05, 0.1)","(62.0, 83.994]",low_nonzero,748,0.05960011090863956,0.07594945726906775,0.001551779188014515,0.0030768040129235726,0.8663485743139971,0.0
community,0.005,"[0.1, 0.2)","(36.877, 55.444]",high,1727,0.09705633145240687,0.11668190708734022,0.001793097266972896,0.0034650590881056213,0.8384379732328058,0.0
community,0.005,"[0.1, 0.2)","(36.877, 55.444]",low_nonzero,747,0.05420129734023762,0.11561415592630878,0.0016353060035529854,0.0031201473422540643,0.788353062883894,0.0
community,0.005,"[0.1, 0.2)","(55.444, 58.788]",high,1892,0.09862374008580412,0.11629736716005792,0.0019020879659568265,0.0037014643325965764,0.9348402775645291,0.0
community,0.005,"[0.1, 0.2)","(55.444, 58.788]",low_nonzero,622,0.056756893076125144,0.11609130169133447,0.001757973574457403,0.003475069948256184,0.8890975373513199,0.0
community,0.005,"[0.1, 0.2)","(58.788, 62.0]",high,2225,0.100508847408714,0.11648825855836122,0.001928538696321214,0.003792788737286778,0.9551944096941377,0.0
community,0.005,"[0.1, 0.2)","(58.788, 62.0]",low_nonzero,406,0.05539183139687117,0.11690096339611046,0.0027671143030709488,0.005340669044364857,1.3043232192106555,0.0
community,0.005,"[0.1, 0.2)","(62.0, 83.994]",high,2455,0.10575556025854778,0.11617566389090277,0.0017231626179268838,0.0033778544339031834,0.896658327665749,0.0
community,0.005,"[0.1, 0.2)","(62.0, 83.994]",low_nonzero,339,0.059057820535890884,0.11705693509128892,0.002053916642672499,0.00406073890838294,1.1764891518737672,0.0
community,0.005,"[0.2, 0.3)","(58.788, 62.0]",high,1,0.09090909090909091,0.21,0.0,0.0,0.0,0.0
community,0.005,"[0.2, 0.3)","(62.0, 83.994]",high,1,0.13445378151260504,0.20202020202020202,0.0,0.0,0.0,0.0
community,0.01,"[-1e-12, 0.01)","(36.877, 55.444]",high,3,0.08116803710731606,0.00877785660394356,0.0,0.0,0.0,0.0
community,0.01,"[-1e-12, 0.01)","(36.877, 55.444]",low_nonzero,4774,0.010383266695027009,0.0009772012754852939,0.003667430465423491,0.0072576477836998245,0.978547894757196,0.0
community,0.01,"[-1e-12, 0.01)","(36.877, 55.444]",zero,12093,0.0,0.0010416578616469967,0.003689568885626138,0.007300107617821076,0.9915103531967118,0.0
community,0.01,"[-1e-12, 0.01)","(55.444, 58.788]",low_nonzero,5261,0.009763016343392144,0.0010505734253359184,0.0036707944136214112,0.007254750661089109,0.9954095313504624,0.0
community,0.01,"[-1e-12, 0.01)","(55.444, 58.788]",zero,10773,0.0,0.0010211811152675623,0.003616216502750767,0.007163607323683797,0.9807264729573416,0.0
community,0.01,"[-1e-12, 0.01)","(58.788, 62.0]",high,1,0.08849557522123894,0.008620689655172414,0.0,0.0,0.0,0.0
community,0.01,"[-1e-12, 0.01)","(58.788, 62.0]",low_nonzero,5610,0.009379302348435745,0.0009990281849876653,0.0036088260930996507,0.0071467142108663,0.9626755675111648,0.0
community,0.01,"[-1e-12, 0.01)","(58.788, 62.0]",zero,10085,0.0,0.0009958795343979136,0.0035533785232087487,0.007032343836429135,0.9746577714479974,0.0
community,0.01,"[-1e-12, 0.01)","(62.0, 83.994]",high,2,0.14285714285714285,0.0,0.0,0.0,0.0,0.0
community,0.01,"[-1e-12, 0.01)","(62.0, 83.994]",low_nonzero,6075,0.008866941252252935,0.001093428343885915,0.003535785089314765,0.007003373965252366,0.9642928262647739,0.0
community,0.01,"[-1e-12, 0.01)","(62.0, 83.994]",zero,9029,0.0,0.0010168510708042783,0.003487439820830869,0.006904443596487584,0.9638662423590405,0.0
community,0.01,"[0.01, 0.05)","(36.877, 55.444]",high,375,0.09547663811659084,0.04028197772402781,0.004063007079049443,0.008091532012393331,1.1953957421640997,0.0
community,0.01,"[0.01, 0.05)","(36.877, 55.444]",low_nonzero,194,0.047157994895297234,0.03662658627963633,0.0029814073388902303,0.005910570305530249,0.7719854411878408,0.0
community,0.01,"[0.01, 0.05)","(36.877, 55.444]",zero,114,0.0,0.01765311479900848,0.0035304521967306083,0.006984033022427566,0.8913877451881093,0.0
community,0.01,"[0.01, 0.05)","(55.444, 58.788]",high,449,0.10099630506250272,0.04019004340960131,0.003428567067440188,0.006775960157082504,0.9667625985281898,0.0
community,0.01,"[0.01, 0.05)","(55.444, 58.788]",low_nonzero,177,0.04522907728667865,0.03525641760966653,0.005060361312966298,0.009987047326224097,1.3076164180839875,0.0
community,0.01,"[0.01, 0.05)","(55.444, 58.788]",zero,91,0.0,0.017538644339923918,0.003315282978123724,0.00651520763822468,0.8396667023038011,0.0
community,0.01,"[0.01, 0.05)","(58.788, 62.0]",high,521,0.09987598613102178,0.0402883013189605,0.0036836012698357005,0.007318560320490518,1.0445239473454562,0.0
community,0.01,"[0.01, 0.05)","(58.788, 62.0]",low_nonzero,122,0.03752735974581817,0.031041010679339252,0.004124079167763967,0.008231352472589139,1.2435572536800141,0.0
community,0.01,"[0.01, 0.05)","(58.788, 62.0]",zero,97,0.0,0.01745457863654226,0.003190528844053774,0.006288981647152008,0.7968994108848816,0.0
community,0.01,"[0.01, 0.05)","(62.0, 83.994]",high,559,0.1056231552707415,0.04048806054637482,0.004044002089280441,0.00802386299677118,1.1389364678906704,0.0
community,0.01,"[0.01, 0.05)","(62.0, 83.994]",low_nonzero,110,0.04183431473012883,0.03282640207179929,0.0057707191148807565,0.011502818837050718,1.5324634029086115,0.0
community,0.01,"[0.01, 0.05)","(62.0, 83.994]",zero,67,0.0,0.017584808159857426,0.004801023717311842,0.009576413895246634,1.334995151842802,0.0
community,0.01,"[0.05, 0.1)","(36.877, 55.444]",high,3696,0.09596798057468897,0.07690538271650088,0.004025923491439425,0.00793933031420337,1.070478225168776,0.0
community,0.01,"[0.05, 0.1)","(36.877, 55.444]",low_nonzero,1525,0.054939857768940205,0.07703933077394005,0.003798287947105202,0.007624218925895171,1.1035497490979114,0.0
community,0.01,"[0.05, 0.1)","(55.444, 58.788]",high,4349,0.0998697899349343,0.07664116043593237,0.003805913197462768,0.007540705586557433,1.037845964465966,0.0
community,0.01,"[0.05, 0.1)","(55.444, 58.788]",low_nonzero,1353,0.056949953012431775,0.07644155864740759,0.0032864725976827305,0.006549179774772729,0.8496618875812086,0.0
community,0.01,"[0.05, 0.1)","(58.788, 62.0]",high,4936,0.10077351640513058,0.07667875257484753,0.003740564200601881,0.0074169317591361375,1.0427739947487575,0.0
community,0.01,"[0.05, 0.1)","(58.788, 62.0]",low_nonzero,862,0.056419405941588625,0.07670971475859512,0.0036195824785152913,0.0071264490993732995,1.0011886462422583,0.0
community,0.01,"[0.05, 0.1)","(62.0, 83.994]",high,5534,0.10615125922256097,0.07652017658070934,0.004034448684646625,0.008016351821311916,1.143061181310937,0.0
community,0.01,"[0.05, 0.1)","(62.0, 83.994]",low_nonzero,748,0.05960011090863956,0.07594945726906775,0.004158813263909782,0.008166617414739041,1.1153674743016124,0.0
community,0.01,"[0.1, 0.2)","(36.877, 55.444]",high,1727,0.09705633145240687,0.11668190708734022,0.003985636593959535,0.007881572383996964,1.0187944784626035,0.0
community,0.01,"[0.1, 0.2)","(36.877, 55.444]",low_nonzero,747,0.05420129734023762,0.11561415592630878,0.002986508843007074,0.00586487766595017,0.7967710338500252,0.0
community,0.01,"[0.1, 0.2)","(55.444, 58.788]",high,1892,0.09862374008580412,0.11629736716005792,0.0039295627788878745,0.007759221498265479,1.0335436418283352,0.0
community,0.01,"[0.1, 0.2)","(55.444, 58.788]",low_nonzero,622,0.056756893076125144,0.11609130169133447,0.004473960152157312,0.00888752757918546,1.2320446082986318,0.0
community,0.01,"[0.1, 0.2)","(58.788, 62.0]",high,2225,0.100508847408714,0.11648825855836122,0.003963258113984911,0.007805733424062438,1.0750437647172988,0.0
community,0.01,"[0.1, 0.2)","(58.788, 62.0]",low_nonzero,406,0.05539183139687117,0.11690096339611046,0.0033554276329257507,0.00664147267649906,0.9145594040342806,0.0
community,0.01,"[0.1, 0.2)","(62.0, 83.994]",high,2455,0.10575556025854778,0.11617566389090277,0.00410556076500424,0.00811027351380477,1.1057353329910613,0.0
community,0.01,"[0.1, 0.2)","(62.0, 83.994]",low_nonzero,339,0.059057820535890884,0.11705693509128892,0.0030053089647896526,0.006042994829231231,0.8697609895765094,0.0
community,0.01,"[0.2, 0.3)","(58.788, 62.0]",high,1,0.09090909090909091,0.21,0.0,0.0,0.0,0.0
community,0.01,"[0.2, 0.3)","(62.0, 83.994]",high,1,0.13445378151260504,0.20202020202020202,0.0,0.0,0.0,0.0
community,0.02,"[-1e-12, 0.01)","(36.877, 55.444]",high,3,0.08116803710731606,0.00877785660394356,0.014492753623188406,0.028049635672660722,1.6113296616837136,0.0
community,0.02,"[-1e-12, 0.01)","(36.877, 55.444]",low_nonzero,4774,0.010383266695027009,0.0009772012754852939,0.007242953855310537,0.014504136339943676,0.96463264086957,0.0
community,0.02,"[-1e-12, 0.01)","(36.877, 55.444]",zero,12093,0.0,0.0010416578616469967,0.007509994702131869,0.015069095938596148,1.020525469095243,0.0
community,0.02,"[-1e-12, 0.01)","(55.444, 58.788]",low_nonzero,5261,0.009763016343392144,0.0010505734253359184,0.007339671558786231,0.014745923290497617,0.9871014436783383,0.0
community,0.02,"[-1e-12, 0.01)","(55.444, 58.788]",zero,10773,0.0,0.0010211811152675623,0.007352234180057937,0.014775530210209456,0.9865150627018676,0.0
community,0.02,"[-1e-12, 0.01)","(58.788, 62.0]",high,1,0.08849557522123894,0.008620689655172414,0.03571428571428571,0.07032108464077431,3.375824175824176,3.375824175824176
community,0.02,"[-1e-12, 0.01)","(58.788, 62.0]",low_nonzero,5610,0.009379302348435745,0.0009990281849876653,0.007440659162210015,0.014962574133140723,1.009451564577599,0.0
community,0.02,"[-1e-12, 0.01)","(58.788, 62.0]",zero,10085,0.0,0.0009958795343979136,0.007591843943437312,0.015286568454087079,1.015451866032519,0.0
community,0.02,"[-1e-12, 0.01)","(62.0, 83.994]",high,2,0.14285714285714285,0.0,0.0,0.0,0.0,0.0
community,0.02,"[-1e-12, 0.01)","(62.0, 83.994]",low_nonzero,6075,0.008866941252252935,0.001093428343885915,0.007622579311045164,0.015366160722288464,1.0319772074330664,0.0
community,0.02,"[-1e-12, 0.01)","(62.0, 83.994]",zero,9029,0.0,0.0010168510708042783,0.007200117765539664,0.014510896286079784,0.9659103600648971,0.0
community,0.02,"[0.01, 0.05)","(36.877, 55.444]",high,375,0.09547663811659084,0.04028197772402781,0.007546890776040367,0.015090681116797061,0.9817614053116743,0.0
community,0.02,"[0.01, 0.05)","(36.877, 55.444]",low_nonzero,194,0.047157994895297234,0.03662658627963633,0.008132404259777954,0.016302041188363956,1.13587998305827,0.0
community,0.02,"[0.01, 0.05)","(36.877, 55.444]",zero,114,0.0,0.01765311479900848,0.008475077490473085,0.01702416300978589,1.1707079852984865,0.0
community,0.02,"[0.01, 0.05)","(55.444, 58.788]",high,449,0.10099630506250272,0.04019004340960131,0.006772713717237365,0.01365195529420438,0.9329785063796221,0.0
community,0.02,"[0.01, 0.05)","(55.444, 58.788]",low_nonzero,177,0.04522907728667865,0.03525641760966653,0.008561449674163299,0.017340676072898166,1.2232676160487397,0.0
community,0.02,"[0.01, 0.05)","(55.444, 58.788]",zero,91,0.0,0.017538644339923918,0.006148692304231063,0.012215546715556457,0.7402242864636474,0.0
community,0.02,"[0.01, 0.05)","(58.788, 62.0]",high,521,0.09987598613102178,0.0402883013189605,0.007496135459984364,0.015012069746555938,0.998639933708952,0.0
community,0.02,"[0.01, 0.05)","(58.788, 62.0]",low_nonzero,122,0.03752735974581817,0.031041010679339252,0.007313583522875322,0.014678102106847765,0.987212765947237,0.0
community,0.02,"[0.01, 0.05)","(58.788, 62.0]",zero,97,0.0,0.01745457863654226,0.00785609018155331,0.015776983952329997,1.0660273034306729,0.0
community,0.02,"[0.01, 0.05)","(62.0, 83.994]",high,559,0.1056231552707415,0.04048806054637482,0.008805466194247128,0.017680752186374257,1.2042743470590804,0.0
community,0.02,"[0.01, 0.05)","(62.0, 83.994]",low_nonzero,110,0.04183431473012883,0.03282640207179929,0.00581445765241532,0.011834042479814228,0.8203035400625743,0.0
community,0.02,"[0.01, 0.05)","(62.0, 83.994]",zero,67,0.0,0.017584808159857426,0.006831420265328413,0.013743846948089248,0.974846307369513,0.0
community,0.02,"[0.05, 0.1)","(36.877, 55.444]",high,3696,0.09596798057468897,0.07690538271650088,0.007619592530557512,0.01520690894513345,1.0213405163951794,0.0
community,0.02,"[0.05, 0.1)","(36.877, 55.444]",low_nonzero,1525,0.054939857768940205,0.07703933077394005,0.007427783483045678,0.014890925454168676,0.9937743405880106,0.0
community,0.02,"[0.05, 0.1)","(55.444, 58.788]",high,4349,0.0998697899349343,0.07664116043593237,0.007948090184141976,0.015883563541350922,1.0455635330845283,0.0
community,0.02,"[0.05, 0.1)","(55.444, 58.788]",low_nonzero,1353,0.056949953012431775,0.07644155864740759,0.007025205647228014,0.014111149779022551,0.9430890119699077,0.0
community,0.02,"[0.05, 0.1)","(58.788, 62.0]",high,4936,0.10077351640513058,0.07667875257484753,0.007659008425867093,0.015374204477361405,1.0240551695156417,0.0
community,0.02,"[0.05, 0.1)","(58.788, 62.0]",low_nonzero,862,0.056419405941588625,0.07670971475859512,0.007259347978910602,0.01450254829814934,0.9837901415650837,0.0
community,0.02,"[0.05, 0.1)","(62.0, 83.994]",high,5534,0.10615125922256097,0.07652017658070934,0.007789249673809489,0.01566312155428917,1.047743903699152,0.0
community,0.02,"[0.05, 0.1)","(62.0, 83.994]",low_nonzero,748,0.05960011090863956,0.07594945726906775,0.007875465160230771,0.015858959165788153,1.1063675192484925,0.0
community,0.02,"[0.1, 0.2)","(36.877, 55.444]",high,1727,0.09705633145240687,0.11668190708734022,0.007471295864729357,0.014908211854841103,0.9876234937378537,0.0
community,0.02,"[0.1, 0.2)","(36.877, 55.444]",low_nonzero,747,0.05420129734023762,0.11561415592630878,0.008048409086798073,0.01615649394101176,1.099323454219209,0.0
community,0.02,"[0.1, 0.2)","(55.444, 58.788]",high,1892,0.09862374008580412,0.11629736716005792,0.007918471038275482,0.01585489323704452,1.0558337150074963,0.0
community,0.02,"[0.1, 0.2)","(55.444, 58.788]",low_nonzero,622,0.056756893076125144,0.11609130169133447,0.007891239762704842,0.015787369701727092,1.0569051823244218,0.0
community,0.02,"[0.1, 0.2)","(58.788, 62.0]",high,2225,0.100508847408714,0.11648825855836122,0.00786513148229775,0.015767543299821926,1.0463779973102083,0.0
community,0.02,"[0.1, 0.2)","(58.788, 62.0]",low_nonzero,406,0.05539183139687117,0.11690096339611046,0.00759964912318808,0.015204532222684178,0.9678720389304482,0.0
community,0.02,"[0.1, 0.2)","(62.0, 83.994]",high,2455,0.10575556025854778,0.11617566389090277,0.008286927790692554,0.016649556514164388,1.083456268468872,0.0
community,0.02,"[0.1, 0.2)","(62.0, 83.994]",low_nonzero,339,0.059057820535890884,0.11705693509128892,0.007578801981491977,0.015317620306459235,1.0842352301067852,0.0
community,0.02,"[0.2, 0.3)","(58.788, 62.0]",high,1,0.09090909090909091,0.21,0.03076923076923077,0.062257280636469035,3.9689922480620154,3.9689922480620154
community,0.02,"[0.2, 0.3)","(62.0, 83.994]",high,1,0.13445378151260504,0.20202020202020202,0.0,0.0,0.0,0.0
community,0.05,"[-1e-12, 0.01)","(36.877, 55.444]",high,3,0.08116803710731606,0.00877785660394356,0.028289057394607423,0.056130058258586385,0.8893593534294201,0.8819982773471146
community,0.05,"[-1e-12, 0.01)","(36.877, 55.444]",low_nonzero,4774,0.010383266695027009,0.0009772012754852939,0.021362615467900456,0.044880568167712916,1.0014087255157182,0.9465547037306343
community,0.05,"[-1e-12, 0.01)","(36.877, 55.444]",zero,12093,0.0,0.0010416578616469967,0.021237155908418563,0.044657871955360695,0.9999747604302028,0.9525581395348838
community,0.05,"[-1e-12, 0.01)","(55.444, 58.788]",low_nonzero,5261,0.009763016343392144,0.0010505734253359184,0.021813927381274714,0.045994879162371466,1.008769641659337,0.9523366658916531
community,0.05,"[-1e-12, 0.01)","(55.444, 58.788]",zero,10773,0.0,0.0010211811152675623,0.02163854870333589,0.04580511446071753,1.0153591960935098,0.9624060150375939
community,0.05,"[-1e-12, 0.01)","(58.788, 62.0]",high,1,0.08849557522123894,0.008620689655172414,0.04,0.07929188092706832,0.9904761904761905,0.9904761904761905
community,0.05,"[-1e-12, 0.01)","(58.788, 62.0]",low_nonzero,5610,0.009379302348435745,0.0009990281849876653,0.02162560161634577,0.045750427229577076,0.9971629671937667,0.9491462616707151
community,0.05,"[-1e-12, 0.01)","(58.788, 62.0]",zero,10085,0.0,0.0009958795343979136,0.02173081025489832,0.046119382824129154,1.0116303725198585,0.9570093457943926
community,0.05,"[-1e-12, 0.01)","(62.0, 83.994]",high,2,0.14285714285714285,0.0,0.03571428571428571,0.07314897736412561,1.2175980975029725,1.2175980975029725
community,0.05,"[-1e-12, 0.01)","(62.0, 83.994]",low_nonzero,6075,0.008866941252252935,0.001093428343885915,0.021528201542450186,0.045968548333799215,1.0104137612666402,0.9631901434107243
community,0.05,"[-1e-12, 0.01)","(62.0, 83.994]",zero,9029,0.0,0.0010168510708042783,0.02156580357677569,0.04588750304841925,0.9979233228726088,0.9525581395348838
community,0.05,"[0.01, 0.05)","(36.877, 55.444]",high,375,0.09547663811659084,0.04028197772402781,0.022370287106169808,0.046466400053353056,1.0419312688197255,1.017418573602012
community,0.05,"[0.01, 0.05)","(36.877, 55.444]",low_nonzero,194,0.047157994895297234,0.03662658627963633,0.023003095117450915,0.047425244942748634,1.0162746186606006,0.9713985751781027
community,0.05,"[0.01, 0.05)","(36.877, 55.444]",zero,114,0.0,0.01765311479900848,0.020324151578793696,0.04275712077779553,0.9408560013575066,0.90081372817515
community,0.05,"[0.01, 0.05)","(55.444, 58.788]",high,449,0.10099630506250272,0.04019004340960131,0.02337953917723306,0.0486017805731162,1.0689248944809975,0.9907120743034056
community,0.05,"[0.01, 0.05)","(55.444, 58.788]",low_nonzero,177,0.04522907728667865,0.03525641760966653,0.0228868027776965,0.04769803844248981,0.9905392900258966,0.9850889850889851
community,0.05,"[0.01, 0.05)","(55.444, 58.788]",zero,91,0.0,0.017538644339923918,0.022648678134932636,0.04748781345901651,0.9925042022199048,1.0253671562082778
community,0.05,"[0.01, 0.05)","(58.788, 62.0]",high,521,0.09987598613102178,0.0402883013189605,0.02414576145240518,0.049729820749089645,1.0244185085330544,0.9976860309341128
community,0.05,"[0.01, 0.05)","(58.788, 62.0]",low_nonzero,122,0.03752735974581817,0.031041010679339252,0.02199247049088962,0.045931179443286625,1.1049479754033464,0.901747546253548
community,0.05,"[0.01, 0.05)","(58.788, 62.0]",zero,97,0.0,0.01745457863654226,0.020516827940619077,0.044057848871558586,1.0046300238489334,0.8982456140350877
community,0.05,"[0.01, 0.05)","(62.0, 83.994]",high,559,0.1056231552707415,0.04048806054637482,0.025053804194205154,0.051695790765891765,1.0827959495230588,1.032258064516129
community,0.05,"[0.01, 0.05)","(62.0, 83.994]",low_nonzero,110,0.04183431473012883,0.03282640207179929,0.0231924066475029,0.04805759677797121,0.9718602072764887,0.9656525800670386
community,0.05,"[0.01, 0.05)","(62.0, 83.994]",zero,67,0.0,0.017584808159857426,0.02363626706245291,0.049724534341355486,1.0871013106651721,0.997920997920998
community,0.05,"[0.05, 0.1)","(36.877, 55.444]",high,3696,0.09596798057468897,0.07690538271650088,0.023502575127568856,0.048429249147241504,1.053717272699358,1.0071306239574067
community,0.05,"[0.05, 0.1)","(36.877, 55.444]",low_nonzero,1525,0.054939857768940205,0.07703933077394005,0.022179143370869705,0.046123679033573554,1.0419488099703442,0.9977589398811264
community,0.05,"[0.05, 0.1)","(55.444, 58.788]",high,4349,0.0998697899349343,0.07664116043593237,0.024350140256820203,0.05030401154196742,1.0601608586445588,1.011191573403555
community,0.05,"[0.05, 0.1)","(55.444, 58.788]",low_nonzero,1353,0.056949953012431775,0.07644155864740759,0.023354686325584458,0.04876715695871557,1.0479119075940415,1.0078740157480315
community,0.05,"[0.05, 0.1)","(58.788, 62.0]",high,4936,0.10077351640513058,0.07667875257484753,0.024164062051012233,0.049984362535062554,1.0698276120841888,1.0243329139607833
community,0.05,"[0.05, 0.1)","(58.788, 62.0]",low_nonzero,862,0.056419405941588625,0.07670971475859512,0.022118932609053822,0.04650685950849112,1.0477091412066561,0.986502294785226
community,0.05,"[0.05, 0.1)","(62.0, 83.994]",high,5534,0.10615125922256097,0.07652017658070934,0.023746694754803916,0.04944836909117857,1.0791784809230993,1.0184550903468792
community,0.05,"[0.05, 0.1)","(62.0, 83.994]",low_nonzero,748,0.05960011090863956,0.07594945726906775,0.02342652008670991,0.04933012787808681,1.2212560292939902,1.0263096312639988
community,0.05,"[0.1, 0.2)","(36.877, 55.444]",high,1727,0.09705633145240687,0.11668190708734022,0.023601743879290323,0.048701779714192435,1.0588193320108792,1.0194126431060229
community,0.05,"[0.1, 0.2)","(36.877, 55.444]",low_nonzero,747,0.05420129734023762,0.11561415592630878,0.022478378276521545,0.04665194728861303,1.0237786654012604,0.9813442371581906
community,0.05,"[0.1, 0.2)","(55.444, 58.788]",high,1892,0.09862374008580412,0.11629736716005792,0.024188275315492013,0.05016385724232192,1.0791479556833499,1.020831540228676
community,0.05,"[0.1, 0.2)","(55.444, 58.788]",low_nonzero,622,0.056756893076125144,0.11609130169133447,0.022937956207858927,0.047832097150822525,1.0537929883956967,1.003921568627451
community,0.05,"[0.1, 0.2)","(58.788, 62.0]",high,2225,0.100508847408714,0.11648825855836122,0.02389111955119468,0.04969797147278671,1.074803692787209,1.025025025025025
community,0.05,"[0.1, 0.2)","(58.788, 62.0]",low_nonzero,406,0.05539183139687117,0.11690096339611046,0.023025349746615343,0.048174383633394394,1.01290841756401,1.0413390604632067
community,0.05,"[0.1, 0.2)","(62.0, 83.994]",high,2455,0.10575556025854778,0.11617566389090277,0.024077937551421697,0.04998929293929738,1.0406398517123445,0.9879035250463822
community,0.05,"[0.1, 0.2)","(62.0, 83.994]",low_nonzero,339,0.059057820535890884,0.11705693509128892,0.021855225152766652,0.04678318318599111,1.0540010199936256,1.0367757528251356
community,0.05,"[0.2, 0.3)","(58.788, 62.0]",high,1,0.09090909090909091,0.21,0.029585798816568046,0.05747506123396286,1.3530655391120507,1.3530655391120507
community,0.05,"[0.2, 0.3)","(62.0, 83.994]",high,1,0.13445378151260504,0.20202020202020202,0.018518518518518517,0.045454545454545456,4.231404958677686,4.231404958677686
community,0.1,"[-1e-12, 0.01)","(36.877, 55.444]",high,3,0.08116803710731606,0.00877785660394356,0.0899939247274325,0.1658545787723437,1.3069096456102465,1.123001443001443
community,0.1,"[-1e-12, 0.01)","(36.877, 55.444]",low_nonzero,4774,0.010383266695027009,0.0009772012754852939,0.045532139637285994,0.09619804141551638,1.0107614834476923,0.9850889850889851
community,0.1,"[-1e-12, 0.01)","(36.877, 55.444]",zero,12093,0.0,0.0010416578616469967,0.044993672568070686,0.09517183972158862,1.0055113812550713,0.9915453056526935
community,0.1,"[-1e-12, 0.01)","(55.444, 58.788]",low_nonzero,5261,0.009763016343392144,0.0010505734253359184,0.0463177519208989,0.09819282783338946,1.0130683630967443,0.9940653304929459
community,0.1,"[-1e-12, 0.01)","(55.444, 58.788]",zero,10773,0.0,0.0010211811152675623,0.045603145591174885,0.09684577859214837,1.0074137845847095,0.991284423665739
community,0.1,"[-1e-12, 0.01)","(58.788, 62.0]",high,1,0.08849557522123894,0.008620689655172414,0.13973268529769137,0.24857559377468672,1.1003962024370189,1.1003962024370189
community,0.1,"[-1e-12, 0.01)","(58.788, 62.0]",low_nonzero,5610,0.009379302348435745,0.0009990281849876653,0.04582063831916862,0.09720112258287282,0.995207138525904,0.9839311692710451
community,0.1,"[-1e-12, 0.01)","(58.788, 62.0]",zero,10085,0.0,0.0009958795343979136,0.04566369415872554,0.09738497815655817,1.015817416759973,0.9875828812537674
community,0.1,"[-1e-12, 0.01)","(62.0, 83.994]",high,2,0.14285714285714285,0.0,0.06039076376554174,0.12410081596554748,0.9276845190514256,0.9276845190514256
community,0.1,"[-1e-12, 0.01)","(62.0, 83.994]",low_nonzero,6075,0.008866941252252935,0.001093428343885915,0.04510908920434083,0.0969837165850101,1.0487900467630547,0.9844576189713187
community,0.1,"[-1e-12, 0.01)","(62.0, 83.994]",zero,9029,0.0,0.0010168510708042783,0.045392323601267645,0.09702567828929604,1.022489091339272,0.9827779258864303
community,0.1,"[0.01, 0.05)","(36.877, 55.444]",high,375,0.09547663811659084,0.04028197772402781,0.046077959479684474,0.09574517955737094,1.027704882109619,1.0151177199504338
community,0.1,"[0.01, 0.05)","(36.877, 55.444]",low_nonzero,194,0.047157994895297234,0.03662658627963633,0.048141850560248015,0.09919332532833981,0.9807745292699377,0.993103448275862
community,0.1,"[0.01, 0.05)","(36.877, 55.444]",zero,114,0.0,0.01765311479900848,0.042243757820232354,0.09129209163817076,1.061835908242418,0.9747739171822941
community,0.1,"[0.01, 0.05)","(55.444, 58.788]",high,449,0.10099630506250272,0.04019004340960131,0.05080443231351212,0.1036845574560229,1.0718151137044867,1.0241575627019541
community,0.1,"[0.01, 0.05)","(55.444, 58.788]",low_nonzero,177,0.04522907728667865,0.03525641760966653,0.0505781309334067,0.10390339840359425,0.9701197732768684,1.0077087092012464
community,0.1,"[0.01, 0.05)","(55.444, 58.788]",zero,91,0.0,0.017538644339923918,0.04662673388800208,0.09756596022431052,1.0687282002222824,0.9870771455251981
community,0.1,"[0.01, 0.05)","(58.788, 62.0]",high,521,0.09987598613102178,0.0402883013189605,0.05068254500251418,0.10461492899359073,1.02235102703978,1.02346264247441
community,0.1,"[0.01, 0.05)","(58.788, 62.0]",low_nonzero,122,0.03752735974581817,0.031041010679339252,0.04841986159642429,0.09948245164400517,1.006344629992419,1.0102440073486654
community,0.1,"[0.01, 0.05)","(58.788, 62.0]",zero,97,0.0,0.01745457863654226,0.04207202879647313,0.09315445463756415,0.9250482479162898,0.9633461413469442
community,0.1,"[0.01, 0.05)","(62.0, 83.994]",high,559,0.1056231552707415,0.04048806054637482,0.05346528447919557,0.10901287856497056,1.064230647234264,1.0400406265869762
community,0.1,"[0.01, 0.05)","(62.0, 83.994]",low_nonzero,110,0.04183431473012883,0.03282640207179929,0.04922450740981369,0.10028498132662145,0.9728093171205779,0.9784826526278114
community,0.1,"[0.01, 0.05)","(62.0, 83.994]",zero,67,0.0,0.017584808159857426,0.04731720084240373,0.10221372330194915,1.168292427581808,1.0270924228790574
community,0.1,"[0.05, 0.1)","(36.877, 55.444]",high,3696,0.09596798057468897,0.07690538271650088,0.0505379880308939,0.10313780613428249,1.0529020963488296,1.023488255872064
community,0.1,"[0.05, 0.1)","(36.877, 55.444]",low_nonzero,1525,0.054939857768940205,0.07703933077394005,0.04580370507321456,0.09523321958820728,1.0081033500923726,1.0088669950738915
community,0.1,"[0.05, 0.1)","(55.444, 58.788]",high,4349,0.0998697899349343,0.07664116043593237,0.05245119181708467,0.10681637139281845,1.0628923361320883,1.027699718988358
community,0.1,"[0.05, 0.1)","(55.444, 58.788]",low_nonzero,1353,0.056949953012431775,0.07644155864740759,0.050235432451333197,0.10361811425901847,1.0397917100578067,1.0068829891838742
community,0.1,"[0.05, 0.1)","(58.788, 62.0]",high,4936,0.10077351640513058,0.07667875257484753,0.05153043262071817,0.10552242668673936,1.0865716630693527,1.0268642736974454
community,0.1,"[0.05, 0.1)","(58.788, 62.0]",low_nonzero,862,0.056419405941588625,0.07670971475859512,0.047122518915797384,0.09869507134137205,1.036016674860603,1.0090138586490416
community,0.1,"[0.05, 0.1)","(62.0, 83.994]",high,5534,0.10615125922256097,0.07652017658070934,0.05037754949070967,0.10358658982239859,1.0734860213748538,1.028512599190361
community,0.1,"[0.05, 0.1)","(62.0, 83.994]",low_nonzero,748,0.05960011090863956,0.07594945726906775,0.04903209709640088,0.10196092396870951,1.0464067650881959,1.0305887078724327
community,0.1,"[0.1, 0.2)","(36.877, 55.444]",high,1727,0.09705633145240687,0.11668190708734022,0.04995579867214609,0.10205980461640482,1.042907350044233,1.022977022977023
community,0.1,"[0.1, 0.2)","(36.877, 55.444]",low_nonzero,747,0.05420129734023762,0.11561415592630878,0.04856590356154714,0.10059811317505991,1.062307565160634,1.0161755391058547
community,0.1,"[0.1, 0.2)","(55.444, 58.788]",high,1892,0.09862374008580412,0.11629736716005792,0.05178316910823825,0.10586328978762256,1.0667979362051165,1.033446763362532
community,0.1,"[0.1, 0.2)","(55.444, 58.788]",low_nonzero,622,0.056756893076125144,0.11609130169133447,0.04946145910972169,0.1021890971435781,1.0587892220381658,1.007388801674516
community,0.1,"[0.1, 0.2)","(58.788, 62.0]",high,2225,0.100508847408714,0.11648825855836122,0.051133658128010843,0.1052745391578673,1.0572436076606855,1.0284996861268048
community,0.1,"[0.1, 0.2)","(58.788, 62.0]",low_nonzero,406,0.05539183139687117,0.11690096339611046,0.04799094033783846,0.09998753882930554,0.9847614280090686,1.009947803709522
community,0.1,"[0.1, 0.2)","(62.0, 83.994]",high,2455,0.10575556025854778,0.11617566389090277,0.05283328260091688,0.10823528767833167,1.054732755960279,1.0326694793265778
community,0.1,"[0.1, 0.2)","(62.0, 83.994]",low_nonzero,339,0.059057820535890884,0.11705693509128892,0.04494298975458184,0.09387793694117161,0.9701398658692317,1.0155896482256315
community,0.1,"[0.2, 0.3)","(58.788, 62.0]",high,1,0.09090909090909091,0.21,0.06413301662707839,0.12061266016925193,1.103448275862069,1.103448275862069
community,0.1,"[0.2, 0.3)","(62.0, 83.994]",high,1,0.13445378151260504,0.20202020202020202,0.009345794392523364,0.035355339059327376,2.56,2.56
spatial,0.001,"[-1e-12, 0.01)","(36.660000000000004, 53.852]",high,6,0.08271980978166545,0.008854093667063983,0.0,0.0,0.0,0.0
spatial,0.001,"[-1e-12, 0.01)","(36.660000000000004, 53.852]",low_nonzero,1347,0.01944828602268017,0.0045597525626668986,0.0004949269982677555,0.0010559723391106684,1.2668787557440793,0.0
spatial,0.001,"[-1e-12, 0.01)","(36.660000000000004, 53.852]",zero,12987,0.0,0.00011283722362367832,0.000418642085308752,0.0009885272191047722,0.9463846340870412,0.0
spatial,0.001,"[-1e-12, 0.01)","(53.852, 56.991]",high,15,0.08505373530236567,0.008425039053440778,0.0,0.0,0.0,0.0
spatial,0.001,"[-1e-12, 0.01)","(53.852, 56.991]",low_nonzero,1397,0.019940684980089884,0.0042578911311321075,0.00029825817227392026,0.0008121669313600378,0.7132338308457711,0.0
spatial,0.001,"[-1e-12, 0.01)","(53.852, 56.991]",zero,11787,0.0,8.559209413241168e-05,0.0007048725997567942,0.00155413115125699,1.7376895964516257,0.0
spatial,0.001,"[-1e-12, 0.01)","(56.991, 60.399]",high,12,0.0867891452753838,0.007622506743373068,0.0,0.0,0.0,0.0
spatial,0.001,"[-1e-12, 0.01)","(56.991, 60.399]",low_nonzero,1579,0.02083335232839883,0.004431311274288789,0.0,0.0,0.0,0.0
spatial,0.001,"[-1e-12, 0.01)","(56.991, 60.399]",zero,11010,0.0,9.009717210552661e-05,0.0005876692184594092,0.0012888689458428373,1.4263834117796717,0.0
spatial,0.001,"[-1e-12, 0.01)","(60.399, 77.421]",high,23,0.0901287235717099,0.008614895884011481,0.0,0.0,0.0,0.0
spatial,0.001,"[-1e-12, 0.01)","(60.399, 77.421]",low_nonzero,1617,0.02088234382578509,0.004455492029219494,0.0006184291898577613,0.0008841732979664014,1.81078691423519,0.0
spatial,0.001,"[-1e-12, 0.01)","(60.399, 77.421]",zero,10034,0.0,9.911677070426127e-05,0.00037705135871370673,0.0008955302413409323,0.755056179775281,0.0
spatial,0.001,"[0.01, 0.05)","(36.660000000000004, 53.852]",high,377,0.09648526176256304,0.03868502920471617,0.0005305039787798409,0.0013333333333333333,0.9102222222222222,0.0
spatial,0.001,"[0.01, 0.05)","(36.660000000000004, 53.852]",low_nonzero,2556,0.03727488219247086,0.0314678067410093,7.82472613458529e-05,0.0001946879904147983,0.14096916299559473,0.0
spatial,0.001,"[0.01, 0.05)","(36.660000000000004, 53.852]",zero,65,0.0,0.022800976465909728,0.0,0.0,0.0,0.0
spatial,0.001,"[0.01, 0.05)","(53.852, 56.991]",high,599,0.0944479621199958,0.03825523871068784,0.001669449081803005,0.0022727272727272726,4.654545454545454,0.0
spatial,0.001,"[0.01, 0.05)","(53.852, 56.991]",low_nonzero,2685,0.03767714789611214,0.031107782883925746,6.207324643078833e-05,0.00016802750585379276,0.10882040382571732,0.0
spatial,0.001,"[0.01, 0.05)","(53.852, 56.991]",zero,59,0.0,0.0233704448985231,0.00423728813559322,0.011904761904761904,12.19047619047619,0.0
spatial,0.001,"[0.01, 0.05)","(56.991, 60.399]",high,571,0.10068668526496016,0.0385925062202984,0.0,0.0,0.0,0.0
spatial,0.001,"[0.01, 0.05)","(56.991, 60.399]",low_nonzero,2992,0.04050919918957551,0.03158026580648529,0.00023767082590612,0.0006620104409391474,0.5616470218450417,0.0
spatial,0.001,"[0.01, 0.05)","(56.991, 60.399]",zero,55,0.0,0.021444840127229102,0.0,0.0,0.0,0.0
spatial,0.001,"[0.01, 0.05)","(60.399, 77.421]",high,825,0.0996183371644646,0.03792461402420183,0.0,0.0,0.0,0.0
spatial,0.001,"[0.01, 0.05)","(60.399, 77.421]",low_nonzero,2925,0.040307495920950245,0.03053999697827331,0.00034757834757834753,0.0008925958542647933,0.6912246865959498,0.0
spatial,0.001,"[0.01, 0.05)","(60.399, 77.421]",zero,36,0.0,0.021018272499614774,0.0,0.0,0.0,0.0
spatial,0.001,"[0.05, 0.1)","(36.660000000000004, 53.852]",high,2527,0.10639196359058921,0.07855925033942564,0.0002543953869636497,0.000602729093282554,0.47755794234030524,0.0
spatial,0.001,"[0.05, 0.1)","(36.660000000000004, 53.852]",low_nonzero,2284,0.05302137580570836,0.07220219120092114,0.000394045534150613,0.0008649624234697828,0.9394495412844037,0.0
spatial,0.001,"[0.05, 0.1)","(36.660000000000004, 53.852]",zero,3,0.0,0.07805897523022905,0.0,0.0,0.0,0.0
spatial,0.001,"[0.05, 0.1)","(53.852, 56.991]",high,3274,0.10625766184527688,0.07861570801507384,0.00046324577479128483,0.0010984763474105467,1.03216127519925,0.0
spatial,0.001,"[0.05, 0.1)","(53.852, 56.991]",low_nonzero,1876,0.05158151961230394,0.07091230334824873,5.922767116796967e-05,0.00015347680092626432,0.06416040100250626,0.0
spatial,0.001,"[0.05, 0.1)","(56.991, 60.399]",high,3373,0.11054521247973421,0.07834977820948547,0.0003088249827058009,0.0006578969296666137,0.6622473726758287,0.0
spatial,0.001,"[0.05, 0.1)","(56.991, 60.399]",low_nonzero,2071,0.05617434793040643,0.07064895836636893,0.0008745104351091797,0.0015282674723873675,2.3065999696831896,0.0
spatial,0.001,"[0.05, 0.1)","(60.399, 77.421]",high,3922,0.112473823110923,0.07804518597596681,0.0004122046574876764,0.0009543530381733527,1.0784623486045286,0.0
spatial,0.001,"[0.05, 0.1)","(60.399, 77.421]",low_nonzero,1627,0.05540679199868936,0.06980284274000671,0.000379020692481049,0.0009704300428826411,0.7816793893129771,0.0
spatial,0.001,"[0.05, 0.1)","(60.399, 77.421]",zero,1,0.0,0.0625,0.0,0.0,0.0,0.0
spatial,0.001,"[0.1, 0.2)","(36.660000000000004, 53.852]",high,2303,0.11165860411162573,0.12570076130322544,0.000539151830945144,0.0013313926802482605,0.9991111111111111,0.0
spatial,0.001,"[0.1, 0.2)","(36.660000000000004, 53.852]",low_nonzero,799,0.0601297249511869,0.12187074209619696,0.0006257822277847309,0.001324170002221999,1.9176029962546817,0.0
spatial,0.001,"[0.1, 0.2)","(53.852, 56.991]",high,2833,0.11274092908856241,0.12479713593571357,0.0006824332274385222,0.0017475255954762891,1.6504092387038904,0.0
spatial,0.001,"[0.1, 0.2)","(53.852, 56.991]",low_nonzero,474,0.058929060684522104,0.12065549917485009,0.0010046212577858146,0.0025622053366403516,2.5246548323471396,0.0
spatial,0.001,"[0.1, 0.2)","(56.991, 60.399]",high,2940,0.11828859494653576,0.1259883879630232,0.000691609977324263,0.0015388314019538223,1.5587822014051522,0.0
spatial,0.001,"[0.1, 0.2)","(56.991, 60.399]",low_nonzero,511,0.06311944058645946,0.12040332815519532,0.0004892367906066536,0.0014084507042253522,1.4422535211267606,0.0
spatial,0.001,"[0.1, 0.2)","(60.399, 77.421]",high,3276,0.12181579373552016,0.12515393872174813,0.0005570818070818071,0.001377657203404063,1.260901057511227,0.0
spatial,0.001,"[0.1, 0.2)","(60.399, 77.421]",low_nonzero,296,0.06090536255883999,0.119581321565907,0.0,0.0,0.0,0.0
spatial,0.001,"[0.2, 0.3)","(36.660000000000004, 53.852]",high,12,0.12713185006382996,0.20716680257260214,0.0,0.0,0.0,0.0
spatial,0.001,"[0.2, 0.3)","(53.852, 56.991]",high,12,0.12385546018095071,0.20721046349998853,0.0,0.0,0.0,0.0
spatial,0.001,"[0.2, 0.3)","(56.991, 60.399]",high,11,0.12086076013472223,0.20994767723279517,0.0,0.0,0.0,0.0
spatial,0.001,"[0.2, 0.3)","(56.991, 60.399]",low_nonzero,1,0.07207207207207207,0.2127659574468085,0.0,0.0,0.0,0.0
spatial,0.001,"[0.2, 0.3)","(60.399, 77.421]",high,14,0.1308070476809618,0.20835667866618715,0.0,0.0,0.0,0.0
spatial,0.001,"[0.2, 0.3)","(60.399, 77.421]",low_nonzero,1,0.07017543859649122,0.20430107526881722,0.0,0.0,0.0,0.0
spatial,0.005,"[-1e-12, 0.01)","(36.660000000000004, 53.852]",high,6,0.08271980978166545,0.008854093667063983,0.0,0.0,0.0,0.0
spatial,0.005,"[-1e-12, 0.01)","(36.660000000000004, 53.852]",low_nonzero,1347,0.01944828602268017,0.0045597525626668986,0.002038566285493619,0.003890087642078186,1.0531703339687384,0.0
spatial,0.005,"[-1e-12, 0.01)","(36.660000000000004, 53.852]",zero,12987,0.0,0.00011283722362367832,0.0020234099617955623,0.003952897476007039,1.070580260839999,0.0
spatial,0.005,"[-1e-12, 0.01)","(53.852, 56.991]",high,15,0.08505373530236567,0.008425039053440778,0.0,0.0,0.0,0.0
spatial,0.005,"[-1e-12, 0.01)","(53.852, 56.991]",low_nonzero,1397,0.019940684980089884,0.0042578911311321075,0.0010777165481883088,0.0021114309836056592,0.5486118716878504,0.0
spatial,0.005,"[-1e-12, 0.01)","(53.852, 56.991]",zero,11787,0.0,8.559209413241168e-05,0.0018669231641238533,0.0036444987135736528,0.9595148698395619,0.0
spatial,0.005,"[-1e-12, 0.01)","(56.991, 60.399]",high,12,0.0867891452753838,0.007622506743373068,0.004629629629629629,0.009092412093166349,2.0317460317460316,0.0
spatial,0.005,"[-1e-12, 0.01)","(56.991, 60.399]",low_nonzero,1579,0.02083335232839883,0.004431311274288789,0.0023985309541424,0.004656725187099892,1.289698736144483,0.0
spatial,0.005,"[-1e-12, 0.01)","(56.991, 60.399]",zero,11010,0.0,9.009717210552661e-05,0.0019405046833872244,0.0037822386711175125,1.032340816736612,0.0
spatial,0.005,"[-1e-12, 0.01)","(60.399, 77.421]",high,23,0.0901287235717099,0.008614895884011481,0.004178688687692766,0.008179494312971861,1.5871175523349437,0.0
spatial,0.005,"[-1e-12, 0.01)","(60.399, 77.421]",low_nonzero,1617,0.02088234382578509,0.004455492029219494,0.0019789027776732013,0.0038344311894347527,1.0700774922094785,0.0
spatial,0.005,"[-1e-12, 0.01)","(60.399, 77.421]",zero,10034,0.0,9.911677070426127e-05,0.0019946972304568256,0.0038805353685076958,1.1104116622251465,0.0
spatial,0.005,"[0.01, 0.05)","(36.660000000000004, 53.852]",high,377,0.09648526176256304,0.03868502920471617,0.0031593368971468425,0.006275105478590397,1.8959577632194267,0.0
spatial,0.005,"[0.01, 0.05)","(36.660000000000004, 53.852]",low_nonzero,2556,0.03727488219247086,0.0314678067410093,0.0017866611074266394,0.003446402724005401,0.9334165805665511,0.0
spatial,0.005,"[0.01, 0.05)","(36.660000000000004, 53.852]",zero,65,0.0,0.022800976465909728,0.004926739926739926,0.009443896729105316,2.005371453203621,0.0
spatial,0.005,"[0.01, 0.05)","(53.852, 56.991]",high,599,0.0944479621199958,0.03825523871068784,0.0018616819179541947,0.0036463840515208457,1.0491243851970082,0.0
spatial,0.005,"[0.01, 0.05)","(53.852, 56.991]",low_nonzero,2685,0.03767714789611214,0.031107782883925746,0.001722112034533435,0.0033643628399612504,0.9050957030613285,0.0
spatial,0.005,"[0.01, 0.05)","(53.852, 56.991]",zero,59,0.0,0.0233704448985231,0.0012106537530266342,0.002264925778918851,0.6198547215496367,0.0
spatial,0.005,"[0.01, 0.05)","(56.991, 60.399]",high,571,0.10068668526496016,0.0385925062202984,0.0016922244914907032,0.0033362754853124843,0.7533826121896298,0.0
spatial,0.005,"[0.01, 0.05)","(56.991, 60.399]",low_nonzero,2992,0.04050919918957551,0.03158026580648529,0.0023345819301548187,0.00454788444713499,1.2821163600569745,0.0
spatial,0.005,"[0.01, 0.05)","(56.991, 60.399]",zero,55,0.0,0.021444840127229102,0.0,0.0,0.0,0.0
spatial,0.005,"[0.01, 0.05)","(60.399, 77.421]",high,825,0.0996183371644646,0.03792461402420183,0.002233303358408903,0.004314822475951773,1.0903547041133728,0.0
spatial,0.005,"[0.01, 0.05)","(60.399, 77.421]",low_nonzero,2925,0.040307495920950245,0.03053999697827331,0.0020014587713309976,0.0038644982462049337,1.1199816960889746,0.0
spatial,0.005,"[0.01, 0.05)","(60.399, 77.421]",zero,36,0.0,0.021018272499614774,0.0,0.0,0.0,0.0
spatial,0.005,"[0.05, 0.1)","(36.660000000000004, 53.852]",high,2527,0.10639196359058921,0.07855925033942564,0.0016994673747731436,0.0033103925021594435,0.8349265686615793,0.0
spatial,0.005,"[0.05, 0.1)","(36.660000000000004, 53.852]",low_nonzero,2284,0.05302137580570836,0.07220219120092114,0.002520373756344124,0.004929553044020569,1.3235121791552922,0.0
spatial,0.005,"[0.05, 0.1)","(36.660000000000004, 53.852]",zero,3,0.0,0.07805897523022905,0.0,0.0,0.0,0.0
spatial,0.005,"[0.05, 0.1)","(53.852, 56.991]",high,3274,0.10625766184527688,0.07861570801507384,0.0018582902821157525,0.003597909681743517,0.9290713462880206,0.0
spatial,0.005,"[0.05, 0.1)","(53.852, 56.991]",low_nonzero,1876,0.05158151961230394,0.07091230334824873,0.0020019303170698568,0.003863736223209057,1.067440845865347,0.0
spatial,0.005,"[0.05, 0.1)","(56.991, 60.399]",high,3373,0.11054521247973421,0.07834977820948547,0.0019511557595398186,0.003792414341095226,1.0290128243915786,0.0
spatial,0.005,"[0.05, 0.1)","(56.991, 60.399]",low_nonzero,2071,0.05617434793040643,0.07064895836636893,0.001671037041753801,0.0032318423727620313,0.8705414584091045,0.0
spatial,0.005,"[0.05, 0.1)","(60.399, 77.421]",high,3922,0.112473823110923,0.07804518597596681,0.0019974034294840443,0.003907912790999106,1.0770208893175932,0.0
spatial,0.005,"[0.05, 0.1)","(60.399, 77.421]",low_nonzero,1627,0.05540679199868936,0.06980284274000671,0.002185278475338674,0.0042227398111406465,1.1258003353909303,0.0
spatial,0.005,"[0.05, 0.1)","(60.399, 77.421]",zero,1,0.0,0.0625,0.0,0.0,0.0,0.0
spatial,0.005,"[0.1, 0.2)","(36.660000000000004, 53.852]",high,2303,0.11165860411162573,0.12570076130322544,0.002115033970834522,0.004080540621487241,1.007157104665679,0.0
spatial,0.005,"[0.1, 0.2)","(36.660000000000004, 53.852]",low_nonzero,799,0.0601297249511869,0.12187074209619696,0.002574193524884377,0.005009383605229811,1.3981062078512918,0.0
spatial,0.005,"[0.1, 0.2)","(53.852, 56.991]",high,2833,0.11274092908856241,0.12479713593571357,0.0019091609245547763,0.0037416596424505234,0.9635257277690092,0.0
spatial,0.005,"[0.1, 0.2)","(53.852, 56.991]",low_nonzero,474,0.058929060684522104,0.12065549917485009,0.0018454964607529563,0.0036159794076964648,0.8798893191050053,0.0
spatial,0.005,"[0.1, 0.2)","(56.991, 60.399]",high,2940,0.11828859494653576,0.1259883879630232,0.0018993760216815872,0.003704346736763088,0.9708154378559387,0.0
spatial,0.005,"[0.1, 0.2)","(56.991, 60.399]",low_nonzero,511,0.06311944058645946,0.12040332815519532,0.002300217459120304,0.0044779808878429575,1.1483788768828138,0.0
spatial,0.005,"[0.1, 0.2)","(60.399, 77.421]",high,3276,0.12181579373552016,0.12515393872174813,0.002105040542008827,0.004114197850649264,1.0957196341271638,0.0
spatial,0.005,"[0.1, 0.2)","(60.399, 77.421]",low_nonzero,296,0.06090536255883999,0.119581321565907,0.0024054301821329685,0.00462316518407334,1.309866194572077,0.0
spatial,0.005,"[0.2, 0.3)","(36.660000000000004, 53.852]",high,12,0.12713185006382996,0.20716680257260214,0.006944444444444444,0.012858612496840992,4.063492063492063,0.0
spatial,0.005,"[0.2, 0.3)","(53.852, 56.991]",high,12,0.12385546018095071,0.20721046349998853,0.007575757575757576,0.014085904245475275,4.876190476190476,0.0
spatial,0.005,"[0.2, 0.3)","(56.991, 60.399]",high,11,0.12086076013472223,0.20994767723279517,0.0,0.0,0.0,0.0
spatial,0.005,"[0.2, 0.3)","(56.991, 60.399]",low_nonzero,1,0.07207207207207207,0.2127659574468085,0.06666666666666667,0.125,32.0,32.0
spatial,0.005,"[0.2, 0.3)","(60.399, 77.421]",high,14,0.1308070476809618,0.20835667866618715,0.0,0.0,0.0,0.0
spatial,0.005,"[0.2, 0.3)","(60.399, 77.421]",low_nonzero,1,0.07017543859649122,0.20430107526881722,0.0,0.0,0.0,0.0
spatial,0.01,"[-1e-12, 0.01)","(36.660000000000004, 53.852]",high,6,0.08271980978166545,0.008854093667063983,0.0,0.0,0.0,0.0
spatial,0.01,"[-1e-12, 0.01)","(36.660000000000004, 53.852]",low_nonzero,1347,0.01944828602268017,0.0045597525626668986,0.0034977869469702996,0.006919147324996554,0.9434211585515208,0.0
spatial,0.01,"[-1e-12, 0.01)","(36.660000000000004, 53.852]",zero,12987,0.0,0.00011283722362367832,0.00383214470379492,0.007596447312858586,1.0503977962178226,0.0
spatial,0.01,"[-1e-12, 0.01)","(53.852, 56.991]",high,15,0.08505373530236567,0.008425039053440778,0.004627450980392157,0.009119464561544803,1.3084444444444445,0.0
spatial,0.01,"[-1e-12, 0.01)","(53.852, 56.991]",low_nonzero,1397,0.019940684980089884,0.0042578911311321075,0.0028392499871930242,0.005606243677189145,0.7915826777307176,0.0
spatial,0.01,"[-1e-12, 0.01)","(53.852, 56.991]",zero,11787,0.0,8.559209413241168e-05,0.0036537749033606712,0.00724064985285577,0.9992940978943526,0.0
spatial,0.01,"[-1e-12, 0.01)","(56.991, 60.399]",high,12,0.0867891452753838,0.007622506743373068,0.003787878787878788,0.009558988911273407,2.245614035087719,0.0
spatial,0.01,"[-1e-12, 0.01)","(56.991, 60.399]",low_nonzero,1579,0.02083335232839883,0.004431311274288789,0.003853395147577507,0.007612215678736654,1.058269890847585,0.0
spatial,0.01,"[-1e-12, 0.01)","(56.991, 60.399]",zero,11010,0.0,9.009717210552661e-05,0.00373455674934372,0.007394648308833123,1.0422089242191996,0.0
spatial,0.01,"[-1e-12, 0.01)","(60.399, 77.421]",high,23,0.0901287235717099,0.008614895884011481,0.00705071069184678,0.013758646212307634,2.4839799775861158,0.0
spatial,0.01,"[-1e-12, 0.01)","(60.399, 77.421]",low_nonzero,1617,0.02088234382578509,0.004455492029219494,0.003948491509635505,0.007813364545617799,1.0650373120839907,0.0
spatial,0.01,"[-1e-12, 0.01)","(60.399, 77.421]",zero,10034,0.0,9.911677070426127e-05,0.0036567074865400256,0.007237147762736896,1.012446880999159,0.0
spatial,0.01,"[0.01, 0.05)","(36.660000000000004, 53.852]",high,377,0.09648526176256304,0.03868502920471617,0.0034918001291482288,0.006868376236017432,0.9581988685293428,0.0
spatial,0.01,"[0.01, 0.05)","(36.660000000000004, 53.852]",low_nonzero,2556,0.03727488219247086,0.0314678067410093,0.0036126542999907387,0.007181410278114311,0.9922145875846954,0.0
spatial,0.01,"[0.01, 0.05)","(36.660000000000004, 53.852]",zero,65,0.0,0.022800976465909728,0.005774171349557905,0.011522847767003895,1.5337362230745253,0.0
spatial,0.01,"[0.01, 0.05)","(53.852, 56.991]",high,599,0.0944479621199958,0.03825523871068784,0.0033102020518095505,0.006551684867266157,0.891571987515872,0.0
spatial,0.01,"[0.01, 0.05)","(53.852, 56.991]",low_nonzero,2685,0.03767714789611214,0.031107782883925746,0.003537638963547039,0.00702708175753856,0.9957604277497156,0.0
spatial,0.01,"[0.01, 0.05)","(53.852, 56.991]",zero,59,0.0,0.0233704448985231,0.003950290584529396,0.007854406005421727,1.1212129991791009,0.0
spatial,0.01,"[0.01, 0.05)","(56.991, 60.399]",high,571,0.10068668526496016,0.0385925062202984,0.00376009784564449,0.0074050595321050305,0.9519876306635309,0.0
spatial,0.01,"[0.01, 0.05)","(56.991, 60.399]",low_nonzero,2992,0.04050919918957551,0.03158026580648529,0.0036099792969144515,0.007172389139980758,1.0078701477453127,0.0
spatial,0.01,"[0.01, 0.05)","(56.991, 60.399]",zero,55,0.0,0.021444840127229102,0.003922776308359832,0.007678959552171243,0.9867203025259291,0.0
spatial,0.01,"[0.01, 0.05)","(60.399, 77.421]",high,825,0.0996183371644646,0.03792461402420183,0.003844549052625585,0.007591362933082767,1.0799819792052505,0.0
spatial,0.01,"[0.01, 0.05)","(60.399, 77.421]",low_nonzero,2925,0.040307495920950245,0.03053999697827331,0.0036655173977234775,0.007258677238447302,0.9900779156928702,0.0
spatial,0.01,"[0.01, 0.05)","(60.399, 77.421]",zero,36,0.0,0.021018272499614774,0.004713573463573464,0.009577355954132219,1.1622397785105905,0.0
spatial,0.01,"[0.05, 0.1)","(36.660000000000004, 53.852]",high,2527,0.10639196359058921,0.07855925033942564,0.0037265411817998017,0.007375977862323769,0.9875438137931879,0.0
spatial,0.01,"[0.05, 0.1)","(36.660000000000004, 53.852]",low_nonzero,2284,0.05302137580570836,0.07220219120092114,0.0039107824327817954,0.0077683367586647,1.0985929769702771,0.0
spatial,0.01,"[0.05, 0.1)","(36.660000000000004, 53.852]",zero,3,0.0,0.07805897523022905,0.0,0.0,0.0,0.0
spatial,0.01,"[0.05, 0.1)","(53.852, 56.991]",high,3274,0.10625766184527688,0.07861570801507384,0.0036767483018600206,0.007266736200977216,0.9843579424693811,0.0
spatial,0.01,"[0.05, 0.1)","(53.852, 56.991]",low_nonzero,1876,0.05158151961230394,0.07091230334824873,0.003849091915199585,0.0076320014710856195,1.0338349922027876,0.0
spatial,0.01,"[0.05, 0.1)","(56.991, 60.399]",high,3373,0.11054521247973421,0.07834977820948547,0.00357152062159088,0.007081488706480195,0.9777135067695624,0.0
spatial,0.01,"[0.05, 0.1)","(56.991, 60.399]",low_nonzero,2071,0.05617434793040643,0.07064895836636893,0.0036979290108744983,0.007308500508922737,0.9924081665206634,0.0
spatial,0.01,"[0.05, 0.1)","(60.399, 77.421]",high,3922,0.112473823110923,0.07804518597596681,0.0036414734984990997,0.0072196298756854885,1.0050503010503626,0.0
spatial,0.01,"[0.05, 0.1)","(60.399, 77.421]",low_nonzero,1627,0.05540679199868936,0.06980284274000671,0.0035169270916020887,0.006946884964029225,0.9452444079859393,0.0
spatial,0.01,"[0.05, 0.1)","(60.399, 77.421]",zero,1,0.0,0.0625,0.0,0.0,0.0,0.0
spatial,0.01,"[0.1, 0.2)","(36.660000000000004, 53.852]",high,2303,0.11165860411162573,0.12570076130322544,0.004202905387095304,0.008323706565351313,1.1648753362869455,0.0
spatial,0.01,"[0.1, 0.2)","(36.660000000000004, 53.852]",low_nonzero,799,0.0601297249511869,0.12187074209619696,0.003543527888028017,0.006992463069224569,0.9438171790433268,0.0
spatial,0.01,"[0.1, 0.2)","(53.852, 56.991]",high,2833,0.11274092908856241,0.12479713593571357,0.004225409181353471,0.008323513279517575,1.172188990882743,0.0
spatial,0.01,"[0.1, 0.2)","(53.852, 56.991]",low_nonzero,474,0.058929060684522104,0.12065549917485009,0.00397400543864385,0.007863757396561637,1.1119802646017245,0.0
spatial,0.01,"[0.1, 0.2)","(56.991, 60.399]",high,2940,0.11828859494653576,0.1259883879630232,0.003970778448189462,0.00782211993988623,1.1479002737369313,0.0
spatial,0.01,"[0.1, 0.2)","(56.991, 60.399]",low_nonzero,511,0.06311944058645946,0.12040332815519532,0.0033057628056076607,0.006622007864702334,0.9928841267830057,0.0
spatial,0.01,"[0.1, 0.2)","(60.399, 77.421]",high,3276,0.12181579373552016,0.12515393872174813,0.0033786105279749127,0.006676748845845373,0.9256311184114001,0.0
spatial,0.01,"[0.1, 0.2)","(60.399, 77.421]",low_nonzero,296,0.06090536255883999,0.119581321565907,0.004476024157751333,0.008795796574887008,1.2673316060157127,0.0
spatial,0.01,"[0.2, 0.3)","(36.660000000000004, 53.852]",high,12,0.12713185006382996,0.20716680257260214,0.009046402724563644,0.017503190440499392,2.5123321123321123,0.0
spatial,0.01,"[0.2, 0.3)","(53.852, 56.991]",high,12,0.12385546018095071,0.20721046349998853,0.0,0.0,0.0,0.0
spatial,0.01,"[0.2, 0.3)","(56.991, 60.399]",high,11,0.12086076013472223,0.20994767723279517,0.0,0.0,0.0,0.0
spatial,0.01,"[0.2, 0.3)","(56.991, 60.399]",low_nonzero,1,0.07207207207207207,0.2127659574468085,0.0,0.0,0.0,0.0
spatial,0.01,"[0.2, 0.3)","(60.399, 77.421]",high,14,0.1308070476809618,0.20835667866618715,0.004736842105263158,0.00949812941855093,1.3536313075955018,0.0
spatial,0.01,"[0.2, 0.3)","(60.399, 77.421]",low_nonzero,1,0.07017543859649122,0.20430107526881722,0.0,0.0,0.0,0.0
spatial,0.02,"[-1e-12, 0.01)","(36.660000000000004, 53.852]",high,6,0.08271980978166545,0.008854093667063983,0.006818462297914353,0.01361005375263738,0.7592964862298196,0.0
spatial,0.02,"[-1e-12, 0.01)","(36.660000000000004, 53.852]",low_nonzero,1347,0.01944828602268017,0.0045597525626668986,0.008028977374316541,0.016109774873922133,1.090182397434163,0.0
spatial,0.02,"[-1e-12, 0.01)","(36.660000000000004, 53.852]",zero,12987,0.0,0.00011283722362367832,0.00747201842057126,0.015001279695732568,1.0060953136085702,0.0
spatial,0.02,"[-1e-12, 0.01)","(53.852, 56.991]",high,15,0.08505373530236567,0.008425039053440778,0.006622408713005837,0.013310763627928872,0.9630238297326097,0.0
spatial,0.02,"[-1e-12, 0.01)","(53.852, 56.991]",low_nonzero,1397,0.019940684980089884,0.0042578911311321075,0.007382039629542172,0.01485354461817894,0.9961697557910852,0.0
spatial,0.02,"[-1e-12, 0.01)","(53.852, 56.991]",zero,11787,0.0,8.559209413241168e-05,0.007631930440119467,0.015347134211164078,1.027179530356496,0.0
spatial,0.02,"[-1e-12, 0.01)","(56.991, 60.399]",high,12,0.0867891452753838,0.007622506743373068,0.013330871153918407,0.025878221970537546,1.6906329035000784,0.0
spatial,0.02,"[-1e-12, 0.01)","(56.991, 60.399]",low_nonzero,1579,0.02083335232839883,0.004431311274288789,0.007517288128212227,0.0151299838930861,1.0150747470893977,0.0
spatial,0.02,"[-1e-12, 0.01)","(56.991, 60.399]",zero,11010,0.0,9.009717210552661e-05,0.007574446432337797,0.015236917742248723,1.0073334929134927,0.0
spatial,0.02,"[-1e-12, 0.01)","(60.399, 77.421]",high,23,0.0901287235717099,0.008614895884011481,0.009924368097740666,0.0196072645378668,1.1462178068489277,0.0
spatial,0.02,"[-1e-12, 0.01)","(60.399, 77.421]",low_nonzero,1617,0.02088234382578509,0.004455492029219494,0.00763139454089152,0.015358026077358885,0.9939897754540278,0.0
spatial,0.02,"[-1e-12, 0.01)","(60.399, 77.421]",zero,10034,0.0,9.911677070426127e-05,0.007695972070082958,0.015530473286657017,1.03074788164097,0.0
spatial,0.02,"[0.01, 0.05)","(36.660000000000004, 53.852]",high,377,0.09648526176256304,0.03868502920471617,0.007876633190521587,0.015759046135650056,1.0485084196254966,0.0
spatial,0.02,"[0.01, 0.05)","(36.660000000000004, 53.852]",low_nonzero,2556,0.03727488219247086,0.0314678067410093,0.007737677659538826,0.015518089245660989,1.0300636596266297,0.0
spatial,0.02,"[0.01, 0.05)","(36.660000000000004, 53.852]",zero,65,0.0,0.022800976465909728,0.005806858385499865,0.011768790042936553,0.870336489717026,0.0
spatial,0.02,"[0.01, 0.05)","(53.852, 56.991]",high,599,0.0944479621199958,0.03825523871068784,0.00851025558358033,0.016984037525570334,1.1467992715763067,0.0
spatial,0.02,"[0.01, 0.05)","(53.852, 56.991]",low_nonzero,2685,0.03767714789611214,0.031107782883925746,0.007331423543387415,0.014751900630640016,0.9944165641585008,0.0
spatial,0.02,"[0.01, 0.05)","(53.852, 56.991]",zero,59,0.0,0.0233704448985231,0.009787206701340406,0.019953084527289285,1.3101281278363248,0.0
spatial,0.02,"[0.01, 0.05)","(56.991, 60.399]",high,571,0.10068668526496016,0.0385925062202984,0.007290552349522182,0.014593327415022778,0.9210839090278398,0.0
spatial,0.02,"[0.01, 0.05)","(56.991, 60.399]",low_nonzero,2992,0.04050919918957551,0.03158026580648529,0.007475173493159969,0.01501833698994778,1.0009659248609712,0.0
spatial,0.02,"[0.01, 0.05)","(56.991, 60.399]",zero,55,0.0,0.021444840127229102,0.010465760910197559,0.020799615144799437,1.5419291858337045,0.0
spatial,0.02,"[0.01, 0.05)","(60.399, 77.421]",high,825,0.0996183371644646,0.03792461402420183,0.007424154052373282,0.014930091372898075,0.9722000564828185,0.0
spatial,0.02,"[0.01, 0.05)","(60.399, 77.421]",low_nonzero,2925,0.040307495920950245,0.03053999697827331,0.007383977680472808,0.014854429735349839,0.9671796420814398,0.0
spatial,0.02,"[0.01, 0.05)","(60.399, 77.421]",zero,36,0.0,0.021018272499614774,0.009648186213623275,0.019629605607597925,1.2184863230615528,1.1061341174548722
spatial,0.02,"[0.05, 0.1)","(36.660000000000004, 53.852]",high,2527,0.10639196359058921,0.07855925033942564,0.008144583230451991,0.01625205040137722,1.0841264198236282,0.0
spatial,0.02,"[0.05, 0.1)","(36.660000000000004, 53.852]",low_nonzero,2284,0.05302137580570836,0.07220219120092114,0.00772071972158367,0.01549094923415113,1.0320320560697862,0.0
spatial,0.02,"[0.05, 0.1)","(36.660000000000004, 53.852]",zero,3,0.0,0.07805897523022905,0.013124235346457569,0.027844367231069436,2.7426962460577733,1.332465842550423
spatial,0.02,"[0.05, 0.1)","(53.852, 56.991]",high,3274,0.10625766184527688,0.07861570801507384,0.007636826908363936,0.015298151042711693,1.020465163933588,0.0
spatial,0.02,"[0.05, 0.1)","(53.852, 56.991]",low_nonzero,1876,0.05158151961230394,0.07091230334824873,0.007616226007136961,0.015318523581858753,1.0161402898980916,0.0
spatial,0.02,"[0.05, 0.1)","(56.991, 60.399]",high,3373,0.11054521247973421,0.07834977820948547,0.007500662644796161,0.015070182777841274,0.9845320565083253,0.0
spatial,0.02,"[0.05, 0.1)","(56.991, 60.399]",low_nonzero,2071,0.05617434793040643,0.07064895836636893,0.007366064663743587,0.01477039102155945,0.9677560306078036,0.0
spatial,0.02,"[0.05, 0.1)","(60.399, 77.421]",high,3922,0.112473823110923,0.07804518597596681,0.008118698934568114,0.016281857046079363,1.0644548860880634,0.0
spatial,0.02,"[0.05, 0.1)","(60.399, 77.421]",low_nonzero,1627,0.05540679199868936,0.06980284274000671,0.007541988810821042,0.015163594125333267,1.0059828140475746,0.0
spatial,0.02,"[0.05, 0.1)","(60.399, 77.421]",zero,1,0.0,0.0625,0.0,0.0,0.0,0.0
spatial,0.02,"[0.1, 0.2)","(36.660000000000004, 53.852]",high,2303,0.11165860411162573,0.12570076130322544,0.008104746118645886,0.016164313827620302,1.0729967907655327,0.0
spatial,0.02,"[0.1, 0.2)","(36.660000000000004, 53.852]",low_nonzero,799,0.0601297249511869,0.12187074209619696,0.0072215308937777205,0.014433633805335562,0.9464964011644936,0.0
spatial,0.02,"[0.1, 0.2)","(53.852, 56.991]",high,2833,0.11274092908856241,0.12479713593571357,0.008047224189482779,0.016132630770062037,1.0732435854147016,0.0
spatial,0.02,"[0.1, 0.2)","(53.852, 56.991]",low_nonzero,474,0.058929060684522104,0.12065549917485009,0.007222077128776455,0.014538175254770327,0.9637292745188044,0.0
spatial,0.02,"[0.1, 0.2)","(56.991, 60.399]",high,2940,0.11828859494653576,0.1259883879630232,0.007823959093243545,0.01563777920681733,1.0191482925295665,0.0
spatial,0.02,"[0.1, 0.2)","(56.991, 60.399]",low_nonzero,511,0.06311944058645946,0.12040332815519532,0.00743963110823074,0.014857443967541628,0.9874587711704158,0.0
spatial,0.02,"[0.1, 0.2)","(60.399, 77.421]",high,3276,0.12181579373552016,0.12515393872174813,0.008031645417913267,0.016117337311477076,1.0537047111836904,0.0
spatial,0.02,"[0.1, 0.2)","(60.399, 77.421]",low_nonzero,296,0.06090536255883999,0.119581321565907,0.007938470102863143,0.01588688965410469,1.0362317830843246,0.0
spatial,0.02,"[0.2, 0.3)","(36.660000000000004, 53.852]",high,12,0.12713185006382996,0.20716680257260214,0.011312392509583801,0.022486655456924267,1.586699892634618,0.0
spatial,0.02,"[0.2, 0.3)","(53.852, 56.991]",high,12,0.12385546018095071,0.20721046349998853,0.010509685624904041,0.02092282778110353,1.5724878976340966,0.0
spatial,0.02,"[0.2, 0.3)","(56.991, 60.399]",high,11,0.12086076013472223,0.20994767723279517,0.0012121212121212121,0.0024471904639007526,0.1349143610013175,0.0
spatial,0.02,"[0.2, 0.3)","(56.991, 60.399]",low_nonzero,1,0.07207207207207207,0.2127659574468085,0.013513513513513514,0.027076518053694116,1.501466275659824,1.501466275659824
spatial,0.02,"[0.2, 0.3)","(60.399, 77.421]",high,14,0.1308070476809618,0.20835667866618715,0.004479316516282246,0.009075860314803374,0.6320347237828985,0.0
spatial,0.02,"[0.2, 0.3)","(60.399, 77.421]",low_nonzero,1,0.07017543859649122,0.20430107526881722,0.0,0.0,0.0,0.0
spatial,0.05,"[-1e-12, 0.01)","(36.660000000000004, 53.852]",high,6,0.08271980978166545,0.008854093667063983,0.03135004981143609,0.06264308479789332,1.0757770119816703,0.9896318507347581
spatial,0.05,"[-1e-12, 0.01)","(36.660000000000004, 53.852]",low_nonzero,1347,0.01944828602268017,0.0045597525626668986,0.022747261753075985,0.04871166582578394,1.0235184287323271,0.9675590551181102
spatial,0.05,"[-1e-12, 0.01)","(36.660000000000004, 53.852]",zero,12987,0.0,0.00011283722362367832,0.022080720720232466,0.04766692942319839,0.9989472774684972,0.9497971014492753
spatial,0.05,"[-1e-12, 0.01)","(53.852, 56.991]",high,15,0.08505373530236567,0.008425039053440778,0.020817140724589126,0.043754924494484745,1.1744692146880584,1.1609977324263039
spatial,0.05,"[-1e-12, 0.01)","(53.852, 56.991]",low_nonzero,1397,0.019940684980089884,0.0042578911311321075,0.022837940078106952,0.049189611009478246,1.00630099876527,0.9774240453248882
spatial,0.05,"[-1e-12, 0.01)","(53.852, 56.991]",zero,11787,0.0,8.559209413241168e-05,0.022752848969063193,0.049292418290262686,1.0093515964372766,0.9660377358490566
spatial,0.05,"[-1e-12, 0.01)","(56.991, 60.399]",high,12,0.0867891452753838,0.007622506743373068,0.02406245842684233,0.049906399813680224,0.8714973734129302,0.9455216989843028
spatial,0.05,"[-1e-12, 0.01)","(56.991, 60.399]",low_nonzero,1579,0.02083335232839883,0.004431311274288789,0.024044294400378214,0.051775334068664504,1.0298569905903245,0.9747189638081432
spatial,0.05,"[-1e-12, 0.01)","(56.991, 60.399]",zero,11010,0.0,9.009717210552661e-05,0.02313395372048884,0.05015716471812628,1.0247247450929047,0.968321513002364
spatial,0.05,"[-1e-12, 0.01)","(60.399, 77.421]",high,23,0.0901287235717099,0.008614895884011481,0.033062778250879055,0.06694975170237082,0.9892998750345809,1.0159450074410035
spatial,0.05,"[-1e-12, 0.01)","(60.399, 77.421]",low_nonzero,1617,0.02088234382578509,0.004455492029219494,0.024798205393495535,0.05339752801857013,1.026315919111902,0.9799442031301562
spatial,0.05,"[-1e-12, 0.01)","(60.399, 77.421]",zero,10034,0.0,9.911677070426127e-05,0.023675062653644333,0.051364876215031365,0.9981407953709124,0.9586518957715713
spatial,0.05,"[0.01, 0.05)","(36.660000000000004, 53.852]",high,377,0.09648526176256304,0.03868502920471617,0.026620221498890054,0.05484630252789841,1.0675786822894426,1.03082965179645
spatial,0.05,"[0.01, 0.05)","(36.660000000000004, 53.852]",low_nonzero,2556,0.03727488219247086,0.0314678067410093,0.024024799881798942,0.050542736311445235,1.0119200590212036,0.9844576189713187
spatial,0.05,"[0.01, 0.05)","(36.660000000000004, 53.852]",zero,65,0.0,0.022800976465909728,0.020473123313895544,0.044190129493456146,0.9449061886348353,0.9660377358490566
spatial,0.05,"[0.01, 0.05)","(53.852, 56.991]",high,599,0.0944479621199958,0.03825523871068784,0.025001148718438233,0.05160399750089353,1.0315716672838025,0.9766251191156852
spatial,0.05,"[0.01, 0.05)","(53.852, 56.991]",low_nonzero,2685,0.03767714789611214,0.031107782883925746,0.024609013196613364,0.051833327815245835,1.0562441197008008,0.9875233596239907
spatial,0.05,"[0.01, 0.05)","(53.852, 56.991]",zero,59,0.0,0.0233704448985231,0.02518745039826464,0.055162573411357725,0.980039159921338,0.9794356767097083
spatial,0.05,"[0.01, 0.05)","(56.991, 60.399]",high,571,0.10068668526496016,0.0385925062202984,0.026663371727512434,0.055396592136582115,0.9927208898911071,0.9884580669323267
spatial,0.05,"[0.01, 0.05)","(56.991, 60.399]",low_nonzero,2992,0.04050919918957551,0.03158026580648529,0.0244092526077934,0.051663701995708015,1.003215624734391,0.9809928786855222
spatial,0.05,"[0.01, 0.05)","(56.991, 60.399]",zero,55,0.0,0.021444840127229102,0.02391541352460302,0.051487783929767175,0.9566831875482957,1.0105263157894737
spatial,0.05,"[0.01, 0.05)","(60.399, 77.421]",high,825,0.0996183371644646,0.03792461402420183,0.026393077095390443,0.0552700612857371,1.0606703493273915,0.9951409135082604
spatial,0.05,"[0.01, 0.05)","(60.399, 77.421]",low_nonzero,2925,0.040307495920950245,0.03053999697827331,0.025379141573177222,0.05389367580232141,1.018027315431352,0.9893719806763285
spatial,0.05,"[0.01, 0.05)","(60.399, 77.421]",zero,36,0.0,0.021018272499614774,0.030978342942008567,0.06376856965276792,1.1106529170662285,1.0495838575763634
spatial,0.05,"[0.05, 0.1)","(36.660000000000004, 53.852]",high,2527,0.10639196359058921,0.07855925033942564,0.026580089555877907,0.05474361759827827,1.0905506054106477,1.031103155068248
spatial,0.05,"[0.05, 0.1)","(36.660000000000004, 53.852]",low_nonzero,2284,0.05302137580570836,0.07220219120092114,0.024484819152818926,0.05099023020503462,1.0934802272559818,0.9884169884169884
spatial,0.05,"[0.05, 0.1)","(36.660000000000004, 53.852]",zero,3,0.0,0.07805897523022905,0.0301011197364808,0.07746948044239037,2.1466268284120793,1.6138691883372736
spatial,0.05,"[0.05, 0.1)","(53.852, 56.991]",high,3274,0.10625766184527688,0.07861570801507384,0.025743414187122414,0.053414078745059296,1.0584078711845015,1.0173869846000994
spatial,0.05,"[0.05, 0.1)","(53.852, 56.991]",low_nonzero,1876,0.05158151961230394,0.07091230334824873,0.024307692466095696,0.05145374437782755,1.0375708734330182,0.999633923123856
spatial,0.05,"[0.05, 0.1)","(56.991, 60.399]",high,3373,0.11054521247973421,0.07834977820948547,0.02753090851813001,0.05688672373117467,1.0613776364012237,1.0477617744275438
spatial,0.05,"[0.05, 0.1)","(56.991, 60.399]",low_nonzero,2071,0.05617434793040643,0.07064895836636893,0.02551037690189015,0.05359580481571682,1.0635184411155933,1.0005699927915486
spatial,0.05,"[0.05, 0.1)","(60.399, 77.421]",high,3922,0.112473823110923,0.07804518597596681,0.027978235159888815,0.058384176761369366,1.0889943866670686,1.0483210483210483
spatial,0.05,"[0.05, 0.1)","(60.399, 77.421]",low_nonzero,1627,0.05540679199868936,0.06980284274000671,0.026642671952186916,0.05640603095479051,1.0560659958933147,1.0072791658469409
spatial,0.05,"[0.05, 0.1)","(60.399, 77.421]",zero,1,0.0,0.0625,0.03307888040712468,0.07508933280062977,0.8882661061622127,0.8882661061622127
spatial,0.05,"[0.1, 0.2)","(36.660000000000004, 53.852]",high,2303,0.11165860411162573,0.12570076130322544,0.025879112929756226,0.052930362833454564,1.0565290873360988,0.9974648805671661
spatial,0.05,"[0.1, 0.2)","(36.660000000000004, 53.852]",low_nonzero,799,0.0601297249511869,0.12187074209619696,0.024919111369932304,0.051186316562519873,0.9668185092954863,0.971887182267448
spatial,0.05,"[0.1, 0.2)","(53.852, 56.991]",high,2833,0.11274092908856241,0.12479713593571357,0.026821071318510588,0.05528170512987841,1.0771351376153813,1.0361750569187957
spatial,0.05,"[0.1, 0.2)","(53.852, 56.991]",low_nonzero,474,0.058929060684522104,0.12065549917485009,0.02591180989871449,0.05417685656149825,1.0622291029234527,1.0069595017728394
spatial,0.05,"[0.1, 0.2)","(56.991, 60.399]",high,2940,0.11828859494653576,0.1259883879630232,0.027757386491942593,0.05723686055056822,1.0988536005511294,1.0483210483210483
spatial,0.05,"[0.1, 0.2)","(56.991, 60.399]",low_nonzero,511,0.06311944058645946,0.12040332815519532,0.025465960092150304,0.05371997035714274,1.0922489709003451,1.0369620253164558
spatial,0.05,"[0.1, 0.2)","(60.399, 77.421]",high,3276,0.12181579373552016,0.12515393872174813,0.029445966011436536,0.06040226696707782,1.1055570493815745,1.0406629967939023
spatial,0.05,"[0.1, 0.2)","(60.399, 77.421]",low_nonzero,296,0.06090536255883999,0.119581321565907,0.026072271087443654,0.05483429096921773,0.9993472272043499,0.9969505140977237
spatial,0.05,"[0.2, 0.3)","(36.660000000000004, 53.852]",high,12,0.12713185006382996,0.20716680257260214,0.020350852117280462,0.042203986557839225,1.2239028974042983,0.9898776120998343
spatial,0.05,"[0.2, 0.3)","(53.852, 56.991]",high,12,0.12385546018095071,0.20721046349998853,0.025561480144347237,0.052681406349620784,1.1569134821031257,1.0615549017155677
spatial,0.05,"[0.2, 0.3)","(56.991, 60.399]",high,11,0.12086076013472223,0.20994767723279517,0.01435863141670128,0.037620485579720066,0.9917070141406483,0.984024024024024
spatial,0.05,"[0.2, 0.3)","(56.991, 60.399]",low_nonzero,1,0.07207207207207207,0.2127659574468085,0.04918032786885246,0.09480021661874247,1.5337951694439245,1.5337951694439245
spatial,0.05,"[0.2, 0.3)","(60.399, 77.421]",high,14,0.1308070476809618,0.20835667866618715,0.01537925410988106,0.032474893860687644,0.8585518395401832,0.5249241011506854
spatial,0.05,"[0.2, 0.3)","(60.399, 77.421]",low_nonzero,1,0.07017543859649122,0.20430107526881722,0.037037037037037035,0.07254291152465561,1.1975051975051976,1.1975051975051976
spatial,0.1,"[-1e-12, 0.01)","(36.660000000000004, 53.852]",high,6,0.08271980978166545,0.008854093667063983,0.07127419631277858,0.14059921630337,1.1124351206143144,1.0447483659558041
spatial,0.1,"[-1e-12, 0.01)","(36.660000000000004, 53.852]",low_nonzero,1347,0.01944828602268017,0.0045597525626668986,0.049477450915821855,0.10461425955923873,0.9677318442474887,0.9908737311450526
spatial,0.1,"[-1e-12, 0.01)","(36.660000000000004, 53.852]",zero,12987,0.0,0.00011283722362367832,0.048469028012855436,0.10441043175230066,1.011698831522344,0.9842299139591093
spatial,0.1,"[-1e-12, 0.01)","(53.852, 56.991]",high,15,0.08505373530236567,0.008425039053440778,0.03276136223553397,0.07672834175090068,1.0004774157446628,0.9108699519658424
spatial,0.1,"[-1e-12, 0.01)","(53.852, 56.991]",low_nonzero,1397,0.019940684980089884,0.0042578911311321075,0.049382821236895705,0.10545476548297567,0.9694264577500858,0.9940469033652426
spatial,0.1,"[-1e-12, 0.01)","(53.852, 56.991]",zero,11787,0.0,8.559209413241168e-05,0.0490627138086508,0.10585462547958614,1.0092883778554287,0.9830659448331832
spatial,0.1,"[-1e-12, 0.01)","(56.991, 60.399]",high,12,0.0867891452753838,0.007622506743373068,0.05975069868899571,0.11854890345032687,0.8909459370981012,1.0350550630314606
spatial,0.1,"[-1e-12, 0.01)","(56.991, 60.399]",low_nonzero,1579,0.02083335232839883,0.004431311274288789,0.05237468192312927,0.11099819063623402,1.023625590431399,0.9966400607682323
spatial,0.1,"[-1e-12, 0.01)","(56.991, 60.399]",zero,11010,0.0,9.009717210552661e-05,0.04964364726547949,0.10715821602333955,1.017981144921048,0.9854267034758184
spatial,0.1,"[-1e-12, 0.01)","(60.399, 77.421]",high,23,0.0901287235717099,0.008614895884011481,0.07544505578152344,0.14090165445664296,0.9998104297072442,1.0334050856464956
spatial,0.1,"[-1e-12, 0.01)","(60.399, 77.421]",low_nonzero,1617,0.02088234382578509,0.004455492029219494,0.054439457512461514,0.1148459260125455,1.0921778937345148,1.00410614696329
spatial,0.1,"[-1e-12, 0.01)","(60.399, 77.421]",zero,10034,0.0,9.911677070426127e-05,0.05170466771302874,0.11143856134703807,1.0545818015722612,0.9883809883809884
spatial,0.1,"[0.01, 0.05)","(36.660000000000004, 53.852]",high,377,0.09648526176256304,0.03868502920471617,0.058540581388842675,0.11677350973455619,1.1835665899178045,1.0310887350534927
spatial,0.1,"[0.01, 0.05)","(36.660000000000004, 53.852]",low_nonzero,2556,0.03727488219247086,0.0314678067410093,0.05345406645378903,0.10993956495963973,1.0678117154269284,1.0087350345599988
spatial,0.1,"[0.01, 0.05)","(36.660000000000004, 53.852]",zero,65,0.0,0.022800976465909728,0.04260787254189557,0.08961849577789231,0.8275945295126986,0.8710957040373838
spatial,0.1,"[0.01, 0.05)","(53.852, 56.991]",high,599,0.0944479621199958,0.03825523871068784,0.05719544455237584,0.11341440712097242,1.042765450634335,1.018196281197176
spatial,0.1,"[0.01, 0.05)","(53.852, 56.991]",low_nonzero,2685,0.03767714789611214,0.031107782883925746,0.054628969863288614,0.11188586866313385,1.0208623062694118,0.997078870496592
spatial,0.1,"[0.01, 0.05)","(53.852, 56.991]",zero,59,0.0,0.0233704448985231,0.060011915023500235,0.12889098441763883,0.9565999710137081,1.0082063417527642
spatial,0.1,"[0.01, 0.05)","(56.991, 60.399]",high,571,0.10068668526496016,0.0385925062202984,0.06140093371093173,0.12098063515136649,1.0901855805468044,1.022977022977023
spatial,0.1,"[0.01, 0.05)","(56.991, 60.399]",low_nonzero,2992,0.04050919918957551,0.03158026580648529,0.054472035150174646,0.11236739204018772,0.9971434880381009,1.0100279467368074
spatial,0.1,"[0.01, 0.05)","(56.991, 60.399]",zero,55,0.0,0.021444840127229102,0.04811065265036134,0.10059617613531963,0.8836905411570672,0.9728555917480999
spatial,0.1,"[0.01, 0.05)","(60.399, 77.421]",high,825,0.0996183371644646,0.03792461402420183,0.05993744166377052,0.12083480481232965,1.3535350579630951,1.0367520502176775
spatial,0.1,"[0.01, 0.05)","(60.399, 77.421]",low_nonzero,2925,0.040307495920950245,0.03053999697827331,0.05637697615202059,0.11711608698033843,1.0706008380292793,1.0072862795154203
spatial,0.1,"[0.01, 0.05)","(60.399, 77.421]",zero,36,0.0,0.021018272499614774,0.06692890125032334,0.13207040159367553,0.946025107321754,1.021616228799468
spatial,0.1,"[0.05, 0.1)","(36.660000000000004, 53.852]",high,2527,0.10639196359058921,0.07855925033942564,0.059926216614109816,0.11757005978024408,1.0796503935706059,1.0242263483642795
spatial,0.1,"[0.05, 0.1)","(36.660000000000004, 53.852]",low_nonzero,2284,0.05302137580570836,0.07220219120092114,0.055059599454733425,0.11106191200443179,1.2403970476700972,1.010978359347026
spatial,0.1,"[0.05, 0.1)","(36.660000000000004, 53.852]",zero,3,0.0,0.07805897523022905,0.028410472456814443,0.09125026438035976,0.5746632442863041,0.7439832894378349
spatial,0.1,"[0.05, 0.1)","(53.852, 56.991]",high,3274,0.10625766184527688,0.07861570801507384,0.05819373402168047,0.1159983143181925,1.41220265873763,1.0291871969226696
spatial,0.1,"[0.05, 0.1)","(53.852, 56.991]",low_nonzero,1876,0.05158151961230394,0.07091230334824873,0.05253506900618299,0.10875684960689272,1.0004564457190892,1.008583087097228
spatial,0.1,"[0.05, 0.1)","(56.991, 60.399]",high,3373,0.11054521247973421,0.07834977820948547,0.0625891863535648,0.12271062851389443,1.068340217181747,1.0288679414546413
spatial,0.1,"[0.05, 0.1)","(56.991, 60.399]",low_nonzero,2071,0.05617434793040643,0.07064895836636893,0.0563161727655052,0.11402790775573127,1.0225443201892723,1.0133597229094509
spatial,0.1,"[0.05, 0.1)","(60.399, 77.421]",high,3922,0.112473823110923,0.07804518597596681,0.0617468469717363,0.12379729868122422,1.1454336807825467,1.028284518828452
spatial,0.1,"[0.05, 0.1)","(60.399, 77.421]",low_nonzero,1627,0.05540679199868936,0.06980284274000671,0.06010629807024507,0.12252533636001228,1.033812390318916,1.0134495905369878
spatial,0.1,"[0.05, 0.1)","(60.399, 77.421]",zero,1,0.0,0.0625,0.11271975180972078,0.23664358968066987,1.052187028657617,1.052187028657617
spatial,0.1,"[0.1, 0.2)","(36.660000000000004, 53.852]",high,2303,0.11165860411162573,0.12570076130322544,0.060202750924091414,0.11771131668827563,1.0706654292774698,1.0271354661598564
spatial,0.1,"[0.1, 0.2)","(36.660000000000004, 53.852]",low_nonzero,799,0.0601297249511869,0.12187074209619696,0.056506305550879606,0.11153595029030101,0.9823321619055803,1.0072304960807146
spatial,0.1,"[0.1, 0.2)","(53.852, 56.991]",high,2833,0.11274092908856241,0.12479713593571357,0.059420867346418486,0.11699718720354438,1.0973216276548723,1.026429649930849
spatial,0.1,"[0.1, 0.2)","(53.852, 56.991]",low_nonzero,474,0.058929060684522104,0.12065549917485009,0.05849563327076007,0.117575006756601,1.029379347794581,1.009614321578542
spatial,0.1,"[0.1, 0.2)","(56.991, 60.399]",high,2940,0.11828859494653576,0.1259883879630232,0.061698334203916544,0.12112708854605646,1.0861740328386698,1.0290250727257204
spatial,0.1,"[0.1, 0.2)","(56.991, 60.399]",low_nonzero,511,0.06311944058645946,0.12040332815519532,0.05723720936044436,0.11511400388223902,2.1035335796316303,1.0139568604186837
spatial,0.1,"[0.1, 0.2)","(60.399, 77.421]",high,3276,0.12181579373552016,0.12515393872174813,0.06808257605599008,0.1312375117693413,1.0711440851936935,1.0379203434295254
spatial,0.1,"[0.1, 0.2)","(60.399, 77.421]",low_nonzero,296,0.06090536255883999,0.119581321565907,0.05951845756544814,0.11996724838802214,0.9561213941792535,1.018185449087373
spatial,0.1,"[0.2, 0.3)","(36.660000000000004, 53.852]",high,12,0.12713185006382996,0.20716680257260214,0.04018297994841695,0.07984651552203369,1.1289704543850414,1.0556989727690502
spatial,0.1,"[0.2, 0.3)","(53.852, 56.991]",high,12,0.12385546018095071,0.20721046349998853,0.05597629599025219,0.11021104430604613,0.9793480576983745,1.0790487678903873
spatial,0.1,"[0.2, 0.3)","(56.991, 60.399]",high,11,0.12086076013472223,0.20994767723279517,0.02423745358358881,0.06670640615962779,0.8462680837522427,1.0306341248375248
spatial,0.1,"[0.2, 0.3)","(56.991, 60.399]",low_nonzero,1,0.07207207207207207,0.2127659574468085,0.11308562197092084,0.2031949595270732,1.2079745192874838,1.2079745192874838
spatial,0.1,"[0.2, 0.3)","(60.399, 77.421]",high,14,0.1308070476809618,0.20835667866618715,0.04395566443423342,0.09731274171617225,1.1673487659211539,1.0785268590194699
spatial,0.1,"[0.2, 0.3)","(60.399, 77.421]",low_nonzero,1,0.07017543859649122,0.20430107526881722,0.06651884700665188,0.13513513513513514,1.2466520574628683,1.2466520574628683
flybrain,0.001,"[-1e-12, 0.01)","(-0.001, 51.059]",high,1109,0.243944597042166,0.000687793487963328,0.003047838187918558,0.01940371719320947,2.920510468276078,0.0
flybrain,0.001,"[-1e-12, 0.01)","(-0.001, 51.059]",low_nonzero,1153,0.01596282471770853,0.0016253330151669103,0.0008024413921592639,0.011805140534816934,0.5530264557085083,0.0
flybrain,0.001,"[-1e-12, 0.01)","(-0.001, 51.059]",zero,18024,0.0,5.655956461761066e-05,0.0007003353699715368,0.013131731478852271,1.100256894409792,0.0
flybrain,0.001,"[-1e-12, 0.01)","(189.226, 6821.254]",high,919,0.057953341996698375,0.005202727119102584,0.062169077804987885,0.42983660087186654,0.8331549398512559,1.0138613861386139
flybrain,0.001,"[-1e-12, 0.01)","(189.226, 6821.254]",low_nonzero,6692,0.009571677278991185,0.0034361971948311835,0.019765808832876514,0.17218769854396665,4.403946197357003,0.6842632809889743
flybrain,0.001,"[-1e-12, 0.01)","(189.226, 6821.254]",zero,2364,0.0,0.00027449491036179383,0.004088725352213127,0.08121552890110821,1.2282784663093393,0.8477134240167415
flybrain,0.001,"[-1e-12, 0.01)","(51.059, 96.809]",high,547,0.0535994397200718,0.00363530720265493,0.003584975946671062,0.05071628088818816,0.5625608656724583,0.0
flybrain,0.001,"[-1e-12, 0.01)","(51.059, 96.809]",low_nonzero,3002,0.012286515397098083,0.0024337496208823,0.0036052723796469485,0.03937807502268841,1.4608495377452542,0.0
flybrain,0.001,"[-1e-12, 0.01)","(51.059, 96.809]",zero,14625,0.0,0.00015654325796504712,0.00253760715706773,0.04374952471308074,0.841712023305626,0.0
flybrain,0.001,"[-1e-12, 0.01)","(96.809, 189.226]",high,622,0.057937546595293085,0.004277960706617515,0.016315983749016022,0.14199038902339114,3.7153592536913504,0.34829931972789113
flybrain,0.001,"[-1e-12, 0.01)","(96.809, 189.226]",low_nonzero,4633,0.010463743638007767,0.002817291474058002,0.008752821281710442,0.09985099113304655,0.9772328654497705,0.0
flybrain,0.001,"[-1e-12, 0.01)","(96.809, 189.226]",zero,9910,0.0,0.00018151886605720304,0.004556158859643314,0.06684797171605007,1.7098603815229654,0.0
flybrain,0.001,"[0.01, 0.05)","(-0.001, 51.059]",high,1396,0.10117175208019814,0.029617144737449343,0.0027386814046337317,0.03239431755324698,1.475735544909222,0.0
flybrain,0.001,"[0.01, 0.05)","(-0.001, 51.059]",low_nonzero,616,0.019744711740172838,0.02224787495309199,0.0008465886679095226,0.013300065349297601,0.2725938291237005,0.0
flybrain,0.001,"[0.01, 0.05)","(-0.001, 51.059]",zero,93,0.0,0.01829727888519325,0.0,0.0,0.0,0.0
flybrain,0.001,"[0.01, 0.05)","(189.226, 6821.254]",high,4864,0.07004745378938194,0.02943193246435256,0.07670467819157593,0.45134365115028297,1.7537886324110568,1.0168818272095332
flybrain,0.001,"[0.01, 0.05)","(189.226, 6821.254]",low_nonzero,4850,0.01844248234485578,0.02198059831313735,0.05336615612458427,0.37114842924172425,0.9083960796997272,1.0199182890450404
flybrain,0.001,"[0.01, 0.05)","(189.226, 6821.254]",zero,7,0.0,0.01799307211100195,0.0,,,
flybrain,0.001,"[0.01, 0.05)","(51.059, 96.809]",high,1889,0.06547650627021194,0.029503385820443553,0.006061327651148555,0.06628467617463633,0.5432832580397121,0.0
flybrain,0.001,"[0.01, 0.05)","(51.059, 96.809]",low_nonzero,1806,0.019018460025445032,0.023104112684834362,0.02284087366581665,0.16401642097734756,3.0852648885105265,0.0
flybrain,0.001,"[0.01, 0.05)","(51.059, 96.809]",zero,88,0.0,0.015280719532359833,0.0796025467516751,0.4071969926662556,0.6299391886204979,1.0229285710335865
flybrain,0.001,"[0.01, 0.05)","(96.809, 189.226]",high,2806,0.06388304570482028,0.029460034803433722,0.015625184684922355,0.15633461097683485,0.8103932997758309,0.0
flybrain,0.001,"[0.01, 0.05)","(96.809, 189.226]",low_nonzero,3384,0.018392307801379376,0.023535127336362646,0.02595540350390513,0.24103281030855575,0.6731843463636119,0.792503218466513
flybrain,0.001,"[0.01, 0.05)","(96.809, 189.226]",zero,45,0.0,0.01525587374981353,0.0,0.0,0.0,0.0
flybrain,0.001,"[0.05, 0.1)","(-0.001, 51.059]",high,1455,0.1670806971108178,0.0715064154383528,0.0037299511719263096,0.0444025315321577,1.791735667939205,0.0
flybrain,0.001,"[0.05, 0.1)","(-0.001, 51.059]",low_nonzero,101,0.02143092963612768,0.06850019605442179,0.006699586561427802,0.05442439727957341,0.293511621477683,0.0
flybrain,0.001,"[0.05, 0.1)","(-0.001, 51.059]",zero,4,0.0,0.05932200515533849,0.0,0.0,0.0,0.0
flybrain,0.001,"[0.05, 0.1)","(189.226, 6821.254]",high,3068,0.09921360461158693,0.07033013398919273,0.07869681890041148,0.4743041851886561,2.5720506641993373,1.0158730158730158
flybrain,0.001,"[0.05, 0.1)","(189.226, 6821.254]",low_nonzero,415,0.02388146257370838,0.06521344077465085,0.03416636035585271,0.30079772737615973,0.708327367357059,0.9227164869492085
flybrain,0.001,"[0.05, 0.1)","(51.059, 96.809]",high,1262,0.08264342946728659,0.07117297521673978,0.03625471972854886,0.2188445412311,0.5993818901213627,0.0
flybrain,0.001,"[0.05, 0.1)","(51.059, 96.809]",low_nonzero,235,0.02211354552002912,0.06620828742559152,0.032639957914808705,0.20728176524990222,0.5982717345536795,0.0
flybrain,0.001,"[0.05, 0.1)","(51.059, 96.809]",zero,3,0.0,0.0540430503961983,0.0,,,
flybrain,0.001,"[0.05, 0.1)","(96.809, 189.226]",high,1963,0.0814158535047564,0.07015987593462593,0.023318967073326084,0.20085556887864203,0.6886538508998165,0.6786111571323755
flybrain,0.001,"[0.05, 0.1)","(96.809, 189.226]",low_nonzero,400,0.023585555298932404,0.064800637020187,0.026624152798166576,0.24288693380043458,1.1944497077407037,0.0
flybrain,0.001,"[0.1, 0.2)","(-0.001, 51.059]",high,695,0.19287481364251083,0.13132765766696147,0.004478421099432861,0.04931337119886395,0.4330907000458275,0.0
flybrain,0.001,"[0.1, 0.2)","(-0.001, 51.059]",low_nonzero,17,0.019513223621178345,0.12859893314502255,0.0001552072016141549,0.012123216124221799,0.4514991181657848,0.0
flybrain,0.001,"[0.1, 0.2)","(-0.001, 51.059]",zero,1,0.0,0.1111111111111111,0.0,,,
flybrain,0.001,"[0.1, 0.2)","(189.226, 6821.254]",high,1295,0.156814667106581,0.13523069585947206,0.0996036642054461,0.44866720970079504,12.285167813083836,1.0138613861386139
flybrain,0.001,"[0.1, 0.2)","(189.226, 6821.254]",low_nonzero,43,0.023811915045910056,0.12617586058315647,0.02815726250087516,0.3210741056097302,1.1580849879581383,1.026041687816486
flybrain,0.001,"[0.1, 0.2)","(51.059, 96.809]",high,1085,0.11191632277934044,0.13622583405503264,0.25782382105584806,0.5788942145163728,0.8664860996516824,1.0219560878243512
flybrain,0.001,"[0.1, 0.2)","(51.059, 96.809]",low_nonzero,44,0.02500202917886688,0.11925946348633146,0.29933020127184506,0.6229278798972916,0.8621010347011772,1.0243585912584279
flybrain,0.001,"[0.1, 0.2)","(96.809, 189.226]",high,894,0.11991205511792712,0.13495691243557964,0.10610842944613193,0.43691468024466223,1.2657313857638817,1.0209371884346958
flybrain,0.001,"[0.1, 0.2)","(96.809, 189.226]",low_nonzero,28,0.023085542864360157,0.12461793358515601,0.0,0.0,0.0,0.0
flybrain,0.001,"[0.2, 0.3)","(-0.001, 51.059]",high,198,0.26341053368632966,0.237770551262076,0.00046535818893542473,0.003995143530107132,0.021151369347038953,0.0
flybrain,0.001,"[0.2, 0.3)","(-0.001, 51.059]",low_nonzero,1,0.022727272727272728,0.2,0.0,,,
flybrain,0.001,"[0.2, 0.3)","(189.226, 6821.254]",high,326,0.2198350409682368,0.24264109174370713,0.21368735130168798,0.601581964334462,3.7496763884576954,1.012858555885262
flybrain,0.001,"[0.2, 0.3)","(189.226, 6821.254]",low_nonzero,1,0.02962962962962963,0.22093023255813954,0.03875968992248062,0.08533926860139657,0.745757774379142,0.745757774379142
flybrain,0.001,"[0.2, 0.3)","(51.059, 96.809]",high,312,0.17914897579835762,0.2404819116915933,0.1988119826998295,0.3937151542028039,0.9811885706682647,1.0260276328385038
flybrain,0.001,"[0.2, 0.3)","(96.809, 189.226]",high,211,0.1883379792239173,0.23288825489818032,0.14900854991283266,0.516166796890119,1.850373961355697,1.023441801463115
flybrain,0.001,"[0.3, 0.4)","(-0.001, 51.059]",high,71,0.3063089810675576,0.34270263637437026,0.00046560353858689327,0.003289758474798845,0.05541125541125541,0.0
flybrain,0.001,"[0.3, 0.4)","(189.226, 6821.254]",high,116,0.2786776136402823,0.34315798978916306,0.356384310062235,0.8222552106957507,1.8327375423645316,1.0138613861386139
flybrain,0.001,"[0.3, 0.4)","(51.059, 96.809]",high,75,0.24753486129024413,0.33600393043487925,0.018476672032987508,0.06837821750597976,0.6487257487233611,0.0
flybrain,0.001,"[0.3, 0.4)","(96.809, 189.226]",high,66,0.1981539645654758,0.3405862313013453,0.04079721322048113,0.3586494674378057,57.91037854832176,0.9991345332267578
flybrain,0.001,"[0.4, 0.6)","(-0.001, 51.059]",high,45,0.4276764089126595,0.4858327618008469,0.0,0.0,0.0,0.0
flybrain,0.001,"[0.4, 0.6)","(189.226, 6821.254]",high,36,0.43363162486182033,0.45969369246431874,0.5351503415675333,0.8354750171966607,17.59611454253648,1.013616629899834
flybrain,0.001,"[0.4, 0.6)","(51.059, 96.809]",high,21,0.4014568482025932,0.47978357186878723,0.4650466873084101,0.7350242561027814,1.4498570378290498,1.0502519498965248
flybrain,0.001,"[0.4, 0.6)","(96.809, 189.226]",high,30,0.2964684789713156,0.46301189020857675,0.2669960365275629,0.6768528333824294,0.7794711745010304,1.0344984497175762
flybrain,0.001,"[0.6, 1.0)","(-0.001, 51.059]",high,25,0.627021645021645,0.8576666666666667,0.0,0.0,0.0,0.0
flybrain,0.001,"[0.6, 1.0)","(189.226, 6821.254]",high,4,0.5825307517648949,0.605016314259603,0.9982660967453252,0.9991324635324408,1.0136121708822006,1.012858555885262
flybrain,0.001,"[0.6, 1.0)","(51.059, 96.809]",high,7,0.5210649023062894,0.6659367992170532,0.0,,,
flybrain,0.001,"[0.6, 1.0)","(96.809, 189.226]",high,3,0.40982606483248335,0.6896616197826607,0.0,,,
flybrain,0.005,"[-1e-12, 0.01)","(-0.001, 51.059]",high,1109,0.243944597042166,0.000687793487963328,0.003955132227927025,0.01574768744019776,0.8322559556535116,0.0
flybrain,0.005,"[-1e-12, 0.01)","(-0.001, 51.059]",low_nonzero,1153,0.01596282471770853,0.0016253330151669103,0.0019023384235288,0.011663272472867348,0.6476940977205872,0.0
flybrain,0.005,"[-1e-12, 0.01)","(-0.001, 51.059]",zero,18024,0.0,5.655956461761066e-05,0.0019030587099661492,0.013023402726556563,0.9833134713357614,0.0
flybrain,0.005,"[-1e-12, 0.01)","(189.226, 6821.254]",high,919,0.057953341996698375,0.005202727119102584,0.06431482456970779,0.26601797713183506,2.004416137019406,0.9792349726775956
flybrain,0.005,"[-1e-12, 0.01)","(189.226, 6821.254]",low_nonzero,6692,0.009571677278991185,0.0034361971948311835,0.020681521236314514,0.09468512293176382,1.0009264003191518,0.0
flybrain,0.005,"[-1e-12, 0.01)","(189.226, 6821.254]",zero,2364,0.0,0.00027449491036179383,0.0054476213498527454,0.05080054983304449,1.402356336369073,0.0
flybrain,0.005,"[-1e-12, 0.01)","(51.059, 96.809]",high,547,0.0535994397200718,0.00363530720265493,0.004694627787411555,0.025375651006957958,1.0513136163001169,0.0
flybrain,0.005,"[-1e-12, 0.01)","(51.059, 96.809]",low_nonzero,3002,0.012286515397098083,0.0024337496208823,0.004467054361688618,0.019688785992198,0.9988749950077741,0.0
flybrain,0.005,"[-1e-12, 0.01)","(51.059, 96.809]",zero,14625,0.0,0.00015654325796504712,0.0033758211013399076,0.026258635161971033,0.8172027457189892,0.0
flybrain,0.005,"[-1e-12, 0.01)","(96.809, 189.226]",high,622,0.057937546595293085,0.004277960706617515,0.016575636434226937,0.06801695258814065,0.5595391174952424,0.0
flybrain,0.005,"[-1e-12, 0.01)","(96.809, 189.226]",low_nonzero,4633,0.010463743638007767,0.002817291474058002,0.009778344419799672,0.05011815226359842,1.0829734346547815,0.0
flybrain,0.005,"[-1e-12, 0.01)","(96.809, 189.226]",zero,9910,0.0,0.00018151886605720304,0.005445530544920347,0.04052169655281326,1.0822735015447273,0.0
flybrain,0.005,"[0.01, 0.05)","(-0.001, 51.059]",high,1396,0.10117175208019814,0.029617144737449343,0.004058241802274715,0.022023986800535796,0.9669181791937229,0.0
flybrain,0.005,"[0.01, 0.05)","(-0.001, 51.059]",low_nonzero,616,0.019744711740172838,0.02224787495309199,0.003681081038100993,0.01707900990241185,2.528943278661108,0.0
flybrain,0.005,"[0.01, 0.05)","(-0.001, 51.059]",zero,93,0.0,0.01829727888519325,0.0023632281696797826,0.007529645254716716,1.6368972746331238,0.0
flybrain,0.005,"[0.01, 0.05)","(189.226, 6821.254]",high,4864,0.07004745378938194,0.02943193246435256,0.07805755863709622,0.30451923241317896,1.4824010084494865,0.938270767005736
flybrain,0.005,"[0.01, 0.05)","(189.226, 6821.254]",low_nonzero,4850,0.01844248234485578,0.02198059831313735,0.05506122400701421,0.23071083974655968,1.709756054339271,0.5192697768762677
flybrain,0.005,"[0.01, 0.05)","(189.226, 6821.254]",zero,7,0.0,0.01799307211100195,0.0,,,
flybrain,0.005,"[0.01, 0.05)","(51.059, 96.809]",high,1889,0.06547650627021194,0.029503385820443553,0.007119862710246137,0.028653566010040616,0.8469797675458193,0.0
flybrain,0.005,"[0.01, 0.05)","(51.059, 96.809]",low_nonzero,1806,0.019018460025445032,0.023104112684834362,0.02350065921805652,0.06875865483373818,0.4293758259520447,0.0
flybrain,0.005,"[0.01, 0.05)","(51.059, 96.809]",zero,88,0.0,0.015280719532359833,0.08144532960013494,0.17737587053483617,0.7955071851539247,0.0
flybrain,0.005,"[0.01, 0.05)","(96.809, 189.226]",high,2806,0.06388304570482028,0.029460034803433722,0.016682069537940245,0.07220328861360253,1.0225357779838349,0.0
flybrain,0.005,"[0.01, 0.05)","(96.809, 189.226]",low_nonzero,3384,0.018392307801379376,0.023535127336362646,0.027222270761299322,0.10607327699769258,1.4037495742098094,0.0
flybrain,0.005,"[0.01, 0.05)","(96.809, 189.226]",zero,45,0.0,0.01525587374981353,0.002347417840375587,0.01813837041356079,2.737212174039369,0.0
flybrain,0.005,"[0.05, 0.1)","(-0.001, 51.059]",high,1455,0.1670806971108178,0.0715064154383528,0.0043229290232664405,0.01959102530149448,0.8517922838421476,0.0
flybrain,0.005,"[0.05, 0.1)","(-0.001, 51.059]",low_nonzero,101,0.02143092963612768,0.06850019605442179,0.008186257382381079,0.02855221100106403,0.6912759256391257,0.0
flybrain,0.005,"[0.05, 0.1)","(-0.001, 51.059]",zero,4,0.0,0.05932200515533849,0.0,0.0,0.0,0.0
flybrain,0.005,"[0.05, 0.1)","(189.226, 6821.254]",high,3068,0.09921360461158693,0.07033013398919273,0.08032615359403143,0.3134604379024119,2.928851158446975,0.9739130434782609
flybrain,0.005,"[0.05, 0.1)","(189.226, 6821.254]",low_nonzero,415,0.02388146257370838,0.06521344077465085,0.037190021683096,0.17310712300026146,5.272825819173819,0.0
flybrain,0.005,"[0.05, 0.1)","(51.059, 96.809]",high,1262,0.08264342946728659,0.07117297521673978,0.03809493654553724,0.10025302223574893,2.0736735745909987,0.0
flybrain,0.005,"[0.05, 0.1)","(51.059, 96.809]",low_nonzero,235,0.02211354552002912,0.06620828742559152,0.035020935702433045,0.09714812670524073,1.15937218294451,0.0
flybrain,0.005,"[0.05, 0.1)","(51.059, 96.809]",zero,3,0.0,0.0540430503961983,0.0,0.0,0.0,0.0
flybrain,0.005,"[0.05, 0.1)","(96.809, 189.226]",high,1963,0.0814158535047564,0.07015987593462593,0.025387440480667885,0.10409629521935555,2.175452520966793,0.0
flybrain,0.005,"[0.05, 0.1)","(96.809, 189.226]",low_nonzero,400,0.023585555298932404,0.064800637020187,0.02802704027564649,0.11463044228517127,1.2313187752582682,0.0
flybrain,0.005,"[0.1, 0.2)","(-0.001, 51.059]",high,695,0.19287481364251083,0.13132765766696147,0.00572215354139717,0.023230873146998718,1.2915277398429243,0.0
flybrain,0.005,"[0.1, 0.2)","(-0.001, 51.059]",low_nonzero,17,0.019513223621178345,0.12859893314502255,0.000982174688057041,0.009906778932808455,0.4662759185731392,0.0
flybrain,0.005,"[0.1, 0.2)","(-0.001, 51.059]",zero,1,0.0,0.1111111111111111,0.0,0.0,0.0,0.0
flybrain,0.005,"[0.1, 0.2)","(189.226, 6821.254]",high,1295,0.156814667106581,0.13523069585947206,0.09988758051739642,0.32152714348363254,1.1872758182227332,1.0049058016604846
flybrain,0.005,"[0.1, 0.2)","(189.226, 6821.254]",low_nonzero,43,0.023811915045910056,0.12617586058315647,0.027203590737008475,0.12304562967650277,0.2538027755406551,0.0
flybrain,0.005,"[0.1, 0.2)","(51.059, 96.809]",high,1085,0.11191632277934044,0.13622583405503264,0.26152919989845075,0.4322770359119141,0.9245813943092421,1.0138473468483438
flybrain,0.005,"[0.1, 0.2)","(51.059, 96.809]",low_nonzero,44,0.02500202917886688,0.11925946348633146,0.3031055121983189,0.45945559304695727,0.7743246879506611,1.0178824751743292
flybrain,0.005,"[0.1, 0.2)","(96.809, 189.226]",high,894,0.11991205511792712,0.13495691243557964,0.108275479930684,0.26534027437947527,1.054135935378134,0.0
flybrain,0.005,"[0.1, 0.2)","(96.809, 189.226]",low_nonzero,28,0.023085542864360157,0.12461793358515601,0.0004116954734853878,0.009080995808858787,0.3388235294117647,0.0
flybrain,0.005,"[0.2, 0.3)","(-0.001, 51.059]",high,198,0.26341053368632966,0.237770551262076,0.0014268490991517758,0.004456904289763389,0.4686933676459819,0.0
flybrain,0.005,"[0.2, 0.3)","(-0.001, 51.059]",low_nonzero,1,0.022727272727272728,0.2,0.0,0.0,0.0,0.0
flybrain,0.005,"[0.2, 0.3)","(189.226, 6821.254]",high,326,0.2198350409682368,0.24264109174370713,0.21443185378702043,0.5285474210837937,4.634097193140275,1.005893909626719
flybrain,0.005,"[0.2, 0.3)","(189.226, 6821.254]",low_nonzero,1,0.02962962962962963,0.22093023255813954,0.06985294117647059,0.14042135164346695,1.0627048284902774,1.0627048284902774
flybrain,0.005,"[0.2, 0.3)","(51.059, 96.809]",high,312,0.17914897579835762,0.2404819116915933,0.2038289360145551,0.33164767005414625,0.8246932588849728,1.0150642988364973
flybrain,0.005,"[0.2, 0.3)","(96.809, 189.226]",high,211,0.1883379792239173,0.23288825489818032,0.14984083376990392,0.34958348046396953,0.5474300382765469,0.0
flybrain,0.005,"[0.3, 0.4)","(-0.001, 51.059]",high,71,0.3063089810675576,0.34270263637437026,0.002931340959509974,0.008411847425057456,1.1408916286965067,0.0
flybrain,0.005,"[0.3, 0.4)","(189.226, 6821.254]",high,116,0.2786776136402823,0.34315798978916306,0.3602404986036443,0.761647744457909,7.4480249028395775,1.005893909626719
flybrain,0.005,"[0.3, 0.4)","(51.059, 96.809]",high,75,0.24753486129024413,0.33600393043487925,0.01921724770839789,0.05267630906836408,0.7284245611001672,0.0
flybrain,0.005,"[0.3, 0.4)","(96.809, 189.226]",high,66,0.1981539645654758,0.3405862313013453,0.03305634648694717,0.11326965572649601,0.21875812039214051,0.0
flybrain,0.005,"[0.4, 0.6)","(-0.001, 51.059]",high,45,0.4276764089126595,0.4858327618008469,0.008497504596795376,0.018461377051058117,7.20900432900433,0.0
flybrain,0.005,"[0.4, 0.6)","(189.226, 6821.254]",high,36,0.43363162486182033,0.45969369246431874,0.5308483104517799,0.73550880553796,2.9934038014872564,1.005893909626719
flybrain,0.005,"[0.4, 0.6)","(51.059, 96.809]",high,21,0.4014568482025932,0.47978357186878723,0.4670253725909182,0.6069253336420766,1.0824696180036046,1.042746629243875
flybrain,0.005,"[0.4, 0.6)","(96.809, 189.226]",high,30,0.2964684789713156,0.46301189020857675,0.2667262793406883,0.4770484016463365,0.5388407639145664,0.8785928785928786
flybrain,0.005,"[0.6, 1.0)","(-0.001, 51.059]",high,25,0.627021645021645,0.8576666666666667,0.005,0.009316949906249124,2.1333333333333333,0.0
flybrain,0.005,"[0.6, 1.0)","(189.226, 6821.254]",high,4,0.5825307517648949,0.605016314259603,0.9946059170229978,0.997299221565812,1.004414653877268,1.003921568627451
flybrain,0.005,"[0.6, 1.0)","(51.059, 96.809]",high,7,0.5210649023062894,0.6659367992170532,0.0,0.0,0.0,0.0
flybrain,0.005,"[0.6, 1.0)","(96.809, 189.226]",high,3,0.40982606483248335,0.6896616197826607,0.0,0.0,0.0,0.0
flybrain,0.01,"[-1e-12, 0.01)","(-0.001, 51.059]",high,1109,0.243944597042166,0.000687793487963328,0.0060311608463972,0.0212839852056422,1.0032865198230083,0.0
flybrain,0.01,"[-1e-12, 0.01)","(-0.001, 51.059]",low_nonzero,1153,0.01596282471770853,0.0016253330151669103,0.0032587527519532373,0.012721646273499582,0.870836335937454,0.0
flybrain,0.01,"[-1e-12, 0.01)","(-0.001, 51.059]",zero,18024,0.0,5.655956461761066e-05,0.0035053236604211946,0.016930630539720746,1.061351205019673,0.0
flybrain,0.01,"[-1e-12, 0.01)","(189.226, 6821.254]",high,919,0.057953341996698375,0.005202727119102584,0.06531670278112396,0.22184372673923386,0.8668301954527746,0.32093114929928246
flybrain,0.01,"[-1e-12, 0.01)","(189.226, 6821.254]",low_nonzero,6692,0.009571677278991185,0.0034361971948311835,0.021680713987907288,0.08132633592017087,1.2973894741217458,0.0
flybrain,0.01,"[-1e-12, 0.01)","(189.226, 6821.254]",zero,2364,0.0,0.00027449491036179383,0.00557628055793752,0.04421388249033762,1.0729620096184544,0.0
flybrain,0.01,"[-1e-12, 0.01)","(51.059, 96.809]",high,547,0.0535994397200718,0.00363530720265493,0.005723410099409862,0.022747650522062297,0.9817841350103875,0.0
flybrain,0.01,"[-1e-12, 0.01)","(51.059, 96.809]",low_nonzero,3002,0.012286515397098083,0.0024337496208823,0.005850159342481583,0.020051417577327434,1.4822959479788094,0.0
flybrain,0.01,"[-1e-12, 0.01)","(51.059, 96.809]",zero,14625,0.0,0.00015654325796504712,0.00442838591361257,0.025868854786931073,0.8900877342098537,0.0
flybrain,0.01,"[-1e-12, 0.01)","(96.809, 189.226]",high,622,0.057937546595293085,0.004277960706617515,0.0197455373730758,0.06207554805209018,4.144440390136019,0.0
flybrain,0.01,"[-1e-12, 0.01)","(96.809, 189.226]",low_nonzero,4633,0.010463743638007767,0.002817291474058002,0.010598561356682662,0.037954125552178815,1.0195944063434423,0.0
flybrain,0.01,"[-1e-12, 0.01)","(96.809, 189.226]",zero,9910,0.0,0.00018151886605720304,0.006174887047967202,0.03530800607460137,0.9851103802463209,0.0
flybrain,0.01,"[0.01, 0.05)","(-0.001, 51.059]",high,1396,0.10117175208019814,0.029617144737449343,0.005351370777976022,0.025592651230814334,0.780839100603443,0.0
flybrain,0.01,"[0.01, 0.05)","(-0.001, 51.059]",low_nonzero,616,0.019744711740172838,0.02224787495309199,0.004673694367316964,0.019387590685595514,1.698659324092406,0.0
flybrain,0.01,"[0.01, 0.05)","(-0.001, 51.059]",zero,93,0.0,0.01829727888519325,0.003064944597202662,0.009187659800660011,1.1779384546786924,0.0
flybrain,0.01,"[0.01, 0.05)","(189.226, 6821.254]",high,4864,0.07004745378938194,0.02943193246435256,0.07922922333920925,0.2528298724035902,1.543512656135006,0.0
flybrain,0.01,"[0.01, 0.05)","(189.226, 6821.254]",low_nonzero,4850,0.01844248234485578,0.02198059831313735,0.05643993786488706,0.1816609672766145,1.543242620483664,0.0
flybrain,0.01,"[0.01, 0.05)","(189.226, 6821.254]",zero,7,0.0,0.01799307211100195,0.0,0.0,0.0,0.0
flybrain,0.01,"[0.01, 0.05)","(51.059, 96.809]",high,1889,0.06547650627021194,0.029503385820443553,0.008601816863175208,0.02637303709088349,1.3310110520798615,0.0
flybrain,0.01,"[0.01, 0.05)","(51.059, 96.809]",low_nonzero,1806,0.019018460025445032,0.023104112684834362,0.025925450296787708,0.05787315067397458,1.4224411500806065,0.0
flybrain,0.01,"[0.01, 0.05)","(51.059, 96.809]",zero,88,0.0,0.015280719532359833,0.08439026221521505,0.15262015664281461,0.41253696454945027,0.0
flybrain,0.01,"[0.01, 0.05)","(96.809, 189.226]",high,2806,0.06388304570482028,0.029460034803433722,0.01888725221051831,0.05844944566732708,3.506971296925086,0.0
flybrain,0.01,"[0.01, 0.05)","(96.809, 189.226]",low_nonzero,3384,0.018392307801379376,0.023535127336362646,0.02920649929325494,0.08135156148558145,2.4279226967962084,0.0
flybrain,0.01,"[0.01, 0.05)","(96.809, 189.226]",zero,45,0.0,0.01525587374981353,0.0007142707085985589,0.007776869073825882,0.2890843923101987,0.0
flybrain,0.01,"[0.05, 0.1)","(-0.001, 51.059]",high,1455,0.1670806971108178,0.0715064154383528,0.006067654777265056,0.022187926773279666,1.8120768142948793,0.0
flybrain,0.01,"[0.05, 0.1)","(-0.001, 51.059]",low_nonzero,101,0.02143092963612768,0.06850019605442179,0.010269654733905521,0.033717747983064074,0.8002710209857479,0.0
flybrain,0.01,"[0.05, 0.1)","(-0.001, 51.059]",zero,4,0.0,0.05932200515533849,0.004166666666666667,0.028618190351607124,0.8386568386568387,0.8386568386568387
flybrain,0.01,"[0.05, 0.1)","(189.226, 6821.254]",high,3068,0.09921360461158693,0.07033013398919273,0.08116202807605195,0.25328107383730825,1.2872096463999612,0.0
flybrain,0.01,"[0.05, 0.1)","(189.226, 6821.254]",low_nonzero,415,0.02388146257370838,0.06521344077465085,0.03670960361367162,0.14437413711532723,1.1239522659442336,0.0
flybrain,0.01,"[0.05, 0.1)","(51.059, 96.809]",high,1262,0.08264342946728659,0.07117297521673978,0.03928699379728782,0.08125314287608564,1.4210793607178,0.0
flybrain,0.01,"[0.05, 0.1)","(51.059, 96.809]",low_nonzero,235,0.02211354552002912,0.06620828742559152,0.03700935372429147,0.08192147591319222,0.9718667060569298,0.0
flybrain,0.01,"[0.05, 0.1)","(51.059, 96.809]",zero,3,0.0,0.0540430503961983,0.0,0.0,0.0,0.0
flybrain,0.01,"[0.05, 0.1)","(96.809, 189.226]",high,1963,0.0814158535047564,0.07015987593462593,0.02666981517414771,0.0766552621846643,2.2388678933495783,0.0
flybrain,0.01,"[0.05, 0.1)","(96.809, 189.226]",low_nonzero,400,0.023585555298932404,0.064800637020187,0.028818119146768552,0.07631672259820985,1.0402076893942385,0.0
flybrain,0.01,"[0.1, 0.2)","(-0.001, 51.059]",high,695,0.19287481364251083,0.13132765766696147,0.0070093466644648526,0.02345796644787795,1.0961892103907798,0.0
flybrain,0.01,"[0.1, 0.2)","(-0.001, 51.059]",low_nonzero,17,0.019513223621178345,0.12859893314502255,0.0007522190461862494,0.006051530568754153,0.10499979492227554,0.0
flybrain,0.01,"[0.1, 0.2)","(-0.001, 51.059]",zero,1,0.0,0.1111111111111111,0.07142857142857142,0.1336306209562122,18.285714285714285,18.285714285714285
flybrain,0.01,"[0.1, 0.2)","(189.226, 6821.254]",high,1295,0.156814667106581,0.13523069585947206,0.10296320240781635,0.2894087848002493,6.8524940274501285,0.926719540282494
flybrain,0.01,"[0.1, 0.2)","(189.226, 6821.254]",low_nonzero,43,0.023811915045910056,0.12617586058315647,0.03538964008748431,0.11053001012673849,13.745471221569938,0.0
flybrain,0.01,"[0.1, 0.2)","(51.059, 96.809]",high,1085,0.11191632277934044,0.13622583405503264,0.2656371537532439,0.38598664157171536,1.030975112168366,1.0101262823179955
flybrain,0.01,"[0.1, 0.2)","(51.059, 96.809]",low_nonzero,44,0.02500202917886688,0.11925946348633146,0.3101454731228501,0.4139932686947358,1.4155241789622508,1.0202463103113415
flybrain,0.01,"[0.1, 0.2)","(96.809, 189.226]",high,894,0.11991205511792712,0.13495691243557964,0.11082032444130727,0.21305185418374004,0.9844004812078727,0.0
flybrain,0.01,"[0.1, 0.2)","(96.809, 189.226]",low_nonzero,28,0.023085542864360157,0.12461793358515601,0.001176059671427021,0.011726367431800722,0.3202033886965393,0.0
flybrain,0.01,"[0.2, 0.3)","(-0.001, 51.059]",high,198,0.26341053368632966,0.237770551262076,0.0015750133567787165,0.00463753533754323,0.27397614894303635,0.0
flybrain,0.01,"[0.2, 0.3)","(-0.001, 51.059]",low_nonzero,1,0.022727272727272728,0.2,0.0,0.0,0.0,0.0
flybrain,0.01,"[0.2, 0.3)","(189.226, 6821.254]",high,326,0.2198350409682368,0.24264109174370713,0.21713850064087759,0.44383893846248035,5.158552423819575,1.007873037443277
flybrain,0.01,"[0.2, 0.3)","(189.226, 6821.254]",low_nonzero,1,0.02962962962962963,0.22093023255813954,0.060714285714285714,0.12416369120132793,0.9286247732849675,0.9286247732849675
flybrain,0.01,"[0.2, 0.3)","(51.059, 96.809]",high,312,0.17914897579835762,0.2404819116915933,0.21176867969887347,0.315318138757774,0.8638108787329339,1.0173617148108591
flybrain,0.01,"[0.2, 0.3)","(96.809, 189.226]",high,211,0.1883379792239173,0.23288825489818032,0.15121675120261552,0.29539162122279783,1.0087982613484703,0.0
flybrain,0.01,"[0.3, 0.4)","(-0.001, 51.059]",high,71,0.3063089810675576,0.34270263637437026,0.004060006146356258,0.01075213961538146,0.834489220718684,0.0
flybrain,0.01,"[0.3, 0.4)","(189.226, 6821.254]",high,116,0.2786776136402823,0.34315798978916306,0.3566763248381355,0.7778220098275381,1.0422063124589416,1.0088669950738915
flybrain,0.01,"[0.3, 0.4)","(51.059, 96.809]",high,75,0.24753486129024413,0.33600393043487925,0.02425466850686464,0.058398691214395164,1.5440767263200414,0.0
flybrain,0.01,"[0.3, 0.4)","(96.809, 189.226]",high,66,0.1981539645654758,0.3405862313013453,0.03336759881544962,0.08043967218873191,0.13860089874306666,0.0
flybrain,0.01,"[0.4, 0.6)","(-0.001, 51.059]",high,45,0.4276764089126595,0.4858327618008469,0.00871098842113335,0.017301101829251618,1.532486635063203,0.0
flybrain,0.01,"[0.4, 0.6)","(189.226, 6821.254]",high,36,0.43363162486182033,0.45969369246431874,0.5436216276559863,0.7315566208243475,6.448191670381708,1.0063855144853409
flybrain,0.01,"[0.4, 0.6)","(51.059, 96.809]",high,21,0.4014568482025932,0.47978357186878723,0.46761548099372224,0.5723824317622602,1.0307652342452913,1.046476771773757
flybrain,0.01,"[0.4, 0.6)","(96.809, 189.226]",high,30,0.2964684789713156,0.46301189020857675,0.26743967768619675,0.370013223788318,0.4218535181260057,0.0
flybrain,0.01,"[0.6, 1.0)","(-0.001, 51.059]",high,25,0.627021645021645,0.8576666666666667,0.003904761904761905,0.007485365430961142,0.7177716559534741,0.0
flybrain,0.01,"[0.6, 1.0)","(189.226, 6821.254]",high,4,0.5825307517648949,0.605016314259603,0.9904252888632679,0.9952009248176154,1.0056471250561532,1.005893909626719
flybrain,0.01,"[0.6, 1.0)","(51.059, 96.809]",high,7,0.5210649023062894,0.6659367992170532,0.02184031507339778,0.07011279454765884,8.912592592592592,0.0
flybrain,0.01,"[0.6, 1.0)","(96.809, 189.226]",high,3,0.40982606483248335,0.6896616197826607,0.0,0.0,0.0,0.0
flybrain,0.02,"[-1e-12, 0.01)","(-0.001, 51.059]",high,1109,0.243944597042166,0.000687793487963328,0.010907403906132021,0.032773158114121556,0.9974638854205496,0.0
flybrain,0.02,"[-1e-12, 0.01)","(-0.001, 51.059]",low_nonzero,1153,0.01596282471770853,0.0016253330151669103,0.006832287928298372,0.02240294045739046,1.0753122246702784,0.0
flybrain,0.02,"[-1e-12, 0.01)","(-0.001, 51.059]",zero,18024,0.0,5.655956461761066e-05,0.006592898373181869,0.025080782310187552,1.1101707234672236,0.0
flybrain,0.02,"[-1e-12, 0.01)","(189.226, 6821.254]",high,919,0.057953341996698375,0.005202727119102584,0.0708759845629414,0.17791082410050998,5.097411464250124,0.0
flybrain,0.02,"[-1e-12, 0.01)","(189.226, 6821.254]",low_nonzero,6692,0.009571677278991185,0.0034361971948311835,0.025091009393761833,0.07821214843419515,2.3538061950151943,0.0
flybrain,0.02,"[-1e-12, 0.01)","(189.226, 6821.254]",zero,2364,0.0,0.00027449491036179383,0.008526064155148028,0.05073599217261569,1.8955861542212131,0.0
flybrain,0.02,"[-1e-12, 0.01)","(51.059, 96.809]",high,547,0.0535994397200718,0.00363530720265493,0.008180608432852149,0.02785694961620437,0.9820068218876216,0.0
flybrain,0.02,"[-1e-12, 0.01)","(51.059, 96.809]",low_nonzero,3002,0.012286515397098083,0.0024337496208823,0.008448184938212557,0.025624287677097946,1.4769686712157772,0.0
flybrain,0.02,"[-1e-12, 0.01)","(51.059, 96.809]",zero,14625,0.0,0.00015654325796504712,0.0070437910065796186,0.03299504484312479,1.204644944269923,0.0
flybrain,0.02,"[-1e-12, 0.01)","(96.809, 189.226]",high,622,0.057937546595293085,0.004277960706617515,0.021337989428924932,0.0595928539819118,1.2895118054793953,0.0
flybrain,0.02,"[-1e-12, 0.01)","(96.809, 189.226]",low_nonzero,4633,0.010463743638007767,0.002817291474058002,0.012932587442525931,0.03893108213288384,1.0207957522918343,0.0
flybrain,0.02,"[-1e-12, 0.01)","(96.809, 189.226]",zero,9910,0.0,0.00018151886605720304,0.008594058615129106,0.03975925034412033,1.0982685321223895,0.0
flybrain,0.02,"[0.01, 0.05)","(-0.001, 51.059]",high,1396,0.10117175208019814,0.029617144737449343,0.008859082032882016,0.03312461156895497,0.8632437579773651,0.0
flybrain,0.02,"[0.01, 0.05)","(-0.001, 51.059]",low_nonzero,616,0.019744711740172838,0.02224787495309199,0.006083004880600699,0.022827853727885542,1.006621576250028,0.0
flybrain,0.02,"[0.01, 0.05)","(-0.001, 51.059]",zero,93,0.0,0.01829727888519325,0.002907606296030563,0.010865352744468952,0.4493000894081375,0.0
flybrain,0.02,"[0.01, 0.05)","(189.226, 6821.254]",high,4864,0.07004745378938194,0.02943193246435256,0.08355725208627351,0.20442150793010672,2.2899014672765454,0.0
flybrain,0.02,"[0.01, 0.05)","(189.226, 6821.254]",low_nonzero,4850,0.01844248234485578,0.02198059831313735,0.060939983274663705,0.15136635022197925,2.3291876025591693,0.0
flybrain,0.02,"[0.01, 0.05)","(189.226, 6821.254]",zero,7,0.0,0.01799307211100195,0.0,0.0,0.0,0.0
flybrain,0.02,"[0.01, 0.05)","(51.059, 96.809]",high,1889,0.06547650627021194,0.029503385820443553,0.011170784550873085,0.029958561092227342,1.166431541301215,0.0
flybrain,0.02,"[0.01, 0.05)","(51.059, 96.809]",low_nonzero,1806,0.019018460025445032,0.023104112684834362,0.030065776992016378,0.05950670623315892,1.532713609702999,0.0
flybrain,0.02,"[0.01, 0.05)","(51.059, 96.809]",zero,88,0.0,0.015280719532359833,0.09184425937933917,0.14181699260231267,1.682881621637604,0.0
flybrain,0.02,"[0.01, 0.05)","(96.809, 189.226]",high,2806,0.06388304570482028,0.029460034803433722,0.0214901399566369,0.05329572109441104,2.181373612875919,0.0
flybrain,0.02,"[0.01, 0.05)","(96.809, 189.226]",low_nonzero,3384,0.018392307801379376,0.023535127336362646,0.03147706404524461,0.07006679835550358,0.9789493868351206,0.0
flybrain,0.02,"[0.01, 0.05)","(96.809, 189.226]",zero,45,0.0,0.01525587374981353,0.00222577012473101,0.009303196819550346,0.30243737100170087,0.0
flybrain,0.02,"[0.05, 0.1)","(-0.001, 51.059]",high,1455,0.1670806971108178,0.0715064154383528,0.008597387722647258,0.024770892409029285,1.0086330386289575,0.0
flybrain,0.02,"[0.05, 0.1)","(-0.001, 51.059]",low_nonzero,101,0.02143092963612768,0.06850019605442179,0.01503547247459687,0.04487414467086537,1.2358848656127082,0.0
flybrain,0.02,"[0.05, 0.1)","(-0.001, 51.059]",zero,4,0.0,0.05932200515533849,0.004672897196261682,0.02528608687120868,0.6547314578005116,0.6547314578005116
flybrain,0.02,"[0.05, 0.1)","(189.226, 6821.254]",high,3068,0.09921360461158693,0.07033013398919273,0.08480853229561895,0.20448388304317902,2.313230282666046,0.0
flybrain,0.02,"[0.05, 0.1)","(189.226, 6821.254]",low_nonzero,415,0.02388146257370838,0.06521344077465085,0.03907279861355939,0.11896690710997666,1.7793504956658883,0.0
flybrain,0.02,"[0.05, 0.1)","(51.059, 96.809]",high,1262,0.08264342946728659,0.07117297521673978,0.043625228625346735,0.07710989794747201,1.0703724719822134,0.0
flybrain,0.02,"[0.05, 0.1)","(51.059, 96.809]",low_nonzero,235,0.02211354552002912,0.06620828742559152,0.044637920577278535,0.09001434890352161,0.9813263261119874,0.0
flybrain,0.02,"[0.05, 0.1)","(51.059, 96.809]",zero,3,0.0,0.0540430503961983,0.0,0.0,0.0,0.0
flybrain,0.02,"[0.05, 0.1)","(96.809, 189.226]",high,1963,0.0814158535047564,0.07015987593462593,0.03122405216126503,0.06895303176907597,1.8334463451326812,0.0
flybrain,0.02,"[0.05, 0.1)","(96.809, 189.226]",low_nonzero,400,0.023585555298932404,0.064800637020187,0.031017514035671684,0.06611395369599878,0.9770520532416674,0.0
flybrain,0.02,"[0.1, 0.2)","(-0.001, 51.059]",high,695,0.19287481364251083,0.13132765766696147,0.011400936757918975,0.027859057332369968,2.8310694773198186,0.0
flybrain,0.02,"[0.1, 0.2)","(-0.001, 51.059]",low_nonzero,17,0.019513223621178345,0.12859893314502255,0.002665950337980301,0.011941718841219803,0.20027418756152598,0.0
flybrain,0.02,"[0.1, 0.2)","(-0.001, 51.059]",zero,1,0.0,0.1111111111111111,0.012681159420289856,0.07509968819900303,0.8250460405156538,0.8250460405156538
flybrain,0.02,"[0.1, 0.2)","(189.226, 6821.254]",high,1295,0.156814667106581,0.13523069585947206,0.10689390251160101,0.24390521310597804,3.969944064353531,0.7417789757412399
flybrain,0.02,"[0.1, 0.2)","(189.226, 6821.254]",low_nonzero,43,0.023811915045910056,0.12617586058315647,0.03055205327479123,0.09160464495892,0.6138888701641743,0.0
flybrain,0.02,"[0.1, 0.2)","(51.059, 96.809]",high,1085,0.11191632277934044,0.13622583405503264,0.27498345282014286,0.362883589317753,1.0610992511702517,1.0098530359779634
flybrain,0.02,"[0.1, 0.2)","(51.059, 96.809]",low_nonzero,44,0.02500202917886688,0.11925946348633146,0.31725912411000035,0.3914810435640343,0.7888225225449376,1.0111719709692542
flybrain,0.02,"[0.1, 0.2)","(96.809, 189.226]",high,894,0.11991205511792712,0.13495691243557964,0.11583097609149497,0.18600290661063149,0.9112073572322134,0.0
flybrain,0.02,"[0.1, 0.2)","(96.809, 189.226]",low_nonzero,28,0.023085542864360157,0.12461793358515601,0.002394403695557024,0.009398385528542889,0.4607408277996513,0.0
flybrain,0.02,"[0.2, 0.3)","(-0.001, 51.059]",high,198,0.26341053368632966,0.237770551262076,0.0052802598625788085,0.01422370800708079,0.7426688195733847,0.0
flybrain,0.02,"[0.2, 0.3)","(-0.001, 51.059]",low_nonzero,1,0.022727272727272728,0.2,0.020833333333333332,0.04233337566673017,1.8351254480286738,1.8351254480286738
flybrain,0.02,"[0.2, 0.3)","(189.226, 6821.254]",high,326,0.2198350409682368,0.24264109174370713,0.2213556049692707,0.41411989649042674,6.822806751668543,1.0039196330621916
flybrain,0.02,"[0.2, 0.3)","(189.226, 6821.254]",low_nonzero,1,0.02962962962962963,0.22093023255813954,0.10242587601078167,0.18584629197360053,0.9307309605817069,0.9307309605817069
flybrain,0.02,"[0.2, 0.3)","(51.059, 96.809]",high,312,0.17914897579835762,0.2404819116915933,0.22630625715430136,0.323144120564749,1.121891295811766,1.0108553737061796
flybrain,0.02,"[0.2, 0.3)","(96.809, 189.226]",high,211,0.1883379792239173,0.23288825489818032,0.15928821372306876,0.2652157617713973,2.11103887800983,0.0
flybrain,0.02,"[0.3, 0.4)","(-0.001, 51.059]",high,71,0.3063089810675576,0.34270263637437026,0.0066422199659001225,0.017170938693511748,0.7066967508897928,0.0
flybrain,0.02,"[0.3, 0.4)","(189.226, 6821.254]",high,116,0.2786776136402823,0.34315798978916306,0.36552903279770577,0.6734965124045968,6.592203808699065,1.003921568627451
flybrain,0.02,"[0.3, 0.4)","(51.059, 96.809]",high,75,0.24753486129024413,0.33600393043487925,0.02856046664355875,0.0654711007600758,0.7673151628509376,0.3795404002965159
flybrain,0.02,"[0.3, 0.4)","(96.809, 189.226]",high,66,0.1981539645654758,0.3405862313013453,0.03500527861645685,0.06685839237044144,0.2535996034652361,0.0
flybrain,0.02,"[0.4, 0.6)","(-0.001, 51.059]",high,45,0.4276764089126595,0.4858327618008469,0.013989196297158684,0.028634791240662667,1.2000171026593311,0.0
flybrain,0.02,"[0.4, 0.6)","(189.226, 6821.254]",high,36,0.43363162486182033,0.45969369246431874,0.5577220142044538,0.7069935740993275,4.281567698713949,1.004414169985953
flybrain,0.02,"[0.4, 0.6)","(51.059, 96.809]",high,21,0.4014568482025932,0.47978357186878723,0.47025289292168276,0.49485150066749056,1.9259917897447403,1.0332837867801037
flybrain,0.02,"[0.4, 0.6)","(96.809, 189.226]",high,30,0.2964684789713156,0.46301189020857675,0.27602134367303305,0.3071754325811944,0.6407533730857323,0.0
flybrain,0.02,"[0.6, 1.0)","(-0.001, 51.059]",high,25,0.627021645021645,0.8576666666666667,0.009226858416096677,0.018429745293555427,0.8071865268387007,0.0
flybrain,0.02,"[0.6, 1.0)","(189.226, 6821.254]",high,4,0.5825307517648949,0.605016314259603,0.9958393309962413,0.9979169325561077,1.0026929586319386,1.0029382957884427
flybrain,0.02,"[0.6, 1.0)","(51.059, 96.809]",high,7,0.5210649023062894,0.6659367992170532,0.0037593984962406013,0.013746434980705376,1.3544973544973544,0.0
flybrain,0.02,"[0.6, 1.0)","(96.809, 189.226]",high,3,0.40982606483248335,0.6896616197826607,0.018070818070818073,0.04203247947050987,2.718845598845599,3.7236363636363636
flybrain,0.05,"[-1e-12, 0.01)","(-0.001, 51.059]",high,1109,0.243944597042166,0.000687793487963328,0.02973931605447527,0.07124977730796798,1.0363987527462029,0.984803729909485
flybrain,0.05,"[-1e-12, 0.01)","(-0.001, 51.059]",low_nonzero,1153,0.01596282471770853,0.0016253330151669103,0.016651069395643765,0.042179761118015906,0.934594232798042,0.7692438950796474
flybrain,0.05,"[-1e-12, 0.01)","(-0.001, 51.059]",zero,18024,0.0,5.655956461761066e-05,0.01716093745106513,0.04784782085547082,1.0244244456195688,0.8126984126984127
flybrain,0.05,"[-1e-12, 0.01)","(189.226, 6821.254]",high,919,0.057953341996698375,0.005202727119102584,0.07668482271913672,0.16276530046093893,2.4580897703376903,0.6104348481197899
flybrain,0.05,"[-1e-12, 0.01)","(189.226, 6821.254]",low_nonzero,6692,0.009571677278991185,0.0034361971948311835,0.03206803907475328,0.08796346178444218,2.726304041244188,0.5782044042913608
flybrain,0.05,"[-1e-12, 0.01)","(189.226, 6821.254]",zero,2364,0.0,0.00027449491036179383,0.015345616030159994,0.06602983845351794,4.418773674026711,0.552319309600863
flybrain,0.05,"[-1e-12, 0.01)","(51.059, 96.809]",high,547,0.0535994397200718,0.00363530720265493,0.015254870269422596,0.04029228610217467,0.9469512182969662,0.0
flybrain,0.05,"[-1e-12, 0.01)","(51.059, 96.809]",low_nonzero,3002,0.012286515397098083,0.0024337496208823,0.016558759795285503,0.041064679342774094,1.0405545660992135,0.5203252032520326
flybrain,0.05,"[-1e-12, 0.01)","(51.059, 96.809]",zero,14625,0.0,0.00015654325796504712,0.01511174303766366,0.050845691429601145,1.2996748028171485,0.6320987654320988
flybrain,0.05,"[-1e-12, 0.01)","(96.809, 189.226]",high,622,0.057937546595293085,0.004277960706617515,0.029144458877227577,0.06933341658775939,1.5639774500691013,0.6007054199506197
flybrain,0.05,"[-1e-12, 0.01)","(96.809, 189.226]",low_nonzero,4633,0.010463743638007767,0.002817291474058002,0.02084460123463423,0.054142891114684205,1.6269898299128496,0.22207764042507047
flybrain,0.05,"[-1e-12, 0.01)","(96.809, 189.226]",zero,9910,0.0,0.00018151886605720304,0.01532716589547133,0.05538161842575501,1.8277904824504345,0.37128373404009174
flybrain,0.05,"[0.01, 0.05)","(-0.001, 51.059]",high,1396,0.10117175208019814,0.029617144737449343,0.022182772757279055,0.06121342856590011,1.1160226943571248,0.9031093608991714
flybrain,0.05,"[0.01, 0.05)","(-0.001, 51.059]",low_nonzero,616,0.019744711740172838,0.02224787495309199,0.01660862248027021,0.04452669187762732,1.3690926885342838,0.6861144781144781
flybrain,0.05,"[0.01, 0.05)","(-0.001, 51.059]",zero,93,0.0,0.01829727888519325,0.012452766321051259,0.030258828711337997,0.8131992210210727,0.6410021300907052
flybrain,0.05,"[0.01, 0.05)","(189.226, 6821.254]",high,4864,0.07004745378938194,0.02943193246435256,0.09133001742400286,0.19339642846300545,4.870610610347372,0.597022554469363
flybrain,0.05,"[0.01, 0.05)","(189.226, 6821.254]",low_nonzero,4850,0.01844248234485578,0.02198059831313735,0.0694220826251355,0.14977122330474132,2.660667877719428,0.6180974066780692
flybrain,0.05,"[0.01, 0.05)","(189.226, 6821.254]",zero,7,0.0,0.01799307211100195,0.0,0.0,0.0,0.0
flybrain,0.05,"[0.01, 0.05)","(51.059, 96.809]",high,1889,0.06547650627021194,0.029503385820443553,0.020683446936744104,0.046300446754355365,1.1173345946598792,0.4357446808510638
flybrain,0.05,"[0.01, 0.05)","(51.059, 96.809]",low_nonzero,1806,0.019018460025445032,0.023104112684834362,0.04026264554479413,0.07092611994189434,1.1549333853907118,0.5176946410515673
flybrain,0.05,"[0.01, 0.05)","(51.059, 96.809]",zero,88,0.0,0.015280719532359833,0.10835726906299613,0.15607469327764908,1.238885169994777,0.9830721113085872
flybrain,0.05,"[0.01, 0.05)","(96.809, 189.226]",high,2806,0.06388304570482028,0.029460034803433722,0.0292935370960829,0.06502081891059709,1.9716892027839812,0.0
flybrain,0.05,"[0.01, 0.05)","(96.809, 189.226]",low_nonzero,3384,0.018392307801379376,0.023535127336362646,0.04128640947510397,0.07878719667819423,2.824657992830742,0.0
flybrain,0.05,"[0.01, 0.05)","(96.809, 189.226]",zero,45,0.0,0.01525587374981353,0.02868028340766099,0.05288290553468361,31.506385948815506,0.0
flybrain,0.05,"[0.05, 0.1)","(-0.001, 51.059]",high,1455,0.1670806971108178,0.0715064154383528,0.01927468274516036,0.045165077851839965,0.9988970381120059,0.6909581646423751
flybrain,0.05,"[0.05, 0.1)","(-0.001, 51.059]",low_nonzero,101,0.02143092963612768,0.06850019605442179,0.027699471916029166,0.06814896104977056,0.958462363515065,0.9159212880143113
flybrain,0.05,"[0.05, 0.1)","(-0.001, 51.059]",zero,4,0.0,0.05932200515533849,0.018353323231372013,0.06375267003484494,6.760563194627235,1.0333215112056882
flybrain,0.05,"[0.05, 0.1)","(189.226, 6821.254]",high,3068,0.09921360461158693,0.07033013398919273,0.09451688118852086,0.19821587903633708,6.895968949656493,0.7293447293447294
flybrain,0.05,"[0.05, 0.1)","(189.226, 6821.254]",low_nonzero,415,0.02388146257370838,0.06521344077465085,0.04445970954020588,0.11494336439280724,2.920015559668646,0.0
flybrain,0.05,"[0.05, 0.1)","(51.059, 96.809]",high,1262,0.08264342946728659,0.07117297521673978,0.05548612626297738,0.08901452591878271,2.4626666111040993,0.5333333333333333
flybrain,0.05,"[0.05, 0.1)","(51.059, 96.809]",low_nonzero,235,0.02211354552002912,0.06620828742559152,0.05945936647227641,0.1141386832790489,1.08534598484395,0.905393457117595
flybrain,0.05,"[0.05, 0.1)","(51.059, 96.809]",zero,3,0.0,0.0540430503961983,0.010396825396825397,0.03442694815188138,1.2436748436748437,1.2436748436748437
flybrain,0.05,"[0.05, 0.1)","(96.809, 189.226]",high,1963,0.0814158535047564,0.07015987593462593,0.03958221008857866,0.07762588684125427,2.6440346984015988,0.0
flybrain,0.05,"[0.05, 0.1)","(96.809, 189.226]",low_nonzero,400,0.023585555298932404,0.064800637020187,0.038769435740679994,0.0738759630312899,1.4734465416376077,0.0
flybrain,0.05,"[0.1, 0.2)","(-0.001, 51.059]",high,695,0.19287481364251083,0.13132765766696147,0.020943014463397226,0.04667113995512631,1.0352077405132663,0.7418139669660968
flybrain,0.05,"[0.1, 0.2)","(-0.001, 51.059]",low_nonzero,17,0.019513223621178345,0.12859893314502255,0.020697661670881905,0.05409898675037872,0.8537809261009073,0.9232163691939792
flybrain,0.05,"[0.1, 0.2)","(-0.001, 51.059]",zero,1,0.0,0.1111111111111111,0.026912181303116147,0.12573135147921113,0.8519880889823086,0.8519880889823086
flybrain,0.05,"[0.1, 0.2)","(189.226, 6821.254]",high,1295,0.156814667106581,0.13523069585947206,0.11963529089584705,0.24618215610657032,7.1235224444652,1.0009775171065494
flybrain,0.05,"[0.1, 0.2)","(189.226, 6821.254]",low_nonzero,43,0.023811915045910056,0.12617586058315647,0.033884294844532446,0.08943454598815506,0.8879684133950141,0.0
flybrain,0.05,"[0.1, 0.2)","(51.059, 96.809]",high,1085,0.11191632277934044,0.13622583405503264,0.29742130206767153,0.35993210393759606,0.9957614672168652,1.0085589622299147
flybrain,0.05,"[0.1, 0.2)","(51.059, 96.809]",low_nonzero,44,0.02500202917886688,0.11925946348633146,0.3463629061495894,0.40907424404547704,0.8977129887287673,1.0088630625169928
flybrain,0.05,"[0.1, 0.2)","(96.809, 189.226]",high,894,0.11991205511792712,0.13495691243557964,0.1270774359683066,0.18380677450864652,1.0755864169025984,0.6475658539784297
flybrain,0.05,"[0.1, 0.2)","(96.809, 189.226]",low_nonzero,28,0.023085542864360157,0.12461793358515601,0.008559530003244258,0.025821697176874707,0.7654120455632201,0.0
flybrain,0.05,"[0.2, 0.3)","(-0.001, 51.059]",high,198,0.26341053368632966,0.237770551262076,0.02111960430052523,0.04792540656511877,2.6245185115923686,0.8827586206896552
flybrain,0.05,"[0.2, 0.3)","(-0.001, 51.059]",low_nonzero,1,0.022727272727272728,0.2,0.050314465408805034,0.09798448905826677,1.228922892289229,1.228922892289229
flybrain,0.05,"[0.2, 0.3)","(189.226, 6821.254]",high,326,0.2198350409682368,0.24264109174370713,0.22923585164524027,0.4077866567597038,7.326538379469037,1.0019569471624266
flybrain,0.05,"[0.2, 0.3)","(189.226, 6821.254]",low_nonzero,1,0.02962962962962963,0.22093023255813954,0.1411764705882353,0.2558327842243781,0.9308503251057383,0.9308503251057383
flybrain,0.05,"[0.2, 0.3)","(51.059, 96.809]",high,312,0.17914897579835762,0.2404819116915933,0.2601941742165179,0.33873721126997514,1.751766639211726,1.009861932938856
flybrain,0.05,"[0.2, 0.3)","(96.809, 189.226]",high,211,0.1883379792239173,0.23288825489818032,0.1650898933751973,0.23580827416841044,1.3117833463646964,0.8757224757224757
flybrain,0.05,"[0.3, 0.4)","(-0.001, 51.059]",high,71,0.3063089810675576,0.34270263637437026,0.02217192026378186,0.04993913358360504,0.9995051532086922,1.0075395349030831
flybrain,0.05,"[0.3, 0.4)","(189.226, 6821.254]",high,116,0.2786776136402823,0.34315798978916306,0.36907650357157273,0.6539124933472147,5.210541577586517,1.0019569471624266
flybrain,0.05,"[0.3, 0.4)","(51.059, 96.809]",high,75,0.24753486129024413,0.33600393043487925,0.04023912351718361,0.07749468090390989,0.7622633881589379,0.6113250432406532
flybrain,0.05,"[0.3, 0.4)","(96.809, 189.226]",high,66,0.1981539645654758,0.3405862313013453,0.0393247628092639,0.06349338725890673,1.6099963842428866,0.0
flybrain,0.05,"[0.4, 0.6)","(-0.001, 51.059]",high,45,0.4276764089126595,0.4858327618008469,0.032480459621862585,0.06595759085338103,1.0873200392069897,1.1428571428571428
flybrain,0.05,"[0.4, 0.6)","(189.226, 6821.254]",high,36,0.43363162486182033,0.45969369246431874,0.5700985829055751,0.7028051428143851,2.4702501220920627,1.0019569471624266
flybrain,0.05,"[0.4, 0.6)","(51.059, 96.809]",high,21,0.4014568482025932,0.47978357186878723,0.4735254116833855,0.5229301033000314,0.9634104510590855,1.023473045351881
flybrain,0.05,"[0.4, 0.6)","(96.809, 189.226]",high,30,0.2964684789713156,0.46301189020857675,0.276481875668849,0.34567568314309055,1.1114030947761981,1.005893909626719
flybrain,0.05,"[0.6, 1.0)","(-0.001, 51.059]",high,25,0.627021645021645,0.8576666666666667,0.021477384385906642,0.0419584088929754,0.7542845929213765,0.7185964912280701
flybrain,0.05,"[0.6, 1.0)","(189.226, 6821.254]",high,4,0.5825307517648949,0.605016314259603,0.9973106323636594,0.9986543884399759,1.001467232134488,1.001467232134488
flybrain,0.05,"[0.6, 1.0)","(51.059, 96.809]",high,7,0.5210649023062894,0.6659367992170532,0.016766996612633832,0.0352834189973835,1.6152268788310684,1.0542210020590255
flybrain,0.05,"[0.6, 1.0)","(96.809, 189.226]",high,3,0.40982606483248335,0.6896616197826607,0.01131243409069121,0.023183542639360052,0.8255943128082214,1.2234169653524491
flybrain,0.1,"[-1e-12, 0.01)","(-0.001, 51.059]",high,1109,0.243944597042166,0.000687793487963328,0.06201432390542268,0.13128326887024797,1.0237705971917157,1.0019091256204657
flybrain,0.1,"[-1e-12, 0.01)","(-0.001, 51.059]",low_nonzero,1153,0.01596282471770853,0.0016253330151669103,0.03432401313591176,0.07670884365517829,1.0004271345222358,0.9387605427209388
flybrain,0.1,"[-1e-12, 0.01)","(-0.001, 51.059]",zero,18024,0.0,5.655956461761066e-05,0.03641136964977515,0.08544545239428279,1.0102913015986243,0.9739130434782609
flybrain,0.1,"[-1e-12, 0.01)","(189.226, 6821.254]",high,919,0.057953341996698375,0.005202727119102584,0.08946050401637216,0.17309752738176065,3.102551183360825,0.9151093477469189
flybrain,0.1,"[-1e-12, 0.01)","(189.226, 6821.254]",low_nonzero,6692,0.009571677278991185,0.0034361971948311835,0.048300969407019285,0.12193277490913128,4.19717409080222,0.9585684167595434
flybrain,0.1,"[-1e-12, 0.01)","(189.226, 6821.254]",zero,2364,0.0,0.00027449491036179383,0.02695045166440845,0.08955804624173125,2.2861616269886302,0.8078637235362689
flybrain,0.1,"[-1e-12, 0.01)","(51.059, 96.809]",high,547,0.0535994397200718,0.00363530720265493,0.030743160253546568,0.06922880065309818,0.9265568705511765,0.9126559714795008
flybrain,0.1,"[-1e-12, 0.01)","(51.059, 96.809]",low_nonzero,3002,0.012286515397098083,0.0024337496208823,0.03153868615647196,0.0703177289443115,1.0814731107586026,0.9072384229980559
flybrain,0.1,"[-1e-12, 0.01)","(51.059, 96.809]",zero,14625,0.0,0.00015654325796504712,0.030422008946372682,0.08134015106046259,1.2377304006736336,0.9467163866120841
flybrain,0.1,"[-1e-12, 0.01)","(96.809, 189.226]",high,622,0.057937546595293085,0.004277960706617515,0.04748140586303982,0.10345839754823437,1.2060009122100992,0.9301480606776273
flybrain,0.1,"[-1e-12, 0.01)","(96.809, 189.226]",low_nonzero,4633,0.010463743638007767,0.002817291474058002,0.0343166160030631,0.08079223215910869,1.3636746985103851,0.8774635818337618
flybrain,0.1,"[-1e-12, 0.01)","(96.809, 189.226]",zero,9910,0.0,0.00018151886605720304,0.028721157528064836,0.08414913036151492,1.9072297763728505,0.9191270072057502
flybrain,0.1,"[0.01, 0.05)","(-0.001, 51.059]",high,1396,0.10117175208019814,0.029617144737449343,0.04270601864856481,0.10076644447751472,1.0959565985356468,0.9726443768996961
flybrain,0.1,"[0.01, 0.05)","(-0.001, 51.059]",low_nonzero,616,0.019744711740172838,0.02224787495309199,0.03471185773902081,0.07810409358400341,1.1050868474153694,0.9687337401258218
flybrain,0.1,"[0.01, 0.05)","(-0.001, 51.059]",zero,93,0.0,0.01829727888519325,0.029510326160196696,0.06446916805427905,1.0006029051598104,0.914257730135626
flybrain,0.1,"[0.01, 0.05)","(189.226, 6821.254]",high,4864,0.07004745378938194,0.02943193246435256,0.10640169354006408,0.20321697355581794,6.937849482351553,0.9774545454545455
flybrain,0.1,"[0.01, 0.05)","(189.226, 6821.254]",low_nonzero,4850,0.01844248234485578,0.02198059831313735,0.08677105698772385,0.1700788565183365,4.761273741220738,0.9615253015418715
flybrain,0.1,"[0.01, 0.05)","(189.226, 6821.254]",zero,7,0.0,0.01799307211100195,0.003601440576230492,0.01992399106356956,0.5419901199717714,0.0
flybrain,0.1,"[0.01, 0.05)","(51.059, 96.809]",high,1889,0.06547650627021194,0.029503385820443553,0.03677813925631696,0.07425049823103352,1.3357411471312781,0.9156482861400894
flybrain,0.1,"[0.01, 0.05)","(51.059, 96.809]",low_nonzero,1806,0.019018460025445032,0.023104112684834362,0.060003394471874576,0.10145284783323712,1.4411140761779633,0.9665321749765692
flybrain,0.1,"[0.01, 0.05)","(51.059, 96.809]",zero,88,0.0,0.015280719532359833,0.1281661375083349,0.16414592464459912,1.2016337641399162,0.8841082902701045
flybrain,0.1,"[0.01, 0.05)","(96.809, 189.226]",high,2806,0.06388304570482028,0.029460034803433722,0.044998050239705746,0.09118480792691123,1.8734068177308976,0.8858770141925891
flybrain,0.1,"[0.01, 0.05)","(96.809, 189.226]",low_nonzero,3384,0.018392307801379376,0.023535127336362646,0.056060568747152394,0.10349023021099238,1.1847403048061373,0.911718375453736
flybrain,0.1,"[0.01, 0.05)","(96.809, 189.226]",zero,45,0.0,0.01525587374981353,0.02014777105289284,0.055952486538596045,2.15516238333136,0.9481481481481482
flybrain,0.1,"[0.05, 0.1)","(-0.001, 51.059]",high,1455,0.1670806971108178,0.0715064154383528,0.037042563008094886,0.07935013287207611,1.210437927117294,0.9527691626052281
flybrain,0.1,"[0.05, 0.1)","(-0.001, 51.059]",low_nonzero,101,0.02143092963612768,0.06850019605442179,0.053283762427045724,0.11458123238762762,1.29746421991043,1.0088669950738915
flybrain,0.1,"[0.05, 0.1)","(-0.001, 51.059]",zero,4,0.0,0.05932200515533849,0.04205872252747253,0.10946602359638045,1.3648683846587388,1.4550966275104207
flybrain,0.1,"[0.05, 0.1)","(189.226, 6821.254]",high,3068,0.09921360461158693,0.07033013398919273,0.11128133309339275,0.20600173571851385,11.377554281777789,0.9521155009942077
flybrain,0.1,"[0.05, 0.1)","(189.226, 6821.254]",low_nonzero,415,0.02388146257370838,0.06521344077465085,0.05475347821764366,0.12954076981426865,1.8858205164742126,0.797576550089339
flybrain,0.1,"[0.05, 0.1)","(51.059, 96.809]",high,1262,0.08264342946728659,0.07117297521673978,0.07319920532664816,0.1125186048632173,1.1006663873890257,0.9559245564892624
flybrain,0.1,"[0.05, 0.1)","(51.059, 96.809]",low_nonzero,235,0.02211354552002912,0.06620828742559152,0.08496460982453632,0.14439655461733727,1.0243331524159556,0.999459311214036
flybrain,0.1,"[0.05, 0.1)","(51.059, 96.809]",zero,3,0.0,0.0540430503961983,0.030804084668965986,0.06792044812040406,1.1155169082125604,1.298550724637681
flybrain,0.1,"[0.05, 0.1)","(96.809, 189.226]",high,1963,0.0814158535047564,0.07015987593462593,0.05513232942461477,0.10024916086279025,1.222535629822691,0.8367255979794979
flybrain,0.1,"[0.05, 0.1)","(96.809, 189.226]",low_nonzero,400,0.023585555298932404,0.064800637020187,0.05566431260481867,0.10043505049079578,1.8250517652062082,0.9646843118467384
flybrain,0.1,"[0.1, 0.2)","(-0.001, 51.059]",high,695,0.19287481364251083,0.13132765766696147,0.04015068742593925,0.08173999570613202,1.0366040125101021,0.9595117950103373
flybrain,0.1,"[0.1, 0.2)","(-0.001, 51.059]",low_nonzero,17,0.019513223621178345,0.12859893314502255,0.034002934908228755,0.0761842213012408,0.6974687391378399,0.9024472917090367
flybrain,0.1,"[0.1, 0.2)","(-0.001, 51.059]",zero,1,0.0,0.1111111111111111,0.07320261437908497,0.24114644835344085,1.063343717549325,1.063343717549325
flybrain,0.1,"[0.1, 0.2)","(189.226, 6821.254]",high,1295,0.156814667106581,0.13523069585947206,0.1482405542777447,0.26512636879302526,10.68385431859909,1.0009775171065494
flybrain,0.1,"[0.1, 0.2)","(189.226, 6821.254]",low_nonzero,43,0.023811915045910056,0.12617586058315647,0.04779338485032779,0.14886414582294294,6.6729985588726,0.9890966554875464
flybrain,0.1,"[0.1, 0.2)","(51.059, 96.809]",high,1085,0.11191632277934044,0.13622583405503264,0.3293232119775789,0.3835111659430001,0.9742692360105945,1.0058909862388654
flybrain,0.1,"[0.1, 0.2)","(51.059, 96.809]",low_nonzero,44,0.02500202917886688,0.11925946348633146,0.38361637501146223,0.4842480723753552,0.9235602000277074,1.0066168578525163
flybrain,0.1,"[0.1, 0.2)","(96.809, 189.226]",high,894,0.11991205511792712,0.13495691243557964,0.1486991413724491,0.20113265155460236,1.7082918366953213,0.917974002689377
flybrain,0.1,"[0.1, 0.2)","(96.809, 189.226]",low_nonzero,28,0.023085542864360157,0.12461793358515601,0.013829976825378088,0.04676791698236417,1.6593916095727257,0.39890923256719907
flybrain,0.1,"[0.2, 0.3)","(-0.001, 51.059]",high,198,0.26341053368632966,0.237770551262076,0.042081352196151466,0.08268257681901021,0.8433570850868982,0.90014064697609
flybrain,0.1,"[0.2, 0.3)","(-0.001, 51.059]",low_nonzero,1,0.022727272727272728,0.2,0.10364145658263306,0.18960651426599467,0.9949579831932773,0.9949579831932773
flybrain,0.1,"[0.2, 0.3)","(189.226, 6821.254]",high,326,0.2198350409682368,0.24264109174370713,0.2490930441720765,0.40670310691292233,13.232294268034137,1.0009775171065494
flybrain,0.1,"[0.2, 0.3)","(189.226, 6821.254]",low_nonzero,1,0.02962962962962963,0.22093023255813954,0.2121684867394696,0.36090398528689516,0.9807185814284306,0.9807185814284306
flybrain,0.1,"[0.2, 0.3)","(51.059, 96.809]",high,312,0.17914897579835762,0.2404819116915933,0.3015720028703519,0.36515681876068606,1.09000465982275,1.0058880570963111
flybrain,0.1,"[0.2, 0.3)","(96.809, 189.226]",high,211,0.1883379792239173,0.23288825489818032,0.17838193306860128,0.2378692075224334,3.1078543367217804,0.9606003752345216
flybrain,0.1,"[0.3, 0.4)","(-0.001, 51.059]",high,71,0.3063089810675576,0.34270263637437026,0.05057617672586151,0.09889144038655266,1.2875689840835853,0.9659075596280825
flybrain,0.1,"[0.3, 0.4)","(189.226, 6821.254]",high,116,0.2786776136402823,0.34315798978916306,0.40815923759365663,0.6856783222837777,30.03105306737735,1.0019569471624266
flybrain,0.1,"[0.3, 0.4)","(51.059, 96.809]",high,75,0.24753486129024413,0.33600393043487925,0.06793324862068882,0.1147574938669946,1.4950413020411903,1.0093703058013443
flybrain,0.1,"[0.3, 0.4)","(96.809, 189.226]",high,66,0.1981539645654758,0.3405862313013453,0.0458603297531691,0.0767823165801406,0.6759837873548584,0.0
flybrain,0.1,"[0.4, 0.6)","(-0.001, 51.059]",high,45,0.4276764089126595,0.4858327618008469,0.06956617211173521,0.1370170504534748,1.004379423197956,0.9686486486486486
flybrain,0.1,"[0.4, 0.6)","(189.226, 6821.254]",high,36,0.43363162486182033,0.45969369246431874,0.6042681738165512,0.7139479031113665,6.889599121317766,1.0019569471624266
flybrain,0.1,"[0.4, 0.6)","(51.059, 96.809]",high,21,0.4014568482025932,0.47978357186878723,0.4948176451935751,0.5298871694047833,0.9360287452836409,1.0108309508656683
flybrain,0.1,"[0.4, 0.6)","(96.809, 189.226]",high,30,0.2964684789713156,0.46301189020857675,0.2848232574820148,0.3371719015406376,1.0571884052480318,1.0029373317954633
flybrain,0.1,"[0.6, 1.0)","(-0.001, 51.059]",high,25,0.627021645021645,0.8576666666666667,0.054996276456126314,0.10430272216358852,0.985691431481391,0.9980506822612085
flybrain,0.1,"[0.6, 1.0)","(189.226, 6821.254]",high,4,0.5825307517648949,0.605016314259603,0.9973134985184506,0.9986557038584039,1.0004887585532747,1.0004887585532747
flybrain,0.1,"[0.6, 1.0)","(51.059, 96.809]",high,7,0.5210649023062894,0.6659367992170532,0.02414424011362787,0.04857542337173816,1.1167177741506036,0.9309090909090909
flybrain,0.1,"[0.6, 1.0)","(96.809, 189.226]",high,3,0.40982606483248335,0.6896616197826607,0.01773306311522872,0.03655085778832732,0.46053952374845025,0.5936231884057971
